cluster_id,model,stage_id,observable,bin_index,k,P_stage,P_gr,D_P
Abell2744,C10,S00,,0,1.0946035575013604,1994.7591150598266,1994.7591150598266,0.0
Abell2744,C10,S00,,1,1.301710338687908,0.0,0.0,0.0
Abell2744,C10,S00,,2,1.548003196440262,0.0,0.0,0.0
Abell2744,C10,S00,,3,1.8408964152537144,0.0,0.0,0.0
Abell2744,C10,S00,,4,2.189207115002721,664.5104358712582,664.5104358712582,0.0
Abell2744,C10,S00,,5,2.6034206773758157,0.0,0.0,0.0
Abell2744,C10,S00,,6,3.0960063928805237,363.1366324374952,363.1366324374952,0.0
Abell2744,C10,S00,,7,3.681792830507429,0.0,0.0,0.0
Abell2744,C10,S00,,8,4.378414230005442,232.85454403178508,232.85454403178508,0.0
Abell2744,C10,S00,,9,5.206841354751632,193.66643517503968,193.66643517503968,0.0
Abell2744,C10,S00,,10,6.192012785761049,144.85589420492346,144.85589420492346,0.0
Abell2744,C10,S00,,11,7.363585661014858,106.91448102581904,106.91448102581904,0.0
Abell2744,C10,S00,,12,8.756828460010883,72.93039364697736,72.93039364697736,0.0
Abell2744,C10,S00,,13,10.413682709503263,41.62619108369093,41.62619108369093,0.0
Abell2744,C10,S00,,14,12.384025571522095,38.26286210197192,38.26286210197192,0.0
Abell2744,C10,S00,,15,14.727171322029715,29.92416048316869,29.92416048316869,0.0
Abell2744,C10,S00,,16,17.513656920021766,14.089999696768968,14.089999696768968,0.0
Abell2744,C10,S00,,17,20.82736541900653,6.925606466689477,6.925606466689477,0.0
Abell2744,C10,S00,,18,24.768051143044197,4.241879994185346,4.241879994185346,0.0
Abell2744,C10,S00,,19,29.454342644059437,1.7627226752381315,1.7627226752381315,0.0
Abell2744,C10,S01,,0,1.0946035575013604,64.63019532793837,1994.7591150598266,1.2899058589545649
Abell2744,C10,S01,,1,1.301710338687908,0.0,0.0,1.2899058589545649
Abell2744,C10,S01,,2,1.548003196440262,0.0,0.0,1.2899058589545649
Abell2744,C10,S01,,3,1.8408964152537144,0.0,0.0,1.2899058589545649
Abell2744,C10,S01,,4,2.189207115002721,21.530138122228763,664.5104358712582,1.2899058589545649
Abell2744,C10,S01,,5,2.6034206773758157,0.0,0.0,1.2899058589545649
Abell2744,C10,S01,,6,3.0960063928805237,11.76562689097484,363.1366324374952,1.2899058589545649
Abell2744,C10,S01,,7,3.681792830507429,0.0,0.0,1.2899058589545649
Abell2744,C10,S01,,8,4.378414230005442,7.544487226629837,232.85454403178508,1.2899058589545649
Abell2744,C10,S01,,9,5.206841354751632,6.2747924996712845,193.66643517503968,1.2899058589545649
Abell2744,C10,S01,,10,6.192012785761049,4.693330972239519,144.85589420492346,1.2899058589545649
Abell2744,C10,S01,,11,7.363585661014858,3.4640291852365386,106.91448102581904,1.2899058589545649
Abell2744,C10,S01,,12,8.756828460010883,2.3629447541620676,72.93039364697736,1.2899058589545649
Abell2744,C10,S01,,13,10.413682709503263,1.3486885911115856,41.62619108369093,1.2899058589545649
Abell2744,C10,S01,,14,12.384025571522095,1.2397167321038902,38.26286210197192,1.2899058589545649
Abell2744,C10,S01,,15,14.727171322029715,0.9695427996546654,29.92416048316869,1.2899058589545649
Abell2744,C10,S01,,16,17.513656920021766,0.4565159901753146,14.089999696768968,1.2899058589545649
Abell2744,C10,S01,,17,20.82736541900653,0.224389649520739,6.925606466689477,1.2899058589545649
Abell2744,C10,S01,,18,24.768051143044197,0.1374369118116052,4.241879994185346,1.2899058589545649
Abell2744,C10,S01,,19,29.454342644059437,0.05711221467771543,1.7627226752381315,1.2899058589545649
Abell2744,C10,S02,,0,1.0946035575013604,77.95005156003792,1994.7591150598266,0.9222984354583112
Abell2744,C10,S02,,1,1.301710338687908,0.0,0.0,0.9222984354583112
Abell2744,C10,S02,,2,1.548003196440262,0.0,0.0,0.9222984354583112
Abell2744,C10,S02,,3,1.8408964152537144,0.0,0.0,0.9222984354583112
Abell2744,C10,S02,,4,2.189207115002721,33.48827302640426,664.5104358712582,0.9222984354583112
Abell2744,C10,S02,,5,2.6034206773758157,0.0,0.0,0.9222984354583112
Abell2744,C10,S02,,6,3.0960063928805237,35.82856113204281,363.1366324374952,0.9222984354583112
Abell2744,C10,S02,,7,3.681792830507429,0.0,0.0,0.9222984354583112
Abell2744,C10,S02,,8,4.378414230005442,22.298300167327863,232.85454403178508,0.9222984354583112
Abell2744,C10,S02,,9,5.206841354751632,11.340726325923166,193.66643517503968,0.9222984354583112
Abell2744,C10,S02,,10,6.192012785761049,8.27296959278667,144.85589420492346,0.9222984354583112
Abell2744,C10,S02,,11,7.363585661014858,9.247277612292102,106.91448102581904,0.9222984354583112
Abell2744,C10,S02,,12,8.756828460010883,5.323437267219755,72.93039364697736,0.9222984354583112
Abell2744,C10,S02,,13,10.413682709503263,3.2782472936839486,41.62619108369093,0.9222984354583112
Abell2744,C10,S02,,14,12.384025571522095,3.034049425681949,38.26286210197192,0.9222984354583112
Abell2744,C10,S02,,15,14.727171322029715,2.0665982163268244,29.92416048316869,0.9222984354583112
Abell2744,C10,S02,,16,17.513656920021766,1.5410588361215933,14.089999696768968,0.9222984354583112
Abell2744,C10,S02,,17,20.82736541900653,1.2314388201922066,6.925606466689477,0.9222984354583112
Abell2744,C10,S02,,18,24.768051143044197,0.9733286446240068,4.241879994185346,0.9222984354583112
Abell2744,C10,S02,,19,29.454342644059437,0.7503093799983281,1.7627226752381315,0.9222984354583112
Abell2744,C10,C10-S03,,0,1.0946035575013604,547.2461367666959,1994.7591150598266,0.5934822646010102
Abell2744,C10,C10-S03,,1,1.301710338687908,0.0,0.0,0.5934822646010102
Abell2744,C10,C10-S03,,2,1.548003196440262,0.0,0.0,0.5934822646010102
Abell2744,C10,C10-S03,,3,1.8408964152537144,0.0,0.0,0.5934822646010102
Abell2744,C10,C10-S03,,4,2.189207115002721,517.6578686653211,664.5104358712582,0.5934822646010102
Abell2744,C10,C10-S03,,5,2.6034206773758157,0.0,0.0,0.5934822646010102
Abell2744,C10,C10-S03,,6,3.0960063928805237,414.24175081957964,363.1366324374952,0.5934822646010102
Abell2744,C10,C10-S03,,7,3.681792830507429,0.0,0.0,0.5934822646010102
Abell2744,C10,C10-S03,,8,4.378414230005442,296.09799043876825,232.85454403178508,0.5934822646010102
Abell2744,C10,C10-S03,,9,5.206841354751632,210.37948790790762,193.66643517503968,0.5934822646010102
Abell2744,C10,C10-S03,,10,6.192012785761049,232.85690968674012,144.85589420492346,0.5934822646010102
Abell2744,C10,C10-S03,,11,7.363585661014858,260.9047521014429,106.91448102581904,0.5934822646010102
Abell2744,C10,C10-S03,,12,8.756828460010883,163.80110353400687,72.93039364697736,0.5934822646010102
Abell2744,C10,C10-S03,,13,10.413682709503263,179.83404615315303,41.62619108369093,0.5934822646010102
Abell2744,C10,C10-S03,,14,12.384025571522095,185.2411514016849,38.26286210197192,0.5934822646010102
Abell2744,C10,C10-S03,,15,14.727171322029715,154.6391574191008,29.92416048316869,0.5934822646010102
Abell2744,C10,C10-S03,,16,17.513656920021766,133.48345054739974,14.089999696768968,0.5934822646010102
Abell2744,C10,C10-S03,,17,20.82736541900653,101.42880971132666,6.925606466689477,0.5934822646010102
Abell2744,C10,C10-S03,,18,24.768051143044197,61.611104528056146,4.241879994185346,0.5934822646010102
Abell2744,C10,C10-S03,,19,29.454342644059437,25.358787845537126,1.7627226752381315,0.5934822646010102
Abell2744,C10,C10-S04,,0,1.0946035575013604,15.961733537198462,1994.7591150598266,0.9407572923984018
Abell2744,C10,C10-S04,,1,1.301710338687908,0.0,0.0,0.9407572923984018
Abell2744,C10,C10-S04,,2,1.548003196440262,0.0,0.0,0.9407572923984018
Abell2744,C10,C10-S04,,3,1.8408964152537144,0.0,0.0,0.9407572923984018
Abell2744,C10,C10-S04,,4,2.189207115002721,11.60523145749431,664.5104358712582,0.9407572923984018
Abell2744,C10,C10-S04,,5,2.6034206773758157,0.0,0.0,0.9407572923984018
Abell2744,C10,C10-S04,,6,3.0960063928805237,10.687288753318366,363.1366324374952,0.9407572923984018
Abell2744,C10,C10-S04,,7,3.681792830507429,0.0,0.0,0.9407572923984018
Abell2744,C10,C10-S04,,8,4.378414230005442,15.534253095589767,232.85454403178508,0.9407572923984018
Abell2744,C10,C10-S04,,9,5.206841354751632,23.807872973097012,193.66643517503968,0.9407572923984018
Abell2744,C10,C10-S04,,10,6.192012785761049,22.053552120597022,144.85589420492346,0.9407572923984018
Abell2744,C10,C10-S04,,11,7.363585661014858,19.23613948876351,106.91448102581904,0.9407572923984018
Abell2744,C10,C10-S04,,12,8.756828460010883,16.39350514835635,72.93039364697736,0.9407572923984018
Abell2744,C10,C10-S04,,13,10.413682709503263,9.739297659807509,41.62619108369093,0.9407572923984018
Abell2744,C10,C10-S04,,14,12.384025571522095,9.447327822435003,38.26286210197192,0.9407572923984018
Abell2744,C10,C10-S04,,15,14.727171322029715,7.514895286367121,29.92416048316869,0.9407572923984018
Abell2744,C10,C10-S04,,16,17.513656920021766,2.9852868620529343,14.089999696768968,0.9407572923984018
Abell2744,C10,C10-S04,,17,20.82736541900653,1.241902666160598,6.925606466689477,0.9407572923984018
Abell2744,C10,C10-S04,,18,24.768051143044197,0.41135829913958344,4.241879994185346,0.9407572923984018
Abell2744,C10,C10-S04,,19,29.454342644059437,0.2111014839486558,1.7627226752381315,0.9407572923984018
Abell2744,C10,C10-S05,,0,1.0946035575013604,0.7862231119978599,1994.7591150598266,1.5995677754166304
Abell2744,C10,C10-S05,,1,1.301710338687908,0.0,0.0,1.5995677754166304
Abell2744,C10,C10-S05,,2,1.548003196440262,0.0,0.0,1.5995677754166304
Abell2744,C10,C10-S05,,3,1.8408964152537144,0.0,0.0,1.5995677754166304
Abell2744,C10,C10-S05,,4,2.189207115002721,0.8101132576637056,664.5104358712582,1.5995677754166304
Abell2744,C10,C10-S05,,5,2.6034206773758157,0.0,0.0,1.5995677754166304
Abell2744,C10,C10-S05,,6,3.0960063928805237,0.8023035514635979,363.1366324374952,1.5995677754166304
Abell2744,C10,C10-S05,,7,3.681792830507429,0.0,0.0,1.5995677754166304
Abell2744,C10,C10-S05,,8,4.378414230005442,0.9806048477688446,232.85454403178508,1.5995677754166304
Abell2744,C10,C10-S05,,9,5.206841354751632,2.211729275723624,193.66643517503968,1.5995677754166304
Abell2744,C10,C10-S05,,10,6.192012785761049,2.205951132181071,144.85589420492346,1.5995677754166304
Abell2744,C10,C10-S05,,11,7.363585661014858,2.3076481251920113,106.91448102581904,1.5995677754166304
Abell2744,C10,C10-S05,,12,8.756828460010883,2.9569902277877755,72.93039364697736,1.5995677754166304
Abell2744,C10,C10-S05,,13,10.413682709503263,2.329469889305961,41.62619108369093,1.5995677754166304
Abell2744,C10,C10-S05,,14,12.384025571522095,3.168716740373442,38.26286210197192,1.5995677754166304
Abell2744,C10,C10-S05,,15,14.727171322029715,3.157617199448576,29.92416048316869,1.5995677754166304
Abell2744,C10,C10-S05,,16,17.513656920021766,1.97029037645715,14.089999696768968,1.5995677754166304
Abell2744,C10,C10-S05,,17,20.82736541900653,0.9898165914126485,6.925606466689477,1.5995677754166304
Abell2744,C10,C10-S05,,18,24.768051143044197,0.5265394843118374,4.241879994185346,1.5995677754166304
Abell2744,C10,C10-S05,,19,29.454342644059437,0.2754044318955402,1.7627226752381315,1.5995677754166304
Abell2744,C10,C10-S06,,0,1.0946035575013604,15.961733537198462,1994.7591150598266,0.9407572923984018
Abell2744,C10,C10-S06,,1,1.301710338687908,0.0,0.0,0.9407572923984018
Abell2744,C10,C10-S06,,2,1.548003196440262,0.0,0.0,0.9407572923984018
Abell2744,C10,C10-S06,,3,1.8408964152537144,0.0,0.0,0.9407572923984018
Abell2744,C10,C10-S06,,4,2.189207115002721,11.60523145749431,664.5104358712582,0.9407572923984018
Abell2744,C10,C10-S06,,5,2.6034206773758157,0.0,0.0,0.9407572923984018
Abell2744,C10,C10-S06,,6,3.0960063928805237,10.687288753318366,363.1366324374952,0.9407572923984018
Abell2744,C10,C10-S06,,7,3.681792830507429,0.0,0.0,0.9407572923984018
Abell2744,C10,C10-S06,,8,4.378414230005442,15.534253095589767,232.85454403178508,0.9407572923984018
Abell2744,C10,C10-S06,,9,5.206841354751632,23.807872973097012,193.66643517503968,0.9407572923984018
Abell2744,C10,C10-S06,,10,6.192012785761049,22.053552120597022,144.85589420492346,0.9407572923984018
Abell2744,C10,C10-S06,,11,7.363585661014858,19.23613948876351,106.91448102581904,0.9407572923984018
Abell2744,C10,C10-S06,,12,8.756828460010883,16.39350514835635,72.93039364697736,0.9407572923984018
Abell2744,C10,C10-S06,,13,10.413682709503263,9.739297659807509,41.62619108369093,0.9407572923984018
Abell2744,C10,C10-S06,,14,12.384025571522095,9.447327822435003,38.26286210197192,0.9407572923984018
Abell2744,C10,C10-S06,,15,14.727171322029715,7.514895286367121,29.92416048316869,0.9407572923984018
Abell2744,C10,C10-S06,,16,17.513656920021766,2.9852868620529343,14.089999696768968,0.9407572923984018
Abell2744,C10,C10-S06,,17,20.82736541900653,1.241902666160598,6.925606466689477,0.9407572923984018
Abell2744,C10,C10-S06,,18,24.768051143044197,0.41135829913958344,4.241879994185346,0.9407572923984018
Abell2744,C10,C10-S06,,19,29.454342644059437,0.2111014839486558,1.7627226752381315,0.9407572923984018
Abell2744,C10,S13_P0,,0,1.0946035575013604,37.03453758115388,1994.7591150598266,1.1530779727310998
Abell2744,C10,S13_P0,,1,1.301710338687908,0.0,0.0,1.1530779727310998
Abell2744,C10,S13_P0,,2,1.548003196440262,0.0,0.0,1.1530779727310998
Abell2744,C10,S13_P0,,3,1.8408964152537144,0.0,0.0,1.1530779727310998
Abell2744,C10,S13_P0,,4,2.189207115002721,23.157195547446427,664.5104358712582,1.1530779727310998
Abell2744,C10,S13_P0,,5,2.6034206773758157,0.0,0.0,1.1530779727310998
Abell2744,C10,S13_P0,,6,3.0960063928805237,17.035880581868184,363.1366324374952,1.1530779727310998
Abell2744,C10,S13_P0,,7,3.681792830507429,0.0,0.0,1.1530779727310998
Abell2744,C10,S13_P0,,8,4.378414230005442,11.124443788446143,232.85454403178508,1.1530779727310998
Abell2744,C10,S13_P0,,9,5.206841354751632,4.437508182337714,193.66643517503968,1.1530779727310998
Abell2744,C10,S13_P0,,10,6.192012785761049,3.990912557786287,144.85589420492346,1.1530779727310998
Abell2744,C10,S13_P0,,11,7.363585661014858,4.3161471930110435,106.91448102581904,1.1530779727310998
Abell2744,C10,S13_P0,,12,8.756828460010883,2.680846318863492,72.93039364697736,1.1530779727310998
Abell2744,C10,S13_P0,,13,10.413682709503263,1.8279578252056825,41.62619108369093,1.1530779727310998
Abell2744,C10,S13_P0,,14,12.384025571522095,1.748891358205265,38.26286210197192,1.1530779727310998
Abell2744,C10,S13_P0,,15,14.727171322029715,1.220958276542372,29.92416048316869,1.1530779727310998
Abell2744,C10,S13_P0,,16,17.513656920021766,1.1322181605548602,14.089999696768968,1.1530779727310998
Abell2744,C10,S13_P0,,17,20.82736541900653,0.8809061063483092,6.925606466689477,1.1530779727310998
Abell2744,C10,S13_P0,,18,24.768051143044197,0.5931071948869211,4.241879994185346,1.1530779727310998
Abell2744,C10,S13_P0,,19,29.454342644059437,0.32659230255444466,1.7627226752381315,1.1530779727310998
Abell2744,C10,S13_P3,,0,1.0946035575013604,0.0689463477921271,1994.7591150598266,2.2272799502490668
Abell2744,C10,S13_P3,,1,1.301710338687908,0.0,0.0,2.2272799502490668
Abell2744,C10,S13_P3,,2,1.548003196440262,0.0,0.0,2.2272799502490668
Abell2744,C10,S13_P3,,3,1.8408964152537144,0.0,0.0,2.2272799502490668
Abell2744,C10,S13_P3,,4,2.189207115002721,0.1586962262751902,664.5104358712582,2.2272799502490668
Abell2744,C10,S13_P3,,5,2.6034206773758157,0.0,0.0,2.2272799502490668
Abell2744,C10,S13_P3,,6,3.0960063928805237,0.10062242151389286,363.1366324374952,2.2272799502490668
Abell2744,C10,S13_P3,,7,3.681792830507429,0.0,0.0,2.2272799502490668
Abell2744,C10,S13_P3,,8,4.378414230005442,0.30650403148098415,232.85454403178508,2.2272799502490668
Abell2744,C10,S13_P3,,9,5.206841354751632,0.2085811020047646,193.66643517503968,2.2272799502490668
Abell2744,C10,S13_P3,,10,6.192012785761049,0.2865544283200871,144.85589420492346,2.2272799502490668
Abell2744,C10,S13_P3,,11,7.363585661014858,0.35827836597246404,106.91448102581904,2.2272799502490668
Abell2744,C10,S13_P3,,12,8.756828460010883,0.340226053735412,72.93039364697736,2.2272799502490668
Abell2744,C10,S13_P3,,13,10.413682709503263,0.4424214716759404,41.62619108369093,2.2272799502490668
Abell2744,C10,S13_P3,,14,12.384025571522095,0.5053350088135058,38.26286210197192,2.2272799502490668
Abell2744,C10,S13_P3,,15,14.727171322029715,0.5061518651307594,29.92416048316869,2.2272799502490668
Abell2744,C10,S13_P3,,16,17.513656920021766,0.35436473732595763,14.089999696768968,2.2272799502490668
Abell2744,C10,S13_P3,,17,20.82736541900653,0.30575496527725515,6.925606466689477,2.2272799502490668
Abell2744,C10,S13_P3,,18,24.768051143044197,0.23784206806743433,4.241879994185346,2.2272799502490668
Abell2744,C10,S13_P3,,19,29.454342644059437,0.16882034483127303,1.7627226752381315,2.2272799502490668
Abell2744,C10,S13_P4,,0,1.0946035575013604,30.611446774248755,1994.7591150598266,1.166512405521825
Abell2744,C10,S13_P4,,1,1.301710338687908,0.0,0.0,1.166512405521825
Abell2744,C10,S13_P4,,2,1.548003196440262,0.0,0.0,1.166512405521825
Abell2744,C10,S13_P4,,3,1.8408964152537144,0.0,0.0,1.166512405521825
Abell2744,C10,S13_P4,,4,2.189207115002721,20.800644405639233,664.5104358712582,1.166512405521825
Abell2744,C10,S13_P4,,5,2.6034206773758157,0.0,0.0,1.166512405521825
Abell2744,C10,S13_P4,,6,3.0960063928805237,14.1954967546435,363.1366324374952,1.166512405521825
Abell2744,C10,S13_P4,,7,3.681792830507429,0.0,0.0,1.166512405521825
Abell2744,C10,S13_P4,,8,4.378414230005442,9.022717628182802,232.85454403178508,1.166512405521825
Abell2744,C10,S13_P4,,9,5.206841354751632,3.6331744535802373,193.66643517503968,1.166512405521825
Abell2744,C10,S13_P4,,10,6.192012785761049,3.6311165578270206,144.85589420492346,1.166512405521825
Abell2744,C10,S13_P4,,11,7.363585661014858,4.282248499191501,106.91448102581904,1.166512405521825
Abell2744,C10,S13_P4,,12,8.756828460010883,2.8582259455064567,72.93039364697736,1.166512405521825
Abell2744,C10,S13_P4,,13,10.413682709503263,1.9569155279368649,41.62619108369093,1.166512405521825
Abell2744,C10,S13_P4,,14,12.384025571522095,1.8612053707899676,38.26286210197192,1.166512405521825
Abell2744,C10,S13_P4,,15,14.727171322029715,1.1979229074052085,29.92416048316869,1.166512405521825
Abell2744,C10,S13_P4,,16,17.513656920021766,1.1583721096164328,14.089999696768968,1.166512405521825
Abell2744,C10,S13_P4,,17,20.82736541900653,1.030341324283026,6.925606466689477,1.166512405521825
Abell2744,C10,S13_P4,,18,24.768051143044197,0.7409868885924843,4.241879994185346,1.166512405521825
Abell2744,C10,S13_P4,,19,29.454342644059437,0.46678475924715773,1.7627226752381315,1.166512405521825
Abell2744,C10,S19,kappa,0,1.0946035575013604,2.0996125963654118,1994.7591150598266,1.079781530064064
Abell2744,C10,S19,kappa,1,1.301710338687908,0.0,0.0,1.079781530064064
Abell2744,C10,S19,kappa,2,1.548003196440262,0.0,0.0,1.079781530064064
Abell2744,C10,S19,kappa,3,1.8408964152537144,0.0,0.0,1.079781530064064
Abell2744,C10,S19,kappa,4,2.189207115002721,4.124269381903009,664.5104358712582,1.079781530064064
Abell2744,C10,S19,kappa,5,2.6034206773758157,0.0,0.0,1.079781530064064
Abell2744,C10,S19,kappa,6,3.0960063928805237,3.179529090070899,363.1366324374952,1.079781530064064
Abell2744,C10,S19,kappa,7,3.681792830507429,0.0,0.0,1.079781530064064
Abell2744,C10,S19,kappa,8,4.378414230005442,7.487234255253372,232.85454403178508,1.079781530064064
Abell2744,C10,S19,kappa,9,5.206841354751632,16.030832561624955,193.66643517503968,1.079781530064064
Abell2744,C10,S19,kappa,10,6.192012785761049,26.10747766205888,144.85589420492346,1.079781530064064
Abell2744,C10,S19,kappa,11,7.363585661014858,19.982371638341174,106.91448102581904,1.079781530064064
Abell2744,C10,S19,kappa,12,8.756828460010883,16.75712319983474,72.93039364697736,1.079781530064064
Abell2744,C10,S19,kappa,13,10.413682709503263,11.000846014067447,41.62619108369093,1.079781530064064
Abell2744,C10,S19,kappa,14,12.384025571522095,23.92947211560985,38.26286210197192,1.079781530064064
Abell2744,C10,S19,kappa,15,14.727171322029715,20.62278148569588,29.92416048316869,1.079781530064064
Abell2744,C10,S19,kappa,16,17.513656920021766,15.93319501791013,14.089999696768968,1.079781530064064
Abell2744,C10,S19,kappa,17,20.82736541900653,9.784987780024096,6.925606466689477,1.079781530064064
Abell2744,C10,S19,kappa,18,24.768051143044197,3.9523401337461967,4.241879994185346,1.079781530064064
Abell2744,C10,S19,kappa,19,29.454342644059437,2.5601029751482747,1.7627226752381315,1.079781530064064
Abell2744,C10,S20,gamma1,0,1.0946035575013604,0.5163978562276563,1994.7591150598266,1.4834681395993776
Abell2744,C10,S20,gamma1,1,1.301710338687908,0.0,0.0,1.4834681395993776
Abell2744,C10,S20,gamma1,2,1.548003196440262,0.0,0.0,1.4834681395993776
Abell2744,C10,S20,gamma1,3,1.8408964152537144,0.0,0.0,1.4834681395993776
Abell2744,C10,S20,gamma1,4,2.189207115002721,1.0085092606852941,664.5104358712582,1.4834681395993776
Abell2744,C10,S20,gamma1,5,2.6034206773758157,0.0,0.0,1.4834681395993776
Abell2744,C10,S20,gamma1,6,3.0960063928805237,0.7853913075904506,363.1366324374952,1.4834681395993776
Abell2744,C10,S20,gamma1,7,3.681792830507429,0.0,0.0,1.4834681395993776
Abell2744,C10,S20,gamma1,8,4.378414230005442,1.88128276138447,232.85454403178508,1.4834681395993776
Abell2744,C10,S20,gamma1,9,5.206841354751632,3.9932419360758002,193.66643517503968,1.4834681395993776
Abell2744,C10,S20,gamma1,10,6.192012785761049,6.460913940101209,144.85589420492346,1.4834681395993776
Abell2744,C10,S20,gamma1,11,7.363585661014858,4.929593672876698,106.91448102581904,1.4834681395993776
Abell2744,C10,S20,gamma1,12,8.756828460010883,4.180418426640344,72.93039364697736,1.4834681395993776
Abell2744,C10,S20,gamma1,13,10.413682709503263,2.7413375459455454,41.62619108369093,1.4834681395993776
Abell2744,C10,S20,gamma1,14,12.384025571522095,5.980270805741954,38.26286210197192,1.4834681395993776
Abell2744,C10,S20,gamma1,15,14.727171322029715,5.157933345212977,29.92416048316869,1.4834681395993776
Abell2744,C10,S20,gamma1,16,17.513656920021766,3.988125711285368,14.089999696768968,1.4834681395993776
Abell2744,C10,S20,gamma1,17,20.82736541900653,2.446617682980012,6.925606466689477,1.4834681395993776
Abell2744,C10,S20,gamma1,18,24.768051143044197,0.9877449365847522,4.241879994185346,1.4834681395993776
Abell2744,C10,S20,gamma1,19,29.454342644059437,0.6397323798658991,1.7627226752381315,1.4834681395993776
Abell2744,C10,S20,gamma2,0,1.0946035575013604,0.16750292913909753,1994.7591150598266,1.838657943006715
Abell2744,C10,S20,gamma2,1,1.301710338687908,0.0,0.0,1.838657943006715
Abell2744,C10,S20,gamma2,2,1.548003196440262,0.0,0.0,1.838657943006715
Abell2744,C10,S20,gamma2,3,1.8408964152537144,0.0,0.0,1.838657943006715
Abell2744,C10,S20,gamma2,4,2.189207115002721,0.621443083917826,664.5104358712582,1.838657943006715
Abell2744,C10,S20,gamma2,5,2.6034206773758157,0.0,0.0,1.838657943006715
Abell2744,C10,S20,gamma2,6,3.0960063928805237,1.340963004536803,363.1366324374952,1.838657943006715
Abell2744,C10,S20,gamma2,7,3.681792830507429,0.0,0.0,1.838657943006715
Abell2744,C10,S20,gamma2,8,4.378414230005442,1.9028017913052315,232.85454403178508,1.838657943006715
Abell2744,C10,S20,gamma2,9,5.206841354751632,2.576921004295575,193.66643517503968,1.838657943006715
Abell2744,C10,S20,gamma2,10,6.192012785761049,1.858017963961226,144.85589420492346,1.838657943006715
Abell2744,C10,S20,gamma2,11,7.363585661014858,1.4958391873893078,106.91448102581904,1.838657943006715
Abell2744,C10,S20,gamma2,12,8.756828460010883,1.1598759538749932,72.93039364697736,1.838657943006715
Abell2744,C10,S20,gamma2,13,10.413682709503263,1.319240340529832,41.62619108369093,1.838657943006715
Abell2744,C10,S20,gamma2,14,12.384025571522095,1.4809952562017696,38.26286210197192,1.838657943006715
Abell2744,C10,S20,gamma2,15,14.727171322029715,0.7952187921246776,29.92416048316869,1.838657943006715
Abell2744,C10,S20,gamma2,16,17.513656920021766,0.39728769510034895,14.089999696768968,1.838657943006715
Abell2744,C10,S20,gamma2,17,20.82736541900653,0.13147664660757163,6.925606466689477,1.838657943006715
Abell2744,C10,S20,gamma2,18,24.768051143044197,0.08257488458703204,4.241879994185346,1.838657943006715
Abell2744,C10,S20,gamma2,19,29.454342644059437,0.038399667872761674,1.7627226752381315,1.838657943006715
Abell2744,C10,S20,gamma_mag,0,1.0946035575013604,0.6106705672137189,1994.7591150598266,1.4124623049246485
Abell2744,C10,S20,gamma_mag,1,1.301710338687908,0.0,0.0,1.4124623049246485
Abell2744,C10,S20,gamma_mag,2,1.548003196440262,0.0,0.0,1.4124623049246485
Abell2744,C10,S20,gamma_mag,3,1.8408964152537144,0.0,0.0,1.4124623049246485
Abell2744,C10,S20,gamma_mag,4,2.189207115002721,4.157553220782581,664.5104358712582,1.4124623049246485
Abell2744,C10,S20,gamma_mag,5,2.6034206773758157,0.0,0.0,1.4124623049246485
Abell2744,C10,S20,gamma_mag,6,3.0960063928805237,7.815359569877818,363.1366324374952,1.4124623049246485
Abell2744,C10,S20,gamma_mag,7,3.681792830507429,0.0,0.0,1.4124623049246485
Abell2744,C10,S20,gamma_mag,8,4.378414230005442,6.759032214076271,232.85454403178508,1.4124623049246485
Abell2744,C10,S20,gamma_mag,9,5.206841354751632,4.881132080567825,193.66643517503968,1.4124623049246485
Abell2744,C10,S20,gamma_mag,10,6.192012785761049,6.682910045271888,144.85589420492346,1.4124623049246485
Abell2744,C10,S20,gamma_mag,11,7.363585661014858,6.618150564443183,106.91448102581904,1.4124623049246485
Abell2744,C10,S20,gamma_mag,12,8.756828460010883,2.7188961522464847,72.93039364697736,1.4124623049246485
Abell2744,C10,S20,gamma_mag,13,10.413682709503263,1.1306894181916576,41.62619108369093,1.4124623049246485
Abell2744,C10,S20,gamma_mag,14,12.384025571522095,1.4185244467698486,38.26286210197192,1.4124623049246485
Abell2744,C10,S20,gamma_mag,15,14.727171322029715,1.1053403032825675,29.92416048316869,1.4124623049246485
Abell2744,C10,S20,gamma_mag,16,17.513656920021766,0.7943827085324399,14.089999696768968,1.4124623049246485
Abell2744,C10,S20,gamma_mag,17,20.82736541900653,1.0163390098154192,6.925606466689477,1.4124623049246485
Abell2744,C10,S20,gamma_mag,18,24.768051143044197,0.6769962935687046,4.241879994185346,1.4124623049246485
Abell2744,C10,S20,gamma_mag,19,29.454342644059437,0.5311349951417698,1.7627226752381315,1.4124623049246485
Abell2744,A8,S00,,0,1.0946035575013604,65.28969726040302,1994.7591150598266,1.2799844279164116
Abell2744,A8,S00,,1,1.301710338687908,0.0,0.0,1.2799844279164116
Abell2744,A8,S00,,2,1.548003196440262,0.0,0.0,1.2799844279164116
Abell2744,A8,S00,,3,1.8408964152537144,0.0,0.0,1.2799844279164116
Abell2744,A8,S00,,4,2.189207115002721,21.306601811175753,664.5104358712582,1.2799844279164116
Abell2744,A8,S00,,5,2.6034206773758157,0.0,0.0,1.2799844279164116
Abell2744,A8,S00,,6,3.0960063928805237,11.759463903931625,363.1366324374952,1.2799844279164116
Abell2744,A8,S00,,7,3.681792830507429,0.0,0.0,1.2799844279164116
Abell2744,A8,S00,,8,4.378414230005442,7.535854624410426,232.85454403178508,1.2799844279164116
Abell2744,A8,S00,,9,5.206841354751632,6.221174186397221,193.66643517503968,1.2799844279164116
Abell2744,A8,S00,,10,6.192012785761049,4.746507321461739,144.85589420492346,1.2799844279164116
Abell2744,A8,S00,,11,7.363585661014858,3.4082594340325154,106.91448102581904,1.2799844279164116
Abell2744,A8,S00,,12,8.756828460010883,2.3719973021076157,72.93039364697736,1.2799844279164116
Abell2744,A8,S00,,13,10.413682709503263,1.3484594071470777,41.62619108369093,1.2799844279164116
Abell2744,A8,S00,,14,12.384025571522095,1.2762958287009203,38.26286210197192,1.2799844279164116
Abell2744,A8,S00,,15,14.727171322029715,0.9455695771551491,29.92416048316869,1.2799844279164116
Abell2744,A8,S00,,16,17.513656920021766,0.4650809544506169,14.089999696768968,1.2799844279164116
Abell2744,A8,S00,,17,20.82736541900653,0.2438983472505899,6.925606466689477,1.2799844279164116
Abell2744,A8,S00,,18,24.768051143044197,0.1477756965894416,4.241879994185346,1.2799844279164116
Abell2744,A8,S00,,19,29.454342644059437,0.07244991572730815,1.7627226752381315,1.2799844279164116
Abell2744,A8,S01,,0,1.0946035575013604,65.28969726040302,1994.7591150598266,1.2799844279164116
Abell2744,A8,S01,,1,1.301710338687908,0.0,0.0,1.2799844279164116
Abell2744,A8,S01,,2,1.548003196440262,0.0,0.0,1.2799844279164116
Abell2744,A8,S01,,3,1.8408964152537144,0.0,0.0,1.2799844279164116
Abell2744,A8,S01,,4,2.189207115002721,21.306601811175753,664.5104358712582,1.2799844279164116
Abell2744,A8,S01,,5,2.6034206773758157,0.0,0.0,1.2799844279164116
Abell2744,A8,S01,,6,3.0960063928805237,11.759463903931625,363.1366324374952,1.2799844279164116
Abell2744,A8,S01,,7,3.681792830507429,0.0,0.0,1.2799844279164116
Abell2744,A8,S01,,8,4.378414230005442,7.535854624410426,232.85454403178508,1.2799844279164116
Abell2744,A8,S01,,9,5.206841354751632,6.221174186397221,193.66643517503968,1.2799844279164116
Abell2744,A8,S01,,10,6.192012785761049,4.746507321461739,144.85589420492346,1.2799844279164116
Abell2744,A8,S01,,11,7.363585661014858,3.4082594340325154,106.91448102581904,1.2799844279164116
Abell2744,A8,S01,,12,8.756828460010883,2.3719973021076157,72.93039364697736,1.2799844279164116
Abell2744,A8,S01,,13,10.413682709503263,1.3484594071470777,41.62619108369093,1.2799844279164116
Abell2744,A8,S01,,14,12.384025571522095,1.2762958287009203,38.26286210197192,1.2799844279164116
Abell2744,A8,S01,,15,14.727171322029715,0.9455695771551491,29.92416048316869,1.2799844279164116
Abell2744,A8,S01,,16,17.513656920021766,0.4650809544506169,14.089999696768968,1.2799844279164116
Abell2744,A8,S01,,17,20.82736541900653,0.2438983472505899,6.925606466689477,1.2799844279164116
Abell2744,A8,S01,,18,24.768051143044197,0.1477756965894416,4.241879994185346,1.2799844279164116
Abell2744,A8,S01,,19,29.454342644059437,0.07244991572730815,1.7627226752381315,1.2799844279164116
Abell2744,A8,S02,,0,1.0946035575013604,1237.6303311509946,1994.7591150598266,0.28174001135212945
Abell2744,A8,S02,,1,1.301710338687908,0.0,0.0,0.28174001135212945
Abell2744,A8,S02,,2,1.548003196440262,0.0,0.0,0.28174001135212945
Abell2744,A8,S02,,3,1.8408964152537144,0.0,0.0,0.28174001135212945
Abell2744,A8,S02,,4,2.189207115002721,510.6193834172163,664.5104358712582,0.28174001135212945
Abell2744,A8,S02,,5,2.6034206773758157,0.0,0.0,0.28174001135212945
Abell2744,A8,S02,,6,3.0960063928805237,567.4149124573408,363.1366324374952,0.28174001135212945
Abell2744,A8,S02,,7,3.681792830507429,0.0,0.0,0.28174001135212945
Abell2744,A8,S02,,8,4.378414230005442,383.58488111205423,232.85454403178508,0.28174001135212945
Abell2744,A8,S02,,9,5.206841354751632,176.79188925543355,193.66643517503968,0.28174001135212945
Abell2744,A8,S02,,10,6.192012785761049,121.73697688881614,144.85589420492346,0.28174001135212945
Abell2744,A8,S02,,11,7.363585661014858,147.2481499807303,106.91448102581904,0.28174001135212945
Abell2744,A8,S02,,12,8.756828460010883,83.39930757274752,72.93039364697736,0.28174001135212945
Abell2744,A8,S02,,13,10.413682709503263,52.7731760784407,41.62619108369093,0.28174001135212945
Abell2744,A8,S02,,14,12.384025571522095,46.72612788345475,38.26286210197192,0.28174001135212945
Abell2744,A8,S02,,15,14.727171322029715,35.012798155587106,29.92416048316869,0.28174001135212945
Abell2744,A8,S02,,16,17.513656920021766,23.549004959020817,14.089999696768968,0.28174001135212945
Abell2744,A8,S02,,17,20.82736541900653,19.631690599696583,6.925606466689477,0.28174001135212945
Abell2744,A8,S02,,18,24.768051143044197,17.288736872739584,4.241879994185346,0.28174001135212945
Abell2744,A8,S02,,19,29.454342644059437,13.247222448832218,1.7627226752381315,0.28174001135212945
Abell2744,A8,A8-S03,,0,1.0946035575013604,65.70570959390983,1994.7591150598266,1.3590415342649496
Abell2744,A8,A8-S03,,1,1.301710338687908,0.0,0.0,1.3590415342649496
Abell2744,A8,A8-S03,,2,1.548003196440262,0.0,0.0,1.3590415342649496
Abell2744,A8,A8-S03,,3,1.8408964152537144,0.0,0.0,1.3590415342649496
Abell2744,A8,A8-S03,,4,2.189207115002721,20.923710011042154,664.5104358712582,1.3590415342649496
Abell2744,A8,A8-S03,,5,2.6034206773758157,0.0,0.0,1.3590415342649496
Abell2744,A8,A8-S03,,6,3.0960063928805237,11.548380190616168,363.1366324374952,1.3590415342649496
Abell2744,A8,A8-S03,,7,3.681792830507429,0.0,0.0,1.3590415342649496
Abell2744,A8,A8-S03,,8,4.378414230005442,7.316290062521085,232.85454403178508,1.3590415342649496
Abell2744,A8,A8-S03,,9,5.206841354751632,5.891748820851943,193.66643517503968,1.3590415342649496
Abell2744,A8,A8-S03,,10,6.192012785761049,4.467443072177649,144.85589420492346,1.3590415342649496
Abell2744,A8,A8-S03,,11,7.363585661014858,3.0651819052500966,106.91448102581904,1.3590415342649496
Abell2744,A8,A8-S03,,12,8.756828460010883,2.0887535063253955,72.93039364697736,1.3590415342649496
Abell2744,A8,A8-S03,,13,10.413682709503263,1.1153155958942498,41.62619108369093,1.3590415342649496
Abell2744,A8,A8-S03,,14,12.384025571522095,1.015627810463965,38.26286210197192,1.3590415342649496
Abell2744,A8,A8-S03,,15,14.727171322029715,0.6655655517632788,29.92416048316869,1.3590415342649496
Abell2744,A8,A8-S03,,16,17.513656920021766,0.31034823834015957,14.089999696768968,1.3590415342649496
Abell2744,A8,A8-S03,,17,20.82736541900653,0.14988440506232978,6.925606466689477,1.3590415342649496
Abell2744,A8,A8-S03,,18,24.768051143044197,0.08438143461500668,4.241879994185346,1.3590415342649496
Abell2744,A8,A8-S03,,19,29.454342644059437,0.04479943550985333,1.7627226752381315,1.3590415342649496
Abell2744,A8,A8-S04,,0,1.0946035575013604,65.69326341212538,1994.7591150598266,1.3645442653493864
Abell2744,A8,A8-S04,,1,1.301710338687908,0.0,0.0,1.3645442653493864
Abell2744,A8,A8-S04,,2,1.548003196440262,0.0,0.0,1.3645442653493864
Abell2744,A8,A8-S04,,3,1.8408964152537144,0.0,0.0,1.3645442653493864
Abell2744,A8,A8-S04,,4,2.189207115002721,20.913111906706302,664.5104358712582,1.3645442653493864
Abell2744,A8,A8-S04,,5,2.6034206773758157,0.0,0.0,1.3645442653493864
Abell2744,A8,A8-S04,,6,3.0960063928805237,11.536816418946348,363.1366324374952,1.3645442653493864
Abell2744,A8,A8-S04,,7,3.681792830507429,0.0,0.0,1.3645442653493864
Abell2744,A8,A8-S04,,8,4.378414230005442,7.304164265705893,232.85454403178508,1.3645442653493864
Abell2744,A8,A8-S04,,9,5.206841354751632,5.876599850398768,193.66643517503968,1.3645442653493864
Abell2744,A8,A8-S04,,10,6.192012785761049,4.449683769012665,144.85589420492346,1.3645442653493864
Abell2744,A8,A8-S04,,11,7.363585661014858,3.049755164491486,106.91448102581904,1.3645442653493864
Abell2744,A8,A8-S04,,12,8.756828460010883,2.073181719301959,72.93039364697736,1.3645442653493864
Abell2744,A8,A8-S04,,13,10.413682709503263,1.1033007881373846,41.62619108369093,1.3645442653493864
Abell2744,A8,A8-S04,,14,12.384025571522095,1.0011417654928945,38.26286210197192,1.3645442653493864
Abell2744,A8,A8-S04,,15,14.727171322029715,0.6533375009384481,29.92416048316869,1.3645442653493864
Abell2744,A8,A8-S04,,16,17.513656920021766,0.30271616985467054,14.089999696768968,1.3645442653493864
Abell2744,A8,A8-S04,,17,20.82736541900653,0.1449272161827895,6.925606466689477,1.3645442653493864
Abell2744,A8,A8-S04,,18,24.768051143044197,0.08111087182174173,4.241879994185346,1.3645442653493864
Abell2744,A8,A8-S04,,19,29.454342644059437,0.04275162384358599,1.7627226752381315,1.3645442653493864
Abell2744,A8,A8-S05,,0,1.0946035575013604,64.95427174043823,1994.7591150598266,1.4026242633661166
Abell2744,A8,A8-S05,,1,1.301710338687908,0.0,0.0,1.4026242633661166
Abell2744,A8,A8-S05,,2,1.548003196440262,0.0,0.0,1.4026242633661166
Abell2744,A8,A8-S05,,3,1.8408964152537144,0.0,0.0,1.4026242633661166
Abell2744,A8,A8-S05,,4,2.189207115002721,21.092866923626424,664.5104358712582,1.4026242633661166
Abell2744,A8,A8-S05,,5,2.6034206773758157,0.0,0.0,1.4026242633661166
Abell2744,A8,A8-S05,,6,3.0960063928805237,11.497299535100591,363.1366324374952,1.4026242633661166
Abell2744,A8,A8-S05,,7,3.681792830507429,0.0,0.0,1.4026242633661166
Abell2744,A8,A8-S05,,8,4.378414230005442,7.259313281075127,232.85454403178508,1.4026242633661166
Abell2744,A8,A8-S05,,9,5.206841354751632,5.879544958533973,193.66643517503968,1.4026242633661166
Abell2744,A8,A8-S05,,10,6.192012785761049,4.335404315286656,144.85589420492346,1.4026242633661166
Abell2744,A8,A8-S05,,11,7.363585661014858,3.0512625131461815,106.91448102581904,1.4026242633661166
Abell2744,A8,A8-S05,,12,8.756828460010883,2.0053559852030274,72.93039364697736,1.4026242633661166
Abell2744,A8,A8-S05,,13,10.413682709503263,1.0586283707885862,41.62619108369093,1.4026242633661166
Abell2744,A8,A8-S05,,14,12.384025571522095,0.9230589946907158,38.26286210197192,1.4026242633661166
Abell2744,A8,A8-S05,,15,14.727171322029715,0.626911113265789,29.92416048316869,1.4026242633661166
Abell2744,A8,A8-S05,,16,17.513656920021766,0.26593509912112306,14.089999696768968,1.4026242633661166
Abell2744,A8,A8-S05,,17,20.82736541900653,0.11431105034855023,6.925606466689477,1.4026242633661166
Abell2744,A8,A8-S05,,18,24.768051143044197,0.060590282536316376,4.241879994185346,1.4026242633661166
Abell2744,A8,A8-S05,,19,29.454342644059437,0.025346632929586253,1.7627226752381315,1.4026242633661166
Abell2744,A8,A8-S06,,0,1.0946035575013604,64.96371213981308,1994.7591150598266,1.4082306375912568
Abell2744,A8,A8-S06,,1,1.301710338687908,0.0,0.0,1.4082306375912568
Abell2744,A8,A8-S06,,2,1.548003196440262,0.0,0.0,1.4082306375912568
Abell2744,A8,A8-S06,,3,1.8408964152537144,0.0,0.0,1.4082306375912568
Abell2744,A8,A8-S06,,4,2.189207115002721,21.07360199182178,664.5104358712582,1.4082306375912568
Abell2744,A8,A8-S06,,5,2.6034206773758157,0.0,0.0,1.4082306375912568
Abell2744,A8,A8-S06,,6,3.0960063928805237,11.484348918520855,363.1366324374952,1.4082306375912568
Abell2744,A8,A8-S06,,7,3.681792830507429,0.0,0.0,1.4082306375912568
Abell2744,A8,A8-S06,,8,4.378414230005442,7.245609476167908,232.85454403178508,1.4082306375912568
Abell2744,A8,A8-S06,,9,5.206841354751632,5.86086809754441,193.66643517503968,1.4082306375912568
Abell2744,A8,A8-S06,,10,6.192012785761049,4.317950642659495,144.85589420492346,1.4082306375912568
Abell2744,A8,A8-S06,,11,7.363585661014858,3.0324052347505464,106.91448102581904,1.4082306375912568
Abell2744,A8,A8-S06,,12,8.756828460010883,1.989086543152498,72.93039364697736,1.4082306375912568
Abell2744,A8,A8-S06,,13,10.413682709503263,1.0460309653825013,41.62619108369093,1.4082306375912568
Abell2744,A8,A8-S06,,14,12.384025571522095,0.9093787569739038,38.26286210197192,1.4082306375912568
Abell2744,A8,A8-S06,,15,14.727171322029715,0.6136299330101004,29.92416048316869,1.4082306375912568
Abell2744,A8,A8-S06,,16,17.513656920021766,0.25899833230534214,14.089999696768968,1.4082306375912568
Abell2744,A8,A8-S06,,17,20.82736541900653,0.1105926661368354,6.925606466689477,1.4082306375912568
Abell2744,A8,A8-S06,,18,24.768051143044197,0.058298693344342165,4.241879994185346,1.4082306375912568
Abell2744,A8,A8-S06,,19,29.454342644059437,0.024430150533808998,1.7627226752381315,1.4082306375912568
Abell2744,A8,A8-S07,,0,1.0946035575013604,7.444818162814503e-06,1994.7591150598266,6.087490498355012
Abell2744,A8,A8-S07,,1,1.301710338687908,0.0,0.0,6.087490498355012
Abell2744,A8,A8-S07,,2,1.548003196440262,0.0,0.0,6.087490498355012
Abell2744,A8,A8-S07,,3,1.8408964152537144,0.0,0.0,6.087490498355012
Abell2744,A8,A8-S07,,4,2.189207115002721,1.2124851291482119e-05,664.5104358712582,6.087490498355012
Abell2744,A8,A8-S07,,5,2.6034206773758157,0.0,0.0,6.087490498355012
Abell2744,A8,A8-S07,,6,3.0960063928805237,6.051228796455001e-06,363.1366324374952,6.087490498355012
Abell2744,A8,A8-S07,,7,3.681792830507429,0.0,0.0,6.087490498355012
Abell2744,A8,A8-S07,,8,4.378414230005442,6.6158463712552254e-06,232.85454403178508,6.087490498355012
Abell2744,A8,A8-S07,,9,5.206841354751632,5.4167776393807916e-06,193.66643517503968,6.087490498355012
Abell2744,A8,A8-S07,,10,6.192012785761049,7.774014760563294e-06,144.85589420492346,6.087490498355012
Abell2744,A8,A8-S07,,11,7.363585661014858,5.639246343099086e-06,106.91448102581904,6.087490498355012
Abell2744,A8,A8-S07,,12,8.756828460010883,8.883392673335958e-06,72.93039364697736,6.087490498355012
Abell2744,A8,A8-S07,,13,10.413682709503263,6.786237069452064e-06,41.62619108369093,6.087490498355012
Abell2744,A8,A8-S07,,14,12.384025571522095,7.047199277174864e-06,38.26286210197192,6.087490498355012
Abell2744,A8,A8-S07,,15,14.727171322029715,6.105078872671724e-06,29.92416048316869,6.087490498355012
Abell2744,A8,A8-S07,,16,17.513656920021766,6.190521387780057e-06,14.089999696768968,6.087490498355012
Abell2744,A8,A8-S07,,17,20.82736541900653,5.054540005444817e-06,6.925606466689477,6.087490498355012
Abell2744,A8,A8-S07,,18,24.768051143044197,4.330140469069508e-06,4.241879994185346,6.087490498355012
Abell2744,A8,A8-S07,,19,29.454342644059437,3.934252621258451e-06,1.7627226752381315,6.087490498355012
Abell2744,A8,A8-S08,,0,1.0946035575013604,4.2882152617811544e-07,1994.7591150598266,7.1559577536952785
Abell2744,A8,A8-S08,,1,1.301710338687908,0.0,0.0,7.1559577536952785
Abell2744,A8,A8-S08,,2,1.548003196440262,0.0,0.0,7.1559577536952785
Abell2744,A8,A8-S08,,3,1.8408964152537144,0.0,0.0,7.1559577536952785
Abell2744,A8,A8-S08,,4,2.189207115002721,6.983914343893703e-07,664.5104358712582,7.1559577536952785
Abell2744,A8,A8-S08,,5,2.6034206773758157,0.0,0.0,7.1559577536952785
Abell2744,A8,A8-S08,,6,3.0960063928805237,3.485507786758081e-07,363.1366324374952,7.1559577536952785
Abell2744,A8,A8-S08,,7,3.681792830507429,0.0,0.0,7.1559577536952785
Abell2744,A8,A8-S08,,8,4.378414230005442,3.81072750984301e-07,232.85454403178508,7.1559577536952785
Abell2744,A8,A8-S08,,9,5.206841354751632,3.1200639202833366e-07,193.66643517503968,7.1559577536952785
Abell2744,A8,A8-S08,,10,6.192012785761049,4.477832502084459e-07,144.85589420492346,7.1559577536952785
Abell2744,A8,A8-S08,,11,7.363585661014858,3.248205893625073e-07,106.91448102581904,7.1559577536952785
Abell2744,A8,A8-S08,,12,8.756828460010883,5.116834179841514e-07,72.93039364697736,7.1559577536952785
Abell2744,A8,A8-S08,,13,10.413682709503263,3.9088725520043904e-07,41.62619108369093,7.1559577536952785
Abell2744,A8,A8-S08,,14,12.384025571522095,4.0591867836527226e-07,38.26286210197192,7.1559577536952785
Abell2744,A8,A8-S08,,15,14.727171322029715,3.516525430658915e-07,29.92416048316869,7.1559577536952785
Abell2744,A8,A8-S08,,16,17.513656920021766,3.565740319361312e-07,14.089999696768968,7.1559577536952785
Abell2744,A8,A8-S08,,17,20.82736541900653,2.9114150431362157e-07,6.925606466689477,7.1559577536952785
Abell2744,A8,A8-S08,,18,24.768051143044197,2.494160910184038e-07,4.241879994185346,7.1559577536952785
Abell2744,A8,A8-S08,,19,29.454342644059437,2.2661295098448683e-07,1.7627226752381315,7.1559577536952785
Abell2744,A8,A8-S09,,0,1.0946035575013604,1.144715240714358e-05,1994.7591150598266,5.926596758469749
Abell2744,A8,A8-S09,,1,1.301710338687908,0.0,0.0,5.926596758469749
Abell2744,A8,A8-S09,,2,1.548003196440262,0.0,0.0,5.926596758469749
Abell2744,A8,A8-S09,,3,1.8408964152537144,0.0,0.0,5.926596758469749
Abell2744,A8,A8-S09,,4,2.189207115002721,1.864317134578291e-05,664.5104358712582,5.926596758469749
Abell2744,A8,A8-S09,,5,2.6034206773758157,0.0,0.0,5.926596758469749
Abell2744,A8,A8-S09,,6,3.0960063928805237,9.304369397429208e-06,363.1366324374952,5.926596758469749
Abell2744,A8,A8-S09,,7,3.681792830507429,0.0,0.0,5.926596758469749
Abell2744,A8,A8-S09,,8,4.378414230005442,1.0172525380442034e-05,232.85454403178508,5.926596758469749
Abell2744,A8,A8-S09,,9,5.206841354751632,8.328837298311904e-06,193.66643517503968,5.926596758469749
Abell2744,A8,A8-S09,,10,6.192012785761049,1.1953325095842123e-05,144.85589420492346,5.926596758469749
Abell2744,A8,A8-S09,,11,7.363585661014858,8.670905177149152e-06,106.91448102581904,5.926596758469749
Abell2744,A8,A8-S09,,12,8.756828460010883,1.3659104574521374e-05,72.93039364697736,5.926596758469749
Abell2744,A8,A8-S09,,13,10.413682709503263,1.0434518117989493e-05,41.62619108369093,5.926596758469749
Abell2744,A8,A8-S09,,14,12.384025571522095,1.0835773608584072e-05,38.26286210197192,5.926596758469749
Abell2744,A8,A8-S09,,15,14.727171322029715,9.387169274620046e-06,29.92416048316869,5.926596758469749
Abell2744,A8,A8-S09,,16,17.513656920021766,9.518545685850613e-06,14.089999696768968,5.926596758469749
Abell2744,A8,A8-S09,,17,20.82736541900653,7.771860712371956e-06,6.925606466689477,5.926596758469749
Abell2744,A8,A8-S09,,18,24.768051143044197,6.658023985241278e-06,4.241879994185346,5.926596758469749
Abell2744,A8,A8-S09,,19,29.454342644059437,6.049306830446994e-06,1.7627226752381315,5.926596758469749
Abell2744,A8,A8-S10,,0,1.0946035575013604,65.32550984870409,1994.7591150598266,1.3873079693063717
Abell2744,A8,A8-S10,,1,1.301710338687908,0.0,0.0,1.3873079693063717
Abell2744,A8,A8-S10,,2,1.548003196440262,0.0,0.0,1.3873079693063717
Abell2744,A8,A8-S10,,3,1.8408964152537144,0.0,0.0,1.3873079693063717
Abell2744,A8,A8-S10,,4,2.189207115002721,20.988507008747444,664.5104358712582,1.3873079693063717
Abell2744,A8,A8-S10,,5,2.6034206773758157,0.0,0.0,1.3873079693063717
Abell2744,A8,A8-S10,,6,3.0960063928805237,11.508162177215018,363.1366324374952,1.3873079693063717
Abell2744,A8,A8-S10,,7,3.681792830507429,0.0,0.0,1.3873079693063717
Abell2744,A8,A8-S10,,8,4.378414230005442,7.272240532388397,232.85454403178508,1.3873079693063717
Abell2744,A8,A8-S10,,9,5.206841354751632,5.866567262915836,193.66643517503968,1.3873079693063717
Abell2744,A8,A8-S10,,10,6.192012785761049,4.3807075999318545,144.85589420492346,1.3873079693063717
Abell2744,A8,A8-S10,,11,7.363585661014858,3.0388245010837753,106.91448102581904,1.3873079693063717
Abell2744,A8,A8-S10,,12,8.756828460010883,2.0275807741578937,72.93039364697736,1.3873079693063717
Abell2744,A8,A8-S10,,13,10.413682709503263,1.071951381932162,41.62619108369093,1.3873079693063717
Abell2744,A8,A8-S10,,14,12.384025571522095,0.9524413815225292,38.26286210197192,1.3873079693063717
Abell2744,A8,A8-S10,,15,14.727171322029715,0.6310416854252054,29.92416048316869,1.3873079693063717
Abell2744,A8,A8-S10,,16,17.513656920021766,0.2783810425248943,14.089999696768968,1.3873079693063717
Abell2744,A8,A8-S10,,17,20.82736541900653,0.12573812515763452,6.925606466689477,1.3873079693063717
Abell2744,A8,A8-S10,,18,24.768051143044197,0.0679727263954141,4.241879994185346,1.3873079693063717
Abell2744,A8,A8-S10,,19,29.454342644059437,0.03201718614019411,1.7627226752381315,1.3873079693063717
Abell2744,A8,A8-S11,,0,1.0946035575013604,65.32681873976782,1994.7591150598266,1.3818769260303907
Abell2744,A8,A8-S11,,1,1.301710338687908,0.0,0.0,1.3818769260303907
Abell2744,A8,A8-S11,,2,1.548003196440262,0.0,0.0,1.3818769260303907
Abell2744,A8,A8-S11,,3,1.8408964152537144,0.0,0.0,1.3818769260303907
Abell2744,A8,A8-S11,,4,2.189207115002721,21.00311995506395,664.5104358712582,1.3818769260303907
Abell2744,A8,A8-S11,,5,2.6034206773758157,0.0,0.0,1.3818769260303907
Abell2744,A8,A8-S11,,6,3.0960063928805237,11.520257290538554,363.1366324374952,1.3818769260303907
Abell2744,A8,A8-S11,,7,3.681792830507429,0.0,0.0,1.3818769260303907
Abell2744,A8,A8-S11,,8,4.378414230005442,7.284977035762129,232.85454403178508,1.3818769260303907
Abell2744,A8,A8-S11,,9,5.206841354751632,5.883336248895598,193.66643517503968,1.3818769260303907
Abell2744,A8,A8-S11,,10,6.192012785761049,4.398113177928226,144.85589420492346,1.3818769260303907
Abell2744,A8,A8-S11,,11,7.363585661014858,3.055807056636747,106.91448102581904,1.3818769260303907
Abell2744,A8,A8-S11,,12,8.756828460010883,2.043261883862583,72.93039364697736,1.3818769260303907
Abell2744,A8,A8-S11,,13,10.413682709503263,1.0840656729195233,41.62619108369093,1.3818769260303907
Abell2744,A8,A8-S11,,14,12.384025571522095,0.9663347568222767,38.26286210197192,1.3818769260303907
Abell2744,A8,A8-S11,,15,14.727171322029715,0.6436062108000433,29.92416048316869,1.3818769260303907
Abell2744,A8,A8-S11,,16,17.513656920021766,0.2854615382330133,14.089999696768968,1.3818769260303907
Abell2744,A8,A8-S11,,17,20.82736541900653,0.12989880430677794,6.925606466689477,1.3818769260303907
Abell2744,A8,A8-S11,,18,24.768051143044197,0.07058474513744746,4.241879994185346,1.3818769260303907
Abell2744,A8,A8-S11,,19,29.454342644059437,0.03333004864549678,1.7627226752381315,1.3818769260303907
Abell2744,A8,A8-S12,,0,1.0946035575013604,0.0014601812779646173,1994.7591150598266,3.0185314820616234
Abell2744,A8,A8-S12,,1,1.301710338687908,0.0,0.0,3.0185314820616234
Abell2744,A8,A8-S12,,2,1.548003196440262,0.0,0.0,3.0185314820616234
Abell2744,A8,A8-S12,,3,1.8408964152537144,0.0,0.0,3.0185314820616234
Abell2744,A8,A8-S12,,4,2.189207115002721,0.005452168735611987,664.5104358712582,3.0185314820616234
Abell2744,A8,A8-S12,,5,2.6034206773758157,0.0,0.0,3.0185314820616234
Abell2744,A8,A8-S12,,6,3.0960063928805237,0.00939126732168499,363.1366324374952,3.0185314820616234
Abell2744,A8,A8-S12,,7,3.681792830507429,0.0,0.0,3.0185314820616234
Abell2744,A8,A8-S12,,8,4.378414230005442,0.013158270250465813,232.85454403178508,3.0185314820616234
Abell2744,A8,A8-S12,,9,5.206841354751632,0.02652090700149559,193.66643517503968,3.0185314820616234
Abell2744,A8,A8-S12,,10,6.192012785761049,0.04225965584793296,144.85589420492346,3.0185314820616234
Abell2744,A8,A8-S12,,11,7.363585661014858,0.05012606099691263,106.91448102581904,3.0185314820616234
Abell2744,A8,A8-S12,,12,8.756828460010883,0.07120936168166184,72.93039364697736,3.0185314820616234
Abell2744,A8,A8-S12,,13,10.413682709503263,0.08000133701046233,41.62619108369093,3.0185314820616234
Abell2744,A8,A8-S12,,14,12.384025571522095,0.12290981841120138,38.26286210197192,3.0185314820616234
Abell2744,A8,A8-S12,,15,14.727171322029715,0.14020871081114167,29.92416048316869,3.0185314820616234
Abell2744,A8,A8-S12,,16,17.513656920021766,0.11371864684558546,14.089999696768968,3.0185314820616234
Abell2744,A8,A8-S12,,17,20.82736541900653,0.09872434255198274,6.925606466689477,3.0185314820616234
Abell2744,A8,A8-S12,,18,24.768051143044197,0.0772063377385572,4.241879994185346,3.0185314820616234
Abell2744,A8,A8-S12,,19,29.454342644059437,0.05665739151835555,1.7627226752381315,3.0185314820616234
Abell2744,A8,A8-P5,,0,1.0946035575013604,65.32550984870409,1994.7591150598266,1.3873079693063717
Abell2744,A8,A8-P5,,1,1.301710338687908,0.0,0.0,1.3873079693063717
Abell2744,A8,A8-P5,,2,1.548003196440262,0.0,0.0,1.3873079693063717
Abell2744,A8,A8-P5,,3,1.8408964152537144,0.0,0.0,1.3873079693063717
Abell2744,A8,A8-P5,,4,2.189207115002721,20.988507008747444,664.5104358712582,1.3873079693063717
Abell2744,A8,A8-P5,,5,2.6034206773758157,0.0,0.0,1.3873079693063717
Abell2744,A8,A8-P5,,6,3.0960063928805237,11.508162177215018,363.1366324374952,1.3873079693063717
Abell2744,A8,A8-P5,,7,3.681792830507429,0.0,0.0,1.3873079693063717
Abell2744,A8,A8-P5,,8,4.378414230005442,7.272240532388397,232.85454403178508,1.3873079693063717
Abell2744,A8,A8-P5,,9,5.206841354751632,5.866567262915836,193.66643517503968,1.3873079693063717
Abell2744,A8,A8-P5,,10,6.192012785761049,4.3807075999318545,144.85589420492346,1.3873079693063717
Abell2744,A8,A8-P5,,11,7.363585661014858,3.0388245010837753,106.91448102581904,1.3873079693063717
Abell2744,A8,A8-P5,,12,8.756828460010883,2.0275807741578937,72.93039364697736,1.3873079693063717
Abell2744,A8,A8-P5,,13,10.413682709503263,1.071951381932162,41.62619108369093,1.3873079693063717
Abell2744,A8,A8-P5,,14,12.384025571522095,0.9524413815225292,38.26286210197192,1.3873079693063717
Abell2744,A8,A8-P5,,15,14.727171322029715,0.6310416854252054,29.92416048316869,1.3873079693063717
Abell2744,A8,A8-P5,,16,17.513656920021766,0.2783810425248943,14.089999696768968,1.3873079693063717
Abell2744,A8,A8-P5,,17,20.82736541900653,0.12573812515763452,6.925606466689477,1.3873079693063717
Abell2744,A8,A8-P5,,18,24.768051143044197,0.0679727263954141,4.241879994185346,1.3873079693063717
Abell2744,A8,A8-P5,,19,29.454342644059437,0.03201718614019411,1.7627226752381315,1.3873079693063717
Abell2744,A8,A8-P6,,0,1.0946035575013604,0.011911709060503203,1994.7591150598266,3.340665679322483
Abell2744,A8,A8-P6,,1,1.301710338687908,0.0,0.0,3.340665679322483
Abell2744,A8,A8-P6,,2,1.548003196440262,0.0,0.0,3.340665679322483
Abell2744,A8,A8-P6,,3,1.8408964152537144,0.0,0.0,3.340665679322483
Abell2744,A8,A8-P6,,4,2.189207115002721,0.01939976206637139,664.5104358712582,3.340665679322483
Abell2744,A8,A8-P6,,5,2.6034206773758157,0.0,0.0,3.340665679322483
Abell2744,A8,A8-P6,,6,3.0960063928805237,0.009681966074328,363.1366324374952,3.340665679322483
Abell2744,A8,A8-P6,,7,3.681792830507429,0.0,0.0,3.340665679322483
Abell2744,A8,A8-P6,,8,4.378414230005442,0.010585354194008356,232.85454403178508,3.340665679322483
Abell2744,A8,A8-P6,,9,5.206841354751632,0.008666844223009266,193.66643517503968,3.340665679322483
Abell2744,A8,A8-P6,,10,6.192012785761049,0.012438423616901268,144.85589420492346,3.340665679322483
Abell2744,A8,A8-P6,,11,7.363585661014858,0.009022794148958535,106.91448102581904,3.340665679322483
Abell2744,A8,A8-P6,,12,8.756828460010883,0.014213428277337535,72.93039364697736,3.340665679322483
Abell2744,A8,A8-P6,,13,10.413682709503263,0.010857979311123306,41.62619108369093,3.340665679322483
Abell2744,A8,A8-P6,,14,12.384025571522095,0.011275518843479784,38.26286210197192,3.340665679322483
Abell2744,A8,A8-P6,,15,14.727171322029715,0.009768126196274755,29.92416048316869,3.340665679322483
Abell2744,A8,A8-P6,,16,17.513656920021766,0.009904834220448088,14.089999696768968,3.340665679322483
Abell2744,A8,A8-P6,,17,20.82736541900653,0.008087264008711705,6.925606466689477,3.340665679322483
Abell2744,A8,A8-P6,,18,24.768051143044197,0.006928224750511212,4.241879994185346,3.340665679322483
Abell2744,A8,A8-P6,,19,29.454342644059437,0.006294804194013519,1.7627226752381315,3.340665679322483
Abell2744,A8,S13_P0,,0,1.0946035575013604,1026.0569522379888,1994.7591150598266,0.22095037122012326
Abell2744,A8,S13_P0,,1,1.301710338687908,0.0,0.0,0.22095037122012326
Abell2744,A8,S13_P0,,2,1.548003196440262,0.0,0.0,0.22095037122012326
Abell2744,A8,S13_P0,,3,1.8408964152537144,0.0,0.0,0.22095037122012326
Abell2744,A8,S13_P0,,4,2.189207115002721,391.8603928490928,664.5104358712582,0.22095037122012326
Abell2744,A8,S13_P0,,5,2.6034206773758157,0.0,0.0,0.22095037122012326
Abell2744,A8,S13_P0,,6,3.0960063928805237,443.41651790424487,363.1366324374952,0.22095037122012326
Abell2744,A8,S13_P0,,7,3.681792830507429,0.0,0.0,0.22095037122012326
Abell2744,A8,S13_P0,,8,4.378414230005442,269.2084132597054,232.85454403178508,0.22095037122012326
Abell2744,A8,S13_P0,,9,5.206841354751632,119.80462342728421,193.66643517503968,0.22095037122012326
Abell2744,A8,S13_P0,,10,6.192012785761049,80.89267664406943,144.85589420492346,0.22095037122012326
Abell2744,A8,S13_P0,,11,7.363585661014858,92.5975463455717,106.91448102581904,0.22095037122012326
Abell2744,A8,S13_P0,,12,8.756828460010883,56.57992543818109,72.93039364697736,0.22095037122012326
Abell2744,A8,S13_P0,,13,10.413682709503263,34.393461599618774,41.62619108369093,0.22095037122012326
Abell2744,A8,S13_P0,,14,12.384025571522095,29.505303787331258,38.26286210197192,0.22095037122012326
Abell2744,A8,S13_P0,,15,14.727171322029715,23.34582158547025,29.92416048316869,0.22095037122012326
Abell2744,A8,S13_P0,,16,17.513656920021766,16.55086379092111,14.089999696768968,0.22095037122012326
Abell2744,A8,S13_P0,,17,20.82736541900653,14.141228843186719,6.925606466689477,0.22095037122012326
Abell2744,A8,S13_P0,,18,24.768051143044197,11.299520846448834,4.241879994185346,0.22095037122012326
Abell2744,A8,S13_P0,,19,29.454342644059437,7.452778390522826,1.7627226752381315,0.22095037122012326
Abell2744,A8,S13_P3,,0,1.0946035575013604,0.19735940982576683,1994.7591150598266,2.0794901572748574
Abell2744,A8,S13_P3,,1,1.301710338687908,0.0,0.0,2.0794901572748574
Abell2744,A8,S13_P3,,2,1.548003196440262,0.0,0.0,2.0794901572748574
Abell2744,A8,S13_P3,,3,1.8408964152537144,0.0,0.0,2.0794901572748574
Abell2744,A8,S13_P3,,4,2.189207115002721,0.33485692516140997,664.5104358712582,2.0794901572748574
Abell2744,A8,S13_P3,,5,2.6034206773758157,0.0,0.0,2.0794901572748574
Abell2744,A8,S13_P3,,6,3.0960063928805237,0.19494373869309117,363.1366324374952,2.0794901572748574
Abell2744,A8,S13_P3,,7,3.681792830507429,0.0,0.0,2.0794901572748574
Abell2744,A8,S13_P3,,8,4.378414230005442,0.2610205124307094,232.85454403178508,2.0794901572748574
Abell2744,A8,S13_P3,,9,5.206841354751632,0.20630363877566799,193.66643517503968,2.0794901572748574
Abell2744,A8,S13_P3,,10,6.192012785761049,0.26986644888828787,144.85589420492346,2.0794901572748574
Abell2744,A8,S13_P3,,11,7.363585661014858,0.29675941793974775,106.91448102581904,2.0794901572748574
Abell2744,A8,S13_P3,,12,8.756828460010883,0.3883331873920678,72.93039364697736,2.0794901572748574
Abell2744,A8,S13_P3,,13,10.413682709503263,0.547543227115538,41.62619108369093,2.0794901572748574
Abell2744,A8,S13_P3,,14,12.384025571522095,0.5864768533834521,38.26286210197192,2.0794901572748574
Abell2744,A8,S13_P3,,15,14.727171322029715,0.8340336400518135,29.92416048316869,2.0794901572748574
Abell2744,A8,S13_P3,,16,17.513656920021766,0.8510590096041616,14.089999696768968,2.0794901572748574
Abell2744,A8,S13_P3,,17,20.82736541900653,0.9012527140337571,6.925606466689477,2.0794901572748574
Abell2744,A8,S13_P3,,18,24.768051143044197,0.8736679870791284,4.241879994185346,2.0794901572748574
Abell2744,A8,S13_P3,,19,29.454342644059437,0.6422237061086459,1.7627226752381315,2.0794901572748574
Abell2744,A8,S13_P4,,0,1.0946035575013604,1005.6098512765598,1994.7591150598266,0.22695369513974037
Abell2744,A8,S13_P4,,1,1.301710338687908,0.0,0.0,0.22695369513974037
Abell2744,A8,S13_P4,,2,1.548003196440262,0.0,0.0,0.22695369513974037
Abell2744,A8,S13_P4,,3,1.8408964152537144,0.0,0.0,0.22695369513974037
Abell2744,A8,S13_P4,,4,2.189207115002721,383.22647565344613,664.5104358712582,0.22695369513974037
Abell2744,A8,S13_P4,,5,2.6034206773758157,0.0,0.0,0.22695369513974037
Abell2744,A8,S13_P4,,6,3.0960063928805237,435.1464219721048,363.1366324374952,0.22695369513974037
Abell2744,A8,S13_P4,,7,3.681792830507429,0.0,0.0,0.22695369513974037
Abell2744,A8,S13_P4,,8,4.378414230005442,265.320692505712,232.85454403178508,0.22695369513974037
Abell2744,A8,S13_P4,,9,5.206841354751632,119.787102454825,193.66643517503968,0.22695369513974037
Abell2744,A8,S13_P4,,10,6.192012785761049,80.73139333055555,144.85589420492346,0.22695369513974037
Abell2744,A8,S13_P4,,11,7.363585661014858,92.35301425460432,106.91448102581904,0.22695369513974037
Abell2744,A8,S13_P4,,12,8.756828460010883,56.95796041295196,72.93039364697736,0.22695369513974037
Abell2744,A8,S13_P4,,13,10.413682709503263,35.212481836437206,41.62619108369093,0.22695369513974037
Abell2744,A8,S13_P4,,14,12.384025571522095,30.099176165070283,38.26286210197192,0.22695369513974037
Abell2744,A8,S13_P4,,15,14.727171322029715,23.749116535106133,29.92416048316869,0.22695369513974037
Abell2744,A8,S13_P4,,16,17.513656920021766,16.924714632898546,14.089999696768968,0.22695369513974037
Abell2744,A8,S13_P4,,17,20.82736541900653,14.624114289129764,6.925606466689477,0.22695369513974037
Abell2744,A8,S13_P4,,18,24.768051143044197,11.706616727680045,4.241879994185346,0.22695369513974037
Abell2744,A8,S13_P4,,19,29.454342644059437,7.8290273132379395,1.7627226752381315,0.22695369513974037
Abell2744,A8,S19,kappa,0,1.0946035575013604,43.09268382612091,1994.7591150598266,0.8556167589034841
Abell2744,A8,S19,kappa,1,1.301710338687908,0.0,0.0,0.8556167589034841
Abell2744,A8,S19,kappa,2,1.548003196440262,0.0,0.0,0.8556167589034841
Abell2744,A8,S19,kappa,3,1.8408964152537144,0.0,0.0,0.8556167589034841
Abell2744,A8,S19,kappa,4,2.189207115002721,80.40607019996611,664.5104358712582,0.8556167589034841
Abell2744,A8,S19,kappa,5,2.6034206773758157,0.0,0.0,0.8556167589034841
Abell2744,A8,S19,kappa,6,3.0960063928805237,58.67278681491602,363.1366324374952,0.8556167589034841
Abell2744,A8,S19,kappa,7,3.681792830507429,0.0,0.0,0.8556167589034841
Abell2744,A8,S19,kappa,8,4.378414230005442,129.1934341744224,232.85454403178508,0.8556167589034841
Abell2744,A8,S19,kappa,9,5.206841354751632,291.67557646871836,193.66643517503968,0.8556167589034841
Abell2744,A8,S19,kappa,10,6.192012785761049,498.71751338867335,144.85589420492346,0.8556167589034841
Abell2744,A8,S19,kappa,11,7.363585661014858,431.7717954006812,106.91448102581904,0.8556167589034841
Abell2744,A8,S19,kappa,12,8.756828460010883,432.2649058683005,72.93039364697736,0.8556167589034841
Abell2744,A8,S19,kappa,13,10.413682709503263,327.8118517543576,41.62619108369093,0.8556167589034841
Abell2744,A8,S19,kappa,14,12.384025571522095,456.03581654765867,38.26286210197192,0.8556167589034841
Abell2744,A8,S19,kappa,15,14.727171322029715,368.79863059694986,29.92416048316869,0.8556167589034841
Abell2744,A8,S19,kappa,16,17.513656920021766,280.94565763932854,14.089999696768968,0.8556167589034841
Abell2744,A8,S19,kappa,17,20.82736541900653,133.55144610553222,6.925606466689477,0.8556167589034841
Abell2744,A8,S19,kappa,18,24.768051143044197,48.782574832781975,4.241879994185346,0.8556167589034841
Abell2744,A8,S19,kappa,19,29.454342644059437,27.730657055370006,1.7627226752381315,0.8556167589034841
Abell2744,A8,S20,gamma1,0,1.0946035575013604,10.60061708920454,1994.7591150598266,0.7915850216047561
Abell2744,A8,S20,gamma1,1,1.301710338687908,0.0,0.0,0.7915850216047561
Abell2744,A8,S20,gamma1,2,1.548003196440262,0.0,0.0,0.7915850216047561
Abell2744,A8,S20,gamma1,3,1.8408964152537144,0.0,0.0,0.7915850216047561
Abell2744,A8,S20,gamma1,4,2.189207115002721,19.517894428518236,664.5104358712582,0.7915850216047561
Abell2744,A8,S20,gamma1,5,2.6034206773758157,0.0,0.0,0.7915850216047561
Abell2744,A8,S20,gamma1,6,3.0960063928805237,14.143087698674913,363.1366324374952,0.7915850216047561
Abell2744,A8,S20,gamma1,7,3.681792830507429,0.0,0.0,0.7915850216047561
Abell2744,A8,S20,gamma1,8,4.378414230005442,31.9995918011122,232.85454403178508,0.7915850216047561
Abell2744,A8,S20,gamma1,9,5.206841354751632,71.86116526123936,193.66643517503968,0.7915850216047561
Abell2744,A8,S20,gamma1,10,6.192012785761049,122.27589817463925,144.85589420492346,0.7915850216047561
Abell2744,A8,S20,gamma1,11,7.363585661014858,105.33719827546633,106.91448102581904,0.7915850216047561
Abell2744,A8,S20,gamma1,12,8.756828460010883,107.51507439877997,72.93039364697736,0.7915850216047561
Abell2744,A8,S20,gamma1,13,10.413682709503263,81.49484099731535,41.62619108369093,0.7915850216047561
Abell2744,A8,S20,gamma1,14,12.384025571522095,114.11853180130822,38.26286210197192,0.7915850216047561
Abell2744,A8,S20,gamma1,15,14.727171322029715,92.06456567116703,29.92416048316869,0.7915850216047561
Abell2744,A8,S20,gamma1,16,17.513656920021766,70.16109224074432,14.089999696768968,0.7915850216047561
Abell2744,A8,S20,gamma1,17,20.82736541900653,33.393317911085326,6.925606466689477,0.7915850216047561
Abell2744,A8,S20,gamma1,18,24.768051143044197,12.188197867999204,4.241879994185346,0.7915850216047561
Abell2744,A8,S20,gamma1,19,29.454342644059437,6.894159261255862,1.7627226752381315,0.7915850216047561
Abell2744,A8,S20,gamma2,0,1.0946035575013604,1.7579059346624129,1994.7591150598266,0.9539871942892458
Abell2744,A8,S20,gamma2,1,1.301710338687908,0.0,0.0,0.9539871942892458
Abell2744,A8,S20,gamma2,2,1.548003196440262,0.0,0.0,0.9539871942892458
Abell2744,A8,S20,gamma2,3,1.8408964152537144,0.0,0.0,0.9539871942892458
Abell2744,A8,S20,gamma2,4,2.189207115002721,6.542194470937863,664.5104358712582,0.9539871942892458
Abell2744,A8,S20,gamma2,5,2.6034206773758157,0.0,0.0,0.9539871942892458
Abell2744,A8,S20,gamma2,6,3.0960063928805237,16.44572666934247,363.1366324374952,0.9539871942892458
Abell2744,A8,S20,gamma2,7,3.681792830507429,0.0,0.0,0.9539871942892458
Abell2744,A8,S20,gamma2,8,4.378414230005442,24.720502728710233,232.85454403178508,0.9539871942892458
Abell2744,A8,S20,gamma2,9,5.206841354751632,34.77032720170196,193.66643517503968,0.9539871942892458
Abell2744,A8,S20,gamma2,10,6.192012785761049,32.008884377843486,144.85589420492346,0.9539871942892458
Abell2744,A8,S20,gamma2,11,7.363585661014858,27.219130559493053,106.91448102581904,0.9539871942892458
Abell2744,A8,S20,gamma2,12,8.756828460010883,15.115288228994004,72.93039364697736,0.9539871942892458
Abell2744,A8,S20,gamma2,13,10.413682709503263,26.89449680225329,41.62619108369093,0.9539871942892458
Abell2744,A8,S20,gamma2,14,12.384025571522095,40.39384975996372,38.26286210197192,0.9539871942892458
Abell2744,A8,S20,gamma2,15,14.727171322029715,24.733062357188174,29.92416048316869,0.9539871942892458
Abell2744,A8,S20,gamma2,16,17.513656920021766,11.167326424292447,14.089999696768968,0.9539871942892458
Abell2744,A8,S20,gamma2,17,20.82736541900653,3.4670904233124737,6.925606466689477,0.9539871942892458
Abell2744,A8,S20,gamma2,18,24.768051143044197,2.2972551203234985,4.241879994185346,0.9539871942892458
Abell2744,A8,S20,gamma2,19,29.454342644059437,0.9756772594499673,1.7627226752381315,0.9539871942892458
Abell2744,A8,S20,gamma_mag,0,1.0946035575013604,15.405043494360363,1994.7591150598266,0.6133547350765016
Abell2744,A8,S20,gamma_mag,1,1.301710338687908,0.0,0.0,0.6133547350765016
Abell2744,A8,S20,gamma_mag,2,1.548003196440262,0.0,0.0,0.6133547350765016
Abell2744,A8,S20,gamma_mag,3,1.8408964152537144,0.0,0.0,0.6133547350765016
Abell2744,A8,S20,gamma_mag,4,2.189207115002721,84.33864053473523,664.5104358712582,0.6133547350765016
Abell2744,A8,S20,gamma_mag,5,2.6034206773758157,0.0,0.0,0.6133547350765016
Abell2744,A8,S20,gamma_mag,6,3.0960063928805237,131.3675502450681,363.1366324374952,0.6133547350765016
Abell2744,A8,S20,gamma_mag,7,3.681792830507429,0.0,0.0,0.6133547350765016
Abell2744,A8,S20,gamma_mag,8,4.378414230005442,85.87345372753045,232.85454403178508,0.6133547350765016
Abell2744,A8,S20,gamma_mag,9,5.206841354751632,48.77883219843697,193.66643517503968,0.6133547350765016
Abell2744,A8,S20,gamma_mag,10,6.192012785761049,95.2569269611589,144.85589420492346,0.6133547350765016
Abell2744,A8,S20,gamma_mag,11,7.363585661014858,99.59891057230578,106.91448102581904,0.6133547350765016
Abell2744,A8,S20,gamma_mag,12,8.756828460010883,34.75453524153218,72.93039364697736,0.6133547350765016
Abell2744,A8,S20,gamma_mag,13,10.413682709503263,13.335263019504092,41.62619108369093,0.6133547350765016
Abell2744,A8,S20,gamma_mag,14,12.384025571522095,18.162924981312415,38.26286210197192,0.6133547350765016
Abell2744,A8,S20,gamma_mag,15,14.727171322029715,10.616205807758778,29.92416048316869,0.6133547350765016
Abell2744,A8,S20,gamma_mag,16,17.513656920021766,10.82876624198823,14.089999696768968,0.6133547350765016
Abell2744,A8,S20,gamma_mag,17,20.82736541900653,10.907481178809357,6.925606466689477,0.6133547350765016
Abell2744,A8,S20,gamma_mag,18,24.768051143044197,12.50578196273705,4.241879994185346,0.6133547350765016
Abell2744,A8,S20,gamma_mag,19,29.454342644059437,9.811010488142546,1.7627226752381315,0.6133547350765016
MACS0416,C10,S00,,0,1.0946035575013604,658.6800724310642,658.6800724310642,0.0
MACS0416,C10,S00,,1,1.301710338687908,0.0,0.0,0.0
MACS0416,C10,S00,,2,1.548003196440262,0.0,0.0,0.0
MACS0416,C10,S00,,3,1.8408964152537144,0.0,0.0,0.0
MACS0416,C10,S00,,4,2.189207115002721,787.189329564421,787.189329564421,0.0
MACS0416,C10,S00,,5,2.6034206773758157,0.0,0.0,0.0
MACS0416,C10,S00,,6,3.0960063928805237,508.82015673363696,508.82015673363696,0.0
MACS0416,C10,S00,,7,3.681792830507429,0.0,0.0,0.0
MACS0416,C10,S00,,8,4.378414230005442,290.7371440773423,290.7371440773423,0.0
MACS0416,C10,S00,,9,5.206841354751632,246.1610189233058,246.1610189233058,0.0
MACS0416,C10,S00,,10,6.192012785761049,135.44631001854577,135.44631001854577,0.0
MACS0416,C10,S00,,11,7.363585661014858,97.57975028575925,97.57975028575925,0.0
MACS0416,C10,S00,,12,8.756828460010883,79.05779043304962,79.05779043304962,0.0
MACS0416,C10,S00,,13,10.413682709503263,44.53982173687385,44.53982173687385,0.0
MACS0416,C10,S00,,14,12.384025571522095,31.181572029169697,31.181572029169697,0.0
MACS0416,C10,S00,,15,14.727171322029715,16.168589460378602,16.168589460378602,0.0
MACS0416,C10,S00,,16,17.513656920021766,10.173535509717802,10.173535509717802,0.0
MACS0416,C10,S00,,17,20.82736541900653,5.9489155924468236,5.9489155924468236,0.0
MACS0416,C10,S00,,18,24.768051143044197,2.962797138480938,2.962797138480938,0.0
MACS0416,C10,S00,,19,29.454342644059437,1.6370348359640985,1.6370348359640985,0.0
MACS0416,C10,S01,,0,1.0946035575013604,21.341234346766477,658.6800724310642,1.2899058589545647
MACS0416,C10,S01,,1,1.301710338687908,0.0,0.0,1.2899058589545647
MACS0416,C10,S01,,2,1.548003196440262,0.0,0.0,1.2899058589545647
MACS0416,C10,S01,,3,1.8408964152537144,0.0,0.0,1.2899058589545647
MACS0416,C10,S01,,4,2.189207115002721,25.504934277887234,787.189329564421,1.2899058589545647
MACS0416,C10,S01,,5,2.6034206773758157,0.0,0.0,1.2899058589545647
MACS0416,C10,S01,,6,3.0960063928805237,16.485773078169835,508.82015673363696,1.2899058589545647
MACS0416,C10,S01,,7,3.681792830507429,0.0,0.0,1.2899058589545647
MACS0416,C10,S01,,8,4.378414230005442,9.41988346810589,290.7371440773423,1.2899058589545647
MACS0416,C10,S01,,9,5.206841354751632,7.975617013115107,246.1610189233058,1.2899058589545647
MACS0416,C10,S01,,10,6.192012785761049,4.3884604446008835,135.44631001854577,1.2899058589545647
MACS0416,C10,S01,,11,7.363585661014858,3.1615839092585993,97.57975028575925,1.2899058589545647
MACS0416,C10,S01,,12,8.756828460010883,2.561472410030807,79.05779043304962,1.2899058589545647
MACS0416,C10,S01,,13,10.413682709503263,1.4430902242747123,44.53982173687385,1.2899058589545647
MACS0416,C10,S01,,14,12.384025571522095,1.0102829337450983,31.181572029169697,1.2899058589545647
MACS0416,C10,S01,,15,14.727171322029715,0.5238622985162666,16.168589460378602,1.2899058589545647
MACS0416,C10,S01,,16,17.513656920021766,0.32962255051485667,10.173535509717802,1.2899058589545647
MACS0416,C10,S01,,17,20.82736541900653,0.19274486519527703,5.9489155924468236,1.2899058589545647
MACS0416,C10,S01,,18,24.768051143044197,0.0959946272867824,2.962797138480938,1.2899058589545647
MACS0416,C10,S01,,19,29.454342644059437,0.05303992868523679,1.6370348359640985,1.2899058589545647
MACS0416,C10,S02,,0,1.0946035575013604,65.89621341496277,658.6800724310642,0.817449700817539
MACS0416,C10,S02,,1,1.301710338687908,0.0,0.0,0.817449700817539
MACS0416,C10,S02,,2,1.548003196440262,0.0,0.0,0.817449700817539
MACS0416,C10,S02,,3,1.8408964152537144,0.0,0.0,0.817449700817539
MACS0416,C10,S02,,4,2.189207115002721,82.48370752918126,787.189329564421,0.817449700817539
MACS0416,C10,S02,,5,2.6034206773758157,0.0,0.0,0.817449700817539
MACS0416,C10,S02,,6,3.0960063928805237,47.58679988803692,508.82015673363696,0.817449700817539
MACS0416,C10,S02,,7,3.681792830507429,0.0,0.0,0.817449700817539
MACS0416,C10,S02,,8,4.378414230005442,34.530527082089186,290.7371440773423,0.817449700817539
MACS0416,C10,S02,,9,5.206841354751632,17.775708162199578,246.1610189233058,0.817449700817539
MACS0416,C10,S02,,10,6.192012785761049,13.165898846367362,135.44631001854577,0.817449700817539
MACS0416,C10,S02,,11,7.363585661014858,10.938300268253542,97.57975028575925,0.817449700817539
MACS0416,C10,S02,,12,8.756828460010883,5.0893849695249465,79.05779043304962,0.817449700817539
MACS0416,C10,S02,,13,10.413682709503263,3.047281985555946,44.53982173687385,0.817449700817539
MACS0416,C10,S02,,14,12.384025571522095,2.9582624887482014,31.181572029169697,0.817449700817539
MACS0416,C10,S02,,15,14.727171322029715,2.457870249229928,16.168589460378602,0.817449700817539
MACS0416,C10,S02,,16,17.513656920021766,1.7219627150044923,10.173535509717802,0.817449700817539
MACS0416,C10,S02,,17,20.82736541900653,0.9632604441318501,5.9489155924468236,0.817449700817539
MACS0416,C10,S02,,18,24.768051143044197,0.8151618341147913,2.962797138480938,0.817449700817539
MACS0416,C10,S02,,19,29.454342644059437,0.5386926579771949,1.6370348359640985,0.817449700817539
MACS0416,C10,C10-S03,,0,1.0946035575013604,1114.1485126683299,658.6800724310642,0.6621461215414859
MACS0416,C10,C10-S03,,1,1.301710338687908,0.0,0.0,0.6621461215414859
MACS0416,C10,C10-S03,,2,1.548003196440262,0.0,0.0,0.6621461215414859
MACS0416,C10,C10-S03,,3,1.8408964152537144,0.0,0.0,0.6621461215414859
MACS0416,C10,C10-S03,,4,2.189207115002721,818.0146957415906,787.189329564421,0.6621461215414859
MACS0416,C10,C10-S03,,5,2.6034206773758157,0.0,0.0,0.6621461215414859
MACS0416,C10,C10-S03,,6,3.0960063928805237,1248.7250354343892,508.82015673363696,0.6621461215414859
MACS0416,C10,C10-S03,,7,3.681792830507429,0.0,0.0,0.6621461215414859
MACS0416,C10,C10-S03,,8,4.378414230005442,522.1954971269882,290.7371440773423,0.6621461215414859
MACS0416,C10,C10-S03,,9,5.206841354751632,485.04783571294473,246.1610189233058,0.6621461215414859
MACS0416,C10,C10-S03,,10,6.192012785761049,531.9540583641599,135.44631001854577,0.6621461215414859
MACS0416,C10,C10-S03,,11,7.363585661014858,316.25162294991657,97.57975028575925,0.6621461215414859
MACS0416,C10,C10-S03,,12,8.756828460010883,256.0177164851484,79.05779043304962,0.6621461215414859
MACS0416,C10,C10-S03,,13,10.413682709503263,194.91840590114361,44.53982173687385,0.6621461215414859
MACS0416,C10,C10-S03,,14,12.384025571522095,179.30287746910597,31.181572029169697,0.6621461215414859
MACS0416,C10,C10-S03,,15,14.727171322029715,140.1481148102236,16.168589460378602,0.6621461215414859
MACS0416,C10,C10-S03,,16,17.513656920021766,130.76451953591322,10.173535509717802,0.6621461215414859
MACS0416,C10,C10-S03,,17,20.82736541900653,88.57067604204241,5.9489155924468236,0.6621461215414859
MACS0416,C10,C10-S03,,18,24.768051143044197,63.9620215938491,2.962797138480938,0.6621461215414859
MACS0416,C10,C10-S03,,19,29.454342644059437,22.270921255431066,1.6370348359640985,0.6621461215414859
MACS0416,C10,C10-S04,,0,1.0946035575013604,3.2102404909316324,658.6800724310642,0.9865231600666359
MACS0416,C10,C10-S04,,1,1.301710338687908,0.0,0.0,0.9865231600666359
MACS0416,C10,C10-S04,,2,1.548003196440262,0.0,0.0,0.9865231600666359
MACS0416,C10,C10-S04,,3,1.8408964152537144,0.0,0.0,0.9865231600666359
MACS0416,C10,C10-S04,,4,2.189207115002721,13.665650591063836,787.189329564421,0.9865231600666359
MACS0416,C10,C10-S04,,5,2.6034206773758157,0.0,0.0,0.9865231600666359
MACS0416,C10,C10-S04,,6,3.0960063928805237,17.95285527636814,508.82015673363696,0.9865231600666359
MACS0416,C10,C10-S04,,7,3.681792830507429,0.0,0.0,0.9865231600666359
MACS0416,C10,C10-S04,,8,4.378414230005442,17.30127530570569,290.7371440773423,0.9865231600666359
MACS0416,C10,C10-S04,,9,5.206841354751632,17.92981841792143,246.1610189233058,0.9865231600666359
MACS0416,C10,C10-S04,,10,6.192012785761049,14.817937264271803,135.44631001854577,0.9865231600666359
MACS0416,C10,C10-S04,,11,7.363585661014858,10.383571777044457,97.57975028575925,0.9865231600666359
MACS0416,C10,C10-S04,,12,8.756828460010883,13.574699958127166,79.05779043304962,0.9865231600666359
MACS0416,C10,C10-S04,,13,10.413682709503263,9.710560513854766,44.53982173687385,0.9865231600666359
MACS0416,C10,C10-S04,,14,12.384025571522095,7.869525089010282,31.181572029169697,0.9865231600666359
MACS0416,C10,C10-S04,,15,14.727171322029715,4.216907939414649,16.168589460378602,0.9865231600666359
MACS0416,C10,C10-S04,,16,17.513656920021766,2.4758788436808024,10.173535509717802,0.9865231600666359
MACS0416,C10,C10-S04,,17,20.82736541900653,1.048774600761929,5.9489155924468236,0.9865231600666359
MACS0416,C10,C10-S04,,18,24.768051143044197,0.44183857220264044,2.962797138480938,0.9865231600666359
MACS0416,C10,C10-S04,,19,29.454342644059437,0.18546595181759365,1.6370348359640985,0.9865231600666359
MACS0416,C10,C10-S05,,0,1.0946035575013604,0.6688977547448753,658.6800724310642,1.6697661589903545
MACS0416,C10,C10-S05,,1,1.301710338687908,0.0,0.0,1.6697661589903545
MACS0416,C10,C10-S05,,2,1.548003196440262,0.0,0.0,1.6697661589903545
MACS0416,C10,C10-S05,,3,1.8408964152537144,0.0,0.0,1.6697661589903545
MACS0416,C10,C10-S05,,4,2.189207115002721,0.34995853963289253,787.189329564421,1.6697661589903545
MACS0416,C10,C10-S05,,5,2.6034206773758157,0.0,0.0,1.6697661589903545
MACS0416,C10,C10-S05,,6,3.0960063928805237,1.1152499365886757,508.82015673363696,1.6697661589903545
MACS0416,C10,C10-S05,,7,3.681792830507429,0.0,0.0,1.6697661589903545
MACS0416,C10,C10-S05,,8,4.378414230005442,1.4849970728105994,290.7371440773423,1.6697661589903545
MACS0416,C10,C10-S05,,9,5.206841354751632,1.3654377596432485,246.1610189233058,1.6697661589903545
MACS0416,C10,C10-S05,,10,6.192012785761049,0.9253420307149405,135.44631001854577,1.6697661589903545
MACS0416,C10,C10-S05,,11,7.363585661014858,1.1564541026895623,97.57975028575925,1.6697661589903545
MACS0416,C10,C10-S05,,12,8.756828460010883,2.1523620710126825,79.05779043304962,1.6697661589903545
MACS0416,C10,C10-S05,,13,10.413682709503263,1.899287634943904,44.53982173687385,1.6697661589903545
MACS0416,C10,C10-S05,,14,12.384025571522095,2.442327029436524,31.181572029169697,1.6697661589903545
MACS0416,C10,C10-S05,,15,14.727171322029715,1.8527876396159746,16.168589460378602,1.6697661589903545
MACS0416,C10,C10-S05,,16,17.513656920021766,1.3089131616854912,10.173535509717802,1.6697661589903545
MACS0416,C10,C10-S05,,17,20.82736541900653,0.6995239238829464,5.9489155924468236,1.6697661589903545
MACS0416,C10,C10-S05,,18,24.768051143044197,0.4378738453284239,2.962797138480938,1.6697661589903545
MACS0416,C10,C10-S05,,19,29.454342644059437,0.16918582624627176,1.6370348359640985,1.6697661589903545
MACS0416,C10,C10-S06,,0,1.0946035575013604,3.2102404909316324,658.6800724310642,0.9865231600666359
MACS0416,C10,C10-S06,,1,1.301710338687908,0.0,0.0,0.9865231600666359
MACS0416,C10,C10-S06,,2,1.548003196440262,0.0,0.0,0.9865231600666359
MACS0416,C10,C10-S06,,3,1.8408964152537144,0.0,0.0,0.9865231600666359
MACS0416,C10,C10-S06,,4,2.189207115002721,13.665650591063836,787.189329564421,0.9865231600666359
MACS0416,C10,C10-S06,,5,2.6034206773758157,0.0,0.0,0.9865231600666359
MACS0416,C10,C10-S06,,6,3.0960063928805237,17.95285527636814,508.82015673363696,0.9865231600666359
MACS0416,C10,C10-S06,,7,3.681792830507429,0.0,0.0,0.9865231600666359
MACS0416,C10,C10-S06,,8,4.378414230005442,17.30127530570569,290.7371440773423,0.9865231600666359
MACS0416,C10,C10-S06,,9,5.206841354751632,17.92981841792143,246.1610189233058,0.9865231600666359
MACS0416,C10,C10-S06,,10,6.192012785761049,14.817937264271803,135.44631001854577,0.9865231600666359
MACS0416,C10,C10-S06,,11,7.363585661014858,10.383571777044457,97.57975028575925,0.9865231600666359
MACS0416,C10,C10-S06,,12,8.756828460010883,13.574699958127166,79.05779043304962,0.9865231600666359
MACS0416,C10,C10-S06,,13,10.413682709503263,9.710560513854766,44.53982173687385,0.9865231600666359
MACS0416,C10,C10-S06,,14,12.384025571522095,7.869525089010282,31.181572029169697,0.9865231600666359
MACS0416,C10,C10-S06,,15,14.727171322029715,4.216907939414649,16.168589460378602,0.9865231600666359
MACS0416,C10,C10-S06,,16,17.513656920021766,2.4758788436808024,10.173535509717802,0.9865231600666359
MACS0416,C10,C10-S06,,17,20.82736541900653,1.048774600761929,5.9489155924468236,0.9865231600666359
MACS0416,C10,C10-S06,,18,24.768051143044197,0.44183857220264044,2.962797138480938,0.9865231600666359
MACS0416,C10,C10-S06,,19,29.454342644059437,0.18546595181759365,1.6370348359640985,0.9865231600666359
MACS0416,C10,S13_P0,,0,1.0946035575013604,45.3444247387457,658.6800724310642,0.9731394943335642
MACS0416,C10,S13_P0,,1,1.301710338687908,0.0,0.0,0.9731394943335642
MACS0416,C10,S13_P0,,2,1.548003196440262,0.0,0.0,0.9731394943335642
MACS0416,C10,S13_P0,,3,1.8408964152537144,0.0,0.0,0.9731394943335642
MACS0416,C10,S13_P0,,4,2.189207115002721,53.974096618922914,787.189329564421,0.9731394943335642
MACS0416,C10,S13_P0,,5,2.6034206773758157,0.0,0.0,0.9731394943335642
MACS0416,C10,S13_P0,,6,3.0960063928805237,26.040790242349722,508.82015673363696,0.9731394943335642
MACS0416,C10,S13_P0,,7,3.681792830507429,0.0,0.0,0.9731394943335642
MACS0416,C10,S13_P0,,8,4.378414230005442,24.109455838455386,290.7371440773423,0.9731394943335642
MACS0416,C10,S13_P0,,9,5.206841354751632,12.565778723005725,246.1610189233058,0.9731394943335642
MACS0416,C10,S13_P0,,10,6.192012785761049,9.882854752930237,135.44631001854577,0.9731394943335642
MACS0416,C10,S13_P0,,11,7.363585661014858,5.9508262688860265,97.57975028575925,0.9731394943335642
MACS0416,C10,S13_P0,,12,8.756828460010883,2.990420359122775,79.05779043304962,0.9731394943335642
MACS0416,C10,S13_P0,,13,10.413682709503263,2.011798508218777,44.53982173687385,0.9731394943335642
MACS0416,C10,S13_P0,,14,12.384025571522095,2.341226017272062,31.181572029169697,0.9731394943335642
MACS0416,C10,S13_P0,,15,14.727171322029715,1.7950320382235843,16.168589460378602,0.9731394943335642
MACS0416,C10,S13_P0,,16,17.513656920021766,1.2560362116030943,10.173535509717802,0.9731394943335642
MACS0416,C10,S13_P0,,17,20.82736541900653,0.7235047567358496,5.9489155924468236,0.9731394943335642
MACS0416,C10,S13_P0,,18,24.768051143044197,0.49767040054504563,2.962797138480938,0.9731394943335642
MACS0416,C10,S13_P0,,19,29.454342644059437,0.2414540412594357,1.6370348359640985,0.9731394943335642
MACS0416,C10,S13_P3,,0,1.0946035575013604,0.09203982176021927,658.6800724310642,2.1427589078946894
MACS0416,C10,S13_P3,,1,1.301710338687908,0.0,0.0,2.1427589078946894
MACS0416,C10,S13_P3,,2,1.548003196440262,0.0,0.0,2.1427589078946894
MACS0416,C10,S13_P3,,3,1.8408964152537144,0.0,0.0,2.1427589078946894
MACS0416,C10,S13_P3,,4,2.189207115002721,0.2571803920184708,787.189329564421,2.1427589078946894
MACS0416,C10,S13_P3,,5,2.6034206773758157,0.0,0.0,2.1427589078946894
MACS0416,C10,S13_P3,,6,3.0960063928805237,0.2521206760335245,508.82015673363696,2.1427589078946894
MACS0416,C10,S13_P3,,7,3.681792830507429,0.0,0.0,2.1427589078946894
MACS0416,C10,S13_P3,,8,4.378414230005442,0.2928314135238913,290.7371440773423,2.1427589078946894
MACS0416,C10,S13_P3,,9,5.206841354751632,0.29379742335144543,246.1610189233058,2.1427589078946894
MACS0416,C10,S13_P3,,10,6.192012785761049,0.3957897465262578,135.44631001854577,2.1427589078946894
MACS0416,C10,S13_P3,,11,7.363585661014858,0.34642435009179956,97.57975028575925,2.1427589078946894
MACS0416,C10,S13_P3,,12,8.756828460010883,0.3366333818422059,79.05779043304962,2.1427589078946894
MACS0416,C10,S13_P3,,13,10.413682709503263,0.4200264262704383,44.53982173687385,2.1427589078946894
MACS0416,C10,S13_P3,,14,12.384025571522095,0.3358624551252587,31.181572029169697,2.1427589078946894
MACS0416,C10,S13_P3,,15,14.727171322029715,0.2874297069529516,16.168589460378602,2.1427589078946894
MACS0416,C10,S13_P3,,16,17.513656920021766,0.2927857051187184,10.173535509717802,2.1427589078946894
MACS0416,C10,S13_P3,,17,20.82736541900653,0.21520233594551283,5.9489155924468236,2.1427589078946894
MACS0416,C10,S13_P3,,18,24.768051143044197,0.18898818518484384,2.962797138480938,2.1427589078946894
MACS0416,C10,S13_P3,,19,29.454342644059437,0.10672069749793016,1.6370348359640985,2.1427589078946894
MACS0416,C10,S13_P4,,0,1.0946035575013604,41.69812248447593,658.6800724310642,0.9710276816277092
MACS0416,C10,S13_P4,,1,1.301710338687908,0.0,0.0,0.9710276816277092
MACS0416,C10,S13_P4,,2,1.548003196440262,0.0,0.0,0.9710276816277092
MACS0416,C10,S13_P4,,3,1.8408964152537144,0.0,0.0,0.9710276816277092
MACS0416,C10,S13_P4,,4,2.189207115002721,50.434144789397926,787.189329564421,0.9710276816277092
MACS0416,C10,S13_P4,,5,2.6034206773758157,0.0,0.0,0.9710276816277092
MACS0416,C10,S13_P4,,6,3.0960063928805237,24.169999324289478,508.82015673363696,0.9710276816277092
MACS0416,C10,S13_P4,,7,3.681792830507429,0.0,0.0,0.9710276816277092
MACS0416,C10,S13_P4,,8,4.378414230005442,22.7948727488086,290.7371440773423,0.9710276816277092
MACS0416,C10,S13_P4,,9,5.206841354751632,12.14121508791212,246.1610189233058,0.9710276816277092
MACS0416,C10,S13_P4,,10,6.192012785761049,9.329345073391274,135.44631001854577,0.9710276816277092
MACS0416,C10,S13_P4,,11,7.363585661014858,5.447948281969584,97.57975028575925,0.9710276816277092
MACS0416,C10,S13_P4,,12,8.756828460010883,2.9746003635920193,79.05779043304962,0.9710276816277092
MACS0416,C10,S13_P4,,13,10.413682709503263,2.037063728320461,44.53982173687385,0.9710276816277092
MACS0416,C10,S13_P4,,14,12.384025571522095,2.39035826008804,31.181572029169697,0.9710276816277092
MACS0416,C10,S13_P4,,15,14.727171322029715,1.8768803670605685,16.168589460378602,0.9710276816277092
MACS0416,C10,S13_P4,,16,17.513656920021766,1.3583128220480538,10.173535509717802,0.9710276816277092
MACS0416,C10,S13_P4,,17,20.82736541900653,0.8316883158542213,5.9489155924468236,0.9710276816277092
MACS0416,C10,S13_P4,,18,24.768051143044197,0.6219520969547032,2.962797138480938,0.9710276816277092
MACS0416,C10,S13_P4,,19,29.454342644059437,0.3225356999568082,1.6370348359640985,0.9710276816277092
MACS0416,C10,S19,kappa,0,1.0946035575013604,4.288727698464282,658.6800724310642,0.9378012494438668
MACS0416,C10,S19,kappa,1,1.301710338687908,0.0,0.0,0.9378012494438668
MACS0416,C10,S19,kappa,2,1.548003196440262,0.0,0.0,0.9378012494438668
MACS0416,C10,S19,kappa,3,1.8408964152537144,0.0,0.0,0.9378012494438668
MACS0416,C10,S19,kappa,4,2.189207115002721,5.340609290262649,787.189329564421,0.9378012494438668
MACS0416,C10,S19,kappa,5,2.6034206773758157,0.0,0.0,0.9378012494438668
MACS0416,C10,S19,kappa,6,3.0960063928805237,10.714087201123762,508.82015673363696,0.9378012494438668
MACS0416,C10,S19,kappa,7,3.681792830507429,0.0,0.0,0.9378012494438668
MACS0416,C10,S19,kappa,8,4.378414230005442,23.392690062533816,290.7371440773423,0.9378012494438668
MACS0416,C10,S19,kappa,9,5.206841354751632,28.7240900470237,246.1610189233058,0.9378012494438668
MACS0416,C10,S19,kappa,10,6.192012785761049,10.643170389396882,135.44631001854577,0.9378012494438668
MACS0416,C10,S19,kappa,11,7.363585661014858,7.9792878351803855,97.57975028575925,0.9378012494438668
MACS0416,C10,S19,kappa,12,8.756828460010883,13.01392300860884,79.05779043304962,0.9378012494438668
MACS0416,C10,S19,kappa,13,10.413682709503263,26.74230500218549,44.53982173687385,0.9378012494438668
MACS0416,C10,S19,kappa,14,12.384025571522095,55.28565816231304,31.181572029169697,0.9378012494438668
MACS0416,C10,S19,kappa,15,14.727171322029715,28.358090667991497,16.168589460378602,0.9378012494438668
MACS0416,C10,S19,kappa,16,17.513656920021766,7.853280513656923,10.173535509717802,0.9378012494438668
MACS0416,C10,S19,kappa,17,20.82736541900653,5.99062125744496,5.9489155924468236,0.9378012494438668
MACS0416,C10,S19,kappa,18,24.768051143044197,3.938643850036933,2.962797138480938,0.9378012494438668
MACS0416,C10,S19,kappa,19,29.454342644059437,2.120530087112694,1.6370348359640985,0.9378012494438668
MACS0416,C10,S20,gamma1,0,1.0946035575013604,1.0452203747097937,658.6800724310642,1.3396681002946103
MACS0416,C10,S20,gamma1,1,1.301710338687908,0.0,0.0,1.3396681002946103
MACS0416,C10,S20,gamma1,2,1.548003196440262,0.0,0.0,1.3396681002946103
MACS0416,C10,S20,gamma1,3,1.8408964152537144,0.0,0.0,1.3396681002946103
MACS0416,C10,S20,gamma1,4,2.189207115002721,1.3284612257870387,787.189329564421,1.3396681002946103
MACS0416,C10,S20,gamma1,5,2.6034206773758157,0.0,0.0,1.3396681002946103
MACS0416,C10,S20,gamma1,6,3.0960063928805237,2.69467767932767,508.82015673363696,1.3396681002946103
MACS0416,C10,S20,gamma1,7,3.681792830507429,0.0,0.0,1.3396681002946103
MACS0416,C10,S20,gamma1,8,4.378414230005442,5.845938991480954,290.7371440773423,1.3396681002946103
MACS0416,C10,S20,gamma1,9,5.206841354751632,7.178450086766749,246.1610189233058,1.3396681002946103
MACS0416,C10,S20,gamma1,10,6.192012785761049,2.656042941361393,135.44631001854577,1.3396681002946103
MACS0416,C10,S20,gamma1,11,7.363585661014858,1.9948943794212897,97.57975028575925,1.3396681002946103
MACS0416,C10,S20,gamma1,12,8.756828460010883,3.2659586381085393,79.05779043304962,1.3396681002946103
MACS0416,C10,S20,gamma1,13,10.413682709503263,6.707435054240053,44.53982173687385,1.3396681002946103
MACS0416,C10,S20,gamma1,14,12.384025571522095,13.8150039438111,31.181572029169697,1.3396681002946103
MACS0416,C10,S20,gamma1,15,14.727171322029715,7.081191443039744,16.168589460378602,1.3396681002946103
MACS0416,C10,S20,gamma1,16,17.513656920021766,1.9633862537639155,10.173535509717802,1.3396681002946103
MACS0416,C10,S20,gamma1,17,20.82736541900653,1.5001194930393684,5.9489155924468236,1.3396681002946103
MACS0416,C10,S20,gamma1,18,24.768051143044197,0.983782847195533,2.962797138480938,1.3396681002946103
MACS0416,C10,S20,gamma1,19,29.454342644059437,0.5287232145249393,1.6370348359640985,1.3396681002946103
MACS0416,C10,S20,gamma2,0,1.0946035575013604,0.45772380905231674,658.6800724310642,1.722763588141899
MACS0416,C10,S20,gamma2,1,1.301710338687908,0.0,0.0,1.722763588141899
MACS0416,C10,S20,gamma2,2,1.548003196440262,0.0,0.0,1.722763588141899
MACS0416,C10,S20,gamma2,3,1.8408964152537144,0.0,0.0,1.722763588141899
MACS0416,C10,S20,gamma2,4,2.189207115002721,1.1536615072180156,787.189329564421,1.722763588141899
MACS0416,C10,S20,gamma2,5,2.6034206773758157,0.0,0.0,1.722763588141899
MACS0416,C10,S20,gamma2,6,3.0960063928805237,2.5581654622234904,508.82015673363696,1.722763588141899
MACS0416,C10,S20,gamma2,7,3.681792830507429,0.0,0.0,1.722763588141899
MACS0416,C10,S20,gamma2,8,4.378414230005442,3.2796918148663488,290.7371440773423,1.722763588141899
MACS0416,C10,S20,gamma2,9,5.206841354751632,2.57206090059399,246.1610189233058,1.722763588141899
MACS0416,C10,S20,gamma2,10,6.192012785761049,1.2499768184741384,135.44631001854577,1.722763588141899
MACS0416,C10,S20,gamma2,11,7.363585661014858,1.0491006967889145,97.57975028575925,1.722763588141899
MACS0416,C10,S20,gamma2,12,8.756828460010883,1.5133182159674106,79.05779043304962,1.722763588141899
MACS0416,C10,S20,gamma2,13,10.413682709503263,2.0845015489206453,44.53982173687385,1.722763588141899
MACS0416,C10,S20,gamma2,14,12.384025571522095,1.018750602922958,31.181572029169697,1.722763588141899
MACS0416,C10,S20,gamma2,15,14.727171322029715,0.49937819296489705,16.168589460378602,1.722763588141899
MACS0416,C10,S20,gamma2,16,17.513656920021766,0.3121814251749324,10.173535509717802,1.722763588141899
MACS0416,C10,S20,gamma2,17,20.82736541900653,0.13574665508779862,5.9489155924468236,1.722763588141899
MACS0416,C10,S20,gamma2,18,24.768051143044197,0.06108918284197029,2.962797138480938,1.722763588141899
MACS0416,C10,S20,gamma2,19,29.454342644059437,0.024947170973610756,1.6370348359640985,1.722763588141899
MACS0416,C10,S20,gamma_mag,0,1.0946035575013604,5.644997354253258,658.6800724310642,1.2754048826015476
MACS0416,C10,S20,gamma_mag,1,1.301710338687908,0.0,0.0,1.2754048826015476
MACS0416,C10,S20,gamma_mag,2,1.548003196440262,0.0,0.0,1.2754048826015476
MACS0416,C10,S20,gamma_mag,3,1.8408964152537144,0.0,0.0,1.2754048826015476
MACS0416,C10,S20,gamma_mag,4,2.189207115002721,11.181499438099031,787.189329564421,1.2754048826015476
MACS0416,C10,S20,gamma_mag,5,2.6034206773758157,0.0,0.0,1.2754048826015476
MACS0416,C10,S20,gamma_mag,6,3.0960063928805237,10.376422980486677,508.82015673363696,1.2754048826015476
MACS0416,C10,S20,gamma_mag,7,3.681792830507429,0.0,0.0,1.2754048826015476
MACS0416,C10,S20,gamma_mag,8,4.378414230005442,7.3261780224745126,290.7371440773423,1.2754048826015476
MACS0416,C10,S20,gamma_mag,9,5.206841354751632,4.757081963351073,246.1610189233058,1.2754048826015476
MACS0416,C10,S20,gamma_mag,10,6.192012785761049,5.0188051618600715,135.44631001854577,1.2754048826015476
MACS0416,C10,S20,gamma_mag,11,7.363585661014858,3.2478868786538455,97.57975028575925,1.2754048826015476
MACS0416,C10,S20,gamma_mag,12,8.756828460010883,1.729069024132119,79.05779043304962,1.2754048826015476
MACS0416,C10,S20,gamma_mag,13,10.413682709503263,1.3085745788178595,44.53982173687385,1.2754048826015476
MACS0416,C10,S20,gamma_mag,14,12.384025571522095,0.9236594382983501,31.181572029169697,1.2754048826015476
MACS0416,C10,S20,gamma_mag,15,14.727171322029715,0.8809815140830424,16.168589460378602,1.2754048826015476
MACS0416,C10,S20,gamma_mag,16,17.513656920021766,0.5824745815868353,10.173535509717802,1.2754048826015476
MACS0416,C10,S20,gamma_mag,17,20.82736541900653,0.4734121850377748,5.9489155924468236,1.2754048826015476
MACS0416,C10,S20,gamma_mag,18,24.768051143044197,1.024784048536297,2.962797138480938,1.2754048826015476
MACS0416,C10,S20,gamma_mag,19,29.454342644059437,0.5008656649346478,1.6370348359640985,1.2754048826015476
MACS0416,A8,S00,,0,1.0946035575013604,21.520470697268987,658.6800724310642,1.2790650923705877
MACS0416,A8,S00,,1,1.301710338687908,0.0,0.0,1.2790650923705877
MACS0416,A8,S00,,2,1.548003196440262,0.0,0.0,1.2790650923705877
MACS0416,A8,S00,,3,1.8408964152537144,0.0,0.0,1.2790650923705877
MACS0416,A8,S00,,4,2.189207115002721,25.683911556401256,787.189329564421,1.2790650923705877
MACS0416,A8,S00,,5,2.6034206773758157,0.0,0.0,1.2790650923705877
MACS0416,A8,S00,,6,3.0960063928805237,16.690412328566417,508.82015673363696,1.2790650923705877
MACS0416,A8,S00,,7,3.681792830507429,0.0,0.0,1.2790650923705877
MACS0416,A8,S00,,8,4.378414230005442,9.403077307177098,290.7371440773423,1.2790650923705877
MACS0416,A8,S00,,9,5.206841354751632,7.988322984029597,246.1610189233058,1.2790650923705877
MACS0416,A8,S00,,10,6.192012785761049,4.394300539672987,135.44631001854577,1.2790650923705877
MACS0416,A8,S00,,11,7.363585661014858,3.1281364717249596,97.57975028575925,1.2790650923705877
MACS0416,A8,S00,,12,8.756828460010883,2.526738927292703,79.05779043304962,1.2790650923705877
MACS0416,A8,S00,,13,10.413682709503263,1.4294850556478607,44.53982173687385,1.2790650923705877
MACS0416,A8,S00,,14,12.384025571522095,1.0290791570357554,31.181572029169697,1.2790650923705877
MACS0416,A8,S00,,15,14.727171322029715,0.5149630127977978,16.168589460378602,1.2790650923705877
MACS0416,A8,S00,,16,17.513656920021766,0.35004086489345015,10.173535509717802,1.2790650923705877
MACS0416,A8,S00,,17,20.82736541900653,0.19594345517053555,5.9489155924468236,1.2790650923705877
MACS0416,A8,S00,,18,24.768051143044197,0.10869155335495868,2.962797138480938,1.2790650923705877
MACS0416,A8,S00,,19,29.454342644059437,0.06777515983953815,1.6370348359640985,1.2790650923705877
MACS0416,A8,S01,,0,1.0946035575013604,21.520470697268987,658.6800724310642,1.2790650923705877
MACS0416,A8,S01,,1,1.301710338687908,0.0,0.0,1.2790650923705877
MACS0416,A8,S01,,2,1.548003196440262,0.0,0.0,1.2790650923705877
MACS0416,A8,S01,,3,1.8408964152537144,0.0,0.0,1.2790650923705877
MACS0416,A8,S01,,4,2.189207115002721,25.683911556401256,787.189329564421,1.2790650923705877
MACS0416,A8,S01,,5,2.6034206773758157,0.0,0.0,1.2790650923705877
MACS0416,A8,S01,,6,3.0960063928805237,16.690412328566417,508.82015673363696,1.2790650923705877
MACS0416,A8,S01,,7,3.681792830507429,0.0,0.0,1.2790650923705877
MACS0416,A8,S01,,8,4.378414230005442,9.403077307177098,290.7371440773423,1.2790650923705877
MACS0416,A8,S01,,9,5.206841354751632,7.988322984029597,246.1610189233058,1.2790650923705877
MACS0416,A8,S01,,10,6.192012785761049,4.394300539672987,135.44631001854577,1.2790650923705877
MACS0416,A8,S01,,11,7.363585661014858,3.1281364717249596,97.57975028575925,1.2790650923705877
MACS0416,A8,S01,,12,8.756828460010883,2.526738927292703,79.05779043304962,1.2790650923705877
MACS0416,A8,S01,,13,10.413682709503263,1.4294850556478607,44.53982173687385,1.2790650923705877
MACS0416,A8,S01,,14,12.384025571522095,1.0290791570357554,31.181572029169697,1.2790650923705877
MACS0416,A8,S01,,15,14.727171322029715,0.5149630127977978,16.168589460378602,1.2790650923705877
MACS0416,A8,S01,,16,17.513656920021766,0.35004086489345015,10.173535509717802,1.2790650923705877
MACS0416,A8,S01,,17,20.82736541900653,0.19594345517053555,5.9489155924468236,1.2790650923705877
MACS0416,A8,S01,,18,24.768051143044197,0.10869155335495868,2.962797138480938,1.2790650923705877
MACS0416,A8,S01,,19,29.454342644059437,0.06777515983953815,1.6370348359640985,1.2790650923705877
MACS0416,A8,S02,,0,1.0946035575013604,1014.7450771563717,658.6800724310642,0.3010049433980644
MACS0416,A8,S02,,1,1.301710338687908,0.0,0.0,0.3010049433980644
MACS0416,A8,S02,,2,1.548003196440262,0.0,0.0,0.3010049433980644
MACS0416,A8,S02,,3,1.8408964152537144,0.0,0.0,0.3010049433980644
MACS0416,A8,S02,,4,2.189207115002721,1255.4904942470257,787.189329564421,0.3010049433980644
MACS0416,A8,S02,,5,2.6034206773758157,0.0,0.0,0.3010049433980644
MACS0416,A8,S02,,6,3.0960063928805237,691.4169123508998,508.82015673363696,0.3010049433980644
MACS0416,A8,S02,,7,3.681792830507429,0.0,0.0,0.3010049433980644
MACS0416,A8,S02,,8,4.378414230005442,513.1276406609835,290.7371440773423,0.3010049433980644
MACS0416,A8,S02,,9,5.206841354751632,277.72056340917237,246.1610189233058,0.3010049433980644
MACS0416,A8,S02,,10,6.192012785761049,207.5810606945252,135.44631001854577,0.3010049433980644
MACS0416,A8,S02,,11,7.363585661014858,160.1448468817612,97.57975028575925,0.3010049433980644
MACS0416,A8,S02,,12,8.756828460010883,77.87181050465833,79.05779043304962,0.3010049433980644
MACS0416,A8,S02,,13,10.413682709503263,46.77116096876722,44.53982173687385,0.3010049433980644
MACS0416,A8,S02,,14,12.384025571522095,47.32966166498699,31.181572029169697,0.3010049433980644
MACS0416,A8,S02,,15,14.727171322029715,40.261020368024916,16.168589460378602,0.3010049433980644
MACS0416,A8,S02,,16,17.513656920021766,28.099491889818697,10.173535509717802,0.3010049433980644
MACS0416,A8,S02,,17,20.82736541900653,16.205436406611934,5.9489155924468236,0.3010049433980644
MACS0416,A8,S02,,18,24.768051143044197,13.5549524422728,2.962797138480938,0.3010049433980644
MACS0416,A8,S02,,19,29.454342644059437,9.215349740945618,1.6370348359640985,0.3010049433980644
MACS0416,A8,A8-S03,,0,1.0946035575013604,21.703950556256512,658.6800724310642,1.3532337976710953
MACS0416,A8,A8-S03,,1,1.301710338687908,0.0,0.0,1.3532337976710953
MACS0416,A8,A8-S03,,2,1.548003196440262,0.0,0.0,1.3532337976710953
MACS0416,A8,A8-S03,,3,1.8408964152537144,0.0,0.0,1.3532337976710953
MACS0416,A8,A8-S03,,4,2.189207115002721,25.457966578812844,787.189329564421,1.3532337976710953
MACS0416,A8,A8-S03,,5,2.6034206773758157,0.0,0.0,1.3532337976710953
MACS0416,A8,A8-S03,,6,3.0960063928805237,16.572126165227846,508.82015673363696,1.3532337976710953
MACS0416,A8,A8-S03,,7,3.681792830507429,0.0,0.0,1.3532337976710953
MACS0416,A8,A8-S03,,8,4.378414230005442,9.124565469456778,290.7371440773423,1.3532337976710953
MACS0416,A8,A8-S03,,9,5.206841354751632,7.616856740493238,246.1610189233058,1.3532337976710953
MACS0416,A8,A8-S03,,10,6.192012785761049,4.073173194563468,135.44631001854577,1.3532337976710953
MACS0416,A8,A8-S03,,11,7.363585661014858,2.8438382452697923,97.57975028575925,1.3532337976710953
MACS0416,A8,A8-S03,,12,8.756828460010883,2.1904111903875823,79.05779043304962,1.3532337976710953
MACS0416,A8,A8-S03,,13,10.413682709503263,1.1780338874119485,44.53982173687385,1.3532337976710953
MACS0416,A8,A8-S03,,14,12.384025571522095,0.8077801502350157,31.181572029169697,1.3532337976710953
MACS0416,A8,A8-S03,,15,14.727171322029715,0.37199705828911733,16.168589460378602,1.3532337976710953
MACS0416,A8,A8-S03,,16,17.513656920021766,0.244874539345072,10.173535509717802,1.3532337976710953
MACS0416,A8,A8-S03,,17,20.82736541900653,0.1204734144003687,5.9489155924468236,1.3532337976710953
MACS0416,A8,A8-S03,,18,24.768051143044197,0.06751404351074337,2.962797138480938,1.3532337976710953
MACS0416,A8,A8-S03,,19,29.454342644059437,0.04346307352336629,1.6370348359640985,1.3532337976710953
MACS0416,A8,A8-S04,,0,1.0946035575013604,21.70297724819873,658.6800724310642,1.3586319655473809
MACS0416,A8,A8-S04,,1,1.301710338687908,0.0,0.0,1.3586319655473809
MACS0416,A8,A8-S04,,2,1.548003196440262,0.0,0.0,1.3586319655473809
MACS0416,A8,A8-S04,,3,1.8408964152537144,0.0,0.0,1.3586319655473809
MACS0416,A8,A8-S04,,4,2.189207115002721,25.43641372094186,787.189329564421,1.3586319655473809
MACS0416,A8,A8-S04,,5,2.6034206773758157,0.0,0.0,1.3586319655473809
MACS0416,A8,A8-S04,,6,3.0960063928805237,16.554693285445065,508.82015673363696,1.3586319655473809
MACS0416,A8,A8-S04,,7,3.681792830507429,0.0,0.0,1.3586319655473809
MACS0416,A8,A8-S04,,8,4.378414230005442,9.109969657690874,290.7371440773423,1.3586319655473809
MACS0416,A8,A8-S04,,9,5.206841354751632,7.596320059645767,246.1610189233058,1.3586319655473809
MACS0416,A8,A8-S04,,10,6.192012785761049,4.055709355457435,135.44631001854577,1.3586319655473809
MACS0416,A8,A8-S04,,11,7.363585661014858,2.8302242266780993,97.57975028575925,1.3586319655473809
MACS0416,A8,A8-S04,,12,8.756828460010883,2.1743025250003303,79.05779043304962,1.3586319655473809
MACS0416,A8,A8-S04,,13,10.413682709503263,1.1656660062467807,44.53982173687385,1.3586319655473809
MACS0416,A8,A8-S04,,14,12.384025571522095,0.7959435834331732,31.181572029169697,1.3586319655473809
MACS0416,A8,A8-S04,,15,14.727171322029715,0.36514656981007576,16.168589460378602,1.3586319655473809
MACS0416,A8,A8-S04,,16,17.513656920021766,0.2388269935174721,10.173535509717802,1.3586319655473809
MACS0416,A8,A8-S04,,17,20.82736541900653,0.1167087475141177,5.9489155924468236,1.3586319655473809
MACS0416,A8,A8-S04,,18,24.768051143044197,0.064923177795503,2.962797138480938,1.3586319655473809
MACS0416,A8,A8-S04,,19,29.454342644059437,0.04152297205540995,1.6370348359640985,1.3586319655473809
MACS0416,A8,A8-S05,,0,1.0946035575013604,21.48741717351895,658.6800724310642,1.3990479717931534
MACS0416,A8,A8-S05,,1,1.301710338687908,0.0,0.0,1.3990479717931534
MACS0416,A8,A8-S05,,2,1.548003196440262,0.0,0.0,1.3990479717931534
MACS0416,A8,A8-S05,,3,1.8408964152537144,0.0,0.0,1.3990479717931534
MACS0416,A8,A8-S05,,4,2.189207115002721,25.169106937384566,787.189329564421,1.3990479717931534
MACS0416,A8,A8-S05,,5,2.6034206773758157,0.0,0.0,1.3990479717931534
MACS0416,A8,A8-S05,,6,3.0960063928805237,16.285143234653578,508.82015673363696,1.3990479717931534
MACS0416,A8,A8-S05,,7,3.681792830507429,0.0,0.0,1.3990479717931534
MACS0416,A8,A8-S05,,8,4.378414230005442,9.079509297007275,290.7371440773423,1.3990479717931534
MACS0416,A8,A8-S05,,9,5.206841354751632,7.5195404201522695,246.1610189233058,1.3990479717931534
MACS0416,A8,A8-S05,,10,6.192012785761049,3.9855909702537584,135.44631001854577,1.3990479717931534
MACS0416,A8,A8-S05,,11,7.363585661014858,2.8149404253963315,97.57975028575925,1.3990479717931534
MACS0416,A8,A8-S05,,12,8.756828460010883,2.1458504993859924,79.05779043304962,1.3990479717931534
MACS0416,A8,A8-S05,,13,10.413682709503263,1.1312072191940183,44.53982173687385,1.3990479717931534
MACS0416,A8,A8-S05,,14,12.384025571522095,0.7388033172101187,31.181572029169697,1.3990479717931534
MACS0416,A8,A8-S05,,15,14.727171322029715,0.34045056463219814,16.168589460378602,1.3990479717931534
MACS0416,A8,A8-S05,,16,17.513656920021766,0.1986268686051344,10.173535509717802,1.3990479717931534
MACS0416,A8,A8-S05,,17,20.82736541900653,0.09666734733301223,5.9489155924468236,1.3990479717931534
MACS0416,A8,A8-S05,,18,24.768051143044197,0.04516274827338236,2.962797138480938,1.3990479717931534
MACS0416,A8,A8-S05,,19,29.454342644059437,0.02475430444209631,1.6370348359640985,1.3990479717931534
MACS0416,A8,A8-S06,,0,1.0946035575013604,21.4926768236487,658.6800724310642,1.4044226509359288
MACS0416,A8,A8-S06,,1,1.301710338687908,0.0,0.0,1.4044226509359288
MACS0416,A8,A8-S06,,2,1.548003196440262,0.0,0.0,1.4044226509359288
MACS0416,A8,A8-S06,,3,1.8408964152537144,0.0,0.0,1.4044226509359288
MACS0416,A8,A8-S06,,4,2.189207115002721,25.15205388890835,787.189329564421,1.4044226509359288
MACS0416,A8,A8-S06,,5,2.6034206773758157,0.0,0.0,1.4044226509359288
MACS0416,A8,A8-S06,,6,3.0960063928805237,16.272998797196724,508.82015673363696,1.4044226509359288
MACS0416,A8,A8-S06,,7,3.681792830507429,0.0,0.0,1.4044226509359288
MACS0416,A8,A8-S06,,8,4.378414230005442,9.06284394382605,290.7371440773423,1.4044226509359288
MACS0416,A8,A8-S06,,9,5.206841354751632,7.4972421078775255,246.1610189233058,1.4044226509359288
MACS0416,A8,A8-S06,,10,6.192012785761049,3.9667797082769574,135.44631001854577,1.4044226509359288
MACS0416,A8,A8-S06,,11,7.363585661014858,2.7989142599527472,97.57975028575925,1.4044226509359288
MACS0416,A8,A8-S06,,12,8.756828460010883,2.127367094964624,79.05779043304962,1.4044226509359288
MACS0416,A8,A8-S06,,13,10.413682709503263,1.117694767001512,44.53982173687385,1.4044226509359288
MACS0416,A8,A8-S06,,14,12.384025571522095,0.727325674059915,31.181572029169697,1.4044226509359288
MACS0416,A8,A8-S06,,15,14.727171322029715,0.33343458968424444,16.168589460378602,1.4044226509359288
MACS0416,A8,A8-S06,,16,17.513656920021766,0.19376937330164162,10.173535509717802,1.4044226509359288
MACS0416,A8,A8-S06,,17,20.82736541900653,0.09355772181159695,5.9489155924468236,1.4044226509359288
MACS0416,A8,A8-S06,,18,24.768051143044197,0.04360541739114107,2.962797138480938,1.4044226509359288
MACS0416,A8,A8-S06,,19,29.454342644059437,0.02391077590252171,1.6370348359640985,1.4044226509359288
MACS0416,A8,A8-S07,,0,1.0946035575013604,7.1695620767968784e-06,658.6800724310642,6.041327321570278
MACS0416,A8,A8-S07,,1,1.301710338687908,0.0,0.0,6.041327321570278
MACS0416,A8,A8-S07,,2,1.548003196440262,0.0,0.0,6.041327321570278
MACS0416,A8,A8-S07,,3,1.8408964152537144,0.0,0.0,6.041327321570278
MACS0416,A8,A8-S07,,4,2.189207115002721,1.2510170911164762e-05,787.189329564421,6.041327321570278
MACS0416,A8,A8-S07,,5,2.6034206773758157,0.0,0.0,6.041327321570278
MACS0416,A8,A8-S07,,6,3.0960063928805237,6.347327983463204e-06,508.82015673363696,6.041327321570278
MACS0416,A8,A8-S07,,7,3.681792830507429,0.0,0.0,6.041327321570278
MACS0416,A8,A8-S07,,8,4.378414230005442,6.843157951901049e-06,290.7371440773423,6.041327321570278
MACS0416,A8,A8-S07,,9,5.206841354751632,5.769928889412505e-06,246.1610189233058,6.041327321570278
MACS0416,A8,A8-S07,,10,6.192012785761049,7.652929370409451e-06,135.44631001854577,6.041327321570278
MACS0416,A8,A8-S07,,11,7.363585661014858,6.026102115184905e-06,97.57975028575925,6.041327321570278
MACS0416,A8,A8-S07,,12,8.756828460010883,8.568078902223286e-06,79.05779043304962,6.041327321570278
MACS0416,A8,A8-S07,,13,10.413682709503263,6.632502791145466e-06,44.53982173687385,6.041327321570278
MACS0416,A8,A8-S07,,14,12.384025571522095,6.753922883710434e-06,31.181572029169697,6.041327321570278
MACS0416,A8,A8-S07,,15,14.727171322029715,6.056945682033203e-06,16.168589460378602,6.041327321570278
MACS0416,A8,A8-S07,,16,17.513656920021766,6.308569274466751e-06,10.173535509717802,6.041327321570278
MACS0416,A8,A8-S07,,17,20.82736541900653,4.655767794461194e-06,5.9489155924468236,6.041327321570278
MACS0416,A8,A8-S07,,18,24.768051143044197,4.315843418742643e-06,2.962797138480938,6.041327321570278
MACS0416,A8,A8-S07,,19,29.454342644059437,3.906800442019106e-06,1.6370348359640985,6.041327321570278
MACS0416,A8,A8-S08,,0,1.0946035575013604,4.1296677562350013e-07,658.6800724310642,7.109590522186992
MACS0416,A8,A8-S08,,1,1.301710338687908,0.0,0.0,7.109590522186992
MACS0416,A8,A8-S08,,2,1.548003196440262,0.0,0.0,7.109590522186992
MACS0416,A8,A8-S08,,3,1.8408964152537144,0.0,0.0,7.109590522186992
MACS0416,A8,A8-S08,,4,2.189207115002721,7.205858444830903e-07,787.189329564421,7.109590522186992
MACS0416,A8,A8-S08,,5,2.6034206773758157,0.0,0.0,7.109590522186992
MACS0416,A8,A8-S08,,6,3.0960063928805237,3.656060918474806e-07,508.82015673363696,7.109590522186992
MACS0416,A8,A8-S08,,7,3.681792830507429,0.0,0.0,7.109590522186992
MACS0416,A8,A8-S08,,8,4.378414230005442,3.9416589802950045e-07,290.7371440773423,7.109590522186992
MACS0416,A8,A8-S08,,9,5.206841354751632,3.323479040301603e-07,246.1610189233058,7.109590522186992
MACS0416,A8,A8-S08,,10,6.192012785761049,4.4080873173558437e-07,135.44631001854577,7.109590522186992
MACS0416,A8,A8-S08,,11,7.363585661014858,3.4710348183465044e-07,97.57975028575925,7.109590522186992
MACS0416,A8,A8-S08,,12,8.756828460010883,4.935213447680613e-07,79.05779043304962,7.109590522186992
MACS0416,A8,A8-S08,,13,10.413682709503263,3.820321607699791e-07,44.53982173687385,7.109590522186992
MACS0416,A8,A8-S08,,14,12.384025571522095,3.890259581017211e-07,31.181572029169697,7.109590522186992
MACS0416,A8,A8-S08,,15,14.727171322029715,3.4888007128511254e-07,16.168589460378602,7.109590522186992
MACS0416,A8,A8-S08,,16,17.513656920021766,3.633735902092849e-07,10.173535509717802,7.109590522186992
MACS0416,A8,A8-S08,,17,20.82736541900653,2.6817222496096483e-07,5.9489155924468236,7.109590522186992
MACS0416,A8,A8-S08,,18,24.768051143044197,2.485925809195762e-07,2.962797138480938,7.109590522186992
MACS0416,A8,A8-S08,,19,29.454342644059437,2.2503170546030064e-07,1.6370348359640985,7.109590522186992
MACS0416,A8,A8-S09,,0,1.0946035575013604,1.1023918649282876e-05,658.6800724310642,5.880472008405486
MACS0416,A8,A8-S09,,1,1.301710338687908,0.0,0.0,5.880472008405486
MACS0416,A8,A8-S09,,2,1.548003196440262,0.0,0.0,5.880472008405486
MACS0416,A8,A8-S09,,3,1.8408964152537144,0.0,0.0,5.880472008405486
MACS0416,A8,A8-S09,,4,2.189207115002721,1.9235638793006936e-05,787.189329564421,5.880472008405486
MACS0416,A8,A8-S09,,5,2.6034206773758157,0.0,0.0,5.880472008405486
MACS0416,A8,A8-S09,,6,3.0960063928805237,9.759651507373022e-06,508.82015673363696,5.880472008405486
MACS0416,A8,A8-S09,,7,3.681792830507429,0.0,0.0,5.880472008405486
MACS0416,A8,A8-S09,,8,4.378414230005442,1.0522039666843056e-05,290.7371440773423,5.880472008405486
MACS0416,A8,A8-S09,,9,5.206841354751632,8.871842660360667e-06,246.1610189233058,5.880472008405486
MACS0416,A8,A8-S09,,10,6.192012785761049,1.176714419994157e-05,135.44631001854577,5.880472008405486
MACS0416,A8,A8-S09,,11,7.363585661014858,9.26573461230831e-06,97.57975028575925,5.880472008405486
MACS0416,A8,A8-S09,,12,8.756828460010883,1.3174278120058521e-05,79.05779043304962,5.880472008405486
MACS0416,A8,A8-S09,,13,10.413682709503263,1.0198136291665268e-05,44.53982173687385,5.880472008405486
MACS0416,A8,A8-S09,,14,12.384025571522095,1.038483182599317e-05,31.181572029169697,5.880472008405486
MACS0416,A8,A8-S09,,15,14.727171322029715,9.313159680694254e-06,16.168589460378602,5.880472008405486
MACS0416,A8,A8-S09,,16,17.513656920021766,9.700056116420076e-06,10.173535509717802,5.880472008405486
MACS0416,A8,A8-S09,,17,20.82736541900653,7.158708560763535e-06,5.9489155924468236,5.880472008405486
MACS0416,A8,A8-S09,,18,24.768051143044197,6.636040840658688e-06,2.962797138480938,5.880472008405486
MACS0416,A8,A8-S09,,19,29.454342644059437,6.007096359648578e-06,1.6370348359640985,5.880472008405486
MACS0416,A8,A8-S10,,0,1.0946035575013604,21.594959211093,658.6800724310642,1.3827413390741259
MACS0416,A8,A8-S10,,1,1.301710338687908,0.0,0.0,1.3827413390741259
MACS0416,A8,A8-S10,,2,1.548003196440262,0.0,0.0,1.3827413390741259
MACS0416,A8,A8-S10,,3,1.8408964152537144,0.0,0.0,1.3827413390741259
MACS0416,A8,A8-S10,,4,2.189207115002721,25.289229736560635,787.189329564421,1.3827413390741259
MACS0416,A8,A8-S10,,5,2.6034206773758157,0.0,0.0,1.3827413390741259
MACS0416,A8,A8-S10,,6,3.0960063928805237,16.411307110127513,508.82015673363696,1.3827413390741259
MACS0416,A8,A8-S10,,7,3.681792830507429,0.0,0.0,1.3827413390741259
MACS0416,A8,A8-S10,,8,4.378414230005442,9.0836695375777,290.7371440773423,1.3827413390741259
MACS0416,A8,A8-S10,,9,5.206841354751632,7.544473112205883,246.1610189233058,1.3827413390741259
MACS0416,A8,A8-S10,,10,6.192012785761049,4.008183360119031,135.44631001854577,1.3827413390741259
MACS0416,A8,A8-S10,,11,7.363585661014858,2.8121588024693494,97.57975028575925,1.3827413390741259
MACS0416,A8,A8-S10,,12,8.756828460010883,2.147407578421588,79.05779043304962,1.3827413390741259
MACS0416,A8,A8-S10,,13,10.413682709503263,1.1390273855076885,44.53982173687385,1.3827413390741259
MACS0416,A8,A8-S10,,14,12.384025571522095,0.7589330595930597,31.181572029169697,1.3827413390741259
MACS0416,A8,A8-S10,,15,14.727171322029715,0.3468678014743468,16.168589460378602,1.3827413390741259
MACS0416,A8,A8-S10,,16,17.513656920021766,0.2137747556997701,10.173535509717802,1.3827413390741259
MACS0416,A8,A8-S10,,17,20.82736541900653,0.10327092754507285,5.9489155924468236,1.3827413390741259
MACS0416,A8,A8-S10,,18,24.768051143044197,0.05253796022582498,2.962797138480938,1.3827413390741259
MACS0416,A8,A8-S10,,19,29.454342644059437,0.031154153802158187,1.6370348359640985,1.3827413390741259
MACS0416,A8,A8-S11,,0,1.0946035575013604,21.592623160621507,658.6800724310642,1.37749832595354
MACS0416,A8,A8-S11,,1,1.301710338687908,0.0,0.0,1.37749832595354
MACS0416,A8,A8-S11,,2,1.548003196440262,0.0,0.0,1.37749832595354
MACS0416,A8,A8-S11,,3,1.8408964152537144,0.0,0.0,1.37749832595354
MACS0416,A8,A8-S11,,4,2.189207115002721,25.30821542460575,787.189329564421,1.37749832595354
MACS0416,A8,A8-S11,,5,2.6034206773758157,0.0,0.0,1.37749832595354
MACS0416,A8,A8-S11,,6,3.0960063928805237,16.425934267851137,508.82015673363696,1.37749832595354
MACS0416,A8,A8-S11,,7,3.681792830507429,0.0,0.0,1.37749832595354
MACS0416,A8,A8-S11,,8,4.378414230005442,9.099120469310376,290.7371440773423,1.37749832595354
MACS0416,A8,A8-S11,,9,5.206841354751632,7.565746933037632,246.1610189233058,1.37749832595354
MACS0416,A8,A8-S11,,10,6.192012785761049,4.026120155698872,135.44631001854577,1.37749832595354
MACS0416,A8,A8-S11,,11,7.363585661014858,2.826817594906018,97.57975028575925,1.37749832595354
MACS0416,A8,A8-S11,,12,8.756828460010883,2.164464279915954,79.05779043304962,1.37749832595354
MACS0416,A8,A8-S11,,13,10.413682709503263,1.151776764417398,44.53982173687385,1.37749832595354
MACS0416,A8,A8-S11,,14,12.384025571522095,0.7703995137034525,31.181572029169697,1.37749832595354
MACS0416,A8,A8-S11,,15,14.727171322029715,0.35360578099083206,16.168589460378602,1.37749832595354
MACS0416,A8,A8-S11,,16,17.513656920021766,0.2190200236353847,10.173535509717802,1.37749832595354
MACS0416,A8,A8-S11,,17,20.82736541900653,0.10653439508669964,5.9489155924468236,1.37749832595354
MACS0416,A8,A8-S11,,18,24.768051143044197,0.05444151376665107,2.962797138480938,1.37749832595354
MACS0416,A8,A8-S11,,19,29.454342644059437,0.03237675321678002,1.6370348359640985,1.37749832595354
MACS0416,A8,A8-S12,,0,1.0946035575013604,0.0042945654764224355,658.6800724310642,2.888591230144318
MACS0416,A8,A8-S12,,1,1.301710338687908,0.0,0.0,2.888591230144318
MACS0416,A8,A8-S12,,2,1.548003196440262,0.0,0.0,2.888591230144318
MACS0416,A8,A8-S12,,3,1.8408964152537144,0.0,0.0,2.888591230144318
MACS0416,A8,A8-S12,,4,2.189207115002721,0.015609240185799426,787.189329564421,2.888591230144318
MACS0416,A8,A8-S12,,5,2.6034206773758157,0.0,0.0,2.888591230144318
MACS0416,A8,A8-S12,,6,3.0960063928805237,0.01349730936350882,508.82015673363696,2.888591230144318
MACS0416,A8,A8-S12,,7,3.681792830507429,0.0,0.0,2.888591230144318
MACS0416,A8,A8-S12,,8,4.378414230005442,0.01770769711137275,290.7371440773423,2.888591230144318
MACS0416,A8,A8-S12,,9,5.206841354751632,0.035232464615571855,246.1610189233058,2.888591230144318
MACS0416,A8,A8-S12,,10,6.192012785761049,0.04759363100412158,135.44631001854577,2.888591230144318
MACS0416,A8,A8-S12,,11,7.363585661014858,0.04279958463110162,97.57975028575925,2.888591230144318
MACS0416,A8,A8-S12,,12,8.756828460010883,0.07495340714799266,79.05779043304962,2.888591230144318
MACS0416,A8,A8-S12,,13,10.413682709503263,0.08067025063013679,44.53982173687385,2.888591230144318
MACS0416,A8,A8-S12,,14,12.384025571522095,0.10438622056625216,31.181572029169697,2.888591230144318
MACS0416,A8,A8-S12,,15,14.727171322029715,0.0775835099790097,16.168589460378602,2.888591230144318
MACS0416,A8,A8-S12,,16,17.513656920021766,0.08948307433951214,10.173535509717802,2.888591230144318
MACS0416,A8,A8-S12,,17,20.82736541900653,0.07180964175300776,5.9489155924468236,2.888591230144318
MACS0416,A8,A8-S12,,18,24.768051143044197,0.059853181160422035,2.962797138480938,2.888591230144318
MACS0416,A8,A8-S12,,19,29.454342644059437,0.05239076097381379,1.6370348359640985,2.888591230144318
MACS0416,A8,A8-P5,,0,1.0946035575013604,21.594959211093,658.6800724310642,1.3827413390741259
MACS0416,A8,A8-P5,,1,1.301710338687908,0.0,0.0,1.3827413390741259
MACS0416,A8,A8-P5,,2,1.548003196440262,0.0,0.0,1.3827413390741259
MACS0416,A8,A8-P5,,3,1.8408964152537144,0.0,0.0,1.3827413390741259
MACS0416,A8,A8-P5,,4,2.189207115002721,25.289229736560635,787.189329564421,1.3827413390741259
MACS0416,A8,A8-P5,,5,2.6034206773758157,0.0,0.0,1.3827413390741259
MACS0416,A8,A8-P5,,6,3.0960063928805237,16.411307110127513,508.82015673363696,1.3827413390741259
MACS0416,A8,A8-P5,,7,3.681792830507429,0.0,0.0,1.3827413390741259
MACS0416,A8,A8-P5,,8,4.378414230005442,9.0836695375777,290.7371440773423,1.3827413390741259
MACS0416,A8,A8-P5,,9,5.206841354751632,7.544473112205883,246.1610189233058,1.3827413390741259
MACS0416,A8,A8-P5,,10,6.192012785761049,4.008183360119031,135.44631001854577,1.3827413390741259
MACS0416,A8,A8-P5,,11,7.363585661014858,2.8121588024693494,97.57975028575925,1.3827413390741259
MACS0416,A8,A8-P5,,12,8.756828460010883,2.147407578421588,79.05779043304962,1.3827413390741259
MACS0416,A8,A8-P5,,13,10.413682709503263,1.1390273855076885,44.53982173687385,1.3827413390741259
MACS0416,A8,A8-P5,,14,12.384025571522095,0.7589330595930597,31.181572029169697,1.3827413390741259
MACS0416,A8,A8-P5,,15,14.727171322029715,0.3468678014743468,16.168589460378602,1.3827413390741259
MACS0416,A8,A8-P5,,16,17.513656920021766,0.2137747556997701,10.173535509717802,1.3827413390741259
MACS0416,A8,A8-P5,,17,20.82736541900653,0.10327092754507285,5.9489155924468236,1.3827413390741259
MACS0416,A8,A8-P5,,18,24.768051143044197,0.05253796022582498,2.962797138480938,1.3827413390741259
MACS0416,A8,A8-P5,,19,29.454342644059437,0.031154153802158187,1.6370348359640985,1.3827413390741259
MACS0416,A8,A8-P6,,0,1.0946035575013604,0.011471299322875,658.6800724310642,3.295850687809844
MACS0416,A8,A8-P6,,1,1.301710338687908,0.0,0.0,3.295850687809844
MACS0416,A8,A8-P6,,2,1.548003196440262,0.0,0.0,3.295850687809844
MACS0416,A8,A8-P6,,3,1.8408964152537144,0.0,0.0,3.295850687809844
MACS0416,A8,A8-P6,,4,2.189207115002721,0.020016273457863613,787.189329564421,3.295850687809844
MACS0416,A8,A8-P6,,5,2.6034206773758157,0.0,0.0,3.295850687809844
MACS0416,A8,A8-P6,,6,3.0960063928805237,0.010155724773541125,508.82015673363696,3.295850687809844
MACS0416,A8,A8-P6,,7,3.681792830507429,0.0,0.0,3.295850687809844
MACS0416,A8,A8-P6,,8,4.378414230005442,0.010949052723041676,290.7371440773423,3.295850687809844
MACS0416,A8,A8-P6,,9,5.206841354751632,0.009231886223060008,246.1610189233058,3.295850687809844
MACS0416,A8,A8-P6,,10,6.192012785761049,0.012244686992655117,135.44631001854577,3.295850687809844
MACS0416,A8,A8-P6,,11,7.363585661014858,0.009641763384295845,97.57975028575925,3.295850687809844
MACS0416,A8,A8-P6,,12,8.756828460010883,0.013708926243557257,79.05779043304962,3.295850687809844
MACS0416,A8,A8-P6,,13,10.413682709503263,0.010612004465832749,44.53982173687385,3.295850687809844
MACS0416,A8,A8-P6,,14,12.384025571522095,0.010806276613936698,31.181572029169697,3.295850687809844
MACS0416,A8,A8-P6,,15,14.727171322029715,0.009691113091253124,16.168589460378602,3.295850687809844
MACS0416,A8,A8-P6,,16,17.513656920021766,0.010093710839146798,10.173535509717802,3.295850687809844
MACS0416,A8,A8-P6,,17,20.82736541900653,0.007449228471137915,5.9489155924468236,3.295850687809844
MACS0416,A8,A8-P6,,18,24.768051143044197,0.0069053494699882305,2.962797138480938,3.295850687809844
MACS0416,A8,A8-P6,,19,29.454342644059437,0.0062508807072305704,1.6370348359640985,3.295850687809844
MACS0416,A8,S13_P0,,0,1.0946035575013604,927.4572060716832,658.6800724310642,0.19475299261089693
MACS0416,A8,S13_P0,,1,1.301710338687908,0.0,0.0,0.19475299261089693
MACS0416,A8,S13_P0,,2,1.548003196440262,0.0,0.0,0.19475299261089693
MACS0416,A8,S13_P0,,3,1.8408964152537144,0.0,0.0,0.19475299261089693
MACS0416,A8,S13_P0,,4,2.189207115002721,980.0588633973414,787.189329564421,0.19475299261089693
MACS0416,A8,S13_P0,,5,2.6034206773758157,0.0,0.0,0.19475299261089693
MACS0416,A8,S13_P0,,6,3.0960063928805237,550.40263653773,508.82015673363696,0.19475299261089693
MACS0416,A8,S13_P0,,7,3.681792830507429,0.0,0.0,0.19475299261089693
MACS0416,A8,S13_P0,,8,4.378414230005442,410.5076371456046,290.7371440773423,0.19475299261089693
MACS0416,A8,S13_P0,,9,5.206841354751632,220.3079981370805,246.1610189233058,0.19475299261089693
MACS0416,A8,S13_P0,,10,6.192012785761049,160.0042217773461,135.44631001854577,0.19475299261089693
MACS0416,A8,S13_P0,,11,7.363585661014858,106.70675162246984,97.57975028575925,0.19475299261089693
MACS0416,A8,S13_P0,,12,8.756828460010883,51.51548792660067,79.05779043304962,0.19475299261089693
MACS0416,A8,S13_P0,,13,10.413682709503263,30.713492478542054,44.53982173687385,0.19475299261089693
MACS0416,A8,S13_P0,,14,12.384025571522095,35.13325036514452,31.181572029169697,0.19475299261089693
MACS0416,A8,S13_P0,,15,14.727171322029715,28.459067576905152,16.168589460378602,0.19475299261089693
MACS0416,A8,S13_P0,,16,17.513656920021766,19.092654182799095,10.173535509717802,0.19475299261089693
MACS0416,A8,S13_P0,,17,20.82736541900653,10.679423694703969,5.9489155924468236,0.19475299261089693
MACS0416,A8,S13_P0,,18,24.768051143044197,8.388084916733863,2.962797138480938,0.19475299261089693
MACS0416,A8,S13_P0,,19,29.454342644059437,4.909779435204983,1.6370348359640985,0.19475299261089693
MACS0416,A8,S13_P3,,0,1.0946035575013604,0.22333488100402082,658.6800724310642,2.0703134401574266
MACS0416,A8,S13_P3,,1,1.301710338687908,0.0,0.0,2.0703134401574266
MACS0416,A8,S13_P3,,2,1.548003196440262,0.0,0.0,2.0703134401574266
MACS0416,A8,S13_P3,,3,1.8408964152537144,0.0,0.0,2.0703134401574266
MACS0416,A8,S13_P3,,4,2.189207115002721,0.1938758204408692,787.189329564421,2.0703134401574266
MACS0416,A8,S13_P3,,5,2.6034206773758157,0.0,0.0,2.0703134401574266
MACS0416,A8,S13_P3,,6,3.0960063928805237,0.14400888924738245,508.82015673363696,2.0703134401574266
MACS0416,A8,S13_P3,,7,3.681792830507429,0.0,0.0,2.0703134401574266
MACS0416,A8,S13_P3,,8,4.378414230005442,0.2182780496114204,290.7371440773423,2.0703134401574266
MACS0416,A8,S13_P3,,9,5.206841354751632,0.3573790820151096,246.1610189233058,2.0703134401574266
MACS0416,A8,S13_P3,,10,6.192012785761049,0.22370535624968346,135.44631001854577,2.0703134401574266
MACS0416,A8,S13_P3,,11,7.363585661014858,0.3163487231628982,97.57975028575925,2.0703134401574266
MACS0416,A8,S13_P3,,12,8.756828460010883,0.37860848415398546,79.05779043304962,2.0703134401574266
MACS0416,A8,S13_P3,,13,10.413682709503263,0.5028365790335418,44.53982173687385,2.0703134401574266
MACS0416,A8,S13_P3,,14,12.384025571522095,0.651266287837899,31.181572029169697,2.0703134401574266
MACS0416,A8,S13_P3,,15,14.727171322029715,0.7550140640047994,16.168589460378602,2.0703134401574266
MACS0416,A8,S13_P3,,16,17.513656920021766,1.038694997401937,10.173535509717802,2.0703134401574266
MACS0416,A8,S13_P3,,17,20.82736541900653,0.7108585832953312,5.9489155924468236,2.0703134401574266
MACS0416,A8,S13_P3,,18,24.768051143044197,0.6168035340979436,2.962797138480938,2.0703134401574266
MACS0416,A8,S13_P3,,19,29.454342644059437,0.5110488892457504,1.6370348359640985,2.0703134401574266
MACS0416,A8,S13_P4,,0,1.0946035575013604,911.0674390723559,658.6800724310642,0.20119194779579547
MACS0416,A8,S13_P4,,1,1.301710338687908,0.0,0.0,0.20119194779579547
MACS0416,A8,S13_P4,,2,1.548003196440262,0.0,0.0,0.20119194779579547
MACS0416,A8,S13_P4,,3,1.8408964152537144,0.0,0.0,0.20119194779579547
MACS0416,A8,S13_P4,,4,2.189207115002721,966.2031857592085,787.189329564421,0.20119194779579547
MACS0416,A8,S13_P4,,5,2.6034206773758157,0.0,0.0,0.20119194779579547
MACS0416,A8,S13_P4,,6,3.0960063928805237,545.9448029055161,508.82015673363696,0.20119194779579547
MACS0416,A8,S13_P4,,7,3.681792830507429,0.0,0.0,0.20119194779579547
MACS0416,A8,S13_P4,,8,4.378414230005442,405.64777972546426,290.7371440773423,0.20119194779579547
MACS0416,A8,S13_P4,,9,5.206841354751632,219.38990961409118,246.1610189233058,0.20119194779579547
MACS0416,A8,S13_P4,,10,6.192012785761049,159.20400774800427,135.44631001854577,0.20119194779579547
MACS0416,A8,S13_P4,,11,7.363585661014858,106.59921243828445,97.57975028575925,0.20119194779579547
MACS0416,A8,S13_P4,,12,8.756828460010883,51.92006892140327,79.05779043304962,0.20119194779579547
MACS0416,A8,S13_P4,,13,10.413682709503263,31.12630908961987,44.53982173687385,0.20119194779579547
MACS0416,A8,S13_P4,,14,12.384025571522095,35.64610973872797,31.181572029169697,0.20119194779579547
MACS0416,A8,S13_P4,,15,14.727171322029715,29.191209627546296,16.168589460378602,0.20119194779579547
MACS0416,A8,S13_P4,,16,17.513656920021766,19.65077925686326,10.173535509717802,0.20119194779579547
MACS0416,A8,S13_P4,,17,20.82736541900653,11.130356350536012,5.9489155924468236,0.20119194779579547
MACS0416,A8,S13_P4,,18,24.768051143044197,8.731952321570391,2.962797138480938,0.20119194779579547
MACS0416,A8,S13_P4,,19,29.454342644059437,5.154758082233525,1.6370348359640985,0.20119194779579547
MACS0416,A8,S19,kappa,0,1.0946035575013604,84.0088996491946,658.6800724310642,0.8972850565078914
MACS0416,A8,S19,kappa,1,1.301710338687908,0.0,0.0,0.8972850565078914
MACS0416,A8,S19,kappa,2,1.548003196440262,0.0,0.0,0.8972850565078914
MACS0416,A8,S19,kappa,3,1.8408964152537144,0.0,0.0,0.8972850565078914
MACS0416,A8,S19,kappa,4,2.189207115002721,148.39313847254357,787.189329564421,0.8972850565078914
MACS0416,A8,S19,kappa,5,2.6034206773758157,0.0,0.0,0.8972850565078914
MACS0416,A8,S19,kappa,6,3.0960063928805237,251.68050461542663,508.82015673363696,0.8972850565078914
MACS0416,A8,S19,kappa,7,3.681792830507429,0.0,0.0,0.8972850565078914
MACS0416,A8,S19,kappa,8,4.378414230005442,460.87281824129946,290.7371440773423,0.8972850565078914
MACS0416,A8,S19,kappa,9,5.206841354751632,547.6929135799538,246.1610189233058,0.8972850565078914
MACS0416,A8,S19,kappa,10,6.192012785761049,261.30970666979255,135.44631001854577,0.8972850565078914
MACS0416,A8,S19,kappa,11,7.363585661014858,201.984432887125,97.57975028575925,0.8972850565078914
MACS0416,A8,S19,kappa,12,8.756828460010883,357.9176363123073,79.05779043304962,0.8972850565078914
MACS0416,A8,S19,kappa,13,10.413682709503263,413.91420208322256,44.53982173687385,0.8972850565078914
MACS0416,A8,S19,kappa,14,12.384025571522095,1114.844595320618,31.181572029169697,0.8972850565078914
MACS0416,A8,S19,kappa,15,14.727171322029715,763.2041432037174,16.168589460378602,0.8972850565078914
MACS0416,A8,S19,kappa,16,17.513656920021766,242.2426929120798,10.173535509717802,0.8972850565078914
MACS0416,A8,S19,kappa,17,20.82736541900653,118.83091859051292,5.9489155924468236,0.8972850565078914
MACS0416,A8,S19,kappa,18,24.768051143044197,72.56036463245763,2.962797138480938,0.8972850565078914
MACS0416,A8,S19,kappa,19,29.454342644059437,51.50871531832998,1.6370348359640985,0.8972850565078914
MACS0416,A8,S20,gamma1,0,1.0946035575013604,20.64199719757187,658.6800724310642,0.6999993248040666
MACS0416,A8,S20,gamma1,1,1.301710338687908,0.0,0.0,0.6999993248040666
MACS0416,A8,S20,gamma1,2,1.548003196440262,0.0,0.0,0.6999993248040666
MACS0416,A8,S20,gamma1,3,1.8408964152537144,0.0,0.0,0.6999993248040666
MACS0416,A8,S20,gamma1,4,2.189207115002721,39.70272428147514,787.189329564421,0.6999993248040666
MACS0416,A8,S20,gamma1,5,2.6034206773758157,0.0,0.0,0.6999993248040666
MACS0416,A8,S20,gamma1,6,3.0960063928805237,68.35730623566872,508.82015673363696,0.6999993248040666
MACS0416,A8,S20,gamma1,7,3.681792830507429,0.0,0.0,0.6999993248040666
MACS0416,A8,S20,gamma1,8,4.378414230005442,119.70519106850533,290.7371440773423,0.6999993248040666
MACS0416,A8,S20,gamma1,9,5.206841354751632,139.250363147501,246.1610189233058,0.6999993248040666
MACS0416,A8,S20,gamma1,10,6.192012785761049,65.14544010222502,135.44631001854577,0.6999993248040666
MACS0416,A8,S20,gamma1,11,7.363585661014858,50.513308333074114,97.57975028575925,0.6999993248040666
MACS0416,A8,S20,gamma1,12,8.756828460010883,90.57152122362352,79.05779043304962,0.6999993248040666
MACS0416,A8,S20,gamma1,13,10.413682709503263,105.67037923743808,44.53982173687385,0.6999993248040666
MACS0416,A8,S20,gamma1,14,12.384025571522095,277.52541550722543,31.181572029169697,0.6999993248040666
MACS0416,A8,S20,gamma1,15,14.727171322029715,190.54412795456824,16.168589460378602,0.6999993248040666
MACS0416,A8,S20,gamma1,16,17.513656920021766,60.59031352461544,10.173535509717802,0.6999993248040666
MACS0416,A8,S20,gamma1,17,20.82736541900653,30.103103102391515,5.9489155924468236,0.6999993248040666
MACS0416,A8,S20,gamma1,18,24.768051143044197,18.0705749552358,2.962797138480938,0.6999993248040666
MACS0416,A8,S20,gamma1,19,29.454342644059437,12.777562588474686,1.6370348359640985,0.6999993248040666
MACS0416,A8,S20,gamma2,0,1.0946035575013604,12.265312947096982,658.6800724310642,0.6693642932079302
MACS0416,A8,S20,gamma2,1,1.301710338687908,0.0,0.0,0.6693642932079302
MACS0416,A8,S20,gamma2,2,1.548003196440262,0.0,0.0,0.6693642932079302
MACS0416,A8,S20,gamma2,3,1.8408964152537144,0.0,0.0,0.6693642932079302
MACS0416,A8,S20,gamma2,4,2.189207115002721,26.899831532313538,787.189329564421,0.6693642932079302
MACS0416,A8,S20,gamma2,5,2.6034206773758157,0.0,0.0,0.6693642932079302
MACS0416,A8,S20,gamma2,6,3.0960063928805237,44.935870275855144,508.82015673363696,0.6693642932079302
MACS0416,A8,S20,gamma2,7,3.681792830507429,0.0,0.0,0.6693642932079302
MACS0416,A8,S20,gamma2,8,4.378414230005442,49.9853964972663,290.7371440773423,0.6693642932079302
MACS0416,A8,S20,gamma2,9,5.206841354751632,36.81701994811549,246.1610189233058,0.6693642932079302
MACS0416,A8,S20,gamma2,10,6.192012785761049,21.851036764943064,135.44631001854577,0.6693642932079302
MACS0416,A8,S20,gamma2,11,7.363585661014858,19.551945625707408,97.57975028575925,0.6693642932079302
MACS0416,A8,S20,gamma2,12,8.756828460010883,32.79118973694692,79.05779043304962,0.6693642932079302
MACS0416,A8,S20,gamma2,13,10.413682709503263,47.9594614394219,44.53982173687385,0.6693642932079302
MACS0416,A8,S20,gamma2,14,12.384025571522095,27.63998196859854,31.181572029169697,0.6693642932079302
MACS0416,A8,S20,gamma2,15,14.727171322029715,12.103686667045508,16.168589460378602,0.6693642932079302
MACS0416,A8,S20,gamma2,16,17.513656920021766,10.856987563235787,10.173535509717802,0.6693642932079302
MACS0416,A8,S20,gamma2,17,20.82736541900653,4.1464686460566895,5.9489155924468236,0.6693642932079302
MACS0416,A8,S20,gamma2,18,24.768051143044197,1.7447248683930878,2.962797138480938,0.6693642932079302
MACS0416,A8,S20,gamma2,19,29.454342644059437,0.845242272825656,1.6370348359640985,0.6693642932079302
MACS0416,A8,S20,gamma_mag,0,1.0946035575013604,169.26734517225128,658.6800724310642,0.39905118817432633
MACS0416,A8,S20,gamma_mag,1,1.301710338687908,0.0,0.0,0.39905118817432633
MACS0416,A8,S20,gamma_mag,2,1.548003196440262,0.0,0.0,0.39905118817432633
MACS0416,A8,S20,gamma_mag,3,1.8408964152537144,0.0,0.0,0.39905118817432633
MACS0416,A8,S20,gamma_mag,4,2.189207115002721,314.99155292876134,787.189329564421,0.39905118817432633
MACS0416,A8,S20,gamma_mag,5,2.6034206773758157,0.0,0.0,0.39905118817432633
MACS0416,A8,S20,gamma_mag,6,3.0960063928805237,247.49740735424956,508.82015673363696,0.39905118817432633
MACS0416,A8,S20,gamma_mag,7,3.681792830507429,0.0,0.0,0.39905118817432633
MACS0416,A8,S20,gamma_mag,8,4.378414230005442,134.45402952667604,290.7371440773423,0.39905118817432633
MACS0416,A8,S20,gamma_mag,9,5.206841354751632,72.26849612913765,246.1610189233058,0.39905118817432633
MACS0416,A8,S20,gamma_mag,10,6.192012785761049,73.74739569231026,135.44631001854577,0.39905118817432633
MACS0416,A8,S20,gamma_mag,11,7.363585661014858,43.6275356948938,97.57975028575925,0.39905118817432633
MACS0416,A8,S20,gamma_mag,12,8.756828460010883,28.612791453957666,79.05779043304962,0.39905118817432633
MACS0416,A8,S20,gamma_mag,13,10.413682709503263,39.81725672768992,44.53982173687385,0.39905118817432633
MACS0416,A8,S20,gamma_mag,14,12.384025571522095,20.884781424169727,31.181572029169697,0.39905118817432633
MACS0416,A8,S20,gamma_mag,15,14.727171322029715,16.457097833678525,16.168589460378602,0.39905118817432633
MACS0416,A8,S20,gamma_mag,16,17.513656920021766,13.134269843984944,10.173535509717802,0.39905118817432633
MACS0416,A8,S20,gamma_mag,17,20.82736541900653,17.190868433741016,5.9489155924468236,0.39905118817432633
MACS0416,A8,S20,gamma_mag,18,24.768051143044197,23.384369161044482,2.962797138480938,0.39905118817432633
MACS0416,A8,S20,gamma_mag,19,29.454342644059437,11.798259883255376,1.6370348359640985,0.39905118817432633
MACS1149,C10,S00,,0,1.0946035575013604,873.008687279959,873.008687279959,0.0
MACS1149,C10,S00,,1,1.301710338687908,0.0,0.0,0.0
MACS1149,C10,S00,,2,1.548003196440262,0.0,0.0,0.0
MACS1149,C10,S00,,3,1.8408964152537144,0.0,0.0,0.0
MACS1149,C10,S00,,4,2.189207115002721,532.9040053592234,532.9040053592234,0.0
MACS1149,C10,S00,,5,2.6034206773758157,0.0,0.0,0.0
MACS1149,C10,S00,,6,3.0960063928805237,193.03829146121313,193.03829146121313,0.0
MACS1149,C10,S00,,7,3.681792830507429,0.0,0.0,0.0
MACS1149,C10,S00,,8,4.378414230005442,194.00927476349685,194.00927476349685,0.0
MACS1149,C10,S00,,9,5.206841354751632,127.58762167500356,127.58762167500356,0.0
MACS1149,C10,S00,,10,6.192012785761049,123.43716022926073,123.43716022926073,0.0
MACS1149,C10,S00,,11,7.363585661014858,62.47705197572204,62.47705197572204,0.0
MACS1149,C10,S00,,12,8.756828460010883,32.96746628093028,32.96746628093028,0.0
MACS1149,C10,S00,,13,10.413682709503263,21.49763952458108,21.49763952458108,0.0
MACS1149,C10,S00,,14,12.384025571522095,11.263142934386064,11.263142934386064,0.0
MACS1149,C10,S00,,15,14.727171322029715,6.389181690572938,6.389181690572938,0.0
MACS1149,C10,S00,,16,17.513656920021766,2.725845232175416,2.725845232175416,0.0
MACS1149,C10,S00,,17,20.82736541900653,1.5915324217941158,1.5915324217941158,0.0
MACS1149,C10,S00,,18,24.768051143044197,1.3848065212262755,1.3848065212262755,0.0
MACS1149,C10,S00,,19,29.454342644059437,1.4699075217881505,1.4699075217881505,0.0
MACS1149,C10,S01,,0,1.0946035575013604,28.285481467870667,873.008687279959,1.2899058589545638
MACS1149,C10,S01,,1,1.301710338687908,0.0,0.0,1.2899058589545638
MACS1149,C10,S01,,2,1.548003196440262,0.0,0.0,1.2899058589545638
MACS1149,C10,S01,,3,1.8408964152537144,0.0,0.0,1.2899058589545638
MACS1149,C10,S01,,4,2.189207115002721,17.266089773638836,532.9040053592234,1.2899058589545638
MACS1149,C10,S01,,5,2.6034206773758157,0.0,0.0,1.2899058589545638
MACS1149,C10,S01,,6,3.0960063928805237,6.254440643343305,193.03829146121313,1.2899058589545638
MACS1149,C10,S01,,7,3.681792830507429,0.0,0.0,1.2899058589545638
MACS1149,C10,S01,,8,4.378414230005442,6.285900502337298,194.00927476349685,1.2899058589545638
MACS1149,C10,S01,,9,5.206841354751632,4.133838942270117,127.58762167500356,1.2899058589545638
MACS1149,C10,S01,,10,6.192012785761049,3.999363991428048,123.43716022926073,1.2899058589545638
MACS1149,C10,S01,,11,7.363585661014858,2.0242564840133928,62.47705197572204,1.2899058589545638
MACS1149,C10,S01,,12,8.756828460010883,1.0681459075021404,32.96746628093028,1.2899058589545638
MACS1149,C10,S01,,13,10.413682709503263,0.6965235205964267,21.49763952458108,1.2899058589545638
MACS1149,C10,S01,,14,12.384025571522095,0.36492583107410853,11.263142934386064,1.2899058589545638
MACS1149,C10,S01,,15,14.727171322029715,0.20700948677456305,6.389181690572938,1.2899058589545638
MACS1149,C10,S01,,16,17.513656920021766,0.08831738552248342,2.725845232175416,1.2899058589545638
MACS1149,C10,S01,,17,20.82736541900653,0.05156565046612931,1.5915324217941158,1.2899058589545638
MACS1149,C10,S01,,18,24.768051143044197,0.04486773128773133,1.3848065212262755,1.2899058589545638
MACS1149,C10,S01,,19,29.454342644059437,0.04762500370593608,1.4699075217881505,1.2899058589545638
MACS1149,C10,S02,,0,1.0946035575013604,39.10314709460297,873.008687279959,0.9139543447273071
MACS1149,C10,S02,,1,1.301710338687908,0.0,0.0,0.9139543447273071
MACS1149,C10,S02,,2,1.548003196440262,0.0,0.0,0.9139543447273071
MACS1149,C10,S02,,3,1.8408964152537144,0.0,0.0,0.9139543447273071
MACS1149,C10,S02,,4,2.189207115002721,39.191921352893566,532.9040053592234,0.9139543447273071
MACS1149,C10,S02,,5,2.6034206773758157,0.0,0.0,0.9139543447273071
MACS1149,C10,S02,,6,3.0960063928805237,22.922996106605495,193.03829146121313,0.9139543447273071
MACS1149,C10,S02,,7,3.681792830507429,0.0,0.0,0.9139543447273071
MACS1149,C10,S02,,8,4.378414230005442,14.418387015779354,194.00927476349685,0.9139543447273071
MACS1149,C10,S02,,9,5.206841354751632,9.879930249719306,127.58762167500356,0.9139543447273071
MACS1149,C10,S02,,10,6.192012785761049,7.27348311514517,123.43716022926073,0.9139543447273071
MACS1149,C10,S02,,11,7.363585661014858,2.7282902178082917,62.47705197572204,0.9139543447273071
MACS1149,C10,S02,,12,8.756828460010883,1.8738396155254275,32.96746628093028,0.9139543447273071
MACS1149,C10,S02,,13,10.413682709503263,1.1444926178335266,21.49763952458108,0.9139543447273071
MACS1149,C10,S02,,14,12.384025571522095,0.9219678845698993,11.263142934386064,0.9139543447273071
MACS1149,C10,S02,,15,14.727171322029715,1.0727102858018938,6.389181690572938,0.9139543447273071
MACS1149,C10,S02,,16,17.513656920021766,0.807647835327316,2.725845232175416,0.9139543447273071
MACS1149,C10,S02,,17,20.82736541900653,0.5422519217863112,1.5915324217941158,0.9139543447273071
MACS1149,C10,S02,,18,24.768051143044197,0.21122054562131387,1.3848065212262755,0.9139543447273071
MACS1149,C10,S02,,19,29.454342644059437,0.19860782311163247,1.4699075217881505,0.9139543447273071
MACS1149,C10,C10-S03,,0,1.0946035575013604,1363.0958525957171,873.008687279959,0.9381336384893187
MACS1149,C10,C10-S03,,1,1.301710338687908,0.0,0.0,0.9381336384893187
MACS1149,C10,C10-S03,,2,1.548003196440262,0.0,0.0,0.9381336384893187
MACS1149,C10,C10-S03,,3,1.8408964152537144,0.0,0.0,0.9381336384893187
MACS1149,C10,C10-S03,,4,2.189207115002721,570.7038337773643,532.9040053592234,0.9381336384893187
MACS1149,C10,C10-S03,,5,2.6034206773758157,0.0,0.0,0.9381336384893187
MACS1149,C10,C10-S03,,6,3.0960063928805237,585.0329399638043,193.03829146121313,0.9381336384893187
MACS1149,C10,C10-S03,,7,3.681792830507429,0.0,0.0,0.9381336384893187
MACS1149,C10,C10-S03,,8,4.378414230005442,534.1497445707512,194.00927476349685,0.9381336384893187
MACS1149,C10,C10-S03,,9,5.206841354751632,344.03801023044974,127.58762167500356,0.9381336384893187
MACS1149,C10,C10-S03,,10,6.192012785761049,385.65615069761736,123.43716022926073,0.9381336384893187
MACS1149,C10,C10-S03,,11,7.363585661014858,340.5451083249164,62.47705197572204,0.9381336384893187
MACS1149,C10,C10-S03,,12,8.756828460010883,245.71291469452404,32.96746628093028,0.9381336384893187
MACS1149,C10,C10-S03,,13,10.413682709503263,283.4432163795357,21.49763952458108,0.9381336384893187
MACS1149,C10,C10-S03,,14,12.384025571522095,207.56220772585132,11.263142934386064,0.9381336384893187
MACS1149,C10,C10-S03,,15,14.727171322029715,249.28854000764952,6.389181690572938,0.9381336384893187
MACS1149,C10,C10-S03,,16,17.513656920021766,157.82908702688988,2.725845232175416,0.9381336384893187
MACS1149,C10,C10-S03,,17,20.82736541900653,107.66739690711744,1.5915324217941158,0.9381336384893187
MACS1149,C10,C10-S03,,18,24.768051143044197,50.187093408519026,1.3848065212262755,0.9381336384893187
MACS1149,C10,C10-S03,,19,29.454342644059437,16.963505061241243,1.4699075217881505,0.9381336384893187
MACS1149,C10,C10-S04,,0,1.0946035575013604,7.995708993776894,873.008687279959,0.9352888690026346
MACS1149,C10,C10-S04,,1,1.301710338687908,0.0,0.0,0.9352888690026346
MACS1149,C10,C10-S04,,2,1.548003196440262,0.0,0.0,0.9352888690026346
MACS1149,C10,C10-S04,,3,1.8408964152537144,0.0,0.0,0.9352888690026346
MACS1149,C10,C10-S04,,4,2.189207115002721,13.131226416395023,532.9040053592234,0.9352888690026346
MACS1149,C10,C10-S04,,5,2.6034206773758157,0.0,0.0,0.9352888690026346
MACS1149,C10,C10-S04,,6,3.0960063928805237,9.533042707291475,193.03829146121313,0.9352888690026346
MACS1149,C10,C10-S04,,7,3.681792830507429,0.0,0.0,0.9352888690026346
MACS1149,C10,C10-S04,,8,4.378414230005442,13.690388246066897,194.00927476349685,0.9352888690026346
MACS1149,C10,C10-S04,,9,5.206841354751632,11.955137611716388,127.58762167500356,0.9352888690026346
MACS1149,C10,C10-S04,,10,6.192012785761049,15.953602481313965,123.43716022926073,0.9352888690026346
MACS1149,C10,C10-S04,,11,7.363585661014858,10.893403613420581,62.47705197572204,0.9352888690026346
MACS1149,C10,C10-S04,,12,8.756828460010883,6.786114423393505,32.96746628093028,0.9352888690026346
MACS1149,C10,C10-S04,,13,10.413682709503263,5.382677201879244,21.49763952458108,0.9352888690026346
MACS1149,C10,C10-S04,,14,12.384025571522095,2.2171443412688965,11.263142934386064,0.9352888690026346
MACS1149,C10,C10-S04,,15,14.727171322029715,1.2960967843749207,6.389181690572938,0.9352888690026346
MACS1149,C10,C10-S04,,16,17.513656920021766,0.5300506083918262,2.725845232175416,0.9352888690026346
MACS1149,C10,C10-S04,,17,20.82736541900653,0.26409904701656045,1.5915324217941158,0.9352888690026346
MACS1149,C10,C10-S04,,18,24.768051143044197,0.1544450555821717,1.3848065212262755,0.9352888690026346
MACS1149,C10,C10-S04,,19,29.454342644059437,0.09040024155237548,1.4699075217881505,0.9352888690026346
MACS1149,C10,C10-S05,,0,1.0946035575013604,0.21170027409775208,873.008687279959,1.6989119257320622
MACS1149,C10,C10-S05,,1,1.301710338687908,0.0,0.0,1.6989119257320622
MACS1149,C10,C10-S05,,2,1.548003196440262,0.0,0.0,1.6989119257320622
MACS1149,C10,C10-S05,,3,1.8408964152537144,0.0,0.0,1.6989119257320622
MACS1149,C10,C10-S05,,4,2.189207115002721,0.4641943014193009,532.9040053592234,1.6989119257320622
MACS1149,C10,C10-S05,,5,2.6034206773758157,0.0,0.0,1.6989119257320622
MACS1149,C10,C10-S05,,6,3.0960063928805237,0.4517702106010743,193.03829146121313,1.6989119257320622
MACS1149,C10,C10-S05,,7,3.681792830507429,0.0,0.0,1.6989119257320622
MACS1149,C10,C10-S05,,8,4.378414230005442,0.6321812074428662,194.00927476349685,1.6989119257320622
MACS1149,C10,C10-S05,,9,5.206841354751632,0.7950631670061613,127.58762167500356,1.6989119257320622
MACS1149,C10,C10-S05,,10,6.192012785761049,1.371421773650558,123.43716022926073,1.6989119257320622
MACS1149,C10,C10-S05,,11,7.363585661014858,1.124576917183482,62.47705197572204,1.6989119257320622
MACS1149,C10,C10-S05,,12,8.756828460010883,0.9882973250027847,32.96746628093028,1.6989119257320622
MACS1149,C10,C10-S05,,13,10.413682709503263,1.1681871601930824,21.49763952458108,1.6989119257320622
MACS1149,C10,C10-S05,,14,12.384025571522095,0.6101923462752568,11.263142934386064,1.6989119257320622
MACS1149,C10,C10-S05,,15,14.727171322029715,0.5500206452371939,6.389181690572938,1.6989119257320622
MACS1149,C10,C10-S05,,16,17.513656920021766,0.26707486962069527,2.725845232175416,1.6989119257320622
MACS1149,C10,C10-S05,,17,20.82736541900653,0.16521465136430885,1.5915324217941158,1.6989119257320622
MACS1149,C10,C10-S05,,18,24.768051143044197,0.14711218300105644,1.3848065212262755,1.6989119257320622
MACS1149,C10,C10-S05,,19,29.454342644059437,0.17202976969642692,1.4699075217881505,1.6989119257320622
MACS1149,C10,C10-S06,,0,1.0946035575013604,7.995708993776894,873.008687279959,0.9352888690026346
MACS1149,C10,C10-S06,,1,1.301710338687908,0.0,0.0,0.9352888690026346
MACS1149,C10,C10-S06,,2,1.548003196440262,0.0,0.0,0.9352888690026346
MACS1149,C10,C10-S06,,3,1.8408964152537144,0.0,0.0,0.9352888690026346
MACS1149,C10,C10-S06,,4,2.189207115002721,13.131226416395023,532.9040053592234,0.9352888690026346
MACS1149,C10,C10-S06,,5,2.6034206773758157,0.0,0.0,0.9352888690026346
MACS1149,C10,C10-S06,,6,3.0960063928805237,9.533042707291475,193.03829146121313,0.9352888690026346
MACS1149,C10,C10-S06,,7,3.681792830507429,0.0,0.0,0.9352888690026346
MACS1149,C10,C10-S06,,8,4.378414230005442,13.690388246066897,194.00927476349685,0.9352888690026346
MACS1149,C10,C10-S06,,9,5.206841354751632,11.955137611716388,127.58762167500356,0.9352888690026346
MACS1149,C10,C10-S06,,10,6.192012785761049,15.953602481313965,123.43716022926073,0.9352888690026346
MACS1149,C10,C10-S06,,11,7.363585661014858,10.893403613420581,62.47705197572204,0.9352888690026346
MACS1149,C10,C10-S06,,12,8.756828460010883,6.786114423393505,32.96746628093028,0.9352888690026346
MACS1149,C10,C10-S06,,13,10.413682709503263,5.382677201879244,21.49763952458108,0.9352888690026346
MACS1149,C10,C10-S06,,14,12.384025571522095,2.2171443412688965,11.263142934386064,0.9352888690026346
MACS1149,C10,C10-S06,,15,14.727171322029715,1.2960967843749207,6.389181690572938,0.9352888690026346
MACS1149,C10,C10-S06,,16,17.513656920021766,0.5300506083918262,2.725845232175416,0.9352888690026346
MACS1149,C10,C10-S06,,17,20.82736541900653,0.26409904701656045,1.5915324217941158,0.9352888690026346
MACS1149,C10,C10-S06,,18,24.768051143044197,0.1544450555821717,1.3848065212262755,0.9352888690026346
MACS1149,C10,C10-S06,,19,29.454342644059437,0.09040024155237548,1.4699075217881505,0.9352888690026346
MACS1149,C10,S13_P0,,0,1.0946035575013604,23.51817741718243,873.008687279959,1.1244370664099974
MACS1149,C10,S13_P0,,1,1.301710338687908,0.0,0.0,1.1244370664099974
MACS1149,C10,S13_P0,,2,1.548003196440262,0.0,0.0,1.1244370664099974
MACS1149,C10,S13_P0,,3,1.8408964152537144,0.0,0.0,1.1244370664099974
MACS1149,C10,S13_P0,,4,2.189207115002721,22.881694676595277,532.9040053592234,1.1244370664099974
MACS1149,C10,S13_P0,,5,2.6034206773758157,0.0,0.0,1.1244370664099974
MACS1149,C10,S13_P0,,6,3.0960063928805237,12.801469219705643,193.03829146121313,1.1244370664099974
MACS1149,C10,S13_P0,,7,3.681792830507429,0.0,0.0,1.1244370664099974
MACS1149,C10,S13_P0,,8,4.378414230005442,7.575783115275258,194.00927476349685,1.1244370664099974
MACS1149,C10,S13_P0,,9,5.206841354751632,5.3084332485735795,127.58762167500356,1.1244370664099974
MACS1149,C10,S13_P0,,10,6.192012785761049,3.3839234472710107,123.43716022926073,1.1244370664099974
MACS1149,C10,S13_P0,,11,7.363585661014858,1.09494154070536,62.47705197572204,1.1244370664099974
MACS1149,C10,S13_P0,,12,8.756828460010883,0.9795952225948253,32.96746628093028,1.1244370664099974
MACS1149,C10,S13_P0,,13,10.413682709503263,0.8877818351735491,21.49763952458108,1.1244370664099974
MACS1149,C10,S13_P0,,14,12.384025571522095,0.8341761469157785,11.263142934386064,1.1244370664099974
MACS1149,C10,S13_P0,,15,14.727171322029715,0.9586920702915241,6.389181690572938,1.1244370664099974
MACS1149,C10,S13_P0,,16,17.513656920021766,0.6120741968481204,2.725845232175416,1.1244370664099974
MACS1149,C10,S13_P0,,17,20.82736541900653,0.30145962989854885,1.5915324217941158,1.1244370664099974
MACS1149,C10,S13_P0,,18,24.768051143044197,0.1168226740813328,1.3848065212262755,1.1244370664099974
MACS1149,C10,S13_P0,,19,29.454342644059437,0.06409902830903032,1.4699075217881505,1.1244370664099974
MACS1149,C10,S13_P3,,0,1.0946035575013604,0.06330052394199648,873.008687279959,2.232268292537218
MACS1149,C10,S13_P3,,1,1.301710338687908,0.0,0.0,2.232268292537218
MACS1149,C10,S13_P3,,2,1.548003196440262,0.0,0.0,2.232268292537218
MACS1149,C10,S13_P3,,3,1.8408964152537144,0.0,0.0,2.232268292537218
MACS1149,C10,S13_P3,,4,2.189207115002721,0.09122680238851619,532.9040053592234,2.232268292537218
MACS1149,C10,S13_P3,,5,2.6034206773758157,0.0,0.0,2.232268292537218
MACS1149,C10,S13_P3,,6,3.0960063928805237,0.09786666130624352,193.03829146121313,2.232268292537218
MACS1149,C10,S13_P3,,7,3.681792830507429,0.0,0.0,2.232268292537218
MACS1149,C10,S13_P3,,8,4.378414230005442,0.12723463256615777,194.00927476349685,2.232268292537218
MACS1149,C10,S13_P3,,9,5.206841354751632,0.15407361421715635,127.58762167500356,2.232268292537218
MACS1149,C10,S13_P3,,10,6.192012785761049,0.17879368451016195,123.43716022926073,2.232268292537218
MACS1149,C10,S13_P3,,11,7.363585661014858,0.14203942128749994,62.47705197572204,2.232268292537218
MACS1149,C10,S13_P3,,12,8.756828460010883,0.15134211384428808,32.96746628093028,2.232268292537218
MACS1149,C10,S13_P3,,13,10.413682709503263,0.13888372427859996,21.49763952458108,2.232268292537218
MACS1149,C10,S13_P3,,14,12.384025571522095,0.14473252899501043,11.263142934386064,2.232268292537218
MACS1149,C10,S13_P3,,15,14.727171322029715,0.15240414538556474,6.389181690572938,2.232268292537218
MACS1149,C10,S13_P3,,16,17.513656920021766,0.10829265549826897,2.725845232175416,2.232268292537218
MACS1149,C10,S13_P3,,17,20.82736541900653,0.10472338398208443,1.5915324217941158,2.232268292537218
MACS1149,C10,S13_P3,,18,24.768051143044197,0.06627348703481817,1.3848065212262755,2.232268292537218
MACS1149,C10,S13_P3,,19,29.454342644059437,0.04784087344500676,1.4699075217881505,2.232268292537218
MACS1149,C10,S13_P4,,0,1.0946035575013604,21.19711161720815,873.008687279959,1.1333541996455145
MACS1149,C10,S13_P4,,1,1.301710338687908,0.0,0.0,1.1333541996455145
MACS1149,C10,S13_P4,,2,1.548003196440262,0.0,0.0,1.1333541996455145
MACS1149,C10,S13_P4,,3,1.8408964152537144,0.0,0.0,1.1333541996455145
MACS1149,C10,S13_P4,,4,2.189207115002721,20.345432223322156,532.9040053592234,1.1333541996455145
MACS1149,C10,S13_P4,,5,2.6034206773758157,0.0,0.0,1.1333541996455145
MACS1149,C10,S13_P4,,6,3.0960063928805237,11.349212716058638,193.03829146121313,1.1333541996455145
MACS1149,C10,S13_P4,,7,3.681792830507429,0.0,0.0,1.1333541996455145
MACS1149,C10,S13_P4,,8,4.378414230005442,6.755240708499946,194.00927476349685,1.1333541996455145
MACS1149,C10,S13_P4,,9,5.206841354751632,4.757034334832435,127.58762167500356,1.1333541996455145
MACS1149,C10,S13_P4,,10,6.192012785761049,2.91437842114442,123.43716022926073,1.1333541996455145
MACS1149,C10,S13_P4,,11,7.363585661014858,0.9743919406061742,62.47705197572204,1.1333541996455145
MACS1149,C10,S13_P4,,12,8.756828460010883,0.9146252751985933,32.96746628093028,1.1333541996455145
MACS1149,C10,S13_P4,,13,10.413682709503263,0.9135674587099086,21.49763952458108,1.1333541996455145
MACS1149,C10,S13_P4,,14,12.384025571522095,0.8495455335432665,11.263142934386064,1.1333541996455145
MACS1149,C10,S13_P4,,15,14.727171322029715,1.0206680126736907,6.389181690572938,1.1333541996455145
MACS1149,C10,S13_P4,,16,17.513656920021766,0.6679731468964821,2.725845232175416,1.1333541996455145
MACS1149,C10,S13_P4,,17,20.82736541900653,0.3413923370949929,1.5915324217941158,1.1333541996455145
MACS1149,C10,S13_P4,,18,24.768051143044197,0.14798008250317124,1.3848065212262755,1.1333541996455145
MACS1149,C10,S13_P4,,19,29.454342644059437,0.08638594285256641,1.4699075217881505,1.1333541996455145
MACS1149,C10,S19,kappa,0,1.0946035575013604,0.06841099705676086,873.008687279959,1.3755964966677945
MACS1149,C10,S19,kappa,1,1.301710338687908,0.0,0.0,1.3755964966677945
MACS1149,C10,S19,kappa,2,1.548003196440262,0.0,0.0,1.3755964966677945
MACS1149,C10,S19,kappa,3,1.8408964152537144,0.0,0.0,1.3755964966677945
MACS1149,C10,S19,kappa,4,2.189207115002721,0.5828675453515201,532.9040053592234,1.3755964966677945
MACS1149,C10,S19,kappa,5,2.6034206773758157,0.0,0.0,1.3755964966677945
MACS1149,C10,S19,kappa,6,3.0960063928805237,2.205295746117521,193.03829146121313,1.3755964966677945
MACS1149,C10,S19,kappa,7,3.681792830507429,0.0,0.0,1.3755964966677945
MACS1149,C10,S19,kappa,8,4.378414230005442,5.00965342159192,194.00927476349685,1.3755964966677945
MACS1149,C10,S19,kappa,9,5.206841354751632,7.661282175959519,127.58762167500356,1.3755964966677945
MACS1149,C10,S19,kappa,10,6.192012785761049,9.039495067490908,123.43716022926073,1.3755964966677945
MACS1149,C10,S19,kappa,11,7.363585661014858,7.99680306722664,62.47705197572204,1.3755964966677945
MACS1149,C10,S19,kappa,12,8.756828460010883,5.633206879133963,32.96746628093028,1.3755964966677945
MACS1149,C10,S19,kappa,13,10.413682709503263,6.452135247519871,21.49763952458108,1.3755964966677945
MACS1149,C10,S19,kappa,14,12.384025571522095,3.2069099110305546,11.263142934386064,1.3755964966677945
MACS1149,C10,S19,kappa,15,14.727171322029715,0.8604039807871406,6.389181690572938,1.3755964966677945
MACS1149,C10,S19,kappa,16,17.513656920021766,2.420577334283189,2.725845232175416,1.3755964966677945
MACS1149,C10,S19,kappa,17,20.82736541900653,0.5389391276634744,1.5915324217941158,1.3755964966677945
MACS1149,C10,S19,kappa,18,24.768051143044197,0.7600955372569956,1.3848065212262755,1.3755964966677945
MACS1149,C10,S19,kappa,19,29.454342644059437,0.6258457453647474,1.4699075217881505,1.3755964966677945
MACS1149,C10,S20,gamma1,0,1.0946035575013604,0.01635422398984124,873.008687279959,1.8003920006507663
MACS1149,C10,S20,gamma1,1,1.301710338687908,0.0,0.0,1.8003920006507663
MACS1149,C10,S20,gamma1,2,1.548003196440262,0.0,0.0,1.8003920006507663
MACS1149,C10,S20,gamma1,3,1.8408964152537144,0.0,0.0,1.8003920006507663
MACS1149,C10,S20,gamma1,4,2.189207115002721,0.14502244364289535,532.9040053592234,1.8003920006507663
MACS1149,C10,S20,gamma1,5,2.6034206773758157,0.0,0.0,1.8003920006507663
MACS1149,C10,S20,gamma1,6,3.0960063928805237,0.5521823261332364,193.03829146121313,1.8003920006507663
MACS1149,C10,S20,gamma1,7,3.681792830507429,0.0,0.0,1.8003920006507663
MACS1149,C10,S20,gamma1,8,4.378414230005442,1.250869293105956,194.00927476349685,1.8003920006507663
MACS1149,C10,S20,gamma1,9,5.206841354751632,1.9054561201363402,127.58762167500356,1.8003920006507663
MACS1149,C10,S20,gamma1,10,6.192012785761049,2.2507143157596774,123.43716022926073,1.8003920006507663
MACS1149,C10,S20,gamma1,11,7.363585661014858,1.9926079692236511,62.47705197572204,1.8003920006507663
MACS1149,C10,S20,gamma1,12,8.756828460010883,1.4040196817287103,32.96746628093028,1.8003920006507663
MACS1149,C10,S20,gamma1,13,10.413682709503263,1.6114537336126575,21.49763952458108,1.8003920006507663
MACS1149,C10,S20,gamma1,14,12.384025571522095,0.801037009315962,11.263142934386064,1.8003920006507663
MACS1149,C10,S20,gamma1,15,14.727171322029715,0.21481322258486818,6.389181690572938,1.8003920006507663
MACS1149,C10,S20,gamma1,16,17.513656920021766,0.6051336357776342,2.725845232175416,1.8003920006507663
MACS1149,C10,S20,gamma1,17,20.82736541900653,0.13456237376858363,1.5915324217941158,1.8003920006507663
MACS1149,C10,S20,gamma1,18,24.768051143044197,0.18981388941322822,1.3848065212262755,1.8003920006507663
MACS1149,C10,S20,gamma1,19,29.454342644059437,0.15639265290433418,1.4699075217881505,1.8003920006507663
MACS1149,C10,S20,gamma2,0,1.0946035575013604,0.03027863976645762,873.008687279959,2.2561583668168974
MACS1149,C10,S20,gamma2,1,1.301710338687908,0.0,0.0,2.2561583668168974
MACS1149,C10,S20,gamma2,2,1.548003196440262,0.0,0.0,2.2561583668168974
MACS1149,C10,S20,gamma2,3,1.8408964152537144,0.0,0.0,2.2561583668168974
MACS1149,C10,S20,gamma2,4,2.189207115002721,0.12600526184956298,532.9040053592234,2.2561583668168974
MACS1149,C10,S20,gamma2,5,2.6034206773758157,0.0,0.0,2.2561583668168974
MACS1149,C10,S20,gamma2,6,3.0960063928805237,0.21967697129370753,193.03829146121313,2.2561583668168974
MACS1149,C10,S20,gamma2,7,3.681792830507429,0.0,0.0,2.2561583668168974
MACS1149,C10,S20,gamma2,8,4.378414230005442,0.28998086727106814,194.00927476349685,2.2561583668168974
MACS1149,C10,S20,gamma2,9,5.206841354751632,0.3854984032446351,127.58762167500356,2.2561583668168974
MACS1149,C10,S20,gamma2,10,6.192012785761049,0.32037637212979986,123.43716022926073,2.2561583668168974
MACS1149,C10,S20,gamma2,11,7.363585661014858,0.3691741188742892,62.47705197572204,2.2561583668168974
MACS1149,C10,S20,gamma2,12,8.756828460010883,0.319029819091352,32.96746628093028,2.2561583668168974
MACS1149,C10,S20,gamma2,13,10.413682709503263,0.3351377230145636,21.49763952458108,2.2561583668168974
MACS1149,C10,S20,gamma2,14,12.384025571522095,0.1867396173731613,11.263142934386064,2.2561583668168974
MACS1149,C10,S20,gamma2,15,14.727171322029715,0.07027114324473534,6.389181690572938,2.2561583668168974
MACS1149,C10,S20,gamma2,16,17.513656920021766,0.04418281155878665,2.725845232175416,2.2561583668168974
MACS1149,C10,S20,gamma2,17,20.82736541900653,0.011477167833157173,1.5915324217941158,2.2561583668168974
MACS1149,C10,S20,gamma2,18,24.768051143044197,0.006158561619051541,1.3848065212262755,2.2561583668168974
MACS1149,C10,S20,gamma2,19,29.454342644059437,0.004224064646823608,1.4699075217881505,2.2561583668168974
MACS1149,C10,S20,gamma_mag,0,1.0946035575013604,1.5268431639766162,873.008687279959,1.6253361755288667
MACS1149,C10,S20,gamma_mag,1,1.301710338687908,0.0,0.0,1.6253361755288667
MACS1149,C10,S20,gamma_mag,2,1.548003196440262,0.0,0.0,1.6253361755288667
MACS1149,C10,S20,gamma_mag,3,1.8408964152537144,0.0,0.0,1.6253361755288667
MACS1149,C10,S20,gamma_mag,4,2.189207115002721,2.3992917212310023,532.9040053592234,1.6253361755288667
MACS1149,C10,S20,gamma_mag,5,2.6034206773758157,0.0,0.0,1.6253361755288667
MACS1149,C10,S20,gamma_mag,6,3.0960063928805237,1.4190993419598985,193.03829146121313,1.6253361755288667
MACS1149,C10,S20,gamma_mag,7,3.681792830507429,0.0,0.0,1.6253361755288667
MACS1149,C10,S20,gamma_mag,8,4.378414230005442,1.0812074232516509,194.00927476349685,1.6253361755288667
MACS1149,C10,S20,gamma_mag,9,5.206841354751632,1.2771540351059367,127.58762167500356,1.6253361755288667
MACS1149,C10,S20,gamma_mag,10,6.192012785761049,1.0794478209563154,123.43716022926073,1.6253361755288667
MACS1149,C10,S20,gamma_mag,11,7.363585661014858,0.5137583060495992,62.47705197572204,1.6253361755288667
MACS1149,C10,S20,gamma_mag,12,8.756828460010883,0.3087261558647181,32.96746628093028,1.6253361755288667
MACS1149,C10,S20,gamma_mag,13,10.413682709503263,0.3835320441439989,21.49763952458108,1.6253361755288667
MACS1149,C10,S20,gamma_mag,14,12.384025571522095,0.19928206909448654,11.263142934386064,1.6253361755288667
MACS1149,C10,S20,gamma_mag,15,14.727171322029715,0.23735049730704277,6.389181690572938,1.6253361755288667
MACS1149,C10,S20,gamma_mag,16,17.513656920021766,0.13072633923894894,2.725845232175416,1.6253361755288667
MACS1149,C10,S20,gamma_mag,17,20.82736541900653,0.2160455534002529,1.5915324217941158,1.6253361755288667
MACS1149,C10,S20,gamma_mag,18,24.768051143044197,0.1424221899720268,1.3848065212262755,1.6253361755288667
MACS1149,C10,S20,gamma_mag,19,29.454342644059437,0.06953927982857123,1.4699075217881505,1.6253361755288667
MACS1149,A8,S00,,0,1.0946035575013604,28.26510335140067,873.008687279959,1.2658018613263953
MACS1149,A8,S00,,1,1.301710338687908,0.0,0.0,1.2658018613263953
MACS1149,A8,S00,,2,1.548003196440262,0.0,0.0,1.2658018613263953
MACS1149,A8,S00,,3,1.8408964152537144,0.0,0.0,1.2658018613263953
MACS1149,A8,S00,,4,2.189207115002721,17.12659661689323,532.9040053592234,1.2658018613263953
MACS1149,A8,S00,,5,2.6034206773758157,0.0,0.0,1.2658018613263953
MACS1149,A8,S00,,6,3.0960063928805237,6.274427457209786,193.03829146121313,1.2658018613263953
MACS1149,A8,S00,,7,3.681792830507429,0.0,0.0,1.2658018613263953
MACS1149,A8,S00,,8,4.378414230005442,6.321890147339604,194.00927476349685,1.2658018613263953
MACS1149,A8,S00,,9,5.206841354751632,4.075957929855381,127.58762167500356,1.2658018613263953
MACS1149,A8,S00,,10,6.192012785761049,4.104956696804942,123.43716022926073,1.2658018613263953
MACS1149,A8,S00,,11,7.363585661014858,2.024548312745522,62.47705197572204,1.2658018613263953
MACS1149,A8,S00,,12,8.756828460010883,1.112292273938776,32.96746628093028,1.2658018613263953
MACS1149,A8,S00,,13,10.413682709503263,0.675855691452802,21.49763952458108,1.2658018613263953
MACS1149,A8,S00,,14,12.384025571522095,0.3691772646327749,11.263142934386064,1.2658018613263953
MACS1149,A8,S00,,15,14.727171322029715,0.2068257170792322,6.389181690572938,1.2658018613263953
MACS1149,A8,S00,,16,17.513656920021766,0.10438800458563735,2.725845232175416,1.2658018613263953
MACS1149,A8,S00,,17,20.82736541900653,0.06494479536033482,1.5915324217941158,1.2658018613263953
MACS1149,A8,S00,,18,24.768051143044197,0.05908302566324031,1.3848065212262755,1.2658018613263953
MACS1149,A8,S00,,19,29.454342644059437,0.06307222663364055,1.4699075217881505,1.2658018613263953
MACS1149,A8,S01,,0,1.0946035575013604,28.26510335140067,873.008687279959,1.2658018613263953
MACS1149,A8,S01,,1,1.301710338687908,0.0,0.0,1.2658018613263953
MACS1149,A8,S01,,2,1.548003196440262,0.0,0.0,1.2658018613263953
MACS1149,A8,S01,,3,1.8408964152537144,0.0,0.0,1.2658018613263953
MACS1149,A8,S01,,4,2.189207115002721,17.12659661689323,532.9040053592234,1.2658018613263953
MACS1149,A8,S01,,5,2.6034206773758157,0.0,0.0,1.2658018613263953
MACS1149,A8,S01,,6,3.0960063928805237,6.274427457209786,193.03829146121313,1.2658018613263953
MACS1149,A8,S01,,7,3.681792830507429,0.0,0.0,1.2658018613263953
MACS1149,A8,S01,,8,4.378414230005442,6.321890147339604,194.00927476349685,1.2658018613263953
MACS1149,A8,S01,,9,5.206841354751632,4.075957929855381,127.58762167500356,1.2658018613263953
MACS1149,A8,S01,,10,6.192012785761049,4.104956696804942,123.43716022926073,1.2658018613263953
MACS1149,A8,S01,,11,7.363585661014858,2.024548312745522,62.47705197572204,1.2658018613263953
MACS1149,A8,S01,,12,8.756828460010883,1.112292273938776,32.96746628093028,1.2658018613263953
MACS1149,A8,S01,,13,10.413682709503263,0.675855691452802,21.49763952458108,1.2658018613263953
MACS1149,A8,S01,,14,12.384025571522095,0.3691772646327749,11.263142934386064,1.2658018613263953
MACS1149,A8,S01,,15,14.727171322029715,0.2068257170792322,6.389181690572938,1.2658018613263953
MACS1149,A8,S01,,16,17.513656920021766,0.10438800458563735,2.725845232175416,1.2658018613263953
MACS1149,A8,S01,,17,20.82736541900653,0.06494479536033482,1.5915324217941158,1.2658018613263953
MACS1149,A8,S01,,18,24.768051143044197,0.05908302566324031,1.3848065212262755,1.2658018613263953
MACS1149,A8,S01,,19,29.454342644059437,0.06307222663364055,1.4699075217881505,1.2658018613263953
MACS1149,A8,S02,,0,1.0946035575013604,510.23550185795983,873.008687279959,0.29694442952192784
MACS1149,A8,S02,,1,1.301710338687908,0.0,0.0,0.29694442952192784
MACS1149,A8,S02,,2,1.548003196440262,0.0,0.0,0.29694442952192784
MACS1149,A8,S02,,3,1.8408964152537144,0.0,0.0,0.29694442952192784
MACS1149,A8,S02,,4,2.189207115002721,620.1680313547336,532.9040053592234,0.29694442952192784
MACS1149,A8,S02,,5,2.6034206773758157,0.0,0.0,0.29694442952192784
MACS1149,A8,S02,,6,3.0960063928805237,344.81518416862247,193.03829146121313,0.29694442952192784
MACS1149,A8,S02,,7,3.681792830507429,0.0,0.0,0.29694442952192784
MACS1149,A8,S02,,8,4.378414230005442,239.30446952122006,194.00927476349685,0.29694442952192784
MACS1149,A8,S02,,9,5.206841354751632,141.42095173195003,127.58762167500356,0.29694442952192784
MACS1149,A8,S02,,10,6.192012785761049,106.83483958669433,123.43716022926073,0.29694442952192784
MACS1149,A8,S02,,11,7.363585661014858,36.92863274623658,62.47705197572204,0.29694442952192784
MACS1149,A8,S02,,12,8.756828460010883,27.194933466553863,32.96746628093028,0.29694442952192784
MACS1149,A8,S02,,13,10.413682709503263,17.617684934945103,21.49763952458108,0.29694442952192784
MACS1149,A8,S02,,14,12.384025571522095,13.414657976417342,11.263142934386064,0.29694442952192784
MACS1149,A8,S02,,15,14.727171322029715,16.291072969120503,6.389181690572938,0.29694442952192784
MACS1149,A8,S02,,16,17.513656920021766,12.225656902800615,2.725845232175416,0.29694442952192784
MACS1149,A8,S02,,17,20.82736541900653,8.878993730661888,1.5915324217941158,0.29694442952192784
MACS1149,A8,S02,,18,24.768051143044197,3.9218501835951964,1.3848065212262755,0.29694442952192784
MACS1149,A8,S02,,19,29.454342644059437,4.147115426654688,1.4699075217881505,0.29694442952192784
MACS1149,A8,A8-S03,,0,1.0946035575013604,28.17877565679227,873.008687279959,1.3140769542529802
MACS1149,A8,A8-S03,,1,1.301710338687908,0.0,0.0,1.3140769542529802
MACS1149,A8,A8-S03,,2,1.548003196440262,0.0,0.0,1.3140769542529802
MACS1149,A8,A8-S03,,3,1.8408964152537144,0.0,0.0,1.3140769542529802
MACS1149,A8,A8-S03,,4,2.189207115002721,16.901490449997453,532.9040053592234,1.3140769542529802
MACS1149,A8,A8-S03,,5,2.6034206773758157,0.0,0.0,1.3140769542529802
MACS1149,A8,A8-S03,,6,3.0960063928805237,6.183413375857279,193.03829146121313,1.3140769542529802
MACS1149,A8,A8-S03,,7,3.681792830507429,0.0,0.0,1.3140769542529802
MACS1149,A8,A8-S03,,8,4.378414230005442,6.1808537073027425,194.00927476349685,1.3140769542529802
MACS1149,A8,A8-S03,,9,5.206841354751632,3.8530412111547383,127.58762167500356,1.3140769542529802
MACS1149,A8,A8-S03,,10,6.192012785761049,3.9304175123259117,123.43716022926073,1.3140769542529802
MACS1149,A8,A8-S03,,11,7.363585661014858,1.8599545906355195,62.47705197572204,1.3140769542529802
MACS1149,A8,A8-S03,,12,8.756828460010883,1.0285314947999695,32.96746628093028,1.3140769542529802
MACS1149,A8,A8-S03,,13,10.413682709503263,0.5654104227564349,21.49763952458108,1.3140769542529802
MACS1149,A8,A8-S03,,14,12.384025571522095,0.30591035499083696,11.263142934386064,1.3140769542529802
MACS1149,A8,A8-S03,,15,14.727171322029715,0.16812891172939623,6.389181690572938,1.3140769542529802
MACS1149,A8,A8-S03,,16,17.513656920021766,0.0924136974531626,2.725845232175416,1.3140769542529802
MACS1149,A8,A8-S03,,17,20.82736541900653,0.05523823468017717,1.5915324217941158,1.3140769542529802
MACS1149,A8,A8-S03,,18,24.768051143044197,0.04384765284829129,1.3848065212262755,1.3140769542529802
MACS1149,A8,A8-S03,,19,29.454342644059437,0.03968615310139722,1.4699075217881505,1.3140769542529802
MACS1149,A8,A8-S04,,0,1.0946035575013604,28.174375505591822,873.008687279959,1.3191913452240522
MACS1149,A8,A8-S04,,1,1.301710338687908,0.0,0.0,1.3191913452240522
MACS1149,A8,A8-S04,,2,1.548003196440262,0.0,0.0,1.3191913452240522
MACS1149,A8,A8-S04,,3,1.8408964152537144,0.0,0.0,1.3191913452240522
MACS1149,A8,A8-S04,,4,2.189207115002721,16.89471675174043,532.9040053592234,1.3191913452240522
MACS1149,A8,A8-S04,,5,2.6034206773758157,0.0,0.0,1.3191913452240522
MACS1149,A8,A8-S04,,6,3.0960063928805237,6.176790411068785,193.03829146121313,1.3191913452240522
MACS1149,A8,A8-S04,,7,3.681792830507429,0.0,0.0,1.3191913452240522
MACS1149,A8,A8-S04,,8,4.378414230005442,6.170742722855628,194.00927476349685,1.3191913452240522
MACS1149,A8,A8-S04,,9,5.206841354751632,3.8435356335853066,127.58762167500356,1.3191913452240522
MACS1149,A8,A8-S04,,10,6.192012785761049,3.9152103843329167,123.43716022926073,1.3191913452240522
MACS1149,A8,A8-S04,,11,7.363585661014858,1.8507672005884215,62.47705197572204,1.3191913452240522
MACS1149,A8,A8-S04,,12,8.756828460010883,1.0210829375405965,32.96746628093028,1.3191913452240522
MACS1149,A8,A8-S04,,13,10.413682709503263,0.560033161789037,21.49763952458108,1.3191913452240522
MACS1149,A8,A8-S04,,14,12.384025571522095,0.30184666725275167,11.263142934386064,1.3191913452240522
MACS1149,A8,A8-S04,,15,14.727171322029715,0.16543002046624977,6.389181690572938,1.3191913452240522
MACS1149,A8,A8-S04,,16,17.513656920021766,0.09031393182611493,2.725845232175416,1.3191913452240522
MACS1149,A8,A8-S04,,17,20.82736541900653,0.05358967062159805,1.5915324217941158,1.3191913452240522
MACS1149,A8,A8-S04,,18,24.768051143044197,0.04213091378276997,1.3848065212262755,1.3191913452240522
MACS1149,A8,A8-S04,,19,29.454342644059437,0.037800895784358274,1.4699075217881505,1.3191913452240522
MACS1149,A8,A8-S05,,0,1.0946035575013604,28.169650852228912,873.008687279959,1.3813447503919885
MACS1149,A8,A8-S05,,1,1.301710338687908,0.0,0.0,1.3813447503919885
MACS1149,A8,A8-S05,,2,1.548003196440262,0.0,0.0,1.3813447503919885
MACS1149,A8,A8-S05,,3,1.8408964152537144,0.0,0.0,1.3813447503919885
MACS1149,A8,A8-S05,,4,2.189207115002721,16.98654033688555,532.9040053592234,1.3813447503919885
MACS1149,A8,A8-S05,,5,2.6034206773758157,0.0,0.0,1.3813447503919885
MACS1149,A8,A8-S05,,6,3.0960063928805237,6.126066200183644,193.03829146121313,1.3813447503919885
MACS1149,A8,A8-S05,,7,3.681792830507429,0.0,0.0,1.3813447503919885
MACS1149,A8,A8-S05,,8,4.378414230005442,6.090940761480396,194.00927476349685,1.3813447503919885
MACS1149,A8,A8-S05,,9,5.206841354751632,3.863788507997781,127.58762167500356,1.3813447503919885
MACS1149,A8,A8-S05,,10,6.192012785761049,3.7529217623424693,123.43716022926073,1.3813447503919885
MACS1149,A8,A8-S05,,11,7.363585661014858,1.812820986039547,62.47705197572204,1.3813447503919885
MACS1149,A8,A8-S05,,12,8.756828460010883,0.9425871033494628,32.96746628093028,1.3813447503919885
MACS1149,A8,A8-S05,,13,10.413682709503263,0.5484045828685598,21.49763952458108,1.3813447503919885
MACS1149,A8,A8-S05,,14,12.384025571522095,0.27430200463615867,11.263142934386064,1.3813447503919885
MACS1149,A8,A8-S05,,15,14.727171322029715,0.14563115560339582,6.389181690572938,1.3813447503919885
MACS1149,A8,A8-S05,,16,17.513656920021766,0.06286027641167326,2.725845232175416,1.3813447503919885
MACS1149,A8,A8-S05,,17,20.82736541900653,0.03340082817980994,1.5915324217941158,1.3813447503919885
MACS1149,A8,A8-S05,,18,24.768051143044197,0.02401213465022841,1.3848065212262755,1.3813447503919885
MACS1149,A8,A8-S05,,19,29.454342644059437,0.02101018581088936,1.4699075217881505,1.3813447503919885
MACS1149,A8,A8-S06,,0,1.0946035575013604,28.16439957492922,873.008687279959,1.3856462001945906
MACS1149,A8,A8-S06,,1,1.301710338687908,0.0,0.0,1.3856462001945906
MACS1149,A8,A8-S06,,2,1.548003196440262,0.0,0.0,1.3856462001945906
MACS1149,A8,A8-S06,,3,1.8408964152537144,0.0,0.0,1.3856462001945906
MACS1149,A8,A8-S06,,4,2.189207115002721,16.97435756011345,532.9040053592234,1.3856462001945906
MACS1149,A8,A8-S06,,5,2.6034206773758157,0.0,0.0,1.3856462001945906
MACS1149,A8,A8-S06,,6,3.0960063928805237,6.119621360946774,193.03829146121313,1.3856462001945906
MACS1149,A8,A8-S06,,7,3.681792830507429,0.0,0.0,1.3856462001945906
MACS1149,A8,A8-S06,,8,4.378414230005442,6.081150253447273,194.00927476349685,1.3856462001945906
MACS1149,A8,A8-S06,,9,5.206841354751632,3.8512634745882073,127.58762167500356,1.3856462001945906
MACS1149,A8,A8-S06,,10,6.192012785761049,3.7401185903952063,123.43716022926073,1.3856462001945906
MACS1149,A8,A8-S06,,11,7.363585661014858,1.8029311693725232,62.47705197572204,1.3856462001945906
MACS1149,A8,A8-S06,,12,8.756828460010883,0.9365482192155608,32.96746628093028,1.3856462001945906
MACS1149,A8,A8-S06,,13,10.413682709503263,0.5422243544019167,21.49763952458108,1.3856462001945906
MACS1149,A8,A8-S06,,14,12.384025571522095,0.27059196110936784,11.263142934386064,1.3856462001945906
MACS1149,A8,A8-S06,,15,14.727171322029715,0.14331081958699055,6.389181690572938,1.3856462001945906
MACS1149,A8,A8-S06,,16,17.513656920021766,0.06190200932414778,2.725845232175416,1.3856462001945906
MACS1149,A8,A8-S06,,17,20.82736541900653,0.03277408359220727,1.5915324217941158,1.3856462001945906
MACS1149,A8,A8-S06,,18,24.768051143044197,0.02336056008752469,1.3848065212262755,1.3856462001945906
MACS1149,A8,A8-S06,,19,29.454342644059437,0.0202526776122923,1.4699075217881505,1.3856462001945906
MACS1149,A8,A8-S07,,0,1.0946035575013604,7.436031191771901e-06,873.008687279959,5.813030374858584
MACS1149,A8,A8-S07,,1,1.301710338687908,0.0,0.0,5.813030374858584
MACS1149,A8,A8-S07,,2,1.548003196440262,0.0,0.0,5.813030374858584
MACS1149,A8,A8-S07,,3,1.8408964152537144,0.0,0.0,5.813030374858584
MACS1149,A8,A8-S07,,4,2.189207115002721,1.2023804678653484e-05,532.9040053592234,5.813030374858584
MACS1149,A8,A8-S07,,5,2.6034206773758157,0.0,0.0,5.813030374858584
MACS1149,A8,A8-S07,,6,3.0960063928805237,6.087361752886408e-06,193.03829146121313,5.813030374858584
MACS1149,A8,A8-S07,,7,3.681792830507429,0.0,0.0,5.813030374858584
MACS1149,A8,A8-S07,,8,4.378414230005442,6.873628011092476e-06,194.00927476349685,5.813030374858584
MACS1149,A8,A8-S07,,9,5.206841354751632,5.363742542431037e-06,127.58762167500356,5.813030374858584
MACS1149,A8,A8-S07,,10,6.192012785761049,8.007554555607842e-06,123.43716022926073,5.813030374858584
MACS1149,A8,A8-S07,,11,7.363585661014858,5.949676921598768e-06,62.47705197572204,5.813030374858584
MACS1149,A8,A8-S07,,12,8.756828460010883,8.927169648087156e-06,32.96746628093028,5.813030374858584
MACS1149,A8,A8-S07,,13,10.413682709503263,6.37120685459573e-06,21.49763952458108,5.813030374858584
MACS1149,A8,A8-S07,,14,12.384025571522095,6.291111489049607e-06,11.263142934386064,5.813030374858584
MACS1149,A8,A8-S07,,15,14.727171322029715,6.045503668335921e-06,6.389181690572938,5.813030374858584
MACS1149,A8,A8-S07,,16,17.513656920021766,6.0414433765032325e-06,2.725845232175416,5.813030374858584
MACS1149,A8,A8-S07,,17,20.82736541900653,4.699761044284546e-06,1.5915324217941158,5.813030374858584
MACS1149,A8,A8-S07,,18,24.768051143044197,4.295139934469743e-06,1.3848065212262755,5.813030374858584
MACS1149,A8,A8-S07,,19,29.454342644059437,3.932846263090696e-06,1.4699075217881505,5.813030374858584
MACS1149,A8,A8-S08,,0,1.0946035575013604,4.2831539664606145e-07,873.008687279959,6.879391594134941
MACS1149,A8,A8-S08,,1,1.301710338687908,0.0,0.0,6.879391594134941
MACS1149,A8,A8-S08,,2,1.548003196440262,0.0,0.0,6.879391594134941
MACS1149,A8,A8-S08,,3,1.8408964152537144,0.0,0.0,6.879391594134941
MACS1149,A8,A8-S08,,4,2.189207115002721,6.925711494904409e-07,532.9040053592234,6.879391594134941
MACS1149,A8,A8-S08,,5,2.6034206773758157,0.0,0.0,6.879391594134941
MACS1149,A8,A8-S08,,6,3.0960063928805237,3.5063203696625716e-07,193.03829146121313,6.879391594134941
MACS1149,A8,A8-S08,,7,3.681792830507429,0.0,0.0,6.879391594134941
MACS1149,A8,A8-S08,,8,4.378414230005442,3.9592097343892665e-07,194.00927476349685,6.879391594134941
MACS1149,A8,A8-S08,,9,5.206841354751632,3.0895157044402775e-07,127.58762167500356,6.879391594134941
MACS1149,A8,A8-S08,,10,6.192012785761049,4.612351424030116e-07,123.43716022926073,6.879391594134941
MACS1149,A8,A8-S08,,11,7.363585661014858,3.4270139068408904e-07,62.47705197572204,6.879391594134941
MACS1149,A8,A8-S08,,12,8.756828460010883,5.142049717298204e-07,32.96746628093028,6.879391594134941
MACS1149,A8,A8-S08,,13,10.413682709503263,3.6698151482471417e-07,21.49763952458108,6.879391594134941
MACS1149,A8,A8-S08,,14,12.384025571522095,3.623680217692576e-07,11.263142934386064,6.879391594134941
MACS1149,A8,A8-S08,,15,14.727171322029715,3.482210112961492e-07,6.389181690572938,6.879391594134941
MACS1149,A8,A8-S08,,16,17.513656920021766,3.4798713848658626e-07,2.725845232175416,6.879391594134941
MACS1149,A8,A8-S08,,17,20.82736541900653,2.707062361507899e-07,1.5915324217941158,6.879391594134941
MACS1149,A8,A8-S08,,18,24.768051143044197,2.474000602254573e-07,1.3848065212262755,6.879391594134941
MACS1149,A8,A8-S08,,19,29.454342644059437,2.265319447540242e-07,1.4699075217881505,6.879391594134941
MACS1149,A8,A8-S09,,0,1.0946035575013604,1.143364156046848e-05,873.008687279959,5.652530722386171
MACS1149,A8,A8-S09,,1,1.301710338687908,0.0,0.0,5.652530722386171
MACS1149,A8,A8-S09,,2,1.548003196440262,0.0,0.0,5.652530722386171
MACS1149,A8,A8-S09,,3,1.8408964152537144,0.0,0.0,5.652530722386171
MACS1149,A8,A8-S09,,4,2.189207115002721,1.8487802073897595e-05,532.9040053592234,5.652530722386171
MACS1149,A8,A8-S09,,5,2.6034206773758157,0.0,0.0,5.652530722386171
MACS1149,A8,A8-S09,,6,3.0960063928805237,9.35992743123814e-06,193.03829146121313,5.652530722386171
MACS1149,A8,A8-S09,,7,3.681792830507429,0.0,0.0,5.652530722386171
MACS1149,A8,A8-S09,,8,4.378414230005442,1.0568890429855791e-05,194.00927476349685,5.652530722386171
MACS1149,A8,A8-S09,,9,5.206841354751632,8.24729053324196e-06,127.58762167500356,5.652530722386171
MACS1149,A8,A8-S09,,10,6.192012785761049,1.2312415884702617e-05,123.43716022926073,5.652530722386171
MACS1149,A8,A8-S09,,11,7.363585661014858,9.148223234650267e-06,62.47705197572204,5.652530722386171
MACS1149,A8,A8-S09,,12,8.756828460010883,1.3726416050898818e-05,32.96746628093028,5.652530722386171
MACS1149,A8,A8-S09,,13,10.413682709503263,9.796367659626394e-06,21.49763952458108,5.652530722386171
MACS1149,A8,A8-S09,,14,12.384025571522095,9.673213025562678e-06,11.263142934386064,5.652530722386171
MACS1149,A8,A8-S09,,15,14.727171322029715,9.295566440433314e-06,6.389181690572938,5.652530722386171
MACS1149,A8,A8-S09,,16,17.513656920021766,9.28932333571137e-06,2.725845232175416,5.652530722386171
MACS1149,A8,A8-S09,,17,20.82736541900653,7.2263525816919215e-06,1.5915324217941158,5.652530722386171
MACS1149,A8,A8-S09,,18,24.768051143044197,6.604207163240678e-06,1.3848065212262755,5.652530722386171
MACS1149,A8,A8-S09,,19,29.454342644059437,6.0471444141282514e-06,1.4699075217881505,5.652530722386171
MACS1149,A8,A8-S10,,0,1.0946035575013604,28.166413127783816,873.008687279959,1.35385472221309
MACS1149,A8,A8-S10,,1,1.301710338687908,0.0,0.0,1.35385472221309
MACS1149,A8,A8-S10,,2,1.548003196440262,0.0,0.0,1.35385472221309
MACS1149,A8,A8-S10,,3,1.8408964152537144,0.0,0.0,1.35385472221309
MACS1149,A8,A8-S10,,4,2.189207115002721,16.929727634055475,532.9040053592234,1.35385472221309
MACS1149,A8,A8-S10,,5,2.6034206773758157,0.0,0.0,1.35385472221309
MACS1149,A8,A8-S10,,6,3.0960063928805237,6.145770941306625,193.03829146121313,1.35385472221309
MACS1149,A8,A8-S10,,7,3.681792830507429,0.0,0.0,1.35385472221309
MACS1149,A8,A8-S10,,8,4.378414230005442,6.1231970369470154,194.00927476349685,1.35385472221309
MACS1149,A8,A8-S10,,9,5.206841354751632,3.845254057069784,127.58762167500356,1.35385472221309
MACS1149,A8,A8-S10,,10,6.192012785761049,3.824461465541818,123.43716022926073,1.35385472221309
MACS1149,A8,A8-S10,,11,7.363585661014858,1.824469314211833,62.47705197572204,1.35385472221309
MACS1149,A8,A8-S10,,12,8.756828460010883,0.9752447105188438,32.96746628093028,1.35385472221309
MACS1149,A8,A8-S10,,13,10.413682709503263,0.5485802753536384,21.49763952458108,1.35385472221309
MACS1149,A8,A8-S10,,14,12.384025571522095,0.2837028695854399,11.263142934386064,1.35385472221309
MACS1149,A8,A8-S10,,15,14.727171322029715,0.15195221855928584,6.389181690572938,1.35385472221309
MACS1149,A8,A8-S10,,16,17.513656920021766,0.07369139322453006,2.725845232175416,1.35385472221309
MACS1149,A8,A8-S10,,17,20.82736541900653,0.04130197268918883,1.5915324217941158,1.35385472221309
MACS1149,A8,A8-S10,,18,24.768051143044197,0.031027680961359425,1.3848065212262755,1.35385472221309
MACS1149,A8,A8-S10,,19,29.454342644059437,0.02745364819308901,1.4699075217881505,1.35385472221309
MACS1149,A8,A8-S11,,0,1.0946035575013604,28.17104482571982,873.008687279959,1.3493345166054382
MACS1149,A8,A8-S11,,1,1.301710338687908,0.0,0.0,1.3493345166054382
MACS1149,A8,A8-S11,,2,1.548003196440262,0.0,0.0,1.3493345166054382
MACS1149,A8,A8-S11,,3,1.8408964152537144,0.0,0.0,1.3493345166054382
MACS1149,A8,A8-S11,,4,2.189207115002721,16.938887288357048,532.9040053592234,1.3493345166054382
MACS1149,A8,A8-S11,,5,2.6034206773758157,0.0,0.0,1.3493345166054382
MACS1149,A8,A8-S11,,6,3.0960063928805237,6.152141460068385,193.03829146121313,1.3493345166054382
MACS1149,A8,A8-S11,,7,3.681792830507429,0.0,0.0,1.3493345166054382
MACS1149,A8,A8-S11,,8,4.378414230005442,6.132968474923728,194.00927476349685,1.3493345166054382
MACS1149,A8,A8-S11,,9,5.206841354751632,3.8561245000755,127.58762167500356,1.3493345166054382
MACS1149,A8,A8-S11,,10,6.192012785761049,3.8382650896384183,123.43716022926073,1.3493345166054382
MACS1149,A8,A8-S11,,11,7.363585661014858,1.833846281184563,62.47705197572204,1.3493345166054382
MACS1149,A8,A8-S11,,12,8.756828460010883,0.9817448907126465,32.96746628093028,1.3493345166054382
MACS1149,A8,A8-S11,,13,10.413682709503263,0.5541644148536697,21.49763952458108,1.3493345166054382
MACS1149,A8,A8-S11,,14,12.384025571522095,0.287394811760467,11.263142934386064,1.3493345166054382
MACS1149,A8,A8-S11,,15,14.727171322029715,0.1542616787206213,6.389181690572938,1.3493345166054382
MACS1149,A8,A8-S11,,16,17.513656920021766,0.07500964197718712,2.725845232175416,1.3493345166054382
MACS1149,A8,A8-S11,,17,20.82736541900653,0.04226135166178612,1.5915324217941158,1.3493345166054382
MACS1149,A8,A8-S11,,18,24.768051143044197,0.03203968295875764,1.3848065212262755,1.3493345166054382
MACS1149,A8,A8-S11,,19,29.454342644059437,0.028605297002528864,1.4699075217881505,1.3493345166054382
MACS1149,A8,A8-S12,,0,1.0946035575013604,0.0006307008133659654,873.008687279959,3.049550241361811
MACS1149,A8,A8-S12,,1,1.301710338687908,0.0,0.0,3.049550241361811
MACS1149,A8,A8-S12,,2,1.548003196440262,0.0,0.0,3.049550241361811
MACS1149,A8,A8-S12,,3,1.8408964152537144,0.0,0.0,3.049550241361811
MACS1149,A8,A8-S12,,4,2.189207115002721,0.0024149942467416616,532.9040053592234,3.049550241361811
MACS1149,A8,A8-S12,,5,2.6034206773758157,0.0,0.0,3.049550241361811
MACS1149,A8,A8-S12,,6,3.0960063928805237,0.004504683196697506,193.03829146121313,3.049550241361811
MACS1149,A8,A8-S12,,7,3.681792830507429,0.0,0.0,3.049550241361811
MACS1149,A8,A8-S12,,8,4.378414230005442,0.010061276382780997,194.00927476349685,3.049550241361811
MACS1149,A8,A8-S12,,9,5.206841354751632,0.016026358151451002,127.58762167500356,3.049550241361811
MACS1149,A8,A8-S12,,10,6.192012785761049,0.03292533282190469,123.43716022926073,3.049550241361811
MACS1149,A8,A8-S12,,11,7.363585661014858,0.02809557034367238,62.47705197572204,3.049550241361811
MACS1149,A8,A8-S12,,12,8.756828460010883,0.030796234634411238,32.96746628093028,3.049550241361811
MACS1149,A8,A8-S12,,13,10.413682709503263,0.03274715227295876,21.49763952458108,3.049550241361811
MACS1149,A8,A8-S12,,14,12.384025571522095,0.03267367345114882,11.263142934386064,3.049550241361811
MACS1149,A8,A8-S12,,15,14.727171322029715,0.026163807001301102,6.389181690572938,3.049550241361811
MACS1149,A8,A8-S12,,16,17.513656920021766,0.02724155359695417,2.725845232175416,3.049550241361811
MACS1149,A8,A8-S12,,17,20.82736541900653,0.028739654934857972,1.5915324217941158,3.049550241361811
MACS1149,A8,A8-S12,,18,24.768051143044197,0.04014072146619943,1.3848065212262755,3.049550241361811
MACS1149,A8,A8-S12,,19,29.454342644059437,0.054224842047413284,1.4699075217881505,3.049550241361811
MACS1149,A8,A8-P5,,0,1.0946035575013604,28.166413127783816,873.008687279959,1.35385472221309
MACS1149,A8,A8-P5,,1,1.301710338687908,0.0,0.0,1.35385472221309
MACS1149,A8,A8-P5,,2,1.548003196440262,0.0,0.0,1.35385472221309
MACS1149,A8,A8-P5,,3,1.8408964152537144,0.0,0.0,1.35385472221309
MACS1149,A8,A8-P5,,4,2.189207115002721,16.929727634055475,532.9040053592234,1.35385472221309
MACS1149,A8,A8-P5,,5,2.6034206773758157,0.0,0.0,1.35385472221309
MACS1149,A8,A8-P5,,6,3.0960063928805237,6.145770941306625,193.03829146121313,1.35385472221309
MACS1149,A8,A8-P5,,7,3.681792830507429,0.0,0.0,1.35385472221309
MACS1149,A8,A8-P5,,8,4.378414230005442,6.1231970369470154,194.00927476349685,1.35385472221309
MACS1149,A8,A8-P5,,9,5.206841354751632,3.845254057069784,127.58762167500356,1.35385472221309
MACS1149,A8,A8-P5,,10,6.192012785761049,3.824461465541818,123.43716022926073,1.35385472221309
MACS1149,A8,A8-P5,,11,7.363585661014858,1.824469314211833,62.47705197572204,1.35385472221309
MACS1149,A8,A8-P5,,12,8.756828460010883,0.9752447105188438,32.96746628093028,1.35385472221309
MACS1149,A8,A8-P5,,13,10.413682709503263,0.5485802753536384,21.49763952458108,1.35385472221309
MACS1149,A8,A8-P5,,14,12.384025571522095,0.2837028695854399,11.263142934386064,1.35385472221309
MACS1149,A8,A8-P5,,15,14.727171322029715,0.15195221855928584,6.389181690572938,1.35385472221309
MACS1149,A8,A8-P5,,16,17.513656920021766,0.07369139322453006,2.725845232175416,1.35385472221309
MACS1149,A8,A8-P5,,17,20.82736541900653,0.04130197268918883,1.5915324217941158,1.35385472221309
MACS1149,A8,A8-P5,,18,24.768051143044197,0.031027680961359425,1.3848065212262755,1.35385472221309
MACS1149,A8,A8-P5,,19,29.454342644059437,0.02745364819308901,1.4699075217881505,1.35385472221309
MACS1149,A8,A8-P6,,0,1.0946035575013604,0.011897649906835043,873.008687279959,3.0797341142057855
MACS1149,A8,A8-P6,,1,1.301710338687908,0.0,0.0,3.0797341142057855
MACS1149,A8,A8-P6,,2,1.548003196440262,0.0,0.0,3.0797341142057855
MACS1149,A8,A8-P6,,3,1.8408964152537144,0.0,0.0,3.0797341142057855
MACS1149,A8,A8-P6,,4,2.189207115002721,0.01923808748584557,532.9040053592234,3.0797341142057855
MACS1149,A8,A8-P6,,5,2.6034206773758157,0.0,0.0,3.0797341142057855
MACS1149,A8,A8-P6,,6,3.0960063928805237,0.009739778804618252,193.03829146121313,3.0797341142057855
MACS1149,A8,A8-P6,,7,3.681792830507429,0.0,0.0,3.0797341142057855
MACS1149,A8,A8-P6,,8,4.378414230005442,0.010997804817747961,194.00927476349685,3.0797341142057855
MACS1149,A8,A8-P6,,9,5.206841354751632,0.008581988067889658,127.58762167500356,3.0797341142057855
MACS1149,A8,A8-P6,,10,6.192012785761049,0.012812087288972545,123.43716022926073,3.0797341142057855
MACS1149,A8,A8-P6,,11,7.363585661014858,0.009519483074558027,62.47705197572204,3.0797341142057855
MACS1149,A8,A8-P6,,12,8.756828460010883,0.014283471436939452,32.96746628093028,3.0797341142057855
MACS1149,A8,A8-P6,,13,10.413682709503263,0.010193930967353163,21.49763952458108,3.0797341142057855
MACS1149,A8,A8-P6,,14,12.384025571522095,0.010065778382479372,11.263142934386064,3.0797341142057855
MACS1149,A8,A8-P6,,15,14.727171322029715,0.009672805869337473,6.389181690572938,3.0797341142057855
MACS1149,A8,A8-P6,,16,17.513656920021766,0.00966630940240517,2.725845232175416,3.0797341142057855
MACS1149,A8,A8-P6,,17,20.82736541900653,0.0075196176708552725,1.5915324217941158,3.0797341142057855
MACS1149,A8,A8-P6,,18,24.768051143044197,0.006872223895151589,1.3848065212262755,3.0797341142057855
MACS1149,A8,A8-P6,,19,29.454342644059437,0.0062925540209451125,1.4699075217881505,3.0797341142057855
MACS1149,A8,S13_P0,,0,1.0946035575013604,414.4387952202493,873.008687279959,0.2576927679491624
MACS1149,A8,S13_P0,,1,1.301710338687908,0.0,0.0,0.2576927679491624
MACS1149,A8,S13_P0,,2,1.548003196440262,0.0,0.0,0.2576927679491624
MACS1149,A8,S13_P0,,3,1.8408964152537144,0.0,0.0,0.2576927679491624
MACS1149,A8,S13_P0,,4,2.189207115002721,503.346585763444,532.9040053592234,0.2576927679491624
MACS1149,A8,S13_P0,,5,2.6034206773758157,0.0,0.0,0.2576927679491624
MACS1149,A8,S13_P0,,6,3.0960063928805237,275.0073874130485,193.03829146121313,0.2576927679491624
MACS1149,A8,S13_P0,,7,3.681792830507429,0.0,0.0,0.2576927679491624
MACS1149,A8,S13_P0,,8,4.378414230005442,180.54885758253977,194.00927476349685,0.2576927679491624
MACS1149,A8,S13_P0,,9,5.206841354751632,108.21519983559338,127.58762167500356,0.2576927679491624
MACS1149,A8,S13_P0,,10,6.192012785761049,73.86070183392567,123.43716022926073,0.2576927679491624
MACS1149,A8,S13_P0,,11,7.363585661014858,22.330301005883527,62.47705197572204,0.2576927679491624
MACS1149,A8,S13_P0,,12,8.756828460010883,17.83594251828952,32.96746628093028,0.2576927679491624
MACS1149,A8,S13_P0,,13,10.413682709503263,14.55213961344801,21.49763952458108,0.2576927679491624
MACS1149,A8,S13_P0,,14,12.384025571522095,11.846907635129227,11.263142934386064,0.2576927679491624
MACS1149,A8,S13_P0,,15,14.727171322029715,14.606100262335843,6.389181690572938,0.2576927679491624
MACS1149,A8,S13_P0,,16,17.513656920021766,9.335386599095376,2.725845232175416,0.2576927679491624
MACS1149,A8,S13_P0,,17,20.82736541900653,5.986224538412756,1.5915324217941158,0.2576927679491624
MACS1149,A8,S13_P0,,18,24.768051143044197,2.5272909034305853,1.3848065212262755,0.2576927679491624
MACS1149,A8,S13_P0,,19,29.454342644059437,2.1796066466306225,1.4699075217881505,0.2576927679491624
MACS1149,A8,S13_P3,,0,1.0946035575013604,0.06787990015984936,873.008687279959,2.124885900114081
MACS1149,A8,S13_P3,,1,1.301710338687908,0.0,0.0,2.124885900114081
MACS1149,A8,S13_P3,,2,1.548003196440262,0.0,0.0,2.124885900114081
MACS1149,A8,S13_P3,,3,1.8408964152537144,0.0,0.0,2.124885900114081
MACS1149,A8,S13_P3,,4,2.189207115002721,0.06851766919482988,532.9040053592234,2.124885900114081
MACS1149,A8,S13_P3,,5,2.6034206773758157,0.0,0.0,2.124885900114081
MACS1149,A8,S13_P3,,6,3.0960063928805237,0.10635543456588567,193.03829146121313,2.124885900114081
MACS1149,A8,S13_P3,,7,3.681792830507429,0.0,0.0,2.124885900114081
MACS1149,A8,S13_P3,,8,4.378414230005442,0.163466219075066,194.00927476349685,2.124885900114081
MACS1149,A8,S13_P3,,9,5.206841354751632,0.11456979101303699,127.58762167500356,2.124885900114081
MACS1149,A8,S13_P3,,10,6.192012785761049,0.19599469498914374,123.43716022926073,2.124885900114081
MACS1149,A8,S13_P3,,11,7.363585661014858,0.15614731015688368,62.47705197572204,2.124885900114081
MACS1149,A8,S13_P3,,12,8.756828460010883,0.23041147555314884,32.96746628093028,2.124885900114081
MACS1149,A8,S13_P3,,13,10.413682709503263,0.24873971763578467,21.49763952458108,2.124885900114081
MACS1149,A8,S13_P3,,14,12.384025571522095,0.29751144570116306,11.263142934386064,2.124885900114081
MACS1149,A8,S13_P3,,15,14.727171322029715,0.34368882486501673,6.389181690572938,2.124885900114081
MACS1149,A8,S13_P3,,16,17.513656920021766,0.37463533450003256,2.725845232175416,2.124885900114081
MACS1149,A8,S13_P3,,17,20.82736541900653,0.46510292443767803,1.5915324217941158,2.124885900114081
MACS1149,A8,S13_P3,,18,24.768051143044197,0.42340208857945083,1.3848065212262755,2.124885900114081
MACS1149,A8,S13_P3,,19,29.454342644059437,0.27746730588153706,1.4699075217881505,2.124885900114081
MACS1149,A8,S13_P4,,0,1.0946035575013604,398.35286771312656,873.008687279959,0.2740827288962984
MACS1149,A8,S13_P4,,1,1.301710338687908,0.0,0.0,0.2740827288962984
MACS1149,A8,S13_P4,,2,1.548003196440262,0.0,0.0,0.2740827288962984
MACS1149,A8,S13_P4,,3,1.8408964152537144,0.0,0.0,0.2740827288962984
MACS1149,A8,S13_P4,,4,2.189207115002721,481.5850210382335,532.9040053592234,0.2740827288962984
MACS1149,A8,S13_P4,,5,2.6034206773758157,0.0,0.0,0.2740827288962984
MACS1149,A8,S13_P4,,6,3.0960063928805237,261.59149326195705,193.03829146121313,0.2740827288962984
MACS1149,A8,S13_P4,,7,3.681792830507429,0.0,0.0,0.2740827288962984
MACS1149,A8,S13_P4,,8,4.378414230005442,170.30006979795124,194.00927476349685,0.2740827288962984
MACS1149,A8,S13_P4,,9,5.206841354751632,101.57248223636107,127.58762167500356,0.2740827288962984
MACS1149,A8,S13_P4,,10,6.192012785761049,68.884763462801,123.43716022926073,0.2740827288962984
MACS1149,A8,S13_P4,,11,7.363585661014858,20.572794658299333,62.47705197572204,0.2740827288962984
MACS1149,A8,S13_P4,,12,8.756828460010883,16.99468558515367,32.96746628093028,0.2740827288962984
MACS1149,A8,S13_P4,,13,10.413682709503263,14.94038367360902,21.49763952458108,0.2740827288962984
MACS1149,A8,S13_P4,,14,12.384025571522095,12.734059483255995,11.263142934386064,0.2740827288962984
MACS1149,A8,S13_P4,,15,14.727171322029715,15.542758463017487,6.389181690572938,0.2740827288962984
MACS1149,A8,S13_P4,,16,17.513656920021766,10.001009638979863,2.725845232175416,0.2740827288962984
MACS1149,A8,S13_P4,,17,20.82736541900653,6.254956331295202,1.5915324217941158,0.2740827288962984
MACS1149,A8,S13_P4,,18,24.768051143044197,2.6249603580260725,1.3848065212262755,0.2740827288962984
MACS1149,A8,S13_P4,,19,29.454342644059437,2.4367430773538548,1.4699075217881505,0.2740827288962984
MACS1149,A8,S19,kappa,0,1.0946035575013604,6.07864401387771,873.008687279959,0.8488473800309904
MACS1149,A8,S19,kappa,1,1.301710338687908,0.0,0.0,0.8488473800309904
MACS1149,A8,S19,kappa,2,1.548003196440262,0.0,0.0,0.8488473800309904
MACS1149,A8,S19,kappa,3,1.8408964152537144,0.0,0.0,0.8488473800309904
MACS1149,A8,S19,kappa,4,2.189207115002721,17.93628993468305,532.9040053592234,0.8488473800309904
MACS1149,A8,S19,kappa,5,2.6034206773758157,0.0,0.0,0.8488473800309904
MACS1149,A8,S19,kappa,6,3.0960063928805237,64.00763971150329,193.03829146121313,0.8488473800309904
MACS1149,A8,S19,kappa,7,3.681792830507429,0.0,0.0,0.8488473800309904
MACS1149,A8,S19,kappa,8,4.378414230005442,121.35179496375555,194.00927476349685,0.8488473800309904
MACS1149,A8,S19,kappa,9,5.206841354751632,142.80385269366596,127.58762167500356,0.8488473800309904
MACS1149,A8,S19,kappa,10,6.192012785761049,162.79355290578724,123.43716022926073,0.8488473800309904
MACS1149,A8,S19,kappa,11,7.363585661014858,187.71983109085045,62.47705197572204,0.8488473800309904
MACS1149,A8,S19,kappa,12,8.756828460010883,127.0665633665692,32.96746628093028,0.8488473800309904
MACS1149,A8,S19,kappa,13,10.413682709503263,145.70172964743634,21.49763952458108,0.8488473800309904
MACS1149,A8,S19,kappa,14,12.384025571522095,73.51212958116531,11.263142934386064,0.8488473800309904
MACS1149,A8,S19,kappa,15,14.727171322029715,28.77935924313495,6.389181690572938,0.8488473800309904
MACS1149,A8,S19,kappa,16,17.513656920021766,45.425794870239145,2.725845232175416,0.8488473800309904
MACS1149,A8,S19,kappa,17,20.82736541900653,17.838796039400815,1.5915324217941158,0.8488473800309904
MACS1149,A8,S19,kappa,18,24.768051143044197,20.484114251045124,1.3848065212262755,0.8488473800309904
MACS1149,A8,S19,kappa,19,29.454342644059437,14.412933135549986,1.4699075217881505,0.8488473800309904
MACS1149,A8,S20,gamma1,0,1.0946035575013604,1.3630050098965365,873.008687279959,0.8871408894653473
MACS1149,A8,S20,gamma1,1,1.301710338687908,0.0,0.0,0.8871408894653473
MACS1149,A8,S20,gamma1,2,1.548003196440262,0.0,0.0,0.8871408894653473
MACS1149,A8,S20,gamma1,3,1.8408964152537144,0.0,0.0,0.8871408894653473
MACS1149,A8,S20,gamma1,4,2.189207115002721,4.415838871435212,532.9040053592234,0.8871408894653473
MACS1149,A8,S20,gamma1,5,2.6034206773758157,0.0,0.0,0.8871408894653473
MACS1149,A8,S20,gamma1,6,3.0960063928805237,16.343735771844884,193.03829146121313,0.8871408894653473
MACS1149,A8,S20,gamma1,7,3.681792830507429,0.0,0.0,0.8871408894653473
MACS1149,A8,S20,gamma1,8,4.378414230005442,30.449650480174416,194.00927476349685,0.8871408894653473
MACS1149,A8,S20,gamma1,9,5.206841354751632,34.67447509924127,127.58762167500356,0.8871408894653473
MACS1149,A8,S20,gamma1,10,6.192012785761049,39.56867323331747,123.43716022926073,0.8871408894653473
MACS1149,A8,S20,gamma1,11,7.363585661014858,45.935432223272606,62.47705197572204,0.8871408894653473
MACS1149,A8,S20,gamma1,12,8.756828460010883,31.13963075609211,32.96746628093028,0.8871408894653473
MACS1149,A8,S20,gamma1,13,10.413682709503263,36.067016621258844,21.49763952458108,0.8871408894653473
MACS1149,A8,S20,gamma1,14,12.384025571522095,18.184694513469847,11.263142934386064,0.8871408894653473
MACS1149,A8,S20,gamma1,15,14.727171322029715,7.163128482441794,6.389181690572938,0.8871408894653473
MACS1149,A8,S20,gamma1,16,17.513656920021766,11.389080115664138,2.725845232175416,0.8871408894653473
MACS1149,A8,S20,gamma1,17,20.82736541900653,4.4383085041457155,1.5915324217941158,0.8871408894653473
MACS1149,A8,S20,gamma1,18,24.768051143044197,5.107484606554855,1.3848065212262755,0.8871408894653473
MACS1149,A8,S20,gamma1,19,29.454342644059437,3.5831169267641023,1.4699075217881505,0.8871408894653473
MACS1149,A8,S20,gamma2,0,1.0946035575013604,0.669311923614303,873.008687279959,1.0935706603519728
MACS1149,A8,S20,gamma2,1,1.301710338687908,0.0,0.0,1.0935706603519728
MACS1149,A8,S20,gamma2,2,1.548003196440262,0.0,0.0,1.0935706603519728
MACS1149,A8,S20,gamma2,3,1.8408964152537144,0.0,0.0,1.0935706603519728
MACS1149,A8,S20,gamma2,4,2.189207115002721,2.908343068125028,532.9040053592234,1.0935706603519728
MACS1149,A8,S20,gamma2,5,2.6034206773758157,0.0,0.0,1.0935706603519728
MACS1149,A8,S20,gamma2,6,3.0960063928805237,4.898706161224212,193.03829146121313,1.0935706603519728
MACS1149,A8,S20,gamma2,7,3.681792830507429,0.0,0.0,1.0935706603519728
MACS1149,A8,S20,gamma2,8,4.378414230005442,7.101722758427293,194.00927476349685,1.0935706603519728
MACS1149,A8,S20,gamma2,9,5.206841354751632,10.875956139773457,127.58762167500356,1.0935706603519728
MACS1149,A8,S20,gamma2,10,6.192012785761049,9.768958017150853,123.43716022926073,1.0935706603519728
MACS1149,A8,S20,gamma2,11,7.363585661014858,11.871125419478949,62.47705197572204,1.0935706603519728
MACS1149,A8,S20,gamma2,12,8.756828460010883,10.726094066704865,32.96746628093028,1.0935706603519728
MACS1149,A8,S20,gamma2,13,10.413682709503263,9.79775961898553,21.49763952458108,1.0935706603519728
MACS1149,A8,S20,gamma2,14,12.384025571522095,4.558834152251808,11.263142934386064,1.0935706603519728
MACS1149,A8,S20,gamma2,15,14.727171322029715,2.344941155698271,6.389181690572938,1.0935706603519728
MACS1149,A8,S20,gamma2,16,17.513656920021766,2.022760816010308,2.725845232175416,1.0935706603519728
MACS1149,A8,S20,gamma2,17,20.82736541900653,0.5843096768982717,1.5915324217941158,1.0935706603519728
MACS1149,A8,S20,gamma2,18,24.768051143044197,0.5450358112246781,1.3848065212262755,1.0935706603519728
MACS1149,A8,S20,gamma2,19,29.454342644059437,0.2721718337410808,1.4699075217881505,1.0935706603519728
MACS1149,A8,S20,gamma_mag,0,1.0946035575013604,8.06975597140362,873.008687279959,0.842089073018732
MACS1149,A8,S20,gamma_mag,1,1.301710338687908,0.0,0.0,0.842089073018732
MACS1149,A8,S20,gamma_mag,2,1.548003196440262,0.0,0.0,0.842089073018732
MACS1149,A8,S20,gamma_mag,3,1.8408964152537144,0.0,0.0,0.842089073018732
MACS1149,A8,S20,gamma_mag,4,2.189207115002721,13.555163492367964,532.9040053592234,0.842089073018732
MACS1149,A8,S20,gamma_mag,5,2.6034206773758157,0.0,0.0,0.842089073018732
MACS1149,A8,S20,gamma_mag,6,3.0960063928805237,11.211852485842032,193.03829146121313,0.842089073018732
MACS1149,A8,S20,gamma_mag,7,3.681792830507429,0.0,0.0,0.842089073018732
MACS1149,A8,S20,gamma_mag,8,4.378414230005442,11.388964683923945,194.00927476349685,0.842089073018732
MACS1149,A8,S20,gamma_mag,9,5.206841354751632,11.132286413117813,127.58762167500356,0.842089073018732
MACS1149,A8,S20,gamma_mag,10,6.192012785761049,8.798196217506701,123.43716022926073,0.842089073018732
MACS1149,A8,S20,gamma_mag,11,7.363585661014858,7.149244105055378,62.47705197572204,0.842089073018732
MACS1149,A8,S20,gamma_mag,12,8.756828460010883,7.692634759948936,32.96746628093028,0.842089073018732
MACS1149,A8,S20,gamma_mag,13,10.413682709503263,7.816455627599546,21.49763952458108,0.842089073018732
MACS1149,A8,S20,gamma_mag,14,12.384025571522095,3.453417768837331,11.263142934386064,0.842089073018732
MACS1149,A8,S20,gamma_mag,15,14.727171322029715,4.8937939979103335,6.389181690572938,0.842089073018732
MACS1149,A8,S20,gamma_mag,16,17.513656920021766,4.338964528526087,2.725845232175416,0.842089073018732
MACS1149,A8,S20,gamma_mag,17,20.82736541900653,3.964144752870889,1.5915324217941158,0.842089073018732
MACS1149,A8,S20,gamma_mag,18,24.768051143044197,2.4664493601423976,1.3848065212262755,0.842089073018732
MACS1149,A8,S20,gamma_mag,19,29.454342644059437,1.6971666869629847,1.4699075217881505,0.842089073018732
AbellS1063,C10,S00,,0,1.0946035575013604,2035.6117024891873,2035.6117024891873,0.0
AbellS1063,C10,S00,,1,1.301710338687908,0.0,0.0,0.0
AbellS1063,C10,S00,,2,1.548003196440262,0.0,0.0,0.0
AbellS1063,C10,S00,,3,1.8408964152537144,0.0,0.0,0.0
AbellS1063,C10,S00,,4,2.189207115002721,764.3171067411085,764.3171067411085,0.0
AbellS1063,C10,S00,,5,2.6034206773758157,0.0,0.0,0.0
AbellS1063,C10,S00,,6,3.0960063928805237,251.98304238327233,251.98304238327233,0.0
AbellS1063,C10,S00,,7,3.681792830507429,0.0,0.0,0.0
AbellS1063,C10,S00,,8,4.378414230005442,273.3602960669676,273.3602960669676,0.0
AbellS1063,C10,S00,,9,5.206841354751632,162.7323296766549,162.7323296766549,0.0
AbellS1063,C10,S00,,10,6.192012785761049,144.40472222794963,144.40472222794963,0.0
AbellS1063,C10,S00,,11,7.363585661014858,107.87571173788173,107.87571173788173,0.0
AbellS1063,C10,S00,,12,8.756828460010883,56.91451157270072,56.91451157270072,0.0
AbellS1063,C10,S00,,13,10.413682709503263,37.43754356394437,37.43754356394437,0.0
AbellS1063,C10,S00,,14,12.384025571522095,17.492934656472382,17.492934656472382,0.0
AbellS1063,C10,S00,,15,14.727171322029715,8.52330702252041,8.52330702252041,0.0
AbellS1063,C10,S00,,16,17.513656920021766,3.9921169087906523,3.9921169087906523,0.0
AbellS1063,C10,S00,,17,20.82736541900653,1.7988969751063202,1.7988969751063202,0.0
AbellS1063,C10,S00,,18,24.768051143044197,1.4638648706889508,1.4638648706889508,0.0
AbellS1063,C10,S00,,19,29.454342644059437,1.3594052260007785,1.3594052260007785,0.0
AbellS1063,C10,S01,,0,1.0946035575013604,65.95381916064966,2035.6117024891873,1.289905858954564
AbellS1063,C10,S01,,1,1.301710338687908,0.0,0.0,1.289905858954564
AbellS1063,C10,S01,,2,1.548003196440262,0.0,0.0,1.289905858954564
AbellS1063,C10,S01,,3,1.8408964152537144,0.0,0.0,1.289905858954564
AbellS1063,C10,S01,,4,2.189207115002721,24.763874258411906,764.3171067411085,1.289905858954564
AbellS1063,C10,S01,,5,2.6034206773758157,0.0,0.0,1.289905858954564
AbellS1063,C10,S01,,6,3.0960063928805237,8.164250573218022,251.98304238327233,1.289905858954564
AbellS1063,C10,S01,,7,3.681792830507429,0.0,0.0,1.289905858954564
AbellS1063,C10,S01,,8,4.378414230005442,8.85687359256975,273.3602960669676,1.289905858954564
AbellS1063,C10,S01,,9,5.206841354751632,5.272527481523617,162.7323296766549,1.289905858954564
AbellS1063,C10,S01,,10,6.192012785761049,4.6787130001855655,144.40472222794963,1.289905858954564
AbellS1063,C10,S01,,11,7.363585661014858,3.4951730603073674,107.87571173788173,1.289905858954564
AbellS1063,C10,S01,,12,8.756828460010883,1.8440301749555026,56.91451157270072,1.289905858954564
AbellS1063,C10,S01,,13,10.413682709503263,1.2129764114717976,37.43754356394437,1.289905858954564
AbellS1063,C10,S01,,14,12.384025571522095,0.5667710828697053,17.492934656472382,1.289905858954564
AbellS1063,C10,S01,,15,14.727171322029715,0.27615514752966114,8.52330702252041,1.289905858954564
AbellS1063,C10,S01,,16,17.513656920021766,0.12934458784481712,3.9921169087906523,1.289905858954564
AbellS1063,C10,S01,,17,20.82736541900653,0.058284261993444754,1.7988969751063202,1.289905858954564
AbellS1063,C10,S01,,18,24.768051143044197,0.047429221810322005,1.4638648706889508,1.289905858954564
AbellS1063,C10,S01,,19,29.454342644059437,0.04404472932242523,1.3594052260007785,1.289905858954564
AbellS1063,C10,S02,,0,1.0946035575013604,125.97924918341988,2035.6117024891873,0.8801468833451286
AbellS1063,C10,S02,,1,1.301710338687908,0.0,0.0,0.8801468833451286
AbellS1063,C10,S02,,2,1.548003196440262,0.0,0.0,0.8801468833451286
AbellS1063,C10,S02,,3,1.8408964152537144,0.0,0.0,0.8801468833451286
AbellS1063,C10,S02,,4,2.189207115002721,46.53309676618485,764.3171067411085,0.8801468833451286
AbellS1063,C10,S02,,5,2.6034206773758157,0.0,0.0,0.8801468833451286
AbellS1063,C10,S02,,6,3.0960063928805237,29.77438747688539,251.98304238327233,0.8801468833451286
AbellS1063,C10,S02,,7,3.681792830507429,0.0,0.0,0.8801468833451286
AbellS1063,C10,S02,,8,4.378414230005442,21.62227379338543,273.3602960669676,0.8801468833451286
AbellS1063,C10,S02,,9,5.206841354751632,11.38842876553845,162.7323296766549,0.8801468833451286
AbellS1063,C10,S02,,10,6.192012785761049,9.565728988366121,144.40472222794963,0.8801468833451286
AbellS1063,C10,S02,,11,7.363585661014858,6.318399087292643,107.87571173788173,0.8801468833451286
AbellS1063,C10,S02,,12,8.756828460010883,3.166494174898606,56.91451157270072,0.8801468833451286
AbellS1063,C10,S02,,13,10.413682709503263,1.5054670216192878,37.43754356394437,0.8801468833451286
AbellS1063,C10,S02,,14,12.384025571522095,1.681577725943015,17.492934656472382,0.8801468833451286
AbellS1063,C10,S02,,15,14.727171322029715,1.7537869484483957,8.52330702252041,0.8801468833451286
AbellS1063,C10,S02,,16,17.513656920021766,1.6013459337869833,3.9921169087906523,0.8801468833451286
AbellS1063,C10,S02,,17,20.82736541900653,0.7199210862092849,1.7988969751063202,0.8801468833451286
AbellS1063,C10,S02,,18,24.768051143044197,0.38856660455819253,1.4638648706889508,0.8801468833451286
AbellS1063,C10,S02,,19,29.454342644059437,0.24140735624930287,1.3594052260007785,0.8801468833451286
AbellS1063,C10,C10-S03,,0,1.0946035575013604,5297.881900977425,2035.6117024891873,0.8260913082231829
AbellS1063,C10,C10-S03,,1,1.301710338687908,0.0,0.0,0.8260913082231829
AbellS1063,C10,C10-S03,,2,1.548003196440262,0.0,0.0,0.8260913082231829
AbellS1063,C10,C10-S03,,3,1.8408964152537144,0.0,0.0,0.8260913082231829
AbellS1063,C10,C10-S03,,4,2.189207115002721,1336.3492259195866,764.3171067411085,0.8260913082231829
AbellS1063,C10,C10-S03,,5,2.6034206773758157,0.0,0.0,0.8260913082231829
AbellS1063,C10,C10-S03,,6,3.0960063928805237,371.4252464183419,251.98304238327233,0.8260913082231829
AbellS1063,C10,C10-S03,,7,3.681792830507429,0.0,0.0,0.8260913082231829
AbellS1063,C10,C10-S03,,8,4.378414230005442,329.81544621449524,273.3602960669676,0.8260913082231829
AbellS1063,C10,C10-S03,,9,5.206841354751632,574.6512332337641,162.7323296766549,0.8260913082231829
AbellS1063,C10,C10-S03,,10,6.192012785761049,330.05739098569376,144.40472222794963,0.8260913082231829
AbellS1063,C10,C10-S03,,11,7.363585661014858,270.3752789106514,107.87571173788173,0.8260913082231829
AbellS1063,C10,C10-S03,,12,8.756828460010883,280.62829650923663,56.91451157270072,0.8260913082231829
AbellS1063,C10,C10-S03,,13,10.413682709503263,205.58194291514783,37.43754356394437,0.8260913082231829
AbellS1063,C10,C10-S03,,14,12.384025571522095,220.8040554901704,17.492934656472382,0.8260913082231829
AbellS1063,C10,C10-S03,,15,14.727171322029715,176.09860267111236,8.52330702252041,0.8260913082231829
AbellS1063,C10,C10-S03,,16,17.513656920021766,142.71221518183427,3.9921169087906523,0.8260913082231829
AbellS1063,C10,C10-S03,,17,20.82736541900653,90.00768866264069,1.7988969751063202,0.8260913082231829
AbellS1063,C10,C10-S03,,18,24.768051143044197,54.195275451870444,1.4638648706889508,0.8260913082231829
AbellS1063,C10,C10-S03,,19,29.454342644059437,14.618774034193521,1.3594052260007785,0.8260913082231829
AbellS1063,C10,C10-S04,,0,1.0946035575013604,6.923283654110446,2035.6117024891873,1.0001558791954228
AbellS1063,C10,C10-S04,,1,1.301710338687908,0.0,0.0,1.0001558791954228
AbellS1063,C10,C10-S04,,2,1.548003196440262,0.0,0.0,1.0001558791954228
AbellS1063,C10,C10-S04,,3,1.8408964152537144,0.0,0.0,1.0001558791954228
AbellS1063,C10,C10-S04,,4,2.189207115002721,10.763669378938191,764.3171067411085,1.0001558791954228
AbellS1063,C10,C10-S04,,5,2.6034206773758157,0.0,0.0,1.0001558791954228
AbellS1063,C10,C10-S04,,6,3.0960063928805237,10.17351465289742,251.98304238327233,1.0001558791954228
AbellS1063,C10,C10-S04,,7,3.681792830507429,0.0,0.0,1.0001558791954228
AbellS1063,C10,C10-S04,,8,4.378414230005442,16.98627589398505,273.3602960669676,1.0001558791954228
AbellS1063,C10,C10-S04,,9,5.206841354751632,13.142962741226489,162.7323296766549,1.0001558791954228
AbellS1063,C10,C10-S04,,10,6.192012785761049,14.883928933791017,144.40472222794963,1.0001558791954228
AbellS1063,C10,C10-S04,,11,7.363585661014858,19.357915431047747,107.87571173788173,1.0001558791954228
AbellS1063,C10,C10-S04,,12,8.756828460010883,11.546599433538352,56.91451157270072,1.0001558791954228
AbellS1063,C10,C10-S04,,13,10.413682709503263,8.873272465135662,37.43754356394437,1.0001558791954228
AbellS1063,C10,C10-S04,,14,12.384025571522095,4.714579984745864,17.492934656472382,1.0001558791954228
AbellS1063,C10,C10-S04,,15,14.727171322029715,1.7895098557066156,8.52330702252041,1.0001558791954228
AbellS1063,C10,C10-S04,,16,17.513656920021766,0.9591993655222545,3.9921169087906523,1.0001558791954228
AbellS1063,C10,C10-S04,,17,20.82736541900653,0.4623202645471498,1.7988969751063202,1.0001558791954228
AbellS1063,C10,C10-S04,,18,24.768051143044197,0.26926068386839486,1.4638648706889508,1.0001558791954228
AbellS1063,C10,C10-S04,,19,29.454342644059437,0.08615613742142253,1.3594052260007785,1.0001558791954228
AbellS1063,C10,C10-S05,,0,1.0946035575013604,0.16851784482153162,2035.6117024891873,1.781792210504399
AbellS1063,C10,C10-S05,,1,1.301710338687908,0.0,0.0,1.781792210504399
AbellS1063,C10,C10-S05,,2,1.548003196440262,0.0,0.0,1.781792210504399
AbellS1063,C10,C10-S05,,3,1.8408964152537144,0.0,0.0,1.781792210504399
AbellS1063,C10,C10-S05,,4,2.189207115002721,0.4566537914002431,764.3171067411085,1.781792210504399
AbellS1063,C10,C10-S05,,5,2.6034206773758157,0.0,0.0,1.781792210504399
AbellS1063,C10,C10-S05,,6,3.0960063928805237,0.4118413451937239,251.98304238327233,1.781792210504399
AbellS1063,C10,C10-S05,,7,3.681792830507429,0.0,0.0,1.781792210504399
AbellS1063,C10,C10-S05,,8,4.378414230005442,0.7924065665423247,273.3602960669676,1.781792210504399
AbellS1063,C10,C10-S05,,9,5.206841354751632,0.8321688474958275,162.7323296766549,1.781792210504399
AbellS1063,C10,C10-S05,,10,6.192012785761049,1.2305139865933037,144.40472222794963,1.781792210504399
AbellS1063,C10,C10-S05,,11,7.363585661014858,1.525235430502226,107.87571173788173,1.781792210504399
AbellS1063,C10,C10-S05,,12,8.756828460010883,1.4275722489119818,56.91451157270072,1.781792210504399
AbellS1063,C10,C10-S05,,13,10.413682709503263,1.5925844450180813,37.43754356394437,1.781792210504399
AbellS1063,C10,C10-S05,,14,12.384025571522095,1.1874952483950403,17.492934656472382,1.781792210504399
AbellS1063,C10,C10-S05,,15,14.727171322029715,0.8304280809902373,8.52330702252041,1.781792210504399
AbellS1063,C10,C10-S05,,16,17.513656920021766,0.44353092904245295,3.9921169087906523,1.781792210504399
AbellS1063,C10,C10-S05,,17,20.82736541900653,0.3940234627298563,1.7988969751063202,1.781792210504399
AbellS1063,C10,C10-S05,,18,24.768051143044197,0.37916457139276993,1.4638648706889508,1.781792210504399
AbellS1063,C10,C10-S05,,19,29.454342644059437,0.18225981668729205,1.3594052260007785,1.781792210504399
AbellS1063,C10,C10-S06,,0,1.0946035575013604,6.923283654110446,2035.6117024891873,1.0001558791954228
AbellS1063,C10,C10-S06,,1,1.301710338687908,0.0,0.0,1.0001558791954228
AbellS1063,C10,C10-S06,,2,1.548003196440262,0.0,0.0,1.0001558791954228
AbellS1063,C10,C10-S06,,3,1.8408964152537144,0.0,0.0,1.0001558791954228
AbellS1063,C10,C10-S06,,4,2.189207115002721,10.763669378938191,764.3171067411085,1.0001558791954228
AbellS1063,C10,C10-S06,,5,2.6034206773758157,0.0,0.0,1.0001558791954228
AbellS1063,C10,C10-S06,,6,3.0960063928805237,10.17351465289742,251.98304238327233,1.0001558791954228
AbellS1063,C10,C10-S06,,7,3.681792830507429,0.0,0.0,1.0001558791954228
AbellS1063,C10,C10-S06,,8,4.378414230005442,16.98627589398505,273.3602960669676,1.0001558791954228
AbellS1063,C10,C10-S06,,9,5.206841354751632,13.142962741226489,162.7323296766549,1.0001558791954228
AbellS1063,C10,C10-S06,,10,6.192012785761049,14.883928933791017,144.40472222794963,1.0001558791954228
AbellS1063,C10,C10-S06,,11,7.363585661014858,19.357915431047747,107.87571173788173,1.0001558791954228
AbellS1063,C10,C10-S06,,12,8.756828460010883,11.546599433538352,56.91451157270072,1.0001558791954228
AbellS1063,C10,C10-S06,,13,10.413682709503263,8.873272465135662,37.43754356394437,1.0001558791954228
AbellS1063,C10,C10-S06,,14,12.384025571522095,4.714579984745864,17.492934656472382,1.0001558791954228
AbellS1063,C10,C10-S06,,15,14.727171322029715,1.7895098557066156,8.52330702252041,1.0001558791954228
AbellS1063,C10,C10-S06,,16,17.513656920021766,0.9591993655222545,3.9921169087906523,1.0001558791954228
AbellS1063,C10,C10-S06,,17,20.82736541900653,0.4623202645471498,1.7988969751063202,1.0001558791954228
AbellS1063,C10,C10-S06,,18,24.768051143044197,0.26926068386839486,1.4638648706889508,1.0001558791954228
AbellS1063,C10,C10-S06,,19,29.454342644059437,0.08615613742142253,1.3594052260007785,1.0001558791954228
AbellS1063,C10,S13_P0,,0,1.0946035575013604,81.05226696437705,2035.6117024891873,1.0352397303905732
AbellS1063,C10,S13_P0,,1,1.301710338687908,0.0,0.0,1.0352397303905732
AbellS1063,C10,S13_P0,,2,1.548003196440262,0.0,0.0,1.0352397303905732
AbellS1063,C10,S13_P0,,3,1.8408964152537144,0.0,0.0,1.0352397303905732
AbellS1063,C10,S13_P0,,4,2.189207115002721,30.586404064550173,764.3171067411085,1.0352397303905732
AbellS1063,C10,S13_P0,,5,2.6034206773758157,0.0,0.0,1.0352397303905732
AbellS1063,C10,S13_P0,,6,3.0960063928805237,19.61814269235935,251.98304238327233,1.0352397303905732
AbellS1063,C10,S13_P0,,7,3.681792830507429,0.0,0.0,1.0352397303905732
AbellS1063,C10,S13_P0,,8,4.378414230005442,14.77436105086504,273.3602960669676,1.0352397303905732
AbellS1063,C10,S13_P0,,9,5.206841354751632,8.588970029929454,162.7323296766549,1.0352397303905732
AbellS1063,C10,S13_P0,,10,6.192012785761049,7.165636718936121,144.40472222794963,1.0352397303905732
AbellS1063,C10,S13_P0,,11,7.363585661014858,4.152392821119101,107.87571173788173,1.0352397303905732
AbellS1063,C10,S13_P0,,12,8.756828460010883,1.8768708317895104,56.91451157270072,1.0352397303905732
AbellS1063,C10,S13_P0,,13,10.413682709503263,1.0133683143161665,37.43754356394437,1.0352397303905732
AbellS1063,C10,S13_P0,,14,12.384025571522095,1.3349976489748343,17.492934656472382,1.0352397303905732
AbellS1063,C10,S13_P0,,15,14.727171322029715,1.235307489815531,8.52330702252041,1.0352397303905732
AbellS1063,C10,S13_P0,,16,17.513656920021766,1.045611522223082,3.9921169087906523,1.0352397303905732
AbellS1063,C10,S13_P0,,17,20.82736541900653,0.4523615725904551,1.7988969751063202,1.0352397303905732
AbellS1063,C10,S13_P0,,18,24.768051143044197,0.23475473674458192,1.4638648706889508,1.0352397303905732
AbellS1063,C10,S13_P0,,19,29.454342644059437,0.0877419332166653,1.3594052260007785,1.0352397303905732
AbellS1063,C10,S13_P3,,0,1.0946035575013604,0.04725181456704922,2035.6117024891873,2.213489674619432
AbellS1063,C10,S13_P3,,1,1.301710338687908,0.0,0.0,2.213489674619432
AbellS1063,C10,S13_P3,,2,1.548003196440262,0.0,0.0,2.213489674619432
AbellS1063,C10,S13_P3,,3,1.8408964152537144,0.0,0.0,2.213489674619432
AbellS1063,C10,S13_P3,,4,2.189207115002721,0.11164947311600631,764.3171067411085,2.213489674619432
AbellS1063,C10,S13_P3,,5,2.6034206773758157,0.0,0.0,2.213489674619432
AbellS1063,C10,S13_P3,,6,3.0960063928805237,0.12420666971115561,251.98304238327233,2.213489674619432
AbellS1063,C10,S13_P3,,7,3.681792830507429,0.0,0.0,2.213489674619432
AbellS1063,C10,S13_P3,,8,4.378414230005442,0.3220182120361415,273.3602960669676,2.213489674619432
AbellS1063,C10,S13_P3,,9,5.206841354751632,0.37856436112424274,162.7323296766549,2.213489674619432
AbellS1063,C10,S13_P3,,10,6.192012785761049,0.33129685881408705,144.40472222794963,2.213489674619432
AbellS1063,C10,S13_P3,,11,7.363585661014858,0.3113665232116741,107.87571173788173,2.213489674619432
AbellS1063,C10,S13_P3,,12,8.756828460010883,0.32093809584145666,56.91451157270072,2.213489674619432
AbellS1063,C10,S13_P3,,13,10.413682709503263,0.3299583272042338,37.43754356394437,2.213489674619432
AbellS1063,C10,S13_P3,,14,12.384025571522095,0.2550354648112913,17.492934656472382,2.213489674619432
AbellS1063,C10,S13_P3,,15,14.727171322029715,0.21659948156221998,8.52330702252041,2.213489674619432
AbellS1063,C10,S13_P3,,16,17.513656920021766,0.17587599019338895,3.9921169087906523,2.213489674619432
AbellS1063,C10,S13_P3,,17,20.82736541900653,0.09515144206836001,1.7988969751063202,2.213489674619432
AbellS1063,C10,S13_P3,,18,24.768051143044197,0.08986546982679201,1.4638648706889508,2.213489674619432
AbellS1063,C10,S13_P3,,19,29.454342644059437,0.06163977415882763,1.3594052260007785,2.213489674619432
AbellS1063,C10,S13_P4,,0,1.0946035575013604,73.9796456226366,2035.6117024891873,1.0384233051184961
AbellS1063,C10,S13_P4,,1,1.301710338687908,0.0,0.0,1.0384233051184961
AbellS1063,C10,S13_P4,,2,1.548003196440262,0.0,0.0,1.0384233051184961
AbellS1063,C10,S13_P4,,3,1.8408964152537144,0.0,0.0,1.0384233051184961
AbellS1063,C10,S13_P4,,4,2.189207115002721,27.10508031388381,764.3171067411085,1.0384233051184961
AbellS1063,C10,S13_P4,,5,2.6034206773758157,0.0,0.0,1.0384233051184961
AbellS1063,C10,S13_P4,,6,3.0960063928805237,17.351209433376425,251.98304238327233,1.0384233051184961
AbellS1063,C10,S13_P4,,7,3.681792830507429,0.0,0.0,1.0384233051184961
AbellS1063,C10,S13_P4,,8,4.378414230005442,13.495966333152701,273.3602960669676,1.0384233051184961
AbellS1063,C10,S13_P4,,9,5.206841354751632,7.747998784156438,162.7323296766549,1.0384233051184961
AbellS1063,C10,S13_P4,,10,6.192012785761049,6.7049532332593795,144.40472222794963,1.0384233051184961
AbellS1063,C10,S13_P4,,11,7.363585661014858,3.6979223629934412,107.87571173788173,1.0384233051184961
AbellS1063,C10,S13_P4,,12,8.756828460010883,1.702890373648045,56.91451157270072,1.0384233051184961
AbellS1063,C10,S13_P4,,13,10.413682709503263,1.0208134653558862,37.43754356394437,1.0384233051184961
AbellS1063,C10,S13_P4,,14,12.384025571522095,1.444923298171684,17.492934656472382,1.0384233051184961
AbellS1063,C10,S13_P4,,15,14.727171322029715,1.353672970831837,8.52330702252041,1.0384233051184961
AbellS1063,C10,S13_P4,,16,17.513656920021766,1.1450133001978753,3.9921169087906523,1.0384233051184961
AbellS1063,C10,S13_P4,,17,20.82736541900653,0.539960388171757,1.7988969751063202,1.0384233051184961
AbellS1063,C10,S13_P4,,18,24.768051143044197,0.3058634642528634,1.4638648706889508,1.0384233051184961
AbellS1063,C10,S13_P4,,19,29.454342644059437,0.12835380316813472,1.3594052260007785,1.0384233051184961
AbellS1063,C10,S19,kappa,0,1.0946035575013604,0.8952331879181267,2035.6117024891873,1.2108234751459055
AbellS1063,C10,S19,kappa,1,1.301710338687908,0.0,0.0,1.2108234751459055
AbellS1063,C10,S19,kappa,2,1.548003196440262,0.0,0.0,1.2108234751459055
AbellS1063,C10,S19,kappa,3,1.8408964152537144,0.0,0.0,1.2108234751459055
AbellS1063,C10,S19,kappa,4,2.189207115002721,2.1537609280768835,764.3171067411085,1.2108234751459055
AbellS1063,C10,S19,kappa,5,2.6034206773758157,0.0,0.0,1.2108234751459055
AbellS1063,C10,S19,kappa,6,3.0960063928805237,4.666373331295535,251.98304238327233,1.2108234751459055
AbellS1063,C10,S19,kappa,7,3.681792830507429,0.0,0.0,1.2108234751459055
AbellS1063,C10,S19,kappa,8,4.378414230005442,7.713186322252169,273.3602960669676,1.2108234751459055
AbellS1063,C10,S19,kappa,9,5.206841354751632,7.510570686170743,162.7323296766549,1.2108234751459055
AbellS1063,C10,S19,kappa,10,6.192012785761049,6.670994079003001,144.40472222794963,1.2108234751459055
AbellS1063,C10,S19,kappa,11,7.363585661014858,5.347760378273354,107.87571173788173,1.2108234751459055
AbellS1063,C10,S19,kappa,12,8.756828460010883,8.231586186447151,56.91451157270072,1.2108234751459055
AbellS1063,C10,S19,kappa,13,10.413682709503263,18.71125573987711,37.43754356394437,1.2108234751459055
AbellS1063,C10,S19,kappa,14,12.384025571522095,14.06080307513415,17.492934656472382,1.2108234751459055
AbellS1063,C10,S19,kappa,15,14.727171322029715,8.469928486129346,8.52330702252041,1.2108234751459055
AbellS1063,C10,S19,kappa,16,17.513656920021766,2.5902166058656597,3.9921169087906523,1.2108234751459055
AbellS1063,C10,S19,kappa,17,20.82736541900653,1.9311687805904612,1.7988969751063202,1.2108234751459055
AbellS1063,C10,S19,kappa,18,24.768051143044197,2.133398325885765,1.4638648706889508,1.2108234751459055
AbellS1063,C10,S19,kappa,19,29.454342644059437,1.7329271347050534,1.3594052260007785,1.2108234751459055
AbellS1063,C10,S20,gamma1,0,1.0946035575013604,0.23119613163331126,2035.6117024891873,1.6059073117625413
AbellS1063,C10,S20,gamma1,1,1.301710338687908,0.0,0.0,1.6059073117625413
AbellS1063,C10,S20,gamma1,2,1.548003196440262,0.0,0.0,1.6059073117625413
AbellS1063,C10,S20,gamma1,3,1.8408964152537144,0.0,0.0,1.6059073117625413
AbellS1063,C10,S20,gamma1,4,2.189207115002721,0.5612326672677762,764.3171067411085,1.6059073117625413
AbellS1063,C10,S20,gamma1,5,2.6034206773758157,0.0,0.0,1.6059073117625413
AbellS1063,C10,S20,gamma1,6,3.0960063928805237,1.2052813201020371,251.98304238327233,1.6059073117625413
AbellS1063,C10,S20,gamma1,7,3.681792830507429,0.0,0.0,1.6059073117625413
AbellS1063,C10,S20,gamma1,8,4.378414230005442,1.9662424600277655,273.3602960669676,1.6059073117625413
AbellS1063,C10,S20,gamma1,9,5.206841354751632,1.8972909276508285,162.7323296766549,1.6059073117625413
AbellS1063,C10,S20,gamma1,10,6.192012785761049,1.6860360715352687,144.40472222794963,1.6059073117625413
AbellS1063,C10,S20,gamma1,11,7.363585661014858,1.35337548584869,107.87571173788173,1.6059073117625413
AbellS1063,C10,S20,gamma1,12,8.756828460010883,2.072215717451256,56.91451157270072,1.6059073117625413
AbellS1063,C10,S20,gamma1,13,10.413682709503263,4.680715254328531,37.43754356394437,1.6059073117625413
AbellS1063,C10,S20,gamma1,14,12.384025571522095,3.512322780256392,17.492934656472382,1.6059073117625413
AbellS1063,C10,S20,gamma1,15,14.727171322029715,2.1156663916614336,8.52330702252041,1.6059073117625413
AbellS1063,C10,S20,gamma1,16,17.513656920021766,0.6459502427199663,3.9921169087906523,1.6059073117625413
AbellS1063,C10,S20,gamma1,17,20.82736541900653,0.48224790334679773,1.7988969751063202,1.6059073117625413
AbellS1063,C10,S20,gamma1,18,24.768051143044197,0.5330872258341214,1.4638648706889508,1.6059073117625413
AbellS1063,C10,S20,gamma1,19,29.454342644059437,0.4330900452245767,1.3594052260007785,1.6059073117625413
AbellS1063,C10,S20,gamma2,0,1.0946035575013604,1.13484511414086,2035.6117024891873,1.814531483878416
AbellS1063,C10,S20,gamma2,1,1.301710338687908,0.0,0.0,1.814531483878416
AbellS1063,C10,S20,gamma2,2,1.548003196440262,0.0,0.0,1.814531483878416
AbellS1063,C10,S20,gamma2,3,1.8408964152537144,0.0,0.0,1.814531483878416
AbellS1063,C10,S20,gamma2,4,2.189207115002721,2.0666168136395915,764.3171067411085,1.814531483878416
AbellS1063,C10,S20,gamma2,5,2.6034206773758157,0.0,0.0,1.814531483878416
AbellS1063,C10,S20,gamma2,6,3.0960063928805237,1.5125637124681546,251.98304238327233,1.814531483878416
AbellS1063,C10,S20,gamma2,7,3.681792830507429,0.0,0.0,1.814531483878416
AbellS1063,C10,S20,gamma2,8,4.378414230005442,1.0803692770620652,273.3602960669676,1.814531483878416
AbellS1063,C10,S20,gamma2,9,5.206841354751632,1.1297909935502015,162.7323296766549,1.814531483878416
AbellS1063,C10,S20,gamma2,10,6.192012785761049,1.123397404414044,144.40472222794963,1.814531483878416
AbellS1063,C10,S20,gamma2,11,7.363585661014858,1.1222521133876133,107.87571173788173,1.814531483878416
AbellS1063,C10,S20,gamma2,12,8.756828460010883,0.7429269552592467,56.91451157270072,1.814531483878416
AbellS1063,C10,S20,gamma2,13,10.413682709503263,0.8210017417748067,37.43754356394437,1.814531483878416
AbellS1063,C10,S20,gamma2,14,12.384025571522095,0.6688270589630894,17.492934656472382,1.814531483878416
AbellS1063,C10,S20,gamma2,15,14.727171322029715,0.3968720377405788,8.52330702252041,1.814531483878416
AbellS1063,C10,S20,gamma2,16,17.513656920021766,0.11158028313078001,3.9921169087906523,1.814531483878416
AbellS1063,C10,S20,gamma2,17,20.82736541900653,0.028542175274425704,1.7988969751063202,1.814531483878416
AbellS1063,C10,S20,gamma2,18,24.768051143044197,0.014403778382095169,1.4638648706889508,1.814531483878416
AbellS1063,C10,S20,gamma2,19,29.454342644059437,0.007300754007874795,1.3594052260007785,1.814531483878416
AbellS1063,C10,S20,gamma_mag,0,1.0946035575013604,1.2788395962766956,2035.6117024891873,1.6127248529219833
AbellS1063,C10,S20,gamma_mag,1,1.301710338687908,0.0,0.0,1.6127248529219833
AbellS1063,C10,S20,gamma_mag,2,1.548003196440262,0.0,0.0,1.6127248529219833
AbellS1063,C10,S20,gamma_mag,3,1.8408964152537144,0.0,0.0,1.6127248529219833
AbellS1063,C10,S20,gamma_mag,4,2.189207115002721,1.8934871401863551,764.3171067411085,1.6127248529219833
AbellS1063,C10,S20,gamma_mag,5,2.6034206773758157,0.0,0.0,1.6127248529219833
AbellS1063,C10,S20,gamma_mag,6,3.0960063928805237,1.4267279140298952,251.98304238327233,1.6127248529219833
AbellS1063,C10,S20,gamma_mag,7,3.681792830507429,0.0,0.0,1.6127248529219833
AbellS1063,C10,S20,gamma_mag,8,4.378414230005442,1.4168618770593848,273.3602960669676,1.6127248529219833
AbellS1063,C10,S20,gamma_mag,9,5.206841354751632,1.3826952226666092,162.7323296766549,1.6127248529219833
AbellS1063,C10,S20,gamma_mag,10,6.192012785761049,1.5262264483121388,144.40472222794963,1.6127248529219833
AbellS1063,C10,S20,gamma_mag,11,7.363585661014858,1.2461313889131838,107.87571173788173,1.6127248529219833
AbellS1063,C10,S20,gamma_mag,12,8.756828460010883,0.8859349193520396,56.91451157270072,1.6127248529219833
AbellS1063,C10,S20,gamma_mag,13,10.413682709503263,0.7088931227882109,37.43754356394437,1.6127248529219833
AbellS1063,C10,S20,gamma_mag,14,12.384025571522095,0.6946801516312382,17.492934656472382,1.6127248529219833
AbellS1063,C10,S20,gamma_mag,15,14.727171322029715,0.3866963198267982,8.52330702252041,1.6127248529219833
AbellS1063,C10,S20,gamma_mag,16,17.513656920021766,0.3978896918843011,3.9921169087906523,1.6127248529219833
AbellS1063,C10,S20,gamma_mag,17,20.82736541900653,0.2982543673402129,1.7988969751063202,1.6127248529219833
AbellS1063,C10,S20,gamma_mag,18,24.768051143044197,0.3167714082139351,1.4638648706889508,1.6127248529219833
AbellS1063,C10,S20,gamma_mag,19,29.454342644059437,0.19824584806037762,1.3594052260007785,1.6127248529219833
AbellS1063,A8,S00,,0,1.0946035575013604,66.78647341620966,2035.6117024891873,1.2724113841348352
AbellS1063,A8,S00,,1,1.301710338687908,0.0,0.0,1.2724113841348352
AbellS1063,A8,S00,,2,1.548003196440262,0.0,0.0,1.2724113841348352
AbellS1063,A8,S00,,3,1.8408964152537144,0.0,0.0,1.2724113841348352
AbellS1063,A8,S00,,4,2.189207115002721,24.815528741210517,764.3171067411085,1.2724113841348352
AbellS1063,A8,S00,,5,2.6034206773758157,0.0,0.0,1.2724113841348352
AbellS1063,A8,S00,,6,3.0960063928805237,8.163307516388333,251.98304238327233,1.2724113841348352
AbellS1063,A8,S00,,7,3.681792830507429,0.0,0.0,1.2724113841348352
AbellS1063,A8,S00,,8,4.378414230005442,8.795972832878624,273.3602960669676,1.2724113841348352
AbellS1063,A8,S00,,9,5.206841354751632,5.1931519185290025,162.7323296766549,1.2724113841348352
AbellS1063,A8,S00,,10,6.192012785761049,4.7229680171301816,144.40472222794963,1.2724113841348352
AbellS1063,A8,S00,,11,7.363585661014858,3.4651491762837954,107.87571173788173,1.2724113841348352
AbellS1063,A8,S00,,12,8.756828460010883,1.8485269060692746,56.91451157270072,1.2724113841348352
AbellS1063,A8,S00,,13,10.413682709503263,1.2095816697234087,37.43754356394437,1.2724113841348352
AbellS1063,A8,S00,,14,12.384025571522095,0.589525693601152,17.492934656472382,1.2724113841348352
AbellS1063,A8,S00,,15,14.727171322029715,0.2650949335144803,8.52330702252041,1.2724113841348352
AbellS1063,A8,S00,,16,17.513656920021766,0.14004508640792562,3.9921169087906523,1.2724113841348352
AbellS1063,A8,S00,,17,20.82736541900653,0.07326128846319419,1.7988969751063202,1.2724113841348352
AbellS1063,A8,S00,,18,24.768051143044197,0.05543239569240973,1.4638648706889508,1.2724113841348352
AbellS1063,A8,S00,,19,29.454342644059437,0.05712445112557146,1.3594052260007785,1.2724113841348352
AbellS1063,A8,S01,,0,1.0946035575013604,66.78647341620966,2035.6117024891873,1.2724113841348352
AbellS1063,A8,S01,,1,1.301710338687908,0.0,0.0,1.2724113841348352
AbellS1063,A8,S01,,2,1.548003196440262,0.0,0.0,1.2724113841348352
AbellS1063,A8,S01,,3,1.8408964152537144,0.0,0.0,1.2724113841348352
AbellS1063,A8,S01,,4,2.189207115002721,24.815528741210517,764.3171067411085,1.2724113841348352
AbellS1063,A8,S01,,5,2.6034206773758157,0.0,0.0,1.2724113841348352
AbellS1063,A8,S01,,6,3.0960063928805237,8.163307516388333,251.98304238327233,1.2724113841348352
AbellS1063,A8,S01,,7,3.681792830507429,0.0,0.0,1.2724113841348352
AbellS1063,A8,S01,,8,4.378414230005442,8.795972832878624,273.3602960669676,1.2724113841348352
AbellS1063,A8,S01,,9,5.206841354751632,5.1931519185290025,162.7323296766549,1.2724113841348352
AbellS1063,A8,S01,,10,6.192012785761049,4.7229680171301816,144.40472222794963,1.2724113841348352
AbellS1063,A8,S01,,11,7.363585661014858,3.4651491762837954,107.87571173788173,1.2724113841348352
AbellS1063,A8,S01,,12,8.756828460010883,1.8485269060692746,56.91451157270072,1.2724113841348352
AbellS1063,A8,S01,,13,10.413682709503263,1.2095816697234087,37.43754356394437,1.2724113841348352
AbellS1063,A8,S01,,14,12.384025571522095,0.589525693601152,17.492934656472382,1.2724113841348352
AbellS1063,A8,S01,,15,14.727171322029715,0.2650949335144803,8.52330702252041,1.2724113841348352
AbellS1063,A8,S01,,16,17.513656920021766,0.14004508640792562,3.9921169087906523,1.2724113841348352
AbellS1063,A8,S01,,17,20.82736541900653,0.07326128846319419,1.7988969751063202,1.2724113841348352
AbellS1063,A8,S01,,18,24.768051143044197,0.05543239569240973,1.4638648706889508,1.2724113841348352
AbellS1063,A8,S01,,19,29.454342644059437,0.05712445112557146,1.3594052260007785,1.2724113841348352
AbellS1063,A8,S02,,0,1.0946035575013604,1596.2832937982541,2035.6117024891873,0.3501829029496417
AbellS1063,A8,S02,,1,1.301710338687908,0.0,0.0,0.3501829029496417
AbellS1063,A8,S02,,2,1.548003196440262,0.0,0.0,0.3501829029496417
AbellS1063,A8,S02,,3,1.8408964152537144,0.0,0.0,0.3501829029496417
AbellS1063,A8,S02,,4,2.189207115002721,707.450815656281,764.3171067411085,0.3501829029496417
AbellS1063,A8,S02,,5,2.6034206773758157,0.0,0.0,0.3501829029496417
AbellS1063,A8,S02,,6,3.0960063928805237,427.47693976285666,251.98304238327233,0.3501829029496417
AbellS1063,A8,S02,,7,3.681792830507429,0.0,0.0,0.3501829029496417
AbellS1063,A8,S02,,8,4.378414230005442,343.456540711858,273.3602960669676,0.3501829029496417
AbellS1063,A8,S02,,9,5.206841354751632,165.05854170835548,162.7323296766549,0.3501829029496417
AbellS1063,A8,S02,,10,6.192012785761049,148.213748931275,144.40472222794963,0.3501829029496417
AbellS1063,A8,S02,,11,7.363585661014858,94.21892389903273,107.87571173788173,0.3501829029496417
AbellS1063,A8,S02,,12,8.756828460010883,50.82555580482304,56.91451157270072,0.3501829029496417
AbellS1063,A8,S02,,13,10.413682709503263,21.15125881262341,37.43754356394437,0.3501829029496417
AbellS1063,A8,S02,,14,12.384025571522095,24.68118128587673,17.492934656472382,0.3501829029496417
AbellS1063,A8,S02,,15,14.727171322029715,27.86547468292027,8.52330702252041,0.3501829029496417
AbellS1063,A8,S02,,16,17.513656920021766,25.209813955128467,3.9921169087906523,0.3501829029496417
AbellS1063,A8,S02,,17,20.82736541900653,11.68876198490463,1.7988969751063202,0.3501829029496417
AbellS1063,A8,S02,,18,24.768051143044197,6.869035757080161,1.4638648706889508,0.3501829029496417
AbellS1063,A8,S02,,19,29.454342644059437,4.510225360351799,1.3594052260007785,0.3501829029496417
AbellS1063,A8,A8-S03,,0,1.0946035575013604,67.37599307846645,2035.6117024891873,1.329724094387299
AbellS1063,A8,A8-S03,,1,1.301710338687908,0.0,0.0,1.329724094387299
AbellS1063,A8,A8-S03,,2,1.548003196440262,0.0,0.0,1.329724094387299
AbellS1063,A8,A8-S03,,3,1.8408964152537144,0.0,0.0,1.329724094387299
AbellS1063,A8,A8-S03,,4,2.189207115002721,24.63539396394562,764.3171067411085,1.329724094387299
AbellS1063,A8,A8-S03,,5,2.6034206773758157,0.0,0.0,1.329724094387299
AbellS1063,A8,A8-S03,,6,3.0960063928805237,8.01271532981578,251.98304238327233,1.329724094387299
AbellS1063,A8,A8-S03,,7,3.681792830507429,0.0,0.0,1.329724094387299
AbellS1063,A8,A8-S03,,8,4.378414230005442,8.467045395206798,273.3602960669676,1.329724094387299
AbellS1063,A8,A8-S03,,9,5.206841354751632,4.886694953765013,162.7323296766549,1.329724094387299
AbellS1063,A8,A8-S03,,10,6.192012785761049,4.453797164806591,144.40472222794963,1.329724094387299
AbellS1063,A8,A8-S03,,11,7.363585661014858,3.143846377786429,107.87571173788173,1.329724094387299
AbellS1063,A8,A8-S03,,12,8.756828460010883,1.6419598465257137,56.91451157270072,1.329724094387299
AbellS1063,A8,A8-S03,,13,10.413682709503263,1.0096160519953639,37.43754356394437,1.329724094387299
AbellS1063,A8,A8-S03,,14,12.384025571522095,0.4840923388444589,17.492934656472382,1.329724094387299
AbellS1063,A8,A8-S03,,15,14.727171322029715,0.19846581356410758,8.52330702252041,1.329724094387299
AbellS1063,A8,A8-S03,,16,17.513656920021766,0.11029234091861509,3.9921169087906523,1.329724094387299
AbellS1063,A8,A8-S03,,17,20.82736541900653,0.05898861584966616,1.7988969751063202,1.329724094387299
AbellS1063,A8,A8-S03,,18,24.768051143044197,0.03959096716282696,1.4638648706889508,1.329724094387299
AbellS1063,A8,A8-S03,,19,29.454342644059437,0.03695394813715391,1.3594052260007785,1.329724094387299
AbellS1063,A8,A8-S04,,0,1.0946035575013604,67.36406581492331,2035.6117024891873,1.3350461237347382
AbellS1063,A8,A8-S04,,1,1.301710338687908,0.0,0.0,1.3350461237347382
AbellS1063,A8,A8-S04,,2,1.548003196440262,0.0,0.0,1.3350461237347382
AbellS1063,A8,A8-S04,,3,1.8408964152537144,0.0,0.0,1.3350461237347382
AbellS1063,A8,A8-S04,,4,2.189207115002721,24.621386852064024,764.3171067411085,1.3350461237347382
AbellS1063,A8,A8-S04,,5,2.6034206773758157,0.0,0.0,1.3350461237347382
AbellS1063,A8,A8-S04,,6,3.0960063928805237,8.003927297796837,251.98304238327233,1.3350461237347382
AbellS1063,A8,A8-S04,,7,3.681792830507429,0.0,0.0,1.3350461237347382
AbellS1063,A8,A8-S04,,8,4.378414230005442,8.45188735746115,273.3602960669676,1.3350461237347382
AbellS1063,A8,A8-S04,,9,5.206841354751632,4.873966155257776,162.7323296766549,1.3350461237347382
AbellS1063,A8,A8-S04,,10,6.192012785761049,4.436777526712684,144.40472222794963,1.3350461237347382
AbellS1063,A8,A8-S04,,11,7.363585661014858,3.128172306647928,107.87571173788173,1.3350461237347382
AbellS1063,A8,A8-S04,,12,8.756828460010883,1.630287173709183,56.91451157270072,1.3350461237347382
AbellS1063,A8,A8-S04,,13,10.413682709503263,0.9992101920788989,37.43754356394437,1.3350461237347382
AbellS1063,A8,A8-S04,,14,12.384025571522095,0.47728829121060795,17.492934656472382,1.3350461237347382
AbellS1063,A8,A8-S04,,15,14.727171322029715,0.19500185894608707,8.52330702252041,1.3350461237347382
AbellS1063,A8,A8-S04,,16,17.513656920021766,0.1076638948962311,3.9921169087906523,1.3350461237347382
AbellS1063,A8,A8-S04,,17,20.82736541900653,0.05711847586862843,1.7988969751063202,1.3350461237347382
AbellS1063,A8,A8-S04,,18,24.768051143044197,0.038034108736059356,1.4638648706889508,1.3350461237347382
AbellS1063,A8,A8-S04,,19,29.454342644059437,0.03520445160176982,1.3594052260007785,1.3350461237347382
AbellS1063,A8,A8-S05,,0,1.0946035575013604,66.41410252871898,2035.6117024891873,1.3915691273248554
AbellS1063,A8,A8-S05,,1,1.301710338687908,0.0,0.0,1.3915691273248554
AbellS1063,A8,A8-S05,,2,1.548003196440262,0.0,0.0,1.3915691273248554
AbellS1063,A8,A8-S05,,3,1.8408964152537144,0.0,0.0,1.3915691273248554
AbellS1063,A8,A8-S05,,4,2.189207115002721,24.500644941140045,764.3171067411085,1.3915691273248554
AbellS1063,A8,A8-S05,,5,2.6034206773758157,0.0,0.0,1.3915691273248554
AbellS1063,A8,A8-S05,,6,3.0960063928805237,7.966600011473145,251.98304238327233,1.3915691273248554
AbellS1063,A8,A8-S05,,7,3.681792830507429,0.0,0.0,1.3915691273248554
AbellS1063,A8,A8-S05,,8,4.378414230005442,8.460673467356477,273.3602960669676,1.3915691273248554
AbellS1063,A8,A8-S05,,9,5.206841354751632,4.908534995274765,162.7323296766549,1.3915691273248554
AbellS1063,A8,A8-S05,,10,6.192012785761049,4.331845921345977,144.40472222794963,1.3915691273248554
AbellS1063,A8,A8-S05,,11,7.363585661014858,3.1006242992918445,107.87571173788173,1.3915691273248554
AbellS1063,A8,A8-S05,,12,8.756828460010883,1.5776884852079154,56.91451157270072,1.3915691273248554
AbellS1063,A8,A8-S05,,13,10.413682709503263,0.9619030893485342,37.43754356394437,1.3915691273248554
AbellS1063,A8,A8-S05,,14,12.384025571522095,0.42858354369727514,17.492934656472382,1.3915691273248554
AbellS1063,A8,A8-S05,,15,14.727171322029715,0.1804380658442976,8.52330702252041,1.3915691273248554
AbellS1063,A8,A8-S05,,16,17.513656920021766,0.08238511847407952,3.9921169087906523,1.3915691273248554
AbellS1063,A8,A8-S05,,17,20.82736541900653,0.03566750554858689,1.7988969751063202,1.3915691273248554
AbellS1063,A8,A8-S05,,18,24.768051143044197,0.02286707477862846,1.4638648706889508,1.3915691273248554
AbellS1063,A8,A8-S05,,19,29.454342644059437,0.01950001282053656,1.3594052260007785,1.3915691273248554
AbellS1063,A8,A8-S06,,0,1.0946035575013604,66.42994970923783,2035.6117024891873,1.3964151672319558
AbellS1063,A8,A8-S06,,1,1.301710338687908,0.0,0.0,1.3964151672319558
AbellS1063,A8,A8-S06,,2,1.548003196440262,0.0,0.0,1.3964151672319558
AbellS1063,A8,A8-S06,,3,1.8408964152537144,0.0,0.0,1.3964151672319558
AbellS1063,A8,A8-S06,,4,2.189207115002721,24.48711226764606,764.3171067411085,1.3964151672319558
AbellS1063,A8,A8-S06,,5,2.6034206773758157,0.0,0.0,1.3964151672319558
AbellS1063,A8,A8-S06,,6,3.0960063928805237,7.956906281131374,251.98304238327233,1.3964151672319558
AbellS1063,A8,A8-S06,,7,3.681792830507429,0.0,0.0,1.3964151672319558
AbellS1063,A8,A8-S06,,8,4.378414230005442,8.441730436542857,273.3602960669676,1.3964151672319558
AbellS1063,A8,A8-S06,,9,5.206841354751632,4.891643026911799,162.7323296766549,1.3964151672319558
AbellS1063,A8,A8-S06,,10,6.192012785761049,4.3148031252274235,144.40472222794963,1.3964151672319558
AbellS1063,A8,A8-S06,,11,7.363585661014858,3.082384957748624,107.87571173788173,1.3964151672319558
AbellS1063,A8,A8-S06,,12,8.756828460010883,1.5655077876401111,56.91451157270072,1.3964151672319558
AbellS1063,A8,A8-S06,,13,10.413682709503263,0.9508994025058405,37.43754356394437,1.3964151672319558
AbellS1063,A8,A8-S06,,14,12.384025571522095,0.42263177444277716,17.492934656472382,1.3964151672319558
AbellS1063,A8,A8-S06,,15,14.727171322029715,0.17690522841286566,8.52330702252041,1.3964151672319558
AbellS1063,A8,A8-S06,,16,17.513656920021766,0.08067911927493174,3.9921169087906523,1.3964151672319558
AbellS1063,A8,A8-S06,,17,20.82736541900653,0.034874552320634876,1.7988969751063202,1.3964151672319558
AbellS1063,A8,A8-S06,,18,24.768051143044197,0.022162947498994313,1.4638648706889508,1.3964151672319558
AbellS1063,A8,A8-S06,,19,29.454342644059437,0.018792362038910073,1.3594052260007785,1.3964151672319558
AbellS1063,A8,A8-S07,,0,1.0946035575013604,7.548536845411743e-06,2035.6117024891873,5.946530979558712
AbellS1063,A8,A8-S07,,1,1.301710338687908,0.0,0.0,5.946530979558712
AbellS1063,A8,A8-S07,,2,1.548003196440262,0.0,0.0,5.946530979558712
AbellS1063,A8,A8-S07,,3,1.8408964152537144,0.0,0.0,5.946530979558712
AbellS1063,A8,A8-S07,,4,2.189207115002721,1.236386170311187e-05,764.3171067411085,5.946530979558712
AbellS1063,A8,A8-S07,,5,2.6034206773758157,0.0,0.0,5.946530979558712
AbellS1063,A8,A8-S07,,6,3.0960063928805237,6.09127990817716e-06,251.98304238327233,5.946530979558712
AbellS1063,A8,A8-S07,,7,3.681792830507429,0.0,0.0,5.946530979558712
AbellS1063,A8,A8-S07,,8,4.378414230005442,6.573147709729526e-06,273.3602960669676,5.946530979558712
AbellS1063,A8,A8-S07,,9,5.206841354751632,5.277861283636453e-06,162.7323296766549,5.946530979558712
AbellS1063,A8,A8-S07,,10,6.192012785761049,7.782483518530813e-06,144.40472222794963,5.946530979558712
AbellS1063,A8,A8-S07,,11,7.363585661014858,5.885093753170075e-06,107.87571173788173,5.946530979558712
AbellS1063,A8,A8-S07,,12,8.756828460010883,8.69977705965177e-06,56.91451157270072,5.946530979558712
AbellS1063,A8,A8-S07,,13,10.413682709503263,6.691540329395558e-06,37.43754356394437,5.946530979558712
AbellS1063,A8,A8-S07,,14,12.384025571522095,6.638587807694078e-06,17.492934656472382,5.946530979558712
AbellS1063,A8,A8-S07,,15,14.727171322029715,5.87464658026829e-06,8.52330702252041,5.946530979558712
AbellS1063,A8,A8-S07,,16,17.513656920021766,6.0042640418191424e-06,3.9921169087906523,5.946530979558712
AbellS1063,A8,A8-S07,,17,20.82736541900653,4.752103931055998e-06,1.7988969751063202,5.946530979558712
AbellS1063,A8,A8-S07,,18,24.768051143044197,4.159555907108273e-06,1.4638648706889508,5.946530979558712
AbellS1063,A8,A8-S07,,19,29.454342644059437,3.872603317646325e-06,1.3594052260007785,5.946530979558712
AbellS1063,A8,A8-S08,,0,1.0946035575013604,4.347957222957164e-07,2035.6117024891873,7.012261675384314
AbellS1063,A8,A8-S08,,1,1.301710338687908,0.0,0.0,7.012261675384314
AbellS1063,A8,A8-S08,,2,1.548003196440262,0.0,0.0,7.012261675384314
AbellS1063,A8,A8-S08,,3,1.8408964152537144,0.0,0.0,7.012261675384314
AbellS1063,A8,A8-S08,,4,2.189207115002721,7.12158434099244e-07,764.3171067411085,7.012261675384314
AbellS1063,A8,A8-S08,,5,2.6034206773758157,0.0,0.0,7.012261675384314
AbellS1063,A8,A8-S08,,6,3.0960063928805237,3.508577227110045e-07,251.98304238327233,7.012261675384314
AbellS1063,A8,A8-S08,,7,3.681792830507429,0.0,0.0,7.012261675384314
AbellS1063,A8,A8-S08,,8,4.378414230005442,3.786133080804209e-07,273.3602960669676,7.012261675384314
AbellS1063,A8,A8-S08,,9,5.206841354751632,3.0400480993745975e-07,162.7323296766549,7.012261675384314
AbellS1063,A8,A8-S08,,10,6.192012785761049,4.4827105066737485e-07,144.40472222794963,7.012261675384314
AbellS1063,A8,A8-S08,,11,7.363585661014858,3.3898140018259646e-07,107.87571173788173,7.012261675384314
AbellS1063,A8,A8-S08,,12,8.756828460010883,5.011071586359422e-07,56.91451157270072,7.012261675384314
AbellS1063,A8,A8-S08,,13,10.413682709503263,3.8543272297318427e-07,37.43754356394437,7.012261675384314
AbellS1063,A8,A8-S08,,14,12.384025571522095,3.8238265772317896e-07,17.492934656472382,7.012261675384314
AbellS1063,A8,A8-S08,,15,14.727171322029715,3.383796430234536e-07,8.52330702252041,7.012261675384314
AbellS1063,A8,A8-S08,,16,17.513656920021766,3.458456088087826e-07,3.9921169087906523,7.012261675384314
AbellS1063,A8,A8-S08,,17,20.82736541900653,2.737211864288255e-07,1.7988969751063202,7.012261675384314
AbellS1063,A8,A8-S08,,18,24.768051143044197,2.3959042024943657e-07,1.4638648706889508,7.012261675384314
AbellS1063,A8,A8-S08,,19,29.454342644059437,2.2306195109642842e-07,1.3594052260007785,7.012261675384314
AbellS1063,A8,A8-S09,,0,1.0946035575013604,1.1606630253505096e-05,2035.6117024891873,5.786141100543396
AbellS1063,A8,A8-S09,,1,1.301710338687908,0.0,0.0,5.786141100543396
AbellS1063,A8,A8-S09,,2,1.548003196440262,0.0,0.0,5.786141100543396
AbellS1063,A8,A8-S09,,3,1.8408964152537144,0.0,0.0,5.786141100543396
AbellS1063,A8,A8-S09,,4,2.189207115002721,1.901067375470482e-05,764.3171067411085,5.786141100543396
AbellS1063,A8,A8-S09,,5,2.6034206773758157,0.0,0.0,5.786141100543396
AbellS1063,A8,A8-S09,,6,3.0960063928805237,9.365951986813205e-06,251.98304238327233,5.786141100543396
AbellS1063,A8,A8-S09,,7,3.681792830507429,0.0,0.0,5.786141100543396
AbellS1063,A8,A8-S09,,8,4.378414230005442,1.0106871918480124e-05,273.3602960669676,5.786141100543396
AbellS1063,A8,A8-S09,,9,5.206841354751632,8.115239509719413e-06,162.7323296766549,5.786141100543396
AbellS1063,A8,A8-S09,,10,6.192012785761049,1.1966346658092975e-05,144.40472222794963,5.786141100543396
AbellS1063,A8,A8-S09,,11,7.363585661014858,9.048920154874312e-06,107.87571173788173,5.786141100543396
AbellS1063,A8,A8-S09,,12,8.756828460010883,1.3376777206920561e-05,56.91451157270072,5.786141100543396
AbellS1063,A8,A8-S09,,13,10.413682709503263,1.0288912410478612e-05,37.43754356394437,5.786141100543396
AbellS1063,A8,A8-S09,,14,12.384025571522095,1.0207492613110411e-05,17.492934656472382,5.786141100543396
AbellS1063,A8,A8-S09,,15,14.727171322029715,9.032856581820522e-06,8.52330702252041,5.786141100543396
AbellS1063,A8,A8-S09,,16,17.513656920021766,9.232156390701114e-06,3.9921169087906523,5.786141100543396
AbellS1063,A8,A8-S09,,17,20.82736541900653,7.3068350043917015e-06,1.7988969751063202,5.786141100543396
AbellS1063,A8,A8-S09,,18,24.768051143044197,6.395733162769682e-06,1.4638648706889508,5.786141100543396
AbellS1063,A8,A8-S09,,19,29.454342644059437,5.954514861212988e-06,1.3594052260007785,5.786141100543396
AbellS1063,A8,A8-S10,,0,1.0946035575013604,66.8939883473424,2035.6117024891873,1.3673244232037933
AbellS1063,A8,A8-S10,,1,1.301710338687908,0.0,0.0,1.3673244232037933
AbellS1063,A8,A8-S10,,2,1.548003196440262,0.0,0.0,1.3673244232037933
AbellS1063,A8,A8-S10,,3,1.8408964152537144,0.0,0.0,1.3673244232037933
AbellS1063,A8,A8-S10,,4,2.189207115002721,24.549304015173796,764.3171067411085,1.3673244232037933
AbellS1063,A8,A8-S10,,5,2.6034206773758157,0.0,0.0,1.3673244232037933
AbellS1063,A8,A8-S10,,6,3.0960063928805237,7.977980277500832,251.98304238327233,1.3673244232037933
AbellS1063,A8,A8-S10,,7,3.681792830507429,0.0,0.0,1.3673244232037933
AbellS1063,A8,A8-S10,,8,4.378414230005442,8.44417963791811,273.3602960669676,1.3673244232037933
AbellS1063,A8,A8-S10,,9,5.206841354751632,4.880693446571334,162.7323296766549,1.3673244232037933
AbellS1063,A8,A8-S10,,10,6.192012785761049,4.372677332562642,144.40472222794963,1.3673244232037933
AbellS1063,A8,A8-S10,,11,7.363585661014858,3.1029245946970074,107.87571173788173,1.3673244232037933
AbellS1063,A8,A8-S10,,12,8.756828460010883,1.594417569850786,56.91451157270072,1.3673244232037933
AbellS1063,A8,A8-S10,,13,10.413682709503263,0.9723781811606116,37.43754356394437,1.3673244232037933
AbellS1063,A8,A8-S10,,14,12.384025571522095,0.44730459770361486,17.492934656472382,1.3673244232037933
AbellS1063,A8,A8-S10,,15,14.727171322029715,0.183603685047369,8.52330702252041,1.3673244232037933
AbellS1063,A8,A8-S10,,16,17.513656920021766,0.09176980146885375,3.9921169087906523,1.3673244232037933
AbellS1063,A8,A8-S10,,17,20.82736541900653,0.04409567252220926,1.7988969751063202,1.3673244232037933
AbellS1063,A8,A8-S10,,18,24.768051143044197,0.028434705754683525,1.4638648706889508,1.3673244232037933
AbellS1063,A8,A8-S10,,19,29.454342644059437,0.025449365493281407,1.3594052260007785,1.3673244232037933
AbellS1063,A8,A8-S11,,0,1.0946035575013604,66.89183409971076,2035.6117024891873,1.3624456650843553
AbellS1063,A8,A8-S11,,1,1.301710338687908,0.0,0.0,1.3624456650843553
AbellS1063,A8,A8-S11,,2,1.548003196440262,0.0,0.0,1.3624456650843553
AbellS1063,A8,A8-S11,,3,1.8408964152537144,0.0,0.0,1.3624456650843553
AbellS1063,A8,A8-S11,,4,2.189207115002721,24.562756919147596,764.3171067411085,1.3624456650843553
AbellS1063,A8,A8-S11,,5,2.6034206773758157,0.0,0.0,1.3624456650843553
AbellS1063,A8,A8-S11,,6,3.0960063928805237,7.987058242507267,251.98304238327233,1.3624456650843553
AbellS1063,A8,A8-S11,,7,3.681792830507429,0.0,0.0,1.3624456650843553
AbellS1063,A8,A8-S11,,8,4.378414230005442,8.46105098354367,273.3602960669676,1.3624456650843553
AbellS1063,A8,A8-S11,,9,5.206841354751632,4.895359433556798,162.7323296766549,1.3624456650843553
AbellS1063,A8,A8-S11,,10,6.192012785761049,4.389507272473776,144.40472222794963,1.3624456650843553
AbellS1063,A8,A8-S11,,11,7.363585661014858,3.1197217470494443,107.87571173788173,1.3624456650843553
AbellS1063,A8,A8-S11,,12,8.756828460010883,1.6061026856009972,56.91451157270072,1.3624456650843553
AbellS1063,A8,A8-S11,,13,10.413682709503263,0.9828902415447308,37.43754356394437,1.3624456650843553
AbellS1063,A8,A8-S11,,14,12.384025571522095,0.4534882116948452,17.492934656472382,1.3624456650843553
AbellS1063,A8,A8-S11,,15,14.727171322029715,0.18690414767205468,8.52330702252041,1.3624456650843553
AbellS1063,A8,A8-S11,,16,17.513656920021766,0.09372745023796637,3.9921169087906523,1.3624456650843553
AbellS1063,A8,A8-S11,,17,20.82736541900653,0.04524862382799288,1.7988969751063202,1.3624456650843553
AbellS1063,A8,A8-S11,,18,24.768051143044197,0.029395022130422083,1.4638648706889508,1.3624456650843553
AbellS1063,A8,A8-S11,,19,29.454342644059437,0.026509240882866093,1.3594052260007785,1.3624456650843553
AbellS1063,A8,A8-S12,,0,1.0946035575013604,0.000657137942215098,2035.6117024891873,3.062439718658592
AbellS1063,A8,A8-S12,,1,1.301710338687908,0.0,0.0,3.062439718658592
AbellS1063,A8,A8-S12,,2,1.548003196440262,0.0,0.0,3.062439718658592
AbellS1063,A8,A8-S12,,3,1.8408964152537144,0.0,0.0,3.062439718658592
AbellS1063,A8,A8-S12,,4,2.189207115002721,0.004856771594561638,764.3171067411085,3.062439718658592
AbellS1063,A8,A8-S12,,5,2.6034206773758157,0.0,0.0,3.062439718658592
AbellS1063,A8,A8-S12,,6,3.0960063928805237,0.006224212101718438,251.98304238327233,3.062439718658592
AbellS1063,A8,A8-S12,,7,3.681792830507429,0.0,0.0,3.062439718658592
AbellS1063,A8,A8-S12,,8,4.378414230005442,0.0173420148617739,273.3602960669676,3.062439718658592
AbellS1063,A8,A8-S12,,9,5.206841354751632,0.022427450183049546,162.7323296766549,3.062439718658592
AbellS1063,A8,A8-S12,,10,6.192012785761049,0.038075307357943095,144.40472222794963,3.062439718658592
AbellS1063,A8,A8-S12,,11,7.363585661014858,0.04826481290379455,107.87571173788173,3.062439718658592
AbellS1063,A8,A8-S12,,12,8.756828460010883,0.05031068010415374,56.91451157270072,3.062439718658592
AbellS1063,A8,A8-S12,,13,10.413682709503263,0.06518309248491078,37.43754356394437,3.062439718658592
AbellS1063,A8,A8-S12,,14,12.384025571522095,0.055820375564063655,17.492934656472382,3.062439718658592
AbellS1063,A8,A8-S12,,15,14.727171322029715,0.036877035147563346,8.52330702252041,3.062439718658592
AbellS1063,A8,A8-S12,,16,17.513656920021766,0.03555347198653235,3.9921169087906523,3.062439718658592
AbellS1063,A8,A8-S12,,17,20.82736541900653,0.03345331101918305,1.7988969751063202,3.062439718658592
AbellS1063,A8,A8-S12,,18,24.768051143044197,0.03564967322725589,1.4638648706889508,3.062439718658592
AbellS1063,A8,A8-S12,,19,29.454342644059437,0.048597678441205515,1.3594052260007785,3.062439718658592
AbellS1063,A8,A8-P5,,0,1.0946035575013604,66.8939883473424,2035.6117024891873,1.3673244232037933
AbellS1063,A8,A8-P5,,1,1.301710338687908,0.0,0.0,1.3673244232037933
AbellS1063,A8,A8-P5,,2,1.548003196440262,0.0,0.0,1.3673244232037933
AbellS1063,A8,A8-P5,,3,1.8408964152537144,0.0,0.0,1.3673244232037933
AbellS1063,A8,A8-P5,,4,2.189207115002721,24.549304015173796,764.3171067411085,1.3673244232037933
AbellS1063,A8,A8-P5,,5,2.6034206773758157,0.0,0.0,1.3673244232037933
AbellS1063,A8,A8-P5,,6,3.0960063928805237,7.977980277500832,251.98304238327233,1.3673244232037933
AbellS1063,A8,A8-P5,,7,3.681792830507429,0.0,0.0,1.3673244232037933
AbellS1063,A8,A8-P5,,8,4.378414230005442,8.44417963791811,273.3602960669676,1.3673244232037933
AbellS1063,A8,A8-P5,,9,5.206841354751632,4.880693446571334,162.7323296766549,1.3673244232037933
AbellS1063,A8,A8-P5,,10,6.192012785761049,4.372677332562642,144.40472222794963,1.3673244232037933
AbellS1063,A8,A8-P5,,11,7.363585661014858,3.1029245946970074,107.87571173788173,1.3673244232037933
AbellS1063,A8,A8-P5,,12,8.756828460010883,1.594417569850786,56.91451157270072,1.3673244232037933
AbellS1063,A8,A8-P5,,13,10.413682709503263,0.9723781811606116,37.43754356394437,1.3673244232037933
AbellS1063,A8,A8-P5,,14,12.384025571522095,0.44730459770361486,17.492934656472382,1.3673244232037933
AbellS1063,A8,A8-P5,,15,14.727171322029715,0.183603685047369,8.52330702252041,1.3673244232037933
AbellS1063,A8,A8-P5,,16,17.513656920021766,0.09176980146885375,3.9921169087906523,1.3673244232037933
AbellS1063,A8,A8-P5,,17,20.82736541900653,0.04409567252220926,1.7988969751063202,1.3673244232037933
AbellS1063,A8,A8-P5,,18,24.768051143044197,0.028434705754683525,1.4638648706889508,1.3673244232037933
AbellS1063,A8,A8-P5,,19,29.454342644059437,0.025449365493281407,1.3594052260007785,1.3673244232037933
AbellS1063,A8,A8-P6,,0,1.0946035575013604,0.012077658952658785,2035.6117024891873,3.2158314181176944
AbellS1063,A8,A8-P6,,1,1.301710338687908,0.0,0.0,3.2158314181176944
AbellS1063,A8,A8-P6,,2,1.548003196440262,0.0,0.0,3.2158314181176944
AbellS1063,A8,A8-P6,,3,1.8408964152537144,0.0,0.0,3.2158314181176944
AbellS1063,A8,A8-P6,,4,2.189207115002721,0.019782178724978994,764.3171067411085,3.2158314181176944
AbellS1063,A8,A8-P6,,5,2.6034206773758157,0.0,0.0,3.2158314181176944
AbellS1063,A8,A8-P6,,6,3.0960063928805237,0.009746047853083457,251.98304238327233,3.2158314181176944
AbellS1063,A8,A8-P6,,7,3.681792830507429,0.0,0.0,3.2158314181176944
AbellS1063,A8,A8-P6,,8,4.378414230005442,0.010517036335567246,273.3602960669676,3.2158314181176944
AbellS1063,A8,A8-P6,,9,5.206841354751632,0.008444578053818328,162.7323296766549,3.2158314181176944
AbellS1063,A8,A8-P6,,10,6.192012785761049,0.012451973629649298,144.40472222794963,3.2158314181176944
AbellS1063,A8,A8-P6,,11,7.363585661014858,0.009416150005072123,107.87571173788173,3.2158314181176944
AbellS1063,A8,A8-P6,,12,8.756828460010883,0.013919643295442832,56.91451157270072,3.2158314181176944
AbellS1063,A8,A8-P6,,13,10.413682709503263,0.010706464527032895,37.43754356394437,3.2158314181176944
AbellS1063,A8,A8-P6,,14,12.384025571522095,0.010621740492310522,17.492934656472382,3.2158314181176944
AbellS1063,A8,A8-P6,,15,14.727171322029715,0.009399434528429264,8.52330702252041,3.2158314181176944
AbellS1063,A8,A8-P6,,16,17.513656920021766,0.009606822466910626,3.9921169087906523,3.2158314181176944
AbellS1063,A8,A8-P6,,17,20.82736541900653,0.007603366289689595,1.7988969751063202,3.2158314181176944
AbellS1063,A8,A8-P6,,18,24.768051143044197,0.006655289451373236,1.4638648706889508,3.2158314181176944
AbellS1063,A8,A8-P6,,19,29.454342644059437,0.006196165308234119,1.3594052260007785,3.2158314181176944
AbellS1063,A8,S13_P0,,0,1.0946035575013604,1387.1982379137755,2035.6117024891873,0.27885620381404014
AbellS1063,A8,S13_P0,,1,1.301710338687908,0.0,0.0,0.27885620381404014
AbellS1063,A8,S13_P0,,2,1.548003196440262,0.0,0.0,0.27885620381404014
AbellS1063,A8,S13_P0,,3,1.8408964152537144,0.0,0.0,0.27885620381404014
AbellS1063,A8,S13_P0,,4,2.189207115002721,599.5074726799902,764.3171067411085,0.27885620381404014
AbellS1063,A8,S13_P0,,5,2.6034206773758157,0.0,0.0,0.27885620381404014
AbellS1063,A8,S13_P0,,6,3.0960063928805237,358.4110196568004,251.98304238327233,0.27885620381404014
AbellS1063,A8,S13_P0,,7,3.681792830507429,0.0,0.0,0.27885620381404014
AbellS1063,A8,S13_P0,,8,4.378414230005442,288.2203702870134,273.3602960669676,0.27885620381404014
AbellS1063,A8,S13_P0,,9,5.206841354751632,144.4107615431877,162.7323296766549,0.27885620381404014
AbellS1063,A8,S13_P0,,10,6.192012785761049,123.70112477525466,144.40472222794963,0.27885620381404014
AbellS1063,A8,S13_P0,,11,7.363585661014858,74.2722679181495,107.87571173788173,0.27885620381404014
AbellS1063,A8,S13_P0,,12,8.756828460010883,38.07504751981305,56.91451157270072,0.27885620381404014
AbellS1063,A8,S13_P0,,13,10.413682709503263,16.480434967721603,37.43754356394437,0.27885620381404014
AbellS1063,A8,S13_P0,,14,12.384025571522095,21.154851376727336,17.492934656472382,0.27885620381404014
AbellS1063,A8,S13_P0,,15,14.727171322029715,21.9024992755522,8.52330702252041,0.27885620381404014
AbellS1063,A8,S13_P0,,16,17.513656920021766,17.77240134167367,3.9921169087906523,0.27885620381404014
AbellS1063,A8,S13_P0,,17,20.82736541900653,7.835060267241405,1.7988969751063202,0.27885620381404014
AbellS1063,A8,S13_P0,,18,24.768051143044197,4.4802091981254675,1.4638648706889508,0.27885620381404014
AbellS1063,A8,S13_P0,,19,29.454342644059437,2.4081992950162783,1.3594052260007785,0.27885620381404014
AbellS1063,A8,S13_P3,,0,1.0946035575013604,0.08268311571476042,2035.6117024891873,2.328783884496829
AbellS1063,A8,S13_P3,,1,1.301710338687908,0.0,0.0,2.328783884496829
AbellS1063,A8,S13_P3,,2,1.548003196440262,0.0,0.0,2.328783884496829
AbellS1063,A8,S13_P3,,3,1.8408964152537144,0.0,0.0,2.328783884496829
AbellS1063,A8,S13_P3,,4,2.189207115002721,0.09049791307308704,764.3171067411085,2.328783884496829
AbellS1063,A8,S13_P3,,5,2.6034206773758157,0.0,0.0,2.328783884496829
AbellS1063,A8,S13_P3,,6,3.0960063928805237,0.08760132154210318,251.98304238327233,2.328783884496829
AbellS1063,A8,S13_P3,,7,3.681792830507429,0.0,0.0,2.328783884496829
AbellS1063,A8,S13_P3,,8,4.378414230005442,0.053433989702306395,273.3602960669676,2.328783884496829
AbellS1063,A8,S13_P3,,9,5.206841354751632,0.11902883989447514,162.7323296766549,2.328783884496829
AbellS1063,A8,S13_P3,,10,6.192012785761049,0.07326618505626722,144.40472222794963,2.328783884496829
AbellS1063,A8,S13_P3,,11,7.363585661014858,0.07807929304164479,107.87571173788173,2.328783884496829
AbellS1063,A8,S13_P3,,12,8.756828460010883,0.22668070280081126,56.91451157270072,2.328783884496829
AbellS1063,A8,S13_P3,,13,10.413682709503263,0.283733427879549,37.43754356394437,2.328783884496829
AbellS1063,A8,S13_P3,,14,12.384025571522095,0.36331849611003497,17.492934656472382,2.328783884496829
AbellS1063,A8,S13_P3,,15,14.727171322029715,0.40782365741968574,8.52330702252041,2.328783884496829
AbellS1063,A8,S13_P3,,16,17.513656920021766,0.32963812113411955,3.9921169087906523,2.328783884496829
AbellS1063,A8,S13_P3,,17,20.82736541900653,0.24803975339644913,1.7988969751063202,2.328783884496829
AbellS1063,A8,S13_P3,,18,24.768051143044197,0.3537185055858173,1.4638648706889508,2.328783884496829
AbellS1063,A8,S13_P3,,19,29.454342644059437,0.33525041667244787,1.3594052260007785,2.328783884496829
AbellS1063,A8,S13_P4,,0,1.0946035575013604,1376.2547133892176,2035.6117024891873,0.2860308806761412
AbellS1063,A8,S13_P4,,1,1.301710338687908,0.0,0.0,0.2860308806761412
AbellS1063,A8,S13_P4,,2,1.548003196440262,0.0,0.0,0.2860308806761412
AbellS1063,A8,S13_P4,,3,1.8408964152537144,0.0,0.0,0.2860308806761412
AbellS1063,A8,S13_P4,,4,2.189207115002721,587.5073225280244,764.3171067411085,0.2860308806761412
AbellS1063,A8,S13_P4,,5,2.6034206773758157,0.0,0.0,0.2860308806761412
AbellS1063,A8,S13_P4,,6,3.0960063928805237,354.4813486117479,251.98304238327233,0.2860308806761412
AbellS1063,A8,S13_P4,,7,3.681792830507429,0.0,0.0,0.2860308806761412
AbellS1063,A8,S13_P4,,8,4.378414230005442,284.9551963317705,273.3602960669676,0.2860308806761412
AbellS1063,A8,S13_P4,,9,5.206841354751632,143.2076016926392,162.7323296766549,0.2860308806761412
AbellS1063,A8,S13_P4,,10,6.192012785761049,123.4698165672871,144.40472222794963,0.2860308806761412
AbellS1063,A8,S13_P4,,11,7.363585661014858,74.02927862989937,107.87571173788173,0.2860308806761412
AbellS1063,A8,S13_P4,,12,8.756828460010883,38.078079843047576,56.91451157270072,0.2860308806761412
AbellS1063,A8,S13_P4,,13,10.413682709503263,16.57059859052677,37.43754356394437,0.2860308806761412
AbellS1063,A8,S13_P4,,14,12.384025571522095,21.403544267302998,17.492934656472382,0.2860308806761412
AbellS1063,A8,S13_P4,,15,14.727171322029715,22.562923329617448,8.52330702252041,0.2860308806761412
AbellS1063,A8,S13_P4,,16,17.513656920021766,18.42929295657231,3.9921169087906523,0.2860308806761412
AbellS1063,A8,S13_P4,,17,20.82736541900653,8.065040932962587,1.7988969751063202,0.2860308806761412
AbellS1063,A8,S13_P4,,18,24.768051143044197,4.692059564581994,1.4638648706889508,0.2860308806761412
AbellS1063,A8,S13_P4,,19,29.454342644059437,2.5389623158957444,1.3594052260007785,0.2860308806761412
AbellS1063,A8,S19,kappa,0,1.0946035575013604,18.23245735901145,2035.6117024891873,0.9701745720154487
AbellS1063,A8,S19,kappa,1,1.301710338687908,0.0,0.0,0.9701745720154487
AbellS1063,A8,S19,kappa,2,1.548003196440262,0.0,0.0,0.9701745720154487
AbellS1063,A8,S19,kappa,3,1.8408964152537144,0.0,0.0,0.9701745720154487
AbellS1063,A8,S19,kappa,4,2.189207115002721,45.11265256666992,764.3171067411085,0.9701745720154487
AbellS1063,A8,S19,kappa,5,2.6034206773758157,0.0,0.0,0.9701745720154487
AbellS1063,A8,S19,kappa,6,3.0960063928805237,76.78365313038506,251.98304238327233,0.9701745720154487
AbellS1063,A8,S19,kappa,7,3.681792830507429,0.0,0.0,0.9701745720154487
AbellS1063,A8,S19,kappa,8,4.378414230005442,112.05265604764993,273.3602960669676,0.9701745720154487
AbellS1063,A8,S19,kappa,9,5.206841354751632,128.99064659683452,162.7323296766549,0.9701745720154487
AbellS1063,A8,S19,kappa,10,6.192012785761049,155.34998241110145,144.40472222794963,0.9701745720154487
AbellS1063,A8,S19,kappa,11,7.363585661014858,151.49795299877022,107.87571173788173,0.9701745720154487
AbellS1063,A8,S19,kappa,12,8.756828460010883,183.01120211528806,56.91451157270072,0.9701745720154487
AbellS1063,A8,S19,kappa,13,10.413682709503263,438.8172758298375,37.43754356394437,0.9701745720154487
AbellS1063,A8,S19,kappa,14,12.384025571522095,426.0252682758584,17.492934656472382,0.9701745720154487
AbellS1063,A8,S19,kappa,15,14.727171322029715,158.9415543587465,8.52330702252041,0.9701745720154487
AbellS1063,A8,S19,kappa,16,17.513656920021766,70.43173302024387,3.9921169087906523,0.9701745720154487
AbellS1063,A8,S19,kappa,17,20.82736541900653,36.68975917639955,1.7988969751063202,0.9701745720154487
AbellS1063,A8,S19,kappa,18,24.768051143044197,47.04297450729838,1.4638648706889508,0.9701745720154487
AbellS1063,A8,S19,kappa,19,29.454342644059437,41.18265195981937,1.3594052260007785,0.9701745720154487
AbellS1063,A8,S20,gamma1,0,1.0946035575013604,5.381753695740457,2035.6117024891873,0.9053258781201048
AbellS1063,A8,S20,gamma1,1,1.301710338687908,0.0,0.0,0.9053258781201048
AbellS1063,A8,S20,gamma1,2,1.548003196440262,0.0,0.0,0.9053258781201048
AbellS1063,A8,S20,gamma1,3,1.8408964152537144,0.0,0.0,0.9053258781201048
AbellS1063,A8,S20,gamma1,4,2.189207115002721,13.701954351064929,764.3171067411085,0.9053258781201048
AbellS1063,A8,S20,gamma1,5,2.6034206773758157,0.0,0.0,0.9053258781201048
AbellS1063,A8,S20,gamma1,6,3.0960063928805237,23.07814277653021,251.98304238327233,0.9053258781201048
AbellS1063,A8,S20,gamma1,7,3.681792830507429,0.0,0.0,0.9053258781201048
AbellS1063,A8,S20,gamma1,8,4.378414230005442,31.867464636735047,273.3602960669676,0.9053258781201048
AbellS1063,A8,S20,gamma1,9,5.206841354751632,34.40279485269125,162.7323296766549,0.9053258781201048
AbellS1063,A8,S20,gamma1,10,6.192012785761049,41.161828381246266,144.40472222794963,0.9053258781201048
AbellS1063,A8,S20,gamma1,11,7.363585661014858,40.41061168691617,107.87571173788173,0.9053258781201048
AbellS1063,A8,S20,gamma1,12,8.756828460010883,47.810337656281305,56.91451157270072,0.9053258781201048
AbellS1063,A8,S20,gamma1,13,10.413682709503263,111.07199069612764,37.43754356394437,0.9053258781201048
AbellS1063,A8,S20,gamma1,14,12.384025571522095,107.51290814735574,17.492934656472382,0.9053258781201048
AbellS1063,A8,S20,gamma1,15,14.727171322029715,39.884507841900074,8.52330702252041,0.9053258781201048
AbellS1063,A8,S20,gamma1,16,17.513656920021766,17.60919971961159,3.9921169087906523,0.9053258781201048
AbellS1063,A8,S20,gamma1,17,20.82736541900653,9.125813620773181,1.7988969751063202,0.9053258781201048
AbellS1063,A8,S20,gamma1,18,24.768051143044197,11.81717022826552,1.4638648706889508,0.9053258781201048
AbellS1063,A8,S20,gamma1,19,29.454342644059437,10.365996073582657,1.3594052260007785,0.9053258781201048
AbellS1063,A8,S20,gamma2,0,1.0946035575013604,26.384766054248274,2035.6117024891873,0.6788206481117832
AbellS1063,A8,S20,gamma2,1,1.301710338687908,0.0,0.0,0.6788206481117832
AbellS1063,A8,S20,gamma2,2,1.548003196440262,0.0,0.0,0.6788206481117832
AbellS1063,A8,S20,gamma2,3,1.8408964152537144,0.0,0.0,0.6788206481117832
AbellS1063,A8,S20,gamma2,4,2.189207115002721,48.55828999808922,764.3171067411085,0.6788206481117832
AbellS1063,A8,S20,gamma2,5,2.6034206773758157,0.0,0.0,0.6788206481117832
AbellS1063,A8,S20,gamma2,6,3.0960063928805237,36.11507618976406,251.98304238327233,0.6788206481117832
AbellS1063,A8,S20,gamma2,7,3.681792830507429,0.0,0.0,0.6788206481117832
AbellS1063,A8,S20,gamma2,8,4.378414230005442,23.90194234371418,273.3602960669676,0.6788206481117832
AbellS1063,A8,S20,gamma2,9,5.206841354751632,23.584613420640498,162.7323296766549,0.6788206481117832
AbellS1063,A8,S20,gamma2,10,6.192012785761049,24.10708983766491,144.40472222794963,0.6788206481117832
AbellS1063,A8,S20,gamma2,11,7.363585661014858,26.37374569542473,107.87571173788173,0.6788206481117832
AbellS1063,A8,S20,gamma2,12,8.756828460010883,22.22039179556913,56.91451157270072,0.6788206481117832
AbellS1063,A8,S20,gamma2,13,10.413682709503263,24.305227753714682,37.43754356394437,0.6788206481117832
AbellS1063,A8,S20,gamma2,14,12.384025571522095,20.979682549091038,17.492934656472382,0.6788206481117832
AbellS1063,A8,S20,gamma2,15,14.727171322029715,13.709567036940493,8.52330702252041,0.6788206481117832
AbellS1063,A8,S20,gamma2,16,17.513656920021766,4.9491684564873,3.9921169087906523,0.6788206481117832
AbellS1063,A8,S20,gamma2,17,20.82736541900653,1.2352731583405816,1.7988969751063202,0.6788206481117832
AbellS1063,A8,S20,gamma2,18,24.768051143044197,0.6256828529318259,1.4638648706889508,0.6788206481117832
AbellS1063,A8,S20,gamma2,19,29.454342644059437,0.3981319317493215,1.3594052260007785,0.6788206481117832
AbellS1063,A8,S20,gamma_mag,0,1.0946035575013604,7.683929913439215,2035.6117024891873,0.7837299226364425
AbellS1063,A8,S20,gamma_mag,1,1.301710338687908,0.0,0.0,0.7837299226364425
AbellS1063,A8,S20,gamma_mag,2,1.548003196440262,0.0,0.0,0.7837299226364425
AbellS1063,A8,S20,gamma_mag,3,1.8408964152537144,0.0,0.0,0.7837299226364425
AbellS1063,A8,S20,gamma_mag,4,2.189207115002721,28.618046601808956,764.3171067411085,0.7837299226364425
AbellS1063,A8,S20,gamma_mag,5,2.6034206773758157,0.0,0.0,0.7837299226364425
AbellS1063,A8,S20,gamma_mag,6,3.0960063928805237,46.722083118091334,251.98304238327233,0.7837299226364425
AbellS1063,A8,S20,gamma_mag,7,3.681792830507429,0.0,0.0,0.7837299226364425
AbellS1063,A8,S20,gamma_mag,8,4.378414230005442,46.0149550283793,273.3602960669676,0.7837299226364425
AbellS1063,A8,S20,gamma_mag,9,5.206841354751632,31.027350076010908,162.7323296766549,0.7837299226364425
AbellS1063,A8,S20,gamma_mag,10,6.192012785761049,28.501140568860738,144.40472222794963,0.7837299226364425
AbellS1063,A8,S20,gamma_mag,11,7.363585661014858,23.210555971524318,107.87571173788173,0.7837299226364425
AbellS1063,A8,S20,gamma_mag,12,8.756828460010883,17.61588839823632,56.91451157270072,0.7837299226364425
AbellS1063,A8,S20,gamma_mag,13,10.413682709503263,12.344902320322237,37.43754356394437,0.7837299226364425
AbellS1063,A8,S20,gamma_mag,14,12.384025571522095,14.154976837098959,17.492934656472382,0.7837299226364425
AbellS1063,A8,S20,gamma_mag,15,14.727171322029715,12.361772531347523,8.52330702252041,0.7837299226364425
AbellS1063,A8,S20,gamma_mag,16,17.513656920021766,9.855109395011029,3.9921169087906523,0.7837299226364425
AbellS1063,A8,S20,gamma_mag,17,20.82736541900653,9.9039393141322,1.7988969751063202,0.7837299226364425
AbellS1063,A8,S20,gamma_mag,18,24.768051143044197,4.732914311317715,1.4638648706889508,0.7837299226364425
AbellS1063,A8,S20,gamma_mag,19,29.454342644059437,4.7478697379191415,1.3594052260007785,0.7837299226364425
Abell370,C10,S00,,0,1.0946035575013604,3402.4058101996816,3402.4058101996816,0.0
Abell370,C10,S00,,1,1.301710338687908,0.0,0.0,0.0
Abell370,C10,S00,,2,1.548003196440262,0.0,0.0,0.0
Abell370,C10,S00,,3,1.8408964152537144,0.0,0.0,0.0
Abell370,C10,S00,,4,2.189207115002721,894.682028192934,894.682028192934,0.0
Abell370,C10,S00,,5,2.6034206773758157,0.0,0.0,0.0
Abell370,C10,S00,,6,3.0960063928805237,368.3999673282689,368.3999673282689,0.0
Abell370,C10,S00,,7,3.681792830507429,0.0,0.0,0.0
Abell370,C10,S00,,8,4.378414230005442,420.7778375090274,420.7778375090274,0.0
Abell370,C10,S00,,9,5.206841354751632,291.43502668749574,291.43502668749574,0.0
Abell370,C10,S00,,10,6.192012785761049,158.020829002822,158.020829002822,0.0
Abell370,C10,S00,,11,7.363585661014858,112.87784694108176,112.87784694108176,0.0
Abell370,C10,S00,,12,8.756828460010883,87.98680195988018,87.98680195988018,0.0
Abell370,C10,S00,,13,10.413682709503263,58.835133513231455,58.835133513231455,0.0
Abell370,C10,S00,,14,12.384025571522095,36.49899139499556,36.49899139499556,0.0
Abell370,C10,S00,,15,14.727171322029715,22.74878499279788,22.74878499279788,0.0
Abell370,C10,S00,,16,17.513656920021766,14.005472846462553,14.005472846462553,0.0
Abell370,C10,S00,,17,20.82736541900653,7.107424519480745,7.107424519480745,0.0
Abell370,C10,S00,,18,24.768051143044197,3.9854629951711384,3.9854629951711384,0.0
Abell370,C10,S00,,19,29.454342644059437,1.8218712433665252,1.8218712433665252,0.0
Abell370,C10,S01,,0,1.0946035575013604,110.23794825046967,3402.4058101996816,1.2899058589545649
Abell370,C10,S01,,1,1.301710338687908,0.0,0.0,1.2899058589545649
Abell370,C10,S01,,2,1.548003196440262,0.0,0.0,1.2899058589545649
Abell370,C10,S01,,3,1.8408964152537144,0.0,0.0,1.2899058589545649
Abell370,C10,S01,,4,2.189207115002721,28.987697713451066,894.682028192934,1.2899058589545649
Abell370,C10,S01,,5,2.6034206773758157,0.0,0.0,1.2899058589545649
Abell370,C10,S01,,6,3.0960063928805237,11.936158941435915,368.3999673282689,1.2899058589545649
Abell370,C10,S01,,7,3.681792830507429,0.0,0.0,1.2899058589545649
Abell370,C10,S01,,8,4.378414230005442,13.63320193529249,420.7778375090274,1.2899058589545649
Abell370,C10,S01,,9,5.206841354751632,9.442494864674853,291.43502668749574,1.2899058589545649
Abell370,C10,S01,,10,6.192012785761049,5.119874859691434,158.020829002822,1.2899058589545649
Abell370,C10,S01,,11,7.363585661014858,3.657242240891048,112.87784694108176,1.2899058589545649
Abell370,C10,S01,,12,8.756828460010883,2.8507723835001175,87.98680195988018,1.2899058589545649
Abell370,C10,S01,,13,10.413682709503263,1.906258325828699,58.835133513231455,1.2899058589545649
Abell370,C10,S01,,14,12.384025571522095,1.1825673211978556,36.49899139499556,1.2899058589545649
Abell370,C10,S01,,15,14.727171322029715,0.737060633766651,22.74878499279788,1.2899058589545649
Abell370,C10,S01,,16,17.513656920021766,0.4537773202253865,14.005472846462553,1.2899058589545649
Abell370,C10,S01,,17,20.82736541900653,0.2302805544311761,7.107424519480745,1.2899058589545649
Abell370,C10,S01,,18,24.768051143044197,0.12912900104354494,3.9854629951711384,1.2899058589545649
Abell370,C10,S01,,19,29.454342644059437,0.0590286282850754,1.8218712433665252,1.2899058589545649
Abell370,C10,S02,,0,1.0946035575013604,92.09438250016399,3402.4058101996816,0.9755124124692643
Abell370,C10,S02,,1,1.301710338687908,0.0,0.0,0.9755124124692643
Abell370,C10,S02,,2,1.548003196440262,0.0,0.0,0.9755124124692643
Abell370,C10,S02,,3,1.8408964152537144,0.0,0.0,0.9755124124692643
Abell370,C10,S02,,4,2.189207115002721,31.901688250087567,894.682028192934,0.9755124124692643
Abell370,C10,S02,,5,2.6034206773758157,0.0,0.0,0.9755124124692643
Abell370,C10,S02,,6,3.0960063928805237,29.428941124676196,368.3999673282689,0.9755124124692643
Abell370,C10,S02,,7,3.681792830507429,0.0,0.0,0.9755124124692643
Abell370,C10,S02,,8,4.378414230005442,27.42134804714345,420.7778375090274,0.9755124124692643
Abell370,C10,S02,,9,5.206841354751632,10.841696899911577,291.43502668749574,0.9755124124692643
Abell370,C10,S02,,10,6.192012785761049,7.768642766668926,158.020829002822,0.9755124124692643
Abell370,C10,S02,,11,7.363585661014858,10.46035421649058,112.87784694108176,0.9755124124692643
Abell370,C10,S02,,12,8.756828460010883,4.93974360227162,87.98680195988018,0.9755124124692643
Abell370,C10,S02,,13,10.413682709503263,3.2998097890643883,58.835133513231455,0.9755124124692643
Abell370,C10,S02,,14,12.384025571522095,3.0161197417741183,36.49899139499556,0.9755124124692643
Abell370,C10,S02,,15,14.727171322029715,2.4257186078732653,22.74878499279788,0.9755124124692643
Abell370,C10,S02,,16,17.513656920021766,1.746680876621599,14.005472846462553,0.9755124124692643
Abell370,C10,S02,,17,20.82736541900653,1.3113664951831323,7.107424519480745,0.9755124124692643
Abell370,C10,S02,,18,24.768051143044197,1.1307276510362012,3.9854629951711384,0.9755124124692643
Abell370,C10,S02,,19,29.454342644059437,0.7630277133559707,1.8218712433665252,0.9755124124692643
Abell370,C10,C10-S03,,0,1.0946035575013604,736.6846112046017,3402.4058101996816,0.6156863121695793
Abell370,C10,C10-S03,,1,1.301710338687908,0.0,0.0,0.6156863121695793
Abell370,C10,C10-S03,,2,1.548003196440262,0.0,0.0,0.6156863121695793
Abell370,C10,C10-S03,,3,1.8408964152537144,0.0,0.0,0.6156863121695793
Abell370,C10,C10-S03,,4,2.189207115002721,562.2276833580296,894.682028192934,0.6156863121695793
Abell370,C10,C10-S03,,5,2.6034206773758157,0.0,0.0,0.6156863121695793
Abell370,C10,C10-S03,,6,3.0960063928805237,346.15832456059087,368.3999673282689,0.6156863121695793
Abell370,C10,C10-S03,,7,3.681792830507429,0.0,0.0,0.6156863121695793
Abell370,C10,C10-S03,,8,4.378414230005442,307.08908495696716,420.7778375090274,0.6156863121695793
Abell370,C10,C10-S03,,9,5.206841354751632,266.2060933158802,291.43502668749574,0.6156863121695793
Abell370,C10,C10-S03,,10,6.192012785761049,361.67346210278333,158.020829002822,0.6156863121695793
Abell370,C10,C10-S03,,11,7.363585661014858,267.259211133164,112.87784694108176,0.6156863121695793
Abell370,C10,C10-S03,,12,8.756828460010883,232.1258515940916,87.98680195988018,0.6156863121695793
Abell370,C10,C10-S03,,13,10.413682709503263,198.2330472527545,58.835133513231455,0.6156863121695793
Abell370,C10,C10-S03,,14,12.384025571522095,216.6973060642599,36.49899139499556,0.6156863121695793
Abell370,C10,C10-S03,,15,14.727171322029715,183.53028423172765,22.74878499279788,0.6156863121695793
Abell370,C10,C10-S03,,16,17.513656920021766,127.00666523086585,14.005472846462553,0.6156863121695793
Abell370,C10,C10-S03,,17,20.82736541900653,100.6926820384568,7.107424519480745,0.6156863121695793
Abell370,C10,C10-S03,,18,24.768051143044197,61.0102117030229,3.9854629951711384,0.6156863121695793
Abell370,C10,C10-S03,,19,29.454342644059437,24.803104686872413,1.8218712433665252,0.6156863121695793
Abell370,C10,C10-S04,,0,1.0946035575013604,19.530975925489955,3402.4058101996816,0.9415752404558368
Abell370,C10,C10-S04,,1,1.301710338687908,0.0,0.0,0.9415752404558368
Abell370,C10,C10-S04,,2,1.548003196440262,0.0,0.0,0.9415752404558368
Abell370,C10,C10-S04,,3,1.8408964152537144,0.0,0.0,0.9415752404558368
Abell370,C10,C10-S04,,4,2.189207115002721,19.34506977103618,894.682028192934,0.9415752404558368
Abell370,C10,C10-S04,,5,2.6034206773758157,0.0,0.0,0.9415752404558368
Abell370,C10,C10-S04,,6,3.0960063928805237,13.077906416428439,368.3999673282689,0.9415752404558368
Abell370,C10,C10-S04,,7,3.681792830507429,0.0,0.0,0.9415752404558368
Abell370,C10,C10-S04,,8,4.378414230005442,33.7986558312587,420.7778375090274,0.9415752404558368
Abell370,C10,C10-S04,,9,5.206841354751632,29.712317619414154,291.43502668749574,0.9415752404558368
Abell370,C10,C10-S04,,10,6.192012785761049,16.61670253117199,158.020829002822,0.9415752404558368
Abell370,C10,C10-S04,,11,7.363585661014858,21.61019062727973,112.87784694108176,0.9415752404558368
Abell370,C10,C10-S04,,12,8.756828460010883,18.594670958620597,87.98680195988018,0.9415752404558368
Abell370,C10,C10-S04,,13,10.413682709503263,16.334818558164105,58.835133513231455,0.9415752404558368
Abell370,C10,C10-S04,,14,12.384025571522095,9.680598492777001,36.49899139499556,0.9415752404558368
Abell370,C10,C10-S04,,15,14.727171322029715,6.0745429250609035,22.74878499279788,0.9415752404558368
Abell370,C10,C10-S04,,16,17.513656920021766,3.1915897093002137,14.005472846462553,0.9415752404558368
Abell370,C10,C10-S04,,17,20.82736541900653,1.0334371809045886,7.107424519480745,0.9415752404558368
Abell370,C10,C10-S04,,18,24.768051143044197,0.5020543549962178,3.9854629951711384,0.9415752404558368
Abell370,C10,C10-S04,,19,29.454342644059437,0.22365100669919993,1.8218712433665252,0.9415752404558368
Abell370,C10,C10-S05,,0,1.0946035575013604,0.976844878166461,3402.4058101996816,1.684388953889073
Abell370,C10,C10-S05,,1,1.301710338687908,0.0,0.0,1.684388953889073
Abell370,C10,C10-S05,,2,1.548003196440262,0.0,0.0,1.684388953889073
Abell370,C10,C10-S05,,3,1.8408964152537144,0.0,0.0,1.684388953889073
Abell370,C10,C10-S05,,4,2.189207115002721,0.7121201210536932,894.682028192934,1.684388953889073
Abell370,C10,C10-S05,,5,2.6034206773758157,0.0,0.0,1.684388953889073
Abell370,C10,C10-S05,,6,3.0960063928805237,0.571806638623479,368.3999673282689,1.684388953889073
Abell370,C10,C10-S05,,7,3.681792830507429,0.0,0.0,1.684388953889073
Abell370,C10,C10-S05,,8,4.378414230005442,1.5169584896895854,420.7778375090274,1.684388953889073
Abell370,C10,C10-S05,,9,5.206841354751632,2.5752842593697074,291.43502668749574,1.684388953889073
Abell370,C10,C10-S05,,10,6.192012785761049,1.420180782832321,158.020829002822,1.684388953889073
Abell370,C10,C10-S05,,11,7.363585661014858,1.8625865796105125,112.87784694108176,1.684388953889073
Abell370,C10,C10-S05,,12,8.756828460010883,3.561527061201824,87.98680195988018,1.684388953889073
Abell370,C10,C10-S05,,13,10.413682709503263,3.2451586507012182,58.835133513231455,1.684388953889073
Abell370,C10,C10-S05,,14,12.384025571522095,2.6293319917836193,36.49899139499556,1.684388953889073
Abell370,C10,C10-S05,,15,14.727171322029715,2.5592830518885523,22.74878499279788,1.684388953889073
Abell370,C10,C10-S05,,16,17.513656920021766,1.9775626707859066,14.005472846462553,1.684388953889073
Abell370,C10,C10-S05,,17,20.82736541900653,0.9084146501582974,7.107424519480745,1.684388953889073
Abell370,C10,C10-S05,,18,24.768051143044197,0.4509866370859966,3.9854629951711384,1.684388953889073
Abell370,C10,C10-S05,,19,29.454342644059437,0.1809831518132905,1.8218712433665252,1.684388953889073
Abell370,C10,C10-S06,,0,1.0946035575013604,19.530975925489955,3402.4058101996816,0.9415752404558368
Abell370,C10,C10-S06,,1,1.301710338687908,0.0,0.0,0.9415752404558368
Abell370,C10,C10-S06,,2,1.548003196440262,0.0,0.0,0.9415752404558368
Abell370,C10,C10-S06,,3,1.8408964152537144,0.0,0.0,0.9415752404558368
Abell370,C10,C10-S06,,4,2.189207115002721,19.34506977103618,894.682028192934,0.9415752404558368
Abell370,C10,C10-S06,,5,2.6034206773758157,0.0,0.0,0.9415752404558368
Abell370,C10,C10-S06,,6,3.0960063928805237,13.077906416428439,368.3999673282689,0.9415752404558368
Abell370,C10,C10-S06,,7,3.681792830507429,0.0,0.0,0.9415752404558368
Abell370,C10,C10-S06,,8,4.378414230005442,33.7986558312587,420.7778375090274,0.9415752404558368
Abell370,C10,C10-S06,,9,5.206841354751632,29.712317619414154,291.43502668749574,0.9415752404558368
Abell370,C10,C10-S06,,10,6.192012785761049,16.61670253117199,158.020829002822,0.9415752404558368
Abell370,C10,C10-S06,,11,7.363585661014858,21.61019062727973,112.87784694108176,0.9415752404558368
Abell370,C10,C10-S06,,12,8.756828460010883,18.594670958620597,87.98680195988018,0.9415752404558368
Abell370,C10,C10-S06,,13,10.413682709503263,16.334818558164105,58.835133513231455,0.9415752404558368
Abell370,C10,C10-S06,,14,12.384025571522095,9.680598492777001,36.49899139499556,0.9415752404558368
Abell370,C10,C10-S06,,15,14.727171322029715,6.0745429250609035,22.74878499279788,0.9415752404558368
Abell370,C10,C10-S06,,16,17.513656920021766,3.1915897093002137,14.005472846462553,0.9415752404558368
Abell370,C10,C10-S06,,17,20.82736541900653,1.0334371809045886,7.107424519480745,0.9415752404558368
Abell370,C10,C10-S06,,18,24.768051143044197,0.5020543549962178,3.9854629951711384,0.9415752404558368
Abell370,C10,C10-S06,,19,29.454342644059437,0.22365100669919993,1.8218712433665252,0.9415752404558368
Abell370,C10,S13_P0,,0,1.0946035575013604,56.20822807615493,3402.4058101996816,1.1260554460834804
Abell370,C10,S13_P0,,1,1.301710338687908,0.0,0.0,1.1260554460834804
Abell370,C10,S13_P0,,2,1.548003196440262,0.0,0.0,1.1260554460834804
Abell370,C10,S13_P0,,3,1.8408964152537144,0.0,0.0,1.1260554460834804
Abell370,C10,S13_P0,,4,2.189207115002721,24.92134070435029,894.682028192934,1.1260554460834804
Abell370,C10,S13_P0,,5,2.6034206773758157,0.0,0.0,1.1260554460834804
Abell370,C10,S13_P0,,6,3.0960063928805237,19.848103934054222,368.3999673282689,1.1260554460834804
Abell370,C10,S13_P0,,7,3.681792830507429,0.0,0.0,1.1260554460834804
Abell370,C10,S13_P0,,8,4.378414230005442,18.792971829521395,420.7778375090274,1.1260554460834804
Abell370,C10,S13_P0,,9,5.206841354751632,8.053717310278603,291.43502668749574,1.1260554460834804
Abell370,C10,S13_P0,,10,6.192012785761049,6.714702513354214,158.020829002822,1.1260554460834804
Abell370,C10,S13_P0,,11,7.363585661014858,5.68292681280704,112.87784694108176,1.1260554460834804
Abell370,C10,S13_P0,,12,8.756828460010883,2.794052149269657,87.98680195988018,1.1260554460834804
Abell370,C10,S13_P0,,13,10.413682709503263,1.824494213455882,58.835133513231455,1.1260554460834804
Abell370,C10,S13_P0,,14,12.384025571522095,2.114590619382162,36.49899139499556,1.1260554460834804
Abell370,C10,S13_P0,,15,14.727171322029715,1.8538401223892078,22.74878499279788,1.1260554460834804
Abell370,C10,S13_P0,,16,17.513656920021766,1.336703435759028,14.005472846462553,1.1260554460834804
Abell370,C10,S13_P0,,17,20.82736541900653,0.8900678533953759,7.107424519480745,1.1260554460834804
Abell370,C10,S13_P0,,18,24.768051143044197,0.614457938389182,3.9854629951711384,1.1260554460834804
Abell370,C10,S13_P0,,19,29.454342644059437,0.31155862432697284,1.8218712433665252,1.1260554460834804
Abell370,C10,S13_P3,,0,1.0946035575013604,0.06995697232759915,3402.4058101996816,2.2233090303199567
Abell370,C10,S13_P3,,1,1.301710338687908,0.0,0.0,2.2233090303199567
Abell370,C10,S13_P3,,2,1.548003196440262,0.0,0.0,2.2233090303199567
Abell370,C10,S13_P3,,3,1.8408964152537144,0.0,0.0,2.2233090303199567
Abell370,C10,S13_P3,,4,2.189207115002721,0.17491591436634493,894.682028192934,2.2233090303199567
Abell370,C10,S13_P3,,5,2.6034206773758157,0.0,0.0,2.2233090303199567
Abell370,C10,S13_P3,,6,3.0960063928805237,0.24870040904512675,368.3999673282689,2.2233090303199567
Abell370,C10,S13_P3,,7,3.681792830507429,0.0,0.0,2.2233090303199567
Abell370,C10,S13_P3,,8,4.378414230005442,0.40227169744323005,420.7778375090274,2.2233090303199567
Abell370,C10,S13_P3,,9,5.206841354751632,0.4218180922590575,291.43502668749574,2.2233090303199567
Abell370,C10,S13_P3,,10,6.192012785761049,0.4945062891146645,158.020829002822,2.2233090303199567
Abell370,C10,S13_P3,,11,7.363585661014858,0.5122096217979233,112.87784694108176,2.2233090303199567
Abell370,C10,S13_P3,,12,8.756828460010883,0.381656657420426,87.98680195988018,2.2233090303199567
Abell370,C10,S13_P3,,13,10.413682709503263,0.4133798852777743,58.835133513231455,2.2233090303199567
Abell370,C10,S13_P3,,14,12.384025571522095,0.5128925377703838,36.49899139499556,2.2233090303199567
Abell370,C10,S13_P3,,15,14.727171322029715,0.4342471627221123,22.74878499279788,2.2233090303199567
Abell370,C10,S13_P3,,16,17.513656920021766,0.34024961922050284,14.005472846462553,2.2233090303199567
Abell370,C10,S13_P3,,17,20.82736541900653,0.2894160494072385,7.107424519480745,2.2233090303199567
Abell370,C10,S13_P3,,18,24.768051143044197,0.2081929293513487,3.9854629951711384,2.2233090303199567
Abell370,C10,S13_P3,,19,29.454342644059437,0.12493992924888409,1.8218712433665252,2.2233090303199567
Abell370,C10,S13_P4,,0,1.0946035575013604,52.26382698701263,3402.4058101996816,1.1202512712571229
Abell370,C10,S13_P4,,1,1.301710338687908,0.0,0.0,1.1202512712571229
Abell370,C10,S13_P4,,2,1.548003196440262,0.0,0.0,1.1202512712571229
Abell370,C10,S13_P4,,3,1.8408964152537144,0.0,0.0,1.1202512712571229
Abell370,C10,S13_P4,,4,2.189207115002721,24.650726879626603,894.682028192934,1.1202512712571229
Abell370,C10,S13_P4,,5,2.6034206773758157,0.0,0.0,1.1202512712571229
Abell370,C10,S13_P4,,6,3.0960063928805237,18.78570743180352,368.3999673282689,1.1202512712571229
Abell370,C10,S13_P4,,7,3.681792830507429,0.0,0.0,1.1202512712571229
Abell370,C10,S13_P4,,8,4.378414230005442,18.04079581526292,420.7778375090274,1.1202512712571229
Abell370,C10,S13_P4,,9,5.206841354751632,7.823256552345333,291.43502668749574,1.1202512712571229
Abell370,C10,S13_P4,,10,6.192012785761049,6.74951043748131,158.020829002822,1.1202512712571229
Abell370,C10,S13_P4,,11,7.363585661014858,5.243309703647885,112.87784694108176,1.1202512712571229
Abell370,C10,S13_P4,,12,8.756828460010883,2.759669135057317,87.98680195988018,1.1202512712571229
Abell370,C10,S13_P4,,13,10.413682709503263,1.8613690976145272,58.835133513231455,1.1202512712571229
Abell370,C10,S13_P4,,14,12.384025571522095,2.1836623168403904,36.49899139499556,1.1202512712571229
Abell370,C10,S13_P4,,15,14.727171322029715,1.9585181574013548,22.74878499279788,1.1202512712571229
Abell370,C10,S13_P4,,16,17.513656920021766,1.4385880342818924,14.005472846462553,1.1202512712571229
Abell370,C10,S13_P4,,17,20.82736541900653,1.0193605387121771,7.107424519480745,1.1202512712571229
Abell370,C10,S13_P4,,18,24.768051143044197,0.7755959234051732,3.9854629951711384,1.1202512712571229
Abell370,C10,S13_P4,,19,29.454342644059437,0.43976304569788166,1.8218712433665252,1.1202512712571229
Abell370,C10,S19,kappa,0,1.0946035575013604,0.7235345815232378,3402.4058101996816,1.1631129706716559
Abell370,C10,S19,kappa,1,1.301710338687908,0.0,0.0,1.1631129706716559
Abell370,C10,S19,kappa,2,1.548003196440262,0.0,0.0,1.1631129706716559
Abell370,C10,S19,kappa,3,1.8408964152537144,0.0,0.0,1.1631129706716559
Abell370,C10,S19,kappa,4,2.189207115002721,5.285030466237721,894.682028192934,1.1631129706716559
Abell370,C10,S19,kappa,5,2.6034206773758157,0.0,0.0,1.1631129706716559
Abell370,C10,S19,kappa,6,3.0960063928805237,10.007684469511657,368.3999673282689,1.1631129706716559
Abell370,C10,S19,kappa,7,3.681792830507429,0.0,0.0,1.1631129706716559
Abell370,C10,S19,kappa,8,4.378414230005442,11.551030763457009,420.7778375090274,1.1631129706716559
Abell370,C10,S19,kappa,9,5.206841354751632,14.086746563202732,291.43502668749574,1.1631129706716559
Abell370,C10,S19,kappa,10,6.192012785761049,20.70768822295999,158.020829002822,1.1631129706716559
Abell370,C10,S19,kappa,11,7.363585661014858,21.301368987544272,112.87784694108176,1.1631129706716559
Abell370,C10,S19,kappa,12,8.756828460010883,27.14533942125474,87.98680195988018,1.1631129706716559
Abell370,C10,S19,kappa,13,10.413682709503263,25.005478005695664,58.835133513231455,1.1631129706716559
Abell370,C10,S19,kappa,14,12.384025571522095,16.730622370138867,36.49899139499556,1.1631129706716559
Abell370,C10,S19,kappa,15,14.727171322029715,14.37253750387784,22.74878499279788,1.1631129706716559
Abell370,C10,S19,kappa,16,17.513656920021766,19.305034373280424,14.005472846462553,1.1631129706716559
Abell370,C10,S19,kappa,17,20.82736541900653,13.157635295982276,7.107424519480745,1.1631129706716559
Abell370,C10,S19,kappa,18,24.768051143044197,4.694395340625417,3.9854629951711384,1.1631129706716559
Abell370,C10,S19,kappa,19,29.454342644059437,2.7051395058659966,1.8218712433665252,1.1631129706716559
Abell370,C10,S20,gamma1,0,1.0946035575013604,0.18172525892483582,3402.4058101996816,1.5472439891858565
Abell370,C10,S20,gamma1,1,1.301710338687908,0.0,0.0,1.5472439891858565
Abell370,C10,S20,gamma1,2,1.548003196440262,0.0,0.0,1.5472439891858565
Abell370,C10,S20,gamma1,3,1.8408964152537144,0.0,0.0,1.5472439891858565
Abell370,C10,S20,gamma1,4,2.189207115002721,1.3111304799779084,894.682028192934,1.5472439891858565
Abell370,C10,S20,gamma1,5,2.6034206773758157,0.0,0.0,1.5472439891858565
Abell370,C10,S20,gamma1,6,3.0960063928805237,2.4754189349520304,368.3999673282689,1.5472439891858565
Abell370,C10,S20,gamma1,7,3.681792830507429,0.0,0.0,1.5472439891858565
Abell370,C10,S20,gamma1,8,4.378414230005442,2.853742584551032,420.7778375090274,1.5472439891858565
Abell370,C10,S20,gamma1,9,5.206841354751632,3.485451441255035,291.43502668749574,1.5472439891858565
Abell370,C10,S20,gamma1,10,6.192012785761049,5.16969091817494,158.020829002822,1.5472439891858565
Abell370,C10,S20,gamma1,11,7.363585661014858,5.330250357416495,112.87784694108176,1.5472439891858565
Abell370,C10,S20,gamma1,12,8.756828460010883,6.783641994678914,87.98680195988018,1.5472439891858565
Abell370,C10,S20,gamma1,13,10.413682709503263,6.250298275044788,58.835133513231455,1.5472439891858565
Abell370,C10,S20,gamma1,14,12.384025571522095,4.180461798573637,36.49899139499556,1.5472439891858565
Abell370,C10,S20,gamma1,15,14.727171322029715,3.5762165277048834,22.74878499279788,1.5472439891858565
Abell370,C10,S20,gamma1,16,17.513656920021766,4.828879551350399,14.005472846462553,1.5472439891858565
Abell370,C10,S20,gamma1,17,20.82736541900653,3.289933529346552,7.107424519480745,1.5472439891858565
Abell370,C10,S20,gamma1,18,24.768051143044197,1.1724878929672484,3.9854629951711384,1.5472439891858565
Abell370,C10,S20,gamma1,19,29.454342644059437,0.6754447640665958,1.8218712433665252,1.5472439891858565
Abell370,C10,S20,gamma2,0,1.0946035575013604,0.20006525661291047,3402.4058101996816,1.8740210724776025
Abell370,C10,S20,gamma2,1,1.301710338687908,0.0,0.0,1.8740210724776025
Abell370,C10,S20,gamma2,2,1.548003196440262,0.0,0.0,1.8740210724776025
Abell370,C10,S20,gamma2,3,1.8408964152537144,0.0,0.0,1.8740210724776025
Abell370,C10,S20,gamma2,4,2.189207115002721,1.268637407876266,894.682028192934,1.8740210724776025
Abell370,C10,S20,gamma2,5,2.6034206773758157,0.0,0.0,1.8740210724776025
Abell370,C10,S20,gamma2,6,3.0960063928805237,2.2939401237067436,368.3999673282689,1.8740210724776025
Abell370,C10,S20,gamma2,7,3.681792830507429,0.0,0.0,1.8740210724776025
Abell370,C10,S20,gamma2,8,4.378414230005442,2.866273141574498,420.7778375090274,1.8740210724776025
Abell370,C10,S20,gamma2,9,5.206841354751632,3.129052070303927,291.43502668749574,1.8740210724776025
Abell370,C10,S20,gamma2,10,6.192012785761049,2.025600497442922,158.020829002822,1.8740210724776025
Abell370,C10,S20,gamma2,11,7.363585661014858,1.434313628297858,112.87784694108176,1.8740210724776025
Abell370,C10,S20,gamma2,12,8.756828460010883,1.3006581647534694,87.98680195988018,1.8740210724776025
Abell370,C10,S20,gamma2,13,10.413682709503263,1.253211019625113,58.835133513231455,1.8740210724776025
Abell370,C10,S20,gamma2,14,12.384025571522095,0.911352108400092,36.49899139499556,1.8740210724776025
Abell370,C10,S20,gamma2,15,14.727171322029715,0.37420911382167926,22.74878499279788,1.8740210724776025
Abell370,C10,S20,gamma2,16,17.513656920021766,0.3083230993537347,14.005472846462553,1.8740210724776025
Abell370,C10,S20,gamma2,17,20.82736541900653,0.1484901937007396,7.107424519480745,1.8740210724776025
Abell370,C10,S20,gamma2,18,24.768051143044197,0.05930925251863384,3.9854629951711384,1.8740210724776025
Abell370,C10,S20,gamma2,19,29.454342644059437,0.03831719053835285,1.8218712433665252,1.8740210724776025
Abell370,C10,S20,gamma_mag,0,1.0946035575013604,1.157312069713582,3402.4058101996816,1.4713184478948695
Abell370,C10,S20,gamma_mag,1,1.301710338687908,0.0,0.0,1.4713184478948695
Abell370,C10,S20,gamma_mag,2,1.548003196440262,0.0,0.0,1.4713184478948695
Abell370,C10,S20,gamma_mag,3,1.8408964152537144,0.0,0.0,1.4713184478948695
Abell370,C10,S20,gamma_mag,4,2.189207115002721,7.872173980408137,894.682028192934,1.4713184478948695
Abell370,C10,S20,gamma_mag,5,2.6034206773758157,0.0,0.0,1.4713184478948695
Abell370,C10,S20,gamma_mag,6,3.0960063928805237,13.231117696915344,368.3999673282689,1.4713184478948695
Abell370,C10,S20,gamma_mag,7,3.681792830507429,0.0,0.0,1.4713184478948695
Abell370,C10,S20,gamma_mag,8,4.378414230005442,9.361878881745698,420.7778375090274,1.4713184478948695
Abell370,C10,S20,gamma_mag,9,5.206841354751632,3.5703361431460925,291.43502668749574,1.4713184478948695
Abell370,C10,S20,gamma_mag,10,6.192012785761049,2.891542762075896,158.020829002822,1.4713184478948695
Abell370,C10,S20,gamma_mag,11,7.363585661014858,3.4403059806664893,112.87784694108176,1.4713184478948695
Abell370,C10,S20,gamma_mag,12,8.756828460010883,2.7103263114154035,87.98680195988018,1.4713184478948695
Abell370,C10,S20,gamma_mag,13,10.413682709503263,1.591876351981492,58.835133513231455,1.4713184478948695
Abell370,C10,S20,gamma_mag,14,12.384025571522095,1.2568522725113591,36.49899139499556,1.4713184478948695
Abell370,C10,S20,gamma_mag,15,14.727171322029715,0.6933123049467125,22.74878499279788,1.4713184478948695
Abell370,C10,S20,gamma_mag,16,17.513656920021766,0.7365837804310756,14.005472846462553,1.4713184478948695
Abell370,C10,S20,gamma_mag,17,20.82736541900653,0.575004793240025,7.107424519480745,1.4713184478948695
Abell370,C10,S20,gamma_mag,18,24.768051143044197,0.39572103019635435,3.9854629951711384,1.4713184478948695
Abell370,C10,S20,gamma_mag,19,29.454342644059437,0.5980387753414195,1.8218712433665252,1.4713184478948695
Abell370,A8,S00,,0,1.0946035575013604,111.10806000112503,3402.4058101996816,1.2788443153628162
Abell370,A8,S00,,1,1.301710338687908,0.0,0.0,1.2788443153628162
Abell370,A8,S00,,2,1.548003196440262,0.0,0.0,1.2788443153628162
Abell370,A8,S00,,3,1.8408964152537144,0.0,0.0,1.2788443153628162
Abell370,A8,S00,,4,2.189207115002721,29.331807139168685,894.682028192934,1.2788443153628162
Abell370,A8,S00,,5,2.6034206773758157,0.0,0.0,1.2788443153628162
Abell370,A8,S00,,6,3.0960063928805237,12.140271710118828,368.3999673282689,1.2788443153628162
Abell370,A8,S00,,7,3.681792830507429,0.0,0.0,1.2788443153628162
Abell370,A8,S00,,8,4.378414230005442,13.400726847511818,420.7778375090274,1.2788443153628162
Abell370,A8,S00,,9,5.206841354751632,9.352865868469598,291.43502668749574,1.2788443153628162
Abell370,A8,S00,,10,6.192012785761049,5.1984275420189565,158.020829002822,1.2788443153628162
Abell370,A8,S00,,11,7.363585661014858,3.6104955359867508,112.87784694108176,1.2788443153628162
Abell370,A8,S00,,12,8.756828460010883,2.8186753473123094,87.98680195988018,1.2788443153628162
Abell370,A8,S00,,13,10.413682709503263,1.9374789170459175,58.835133513231455,1.2788443153628162
Abell370,A8,S00,,14,12.384025571522095,1.2114143269911315,36.49899139499556,1.2788443153628162
Abell370,A8,S00,,15,14.727171322029715,0.7614525151916224,22.74878499279788,1.2788443153628162
Abell370,A8,S00,,16,17.513656920021766,0.46181068666121766,14.005472846462553,1.2788443153628162
Abell370,A8,S00,,17,20.82736541900653,0.2503597201788488,7.107424519480745,1.2788443153628162
Abell370,A8,S00,,18,24.768051143044197,0.13768995022072705,3.9854629951711384,1.2788443153628162
Abell370,A8,S00,,19,29.454342644059437,0.07271955539867443,1.8218712433665252,1.2788443153628162
Abell370,A8,S01,,0,1.0946035575013604,111.10806000112503,3402.4058101996816,1.2788443153628162
Abell370,A8,S01,,1,1.301710338687908,0.0,0.0,1.2788443153628162
Abell370,A8,S01,,2,1.548003196440262,0.0,0.0,1.2788443153628162
Abell370,A8,S01,,3,1.8408964152537144,0.0,0.0,1.2788443153628162
Abell370,A8,S01,,4,2.189207115002721,29.331807139168685,894.682028192934,1.2788443153628162
Abell370,A8,S01,,5,2.6034206773758157,0.0,0.0,1.2788443153628162
Abell370,A8,S01,,6,3.0960063928805237,12.140271710118828,368.3999673282689,1.2788443153628162
Abell370,A8,S01,,7,3.681792830507429,0.0,0.0,1.2788443153628162
Abell370,A8,S01,,8,4.378414230005442,13.400726847511818,420.7778375090274,1.2788443153628162
Abell370,A8,S01,,9,5.206841354751632,9.352865868469598,291.43502668749574,1.2788443153628162
Abell370,A8,S01,,10,6.192012785761049,5.1984275420189565,158.020829002822,1.2788443153628162
Abell370,A8,S01,,11,7.363585661014858,3.6104955359867508,112.87784694108176,1.2788443153628162
Abell370,A8,S01,,12,8.756828460010883,2.8186753473123094,87.98680195988018,1.2788443153628162
Abell370,A8,S01,,13,10.413682709503263,1.9374789170459175,58.835133513231455,1.2788443153628162
Abell370,A8,S01,,14,12.384025571522095,1.2114143269911315,36.49899139499556,1.2788443153628162
Abell370,A8,S01,,15,14.727171322029715,0.7614525151916224,22.74878499279788,1.2788443153628162
Abell370,A8,S01,,16,17.513656920021766,0.46181068666121766,14.005472846462553,1.2788443153628162
Abell370,A8,S01,,17,20.82736541900653,0.2503597201788488,7.107424519480745,1.2788443153628162
Abell370,A8,S01,,18,24.768051143044197,0.13768995022072705,3.9854629951711384,1.2788443153628162
Abell370,A8,S01,,19,29.454342644059437,0.07271955539867443,1.8218712433665252,1.2788443153628162
Abell370,A8,S02,,0,1.0946035575013604,1438.8668508124858,3402.4058101996816,0.30844301573615646
Abell370,A8,S02,,1,1.301710338687908,0.0,0.0,0.30844301573615646
Abell370,A8,S02,,2,1.548003196440262,0.0,0.0,0.30844301573615646
Abell370,A8,S02,,3,1.8408964152537144,0.0,0.0,0.30844301573615646
Abell370,A8,S02,,4,2.189207115002721,512.3414068334712,894.682028192934,0.30844301573615646
Abell370,A8,S02,,5,2.6034206773758157,0.0,0.0,0.30844301573615646
Abell370,A8,S02,,6,3.0960063928805237,473.44832651575723,368.3999673282689,0.30844301573615646
Abell370,A8,S02,,7,3.681792830507429,0.0,0.0,0.30844301573615646
Abell370,A8,S02,,8,4.378414230005442,428.4432258867204,420.7778375090274,0.30844301573615646
Abell370,A8,S02,,9,5.206841354751632,166.3377387428999,291.43502668749574,0.30844301573615646
Abell370,A8,S02,,10,6.192012785761049,116.0138190312574,158.020829002822,0.30844301573615646
Abell370,A8,S02,,11,7.363585661014858,163.55953862199314,112.87784694108176,0.30844301573615646
Abell370,A8,S02,,12,8.756828460010883,81.47041334576497,87.98680195988018,0.30844301573615646
Abell370,A8,S02,,13,10.413682709503263,55.583257842115856,58.835133513231455,0.30844301573615646
Abell370,A8,S02,,14,12.384025571522095,49.59558105130422,36.49899139499556,0.30844301573615646
Abell370,A8,S02,,15,14.727171322029715,40.48931393288885,22.74878499279788,0.30844301573615646
Abell370,A8,S02,,16,17.513656920021766,29.077716051854278,14.005472846462553,0.30844301573615646
Abell370,A8,S02,,17,20.82736541900653,22.328122591384282,7.107424519480745,0.30844301573615646
Abell370,A8,S02,,18,24.768051143044197,18.35960397184151,3.9854629951711384,0.30844301573615646
Abell370,A8,S02,,19,29.454342644059437,12.840081878286313,1.8218712433665252,0.30844301573615646
Abell370,A8,A8-S03,,0,1.0946035575013604,111.68209904668711,3402.4058101996816,1.3532463114622328
Abell370,A8,A8-S03,,1,1.301710338687908,0.0,0.0,1.3532463114622328
Abell370,A8,A8-S03,,2,1.548003196440262,0.0,0.0,1.3532463114622328
Abell370,A8,A8-S03,,3,1.8408964152537144,0.0,0.0,1.3532463114622328
Abell370,A8,A8-S03,,4,2.189207115002721,29.260439733781453,894.682028192934,1.3532463114622328
Abell370,A8,A8-S03,,5,2.6034206773758157,0.0,0.0,1.3532463114622328
Abell370,A8,A8-S03,,6,3.0960063928805237,12.147913356775604,368.3999673282689,1.3532463114622328
Abell370,A8,A8-S03,,7,3.681792830507429,0.0,0.0,1.3532463114622328
Abell370,A8,A8-S03,,8,4.378414230005442,12.795871390091913,420.7778375090274,1.3532463114622328
Abell370,A8,A8-S03,,9,5.206841354751632,8.864450156050614,291.43502668749574,1.3532463114622328
Abell370,A8,A8-S03,,10,6.192012785761049,4.916266639632272,158.020829002822,1.3532463114622328
Abell370,A8,A8-S03,,11,7.363585661014858,3.268037212064345,112.87784694108176,1.3532463114622328
Abell370,A8,A8-S03,,12,8.756828460010883,2.455962837420035,87.98680195988018,1.3532463114622328
Abell370,A8,A8-S03,,13,10.413682709503263,1.6317273788365354,58.835133513231455,1.3532463114622328
Abell370,A8,A8-S03,,14,12.384025571522095,0.956367158808084,36.49899139499556,1.3532463114622328
Abell370,A8,A8-S03,,15,14.727171322029715,0.5758150440309069,22.74878499279788,1.3532463114622328
Abell370,A8,A8-S03,,16,17.513656920021766,0.30887035075335895,14.005472846462553,1.3532463114622328
Abell370,A8,A8-S03,,17,20.82736541900653,0.1569334885610326,7.107424519480745,1.3532463114622328
Abell370,A8,A8-S03,,18,24.768051143044197,0.08125545529342652,3.9854629951711384,1.3532463114622328
Abell370,A8,A8-S03,,19,29.454342644059437,0.046213513546877506,1.8218712433665252,1.3532463114622328
Abell370,A8,A8-S04,,0,1.0946035575013604,111.66675162536049,3402.4058101996816,1.3585360945536704
Abell370,A8,A8-S04,,1,1.301710338687908,0.0,0.0,1.3585360945536704
Abell370,A8,A8-S04,,2,1.548003196440262,0.0,0.0,1.3585360945536704
Abell370,A8,A8-S04,,3,1.8408964152537144,0.0,0.0,1.3585360945536704
Abell370,A8,A8-S04,,4,2.189207115002721,29.238239598401414,894.682028192934,1.3585360945536704
Abell370,A8,A8-S04,,5,2.6034206773758157,0.0,0.0,1.3585360945536704
Abell370,A8,A8-S04,,6,3.0960063928805237,12.136956663987112,368.3999673282689,1.3585360945536704
Abell370,A8,A8-S04,,7,3.681792830507429,0.0,0.0,1.3585360945536704
Abell370,A8,A8-S04,,8,4.378414230005442,12.774914574177513,420.7778375090274,1.3585360945536704
Abell370,A8,A8-S04,,9,5.206841354751632,8.842741421934253,291.43502668749574,1.3585360945536704
Abell370,A8,A8-S04,,10,6.192012785761049,4.897002899573513,158.020829002822,1.3585360945536704
Abell370,A8,A8-S04,,11,7.363585661014858,3.252133703855529,112.87784694108176,1.3585360945536704
Abell370,A8,A8-S04,,12,8.756828460010883,2.438324514341174,87.98680195988018,1.3585360945536704
Abell370,A8,A8-S04,,13,10.413682709503263,1.6147953322650554,58.835133513231455,1.3585360945536704
Abell370,A8,A8-S04,,14,12.384025571522095,0.9425086189612043,36.49899139499556,1.3585360945536704
Abell370,A8,A8-S04,,15,14.727171322029715,0.5656678821533448,22.74878499279788,1.3585360945536704
Abell370,A8,A8-S04,,16,17.513656920021766,0.30134043698767243,14.005472846462553,1.3585360945536704
Abell370,A8,A8-S04,,17,20.82736541900653,0.15194577539969345,7.107424519480745,1.3585360945536704
Abell370,A8,A8-S04,,18,24.768051143044197,0.07826567595100697,3.9854629951711384,1.3585360945536704
Abell370,A8,A8-S04,,19,29.454342644059437,0.04422754253840442,1.8218712433665252,1.3585360945536704
Abell370,A8,A8-S05,,0,1.0946035575013604,110.67876692031322,3402.4058101996816,1.3964955718902887
Abell370,A8,A8-S05,,1,1.301710338687908,0.0,0.0,1.3964955718902887
Abell370,A8,A8-S05,,2,1.548003196440262,0.0,0.0,1.3964955718902887
Abell370,A8,A8-S05,,3,1.8408964152537144,0.0,0.0,1.3964955718902887
Abell370,A8,A8-S05,,4,2.189207115002721,28.789628669821536,894.682028192934,1.3964955718902887
Abell370,A8,A8-S05,,5,2.6034206773758157,0.0,0.0,1.3964955718902887
Abell370,A8,A8-S05,,6,3.0960063928805237,11.884884295509671,368.3999673282689,1.3964955718902887
Abell370,A8,A8-S05,,7,3.681792830507429,0.0,0.0,1.3964955718902887
Abell370,A8,A8-S05,,8,4.378414230005442,12.945715542367006,420.7778375090274,1.3964955718902887
Abell370,A8,A8-S05,,9,5.206841354751632,8.866405703502737,291.43502668749574,1.3964955718902887
Abell370,A8,A8-S05,,10,6.192012785761049,4.750920233767514,158.020829002822,1.3964955718902887
Abell370,A8,A8-S05,,11,7.363585661014858,3.244390426066184,112.87784694108176,1.3964955718902887
Abell370,A8,A8-S05,,12,8.756828460010883,2.4007997321825782,87.98680195988018,1.3964955718902887
Abell370,A8,A8-S05,,13,10.413682709503263,1.5304812412278743,58.835133513231455,1.3964955718902887
Abell370,A8,A8-S05,,14,12.384025571522095,0.870969176455554,36.49899139499556,1.3964955718902887
Abell370,A8,A8-S05,,15,14.727171322029715,0.5096937410273568,22.74878499279788,1.3964955718902887
Abell370,A8,A8-S05,,16,17.513656920021766,0.26528705848077994,14.005472846462553,1.3964955718902887
Abell370,A8,A8-S05,,17,20.82736541900653,0.12081180908917206,7.107424519480745,1.3964955718902887
Abell370,A8,A8-S05,,18,24.768051143044197,0.05927690374833511,3.9854629951711384,1.3964955718902887
Abell370,A8,A8-S05,,19,29.454342644059437,0.02761114046108631,1.8218712433665252,1.3964955718902887
Abell370,A8,A8-S06,,0,1.0946035575013604,110.69191232246229,3402.4058101996816,1.4017645579629114
Abell370,A8,A8-S06,,1,1.301710338687908,0.0,0.0,1.4017645579629114
Abell370,A8,A8-S06,,2,1.548003196440262,0.0,0.0,1.4017645579629114
Abell370,A8,A8-S06,,3,1.8408964152537144,0.0,0.0,1.4017645579629114
Abell370,A8,A8-S06,,4,2.189207115002721,28.77742405771019,894.682028192934,1.4017645579629114
Abell370,A8,A8-S06,,5,2.6034206773758157,0.0,0.0,1.4017645579629114
Abell370,A8,A8-S06,,6,3.0960063928805237,11.87994864818452,368.3999673282689,1.4017645579629114
Abell370,A8,A8-S06,,7,3.681792830507429,0.0,0.0,1.4017645579629114
Abell370,A8,A8-S06,,8,4.378414230005442,12.914202341898681,420.7778375090274,1.4017645579629114
Abell370,A8,A8-S06,,9,5.206841354751632,8.839020501629202,291.43502668749574,1.4017645579629114
Abell370,A8,A8-S06,,10,6.192012785761049,4.73264495945649,158.020829002822,1.4017645579629114
Abell370,A8,A8-S06,,11,7.363585661014858,3.2253219261085273,112.87784694108176,1.4017645579629114
Abell370,A8,A8-S06,,12,8.756828460010883,2.3806831792304783,87.98680195988018,1.4017645579629114
Abell370,A8,A8-S06,,13,10.413682709503263,1.5136782206452906,58.835133513231455,1.4017645579629114
Abell370,A8,A8-S06,,14,12.384025571522095,0.8576850092614234,36.49899139499556,1.4017645579629114
Abell370,A8,A8-S06,,15,14.727171322029715,0.5004189580703586,22.74878499279788,1.4017645579629114
Abell370,A8,A8-S06,,16,17.513656920021766,0.25843559562699275,14.005472846462553,1.4017645579629114
Abell370,A8,A8-S06,,17,20.82736541900653,0.11706838978725935,7.107424519480745,1.4017645579629114
Abell370,A8,A8-S06,,18,24.768051143044197,0.05718484998033752,3.9854629951711384,1.4017645579629114
Abell370,A8,A8-S06,,19,29.454342644059437,0.02669065449928062,1.8218712433665252,1.4017645579629114
Abell370,A8,A8-S07,,0,1.0946035575013604,7.5945840332237015e-06,3402.4058101996816,6.144056191908886
Abell370,A8,A8-S07,,1,1.301710338687908,0.0,0.0,6.144056191908886
Abell370,A8,A8-S07,,2,1.548003196440262,0.0,0.0,6.144056191908886
Abell370,A8,A8-S07,,3,1.8408964152537144,0.0,0.0,6.144056191908886
Abell370,A8,A8-S07,,4,2.189207115002721,1.2432887392381997e-05,894.682028192934,6.144056191908886
Abell370,A8,A8-S07,,5,2.6034206773758157,0.0,0.0,6.144056191908886
Abell370,A8,A8-S07,,6,3.0960063928805237,6.2151533675795265e-06,368.3999673282689,6.144056191908886
Abell370,A8,A8-S07,,7,3.681792830507429,0.0,0.0,6.144056191908886
Abell370,A8,A8-S07,,8,4.378414230005442,6.537915820691749e-06,420.7778375090274,6.144056191908886
Abell370,A8,A8-S07,,9,5.206841354751632,5.3922023480149275e-06,291.43502668749574,6.144056191908886
Abell370,A8,A8-S07,,10,6.192012785761049,7.969116712834153e-06,158.020829002822,6.144056191908886
Abell370,A8,A8-S07,,11,7.363585661014858,5.866878846822379e-06,112.87784694108176,6.144056191908886
Abell370,A8,A8-S07,,12,8.756828460010883,8.423808946873514e-06,87.98680195988018,6.144056191908886
Abell370,A8,A8-S07,,13,10.413682709503263,7.111616223446174e-06,58.835133513231455,6.144056191908886
Abell370,A8,A8-S07,,14,12.384025571522095,6.9271055504432804e-06,36.49899139499556,6.144056191908886
Abell370,A8,A8-S07,,15,14.727171322029715,6.698773375570618e-06,22.74878499279788,6.144056191908886
Abell370,A8,A8-S07,,16,17.513656920021766,6.191701635590234e-06,14.005472846462553,6.144056191908886
Abell370,A8,A8-S07,,17,20.82736541900653,5.065610543031465e-06,7.107424519480745,6.144056191908886
Abell370,A8,A8-S07,,18,24.768051143044197,4.2654424011486575e-06,3.9854629951711384,6.144056191908886
Abell370,A8,A8-S07,,19,29.454342644059437,3.89864869352554e-06,1.8218712433665252,6.144056191908886
Abell370,A8,A8-S08,,0,1.0946035575013604,4.3744804031368534e-07,3402.4058101996816,7.211693679510996
Abell370,A8,A8-S08,,1,1.301710338687908,0.0,0.0,7.211693679510996
Abell370,A8,A8-S08,,2,1.548003196440262,0.0,0.0,7.211693679510996
Abell370,A8,A8-S08,,3,1.8408964152537144,0.0,0.0,7.211693679510996
Abell370,A8,A8-S08,,4,2.189207115002721,7.161343138012034e-07,894.682028192934,7.211693679510996
Abell370,A8,A8-S08,,5,2.6034206773758157,0.0,0.0,7.211693679510996
Abell370,A8,A8-S08,,6,3.0960063928805237,3.579928339725809e-07,368.3999673282689,7.211693679510996
Abell370,A8,A8-S08,,7,3.681792830507429,0.0,0.0,7.211693679510996
Abell370,A8,A8-S08,,8,4.378414230005442,3.7658395127184473e-07,420.7778375090274,7.211693679510996
Abell370,A8,A8-S08,,9,5.206841354751632,3.1059085524565984e-07,291.43502668749574,7.211693679510996
Abell370,A8,A8-S08,,10,6.192012785761049,4.5902112265924716e-07,158.020829002822,7.211693679510996
Abell370,A8,A8-S08,,11,7.363585661014858,3.379322215769691e-07,112.87784694108176,7.211693679510996
Abell370,A8,A8-S08,,12,8.756828460010883,4.852113953399144e-07,87.98680195988018,7.211693679510996
Abell370,A8,A8-S08,,13,10.413682709503263,4.0962909447049974e-07,58.835133513231455,7.211693679510996
Abell370,A8,A8-S08,,14,12.384025571522095,3.99001279705533e-07,36.49899139499556,7.211693679510996
Abell370,A8,A8-S08,,15,14.727171322029715,3.8584934643286765e-07,22.74878499279788,7.211693679510996
Abell370,A8,A8-S08,,16,17.513656920021766,3.5664201420999757e-07,14.005472846462553,7.211693679510996
Abell370,A8,A8-S08,,17,20.82736541900653,2.9177916727861246e-07,7.107424519480745,7.211693679510996
Abell370,A8,A8-S08,,18,24.768051143044197,2.456894823061628e-07,3.9854629951711384,7.211693679510996
Abell370,A8,A8-S08,,19,29.454342644059437,2.2456216474707118e-07,1.8218712433665252,7.211693679510996
Abell370,A8,A8-S09,,0,1.0946035575013604,1.1677432409484765e-05,3402.4058101996816,5.9833117191552
Abell370,A8,A8-S09,,1,1.301710338687908,0.0,0.0,5.9833117191552
Abell370,A8,A8-S09,,2,1.548003196440262,0.0,0.0,5.9833117191552
Abell370,A8,A8-S09,,3,1.8408964152537144,0.0,0.0,5.9833117191552
Abell370,A8,A8-S09,,4,2.189207115002721,1.9116807654526555e-05,894.682028192934,5.9833117191552
Abell370,A8,A8-S09,,5,2.6034206773758157,0.0,0.0,5.9833117191552
Abell370,A8,A8-S09,,6,3.0960063928805237,9.556419817990282e-06,368.3999673282689,5.9833117191552
Abell370,A8,A8-S09,,7,3.681792830507429,0.0,0.0,5.9833117191552
Abell370,A8,A8-S09,,8,4.378414230005442,1.0052699365895631e-05,420.7778375090274,5.9833117191552
Abell370,A8,A8-S09,,9,5.206841354751632,8.291050330307754e-06,291.43502668749574,5.9833117191552
Abell370,A8,A8-S09,,10,6.192012785761049,1.2253313857653792e-05,158.020829002822,5.9833117191552
Abell370,A8,A8-S09,,11,7.363585661014858,9.020912914874091e-06,112.87784694108176,5.9833117191552
Abell370,A8,A8-S09,,12,8.756828460010883,1.2952448636712713e-05,87.98680195988018,5.9833117191552
Abell370,A8,A8-S09,,13,10.413682709503263,1.0934821105170838e-05,58.835133513231455,5.9833117191552
Abell370,A8,A8-S09,,14,12.384025571522095,1.0651117494361595e-05,36.49899139499556,5.9833117191552
Abell370,A8,A8-S09,,15,14.727171322029715,1.0300033942277377e-05,22.74878499279788,5.9833117191552
Abell370,A8,A8-S09,,16,17.513656920021766,9.520360434883546e-06,14.005472846462553,5.9833117191552
Abell370,A8,A8-S09,,17,20.82736541900653,7.788882770965182e-06,7.107424519480745,5.9833117191552
Abell370,A8,A8-S09,,18,24.768051143044197,6.558544236006176e-06,3.9854629951711384,5.9833117191552
Abell370,A8,A8-S09,,19,29.454342644059437,5.994562231164871e-06,1.8218712433665252,5.9833117191552
Abell370,A8,A8-S10,,0,1.0946035575013604,111.17629414029808,3402.4058101996816,1.3812328643116034
Abell370,A8,A8-S10,,1,1.301710338687908,0.0,0.0,1.3812328643116034
Abell370,A8,A8-S10,,2,1.548003196440262,0.0,0.0,1.3812328643116034
Abell370,A8,A8-S10,,3,1.8408964152537144,0.0,0.0,1.3812328643116034
Abell370,A8,A8-S10,,4,2.189207115002721,29.002858673098846,894.682028192934,1.3812328643116034
Abell370,A8,A8-S10,,5,2.6034206773758157,0.0,0.0,1.3812328643116034
Abell370,A8,A8-S10,,6,3.0960063928805237,12.005966594738783,368.3999673282689,1.3812328643116034
Abell370,A8,A8-S10,,7,3.681792830507429,0.0,0.0,1.3812328643116034
Abell370,A8,A8-S10,,8,4.378414230005442,12.841943291709816,420.7778375090274,1.3812328643116034
Abell370,A8,A8-S10,,9,5.206841354751632,8.838724080842518,291.43502668749574,1.3812328643116034
Abell370,A8,A8-S10,,10,6.192012785761049,4.811636282829866,158.020829002822,1.3812328643116034
Abell370,A8,A8-S10,,11,7.363585661014858,3.2363810634432997,112.87784694108176,1.3812328643116034
Abell370,A8,A8-S10,,12,8.756828460010883,2.4061343232070778,87.98680195988018,1.3812328643116034
Abell370,A8,A8-S10,,13,10.413682709503263,1.561392129965795,58.835133513231455,1.3812328643116034
Abell370,A8,A8-S10,,14,12.384025571522095,0.8973259718911364,36.49899139499556,1.3812328643116034
Abell370,A8,A8-S10,,15,14.727171322029715,0.5303639107616235,22.74878499279788,1.3812328643116034
Abell370,A8,A8-S10,,16,17.513656920021766,0.27741133565309645,14.005472846462553,1.3812328643116034
Abell370,A8,A8-S10,,17,20.82736541900653,0.13248083837626387,7.107424519480745,1.3812328643116034
Abell370,A8,A8-S10,,18,24.768051143044197,0.06601908600521278,3.9854629951711384,1.3812328643116034
Abell370,A8,A8-S10,,19,29.454342644059437,0.033899639041432304,1.8218712433665252,1.3812328643116034
Abell370,A8,A8-S11,,0,1.0946035575013604,111.1772011562912,3402.4058101996816,1.3760799356185425
Abell370,A8,A8-S11,,1,1.301710338687908,0.0,0.0,1.3760799356185425
Abell370,A8,A8-S11,,2,1.548003196440262,0.0,0.0,1.3760799356185425
Abell370,A8,A8-S11,,3,1.8408964152537144,0.0,0.0,1.3760799356185425
Abell370,A8,A8-S11,,4,2.189207115002721,29.01974387777237,894.682028192934,1.3760799356185425
Abell370,A8,A8-S11,,5,2.6034206773758157,0.0,0.0,1.3760799356185425
Abell370,A8,A8-S11,,6,3.0960063928805237,12.013750402660701,368.3999673282689,1.3760799356185425
Abell370,A8,A8-S11,,7,3.681792830507429,0.0,0.0,1.3760799356185425
Abell370,A8,A8-S11,,8,4.378414230005442,12.86799949733665,420.7778375090274,1.3760799356185425
Abell370,A8,A8-S11,,9,5.206841354751632,8.863127804644686,291.43502668749574,1.3760799356185425
Abell370,A8,A8-S11,,10,6.192012785761049,4.830205245538748,158.020829002822,1.3760799356185425
Abell370,A8,A8-S11,,11,7.363585661014858,3.2537070680782114,112.87784694108176,1.3760799356185425
Abell370,A8,A8-S11,,12,8.756828460010883,2.424773977141216,87.98680195988018,1.3760799356185425
Abell370,A8,A8-S11,,13,10.413682709503263,1.5780696903995841,58.835133513231455,1.3760799356185425
Abell370,A8,A8-S11,,14,12.384025571522095,0.9107079937427964,36.49899139499556,1.3760799356185425
Abell370,A8,A8-S11,,15,14.727171322029715,0.5398783159107299,22.74878499279788,1.3760799356185425
Abell370,A8,A8-S11,,16,17.513656920021766,0.28439788906879954,14.005472846462553,1.3760799356185425
Abell370,A8,A8-S11,,17,20.82736541900653,0.13666906488746297,7.107424519480745,1.3760799356185425
Abell370,A8,A8-S11,,18,24.768051143044197,0.06839104604721571,3.9854629951711384,1.3760799356185425
Abell370,A8,A8-S11,,19,29.454342644059437,0.03518413620467536,1.8218712433665252,1.3760799356185425
Abell370,A8,A8-S12,,0,1.0946035575013604,0.0013448068195832752,3402.4058101996816,3.0635779217535797
Abell370,A8,A8-S12,,1,1.301710338687908,0.0,0.0,3.0635779217535797
Abell370,A8,A8-S12,,2,1.548003196440262,0.0,0.0,3.0635779217535797
Abell370,A8,A8-S12,,3,1.8408964152537144,0.0,0.0,3.0635779217535797
Abell370,A8,A8-S12,,4,2.189207115002721,0.008922327205015606,894.682028192934,3.0635779217535797
Abell370,A8,A8-S12,,5,2.6034206773758157,0.0,0.0,3.0635779217535797
Abell370,A8,A8-S12,,6,3.0960063928805237,0.005636565637248176,368.3999673282689,3.0635779217535797
Abell370,A8,A8-S12,,7,3.681792830507429,0.0,0.0,3.0635779217535797
Abell370,A8,A8-S12,,8,4.378414230005442,0.024660752427195533,420.7778375090274,3.0635779217535797
Abell370,A8,A8-S12,,9,5.206841354751632,0.03597996500489311,291.43502668749574,3.0635779217535797
Abell370,A8,A8-S12,,10,6.192012785761049,0.044891377266069975,158.020829002822,3.0635779217535797
Abell370,A8,A8-S12,,11,7.363585661014858,0.050930830831965895,112.87784694108176,3.0635779217535797
Abell370,A8,A8-S12,,12,8.756828460010883,0.0812902816841396,87.98680195988018,3.0635779217535797
Abell370,A8,A8-S12,,13,10.413682709503263,0.10626250378319879,58.835133513231455,3.0635779217535797
Abell370,A8,A8-S12,,14,12.384025571522095,0.12165730986177145,36.49899139499556,3.0635779217535797
Abell370,A8,A8-S12,,15,14.727171322029715,0.10818245369159621,22.74878499279788,3.0635779217535797
Abell370,A8,A8-S12,,16,17.513656920021766,0.11344206256260976,14.005472846462553,3.0635779217535797
Abell370,A8,A8-S12,,17,20.82736541900653,0.09703001463191435,7.107424519480745,3.0635779217535797
Abell370,A8,A8-S12,,18,24.768051143044197,0.06938730383014367,3.9854629951711384,3.0635779217535797
Abell370,A8,A8-S12,,19,29.454342644059437,0.05371888003776962,1.8218712433665252,3.0635779217535797
Abell370,A8,A8-P5,,0,1.0946035575013604,111.17629414029808,3402.4058101996816,1.3812328643116034
Abell370,A8,A8-P5,,1,1.301710338687908,0.0,0.0,1.3812328643116034
Abell370,A8,A8-P5,,2,1.548003196440262,0.0,0.0,1.3812328643116034
Abell370,A8,A8-P5,,3,1.8408964152537144,0.0,0.0,1.3812328643116034
Abell370,A8,A8-P5,,4,2.189207115002721,29.002858673098846,894.682028192934,1.3812328643116034
Abell370,A8,A8-P5,,5,2.6034206773758157,0.0,0.0,1.3812328643116034
Abell370,A8,A8-P5,,6,3.0960063928805237,12.005966594738783,368.3999673282689,1.3812328643116034
Abell370,A8,A8-P5,,7,3.681792830507429,0.0,0.0,1.3812328643116034
Abell370,A8,A8-P5,,8,4.378414230005442,12.841943291709816,420.7778375090274,1.3812328643116034
Abell370,A8,A8-P5,,9,5.206841354751632,8.838724080842518,291.43502668749574,1.3812328643116034
Abell370,A8,A8-P5,,10,6.192012785761049,4.811636282829866,158.020829002822,1.3812328643116034
Abell370,A8,A8-P5,,11,7.363585661014858,3.2363810634432997,112.87784694108176,1.3812328643116034
Abell370,A8,A8-P5,,12,8.756828460010883,2.4061343232070778,87.98680195988018,1.3812328643116034
Abell370,A8,A8-P5,,13,10.413682709503263,1.561392129965795,58.835133513231455,1.3812328643116034
Abell370,A8,A8-P5,,14,12.384025571522095,0.8973259718911364,36.49899139499556,1.3812328643116034
Abell370,A8,A8-P5,,15,14.727171322029715,0.5303639107616235,22.74878499279788,1.3812328643116034
Abell370,A8,A8-P5,,16,17.513656920021766,0.27741133565309645,14.005472846462553,1.3812328643116034
Abell370,A8,A8-P5,,17,20.82736541900653,0.13248083837626387,7.107424519480745,1.3812328643116034
Abell370,A8,A8-P5,,18,24.768051143044197,0.06601908600521278,3.9854629951711384,1.3812328643116034
Abell370,A8,A8-P5,,19,29.454342644059437,0.033899639041432304,1.8218712433665252,1.3812328643116034
Abell370,A8,A8-P6,,0,1.0946035575013604,0.01215133445315792,3402.4058101996816,3.401532200799865
Abell370,A8,A8-P6,,1,1.301710338687908,0.0,0.0,3.401532200799865
Abell370,A8,A8-P6,,2,1.548003196440262,0.0,0.0,3.401532200799865
Abell370,A8,A8-P6,,3,1.8408964152537144,0.0,0.0,3.401532200799865
Abell370,A8,A8-P6,,4,2.189207115002721,0.019892619827811195,894.682028192934,3.401532200799865
Abell370,A8,A8-P6,,5,2.6034206773758157,0.0,0.0,3.401532200799865
Abell370,A8,A8-P6,,6,3.0960063928805237,0.009944245388127243,368.3999673282689,3.401532200799865
Abell370,A8,A8-P6,,7,3.681792830507429,0.0,0.0,3.401532200799865
Abell370,A8,A8-P6,,8,4.378414230005442,0.010460665313106797,420.7778375090274,3.401532200799865
Abell370,A8,A8-P6,,9,5.206841354751632,0.008627523756823883,291.43502668749574,3.401532200799865
Abell370,A8,A8-P6,,10,6.192012785761049,0.012750586740534638,158.020829002822,3.401532200799865
Abell370,A8,A8-P6,,11,7.363585661014858,0.009387006154915804,112.87784694108176,3.401532200799865
Abell370,A8,A8-P6,,12,8.756828460010883,0.01347809431499762,87.98680195988018,3.401532200799865
Abell370,A8,A8-P6,,13,10.413682709503263,0.011378585957513877,58.835133513231455,3.401532200799865
Abell370,A8,A8-P6,,14,12.384025571522095,0.011083368880709247,36.49899139499556,3.401532200799865
Abell370,A8,A8-P6,,15,14.727171322029715,0.010718037400912987,22.74878499279788,3.401532200799865
Abell370,A8,A8-P6,,16,17.513656920021766,0.00990672261694437,14.005472846462553,3.401532200799865
Abell370,A8,A8-P6,,17,20.82736541900653,0.00810497686885034,7.107424519480745,3.401532200799865
Abell370,A8,A8-P6,,18,24.768051143044197,0.006824707841837851,3.9854629951711384,3.401532200799865
Abell370,A8,A8-P6,,19,29.454342644059437,0.006237837909640863,1.8218712433665252,3.401532200799865
Abell370,A8,S13_P0,,0,1.0946035575013604,1299.6864474032054,3402.4058101996816,0.2488919782761008
Abell370,A8,S13_P0,,1,1.301710338687908,0.0,0.0,0.2488919782761008
Abell370,A8,S13_P0,,2,1.548003196440262,0.0,0.0,0.2488919782761008
Abell370,A8,S13_P0,,3,1.8408964152537144,0.0,0.0,0.2488919782761008
Abell370,A8,S13_P0,,4,2.189207115002721,422.4496747422461,894.682028192934,0.2488919782761008
Abell370,A8,S13_P0,,5,2.6034206773758157,0.0,0.0,0.2488919782761008
Abell370,A8,S13_P0,,6,3.0960063928805237,428.66784678787735,368.3999673282689,0.2488919782761008
Abell370,A8,S13_P0,,7,3.681792830507429,0.0,0.0,0.2488919782761008
Abell370,A8,S13_P0,,8,4.378414230005442,335.6857012727382,420.7778375090274,0.2488919782761008
Abell370,A8,S13_P0,,9,5.206841354751632,145.01000998298338,291.43502668749574,0.2488919782761008
Abell370,A8,S13_P0,,10,6.192012785761049,95.63336697082647,158.020829002822,0.2488919782761008
Abell370,A8,S13_P0,,11,7.363585661014858,109.97285086691717,112.87784694108176,0.2488919782761008
Abell370,A8,S13_P0,,12,8.756828460010883,55.22046083248533,87.98680195988018,0.2488919782761008
Abell370,A8,S13_P0,,13,10.413682709503263,34.34742202968893,58.835133513231455,0.2488919782761008
Abell370,A8,S13_P0,,14,12.384025571522095,35.30313604564694,36.49899139499556,0.2488919782761008
Abell370,A8,S13_P0,,15,14.727171322029715,29.361947108565445,22.74878499279788,0.2488919782761008
Abell370,A8,S13_P0,,16,17.513656920021766,20.50951780004815,14.005472846462553,0.2488919782761008
Abell370,A8,S13_P0,,17,20.82736541900653,15.562546056973517,7.107424519480745,0.2488919782761008
Abell370,A8,S13_P0,,18,24.768051143044197,11.447691982478426,3.9854629951711384,0.2488919782761008
Abell370,A8,S13_P0,,19,29.454342644059437,7.019800793298059,1.8218712433665252,0.2488919782761008
Abell370,A8,S13_P3,,0,1.0946035575013604,0.1240647915657548,3402.4058101996816,2.173287547047251
Abell370,A8,S13_P3,,1,1.301710338687908,0.0,0.0,2.173287547047251
Abell370,A8,S13_P3,,2,1.548003196440262,0.0,0.0,2.173287547047251
Abell370,A8,S13_P3,,3,1.8408964152537144,0.0,0.0,2.173287547047251
Abell370,A8,S13_P3,,4,2.189207115002721,0.22552473233830211,894.682028192934,2.173287547047251
Abell370,A8,S13_P3,,5,2.6034206773758157,0.0,0.0,2.173287547047251
Abell370,A8,S13_P3,,6,3.0960063928805237,0.2688770845764447,368.3999673282689,2.173287547047251
Abell370,A8,S13_P3,,7,3.681792830507429,0.0,0.0,2.173287547047251
Abell370,A8,S13_P3,,8,4.378414230005442,0.2187186333992349,420.7778375090274,2.173287547047251
Abell370,A8,S13_P3,,9,5.206841354751632,0.23918845847897616,291.43502668749574,2.173287547047251
Abell370,A8,S13_P3,,10,6.192012785761049,0.3820045428914336,158.020829002822,2.173287547047251
Abell370,A8,S13_P3,,11,7.363585661014858,0.34478423630977245,112.87784694108176,2.173287547047251
Abell370,A8,S13_P3,,12,8.756828460010883,0.32167379981578637,87.98680195988018,2.173287547047251
Abell370,A8,S13_P3,,13,10.413682709503263,0.4816460494874478,58.835133513231455,2.173287547047251
Abell370,A8,S13_P3,,14,12.384025571522095,0.5707364079969556,36.49899139499556,2.173287547047251
Abell370,A8,S13_P3,,15,14.727171322029715,0.8766128752241351,22.74878499279788,2.173287547047251
Abell370,A8,S13_P3,,16,17.513656920021766,0.8631522536839232,14.005472846462553,2.173287547047251
Abell370,A8,S13_P3,,17,20.82736541900653,1.0259054438595525,7.107424519480745,2.173287547047251
Abell370,A8,S13_P3,,18,24.768051143044197,0.8152078212349217,3.9854629951711384,2.173287547047251
Abell370,A8,S13_P3,,19,29.454342644059437,0.5198886742870745,1.8218712433665252,2.173287547047251
Abell370,A8,S13_P4,,0,1.0946035575013604,1292.1631231257857,3402.4058101996816,0.2536396281534236
Abell370,A8,S13_P4,,1,1.301710338687908,0.0,0.0,0.2536396281534236
Abell370,A8,S13_P4,,2,1.548003196440262,0.0,0.0,0.2536396281534236
Abell370,A8,S13_P4,,3,1.8408964152537144,0.0,0.0,0.2536396281534236
Abell370,A8,S13_P4,,4,2.189207115002721,421.3080158052809,894.682028192934,0.2536396281534236
Abell370,A8,S13_P4,,5,2.6034206773758157,0.0,0.0,0.2536396281534236
Abell370,A8,S13_P4,,6,3.0960063928805237,425.9621433858195,368.3999673282689,0.2536396281534236
Abell370,A8,S13_P4,,7,3.681792830507429,0.0,0.0,0.2536396281534236
Abell370,A8,S13_P4,,8,4.378414230005442,331.1189084916532,420.7778375090274,0.2536396281534236
Abell370,A8,S13_P4,,9,5.206841354751632,145.48055056068353,291.43502668749574,0.2536396281534236
Abell370,A8,S13_P4,,10,6.192012785761049,96.62661519302304,158.020829002822,0.2536396281534236
Abell370,A8,S13_P4,,11,7.363585661014858,110.26512172877277,112.87784694108176,0.2536396281534236
Abell370,A8,S13_P4,,12,8.756828460010883,55.75068281978827,87.98680195988018,0.2536396281534236
Abell370,A8,S13_P4,,13,10.413682709503263,34.83637315714039,58.835133513231455,0.2536396281534236
Abell370,A8,S13_P4,,14,12.384025571522095,35.83783499194734,36.49899139499556,0.2536396281534236
Abell370,A8,S13_P4,,15,14.727171322029715,29.87404325383551,22.74878499279788,0.2536396281534236
Abell370,A8,S13_P4,,16,17.513656920021766,21.02420321080551,14.005472846462553,0.2536396281534236
Abell370,A8,S13_P4,,17,20.82736541900653,16.02302639753842,7.107424519480745,0.2536396281534236
Abell370,A8,S13_P4,,18,24.768051143044197,11.872373624427645,3.9854629951711384,0.2536396281534236
Abell370,A8,S13_P4,,19,29.454342644059437,7.332140708678083,1.8218712433665252,0.2536396281534236
Abell370,A8,S19,kappa,0,1.0946035575013604,162.32754376153855,3402.4058101996816,0.8801446154715807
Abell370,A8,S19,kappa,1,1.301710338687908,0.0,0.0,0.8801446154715807
Abell370,A8,S19,kappa,2,1.548003196440262,0.0,0.0,0.8801446154715807
Abell370,A8,S19,kappa,3,1.8408964152537144,0.0,0.0,0.8801446154715807
Abell370,A8,S19,kappa,4,2.189207115002721,354.0102916427723,894.682028192934,0.8801446154715807
Abell370,A8,S19,kappa,5,2.6034206773758157,0.0,0.0,0.8801446154715807
Abell370,A8,S19,kappa,6,3.0960063928805237,327.78971182690367,368.3999673282689,0.8801446154715807
Abell370,A8,S19,kappa,7,3.681792830507429,0.0,0.0,0.8801446154715807
Abell370,A8,S19,kappa,8,4.378414230005442,245.7708391102586,420.7778375090274,0.8801446154715807
Abell370,A8,S19,kappa,9,5.206841354751632,302.4804270778005,291.43502668749574,0.8801446154715807
Abell370,A8,S19,kappa,10,6.192012785761049,448.20308704762505,158.020829002822,0.8801446154715807
Abell370,A8,S19,kappa,11,7.363585661014858,550.5504121496379,112.87784694108176,0.8801446154715807
Abell370,A8,S19,kappa,12,8.756828460010883,733.4682212028436,87.98680195988018,0.8801446154715807
Abell370,A8,S19,kappa,13,10.413682709503263,605.8838930416262,58.835133513231455,0.8801446154715807
Abell370,A8,S19,kappa,14,12.384025571522095,336.1622489477513,36.49899139499556,0.8801446154715807
Abell370,A8,S19,kappa,15,14.727171322029715,357.4253726657523,22.74878499279788,0.8801446154715807
Abell370,A8,S19,kappa,16,17.513656920021766,359.1417980809952,14.005472846462553,0.8801446154715807
Abell370,A8,S19,kappa,17,20.82736541900653,310.4225762514051,7.107424519480745,0.8801446154715807
Abell370,A8,S19,kappa,18,24.768051143044197,110.7831129428048,3.9854629951711384,0.8801446154715807
Abell370,A8,S19,kappa,19,29.454342644059437,41.87815583766848,1.8218712433665252,0.8801446154715807
Abell370,A8,S20,gamma1,0,1.0946035575013604,40.276114163577674,3402.4058101996816,0.7095085422409011
Abell370,A8,S20,gamma1,1,1.301710338687908,0.0,0.0,0.7095085422409011
Abell370,A8,S20,gamma1,2,1.548003196440262,0.0,0.0,0.7095085422409011
Abell370,A8,S20,gamma1,3,1.8408964152537144,0.0,0.0,0.7095085422409011
Abell370,A8,S20,gamma1,4,2.189207115002721,86.22479190474805,894.682028192934,0.7095085422409011
Abell370,A8,S20,gamma1,5,2.6034206773758157,0.0,0.0,0.7095085422409011
Abell370,A8,S20,gamma1,6,3.0960063928805237,78.4066771430512,368.3999673282689,0.7095085422409011
Abell370,A8,S20,gamma1,7,3.681792830507429,0.0,0.0,0.7095085422409011
Abell370,A8,S20,gamma1,8,4.378414230005442,59.066494401777845,420.7778375090274,0.7095085422409011
Abell370,A8,S20,gamma1,9,5.206841354751632,72.80199322685311,291.43502668749574,0.7095085422409011
Abell370,A8,S20,gamma1,10,6.192012785761049,112.08649933736558,158.020829002822,0.7095085422409011
Abell370,A8,S20,gamma1,11,7.363585661014858,138.6462247778442,112.87784694108176,0.7095085422409011
Abell370,A8,S20,gamma1,12,8.756828460010883,185.80341290139893,87.98680195988018,0.7095085422409011
Abell370,A8,S20,gamma1,13,10.413682709503263,151.29878829778934,58.835133513231455,0.7095085422409011
Abell370,A8,S20,gamma1,14,12.384025571522095,83.45630232669026,36.49899139499556,0.7095085422409011
Abell370,A8,S20,gamma1,15,14.727171322029715,87.7434034520658,22.74878499279788,0.7095085422409011
Abell370,A8,S20,gamma1,16,17.513656920021766,90.22832362375888,14.005472846462553,0.7095085422409011
Abell370,A8,S20,gamma1,17,20.82736541900653,77.40973850948083,7.107424519480745,0.7095085422409011
Abell370,A8,S20,gamma1,18,24.768051143044197,27.460840481919533,3.9854629951711384,0.7095085422409011
Abell370,A8,S20,gamma1,19,29.454342644059437,10.403566941165971,1.8218712433665252,0.7095085422409011
Abell370,A8,S20,gamma2,0,1.0946035575013604,7.324833562452964,3402.4058101996816,0.7560767938748054
Abell370,A8,S20,gamma2,1,1.301710338687908,0.0,0.0,0.7560767938748054
Abell370,A8,S20,gamma2,2,1.548003196440262,0.0,0.0,0.7560767938748054
Abell370,A8,S20,gamma2,3,1.8408964152537144,0.0,0.0,0.7560767938748054
Abell370,A8,S20,gamma2,4,2.189207115002721,35.937372096510906,894.682028192934,0.7560767938748054
Abell370,A8,S20,gamma2,5,2.6034206773758157,0.0,0.0,0.7560767938748054
Abell370,A8,S20,gamma2,6,3.0960063928805237,63.70377450521654,368.3999673282689,0.7560767938748054
Abell370,A8,S20,gamma2,7,3.681792830507429,0.0,0.0,0.7560767938748054
Abell370,A8,S20,gamma2,8,4.378414230005442,78.29378600422199,420.7778375090274,0.7560767938748054
Abell370,A8,S20,gamma2,9,5.206841354751632,78.69308966935344,291.43502668749574,0.7560767938748054
Abell370,A8,S20,gamma2,10,6.192012785761049,61.40925806553363,158.020829002822,0.7560767938748054
Abell370,A8,S20,gamma2,11,7.363585661014858,48.5360778953864,112.87784694108176,0.7560767938748054
Abell370,A8,S20,gamma2,12,8.756828460010883,41.167177290821535,87.98680195988018,0.7560767938748054
Abell370,A8,S20,gamma2,13,10.413682709503263,28.25966695864216,58.835133513231455,0.7560767938748054
Abell370,A8,S20,gamma2,14,12.384025571522095,17.790001000266273,36.49899139499556,0.7560767938748054
Abell370,A8,S20,gamma2,15,14.727171322029715,7.9436159133137405,22.74878499279788,0.7560767938748054
Abell370,A8,S20,gamma2,16,17.513656920021766,8.294703947385582,14.005472846462553,0.7560767938748054
Abell370,A8,S20,gamma2,17,20.82736541900653,6.216361501413583,7.107424519480745,0.7560767938748054
Abell370,A8,S20,gamma2,18,24.768051143044197,2.356886138937168,3.9854629951711384,0.7560767938748054
Abell370,A8,S20,gamma2,19,29.454342644059437,1.5022825456510647,1.8218712433665252,0.7560767938748054
Abell370,A8,S20,gamma_mag,0,1.0946035575013604,32.502561286422164,3402.4058101996816,0.583722817652006
Abell370,A8,S20,gamma_mag,1,1.301710338687908,0.0,0.0,0.583722817652006
Abell370,A8,S20,gamma_mag,2,1.548003196440262,0.0,0.0,0.583722817652006
Abell370,A8,S20,gamma_mag,3,1.8408964152537144,0.0,0.0,0.583722817652006
Abell370,A8,S20,gamma_mag,4,2.189207115002721,168.94468534716995,894.682028192934,0.583722817652006
Abell370,A8,S20,gamma_mag,5,2.6034206773758157,0.0,0.0,0.583722817652006
Abell370,A8,S20,gamma_mag,6,3.0960063928805237,268.3749086880002,368.3999673282689,0.583722817652006
Abell370,A8,S20,gamma_mag,7,3.681792830507429,0.0,0.0,0.583722817652006
Abell370,A8,S20,gamma_mag,8,4.378414230005442,192.118638526733,420.7778375090274,0.583722817652006
Abell370,A8,S20,gamma_mag,9,5.206841354751632,85.22244935691162,291.43502668749574,0.583722817652006
Abell370,A8,S20,gamma_mag,10,6.192012785761049,58.82849438555427,158.020829002822,0.583722817652006
Abell370,A8,S20,gamma_mag,11,7.363585661014858,49.67506513175817,112.87784694108176,0.583722817652006
Abell370,A8,S20,gamma_mag,12,8.756828460010883,34.082653620564464,87.98680195988018,0.583722817652006
Abell370,A8,S20,gamma_mag,13,10.413682709503263,30.845483139306253,58.835133513231455,0.583722817652006
Abell370,A8,S20,gamma_mag,14,12.384025571522095,24.109518085974223,36.49899139499556,0.583722817652006
Abell370,A8,S20,gamma_mag,15,14.727171322029715,13.67659704234454,22.74878499279788,0.583722817652006
Abell370,A8,S20,gamma_mag,16,17.513656920021766,13.342944983056698,14.005472846462553,0.583722817652006
Abell370,A8,S20,gamma_mag,17,20.82736541900653,9.307881632265932,7.107424519480745,0.583722817652006
Abell370,A8,S20,gamma_mag,18,24.768051143044197,11.322089153900293,3.9854629951711384,0.583722817652006
Abell370,A8,S20,gamma_mag,19,29.454342644059437,16.786485414534496,1.8218712433665252,0.583722817652006
