-1.000000000000000000e+02,-1.000000000000000000e+02,1.000000000000000000e+02,1.000000000000000000e+02,-1.000000000000000000e+02,-1.000000000000000000e+02,-1.000000000000000000e+02,-1.000000000000000000e+02,-1.000000000000000000e+02,-1.000000000000000000e+02,1.000000000000000000e+02,1.000000000000000000e+02,-1.000000000000000000e+02,-1.000000000000000000e+02,1.000000000000000000e+02,1.000000000000000000e+02,1.000000000000000000e+02,1.000000000000000000e+02,1.000000000000000000e+02,1.000000000000000000e+02,-1.000000000000000000e+02,-1.000000000000000000e+02,-1.000000000000000000e+02,-1.000000000000000142e+02,-1.000000000000000000e+02,1.000000000000000000e+02,-1.000000000000000000e+02,-1.000000000000000000e+02,-1.000000000000000000e+02,-1.000000000000000000e+02,-1.000000000000000000e+02,-1.000000000000000000e+02,-1.000000000000000000e+02,-1.000000000000000000e+02,-1.000000000000000000e+02,1.000000000000000000e+02,-1.000000000000000000e+02,-1.000000000000000000e+02,1.000000000000000000e+02,-1.000000000000000000e+02,-1.000000000000000000e+02,-1.000000000000000000e+02,1.000000000000000000e+02,1.000000000000000000e+02,1.000000000000000000e+02,1.000000000000000000e+02,1.000000000000000000e+02,-1.000000000000000000e+02,-1.000000000000000000e+02,1.000000000000000000e+02,1.000000000000000000e+02,1.000000000000000000e+02,-1.000000000000000000e+02,-1.000000000000000000e+02,-1.000000000000000000e+02,1.000000000000000000e+02,1.000000000000000000e+02,1.000000000000000000e+02,1.000000000000000000e+02,1.000000000000000000e+02,1.000000000000000000e+02,-1.000000000000000000e+02,-1.000000000000000000e+02,-1.000000000000000000e+02
-1.000000000000000000e+02,-1.000000000000000000e+02,-1.000000000000000000e+02,1.000000000000000000e+02,1.000000000000000000e+02,9.999999999999998579e+01,-1.000000000000000000e+02,-1.000000000000000000e+02,-1.000000000000000000e+02,-1.000000000000000000e+02,1.000000000000000000e+02,1.000000000000000000e+02,1.000000000000000000e+02,-9.999999999999998579e+01,-1.000000000000000000e+02,-1.000000000000000000e+02,1.000000000000000000e+02,1.000000000000000000e+02,1.000000000000000000e+02,1.000000000000000000e+02,-1.000000000000000000e+02,-1.000000000000000000e+02,1.000000000000000000e+02,1.000000000000000000e+02,1.000000000000000000e+02,1.000000000000000000e+02,-1.000000000000000000e+02,-1.000000000000000000e+02,-1.000000000000000000e+02,1.000000000000000000e+02,1.000000000000000000e+02,-1.000000000000000000e+02,-1.000000000000000000e+02,-1.000000000000000000e+02,-1.000000000000000000e+02,1.000000000000000000e+02,-1.000000000000000000e+02,-1.000000000000000000e+02,-1.000000000000000000e+02,1.000000000000000000e+02,-1.000000000000000000e+02,-1.000000000000000000e+02,1.000000000000000000e+02,1.000000000000000000e+02,1.000000000000000000e+02,1.000000000000000000e+02,1.000000000000000000e+02,-1.000000000000000000e+02,-1.000000000000000000e+02,-1.000000000000000000e+02,-1.000000000000000000e+02,1.000000000000000000e+02,1.000000000000000000e+02,1.000000000000000000e+02,1.000000000000000000e+02,-1.000000000000000000e+02,1.000000000000000000e+02,1.000000000000000000e+02,1.000000000000000000e+02,1.000000000000000000e+02,-1.000000000000000142e+02,-1.000000000000000000e+02,-1.000000000000000000e+02,-1.000000000000000000e+02
1.000000000000000000e+02,-1.000000000000000000e+02,-1.000000000000000000e+02,1.000000000000000000e+02,1.000000000000000000e+02,1.000000000000000000e+02,-1.000000000000000000e+02,-1.000000000000000000e+02,-1.000000000000000000e+02,1.000000000000000000e+02,1.000000000000000142e+02,9.999999999999998579e+01,1.000000000000000000e+02,1.000000000000000000e+02,-1.000000000000000000e+02,-1.000000000000000000e+02,1.000000000000000000e+02,1.000000000000000142e+02,1.000000000000000000e+02,1.000000000000000142e+02,1.000000000000000000e+02,1.000000000000000000e+02,1.000000000000000000e+02,1.000000000000000000e+02,1.000000000000000000e+02,1.000000000000000000e+02,-1.000000000000000000e+02,-1.000000000000000000e+02,-1.000000000000000000e+02,1.000000000000000142e+02,-1.000000000000000000e+02,-1.000000000000000000e+02,-1.000000000000000142e+02,-1.000000000000000000e+02,-1.000000000000000000e+02,-9.999999999999998579e+01,-1.000000000000000000e+02,-1.000000000000000000e+02,-1.000000000000000000e+02,1.000000000000000000e+02,-1.000000000000000000e+02,-1.000000000000000000e+02,1.000000000000000000e+02,1.000000000000000000e+02,1.000000000000000000e+02,1.000000000000000142e+02,1.000000000000000000e+02,1.000000000000000000e+02,-1.000000000000000000e+02,-1.000000000000000000e+02,-1.000000000000000000e+02,1.000000000000000000e+02,1.000000000000000000e+02,1.000000000000000000e+02,1.000000000000000000e+02,-1.000000000000000000e+02,-1.000000000000000000e+02,1.000000000000000142e+02,1.000000000000000142e+02,-1.000000000000000000e+02,-1.000000000000000000e+02,-1.000000000000000000e+02,-1.000000000000000000e+02,-1.000000000000000000e+02
1.000000000000000000e+02,1.000000000000000000e+02,1.000000000000000000e+02,1.000000000000000000e+02,1.000000000000000000e+02,1.000000000000000000e+02,1.000000000000000000e+02,-1.000000000000000000e+02,-1.000000000000000000e+02,1.000000000000000000e+02,1.000000000000000000e+02,1.000000000000000000e+02,1.000000000000000000e+02,1.000000000000000000e+02,-1.000000000000000000e+02,-1.000000000000000000e+02,9.999999999999998579e+01,1.000000000000000000e+02,1.000000000000000000e+02,1.000000000000000000e+02,1.000000000000000000e+02,1.000000000000000000e+02,1.000000000000000000e+02,-1.000000000000000142e+02,-1.000000000000000000e+02,1.000000000000000000e+02,-1.000000000000000142e+02,-1.000000000000000000e+02,-1.000000000000000000e+02,-9.999999999999998579e+01,-1.000000000000000000e+02,9.999999999999998579e+01,-1.000000000000000000e+02,-1.000000000000000000e+02,-1.000000000000000000e+02,-1.000000000000000000e+02,-1.000000000000000000e+02,-1.000000000000000142e+02,-1.000000000000000000e+02,-1.000000000000000000e+02,-1.000000000000000000e+02,-1.000000000000000000e+02,9.999999999999998579e+01,-1.000000000000000000e+02,-1.000000000000000000e+02,-1.000000000000000000e+02,1.000000000000000000e+02,1.000000000000000000e+02,1.000000000000000000e+02,-1.000000000000000000e+02,-1.000000000000000000e+02,-1.000000000000000000e+02,1.000000000000000000e+02,1.000000000000000000e+02,-1.000000000000000000e+02,-1.000000000000000000e+02,-1.000000000000000142e+02,1.000000000000000000e+02,1.000000000000000000e+02,1.000000000000000000e+02,1.000000000000000142e+02,-1.000000000000000000e+02,-1.000000000000000000e+02,-1.000000000000000000e+02
1.000000000000000000e+02,1.000000000000000000e+02,1.000000000000000000e+02,9.999999999999998579e+01,1.000000000000000000e+02,1.000000000000000000e+02,1.000000000000000000e+02,1.000000000000000000e+02,-1.000000000000000000e+02,1.000000000000000000e+02,1.000000000000000000e+02,1.000000000000000000e+02,1.000000000000000000e+02,-1.000000000000000000e+02,-1.000000000000000000e+02,-1.000000000000000000e+02,1.000000000000000000e+02,1.000000000000000000e+02,1.000000000000000000e+02,1.000000000000000000e+02,1.000000000000000000e+02,1.000000000000000000e+02,1.000000000000000142e+02,-1.000000000000000000e+02,-1.000000000000000000e+02,1.000000000000000000e+02,1.000000000000000000e+02,-1.000000000000000000e+02,-1.000000000000000000e+02,-1.000000000000000000e+02,-1.000000000000000000e+02,9.999999999999998579e+01,-1.000000000000000000e+02,-1.000000000000000000e+02,-1.000000000000000000e+02,-1.000000000000000142e+02,-1.000000000000000000e+02,-1.000000000000000000e+02,-1.000000000000000000e+02,-1.000000000000000000e+02,-1.000000000000000000e+02,-1.000000000000000000e+02,-1.000000000000000000e+02,-1.000000000000000000e+02,-1.000000000000000000e+02,-1.000000000000000000e+02,1.000000000000000000e+02,1.000000000000000000e+02,1.000000000000000000e+02,-1.000000000000000000e+02,-1.000000000000000000e+02,-1.000000000000000142e+02,1.000000000000000142e+02,-1.000000000000000000e+02,-1.000000000000000142e+02,-1.000000000000000000e+02,-1.000000000000000000e+02,1.000000000000000000e+02,-1.000000000000000000e+02,1.000000000000000142e+02,1.000000000000000000e+02,1.000000000000000000e+02,1.000000000000000000e+02,1.000000000000000000e+02
1.000000000000000000e+02,1.000000000000000000e+02,1.000000000000000000e+02,1.000000000000000000e+02,1.000000000000000000e+02,1.000000000000000000e+02,1.000000000000000000e+02,1.000000000000000000e+02,1.000000000000000000e+02,1.000000000000000000e+02,1.000000000000000000e+02,1.000000000000000000e+02,-1.000000000000000000e+02,-1.000000000000000000e+02,-1.000000000000000000e+02,-1.000000000000000000e+02,-1.000000000000000142e+02,1.000000000000000000e+02,1.000000000000000000e+02,1.000000000000000000e+02,1.000000000000000000e+02,1.000000000000000000e+02,1.000000000000000000e+02,1.000000000000000000e+02,1.000000000000000000e+02,1.000000000000000142e+02,1.000000000000000000e+02,-1.000000000000000000e+02,-1.000000000000000000e+02,-9.999999999999998579e+01,-1.000000000000000000e+02,-1.000000000000000142e+02,-1.000000000000000000e+02,-1.000000000000000000e+02,-1.000000000000000000e+02,-1.000000000000000000e+02,-1.000000000000000000e+02,-1.000000000000000142e+02,-1.000000000000000000e+02,-1.000000000000000000e+02,-9.999999999999998579e+01,-1.000000000000000000e+02,-1.000000000000000000e+02,-1.000000000000000000e+02,-1.000000000000000000e+02,-1.000000000000000000e+02,1.000000000000000000e+02,1.000000000000000000e+02,-1.000000000000000000e+02,-1.000000000000000000e+02,-1.000000000000000000e+02,1.000000000000000000e+02,1.000000000000000000e+02,-1.000000000000000142e+02,-1.000000000000000000e+02,-1.000000000000000000e+02,1.000000000000000000e+02,1.000000000000000000e+02,-1.000000000000000000e+02,-1.000000000000000000e+02,-1.000000000000000000e+02,-1.000000000000000000e+02,-1.000000000000000000e+02,1.000000000000000142e+02
1.000000000000000000e+02,1.000000000000000000e+02,1.000000000000000000e+02,1.000000000000000142e+02,1.000000000000000000e+02,1.000000000000000000e+02,-1.000000000000000142e+02,-1.000000000000000000e+02,1.000000000000000000e+02,1.000000000000000000e+02,9.999999999999998579e+01,1.000000000000000000e+02,-1.000000000000000142e+02,-1.000000000000000000e+02,-1.000000000000000000e+02,-1.000000000000000000e+02,-1.000000000000000142e+02,1.000000000000000000e+02,1.000000000000000000e+02,9.999999999999998579e+01,1.000000000000000000e+02,1.000000000000000142e+02,1.000000000000000000e+02,1.000000000000000000e+02,1.000000000000000000e+02,1.000000000000000000e+02,1.000000000000000000e+02,-1.000000000000000000e+02,-1.000000000000000000e+02,-1.000000000000000000e+02,-9.999999999999998579e+01,-1.000000000000000000e+02,-1.000000000000000000e+02,-1.000000000000000142e+02,-1.000000000000000000e+02,-1.000000000000000000e+02,-1.000000000000000000e+02,-1.000000000000000000e+02,-1.000000000000000000e+02,1.000000000000000142e+02,1.000000000000000000e+02,1.000000000000000000e+02,1.000000000000000000e+02,1.000000000000000000e+02,1.000000000000000000e+02,1.000000000000000142e+02,1.000000000000000000e+02,1.000000000000000000e+02,1.000000000000000000e+02,-1.000000000000000000e+02,-1.000000000000000000e+02,-1.000000000000000000e+02,1.000000000000000000e+02,-1.000000000000000000e+02,-1.000000000000000000e+02,-1.000000000000000000e+02,1.000000000000000000e+02,1.000000000000000000e+02,-1.000000000000000000e+02,-1.000000000000000000e+02,-1.000000000000000000e+02,-1.000000000000000000e+02,-1.000000000000000000e+02,1.000000000000000000e+02
-1.000000000000000000e+02,9.999999999999998579e+01,1.000000000000000142e+02,1.000000000000000000e+02,1.000000000000000000e+02,1.000000000000000000e+02,1.000000000000000000e+02,1.000000000000000000e+02,1.000000000000000000e+02,-1.000000000000000000e+02,-1.000000000000000000e+02,1.000000000000000000e+02,1.000000000000000000e+02,1.000000000000000000e+02,-1.000000000000000000e+02,1.000000000000000000e+02,1.000000000000000000e+02,1.000000000000000000e+02,1.000000000000000000e+02,1.000000000000000000e+02,1.000000000000000000e+02,1.000000000000000000e+02,1.000000000000000000e+02,1.000000000000000000e+02,1.000000000000000000e+02,1.000000000000000000e+02,1.000000000000000000e+02,1.000000000000000000e+02,-1.000000000000000000e+02,1.000000000000000000e+02,-1.000000000000000000e+02,-1.000000000000000000e+02,-1.000000000000000000e+02,-1.000000000000000000e+02,-1.000000000000000000e+02,-1.000000000000000000e+02,-1.000000000000000000e+02,-1.000000000000000000e+02,-1.000000000000000000e+02,1.000000000000000000e+02,1.000000000000000000e+02,1.000000000000000142e+02,1.000000000000000000e+02,1.000000000000000000e+02,1.000000000000000000e+02,1.000000000000000000e+02,1.000000000000000000e+02,1.000000000000000000e+02,1.000000000000000000e+02,1.000000000000000000e+02,-1.000000000000000000e+02,-1.000000000000000000e+02,1.000000000000000000e+02,-1.000000000000000000e+02,-1.000000000000000000e+02,-1.000000000000000000e+02,-1.000000000000000000e+02,-1.000000000000000000e+02,-1.000000000000000000e+02,-1.000000000000000000e+02,-1.000000000000000000e+02,-1.000000000000000000e+02,-1.000000000000000000e+02,-1.000000000000000000e+02
-1.000000000000000000e+02,-1.000000000000000000e+02,1.000000000000000000e+02,1.000000000000000000e+02,1.000000000000000000e+02,1.000000000000000000e+02,1.000000000000000000e+02,1.000000000000000000e+02,1.000000000000000000e+02,1.000000000000000000e+02,1.000000000000000000e+02,1.000000000000000000e+02,1.000000000000000000e+02,1.000000000000000000e+02,1.000000000000000000e+02,1.000000000000000000e+02,1.000000000000000000e+02,1.000000000000000000e+02,1.000000000000000000e+02,1.000000000000000000e+02,1.000000000000000000e+02,1.000000000000000000e+02,1.000000000000000000e+02,9.999999999999998579e+01,1.000000000000000000e+02,1.000000000000000000e+02,1.000000000000000000e+02,1.000000000000000000e+02,1.000000000000000000e+02,1.000000000000000000e+02,-1.000000000000000000e+02,-1.000000000000000000e+02,-1.000000000000000000e+02,-1.000000000000000000e+02,-1.000000000000000000e+02,-1.000000000000000000e+02,-1.000000000000000000e+02,-1.000000000000000000e+02,-1.000000000000000000e+02,-1.000000000000000000e+02,-1.000000000000000000e+02,1.000000000000000000e+02,1.000000000000000000e+02,1.000000000000000000e+02,1.000000000000000000e+02,-1.000000000000000000e+02,1.000000000000000000e+02,1.000000000000000000e+02,1.000000000000000000e+02,1.000000000000000000e+02,1.000000000000000000e+02,-1.000000000000000000e+02,1.000000000000000000e+02,-1.000000000000000000e+02,-1.000000000000000000e+02,1.000000000000000000e+02,-1.000000000000000000e+02,-1.000000000000000000e+02,-1.000000000000000000e+02,-1.000000000000000000e+02,-1.000000000000000000e+02,-1.000000000000000000e+02,-1.000000000000000000e+02,-1.000000000000000000e+02
1.000000000000000000e+02,1.000000000000000000e+02,-1.000000000000000142e+02,9.999999999999998579e+01,1.000000000000000000e+02,1.000000000000000000e+02,1.000000000000000000e+02,1.000000000000000000e+02,1.000000000000000000e+02,1.000000000000000000e+02,-1.000000000000000000e+02,1.000000000000000000e+02,1.000000000000000000e+02,1.000000000000000000e+02,1.000000000000000000e+02,-1.000000000000000000e+02,1.000000000000000000e+02,1.000000000000000000e+02,1.000000000000000000e+02,1.000000000000000000e+02,1.000000000000000000e+02,1.000000000000000000e+02,1.000000000000000000e+02,1.000000000000000000e+02,1.000000000000000000e+02,-1.000000000000000000e+02,-1.000000000000000000e+02,1.000000000000000000e+02,1.000000000000000000e+02,1.000000000000000000e+02,1.000000000000000000e+02,-1.000000000000000000e+02,-1.000000000000000000e+02,1.000000000000000000e+02,1.000000000000000000e+02,1.000000000000000000e+02,-1.000000000000000000e+02,1.000000000000000000e+02,-1.000000000000000000e+02,-1.000000000000000000e+02,-1.000000000000000142e+02,1.000000000000000000e+02,1.000000000000000000e+02,1.000000000000000000e+02,-1.000000000000000000e+02,-1.000000000000000000e+02,1.000000000000000000e+02,1.000000000000000000e+02,1.000000000000000000e+02,1.000000000000000000e+02,-1.000000000000000000e+02,1.000000000000000000e+02,1.000000000000000000e+02,1.000000000000000000e+02,1.000000000000000000e+02,1.000000000000000000e+02,-1.000000000000000000e+02,1.000000000000000000e+02,1.000000000000000000e+02,-1.000000000000000000e+02,1.000000000000000000e+02,1.000000000000000000e+02,1.000000000000000000e+02,-1.000000000000000000e+02
1.000000000000000000e+02,1.000000000000000000e+02,9.999999999999998579e+01,1.000000000000000000e+02,1.000000000000000000e+02,1.000000000000000000e+02,1.000000000000000000e+02,1.000000000000000000e+02,1.000000000000000000e+02,-1.000000000000000000e+02,-1.000000000000000000e+02,1.000000000000000000e+02,1.000000000000000000e+02,1.000000000000000000e+02,1.000000000000000000e+02,1.000000000000000000e+02,1.000000000000000000e+02,1.000000000000000000e+02,1.000000000000000000e+02,1.000000000000000000e+02,1.000000000000000000e+02,1.000000000000000000e+02,1.000000000000000000e+02,9.999999999999998579e+01,1.000000000000000000e+02,1.000000000000000000e+02,1.000000000000000000e+02,1.000000000000000000e+02,1.000000000000000000e+02,-1.000000000000000000e+02,1.000000000000000000e+02,-1.000000000000000000e+02,-1.000000000000000000e+02,1.000000000000000000e+02,1.000000000000000000e+02,1.000000000000000000e+02,-1.000000000000000000e+02,1.000000000000000000e+02,-1.000000000000000000e+02,-1.000000000000000000e+02,-1.000000000000000000e+02,-1.000000000000000000e+02,-1.000000000000000000e+02,-1.000000000000000000e+02,-1.000000000000000000e+02,-1.000000000000000000e+02,1.000000000000000000e+02,1.000000000000000000e+02,1.000000000000000000e+02,1.000000000000000000e+02,-1.000000000000000000e+02,-1.000000000000000000e+02,1.000000000000000000e+02,-1.000000000000000000e+02,1.000000000000000000e+02,1.000000000000000000e+02,1.000000000000000000e+02,9.999999999999998579e+01,1.000000000000000000e+02,1.000000000000000000e+02,1.000000000000000000e+02,1.000000000000000000e+02,1.000000000000000000e+02,-1.000000000000000000e+02
1.000000000000000000e+02,1.000000000000000000e+02,9.999999999999998579e+01,1.000000000000000000e+02,1.000000000000000000e+02,1.000000000000000000e+02,1.000000000000000000e+02,1.000000000000000000e+02,1.000000000000000000e+02,-1.000000000000000000e+02,1.000000000000000000e+02,1.000000000000000000e+02,1.000000000000000000e+02,1.000000000000000000e+02,1.000000000000000000e+02,1.000000000000000000e+02,1.000000000000000000e+02,1.000000000000000000e+02,1.000000000000000000e+02,1.000000000000000000e+02,1.000000000000000000e+02,1.000000000000000000e+02,1.000000000000000000e+02,1.000000000000000000e+02,1.000000000000000000e+02,1.000000000000000000e+02,1.000000000000000000e+02,1.000000000000000000e+02,1.000000000000000000e+02,1.000000000000000000e+02,1.000000000000000000e+02,1.000000000000000000e+02,-1.000000000000000000e+02,-1.000000000000000000e+02,1.000000000000000000e+02,-1.000000000000000000e+02,-1.000000000000000000e+02,1.000000000000000000e+02,1.000000000000000000e+02,1.000000000000000000e+02,1.000000000000000000e+02,1.000000000000000000e+02,1.000000000000000000e+02,1.000000000000000000e+02,-1.000000000000000000e+02,-1.000000000000000000e+02,-1.000000000000000000e+02,-1.000000000000000000e+02,1.000000000000000000e+02,1.000000000000000000e+02,-1.000000000000000000e+02,-1.000000000000000000e+02,-1.000000000000000000e+02,-1.000000000000000000e+02,1.000000000000000000e+02,1.000000000000000000e+02,1.000000000000000000e+02,-1.000000000000000000e+02,-1.000000000000000000e+02,1.000000000000000000e+02,1.000000000000000000e+02,1.000000000000000000e+02,1.000000000000000142e+02,-1.000000000000000000e+02
1.000000000000000000e+02,1.000000000000000000e+02,1.000000000000000000e+02,1.000000000000000000e+02,1.000000000000000000e+02,1.000000000000000000e+02,1.000000000000000000e+02,1.000000000000000000e+02,-1.000000000000000000e+02,1.000000000000000000e+02,-1.000000000000000000e+02,1.000000000000000000e+02,-1.000000000000000000e+02,1.000000000000000000e+02,1.000000000000000000e+02,1.000000000000000000e+02,1.000000000000000000e+02,1.000000000000000000e+02,1.000000000000000000e+02,1.000000000000000142e+02,1.000000000000000000e+02,1.000000000000000000e+02,1.000000000000000000e+02,9.999999999999998579e+01,1.000000000000000000e+02,1.000000000000000000e+02,1.000000000000000000e+02,1.000000000000000000e+02,1.000000000000000000e+02,1.000000000000000000e+02,-1.000000000000000000e+02,-1.000000000000000000e+02,-1.000000000000000000e+02,-1.000000000000000000e+02,1.000000000000000000e+02,1.000000000000000000e+02,-1.000000000000000000e+02,-1.000000000000000000e+02,1.000000000000000000e+02,1.000000000000000000e+02,1.000000000000000000e+02,1.000000000000000142e+02,1.000000000000000000e+02,1.000000000000000000e+02,1.000000000000000000e+02,1.000000000000000000e+02,1.000000000000000000e+02,1.000000000000000000e+02,1.000000000000000000e+02,1.000000000000000000e+02,-1.000000000000000000e+02,-1.000000000000000000e+02,-1.000000000000000000e+02,-1.000000000000000000e+02,-1.000000000000000000e+02,1.000000000000000000e+02,-1.000000000000000000e+02,-1.000000000000000000e+02,-1.000000000000000000e+02,1.000000000000000000e+02,1.000000000000000000e+02,1.000000000000000000e+02,1.000000000000000000e+02,-1.000000000000000000e+02
1.000000000000000000e+02,1.000000000000000000e+02,1.000000000000000000e+02,1.000000000000000000e+02,1.000000000000000000e+02,1.000000000000000000e+02,1.000000000000000000e+02,1.000000000000000000e+02,-1.000000000000000000e+02,1.000000000000000000e+02,1.000000000000000000e+02,1.000000000000000000e+02,1.000000000000000000e+02,1.000000000000000000e+02,1.000000000000000000e+02,1.000000000000000000e+02,1.000000000000000000e+02,1.000000000000000000e+02,1.000000000000000000e+02,-1.000000000000000000e+02,-1.000000000000000000e+02,1.000000000000000000e+02,1.000000000000000000e+02,-1.000000000000000000e+02,-1.000000000000000000e+02,-1.000000000000000000e+02,1.000000000000000000e+02,1.000000000000000000e+02,1.000000000000000000e+02,1.000000000000000000e+02,-1.000000000000000000e+02,1.000000000000000000e+02,-1.000000000000000000e+02,-1.000000000000000000e+02,1.000000000000000000e+02,1.000000000000000000e+02,1.000000000000000000e+02,-1.000000000000000000e+02,-1.000000000000000000e+02,1.000000000000000000e+02,1.000000000000000000e+02,1.000000000000000000e+02,9.999999999999998579e+01,1.000000000000000000e+02,1.000000000000000000e+02,1.000000000000000000e+02,1.000000000000000000e+02,1.000000000000000000e+02,1.000000000000000000e+02,1.000000000000000000e+02,-1.000000000000000000e+02,-1.000000000000000000e+02,-1.000000000000000000e+02,-1.000000000000000000e+02,-1.000000000000000000e+02,-1.000000000000000000e+02,-1.000000000000000000e+02,-1.000000000000000000e+02,-1.000000000000000000e+02,1.000000000000000000e+02,1.000000000000000000e+02,-1.000000000000000000e+02,-1.000000000000000000e+02,-1.000000000000000000e+02
1.000000000000000000e+02,1.000000000000000000e+02,1.000000000000000000e+02,1.000000000000000142e+02,1.000000000000000000e+02,9.999999999999998579e+01,1.000000000000000000e+02,1.000000000000000000e+02,-1.000000000000000000e+02,1.000000000000000000e+02,1.000000000000000000e+02,1.000000000000000000e+02,1.000000000000000000e+02,1.000000000000000000e+02,1.000000000000000000e+02,1.000000000000000000e+02,1.000000000000000000e+02,1.000000000000000000e+02,-1.000000000000000000e+02,1.000000000000000000e+02,1.000000000000000000e+02,1.000000000000000000e+02,-1.000000000000000000e+02,-1.000000000000000000e+02,-1.000000000000000142e+02,-1.000000000000000000e+02,1.000000000000000000e+02,1.000000000000000000e+02,1.000000000000000000e+02,1.000000000000000000e+02,1.000000000000000000e+02,1.000000000000000000e+02,-1.000000000000000000e+02,-1.000000000000000000e+02,1.000000000000000000e+02,1.000000000000000000e+02,1.000000000000000000e+02,-1.000000000000000000e+02,-1.000000000000000000e+02,1.000000000000000000e+02,1.000000000000000000e+02,1.000000000000000000e+02,1.000000000000000000e+02,1.000000000000000000e+02,1.000000000000000000e+02,1.000000000000000000e+02,1.000000000000000000e+02,1.000000000000000000e+02,1.000000000000000000e+02,1.000000000000000000e+02,1.000000000000000000e+02,-1.000000000000000000e+02,-1.000000000000000000e+02,1.000000000000000000e+02,1.000000000000000000e+02,1.000000000000000000e+02,1.000000000000000000e+02,-1.000000000000000000e+02,-9.999999999999998579e+01,-9.999999999999998579e+01,-1.000000000000000000e+02,-1.000000000000000142e+02,-1.000000000000000000e+02,-1.000000000000000000e+02
1.000000000000000000e+02,1.000000000000000000e+02,1.000000000000000000e+02,9.999999999999998579e+01,1.000000000000000000e+02,1.000000000000000000e+02,1.000000000000000000e+02,1.000000000000000000e+02,1.000000000000000000e+02,1.000000000000000000e+02,-1.000000000000000000e+02,-1.000000000000000000e+02,-1.000000000000000000e+02,-1.000000000000000000e+02,1.000000000000000000e+02,1.000000000000000000e+02,-1.000000000000000000e+02,-1.000000000000000000e+02,-1.000000000000000000e+02,1.000000000000000000e+02,1.000000000000000000e+02,1.000000000000000000e+02,-1.000000000000000000e+02,-1.000000000000000000e+02,1.000000000000000000e+02,1.000000000000000000e+02,1.000000000000000000e+02,1.000000000000000000e+02,1.000000000000000000e+02,1.000000000000000000e+02,1.000000000000000000e+02,-1.000000000000000000e+02,-1.000000000000000000e+02,-1.000000000000000000e+02,-1.000000000000000000e+02,-1.000000000000000000e+02,-1.000000000000000000e+02,-1.000000000000000000e+02,1.000000000000000000e+02,1.000000000000000000e+02,1.000000000000000142e+02,-1.000000000000000000e+02,-1.000000000000000000e+02,-1.000000000000000000e+02,-1.000000000000000000e+02,-1.000000000000000000e+02,1.000000000000000000e+02,1.000000000000000000e+02,1.000000000000000000e+02,1.000000000000000000e+02,1.000000000000000000e+02,1.000000000000000000e+02,1.000000000000000000e+02,1.000000000000000000e+02,1.000000000000000000e+02,-1.000000000000000000e+02,-1.000000000000000000e+02,-9.999999999999998579e+01,-1.000000000000000000e+02,-1.000000000000000000e+02,-1.000000000000000000e+02,-1.000000000000000000e+02,-1.000000000000000000e+02,-1.000000000000000000e+02
1.000000000000000000e+02,1.000000000000000000e+02,1.000000000000000000e+02,1.000000000000000000e+02,1.000000000000000000e+02,1.000000000000000000e+02,1.000000000000000000e+02,1.000000000000000000e+02,1.000000000000000000e+02,1.000000000000000000e+02,1.000000000000000000e+02,-1.000000000000000000e+02,1.000000000000000000e+02,1.000000000000000000e+02,1.000000000000000000e+02,1.000000000000000000e+02,1.000000000000000000e+02,1.000000000000000000e+02,-1.000000000000000000e+02,-1.000000000000000000e+02,1.000000000000000000e+02,9.999999999999998579e+01,1.000000000000000000e+02,1.000000000000000000e+02,1.000000000000000000e+02,1.000000000000000000e+02,1.000000000000000000e+02,1.000000000000000000e+02,-1.000000000000000000e+02,1.000000000000000000e+02,1.000000000000000000e+02,-1.000000000000000000e+02,-1.000000000000000000e+02,-1.000000000000000000e+02,-1.000000000000000000e+02,-1.000000000000000000e+02,-1.000000000000000000e+02,-1.000000000000000000e+02,-1.000000000000000000e+02,-1.000000000000000000e+02,-1.000000000000000000e+02,-1.000000000000000000e+02,-1.000000000000000142e+02,-1.000000000000000000e+02,-9.999999999999998579e+01,1.000000000000000000e+02,1.000000000000000000e+02,1.000000000000000000e+02,1.000000000000000000e+02,1.000000000000000000e+02,1.000000000000000000e+02,-1.000000000000000000e+02,-1.000000000000000000e+02,1.000000000000000000e+02,1.000000000000000000e+02,-1.000000000000000000e+02,-1.000000000000000000e+02,-1.000000000000000000e+02,-1.000000000000000000e+02,-1.000000000000000000e+02,-1.000000000000000000e+02,-1.000000000000000000e+02,-1.000000000000000000e+02,-1.000000000000000000e+02
-1.000000000000000000e+02,-1.000000000000000000e+02,9.999999999999998579e+01,1.000000000000000000e+02,1.000000000000000000e+02,1.000000000000000000e+02,1.000000000000000000e+02,1.000000000000000000e+02,1.000000000000000000e+02,1.000000000000000000e+02,1.000000000000000000e+02,1.000000000000000000e+02,1.000000000000000000e+02,1.000000000000000000e+02,1.000000000000000000e+02,1.000000000000000000e+02,1.000000000000000000e+02,1.000000000000000000e+02,1.000000000000000000e+02,1.000000000000000000e+02,1.000000000000000000e+02,1.000000000000000000e+02,-1.000000000000000142e+02,-1.000000000000000000e+02,1.000000000000000000e+02,1.000000000000000000e+02,1.000000000000000000e+02,1.000000000000000000e+02,-1.000000000000000000e+02,1.000000000000000000e+02,-1.000000000000000000e+02,-1.000000000000000000e+02,-1.000000000000000000e+02,-1.000000000000000000e+02,-1.000000000000000000e+02,-1.000000000000000000e+02,-1.000000000000000000e+02,-1.000000000000000000e+02,-1.000000000000000000e+02,-1.000000000000000000e+02,-1.000000000000000142e+02,-1.000000000000000000e+02,-1.000000000000000000e+02,-1.000000000000000000e+02,-1.000000000000000000e+02,-1.000000000000000000e+02,-1.000000000000000000e+02,1.000000000000000000e+02,1.000000000000000000e+02,1.000000000000000000e+02,1.000000000000000000e+02,-1.000000000000000000e+02,-1.000000000000000000e+02,-1.000000000000000000e+02,-1.000000000000000000e+02,1.000000000000000000e+02,1.000000000000000000e+02,1.000000000000000000e+02,1.000000000000000000e+02,1.000000000000000000e+02,-1.000000000000000000e+02,-1.000000000000000000e+02,-1.000000000000000000e+02,1.000000000000000000e+02
-1.000000000000000000e+02,-1.000000000000000000e+02,-1.000000000000000000e+02,-1.000000000000000000e+02,1.000000000000000000e+02,1.000000000000000000e+02,1.000000000000000000e+02,1.000000000000000000e+02,1.000000000000000000e+02,1.000000000000000000e+02,1.000000000000000000e+02,1.000000000000000000e+02,1.000000000000000000e+02,1.000000000000000000e+02,1.000000000000000000e+02,1.000000000000000000e+02,1.000000000000000000e+02,1.000000000000000000e+02,1.198540510486549238e+02,1.000000000000000000e+02,1.000000000000000000e+02,-1.000000000000000000e+02,-1.000000000000000000e+02,-1.000000000000000000e+02,1.000000000000000000e+02,1.000000000000000000e+02,1.000000000000000000e+02,-1.000000000000000000e+02,1.000000000000000000e+02,-1.000000000000000000e+02,-1.000000000000000000e+02,-1.000000000000000000e+02,-1.000000000000000000e+02,-1.000000000000000000e+02,-1.000000000000000000e+02,-1.000000000000000000e+02,-1.000000000000000000e+02,-1.000000000000000000e+02,-9.999999999999998579e+01,-1.000000000000000000e+02,-1.000000000000000000e+02,-1.000000000000000000e+02,-1.000000000000000000e+02,-1.000000000000000000e+02,-1.000000000000000000e+02,-1.000000000000000000e+02,1.000000000000000000e+02,1.000000000000000000e+02,1.000000000000000000e+02,-1.000000000000000000e+02,-1.000000000000000000e+02,-1.000000000000000000e+02,-1.000000000000000000e+02,-1.000000000000000000e+02,-1.000000000000000000e+02,1.000000000000000000e+02,1.000000000000000000e+02,1.000000000000000000e+02,1.000000000000000000e+02,1.000000000000000000e+02,-1.000000000000000000e+02,-1.000000000000000000e+02,-1.000000000000000000e+02,1.000000000000000000e+02
9.999999999999998579e+01,1.000000000000000000e+02,1.000000000000000000e+02,1.000000000000000000e+02,1.000000000000000142e+02,-9.999999999999998579e+01,-1.000000000000000000e+02,1.000000000000000000e+02,-1.000000000000000000e+02,-1.000000000000000000e+02,-1.000000000000000000e+02,-1.000000000000000000e+02,1.000000000000000000e+02,1.000000000000000142e+02,1.000000000000000000e+02,1.000000000000000000e+02,1.000000000000000000e+02,8.713750710663403879e+03,1.884434648350602970e+02,-6.058494381889567740e+04,1.000000000000000000e+02,-1.000000000000000000e+02,-1.000000000000000000e+02,-1.000000000000000000e+02,-1.000000000000000000e+02,-1.000000000000000142e+02,-1.000000000000000000e+02,-1.000000000000000000e+02,1.000000000000000000e+02,1.000000000000000000e+02,1.000000000000000142e+02,1.000000000000000000e+02,1.000000000000000000e+02,-1.000000000000000142e+02,-1.000000000000000142e+02,-1.000000000000000000e+02,-1.000000000000000000e+02,-1.000000000000000000e+02,-1.000000000000000000e+02,-1.000000000000000000e+02,1.000000000000000000e+02,1.000000000000000000e+02,-1.000000000000000142e+02,-1.000000000000000142e+02,-1.000000000000000000e+02,-1.000000000000000000e+02,-1.000000000000000142e+02,1.000000000000000142e+02,1.000000000000000000e+02,-1.000000000000000000e+02,-1.000000000000000000e+02,-1.000000000000000000e+02,-1.000000000000000000e+02,-1.000000000000000000e+02,-1.000000000000000000e+02,1.000000000000000000e+02,1.000000000000000000e+02,1.000000000000000000e+02,1.000000000000000000e+02,1.000000000000000000e+02,1.000000000000000142e+02,1.000000000000000000e+02,-1.000000000000000000e+02,-1.000000000000000000e+02
1.000000000000000000e+02,1.000000000000000000e+02,1.000000000000000000e+02,1.000000000000000000e+02,-1.000000000000000000e+02,-1.000000000000000000e+02,-1.000000000000000000e+02,1.000000000000000000e+02,1.000000000000000000e+02,-1.000000000000000000e+02,-1.000000000000000000e+02,-1.000000000000000000e+02,-1.000000000000000000e+02,1.000000000000000000e+02,1.000000000000000000e+02,1.000000000000000000e+02,1.000000000000000000e+02,7.693733639316592598e+04,-9.897633584276407248e+01,-1.282510238296428179e+04,-1.000000000000000000e+02,-1.000000000000000000e+02,-1.000000000000000000e+02,-1.000000000000000000e+02,-1.000000000000000000e+02,-1.000000000000000142e+02,-1.000000000000000000e+02,-1.000000000000000000e+02,1.000000000000000000e+02,1.000000000000000000e+02,1.000000000000000000e+02,1.000000000000000000e+02,-1.000000000000000000e+02,-1.000000000000000000e+02,-1.000000000000000000e+02,-1.000000000000000000e+02,-1.000000000000000000e+02,-1.000000000000000000e+02,-1.000000000000000000e+02,-1.000000000000000000e+02,-1.000000000000000000e+02,-1.000000000000000000e+02,-1.000000000000000000e+02,-1.000000000000000000e+02,-1.000000000000000000e+02,-1.000000000000000142e+02,-1.000000000000000000e+02,-1.000000000000000000e+02,1.000000000000000000e+02,-1.000000000000000000e+02,-1.000000000000000000e+02,-1.000000000000000000e+02,-1.000000000000000000e+02,-1.000000000000000000e+02,-1.000000000000000000e+02,1.000000000000000000e+02,-1.000000000000000000e+02,1.000000000000000000e+02,1.000000000000000000e+02,-1.000000000000000000e+02,-1.000000000000000142e+02,-1.000000000000000000e+02,-1.000000000000000142e+02,1.000000000000000000e+02
-1.000000000000000142e+02,1.000000000000000142e+02,1.000000000000000000e+02,1.000000000000000000e+02,1.000000000000000000e+02,1.000000000000000000e+02,-1.000000000000000000e+02,1.000000000000000142e+02,1.000000000000000000e+02,1.000000000000000000e+02,-1.000000000000000000e+02,-1.000000000000000000e+02,-1.000000000000000000e+02,1.000000000000000142e+02,1.000000000000000000e+02,-1.000000000000000000e+02,1.000000000000000000e+02,6.178533476431941381e+04,-5.450925887040377802e+02,-2.544458183953012121e+04,-1.000000000000000000e+02,-1.000000000000000000e+02,-1.000000000000000000e+02,-1.000000000000000000e+02,-1.000000000000000142e+02,-1.000000000000000000e+02,-1.000000000000000000e+02,-1.000000000000000000e+02,1.000000000000000000e+02,-1.000000000000000000e+02,-1.000000000000000000e+02,-1.000000000000000000e+02,1.000000000000000000e+02,-1.000000000000000000e+02,-1.000000000000000000e+02,-1.000000000000000000e+02,-1.000000000000000000e+02,-1.000000000000000000e+02,-1.000000000000000000e+02,-1.000000000000000000e+02,-9.999999999999998579e+01,-1.000000000000000000e+02,-1.000000000000000000e+02,-1.000000000000000000e+02,-1.000000000000000000e+02,-1.000000000000000000e+02,1.000000000000000000e+02,1.000000000000000000e+02,1.000000000000000000e+02,-1.000000000000000000e+02,-1.000000000000000000e+02,-1.000000000000000000e+02,-1.000000000000000000e+02,-1.000000000000000000e+02,-1.000000000000000000e+02,-1.000000000000000000e+02,-1.000000000000000000e+02,-1.000000000000000000e+02,-1.000000000000000000e+02,-1.000000000000000000e+02,-1.000000000000000000e+02,-1.000000000000000000e+02,1.000000000000000000e+02,1.000000000000000000e+02
-1.000000000000000000e+02,-1.000000000000000142e+02,-1.000000000000000000e+02,1.000000000000000000e+02,1.000000000000000000e+02,1.000000000000000000e+02,-1.000000000000000000e+02,-1.000000000000000000e+02,1.000000000000000000e+02,1.000000000000000000e+02,-1.000000000000000000e+02,-1.000000000000000000e+02,-1.000000000000000000e+02,1.000000000000000000e+02,-1.000000000000000000e+02,-1.000000000000000000e+02,1.000000000000000000e+02,1.865733028363428093e+04,1.575744779585418343e+01,-7.215172365672880551e+04,-1.000000000000000000e+02,-1.000000000000000000e+02,-1.000000000000000000e+02,-1.000000000000000000e+02,1.000000000000000000e+02,1.000000000000000000e+02,-9.999999999999998579e+01,-1.000000000000000000e+02,-1.000000000000000000e+02,-1.000000000000000000e+02,-1.000000000000000000e+02,-1.000000000000000000e+02,1.000000000000000000e+02,-1.000000000000000000e+02,-1.000000000000000000e+02,1.000000000000000000e+02,-1.000000000000000000e+02,-1.000000000000000000e+02,-1.000000000000000000e+02,-1.000000000000000000e+02,-1.000000000000000000e+02,-1.000000000000000000e+02,-1.000000000000000000e+02,-1.000000000000000000e+02,-1.000000000000000000e+02,-1.000000000000000000e+02,1.000000000000000000e+02,1.000000000000000000e+02,1.000000000000000000e+02,1.000000000000000000e+02,1.000000000000000000e+02,-1.000000000000000000e+02,-1.000000000000000000e+02,-1.000000000000000000e+02,-1.000000000000000000e+02,-1.000000000000000000e+02,-1.000000000000000000e+02,-1.000000000000000000e+02,-1.000000000000000000e+02,-1.000000000000000000e+02,-1.000000000000000142e+02,-1.000000000000000000e+02,1.000000000000000000e+02,1.000000000000000000e+02
-1.000000000000000000e+02,-1.000000000000000000e+02,-1.000000000000000000e+02,1.000000000000000000e+02,1.000000000000000000e+02,1.000000000000000000e+02,-9.999999999999998579e+01,-1.000000000000000000e+02,-1.000000000000000000e+02,1.000000000000000000e+02,-1.000000000000000000e+02,-1.000000000000000000e+02,-1.000000000000000000e+02,1.000000000000000000e+02,-1.000000000000000000e+02,-1.000000000000000000e+02,1.000000000000000000e+02,1.073253822836907239e+04,8.452897188650635485e+01,-9.742076391465876077e+04,-1.000000000000000000e+02,-1.000000000000000000e+02,-1.000000000000000000e+02,1.000000000000000000e+02,1.000000000000000000e+02,-1.000000000000000000e+02,-1.000000000000000000e+02,-1.000000000000000000e+02,-1.000000000000000000e+02,-1.000000000000000000e+02,-1.000000000000000000e+02,-1.000000000000000000e+02,-1.000000000000000000e+02,-1.000000000000000000e+02,-1.000000000000000142e+02,-1.000000000000000000e+02,-1.000000000000000000e+02,-1.000000000000000000e+02,-9.999999999999998579e+01,-1.000000000000000000e+02,1.000000000000000000e+02,1.000000000000000142e+02,1.000000000000000000e+02,1.000000000000000000e+02,1.000000000000000000e+02,1.000000000000000000e+02,1.000000000000000000e+02,1.000000000000000000e+02,1.000000000000000000e+02,1.000000000000000000e+02,1.000000000000000000e+02,-1.000000000000000000e+02,1.000000000000000000e+02,-1.000000000000000000e+02,-1.000000000000000142e+02,1.000000000000000000e+02,1.000000000000000000e+02,1.000000000000000000e+02,-1.000000000000000000e+02,-1.000000000000000000e+02,-1.000000000000000000e+02,-9.999999999999998579e+01,-1.000000000000000000e+02,-1.000000000000000000e+02
1.000000000000000000e+02,-1.000000000000000000e+02,-1.000000000000000000e+02,1.000000000000000000e+02,1.000000000000000000e+02,1.000000000000000000e+02,-1.000000000000000000e+02,-1.000000000000000000e+02,-1.000000000000000000e+02,1.000000000000000000e+02,-1.000000000000000000e+02,-1.000000000000000000e+02,-1.000000000000000000e+02,1.000000000000000000e+02,1.000000000000000000e+02,1.000000000000000000e+02,-1.000000000000000000e+02,1.317007862603963804e+04,-2.673791516007992186e+02,-4.695869920910397195e+04,-1.000000000000000000e+02,1.000000000000000000e+02,1.000000000000000000e+02,1.000000000000000000e+02,1.000000000000000000e+02,-1.000000000000000000e+02,-1.000000000000000000e+02,-1.000000000000000000e+02,-1.000000000000000000e+02,-1.000000000000000000e+02,-1.000000000000000000e+02,-1.000000000000000000e+02,-1.000000000000000000e+02,-1.000000000000000000e+02,-1.000000000000000000e+02,-1.000000000000000000e+02,-1.000000000000000000e+02,-1.000000000000000000e+02,-1.000000000000000000e+02,-1.000000000000000000e+02,-1.000000000000000142e+02,1.000000000000000000e+02,1.000000000000000142e+02,1.000000000000000000e+02,1.000000000000000000e+02,1.000000000000000000e+02,1.000000000000000142e+02,1.000000000000000000e+02,1.000000000000000000e+02,1.000000000000000000e+02,-1.000000000000000000e+02,1.000000000000000000e+02,1.000000000000000000e+02,-1.000000000000000000e+02,1.000000000000000000e+02,1.000000000000000000e+02,9.999999999999998579e+01,1.000000000000000000e+02,1.000000000000000000e+02,1.000000000000000000e+02,-1.000000000000000000e+02,-1.000000000000000000e+02,-1.000000000000000000e+02,1.000000000000000000e+02
1.000000000000000000e+02,1.000000000000000000e+02,-1.000000000000000000e+02,1.000000000000000000e+02,9.999999999999998579e+01,1.000000000000000000e+02,1.000000000000000000e+02,-1.000000000000000000e+02,1.000000000000000000e+02,1.000000000000000000e+02,1.000000000000000000e+02,-1.000000000000000000e+02,-9.999999999999998579e+01,1.000000000000000000e+02,1.000000000000000000e+02,1.000000000000000000e+02,1.000000000000000000e+02,7.768774431990850644e+03,5.505968903155094551e+01,-1.842689519546600422e+04,1.000000000000000000e+02,1.000000000000000000e+02,1.000000000000000000e+02,1.000000000000000000e+02,1.000000000000000000e+02,-1.000000000000000000e+02,-1.000000000000000000e+02,-1.000000000000000000e+02,-1.000000000000000142e+02,-1.000000000000000000e+02,-1.000000000000000000e+02,-1.000000000000000000e+02,-1.000000000000000000e+02,-1.000000000000000142e+02,-1.000000000000000000e+02,-1.000000000000000000e+02,-1.000000000000000000e+02,-1.000000000000000000e+02,-1.000000000000000000e+02,-1.000000000000000000e+02,-1.000000000000000000e+02,-1.000000000000000000e+02,1.000000000000000000e+02,1.000000000000000000e+02,1.000000000000000000e+02,9.999999999999998579e+01,1.000000000000000000e+02,1.000000000000000000e+02,1.000000000000000000e+02,1.000000000000000000e+02,1.000000000000000000e+02,1.000000000000000000e+02,1.000000000000000000e+02,-1.000000000000000000e+02,-1.000000000000000142e+02,1.000000000000000142e+02,1.000000000000000000e+02,1.000000000000000000e+02,1.000000000000000000e+02,1.000000000000000000e+02,1.000000000000000142e+02,-1.000000000000000000e+02,-1.000000000000000000e+02,1.000000000000000142e+02
1.000000000000000000e+02,1.000000000000000000e+02,1.000000000000000000e+02,1.000000000000000000e+02,1.000000000000000000e+02,1.000000000000000000e+02,1.000000000000000142e+02,1.000000000000000000e+02,1.000000000000000000e+02,1.000000000000000000e+02,1.000000000000000000e+02,1.000000000000000000e+02,1.000000000000000000e+02,1.000000000000000000e+02,1.000000000000000000e+02,1.000000000000000000e+02,1.000000000000000000e+02,6.211750711749829861e+03,1.682845708090588062e+02,-7.367193207084329333e+04,-1.000000000000000000e+02,-9.999999999999998579e+01,1.000000000000000000e+02,1.000000000000000000e+02,1.000000000000000000e+02,1.000000000000000000e+02,1.000000000000000000e+02,-1.000000000000000000e+02,-1.000000000000000000e+02,-1.000000000000000000e+02,-1.000000000000000000e+02,-1.000000000000000000e+02,-1.000000000000000000e+02,-1.000000000000000000e+02,-1.000000000000000000e+02,-1.000000000000000000e+02,-1.000000000000000000e+02,-1.000000000000000000e+02,-1.000000000000000000e+02,-1.000000000000000000e+02,-1.000000000000000142e+02,-1.000000000000000000e+02,-1.000000000000000000e+02,-1.000000000000000000e+02,1.000000000000000000e+02,1.000000000000000000e+02,1.000000000000000000e+02,1.000000000000000000e+02,1.000000000000000000e+02,1.000000000000000000e+02,1.000000000000000000e+02,1.000000000000000000e+02,1.000000000000000000e+02,-1.000000000000000000e+02,-1.000000000000000000e+02,-1.000000000000000000e+02,1.000000000000000000e+02,1.000000000000000000e+02,1.000000000000000000e+02,1.000000000000000000e+02,1.000000000000000142e+02,1.000000000000000000e+02,1.000000000000000000e+02,1.000000000000000000e+02
1.000000000000000000e+02,1.000000000000000000e+02,1.000000000000000142e+02,1.000000000000000000e+02,1.000000000000000000e+02,1.000000000000000000e+02,1.000000000000000000e+02,1.000000000000000000e+02,1.000000000000000000e+02,1.000000000000000000e+02,1.000000000000000000e+02,1.000000000000000000e+02,1.000000000000000000e+02,1.000000000000000000e+02,1.000000000000000000e+02,1.000000000000000000e+02,1.000000000000000000e+02,8.911106495708948933e+04,2.919919105404651827e+00,-5.850923945759935305e+05,-1.000000000000000000e+02,-1.000000000000000000e+02,-1.000000000000000000e+02,-1.000000000000000000e+02,-1.000000000000000000e+02,1.000000000000000000e+02,1.000000000000000000e+02,-1.000000000000000000e+02,-1.000000000000000000e+02,-1.000000000000000000e+02,-1.000000000000000000e+02,-1.000000000000000000e+02,-1.000000000000000000e+02,-1.000000000000000000e+02,1.000000000000000000e+02,1.000000000000000000e+02,-1.000000000000000000e+02,-1.000000000000000000e+02,-1.000000000000000000e+02,-1.000000000000000142e+02,-1.000000000000000000e+02,-1.000000000000000142e+02,-9.999999999999998579e+01,-1.000000000000000000e+02,-1.000000000000000000e+02,-1.000000000000000000e+02,1.000000000000000000e+02,1.000000000000000000e+02,-1.000000000000000000e+02,-1.000000000000000000e+02,-1.000000000000000000e+02,-1.000000000000000000e+02,1.000000000000000000e+02,1.000000000000000000e+02,-1.000000000000000000e+02,-1.000000000000000000e+02,1.000000000000000000e+02,9.999999999999998579e+01,1.000000000000000000e+02,1.000000000000000000e+02,1.000000000000000000e+02,1.000000000000000000e+02,-1.000000000000000000e+02,1.000000000000000000e+02
1.000000000000000000e+02,1.000000000000000000e+02,1.000000000000000000e+02,-9.999999999999998579e+01,-9.999999999999998579e+01,-1.000000000000000000e+02,1.000000000000000000e+02,-1.000000000000000000e+02,-1.000000000000000000e+02,1.000000000000000000e+02,1.000000000000000000e+02,1.000000000000000000e+02,1.000000000000000000e+02,1.000000000000000000e+02,1.000000000000000000e+02,1.000000000000000000e+02,1.000000000000000000e+02,1.432205454544337408e+05,9.562913095759137150e+01,-5.650805710388754960e+03,1.000000000000000000e+02,1.000000000000000000e+02,1.000000000000000000e+02,1.000000000000000000e+02,1.000000000000000000e+02,1.000000000000000000e+02,1.000000000000000000e+02,-1.000000000000000000e+02,-1.000000000000000000e+02,1.000000000000000000e+02,1.000000000000000000e+02,-1.000000000000000000e+02,-1.000000000000000000e+02,-1.000000000000000000e+02,1.000000000000000000e+02,1.000000000000000000e+02,-1.000000000000000000e+02,-1.000000000000000000e+02,-1.000000000000000000e+02,-1.000000000000000142e+02,-1.000000000000000000e+02,-1.000000000000000000e+02,-1.000000000000000000e+02,-1.000000000000000000e+02,-1.000000000000000000e+02,1.000000000000000000e+02,1.000000000000000000e+02,-1.000000000000000000e+02,-1.000000000000000000e+02,-1.000000000000000000e+02,-1.000000000000000000e+02,1.000000000000000000e+02,1.000000000000000000e+02,1.000000000000000000e+02,-1.000000000000000000e+02,1.000000000000000000e+02,1.000000000000000000e+02,1.000000000000000000e+02,1.000000000000000000e+02,1.000000000000000000e+02,1.000000000000000000e+02,1.000000000000000000e+02,-1.000000000000000000e+02,1.000000000000000000e+02
-1.000000000000000000e+02,-1.000000000000000000e+02,-1.000000000000000000e+02,-9.999999999999998579e+01,-9.999999999999998579e+01,-1.000000000000000000e+02,-1.000000000000000000e+02,-1.000000000000000000e+02,-1.000000000000000000e+02,-1.000000000000000000e+02,-1.000000000000000000e+02,-1.000000000000000000e+02,1.000000000000000000e+02,-1.000000000000000000e+02,1.000000000000000000e+02,1.000000000000000000e+02,1.000000000000000000e+02,7.602467600689353276e+03,9.835600631801324312e+01,-5.281611181781343475e+03,1.000000000000000142e+02,-1.000000000000000000e+02,1.000000000000000000e+02,1.000000000000000000e+02,1.000000000000000000e+02,1.000000000000000000e+02,1.000000000000000000e+02,1.000000000000000000e+02,-1.000000000000000000e+02,-1.000000000000000000e+02,-1.000000000000000000e+02,-1.000000000000000000e+02,-1.000000000000000000e+02,-1.000000000000000000e+02,1.000000000000000000e+02,1.000000000000000000e+02,1.000000000000000000e+02,-1.000000000000000000e+02,-1.000000000000000000e+02,1.000000000000000000e+02,1.000000000000000000e+02,1.000000000000000000e+02,1.000000000000000000e+02,1.000000000000000000e+02,1.000000000000000142e+02,1.000000000000000000e+02,1.000000000000000000e+02,1.000000000000000000e+02,1.000000000000000000e+02,1.000000000000000000e+02,1.000000000000000000e+02,1.000000000000000000e+02,1.000000000000000000e+02,-1.000000000000000000e+02,-1.000000000000000000e+02,-1.000000000000000000e+02,1.000000000000000000e+02,1.000000000000000000e+02,1.000000000000000000e+02,-1.000000000000000000e+02,1.000000000000000000e+02,1.000000000000000000e+02,1.000000000000000000e+02,1.000000000000000000e+02
-1.000000000000000000e+02,-1.000000000000000000e+02,-1.000000000000000000e+02,-9.999999999999998579e+01,-9.999999999999998579e+01,-1.000000000000000000e+02,-1.000000000000000000e+02,-1.000000000000000000e+02,-1.000000000000000000e+02,-1.000000000000000000e+02,-1.000000000000000000e+02,-1.000000000000000000e+02,-1.000000000000000000e+02,-1.000000000000000000e+02,1.000000000000000000e+02,1.000000000000000000e+02,1.000000000000000000e+02,1.181060213790402668e+04,7.150479181436446652e+01,-7.842506324866621071e+03,1.000000000000000000e+02,1.000000000000000000e+02,1.000000000000000000e+02,1.000000000000000000e+02,1.000000000000000000e+02,9.999999999999998579e+01,1.000000000000000000e+02,1.000000000000000000e+02,-1.000000000000000000e+02,1.000000000000000000e+02,-1.000000000000000000e+02,-1.000000000000000142e+02,1.000000000000000000e+02,-1.000000000000000000e+02,1.000000000000000000e+02,1.000000000000000000e+02,1.000000000000000000e+02,1.000000000000000000e+02,1.000000000000000000e+02,1.000000000000000000e+02,1.000000000000000000e+02,9.999999999999998579e+01,-1.000000000000000000e+02,-1.000000000000000142e+02,-1.000000000000000000e+02,1.000000000000000000e+02,1.000000000000000000e+02,1.000000000000000000e+02,1.000000000000000000e+02,1.000000000000000000e+02,1.000000000000000000e+02,1.000000000000000000e+02,1.000000000000000000e+02,1.000000000000000000e+02,1.000000000000000000e+02,1.000000000000000000e+02,1.000000000000000000e+02,1.000000000000000000e+02,-1.000000000000000000e+02,-1.000000000000000142e+02,1.000000000000000000e+02,1.000000000000000000e+02,1.000000000000000000e+02,-1.000000000000000000e+02
-1.000000000000000000e+02,1.000000000000000000e+02,1.000000000000000000e+02,-1.000000000000000142e+02,-1.000000000000000000e+02,-1.000000000000000000e+02,-1.000000000000000000e+02,1.000000000000000000e+02,1.000000000000000000e+02,-1.000000000000000000e+02,1.000000000000000000e+02,1.000000000000000000e+02,-1.000000000000000000e+02,-1.000000000000000000e+02,1.000000000000000000e+02,1.000000000000000000e+02,1.000000000000000000e+02,2.839555209391516837e+04,1.858419207760557015e+02,-7.492163495074080856e+03,-1.000000000000000000e+02,-1.000000000000000000e+02,-9.999999999999998579e+01,1.000000000000000000e+02,1.000000000000000000e+02,1.000000000000000000e+02,1.000000000000000000e+02,-1.000000000000000000e+02,1.000000000000000000e+02,1.000000000000000000e+02,1.000000000000000000e+02,-1.000000000000000000e+02,1.000000000000000000e+02,9.999999999999998579e+01,9.999999999999998579e+01,1.000000000000000000e+02,1.000000000000000000e+02,1.000000000000000000e+02,1.000000000000000000e+02,1.000000000000000000e+02,1.000000000000000000e+02,1.000000000000000000e+02,1.000000000000000000e+02,9.999999999999998579e+01,1.000000000000000000e+02,1.000000000000000000e+02,1.000000000000000000e+02,1.000000000000000000e+02,1.000000000000000000e+02,1.000000000000000000e+02,1.000000000000000000e+02,1.000000000000000000e+02,1.000000000000000000e+02,1.000000000000000000e+02,1.000000000000000000e+02,1.000000000000000000e+02,1.000000000000000000e+02,1.000000000000000000e+02,1.000000000000000000e+02,1.000000000000000000e+02,1.000000000000000000e+02,1.000000000000000000e+02,1.000000000000000000e+02,-1.000000000000000000e+02
-1.000000000000000000e+02,1.000000000000000142e+02,1.000000000000000000e+02,9.999999999999998579e+01,1.000000000000000000e+02,1.000000000000000000e+02,1.000000000000000000e+02,-1.000000000000000000e+02,1.000000000000000000e+02,1.000000000000000000e+02,1.000000000000000000e+02,1.000000000000000000e+02,1.000000000000000000e+02,1.000000000000000000e+02,1.000000000000000000e+02,-1.000000000000000000e+02,-1.000000000000000000e+02,1.405471745978601211e+04,-2.335619211570981690e+01,-2.645870590142311266e+04,-1.000000000000000000e+02,-1.000000000000000000e+02,-1.000000000000000000e+02,1.000000000000000000e+02,1.000000000000000000e+02,1.000000000000000000e+02,1.000000000000000000e+02,1.000000000000000000e+02,1.000000000000000000e+02,1.000000000000000000e+02,1.000000000000000000e+02,-1.000000000000000000e+02,-1.000000000000000000e+02,1.000000000000000000e+02,1.000000000000000000e+02,1.000000000000000000e+02,1.000000000000000000e+02,-1.000000000000000000e+02,1.000000000000000000e+02,1.000000000000000000e+02,1.000000000000000000e+02,1.000000000000000142e+02,1.000000000000000000e+02,1.000000000000000000e+02,1.000000000000000000e+02,1.000000000000000000e+02,1.000000000000000000e+02,1.000000000000000000e+02,1.000000000000000000e+02,1.000000000000000000e+02,1.000000000000000000e+02,1.000000000000000000e+02,1.000000000000000000e+02,1.000000000000000000e+02,1.000000000000000000e+02,1.000000000000000000e+02,1.000000000000000000e+02,1.000000000000000000e+02,1.000000000000000000e+02,1.000000000000000000e+02,9.999999999999998579e+01,1.000000000000000000e+02,1.000000000000000000e+02,1.000000000000000000e+02
1.000000000000000000e+02,-1.000000000000000000e+02,1.000000000000000000e+02,1.000000000000000000e+02,1.000000000000000000e+02,1.000000000000000000e+02,-1.000000000000000000e+02,1.000000000000000000e+02,1.000000000000000000e+02,1.000000000000000000e+02,1.000000000000000000e+02,-1.000000000000000000e+02,1.000000000000000000e+02,1.000000000000000000e+02,1.000000000000000000e+02,1.000000000000000000e+02,-1.000000000000000000e+02,1.036369704411508974e+04,9.467724896256941065e+02,-1.520926905455381493e+05,-1.000000000000000000e+02,-1.000000000000000000e+02,1.000000000000000000e+02,1.000000000000000000e+02,1.000000000000000000e+02,1.000000000000000000e+02,1.000000000000000000e+02,1.000000000000000000e+02,1.000000000000000000e+02,1.000000000000000000e+02,1.000000000000000000e+02,-1.000000000000000000e+02,-1.000000000000000000e+02,1.000000000000000000e+02,1.000000000000000000e+02,1.000000000000000000e+02,1.000000000000000000e+02,-1.000000000000000000e+02,9.999999999999998579e+01,1.000000000000000000e+02,1.000000000000000000e+02,1.000000000000000000e+02,1.000000000000000000e+02,1.000000000000000000e+02,1.000000000000000000e+02,1.000000000000000000e+02,1.000000000000000000e+02,1.000000000000000000e+02,1.000000000000000000e+02,1.000000000000000000e+02,1.000000000000000000e+02,1.000000000000000000e+02,1.000000000000000000e+02,1.000000000000000000e+02,1.000000000000000000e+02,1.000000000000000000e+02,1.000000000000000000e+02,1.000000000000000000e+02,9.999999999999998579e+01,1.000000000000000000e+02,1.000000000000000000e+02,1.000000000000000000e+02,1.000000000000000000e+02,1.000000000000000000e+02
-1.000000000000000000e+02,1.000000000000000000e+02,1.000000000000000142e+02,1.000000000000000000e+02,1.000000000000000000e+02,1.000000000000000000e+02,1.000000000000000000e+02,1.000000000000000000e+02,1.000000000000000000e+02,1.000000000000000000e+02,-1.000000000000000000e+02,1.000000000000000000e+02,1.000000000000000000e+02,1.000000000000000000e+02,1.000000000000000000e+02,1.000000000000000000e+02,1.000000000000000000e+02,7.788013875217354325e+03,1.628968233780789205e+02,-3.617762765679525182e+04,-1.000000000000000000e+02,9.999999999999998579e+01,1.000000000000000000e+02,1.000000000000000142e+02,1.000000000000000000e+02,1.000000000000000000e+02,1.000000000000000000e+02,1.000000000000000000e+02,-1.000000000000000000e+02,-1.000000000000000000e+02,-1.000000000000000142e+02,-1.000000000000000000e+02,-1.000000000000000000e+02,1.000000000000000000e+02,1.000000000000000000e+02,-1.000000000000000142e+02,1.000000000000000000e+02,1.000000000000000142e+02,1.000000000000000000e+02,1.000000000000000000e+02,1.000000000000000000e+02,1.000000000000000000e+02,1.000000000000000000e+02,1.000000000000000000e+02,1.000000000000000000e+02,1.000000000000000000e+02,1.000000000000000000e+02,1.000000000000000000e+02,1.000000000000000000e+02,1.000000000000000000e+02,1.000000000000000000e+02,1.000000000000000000e+02,1.000000000000000000e+02,1.000000000000000000e+02,1.000000000000000000e+02,1.000000000000000000e+02,1.000000000000000000e+02,1.000000000000000000e+02,1.000000000000000000e+02,1.000000000000000000e+02,1.000000000000000000e+02,-9.999999999999998579e+01,-1.000000000000000000e+02,1.000000000000000000e+02
-1.000000000000000000e+02,1.000000000000000142e+02,1.000000000000000000e+02,1.000000000000000000e+02,1.000000000000000000e+02,-1.000000000000000000e+02,1.000000000000000000e+02,1.000000000000000000e+02,1.000000000000000000e+02,1.000000000000000000e+02,1.000000000000000000e+02,1.000000000000000000e+02,1.000000000000000000e+02,1.000000000000000000e+02,1.000000000000000000e+02,1.000000000000000000e+02,-1.000000000000000000e+02,9.138435709675537510e+03,1.002867550470688798e+02,-1.015424710048441011e+04,1.000000000000000000e+02,-1.000000000000000000e+02,-1.000000000000000000e+02,-1.000000000000000000e+02,1.000000000000000000e+02,1.000000000000000000e+02,1.000000000000000000e+02,1.000000000000000000e+02,-1.000000000000000000e+02,-1.000000000000000000e+02,-1.000000000000000000e+02,-1.000000000000000142e+02,-1.000000000000000000e+02,-9.999999999999998579e+01,1.000000000000000000e+02,1.000000000000000000e+02,1.000000000000000000e+02,1.000000000000000000e+02,1.000000000000000000e+02,1.000000000000000000e+02,1.000000000000000000e+02,1.000000000000000000e+02,1.000000000000000000e+02,1.000000000000000142e+02,1.000000000000000000e+02,1.000000000000000000e+02,1.000000000000000000e+02,1.000000000000000000e+02,1.000000000000000000e+02,1.000000000000000000e+02,1.000000000000000000e+02,1.000000000000000000e+02,1.000000000000000000e+02,1.000000000000000000e+02,1.000000000000000000e+02,1.000000000000000000e+02,1.000000000000000000e+02,1.000000000000000000e+02,1.000000000000000000e+02,1.000000000000000000e+02,1.000000000000000000e+02,1.000000000000000000e+02,1.000000000000000000e+02,1.000000000000000000e+02
-1.000000000000000000e+02,1.000000000000000000e+02,1.000000000000000142e+02,1.000000000000000000e+02,1.000000000000000142e+02,1.000000000000000000e+02,1.000000000000000000e+02,1.000000000000000000e+02,1.000000000000000000e+02,1.000000000000000000e+02,1.000000000000000000e+02,1.000000000000000000e+02,1.000000000000000000e+02,1.000000000000000000e+02,1.000000000000000000e+02,1.000000000000000000e+02,1.000000000000000000e+02,4.070081260230515454e+03,4.586436934460379433e+01,-6.890566893193193209e+03,9.999999999999998579e+01,-1.000000000000000000e+02,1.000000000000000000e+02,1.000000000000000000e+02,1.000000000000000000e+02,1.000000000000000000e+02,1.000000000000000000e+02,1.000000000000000000e+02,1.000000000000000000e+02,-1.000000000000000000e+02,9.999999999999998579e+01,-9.999999999999998579e+01,-1.000000000000000000e+02,-9.999999999999998579e+01,-9.999999999999998579e+01,-1.000000000000000000e+02,1.000000000000000000e+02,1.000000000000000142e+02,1.000000000000000000e+02,1.000000000000000000e+02,9.999999999999998579e+01,1.000000000000000000e+02,1.000000000000000000e+02,1.000000000000000000e+02,1.000000000000000000e+02,1.000000000000000000e+02,1.000000000000000000e+02,1.000000000000000000e+02,1.000000000000000000e+02,1.000000000000000000e+02,1.000000000000000000e+02,1.000000000000000000e+02,1.000000000000000000e+02,1.000000000000000000e+02,1.000000000000000000e+02,1.000000000000000000e+02,1.000000000000000000e+02,1.000000000000000000e+02,1.000000000000000142e+02,1.000000000000000000e+02,1.000000000000000000e+02,9.999999999999998579e+01,-1.000000000000000000e+02,-1.000000000000000000e+02
-1.000000000000000000e+02,-1.000000000000000000e+02,1.000000000000000000e+02,1.000000000000000000e+02,1.000000000000000000e+02,1.000000000000000000e+02,-1.000000000000000000e+02,1.000000000000000000e+02,1.000000000000000000e+02,1.000000000000000000e+02,-1.000000000000000000e+02,-1.000000000000000000e+02,1.000000000000000000e+02,1.000000000000000000e+02,1.000000000000000000e+02,1.000000000000000000e+02,1.000000000000000000e+02,4.866508151252587595e+03,2.224526116045170099e+01,-3.764924980909485384e+03,1.000000000000000000e+02,1.000000000000000000e+02,1.000000000000000142e+02,1.000000000000000000e+02,1.000000000000000000e+02,1.000000000000000000e+02,1.000000000000000000e+02,1.000000000000000000e+02,-1.000000000000000000e+02,-1.000000000000000000e+02,1.000000000000000000e+02,-1.000000000000000000e+02,-1.000000000000000000e+02,-1.000000000000000000e+02,-1.000000000000000000e+02,-1.000000000000000000e+02,-1.000000000000000000e+02,-1.000000000000000000e+02,-1.000000000000000000e+02,1.000000000000000000e+02,1.000000000000000000e+02,1.000000000000000000e+02,1.000000000000000000e+02,1.000000000000000000e+02,1.000000000000000000e+02,1.000000000000000000e+02,1.000000000000000000e+02,-1.000000000000000000e+02,1.000000000000000000e+02,1.000000000000000000e+02,1.000000000000000000e+02,1.000000000000000000e+02,1.000000000000000000e+02,1.000000000000000000e+02,1.000000000000000000e+02,1.000000000000000000e+02,1.000000000000000000e+02,1.000000000000000000e+02,1.000000000000000000e+02,1.000000000000000000e+02,1.000000000000000000e+02,-1.000000000000000000e+02,-1.000000000000000000e+02,-1.000000000000000000e+02
-1.000000000000000000e+02,-1.000000000000000000e+02,-1.000000000000000000e+02,-1.000000000000000000e+02,-9.999999999999998579e+01,-1.000000000000000000e+02,-1.000000000000000000e+02,1.000000000000000000e+02,1.000000000000000000e+02,1.000000000000000000e+02,-1.000000000000000000e+02,-1.000000000000000000e+02,1.000000000000000000e+02,1.000000000000000000e+02,1.000000000000000000e+02,1.000000000000000000e+02,-1.000000000000000000e+02,2.245564683242953470e+04,4.146598738752668822e+01,-6.142002538571916375e+03,1.000000000000000000e+02,1.000000000000000000e+02,1.000000000000000000e+02,1.000000000000000000e+02,1.000000000000000000e+02,1.000000000000000000e+02,1.000000000000000000e+02,1.000000000000000000e+02,-1.000000000000000000e+02,-1.000000000000000000e+02,-1.000000000000000000e+02,-1.000000000000000142e+02,-1.000000000000000000e+02,-1.000000000000000000e+02,-1.000000000000000000e+02,-1.000000000000000000e+02,-1.000000000000000000e+02,-1.000000000000000000e+02,1.000000000000000000e+02,1.000000000000000000e+02,1.000000000000000000e+02,1.000000000000000000e+02,1.000000000000000000e+02,1.000000000000000000e+02,1.000000000000000000e+02,1.000000000000000000e+02,1.000000000000000000e+02,-1.000000000000000000e+02,1.000000000000000000e+02,1.000000000000000142e+02,1.000000000000000000e+02,1.000000000000000000e+02,1.000000000000000000e+02,1.000000000000000000e+02,1.000000000000000000e+02,1.000000000000000000e+02,1.000000000000000000e+02,1.000000000000000000e+02,1.000000000000000000e+02,1.000000000000000000e+02,1.000000000000000000e+02,1.000000000000000000e+02,9.999999999999998579e+01,-1.000000000000000000e+02
1.000000000000000000e+02,-9.999999999999998579e+01,-1.000000000000000000e+02,-1.000000000000000000e+02,-1.000000000000000000e+02,-1.000000000000000000e+02,-9.999999999999998579e+01,-1.000000000000000000e+02,1.000000000000000000e+02,9.999999999999998579e+01,-1.000000000000000000e+02,-1.000000000000000000e+02,1.000000000000000000e+02,1.000000000000000000e+02,9.999999999999998579e+01,1.000000000000000000e+02,-1.000000000000000000e+02,1.360137276408068283e+04,1.125927734238454008e+02,-7.256459896219765142e+03,1.000000000000000000e+02,1.000000000000000000e+02,1.000000000000000142e+02,1.000000000000000000e+02,1.000000000000000000e+02,1.000000000000000000e+02,1.000000000000000000e+02,1.000000000000000000e+02,1.000000000000000000e+02,1.000000000000000000e+02,-9.999999999999998579e+01,-1.000000000000000000e+02,-1.000000000000000000e+02,-1.000000000000000000e+02,-1.000000000000000000e+02,1.000000000000000000e+02,-1.000000000000000000e+02,-1.000000000000000000e+02,1.000000000000000000e+02,1.000000000000000000e+02,1.000000000000000000e+02,1.000000000000000000e+02,9.999999999999998579e+01,1.000000000000000000e+02,1.000000000000000000e+02,1.000000000000000000e+02,1.000000000000000142e+02,1.000000000000000000e+02,9.999999999999998579e+01,1.000000000000000000e+02,1.000000000000000000e+02,1.000000000000000000e+02,-1.000000000000000000e+02,1.000000000000000000e+02,1.000000000000000000e+02,1.000000000000000000e+02,1.000000000000000000e+02,1.000000000000000000e+02,1.000000000000000000e+02,1.000000000000000142e+02,1.000000000000000142e+02,1.000000000000000000e+02,9.999999999999998579e+01,-1.000000000000000142e+02
1.000000000000000000e+02,-1.000000000000000000e+02,-1.000000000000000000e+02,-1.000000000000000000e+02,9.999999999999998579e+01,1.000000000000000000e+02,-1.000000000000000000e+02,-1.000000000000000000e+02,1.000000000000000142e+02,1.000000000000000000e+02,1.000000000000000000e+02,1.000000000000000000e+02,1.000000000000000000e+02,1.000000000000000000e+02,1.000000000000000000e+02,1.000000000000000000e+02,1.000000000000000000e+02,6.806797184647802169e+03,9.966224053110916259e+01,-7.253564985664906089e+03,1.000000000000000000e+02,-9.999999999999998579e+01,-1.000000000000000000e+02,-1.000000000000000000e+02,1.000000000000000000e+02,-1.000000000000000000e+02,-1.000000000000000000e+02,1.000000000000000000e+02,1.000000000000000000e+02,1.000000000000000000e+02,1.000000000000000000e+02,1.000000000000000000e+02,-9.999999999999998579e+01,-1.000000000000000000e+02,-1.000000000000000000e+02,1.000000000000000142e+02,-1.000000000000000000e+02,-1.000000000000000142e+02,1.000000000000000000e+02,1.000000000000000000e+02,1.000000000000000000e+02,1.000000000000000000e+02,1.000000000000000000e+02,1.000000000000000000e+02,1.000000000000000000e+02,1.000000000000000000e+02,1.000000000000000000e+02,1.000000000000000000e+02,-1.000000000000000000e+02,-1.000000000000000000e+02,9.999999999999998579e+01,1.000000000000000000e+02,-1.000000000000000000e+02,1.000000000000000000e+02,1.000000000000000000e+02,1.000000000000000000e+02,1.000000000000000000e+02,1.000000000000000000e+02,1.000000000000000000e+02,1.000000000000000000e+02,1.000000000000000000e+02,1.000000000000000142e+02,1.000000000000000000e+02,1.000000000000000000e+02
1.000000000000000000e+02,1.000000000000000000e+02,1.000000000000000000e+02,1.000000000000000000e+02,9.999999999999998579e+01,1.000000000000000000e+02,1.000000000000000000e+02,1.000000000000000000e+02,9.999999999999998579e+01,1.000000000000000000e+02,1.000000000000000000e+02,1.000000000000000142e+02,1.000000000000000000e+02,1.000000000000000000e+02,1.000000000000000000e+02,1.000000000000000000e+02,1.000000000000000000e+02,7.858360054692807353e+03,8.942763385608733984e+01,-5.999968921520920048e+03,1.000000000000000000e+02,-1.000000000000000142e+02,-1.000000000000000000e+02,-1.000000000000000000e+02,1.000000000000000000e+02,-1.000000000000000000e+02,1.000000000000000000e+02,1.000000000000000000e+02,1.000000000000000000e+02,1.000000000000000000e+02,9.999999999999998579e+01,1.000000000000000000e+02,-1.000000000000000142e+02,-1.000000000000000000e+02,-1.000000000000000000e+02,1.000000000000000000e+02,-1.000000000000000000e+02,-1.000000000000000000e+02,-1.000000000000000000e+02,1.000000000000000000e+02,1.000000000000000000e+02,1.000000000000000000e+02,1.000000000000000000e+02,1.000000000000000000e+02,1.000000000000000000e+02,1.000000000000000000e+02,1.000000000000000000e+02,1.000000000000000000e+02,-9.999999999999998579e+01,-1.000000000000000000e+02,1.000000000000000000e+02,1.000000000000000000e+02,1.000000000000000142e+02,1.000000000000000000e+02,9.999999999999998579e+01,1.000000000000000000e+02,1.000000000000000000e+02,1.000000000000000000e+02,1.000000000000000000e+02,1.000000000000000142e+02,1.000000000000000000e+02,1.000000000000000000e+02,1.000000000000000000e+02,1.000000000000000000e+02
1.000000000000000000e+02,1.000000000000000000e+02,1.000000000000000000e+02,1.000000000000000000e+02,1.000000000000000000e+02,1.000000000000000000e+02,1.000000000000000000e+02,9.999999999999998579e+01,1.000000000000000000e+02,1.000000000000000000e+02,1.000000000000000000e+02,1.000000000000000000e+02,1.000000000000000000e+02,1.000000000000000142e+02,1.000000000000000000e+02,1.000000000000000142e+02,1.000000000000000000e+02,1.766029794839473107e+04,1.448529861198560980e+02,-5.533404650806316567e+03,-1.000000000000000000e+02,-1.000000000000000000e+02,-1.000000000000000000e+02,1.000000000000000000e+02,1.000000000000000000e+02,1.000000000000000000e+02,9.999999999999998579e+01,1.000000000000000000e+02,1.000000000000000000e+02,1.000000000000000000e+02,1.000000000000000000e+02,-1.000000000000000000e+02,-1.000000000000000000e+02,-1.000000000000000000e+02,-1.000000000000000000e+02,-1.000000000000000000e+02,-1.000000000000000000e+02,-1.000000000000000000e+02,-1.000000000000000000e+02,1.000000000000000000e+02,1.000000000000000000e+02,1.000000000000000000e+02,1.000000000000000000e+02,1.000000000000000000e+02,1.000000000000000000e+02,1.000000000000000000e+02,1.000000000000000000e+02,1.000000000000000000e+02,-1.000000000000000000e+02,1.000000000000000142e+02,1.000000000000000000e+02,1.000000000000000000e+02,1.000000000000000000e+02,1.000000000000000000e+02,1.000000000000000000e+02,1.000000000000000142e+02,1.000000000000000000e+02,9.999999999999998579e+01,9.999999999999998579e+01,1.000000000000000000e+02,1.000000000000000000e+02,1.000000000000000142e+02,1.000000000000000000e+02,1.000000000000000000e+02
1.000000000000000000e+02,9.999999999999998579e+01,1.000000000000000000e+02,1.000000000000000000e+02,1.000000000000000000e+02,1.000000000000000000e+02,1.000000000000000000e+02,1.000000000000000000e+02,9.999999999999998579e+01,1.000000000000000000e+02,1.000000000000000000e+02,1.000000000000000142e+02,1.000000000000000000e+02,1.000000000000000000e+02,9.999999999999998579e+01,-1.000000000000000000e+02,9.999999999999998579e+01,2.358115272538390855e+04,1.554326391386981641e+02,-6.985997865098655893e+03,1.000000000000000000e+02,-1.000000000000000000e+02,1.000000000000000000e+02,1.000000000000000000e+02,1.000000000000000000e+02,-1.000000000000000000e+02,-1.000000000000000000e+02,1.000000000000000000e+02,1.000000000000000000e+02,1.000000000000000000e+02,-1.000000000000000000e+02,-1.000000000000000000e+02,-1.000000000000000000e+02,-1.000000000000000000e+02,-1.000000000000000000e+02,-9.999999999999998579e+01,1.000000000000000000e+02,1.000000000000000000e+02,-1.000000000000000000e+02,1.000000000000000000e+02,1.000000000000000000e+02,1.000000000000000000e+02,1.000000000000000000e+02,1.000000000000000000e+02,-1.000000000000000000e+02,1.000000000000000000e+02,1.000000000000000000e+02,1.000000000000000000e+02,1.000000000000000000e+02,9.999999999999998579e+01,1.000000000000000000e+02,1.000000000000000000e+02,1.000000000000000000e+02,1.000000000000000000e+02,1.000000000000000000e+02,1.000000000000000000e+02,1.000000000000000000e+02,1.000000000000000000e+02,-1.000000000000000000e+02,-1.000000000000000000e+02,9.999999999999998579e+01,1.000000000000000000e+02,1.000000000000000000e+02,1.000000000000000000e+02
9.999999999999998579e+01,9.999999999999998579e+01,1.000000000000000000e+02,1.000000000000000000e+02,1.000000000000000000e+02,1.000000000000000000e+02,1.000000000000000000e+02,1.000000000000000000e+02,1.000000000000000000e+02,1.000000000000000000e+02,1.000000000000000000e+02,1.000000000000000000e+02,1.000000000000000000e+02,1.000000000000000000e+02,-1.000000000000000000e+02,1.000000000000000000e+02,1.000000000000000000e+02,1.000000000000000000e+02,9.240050804000034645e+01,1.000000000000000000e+02,1.000000000000000000e+02,1.000000000000000000e+02,1.000000000000000142e+02,1.000000000000000000e+02,1.000000000000000000e+02,-1.000000000000000000e+02,-1.000000000000000000e+02,1.000000000000000000e+02,1.000000000000000000e+02,1.000000000000000000e+02,-1.000000000000000000e+02,-1.000000000000000000e+02,-1.000000000000000000e+02,-1.000000000000000000e+02,-1.000000000000000000e+02,1.000000000000000142e+02,1.000000000000000000e+02,1.000000000000000000e+02,-1.000000000000000000e+02,1.000000000000000000e+02,1.000000000000000000e+02,1.000000000000000000e+02,1.000000000000000000e+02,1.000000000000000000e+02,1.000000000000000000e+02,1.000000000000000000e+02,1.000000000000000000e+02,-1.000000000000000000e+02,-1.000000000000000000e+02,1.000000000000000000e+02,9.999999999999998579e+01,1.000000000000000000e+02,1.000000000000000000e+02,1.000000000000000000e+02,1.000000000000000000e+02,1.000000000000000000e+02,1.000000000000000000e+02,1.000000000000000000e+02,-1.000000000000000000e+02,9.999999999999998579e+01,1.000000000000000000e+02,1.000000000000000000e+02,1.000000000000000000e+02,1.000000000000000000e+02
1.000000000000000000e+02,1.000000000000000000e+02,1.000000000000000000e+02,1.000000000000000000e+02,1.000000000000000000e+02,1.000000000000000000e+02,1.000000000000000000e+02,1.000000000000000000e+02,1.000000000000000000e+02,1.000000000000000000e+02,1.000000000000000000e+02,1.000000000000000000e+02,1.000000000000000000e+02,1.000000000000000000e+02,1.000000000000000000e+02,1.000000000000000000e+02,1.000000000000000000e+02,1.000000000000000000e+02,1.000000000000000000e+02,1.000000000000000000e+02,1.000000000000000000e+02,9.999999999999998579e+01,1.000000000000000000e+02,1.000000000000000000e+02,1.000000000000000000e+02,-9.999999999999998579e+01,-1.000000000000000000e+02,1.000000000000000000e+02,1.000000000000000000e+02,1.000000000000000000e+02,-1.000000000000000000e+02,-1.000000000000000000e+02,-1.000000000000000000e+02,-1.000000000000000000e+02,-1.000000000000000000e+02,1.000000000000000000e+02,1.000000000000000000e+02,1.000000000000000000e+02,-1.000000000000000000e+02,9.999999999999998579e+01,1.000000000000000000e+02,1.000000000000000000e+02,1.000000000000000000e+02,1.000000000000000000e+02,1.000000000000000000e+02,1.000000000000000000e+02,1.000000000000000000e+02,-1.000000000000000000e+02,-1.000000000000000000e+02,1.000000000000000000e+02,-1.000000000000000000e+02,-1.000000000000000000e+02,-1.000000000000000000e+02,-1.000000000000000000e+02,1.000000000000000000e+02,1.000000000000000000e+02,1.000000000000000000e+02,1.000000000000000000e+02,1.000000000000000000e+02,9.999999999999998579e+01,1.000000000000000000e+02,1.000000000000000000e+02,1.000000000000000000e+02,1.000000000000000000e+02
1.000000000000000000e+02,1.000000000000000000e+02,1.000000000000000000e+02,1.000000000000000000e+02,1.000000000000000000e+02,9.999999999999998579e+01,1.000000000000000000e+02,1.000000000000000000e+02,1.000000000000000000e+02,1.000000000000000000e+02,1.000000000000000000e+02,1.000000000000000000e+02,1.000000000000000000e+02,1.000000000000000000e+02,-1.000000000000000000e+02,-1.000000000000000000e+02,-1.000000000000000000e+02,1.000000000000000000e+02,1.000000000000000000e+02,9.999999999999998579e+01,1.000000000000000000e+02,1.000000000000000000e+02,1.000000000000000000e+02,1.000000000000000000e+02,1.000000000000000000e+02,-1.000000000000000000e+02,-1.000000000000000000e+02,1.000000000000000000e+02,1.000000000000000000e+02,1.000000000000000000e+02,-1.000000000000000000e+02,-1.000000000000000000e+02,-1.000000000000000000e+02,-1.000000000000000000e+02,-1.000000000000000000e+02,-1.000000000000000000e+02,-1.000000000000000000e+02,-1.000000000000000000e+02,-1.000000000000000000e+02,1.000000000000000000e+02,1.000000000000000000e+02,1.000000000000000000e+02,-1.000000000000000000e+02,-1.000000000000000000e+02,-1.000000000000000000e+02,1.000000000000000000e+02,1.000000000000000000e+02,-1.000000000000000000e+02,-1.000000000000000000e+02,1.000000000000000000e+02,-1.000000000000000000e+02,-1.000000000000000000e+02,1.000000000000000000e+02,-1.000000000000000000e+02,1.000000000000000000e+02,1.000000000000000000e+02,1.000000000000000000e+02,1.000000000000000142e+02,1.000000000000000000e+02,1.000000000000000000e+02,1.000000000000000000e+02,1.000000000000000000e+02,1.000000000000000000e+02,1.000000000000000000e+02
1.000000000000000000e+02,1.000000000000000000e+02,1.000000000000000000e+02,9.999999999999998579e+01,1.000000000000000000e+02,1.000000000000000000e+02,1.000000000000000000e+02,1.000000000000000000e+02,1.000000000000000000e+02,1.000000000000000000e+02,1.000000000000000000e+02,1.000000000000000000e+02,-1.000000000000000000e+02,-1.000000000000000000e+02,-1.000000000000000000e+02,-1.000000000000000000e+02,-1.000000000000000000e+02,1.000000000000000000e+02,1.000000000000000000e+02,1.000000000000000142e+02,1.000000000000000000e+02,1.000000000000000000e+02,1.000000000000000000e+02,-1.000000000000000000e+02,-1.000000000000000000e+02,-1.000000000000000000e+02,-1.000000000000000000e+02,1.000000000000000000e+02,1.000000000000000000e+02,1.000000000000000000e+02,-1.000000000000000000e+02,-1.000000000000000000e+02,-1.000000000000000000e+02,-1.000000000000000000e+02,-1.000000000000000000e+02,-1.000000000000000000e+02,-1.000000000000000000e+02,-1.000000000000000000e+02,-1.000000000000000000e+02,-1.000000000000000142e+02,-1.000000000000000000e+02,-1.000000000000000000e+02,-1.000000000000000000e+02,1.000000000000000000e+02,1.000000000000000000e+02,1.000000000000000000e+02,1.000000000000000000e+02,-1.000000000000000000e+02,-1.000000000000000000e+02,-1.000000000000000000e+02,-1.000000000000000000e+02,1.000000000000000000e+02,1.000000000000000000e+02,-1.000000000000000000e+02,-1.000000000000000000e+02,1.000000000000000000e+02,1.000000000000000000e+02,9.999999999999998579e+01,1.000000000000000000e+02,1.000000000000000000e+02,1.000000000000000000e+02,1.000000000000000000e+02,1.000000000000000000e+02,1.000000000000000000e+02
1.000000000000000000e+02,1.000000000000000000e+02,1.000000000000000000e+02,1.000000000000000000e+02,1.000000000000000000e+02,1.000000000000000000e+02,1.000000000000000000e+02,1.000000000000000000e+02,1.000000000000000000e+02,1.000000000000000000e+02,1.000000000000000000e+02,1.000000000000000000e+02,-1.000000000000000000e+02,-1.000000000000000000e+02,1.000000000000000000e+02,1.000000000000000000e+02,-1.000000000000000000e+02,1.000000000000000000e+02,1.000000000000000000e+02,-1.000000000000000000e+02,-1.000000000000000000e+02,1.000000000000000000e+02,-1.000000000000000000e+02,-1.000000000000000000e+02,-1.000000000000000000e+02,-1.000000000000000000e+02,-1.000000000000000000e+02,-1.000000000000000000e+02,1.000000000000000000e+02,1.000000000000000000e+02,1.000000000000000000e+02,-1.000000000000000000e+02,-1.000000000000000000e+02,-1.000000000000000000e+02,-1.000000000000000000e+02,-1.000000000000000000e+02,-1.000000000000000000e+02,-1.000000000000000000e+02,1.000000000000000142e+02,1.000000000000000000e+02,-1.000000000000000000e+02,-1.000000000000000000e+02,-1.000000000000000000e+02,1.000000000000000000e+02,9.999999999999998579e+01,1.000000000000000000e+02,1.000000000000000000e+02,-1.000000000000000000e+02,-1.000000000000000000e+02,-1.000000000000000000e+02,1.000000000000000000e+02,1.000000000000000000e+02,1.000000000000000000e+02,-1.000000000000000000e+02,-1.000000000000000000e+02,1.000000000000000000e+02,1.000000000000000000e+02,-1.000000000000000000e+02,-1.000000000000000000e+02,-1.000000000000000142e+02,1.000000000000000000e+02,1.000000000000000000e+02,1.000000000000000000e+02,1.000000000000000000e+02
1.000000000000000000e+02,1.000000000000000000e+02,1.000000000000000000e+02,1.000000000000000000e+02,1.000000000000000000e+02,1.000000000000000000e+02,1.000000000000000000e+02,1.000000000000000000e+02,1.000000000000000000e+02,1.000000000000000000e+02,1.000000000000000000e+02,1.000000000000000000e+02,1.000000000000000000e+02,1.000000000000000000e+02,-1.000000000000000000e+02,-1.000000000000000000e+02,-1.000000000000000000e+02,-1.000000000000000000e+02,-1.000000000000000000e+02,-1.000000000000000000e+02,-1.000000000000000000e+02,-1.000000000000000000e+02,-1.000000000000000142e+02,-1.000000000000000000e+02,-1.000000000000000000e+02,-1.000000000000000000e+02,-1.000000000000000000e+02,-1.000000000000000000e+02,1.000000000000000000e+02,1.000000000000000000e+02,1.000000000000000000e+02,-1.000000000000000000e+02,1.000000000000000000e+02,1.000000000000000000e+02,-1.000000000000000000e+02,-1.000000000000000000e+02,-1.000000000000000000e+02,1.000000000000000000e+02,1.000000000000000000e+02,-1.000000000000000000e+02,-1.000000000000000000e+02,-1.000000000000000000e+02,-1.000000000000000000e+02,-1.000000000000000000e+02,1.000000000000000000e+02,1.000000000000000000e+02,1.000000000000000000e+02,1.000000000000000000e+02,1.000000000000000000e+02,1.000000000000000000e+02,1.000000000000000000e+02,1.000000000000000000e+02,1.000000000000000000e+02,-1.000000000000000000e+02,1.000000000000000000e+02,1.000000000000000000e+02,1.000000000000000000e+02,1.000000000000000000e+02,-1.000000000000000000e+02,-1.000000000000000000e+02,1.000000000000000000e+02,1.000000000000000000e+02,1.000000000000000000e+02,1.000000000000000000e+02
1.000000000000000000e+02,-1.000000000000000142e+02,-1.000000000000000000e+02,-1.000000000000000000e+02,-1.000000000000000000e+02,-1.000000000000000000e+02,-1.000000000000000000e+02,1.000000000000000000e+02,1.000000000000000000e+02,1.000000000000000000e+02,1.000000000000000000e+02,1.000000000000000000e+02,1.000000000000000000e+02,1.000000000000000000e+02,-1.000000000000000000e+02,-1.000000000000000000e+02,-1.000000000000000000e+02,-1.000000000000000000e+02,1.000000000000000000e+02,1.000000000000000000e+02,1.000000000000000000e+02,1.000000000000000000e+02,1.000000000000000000e+02,1.000000000000000000e+02,1.000000000000000000e+02,-1.000000000000000000e+02,-1.000000000000000000e+02,-1.000000000000000000e+02,-1.000000000000000000e+02,1.000000000000000000e+02,1.000000000000000000e+02,-1.000000000000000000e+02,1.000000000000000000e+02,1.000000000000000000e+02,1.000000000000000000e+02,-1.000000000000000000e+02,-1.000000000000000000e+02,1.000000000000000000e+02,1.000000000000000000e+02,-1.000000000000000000e+02,-1.000000000000000000e+02,-1.000000000000000142e+02,-1.000000000000000000e+02,1.000000000000000000e+02,1.000000000000000000e+02,1.000000000000000000e+02,1.000000000000000000e+02,1.000000000000000000e+02,1.000000000000000000e+02,1.000000000000000000e+02,1.000000000000000000e+02,1.000000000000000000e+02,1.000000000000000000e+02,1.000000000000000000e+02,1.000000000000000000e+02,-1.000000000000000000e+02,1.000000000000000000e+02,1.000000000000000000e+02,-1.000000000000000000e+02,9.999999999999998579e+01,1.000000000000000000e+02,1.000000000000000000e+02,-1.000000000000000000e+02,1.000000000000000000e+02
1.000000000000000000e+02,-1.000000000000000000e+02,-1.000000000000000000e+02,-1.000000000000000000e+02,-1.000000000000000000e+02,-1.000000000000000000e+02,-1.000000000000000000e+02,1.000000000000000000e+02,1.000000000000000000e+02,1.000000000000000000e+02,1.000000000000000000e+02,1.000000000000000000e+02,1.000000000000000000e+02,1.000000000000000000e+02,-1.000000000000000000e+02,-1.000000000000000000e+02,-1.000000000000000000e+02,1.000000000000000000e+02,-1.000000000000000000e+02,-1.000000000000000000e+02,-1.000000000000000000e+02,1.000000000000000000e+02,1.000000000000000000e+02,1.000000000000000000e+02,-1.000000000000000142e+02,-1.000000000000000000e+02,-1.000000000000000000e+02,-1.000000000000000000e+02,-1.000000000000000000e+02,1.000000000000000000e+02,-1.000000000000000000e+02,-1.000000000000000000e+02,-1.000000000000000000e+02,1.000000000000000000e+02,-1.000000000000000000e+02,-1.000000000000000000e+02,-1.000000000000000000e+02,-1.000000000000000000e+02,1.000000000000000000e+02,-1.000000000000000000e+02,-1.000000000000000142e+02,-1.000000000000000000e+02,-1.000000000000000000e+02,9.999999999999998579e+01,1.000000000000000000e+02,1.000000000000000000e+02,1.000000000000000000e+02,1.000000000000000000e+02,1.000000000000000000e+02,1.000000000000000000e+02,1.000000000000000000e+02,1.000000000000000000e+02,1.000000000000000000e+02,1.000000000000000000e+02,1.000000000000000000e+02,1.000000000000000000e+02,1.000000000000000000e+02,1.000000000000000000e+02,1.000000000000000000e+02,1.000000000000000000e+02,1.000000000000000142e+02,1.000000000000000000e+02,-1.000000000000000142e+02,1.000000000000000000e+02
1.000000000000000000e+02,1.000000000000000000e+02,1.000000000000000000e+02,1.000000000000000000e+02,1.000000000000000000e+02,-1.000000000000000000e+02,-1.000000000000000000e+02,-1.000000000000000000e+02,1.000000000000000000e+02,1.000000000000000000e+02,1.000000000000000000e+02,1.000000000000000000e+02,1.000000000000000000e+02,1.000000000000000000e+02,1.000000000000000000e+02,1.000000000000000000e+02,1.000000000000000000e+02,1.000000000000000000e+02,-1.000000000000000000e+02,-1.000000000000000000e+02,-1.000000000000000000e+02,-1.000000000000000000e+02,-9.999999999999998579e+01,-1.000000000000000000e+02,-1.000000000000000142e+02,-1.000000000000000000e+02,-1.000000000000000000e+02,-1.000000000000000000e+02,-1.000000000000000000e+02,-1.000000000000000000e+02,-1.000000000000000000e+02,-1.000000000000000000e+02,-1.000000000000000000e+02,1.000000000000000000e+02,-1.000000000000000000e+02,-1.000000000000000000e+02,-1.000000000000000000e+02,1.000000000000000000e+02,1.000000000000000000e+02,1.000000000000000000e+02,-1.000000000000000000e+02,-1.000000000000000000e+02,1.000000000000000000e+02,1.000000000000000000e+02,1.000000000000000000e+02,1.000000000000000000e+02,-1.000000000000000000e+02,-1.000000000000000000e+02,-1.000000000000000000e+02,1.000000000000000000e+02,1.000000000000000000e+02,1.000000000000000000e+02,-1.000000000000000000e+02,1.000000000000000000e+02,1.000000000000000000e+02,1.000000000000000000e+02,1.000000000000000000e+02,1.000000000000000000e+02,1.000000000000000000e+02,1.000000000000000000e+02,1.000000000000000000e+02,1.000000000000000000e+02,1.000000000000000000e+02,1.000000000000000000e+02
1.000000000000000000e+02,1.000000000000000142e+02,1.000000000000000000e+02,1.000000000000000000e+02,1.000000000000000000e+02,1.000000000000000000e+02,1.000000000000000000e+02,1.000000000000000000e+02,1.000000000000000000e+02,1.000000000000000000e+02,1.000000000000000000e+02,1.000000000000000000e+02,1.000000000000000000e+02,1.000000000000000000e+02,1.000000000000000000e+02,-1.000000000000000000e+02,1.000000000000000000e+02,1.000000000000000000e+02,1.000000000000000000e+02,-1.000000000000000000e+02,-1.000000000000000000e+02,-1.000000000000000000e+02,1.000000000000000000e+02,1.000000000000000000e+02,1.000000000000000000e+02,-1.000000000000000000e+02,-1.000000000000000000e+02,-1.000000000000000000e+02,-1.000000000000000000e+02,-1.000000000000000000e+02,-1.000000000000000000e+02,-1.000000000000000000e+02,-1.000000000000000000e+02,1.000000000000000000e+02,1.000000000000000000e+02,-1.000000000000000000e+02,-1.000000000000000000e+02,1.000000000000000000e+02,1.000000000000000000e+02,1.000000000000000000e+02,1.000000000000000000e+02,1.000000000000000000e+02,1.000000000000000000e+02,1.000000000000000000e+02,1.000000000000000000e+02,1.000000000000000000e+02,-1.000000000000000000e+02,-1.000000000000000000e+02,1.000000000000000000e+02,1.000000000000000000e+02,1.000000000000000000e+02,1.000000000000000000e+02,1.000000000000000000e+02,1.000000000000000000e+02,1.000000000000000000e+02,1.000000000000000000e+02,-1.000000000000000000e+02,-1.000000000000000000e+02,1.000000000000000000e+02,1.000000000000000142e+02,9.999999999999998579e+01,1.000000000000000000e+02,1.000000000000000000e+02,1.000000000000000000e+02
1.000000000000000000e+02,1.000000000000000000e+02,1.000000000000000000e+02,1.000000000000000000e+02,1.000000000000000000e+02,1.000000000000000000e+02,1.000000000000000000e+02,1.000000000000000000e+02,1.000000000000000000e+02,1.000000000000000000e+02,1.000000000000000000e+02,1.000000000000000000e+02,1.000000000000000000e+02,1.000000000000000000e+02,1.000000000000000000e+02,-1.000000000000000000e+02,1.000000000000000000e+02,1.000000000000000000e+02,1.000000000000000000e+02,-1.000000000000000000e+02,-1.000000000000000000e+02,9.999999999999998579e+01,1.000000000000000000e+02,1.000000000000000000e+02,1.000000000000000000e+02,-1.000000000000000000e+02,-1.000000000000000000e+02,-1.000000000000000000e+02,-1.000000000000000000e+02,-1.000000000000000000e+02,-1.000000000000000000e+02,-1.000000000000000000e+02,-1.000000000000000000e+02,-1.000000000000000000e+02,1.000000000000000000e+02,-1.000000000000000000e+02,-1.000000000000000000e+02,1.000000000000000000e+02,1.000000000000000000e+02,1.000000000000000000e+02,1.000000000000000000e+02,1.000000000000000000e+02,1.000000000000000000e+02,1.000000000000000000e+02,9.999999999999998579e+01,1.000000000000000000e+02,1.000000000000000000e+02,-1.000000000000000000e+02,-1.000000000000000000e+02,1.000000000000000000e+02,1.000000000000000000e+02,1.000000000000000000e+02,-1.000000000000000000e+02,1.000000000000000000e+02,1.000000000000000000e+02,-1.000000000000000000e+02,-1.000000000000000000e+02,1.000000000000000000e+02,1.000000000000000000e+02,1.000000000000000000e+02,1.000000000000000000e+02,1.000000000000000000e+02,1.000000000000000000e+02,1.000000000000000000e+02
1.000000000000000000e+02,1.000000000000000000e+02,1.000000000000000000e+02,1.000000000000000000e+02,1.000000000000000000e+02,-1.000000000000000000e+02,-1.000000000000000000e+02,1.000000000000000000e+02,1.000000000000000000e+02,1.000000000000000000e+02,1.000000000000000000e+02,1.000000000000000000e+02,1.000000000000000000e+02,-1.000000000000000000e+02,-1.000000000000000000e+02,-1.000000000000000000e+02,1.000000000000000000e+02,1.000000000000000000e+02,1.000000000000000000e+02,-1.000000000000000000e+02,-1.000000000000000000e+02,-1.000000000000000000e+02,-1.000000000000000000e+02,-1.000000000000000000e+02,1.000000000000000000e+02,-1.000000000000000000e+02,-1.000000000000000000e+02,-1.000000000000000000e+02,-1.000000000000000000e+02,-1.000000000000000000e+02,-1.000000000000000000e+02,-1.000000000000000000e+02,-1.000000000000000000e+02,-1.000000000000000000e+02,-1.000000000000000000e+02,-1.000000000000000000e+02,-1.000000000000000000e+02,1.000000000000000000e+02,1.000000000000000000e+02,1.000000000000000000e+02,1.000000000000000000e+02,1.000000000000000000e+02,-1.000000000000000000e+02,1.000000000000000000e+02,1.000000000000000000e+02,1.000000000000000000e+02,1.000000000000000000e+02,-1.000000000000000000e+02,1.000000000000000000e+02,1.000000000000000000e+02,1.000000000000000000e+02,-1.000000000000000000e+02,-1.000000000000000000e+02,1.000000000000000000e+02,1.000000000000000000e+02,1.000000000000000000e+02,1.000000000000000000e+02,1.000000000000000000e+02,1.000000000000000000e+02,1.000000000000000000e+02,1.000000000000000000e+02,1.000000000000000000e+02,1.000000000000000000e+02,-1.000000000000000000e+02
1.000000000000000000e+02,1.000000000000000000e+02,-1.000000000000000000e+02,-1.000000000000000142e+02,1.000000000000000000e+02,1.000000000000000000e+02,-1.000000000000000000e+02,-1.000000000000000000e+02,-1.000000000000000000e+02,-1.000000000000000000e+02,1.000000000000000000e+02,1.000000000000000000e+02,1.000000000000000000e+02,-1.000000000000000000e+02,-1.000000000000000000e+02,-1.000000000000000000e+02,-1.000000000000000000e+02,1.000000000000000000e+02,1.000000000000000000e+02,-1.000000000000000142e+02,-1.000000000000000000e+02,-1.000000000000000142e+02,-1.000000000000000000e+02,-1.000000000000000000e+02,1.000000000000000000e+02,-1.000000000000000000e+02,-1.000000000000000000e+02,-1.000000000000000000e+02,-1.000000000000000000e+02,-1.000000000000000000e+02,-1.000000000000000000e+02,1.000000000000000000e+02,1.000000000000000000e+02,-1.000000000000000000e+02,-1.000000000000000000e+02,-1.000000000000000000e+02,-1.000000000000000000e+02,-1.000000000000000000e+02,-1.000000000000000000e+02,-1.000000000000000000e+02,1.000000000000000000e+02,-1.000000000000000000e+02,-1.000000000000000000e+02,-1.000000000000000000e+02,-1.000000000000000000e+02,1.000000000000000000e+02,1.000000000000000000e+02,1.000000000000000000e+02,1.000000000000000000e+02,1.000000000000000000e+02,1.000000000000000000e+02,1.000000000000000000e+02,1.000000000000000000e+02,1.000000000000000000e+02,1.000000000000000000e+02,1.000000000000000000e+02,1.000000000000000000e+02,1.000000000000000000e+02,-1.000000000000000000e+02,-1.000000000000000000e+02,-1.000000000000000000e+02,-1.000000000000000000e+02,-1.000000000000000000e+02,-1.000000000000000000e+02
1.000000000000000000e+02,1.000000000000000000e+02,1.000000000000000000e+02,9.999999999999998579e+01,1.000000000000000000e+02,1.000000000000000000e+02,-1.000000000000000142e+02,-1.000000000000000000e+02,-1.000000000000000000e+02,-1.000000000000000000e+02,1.000000000000000000e+02,1.000000000000000000e+02,-1.000000000000000000e+02,-1.000000000000000000e+02,-1.000000000000000000e+02,-1.000000000000000000e+02,-1.000000000000000000e+02,1.000000000000000000e+02,-9.999999999999998579e+01,-1.000000000000000000e+02,-9.999999999999998579e+01,-1.000000000000000000e+02,-1.000000000000000000e+02,-1.000000000000000000e+02,-1.000000000000000000e+02,-1.000000000000000000e+02,-1.000000000000000000e+02,-1.000000000000000000e+02,-1.000000000000000142e+02,-1.000000000000000000e+02,-1.000000000000000000e+02,1.000000000000000000e+02,-1.000000000000000000e+02,-1.000000000000000000e+02,-1.000000000000000000e+02,1.000000000000000000e+02,-1.000000000000000000e+02,-1.000000000000000000e+02,-1.000000000000000000e+02,-1.000000000000000000e+02,-1.000000000000000000e+02,-1.000000000000000000e+02,-1.000000000000000000e+02,-1.000000000000000000e+02,-1.000000000000000000e+02,1.000000000000000142e+02,1.000000000000000000e+02,1.000000000000000000e+02,1.000000000000000000e+02,1.000000000000000000e+02,1.000000000000000000e+02,1.000000000000000000e+02,1.000000000000000000e+02,1.000000000000000000e+02,1.000000000000000000e+02,-1.000000000000000000e+02,-1.000000000000000000e+02,-1.000000000000000000e+02,-1.000000000000000000e+02,-1.000000000000000000e+02,1.000000000000000000e+02,1.000000000000000000e+02,-1.000000000000000000e+02,1.000000000000000000e+02
1.000000000000000000e+02,1.000000000000000000e+02,1.000000000000000000e+02,9.999999999999998579e+01,1.000000000000000000e+02,1.000000000000000000e+02,-1.000000000000000000e+02,-1.000000000000000000e+02,-1.000000000000000000e+02,1.000000000000000000e+02,1.000000000000000000e+02,1.000000000000000000e+02,1.000000000000000000e+02,1.000000000000000000e+02,-1.000000000000000000e+02,-1.000000000000000000e+02,1.000000000000000000e+02,1.000000000000000000e+02,-1.000000000000000000e+02,-1.000000000000000000e+02,-1.000000000000000000e+02,-1.000000000000000000e+02,-1.000000000000000142e+02,-1.000000000000000000e+02,-1.000000000000000000e+02,-1.000000000000000142e+02,-1.000000000000000000e+02,1.000000000000000142e+02,1.000000000000000000e+02,-1.000000000000000000e+02,-1.000000000000000000e+02,1.000000000000000000e+02,-1.000000000000000000e+02,-1.000000000000000000e+02,-1.000000000000000000e+02,1.000000000000000000e+02,1.000000000000000000e+02,-1.000000000000000000e+02,-1.000000000000000000e+02,-1.000000000000000000e+02,-1.000000000000000000e+02,-1.000000000000000000e+02,-1.000000000000000000e+02,-1.000000000000000000e+02,-1.000000000000000000e+02,1.000000000000000000e+02,1.000000000000000000e+02,-1.000000000000000000e+02,-1.000000000000000000e+02,1.000000000000000000e+02,1.000000000000000000e+02,1.000000000000000000e+02,1.000000000000000000e+02,1.000000000000000000e+02,9.999999999999998579e+01,-1.000000000000000000e+02,-1.000000000000000000e+02,-1.000000000000000000e+02,-1.000000000000000000e+02,-1.000000000000000000e+02,1.000000000000000142e+02,1.000000000000000000e+02,1.000000000000000000e+02,1.000000000000000000e+02
9.999999999999998579e+01,1.000000000000000142e+02,1.000000000000000000e+02,1.000000000000000000e+02,1.000000000000000000e+02,1.000000000000000000e+02,1.000000000000000000e+02,-1.000000000000000000e+02,9.999999999999998579e+01,1.000000000000000000e+02,1.000000000000000000e+02,1.000000000000000000e+02,1.000000000000000000e+02,9.999999999999998579e+01,-9.999999999999998579e+01,-1.000000000000000000e+02,1.000000000000000000e+02,1.000000000000000000e+02,1.000000000000000000e+02,-1.000000000000000000e+02,-1.000000000000000000e+02,-1.000000000000000000e+02,1.000000000000000000e+02,1.000000000000000000e+02,-1.000000000000000142e+02,9.999999999999998579e+01,1.000000000000000000e+02,1.000000000000000000e+02,9.999999999999998579e+01,-1.000000000000000000e+02,-1.000000000000000000e+02,1.000000000000000000e+02,-1.000000000000000000e+02,9.999999999999998579e+01,-1.000000000000000000e+02,1.000000000000000000e+02,1.000000000000000000e+02,1.000000000000000000e+02,-1.000000000000000000e+02,-1.000000000000000000e+02,-1.000000000000000000e+02,-1.000000000000000000e+02,-1.000000000000000000e+02,-1.000000000000000000e+02,-1.000000000000000000e+02,1.000000000000000142e+02,1.000000000000000000e+02,-1.000000000000000000e+02,-1.000000000000000000e+02,1.000000000000000000e+02,1.000000000000000000e+02,1.000000000000000000e+02,1.000000000000000000e+02,1.000000000000000142e+02,1.000000000000000000e+02,-1.000000000000000000e+02,1.000000000000000000e+02,1.000000000000000000e+02,1.000000000000000000e+02,1.000000000000000000e+02,1.000000000000000000e+02,9.999999999999998579e+01,1.000000000000000000e+02,1.000000000000000000e+02
-1.000000000000000000e+02,1.000000000000000000e+02,1.000000000000000000e+02,1.000000000000000000e+02,1.000000000000000000e+02,1.000000000000000000e+02,1.000000000000000142e+02,1.000000000000000000e+02,1.000000000000000000e+02,1.000000000000000000e+02,1.000000000000000000e+02,1.000000000000000000e+02,1.000000000000000000e+02,1.000000000000000000e+02,-1.000000000000000000e+02,-1.000000000000000000e+02,-1.000000000000000000e+02,1.000000000000000000e+02,1.000000000000000000e+02,-1.000000000000000000e+02,-1.000000000000000000e+02,-1.000000000000000000e+02,-9.999999999999998579e+01,-1.000000000000000000e+02,-1.000000000000000000e+02,9.999999999999998579e+01,1.000000000000000000e+02,1.000000000000000000e+02,1.000000000000000000e+02,-1.000000000000000000e+02,-1.000000000000000000e+02,1.000000000000000000e+02,-1.000000000000000000e+02,1.000000000000000000e+02,1.000000000000000000e+02,1.000000000000000000e+02,1.000000000000000000e+02,1.000000000000000000e+02,-1.000000000000000000e+02,-1.000000000000000000e+02,-1.000000000000000000e+02,-1.000000000000000000e+02,-1.000000000000000000e+02,-1.000000000000000000e+02,-1.000000000000000000e+02,1.000000000000000000e+02,1.000000000000000000e+02,-1.000000000000000000e+02,1.000000000000000142e+02,1.000000000000000000e+02,1.000000000000000000e+02,-1.000000000000000000e+02,1.000000000000000000e+02,1.000000000000000000e+02,1.000000000000000000e+02,1.000000000000000000e+02,1.000000000000000000e+02,-9.999999999999998579e+01,1.000000000000000000e+02,1.000000000000000000e+02,1.000000000000000000e+02,1.000000000000000000e+02,1.000000000000000000e+02,1.000000000000000000e+02
-1.000000000000000000e+02,1.000000000000000000e+02,1.000000000000000000e+02,1.000000000000000000e+02,1.000000000000000000e+02,1.000000000000000000e+02,1.000000000000000000e+02,1.000000000000000000e+02,1.000000000000000000e+02,1.000000000000000000e+02,1.000000000000000000e+02,9.999999999999998579e+01,1.000000000000000000e+02,1.000000000000000000e+02,-1.000000000000000000e+02,-1.000000000000000000e+02,-1.000000000000000000e+02,1.000000000000000000e+02,1.000000000000000142e+02,-1.000000000000000000e+02,-1.000000000000000000e+02,-1.000000000000000000e+02,-1.000000000000000142e+02,-1.000000000000000000e+02,-1.000000000000000000e+02,1.000000000000000000e+02,1.000000000000000000e+02,1.000000000000000000e+02,1.000000000000000000e+02,-1.000000000000000000e+02,-1.000000000000000142e+02,-1.000000000000000142e+02,-1.000000000000000000e+02,9.999999999999998579e+01,1.000000000000000000e+02,1.000000000000000000e+02,-1.000000000000000000e+02,1.000000000000000000e+02,-1.000000000000000000e+02,-1.000000000000000000e+02,-1.000000000000000000e+02,-1.000000000000000000e+02,-1.000000000000000000e+02,-1.000000000000000000e+02,-1.000000000000000000e+02,1.000000000000000000e+02,1.000000000000000000e+02,-1.000000000000000142e+02,1.000000000000000000e+02,1.000000000000000000e+02,-1.000000000000000000e+02,-1.000000000000000000e+02,1.000000000000000000e+02,1.000000000000000000e+02,1.000000000000000000e+02,1.000000000000000000e+02,-1.000000000000000000e+02,-1.000000000000000000e+02,1.000000000000000000e+02,1.000000000000000000e+02,-1.000000000000000000e+02,-1.000000000000000000e+02,1.000000000000000000e+02,1.000000000000000000e+02
-1.000000000000000000e+02,-1.000000000000000000e+02,-1.000000000000000000e+02,-1.000000000000000000e+02,1.000000000000000000e+02,1.000000000000000000e+02,1.000000000000000000e+02,1.000000000000000000e+02,1.000000000000000000e+02,1.000000000000000000e+02,1.000000000000000000e+02,1.000000000000000000e+02,1.000000000000000000e+02,1.000000000000000000e+02,-1.000000000000000000e+02,-1.000000000000000000e+02,-1.000000000000000000e+02,1.000000000000000000e+02,1.000000000000000000e+02,1.000000000000000000e+02,-1.000000000000000000e+02,-1.000000000000000000e+02,-1.000000000000000000e+02,-1.000000000000000142e+02,-1.000000000000000000e+02,9.999999999999998579e+01,1.000000000000000000e+02,1.000000000000000142e+02,1.000000000000000000e+02,-1.000000000000000000e+02,-1.000000000000000000e+02,-1.000000000000000000e+02,-1.000000000000000000e+02,1.000000000000000000e+02,1.000000000000000000e+02,-9.999999999999998579e+01,-1.000000000000000142e+02,-1.000000000000000000e+02,1.000000000000000000e+02,1.000000000000000142e+02,-1.000000000000000000e+02,-1.000000000000000000e+02,-1.000000000000000000e+02,-1.000000000000000000e+02,-1.000000000000000142e+02,1.000000000000000000e+02,1.000000000000000000e+02,-9.999999999999998579e+01,1.000000000000000000e+02,-1.000000000000000000e+02,-1.000000000000000142e+02,-1.000000000000000000e+02,1.000000000000000000e+02,1.000000000000000000e+02,1.000000000000000142e+02,1.000000000000000000e+02,-1.000000000000000000e+02,1.000000000000000000e+02,1.000000000000000000e+02,1.000000000000000000e+02,-1.000000000000000000e+02,-1.000000000000000000e+02,-1.000000000000000000e+02,1.000000000000000000e+02
-1.000000000000000000e+02,-1.000000000000000000e+02,-1.000000000000000000e+02,-1.000000000000000000e+02,-1.000000000000000000e+02,1.000000000000000000e+02,1.000000000000000000e+02,1.000000000000000000e+02,1.000000000000000000e+02,1.000000000000000000e+02,1.000000000000000000e+02,1.000000000000000000e+02,1.000000000000000000e+02,1.000000000000000000e+02,1.000000000000000000e+02,1.000000000000000000e+02,-1.000000000000000000e+02,-1.000000000000000000e+02,1.000000000000000000e+02,1.000000000000000000e+02,1.000000000000000000e+02,-1.000000000000000000e+02,-1.000000000000000000e+02,-1.000000000000000000e+02,-1.000000000000000000e+02,1.000000000000000142e+02,1.000000000000000000e+02,1.000000000000000000e+02,1.000000000000000000e+02,-1.000000000000000000e+02,1.000000000000000000e+02,-1.000000000000000000e+02,1.000000000000000000e+02,1.000000000000000000e+02,-1.000000000000000000e+02,-1.000000000000000000e+02,1.000000000000000000e+02,1.000000000000000000e+02,9.999999999999998579e+01,-1.000000000000000000e+02,-1.000000000000000000e+02,-1.000000000000000000e+02,-1.000000000000000000e+02,-9.999999999999998579e+01,1.000000000000000142e+02,1.000000000000000000e+02,1.000000000000000000e+02,-1.000000000000000000e+02,-1.000000000000000000e+02,-1.000000000000000000e+02,-1.000000000000000000e+02,-1.000000000000000000e+02,-1.000000000000000000e+02,1.000000000000000000e+02,1.000000000000000000e+02,1.000000000000000000e+02,1.000000000000000000e+02,1.000000000000000000e+02,1.000000000000000000e+02,-1.000000000000000000e+02,-1.000000000000000142e+02,-1.000000000000000000e+02,-1.000000000000000000e+02,-1.000000000000000000e+02
