1.622436783475059509e-45,4.816728676477222113e-45,2.322821367008106415e-44,1.088835583980712036e-43,4.961210893115187846e-43,2.197291690930565676e-42,9.459274672468804338e-42,3.958158625634451183e-41,1.609861746680927062e-40,6.364120777053568930e-40,2.445325657720431772e-39,9.132233971110442744e-39,3.314763008336587291e-38,1.169379945174555676e-37,4.009391917782574303e-37,1.336018519829691600e-36,4.326615018023143886e-36,1.361682325597921055e-35,4.164705214673529231e-35,1.237832552718079060e-34,3.575163880122367314e-34,1.003396510631617012e-33,2.736382071199310389e-33,7.250901236651799673e-33,1.866811314675312874e-32,4.669629583022365608e-32,1.134792640999834148e-31,2.679038979707652304e-31,6.143897527108679208e-31,1.368618935975634206e-30,2.961167086253060016e-30,6.222281588249023303e-30,1.269706384493310102e-29,2.515820503165084296e-29,4.839818327303668626e-29,9.038482148928116828e-29,1.638383165325706349e-28,2.882150196288109906e-28,4.919443524099288685e-28,8.145504395957305304e-28,1.308011741638111814e-27,2.036419117119491196e-27,3.072780010455749606e-27,4.491819544939082650e-27,6.357997726001363162e-27,8.708806151185023818e-27,1.153472809310167512e-26,1.475886659379709558e-26,1.822078524569679116e-26,2.167002333742849485e-26,2.477447101995357798e-26,2.714692947693504188e-26,2.838974153739800790e-26,2.815290458918234869e-26,2.619662953895079207e-26,2.244622720244011284e-26,1.702670193952228439e-26,1.026714672751216241e-26,2.670690098641622533e-27,-5.146888595096361129e-27,-1.253957838636657677e-26,-1.891928930998529457e-26,-2.383305213226563242e-26,-2.701521760284438852e-26,-2.840650037370007233e-26,-2.813917737715587585e-26,-2.649475504849129490e-26,-2.384522908152157264e-26,-2.059073197301633746e-26,-1.710493424969637744e-26,-1.369590033277568747e-26,-1.058550474438288599e-26,-7.906277190723178019e-27,-5.711576715364907297e-27,-3.993661862632942792e-27,-2.704383687515176255e-27,-1.774408232502390566e-27,-1.128493880285745016e-27,-6.959057075169269116e-28,-4.162272217917349528e-28,-2.415156048367782993e-28,-1.359833850084012815e-28,-7.430735172958605899e-29,-3.941416960230919296e-29,-2.029591465184230580e-29,-1.014739120351332466e-29,-4.926489083565031509e-30,-2.322740029180635540e-30,-1.063608415532741411e-30,-4.730589155040218025e-31,-2.043769121848050337e-31,-8.577474227516164422e-32,-3.497222242278392572e-32,-1.385307502221271412e-32,-5.331496866405655712e-33,-1.993660473304776005e-33,-7.243854696361944507e-34,-2.557529902007525269e-34,-8.774428243016973842e-35,-2.925347958951459773e-35,-9.477837352962429828e-36,-2.984182946038142072e-36,-9.131385808721396244e-37,-2.715518633608921740e-37,-7.848430135349301304e-38,-2.204627039944843956e-38,-6.018906443615919411e-39,-1.597119601798756577e-39,-4.119091303969874675e-40,-1.032561222474293786e-40,-2.515860006709875976e-41,-5.958251875797900002e-42,-1.371570283008913692e-42,-3.068943234048718375e-43,-6.674760246632821399e-44,-1.411115855016596966e-44,-2.899838083669521447e-45,-5.792586754209202798e-46,-1.124766770547587829e-46,-2.122984088038932294e-47,-3.895187171552126151e-48,-6.947204243172965592e-49,-1.204466115279972045e-49,-2.029945456859558076e-50,-3.325689824137747534e-51,-5.296498966769015251e-52,-8.199887146644778846e-53,-2.152150539700528907e-53
9.598403300279958326e-45,2.849596661993003991e-44,1.374190754434042659e-43,6.441596473397009321e-43,2.935072940584180567e-42,1.299926877442464533e-41,5.596146127802169888e-41,2.341663059065170703e-40,9.524008861066461466e-40,3.765040246376422472e-39,1.446664800895980596e-38,5.402667492504023348e-38,1.961027543440976395e-37,6.918100254731423172e-37,2.371972887185893806e-36,7.903940973590089403e-36,2.559643388945134441e-35,8.055769112900328421e-35,2.463856877775809032e-34,7.323068719975061130e-34,2.115081779180775059e-33,5.936135371947924464e-33,1.618854982242804674e-32,4.289663244124254316e-32,1.104413316209470883e-31,2.762572228223632040e-31,6.713480328753571371e-31,1.584930571490543775e-30,3.634755258351077866e-30,8.096806387585135100e-30,1.751838729426099740e-29,3.681127594013136440e-29,7.511635630698504576e-29,1.488369843832655924e-28,2.863256595184316665e-28,5.347203525672904290e-28,9.692742756671480732e-28,1.705092009606751560e-27,2.910363191847644819e-27,4.818914183462959120e-27,7.738251712250488562e-27,1.204753995569963610e-26,1.817869398289922725e-26,2.657379072240895991e-26,3.761417823979053019e-26,5.152165838103817251e-26,6.823992979222184547e-26,8.731406688084847628e-26,1.077949212057399669e-25,1.282007568107574863e-25,1.465667980550106348e-25,1.606023606822967484e-25,1.679548883766099326e-25,1.665537511683397093e-25,1.549803468362578000e-25,1.327928110685889322e-25,1.007306748427745359e-25,6.074086586148692855e-26,1.579991338826780636e-26,-3.044920639159392894e-26,-7.418466580252433390e-26,-1.119273002199545924e-25,-1.409973248708697493e-25,-1.598231477725272895e-25,-1.680540343472292973e-25,-1.664725404126631357e-25,-1.567440697152211188e-25,-1.410693642077001471e-25,-1.218156243361643863e-25,-1.011935004343895821e-25,-8.102551439499025565e-26,-6.262428509293880508e-26,-4.677386376671194723e-26,-3.378992473108144733e-26,-2.362666921320271723e-26,-1.599924605744597960e-26,-1.049747269561736473e-26,-6.676216599133104762e-27,-4.117007027791380301e-27,-2.462417506804223354e-27,-1.428816334876972885e-27,-8.044833455095991685e-28,-4.396053746689965304e-28,-2.331758620377794916e-28,-1.200714728367940702e-28,-6.003238721475232139e-29,-2.914531374048492333e-29,-1.374142634637973987e-29,-6.292351498582598713e-30,-2.798636163854195707e-30,-1.209102288850920624e-30,-5.074469327372817175e-31,-2.068971182975732813e-31,-8.195536637638988160e-32,-3.154135658113675384e-32,-1.179457804551193103e-32,-4.285494481663827497e-33,-1.513045297174171346e-33,-5.190988139793798005e-34,-1.730647985157569032e-34,-5.607127886569394898e-35,-1.765455007531388890e-35,-5.402165716116979989e-36,-1.606512086034923985e-36,-4.643163818796098618e-37,-1.304266500342093112e-37,-3.560810014966435649e-38,-9.448625803473325730e-39,-2.436871499023554822e-39,-6.108675016791918438e-40,-1.488393214293592674e-40,-3.524926521085424390e-41,-8.114266679038723141e-42,-1.815599545454793331e-42,-3.948815844931355708e-43,-8.348219923156497390e-44,-1.715556237140650842e-44,-3.426918348070976079e-45,-6.654166863343383350e-46,-1.255966191387074859e-46,-2.304408885661135208e-47,-4.109994843223684140e-48,-7.125671492245344029e-49,-1.200924151311209515e-49,-1.967491892986990760e-50,-3.133430755537753773e-51,-4.851087244317565074e-52,-1.273221185155495182e-52
5.520466009692295633e-44,1.638928999097869119e-43,7.903578452955207400e-43,3.704846865364147071e-42,1.688090185165538853e-41,7.476454070019631286e-41,3.218591000745094607e-40,1.346793932210009492e-39,5.477678479293768278e-39,2.165441069207695772e-38,8.320408729368294791e-38,3.107312885380438806e-37,1.127873622201384837e-36,3.978905252582501956e-36,1.364226454126983269e-35,4.545905826445780242e-35,1.472164055160436116e-34,4.633228900519214599e-34,1.417072998600866883e-33,4.211820517490108223e-33,1.216477022730084156e-32,3.414133843366991965e-32,9.310750574350135650e-32,2.467174944766494388e-31,6.351969157837127971e-31,1.588877400555144005e-30,3.861219288477034784e-30,9.115636292737028638e-30,2.090508413695490025e-29,4.656831251133305293e-29,1.007559888630374342e-28,2.117179193699587856e-28,4.320273682942192899e-28,8.560272865893955277e-28,1.646785430476920404e-27,3.075413106419855999e-27,5.574724801086071492e-27,9.806737837487637751e-27,1.673878516438891950e-26,2.771570554099962903e-26,4.450610608399502571e-26,6.929072757748258563e-26,1.045537045002763790e-25,1.528376166767850320e-25,2.163357653967491482e-25,2.963238311180450155e-25,3.924779998677213213e-25,5.021817934756641988e-25,6.199762397110310902e-25,7.373392201283984962e-25,8.429704415405586190e-25,9.236951662544929463e-25,9.659828030123632873e-25,9.579242435924378579e-25,8.913604795653309715e-25,7.637501539597392970e-25,5.793466363167865388e-25,3.493475684417676733e-25,9.087228582432175378e-26,-1.751268452139331612e-25,-4.266688043742444088e-25,-6.437433780292121061e-25,-8.109379394221630342e-25,-9.192135683802180003e-25,-9.665530353142149976e-25,-9.574571646395037407e-25,-9.015044294486917254e-25,-8.113522694913341472e-25,-7.006155008902771416e-25,-5.820085508738118520e-25,-4.660135484433528653e-25,-3.601799449568617980e-25,-2.690171656556491817e-25,-1.943407930593599367e-25,-1.358874181812391871e-25,-9.201873611443314501e-26,-6.037560559904723927e-26,-3.839787270428976416e-26,-2.367872722947988365e-26,-1.416245152731569860e-26,-8.217754311856892119e-27,-4.626939320334486292e-27,-2.528364825499203173e-27,-1.341097451721724239e-27,-6.905841146619595616e-28,-3.452727945803924460e-28,-1.676275822265910688e-28,-7.903301694737943269e-29,-3.619009483374079189e-29,-1.609619364045931913e-29,-6.954081714453584347e-30,-2.918551613492963455e-30,-1.189956780657201093e-30,-4.713615382045364972e-31,-1.814082837097229947e-31,-6.783583181695913577e-32,-2.464777305206527385e-32,-8.702192305184181721e-33,-2.985566732918194641e-33,-9.953721549214656810e-34,-3.224907095631348466e-34,-1.015391212039834058e-34,-3.107024291600617085e-35,-9.239761122412044949e-36,-2.670488750806056443e-36,-7.501413159529314339e-37,-2.047979235673647753e-37,-5.434322350766021821e-38,-1.401552514464078436e-38,-3.513369019769552419e-39,-8.560407279745088990e-40,-2.027341052208910406e-40,-4.666873436533584080e-41,-1.044231552304517388e-41,-2.271138539244590468e-42,-4.801430288502058868e-43,-9.866922235466656169e-44,-1.970972219719601686e-44,-3.827105492726809755e-45,-7.223616732871630558e-46,-1.325367410364445912e-46,-2.363839705648291319e-47,-4.098288646407232602e-48,-6.907045630536122368e-49,-1.131591555364549170e-49,-1.802174532421046796e-50,-2.790074703521442531e-51,-7.322857829141507708e-52
3.086725593167803356e-43,9.163943909840825476e-43,4.419224363579895196e-42,2.071536282989387230e-41,9.438824854600222342e-41,4.180401089972460718e-40,1.799650101729979604e-39,7.530493425694448445e-39,3.062801278641157088e-38,1.210789516154024258e-37,4.652291767663637515e-37,1.737429809810302507e-36,6.306417554959182944e-36,2.224773896691561850e-35,7.627966014892855307e-35,2.541807853537205524e-34,8.231490708261391570e-34,2.590633870605931926e-33,7.923453354279821558e-33,2.355006653847806416e-32,6.801836571349319145e-32,1.908986359904942373e-31,5.206033700595289922e-31,1.379501663711486786e-30,3.551654105302898392e-30,8.884084293044793313e-30,2.158970706032799874e-29,5.096937068972116518e-29,1.168891505165924775e-28,2.603830941210369909e-28,5.633692679973751624e-28,1.183804264176473286e-27,2.415647397015768620e-27,4.786409932288994181e-27,9.207872534283283539e-27,1.719593296740377097e-26,3.117063973977621558e-26,5.483361117578502190e-26,9.359361415276110588e-26,1.549702098987756664e-25,2.488524274228210274e-25,3.874337090512353303e-25,5.846038993354814945e-25,8.545796354270264879e-25,1.209624590741605056e-24,1.656871633249291513e-24,2.194510182328903842e-24,2.807910403981784813e-24,3.466548879953427563e-24,4.122774848392875039e-24,4.713403599657826028e-24,5.164769613574861261e-24,5.401217642465780679e-24,5.356158834818235373e-24,4.983972730168153386e-24,4.270449528852199683e-24,3.239371615539572456e-24,1.953349732661724524e-24,5.081053118903765786e-25,-9.792081216033380263e-25,-2.385685404014839693e-24,-3.599440983616804143e-24,-4.534296357753872204e-24,-5.139711107947922137e-24,-5.404406051989692568e-24,-5.353547199214432605e-24,-5.040691836246834799e-24,-4.536613052080493488e-24,-3.917437031169581852e-24,-3.254255503558266040e-24,-2.605678477537142173e-24,-2.013918122658809665e-24,-1.504188539106770392e-24,-1.086641415198745010e-24,-7.598039200913599731e-25,-5.145155994379722925e-25,-3.375854985401372564e-25,-2.146987159986847713e-25,-1.323977599437305374e-25,-7.918824518548351859e-26,-4.594893349264162794e-26,-2.587117100809258786e-26,-1.413715509167441923e-26,-7.498641998508275635e-27,-3.861347316005034594e-27,-1.930565951832193703e-27,-9.372765764180635771e-28,-4.419069616377199746e-28,-2.023540979083143118e-28,-9.000061367167238514e-29,-3.888320653962510113e-29,-1.631885414117822492e-29,-6.653550702367038151e-30,-2.635581345952368026e-30,-1.014330295950267863e-30,-3.792987726681238232e-31,-1.378161042216861074e-31,-4.865763081942718889e-32,-1.669356396439946168e-32,-5.565545915740524494e-33,-1.803181697015605816e-33,-5.677480915158712372e-34,-1.737268444844982144e-34,-5.166340501188297704e-35,-1.493182995585413984e-35,-4.194356770568282322e-36,-1.145111646359444935e-36,-3.038559036897066535e-37,-7.836671775479643368e-38,-1.964472936256709740e-38,-4.786485088747503886e-39,-1.133571966740884717e-39,-2.609445950999775715e-40,-5.838739432563621207e-41,-1.269889433683315216e-41,-2.684682367269340899e-42,-5.517012755180345551e-43,-1.102053772878927341e-43,-2.139896242710783990e-44,-4.039029061213791731e-45,-7.410688696823465518e-46,-1.321722569210720894e-46,-2.291526191963527659e-47,-3.862020793810201880e-48,-6.327206088804571706e-49,-1.007671860095272603e-49,-1.560048550084251612e-50,-4.094518947613375503e-51
1.677899102870892484e-42,4.981386521404636380e-42,2.402226038961234934e-41,1.126056970689498999e-40,5.130807801880286020e-40,2.272405183677677568e-39,9.782636000614629183e-39,4.093466614303265422e-38,1.664894193730304721e-37,6.581675570439468982e-37,2.528918087352584152e-36,9.444415550363321886e-36,3.428076788301616639e-35,1.209354707011173022e-34,4.146451295005790107e-34,1.381689751288580547e-33,4.474518533572340952e-33,1.408230863468356620e-32,4.307073911659668619e-32,1.280147338167159364e-31,3.697379354420960599e-31,1.037697198535208358e-30,2.829924141970667548e-30,7.498770247260331214e-30,1.930627474688931609e-29,4.829258907278129378e-29,1.173585050383190052e-28,2.770620801002520135e-28,6.353924081273653089e-28,1.415404598955786050e-27,3.062393338267929894e-27,6.434987668592637253e-27,1.313110763482338813e-26,2.601822769453811533e-26,5.005265482237886421e-26,9.347458861551465739e-26,1.694390605081501098e-25,2.980675289137013653e-25,5.087612632912807629e-25,8.423955039489262102e-25,1.352725573158165766e-24,2.106033248559191357e-24,3.177821703364117356e-24,4.645370507791575137e-24,6.575343205461079584e-24,9.006513028416243969e-24,1.192903792394372015e-23,1.526339224390742011e-23,1.884365512958523157e-23,2.241080397547636254e-23,2.562137589696728349e-23,2.807493584895692102e-23,2.936023291724762549e-23,2.911529979751848952e-23,2.709215030708231506e-23,2.321354204331069057e-23,1.760875258756346618e-23,1.061812482224092812e-23,2.761986516947999536e-24,-5.322832818047604980e-24,-1.296823860206034381e-23,-1.956603726167032619e-23,-2.464777500036179942e-23,-2.793872145981974508e-23,-2.937756464732302571e-23,-2.910110332651910213e-23,-2.740046711184041174e-23,-2.466036821350933709e-23,-2.129461748948930750e-23,-1.768965923637301383e-23,-1.416408892810773423e-23,-1.094736577408773743e-23,-8.176549952811691247e-24,-5.906824564321356317e-24,-4.130183514533609832e-24,-2.796831906991953621e-24,-1.835065631996754650e-24,-1.167070969181983206e-24,-7.196949515804316969e-25,-4.304557743932197563e-25,-2.497717142587099158e-25,-1.406319198596079722e-25,-7.684751731080481147e-26,-4.076152642105917768e-26,-2.098972196212808546e-26,-1.049427550599963330e-26,-5.094899041867177369e-27,-2.402141920634298613e-27,-1.099967422093256806e-27,-4.892302356638868546e-28,-2.113634510109565560e-28,-8.870691578146668342e-29,-3.616773314452687124e-29,-1.432663656822916015e-29,-5.513751845505134229e-30,-2.061812918480755755e-30,-7.491482823952908642e-31,-2.644957986561749875e-31,-9.074378383870957314e-32,-3.025349749157249106e-32,-9.801833238537606084e-33,-3.086195985544276706e-33,-9.443538393899709048e-34,-2.808347496536919885e-34,-8.116725420167896849e-35,-2.279991288514376984e-35,-6.224660230136095803e-36,-1.651716463981934322e-36,-4.259900708594046805e-37,-1.067858893791869490e-37,-2.601863623410727367e-38,-6.161932211415368656e-39,-1.418456836546676037e-39,-3.173853768368536171e-40,-6.902934119698376907e-41,-1.459354257309097027e-41,-2.998967829512804420e-42,-5.990603897288205846e-43,-1.163216449764267135e-43,-2.195557406618988966e-44,-4.028342507535417753e-45,-7.184691499729021145e-46,-1.245640283091943388e-46,-2.099338288944683766e-47,-3.439377132707422386e-48,-5.477557557381993422e-49,-8.480196841647322599e-50,-2.225720901169444656e-50
8.867050812362469703e-42,2.632471006494836315e-41,1.269483982308850937e-40,5.950777588255976580e-40,2.711434400906271259e-39,1.200878658047468999e-38,5.169746520984404618e-38,2.163239518135041752e-37,8.798324874096937730e-37,3.478162162058393467e-36,1.336435852578441387e-35,4.991010033609976400e-35,1.811606610823142093e-34,6.390974057313717901e-34,2.191239882117729252e-33,7.301698421933915825e-33,2.364610787988354330e-32,7.441957982184947485e-32,2.276122751477883387e-31,6.765085859702152730e-31,1.953922649588144858e-30,5.483830208571284821e-30,1.495505964515464627e-29,3.962811393064239995e-29,1.020262296375247129e-28,2.552077418935535549e-28,6.201945192396656536e-28,1.464166431833912181e-27,3.357804267857889874e-27,7.479868412539785153e-27,1.618356985315789228e-26,3.400643253024474146e-26,6.939284872455254913e-26,1.374963170433523322e-25,2.645090118019036457e-25,4.939772156146311136e-25,8.954202052758016470e-25,1.575172142276621124e-24,2.688607417005527820e-24,4.451735938615389917e-24,7.148633890949012881e-24,1.112957495212168986e-23,1.679356432585599418e-23,2.454899479018784493e-23,3.474815750946437000e-23,4.759595408837780085e-23,6.304037306726377849e-23,8.066115201097443470e-23,9.958146305625948429e-23,1.184324714498261062e-22,1.353991080705261390e-22,1.483652278617823970e-22,1.551575280626801111e-22,1.538631508176153751e-22,1.431715846191386269e-22,1.226746331056289995e-22,9.305547852614838875e-23,5.611270199127276095e-23,1.459603545107969991e-23,-2.812912229500224333e-23,-6.853214858661880934e-23,-1.033989745265202819e-22,-1.302540021422886645e-22,-1.476453872540883530e-22,-1.552491195838787907e-22,-1.537881279336491441e-22,-1.448009202385592411e-22,-1.303205524257218979e-22,-1.125338555733498220e-22,-9.348303901820944106e-23,-7.485175718936910691e-23,-5.785261367281630708e-23,-4.320991874740946706e-23,-3.121529385285031562e-23,-2.182642986404285851e-23,-1.478017992291803276e-23,-9.697615413879662990e-24,-6.167520780995458309e-24,-3.803310755781192424e-24,-2.274793053699641919e-24,-1.319947354422849630e-24,-7.431855569274867968e-25,-4.061095447473100542e-25,-2.154089750370402555e-25,-1.109226000878751692e-25,-5.545820603361372357e-26,-2.692458003630589721e-26,-1.269439529011394878e-26,-5.812904367703711854e-27,-2.585393454918384221e-27,-1.116974469313295972e-27,-4.687819001133071228e-28,-1.911325460582049402e-28,-7.571075889091466939e-29,-2.913805585639810413e-29,-1.089588753130263989e-29,-3.958960270392524046e-30,-1.397758472084479885e-30,-4.795459636560771811e-31,-1.598780874549999470e-31,-5.179891522184349342e-32,-1.630935768063064164e-32,-4.990546490187135933e-33,-1.484103538046909870e-33,-4.289376912323317440e-34,-1.204887622408867413e-34,-3.289493298844479976e-35,-8.728685645450679996e-36,-2.251193529699912495e-36,-5.643223156556179383e-37,-1.374984760176968878e-37,-3.256343955811595543e-38,-7.495998313177662219e-39,-1.677259531695301155e-39,-3.647934937746191194e-40,-7.712125437493119847e-41,-1.584839045651307295e-41,-3.165803537477580913e-42,-6.147151129759831733e-43,-1.160267566305963233e-43,-2.128823934812324415e-44,-3.796832866186241845e-45,-6.582729357923678674e-46,-1.109419466793961704e-46,-1.817578407808555241e-47,-2.894678297750082646e-48,-4.481457565896838931e-49,-1.176207811961938557e-49
4.555521376456030104e-41,1.352453955295718512e-40,6.522079934867963727e-40,3.057261662698469053e-39,1.393022058356241689e-38,6.169614354343984368e-38,2.656000431887551841e-37,1.111382361034762108e-36,4.520212851952113467e-36,1.786934846245192797e-35,6.866050757479578788e-35,2.564173069417535417e-34,9.307280194929806516e-34,3.283416273410471023e-33,1.125767781776215250e-32,3.751308518405988665e-32,1.214838531957063709e-31,3.823368038363422646e-31,1.169377064507046831e-30,3.475619334950267474e-30,1.003844072454213895e-29,2.817363548336923683e-29,7.683286736633015911e-29,2.035927434496945629e-28,5.241682718508232957e-28,1.311151078566315311e-27,3.186301116057761385e-27,7.522277271276362735e-27,1.725099973359250918e-26,3.842844838432098820e-26,8.314444111523880976e-26,1.747108859605865901e-25,3.565115531954948864e-25,7.063988069197317168e-25,1.358937129184857329e-24,2.537849182139862410e-24,4.600296053742501076e-24,8.092578375365361441e-24,1.381294504818946337e-23,2.287116501286471435e-23,3.672670337839096318e-23,5.717912040672184791e-23,8.627833864069401522e-23,1.261225100698516989e-22,1.785215599600788860e-22,2.445281874105452611e-22,3.238751792053479554e-22,4.144034020006484606e-22,5.116080794519389036e-22,6.084567087446857989e-22,6.956242207480982279e-22,7.622387435795414174e-22,7.971347528787683859e-22,7.904847817284223295e-22,7.355559678582762210e-22,6.302511683844665444e-22,4.780802891432441524e-22,2.882836907346437247e-22,7.498835059814810275e-23,-1.445157139927460843e-22,-3.520896343861613126e-22,-5.312208633139293100e-22,-6.691908095314506309e-22,-7.585405023656724289e-22,-7.976053119649157181e-22,-7.900993453991619268e-22,-7.439268156189845626e-22,-6.695327171681718476e-22,-5.781520772663966558e-22,-4.802769168637006660e-22,-3.845571511398792617e-22,-2.972226322453500919e-22,-2.219945647027400611e-22,-1.603711780029006315e-22,-1.121351054837050365e-22,-7.593440819448665404e-23,-4.982230873988526794e-23,-3.168615287327484687e-23,-1.953982650591128252e-23,-1.168693921173240479e-23,-6.781339721755444760e-24,-3.818177839396526846e-24,-2.086421687918879748e-24,-1.106681591463970522e-24,-5.698741177031347936e-25,-2.849211631152435363e-25,-1.383272775842063576e-25,-6.521851552341352187e-26,-2.986428144682449500e-26,-1.328267470172756625e-26,-5.738549580451253977e-27,-2.408406145462073270e-27,-9.819594110035559007e-28,-3.889703440905113800e-28,-1.496991943895511632e-28,-5.597853177417786735e-29,-2.033948888075461596e-29,-7.181100834367210109e-30,-2.463707420490557292e-30,-8.213870208262580371e-31,-2.661212510943879219e-31,-8.379068657957044580e-32,-2.563934920114418765e-32,-7.624705818783146935e-33,-2.203703196165548107e-33,-6.190210743416777610e-34,-1.690004642772767363e-34,-4.484435116890959768e-35,-1.156569468710991041e-35,-2.899253005966870338e-36,-7.064098988306651902e-37,-1.672973891060934812e-37,-3.851131709536284824e-38,-8.617060860697603733e-39,-1.874157027007679782e-39,-3.962168823869531236e-40,-8.142242898440094582e-41,-1.626457995315890030e-41,-3.158150208960539663e-42,-5.960971480332672511e-43,-1.093701067803487151e-43,-1.950654580734699584e-44,-3.381932159860462211e-45,-5.699735124321126459e-46,-9.337960800464361017e-47,-1.487165140068734535e-47,-2.302386235416673556e-48,-6.042865823072416739e-49
2.275320171020288493e-40,6.755024311299633349e-40,3.257545911101926789e-39,1.526992972786040342e-38,6.957647492195341042e-38,3.081501946276921183e-37,1.326577323979935662e-36,5.550957826359244802e-36,2.257684824509176553e-35,8.925101133262190833e-35,3.429347047844690717e-34,1.280712837170687606e-33,4.648653933292788948e-33,1.639949120940998063e-32,5.622807863439181676e-32,1.873644580785538744e-31,6.067684438010452720e-31,1.909635736511543634e-30,5.840620650256436456e-30,1.735947683281966295e-29,5.013842495435895754e-29,1.407172435576515919e-28,3.837527221789454986e-28,1.016873015322858075e-27,2.618033246677149312e-27,6.548731198442664870e-27,1.591443569506570711e-26,3.757108746278751360e-26,8.616258035132904481e-26,1.919363702292194073e-25,4.152767780992918601e-25,8.726184558751943233e-25,1.780647836227574434e-24,3.528209663280177921e-24,6.787405448612330547e-24,1.267564995957149423e-23,2.297683522646162826e-23,4.041953772447508207e-23,6.899072552215955629e-23,1.142332979874823666e-22,1.834367619122940927e-22,2.855892778705933215e-22,4.309294765816971367e-22,6.299368776201260686e-22,8.916514110513950275e-22,1.221330932774790614e-21,1.617640808244929458e-21,2.069796937809639670e-21,2.555299573063458015e-21,3.039023874971759771e-21,3.474394454822585680e-21,3.807110196789226348e-21,3.981403295833847794e-21,3.948189065793583239e-21,3.673839265099123380e-21,3.147879414298543631e-21,2.387840239048749718e-21,1.439874039214806044e-21,3.745400199180830474e-22,-7.218043598180643952e-22,-1.758561931607422116e-21,-2.653258421334356075e-21,-3.342369009741870138e-21,-3.788638803207920148e-21,-3.983753570351131966e-21,-3.946263949035044803e-21,-3.715648658985316051e-21,-3.344076716232870272e-21,-2.887663067767011198e-21,-2.398811609716451008e-21,-1.920725578022342214e-21,-1.484520858417537892e-21,-1.108783538006290600e-21,-8.009967378183139089e-22,-5.600747890355728876e-22,-3.792652396108729213e-22,-2.488446319855777627e-22,-1.582610129922870522e-22,-9.759445234284945291e-23,-5.837208593372916912e-23,-3.387036911997784306e-23,-1.907043417559407311e-23,-1.042093090883310686e-23,-5.527479161811650663e-24,-2.846317617240702467e-24,-1.423079415096529143e-24,-6.908953309193354308e-25,-3.257431842189424182e-25,-1.491614161228007522e-25,-6.634221459290687608e-26,-2.866200492501819602e-26,-1.202912823787965447e-26,-4.904536430290566090e-27,-1.942767900095683358e-27,-7.476939924821983191e-28,-2.795927665890477122e-28,-1.015884802073451232e-28,-3.586703305358590947e-29,-1.230533834898957455e-29,-4.102534709548881221e-30,-1.329180571254993028e-30,-4.185045433075155272e-31,-1.280593890102213922e-31,-3.808268146261986128e-32,-1.100671014099855127e-32,-3.091789106765180423e-33,-8.440969397470531943e-34,-2.239815124088324414e-34,-5.776651285064371763e-35,-1.448073293972675757e-35,-3.528265063412436695e-36,-8.355906877299317669e-37,-1.923502698341161557e-37,-4.303914035523112837e-38,-9.360744764032707986e-39,-1.978961769893332970e-39,-4.066759427343568858e-40,-8.123576596930578121e-41,-1.577383197167663726e-41,-2.977292284956686359e-42,-5.462646083719362379e-43,-9.742822714381691532e-44,-1.689154286515309028e-44,-2.846814058400945944e-45,-4.663977799621901667e-46,-7.427858550559832788e-47,-1.149959666526347278e-47,-3.018195583290661371e-48
1.104822426544935374e-39,3.280022937445996537e-39,1.581759711852493280e-38,7.414587639127888342e-38,3.378410248929802253e-37,1.496278414374524903e-36,6.441433591395470082e-36,2.695366908568639534e-35,1.096259268456873688e-34,4.333742572496080746e-34,1.665180828228435166e-33,6.218730368112010520e-33,2.257237106303668721e-32,7.963066430320588194e-32,2.730254979849749439e-31,9.097816556067385118e-31,2.946272761826575882e-30,9.272578053415248333e-30,2.836017876311149191e-29,8.429204628984825503e-29,2.434560947806163783e-28,6.832777578478659325e-28,1.863380016188454163e-27,4.937608898238176913e-27,1.271232893378764123e-26,3.179853624823943055e-26,7.727539045123256879e-26,1.824331386292542063e-25,4.183778279363760904e-25,9.319813932110709206e-25,2.016450711029760224e-24,4.237155070073565523e-24,8.646254220832527429e-24,1.713185340327974342e-23,3.295746178137894394e-23,6.154888672255840267e-23,1.115681352125460330e-22,1.962642986132102843e-22,3.349968138607402212e-22,5.546802207540227629e-22,8.907100239989922226e-22,1.386729845719771522e-21,2.092455189606300542e-21,3.058771238292697788e-21,4.329572989933384180e-21,5.930390904755811321e-21,7.854744425888322058e-21,1.005026942762399764e-20,1.240771435518572873e-20,1.475652426695054213e-20,1.687054402822791752e-20,1.848610485378207436e-20,1.933241618644227823e-20,1.917113854870032364e-20,1.783898399574636878e-20,1.528509181816220235e-20,1.159458559154992950e-20,6.991566066990144018e-21,1.818646091721367797e-21,-3.504850238053780545e-21,-8.539012158614015512e-21,-1.288337107298151176e-20,-1.622947085330725578e-20,-1.839641369673926773e-20,-1.934382836494895375e-20,-1.916179079977409462e-20,-1.804199698967106255e-20,-1.623776292777337581e-20,-1.402156478111798965e-20,-1.164785904518516746e-20,-9.326426763430040153e-21,-7.208356687305128883e-21,-5.383896888778810947e-21,-3.889383001136837738e-21,-2.719543365149552275e-21,-1.841590241531308245e-21,-1.208309642065472810e-21,-7.684646698455334466e-22,-4.738873281574310088e-22,-2.834361091031555399e-22,-1.644636384615980174e-22,-9.259990584840330219e-23,-5.060069488326727399e-23,-2.683966422840103582e-23,-1.382080454720072240e-23,-6.910016764137746352e-24,-3.354765916976796209e-24,-1.581704323650711232e-24,-7.242799488468153513e-25,-3.221364950851400108e-25,-1.391734940612851890e-25,-5.840958480596974186e-26,-2.381485431811519428e-26,-9.433457202793648336e-27,-3.630561982478384613e-27,-1.357612712099370415e-27,-4.932810451962093066e-28,-1.741587974999637190e-28,-5.975077242905377899e-29,-1.992059144254910285e-29,-6.454074124398164099e-30,-2.032123702616149820e-30,-6.218152799335119604e-31,-1.849172748466571510e-31,-5.344505077191759364e-32,-1.501273529241281998e-32,-4.098663744506448477e-33,-1.087582315634137458e-33,-2.804956406292030202e-34,-7.031379015747182184e-35,-1.713212240853594945e-35,-4.057360115619039722e-36,-9.339911568111488373e-37,-2.089842479722408876e-37,-4.545277133384299423e-38,-9.609203014592735566e-39,-1.974687815771202389e-39,-3.944547990369102375e-40,-7.659266391087926922e-41,-1.445677548458752629e-41,-2.652485561565920495e-42,-4.730801919570588241e-43,-8.201990917171822035e-44,-1.382321510609365703e-44,-2.264677883824710451e-45,-3.606729642880122201e-46,-5.583834949394097166e-47,-1.465538876941051739e-47
5.215404315832155382e-39,1.548361562272160984e-38,7.466825645097841176e-38,3.500116529509158281e-37,1.594806094588586480e-36,7.063304212985345893e-36,3.040731229340581775e-35,1.272369918454796276e-34,5.174981230115771406e-34,2.045778504604098109e-33,7.860621824398209209e-33,2.935602357591068106e-32,1.065547174208620042e-31,3.759030413405819392e-31,1.288839116867032944e-30,4.294698459330571604e-30,1.390812071556403733e-29,4.377196048591035450e-29,1.338765354188675087e-28,3.979074749461739079e-28,1.149254338912392386e-27,3.225468348190686854e-27,8.796237245885969920e-27,2.330838525634829467e-26,6.000958488224324949e-26,1.501075821793778479e-25,3.647847791498341274e-25,8.611905005705746185e-25,1.974986637709345304e-24,4.399494130137120111e-24,9.518819937295809190e-24,2.000183586824851808e-23,4.081534778410661552e-23,8.087231036492368446e-23,1.555783846196994925e-22,2.905465364704379866e-22,5.266664759119044121e-22,9.264816186182752054e-22,1.581379764586350870e-21,2.618413192673912140e-21,4.204669267844887928e-21,6.546171265619239585e-21,9.877605273352291105e-21,1.443917894319302179e-20,2.043810219170173073e-20,2.799489363730596091e-20,3.707896128307838622e-20,4.744311600555119003e-20,5.857162693557659558e-20,6.965937556971360840e-20,7.963877816131542649e-20,8.726516471868509139e-20,9.126024634523905892e-20,9.049892211093854336e-20,8.421037796311437578e-20,7.215452177743421854e-20,5.473318633073183000e-20,3.300425748437964431e-20,8.585067109288143270e-21,-1.654493122035460355e-20,-4.030910288836760267e-20,-6.081700324152698636e-20,-7.661253998682214732e-20,-8.684177030136151779e-20,-9.131411846405979058e-20,-9.045479530022056403e-20,-8.516871734802208547e-20,-7.665168340020521838e-20,-6.618993941212223861e-20,-5.498466801080343881e-20,-4.402615771060929693e-20,-3.402763527764055628e-20,-2.541512409151895246e-20,-1.836014947079672908e-20,-1.283782611840114194e-20,-8.693376838586611720e-21,-5.703924151682297660e-21,-3.627600109648872610e-21,-2.237023757944067033e-21,-1.337983255193411500e-21,-7.763640103799097047e-22,-4.371254031452927740e-22,-2.388647045331909384e-22,-1.266988226244119772e-22,-6.524223436444867358e-23,-3.261929735338414338e-23,-1.583644594971101089e-23,-7.466564180576762112e-24,-3.419022532787792601e-24,-1.520671581593543368e-24,-6.569798224014857909e-25,-2.757272058964943306e-25,-1.124199608981784545e-25,-4.453140362341031321e-26,-1.713836375636244600e-26,-6.408721463099028413e-27,-2.328573379959243328e-27,-8.221307988487954192e-28,-2.820583913881306564e-28,-9.403677558239216203e-29,-3.046698295974343067e-29,-9.592805571545908038e-30,-2.935329711542318603e-30,-8.729170680605791937e-31,-2.522917183419356554e-31,-7.086884059853150465e-32,-1.934807627782560540e-32,-5.134020967079210654e-33,-1.324102534091850359e-33,-3.319219775404163978e-34,-8.087358022616080898e-35,-1.915309913110658445e-35,-4.408981383022125128e-36,-9.865271763389899572e-37,-2.145635118236949843e-37,-4.536102605261169304e-38,-9.321674786238116988e-39,-1.862056029882863431e-39,-3.615619128687518924e-40,-6.824438701079168925e-41,-1.252127429086974709e-41,-2.233213605722554895e-42,-3.871816664837983222e-43,-6.525361360418144200e-44,-1.069059653885355113e-44,-1.702586125477400951e-45,-2.635894800310704374e-46,-6.918195721027326534e-47
2.393475680811849198e-38,7.105807181913315018e-38,3.426707597750643757e-37,1.606288465106445146e-36,7.318952418359479983e-36,3.241521814260002628e-35,1.395465396080325167e-34,5.839214512235148203e-34,2.374924545224542254e-33,9.388574312893384301e-33,3.607430226577481973e-32,1.347219204098658067e-31,4.890054718258551265e-31,1.725110333365052178e-30,5.914795662794246479e-30,1.970941406713801460e-29,6.382774312902964152e-29,2.008801553629248969e-28,6.143919288935747888e-28,1.826094022290457823e-27,5.274207222830305332e-27,1.480245745701285518e-26,4.036806862081179968e-26,1.069678396758409600e-25,2.753985565323196038e-25,6.888801436950077409e-25,1.674085928438936143e-24,3.952212321113091878e-24,9.063693246055425243e-24,2.019034684691993413e-23,4.368417604898378434e-23,9.179328163861400991e-23,1.873115417506177459e-22,3.711426696524900737e-22,7.139869845120919476e-22,1.333388606277481666e-21,2.417000342940578126e-21,4.251849115801803542e-21,7.257335729802151805e-21,1.201653394341276402e-20,1.929624824655178923e-20,3.004196947708510857e-20,4.533072907628422257e-20,6.626489828700517966e-20,9.379541373098544991e-20,1.284753646124810658e-19,1.701643568292581916e-19,2.177279794713347765e-19,2.687994183505918094e-19,3.196837891561312531e-19,3.654816908442468514e-19,4.004810305927045437e-19,4.188154302613673744e-19,4.153215284856641708e-19,3.864618724090828000e-19,3.311346209739441396e-19,2.511838823660705880e-19,1.514645516787889659e-19,3.939895758770161383e-20,-7.592870680499008360e-20,-1.849882609978670767e-19,-2.791039954401221318e-19,-3.515935490313412385e-19,-3.985379708031217660e-19,-4.190626624958377351e-19,-4.151190198364126120e-19,-3.908599245500696704e-19,-3.517731876601497618e-19,-3.037617041815951287e-19,-2.523379928606186060e-19,-2.020467281511543879e-19,-1.561610808683235662e-19,-1.166361757480709322e-19,-8.425918412695532563e-20,-5.891590133406739592e-20,-3.989601723518495020e-20,-2.617669295706038918e-20,-1.664793775584681197e-20,-1.026624521858012716e-20,-6.140330046737475223e-21,-3.562922960087584685e-21,-2.006074617680699834e-21,-1.096208130151978246e-21,-5.814516619899621593e-22,-2.994124555963924654e-22,-1.496978761617583320e-22,-7.267729586383231748e-23,-3.426587605333078811e-23,-1.569072460889240493e-23,-6.978731136907103408e-24,-3.015039932625293261e-24,-1.265379099848659484e-24,-5.159224983397483110e-25,-2.043654243286454927e-25,-7.865211280981008556e-26,-2.941117895780370863e-26,-1.068638866405697959e-26,-3.772957865447866781e-27,-1.294434447406173674e-27,-4.315575971265808080e-28,-1.398203827850664306e-28,-4.402371408972459704e-29,-1.347094080206485157e-29,-4.006028386765966251e-30,-1.157827956863385780e-30,-3.252343178552753404e-31,-8.879302013247326559e-32,-2.356126885921269712e-32,-6.076628047090245610e-33,-1.523270552118615813e-33,-3.711484973540586456e-34,-8.789822266189420482e-35,-2.023388615410119345e-35,-4.527412760424791885e-36,-9.846840560004553872e-37,-2.081727631048961955e-37,-4.277942908005884898e-38,-8.545427264966618918e-39,-1.659295412499716697e-39,-3.131900630721785584e-40,-5.746316813251497608e-41,-1.024875950485557804e-41,-1.776870682819328925e-42,-2.994646776906314184e-43,-4.906174340394246933e-44,-7.813581151220090514e-45,-1.209676128573610798e-45,-3.174928003780876568e-46
1.067863131606361799e-37,3.170297308930730227e-37,1.528845576234196363e-36,7.166549651467361013e-36,3.265393299043811931e-35,1.446223859091798561e-34,6.225950235689140660e-34,2.605199603716769459e-33,1.059586434290436143e-32,4.188767175476277293e-32,1.609476030898252798e-31,6.010697036875889924e-31,2.181726426982045294e-30,7.696680345332989657e-30,2.638920574760510417e-29,8.793470013750844135e-29,2.847711978339972786e-28,8.962385266879609095e-28,2.741145416607837107e-27,8.147224961940365644e-27,2.353118306931008421e-26,6.604202709155692045e-26,1.801044920569207209e-25,4.772432541226660261e-25,1.228706718752727066e-24,3.073478930431747781e-24,7.469031987467665773e-24,1.763302572836496729e-23,4.043819593090374825e-23,9.008040977820844772e-23,1.948994987134735837e-22,4.095410785949022476e-22,8.357013658563111913e-22,1.655874662379801099e-21,3.185494564743851752e-21,5.948991018219831822e-21,1.078358796789921253e-20,1.896987276000997990e-20,3.237902654150494635e-20,5.361246688545635977e-20,8.609133673682224190e-20,1.340339986013211909e-19,2.022456910570389987e-19,2.956447076844180973e-19,4.184737076714806450e-19,5.732003307542290230e-19,7.591982004590097200e-19,9.714060763622391083e-19,1.199264278952156423e-18,1.426287866423044536e-18,1.630617875329104018e-18,1.786769470465704702e-18,1.868569463685857197e-18,1.852981217180418472e-18,1.724222178757399996e-18,1.477376420288379874e-18,1.120671537976509489e-18,6.757679293746568450e-19,1.757807466728019656e-19,-3.387603528944033276e-19,-8.253359133049329112e-19,-1.245238750508038058e-18,-1.568655120798451833e-18,-1.778100395912539479e-18,-1.869672504716324039e-18,-1.852077713033283905e-18,-1.743844344839527252e-18,-1.569456589015802234e-18,-1.355250555875382224e-18,-1.125820669245350764e-18,-9.014432592067522422e-19,-6.967217682133323720e-19,-5.203790992799197500e-19,-3.759272632253730076e-19,-2.628567292510334564e-19,-1.779984072741263389e-19,-1.167888420188313895e-19,-7.427574505673054285e-20,-4.580345167841178950e-20,-2.739544055271826852e-20,-1.589618854427155914e-20,-8.950218883134617649e-21,-4.890796493739143074e-21,-2.594180495035248300e-21,-1.335846129703164030e-21,-6.678858035386265368e-22,-3.242539933871800855e-22,-1.528792040917422700e-22,-7.000508278547319912e-23,-3.113601590457255535e-23,-1.345177646960437159e-23,-5.645562639580682730e-24,-2.301818310334347393e-24,-9.117882574082774707e-25,-3.509109875896134242e-25,-1.312196899174788189e-25,-4.767794615941952535e-26,-1.683327152189592461e-26,-5.775194766956908397e-27,-1.925419384164360511e-27,-6.238167908713343784e-28,-1.964143674810629300e-28,-6.010138789334851862e-29,-1.787312924334736132e-29,-5.165716943729951452e-30,-1.451051873871517420e-30,-3.961552369368053223e-31,-1.051199748981139989e-31,-2.711123036676033142e-32,-6.796160391808938284e-33,-1.655900663010176730e-33,-3.921630458452209580e-34,-9.027466293602177725e-35,-2.019931602890584348e-35,-4.393225333824323646e-36,-9.287749213685013345e-37,-1.908629173548550584e-37,-3.812592203563322925e-38,-7.403043238154014688e-39,-1.397315728843381253e-39,-2.563752753618818072e-40,-4.572543814701874234e-41,-7.927612162624468420e-42,-1.336079121621757004e-42,-2.188918290393124384e-43,-3.486074792442506719e-44,-5.397040585137427969e-45,-1.416512642230919763e-45
4.631777645773209769e-37,1.375093096797091562e-36,6.631255030959365767e-36,3.108438103210573614e-35,1.416340281775343253e-34,6.272889420995960770e-34,2.700460037606302998e-33,1.129986131192742339e-32,4.595878081049909170e-32,1.816846896618127825e-31,6.980983686652904629e-31,2.607095548756109417e-30,9.463077612284299181e-30,3.338378385303829934e-29,1.144612353903438478e-28,3.814102822072272025e-28,1.235174086686010126e-27,3.887368568432048693e-27,1.188951625791118927e-26,3.533798792831777001e-26,1.020647726221950703e-25,2.864524260745575533e-25,7.811899629475014167e-25,2.070007448160733949e-24,5.329424852948297987e-24,1.333098838548168270e-23,3.239637587550876903e-23,7.648194977302624813e-23,1.753976950832660785e-22,3.907171396629833171e-22,8.453622141214869461e-22,1.776354250575386695e-21,3.624793094123042725e-21,7.182234331730982141e-21,1.381684794522094664e-20,2.580331017856809754e-20,4.677301820113387816e-20,8.228042526461570965e-20,1.404416417123034715e-19,2.325401245768877063e-19,3.734148292885672644e-19,5.813625923776485322e-19,8.772257820932536164e-19,1.282337134426527943e-18,1.815098870976918049e-18,2.486214197266525772e-18,3.292966251496595511e-18,4.213402276277239011e-18,5.201720439836793359e-18,6.186418521817697746e-18,7.072684878994000832e-18,7.749980916565366395e-18,8.104782359566365624e-18,8.037169488999021269e-18,7.478686647699291417e-18,6.408011359649412880e-18,4.860830217113390958e-18,2.931093598389857347e-18,7.624360359477435993e-19,-1.469348068464757270e-18,-3.579833707479972061e-18,-5.401131322492125072e-18,-6.803925997063247341e-18,-7.712379444488612171e-18,-8.109566718756287964e-18,-8.033250606337506065e-18,-7.563796347183192725e-18,-6.807402306398333662e-18,-5.878299421839282491e-18,-4.883164194568461801e-18,-3.909943712211476580e-18,-3.021979330328299184e-18,-2.257105997981768968e-18,-1.630556803309342135e-18,-1.140121694017604534e-18,-7.720549753930844430e-19,-5.065629964439706760e-19,-3.221655710309934193e-19,-1.986690965387885625e-19,-1.188257047111568924e-19,-6.894854646924308231e-20,-3.882091489132993148e-20,-2.121346940375241431e-20,-1.125206673998575558e-20,-5.794134153170224295e-21,-2.896905458385819976e-21,-1.406427803031454730e-21,-6.631022825467704042e-22,-3.036418881214649428e-22,-1.350501746682628263e-22,-5.834608921662618934e-23,-2.448721194493037778e-23,-9.983967307121234983e-24,-3.954814379619274987e-24,-1.522050551112104143e-24,-5.691557358392850239e-25,-2.067995782243944811e-25,-7.301307483390849390e-26,-2.504948174522937793e-26,-8.351364700545033537e-27,-2.705759363252269265e-27,-8.519328457748629139e-28,-2.606853412998757552e-28,-7.752338107676879615e-29,-2.240591659754025777e-29,-6.293830579341535283e-30,-1.718294148745151215e-30,-4.559501451509962328e-31,-1.175929639721447682e-31,-2.947784491118994969e-32,-7.182347107549177779e-33,-1.700978314057760657e-33,-3.915596984210687224e-34,-8.761304484953648672e-35,-1.905529116211931913e-35,-4.028492782851408175e-36,-8.278538399218182649e-37,-1.653683774469269571e-37,-3.211015453786971735e-38,-6.060754009934131769e-39,-1.112008865371938970e-39,-1.983307185949535964e-40,-3.438543359388052459e-41,-5.795144738448534482e-42,-9.494271789883414679e-43,-1.512059253402569637e-43,-2.340926584661328473e-44,-6.144019207190720274e-45
1.953103905794725610e-36,5.798421046046186076e-36,2.796233129435034280e-35,1.310750011033449365e-34,5.972350030218337310e-34,2.645119383039897873e-33,1.138715942399470314e-32,4.764866742557094303e-32,1.937965964071336341e-31,7.661185491609496435e-31,2.943704889878180967e-30,1.099346490370129730e-29,3.990341345996481666e-29,1.407710033167879814e-28,4.826541837710577891e-28,1.608311039216234040e-27,5.208417842001477540e-27,1.639205358054452782e-26,5.013509373129621384e-26,1.490113894148345328e-25,4.303814243638644754e-25,1.207897690643994080e-24,3.294081202694913285e-24,8.728699737381262583e-24,2.247284151352041518e-23,5.621341842164773479e-23,1.366073527164916283e-22,3.225051076465419948e-22,7.396078774358607398e-22,1.647555711645835537e-21,3.564679413569579195e-21,7.490438207973779664e-21,1.528483897816217696e-20,3.028567215103226833e-20,5.826216574150325605e-20,1.088060562194391515e-19,1.972300302839608811e-19,3.469558174957360928e-19,5.922070097964155788e-19,9.805631019001413500e-19,1.574596229226849886e-18,2.451459540360086959e-18,3.699040049631208352e-18,5.407292528559993701e-18,7.653814508008002754e-18,1.048373870830091874e-17,1.388560880792145047e-17,1.776685556136559455e-17,2.193434418676958834e-17,2.608656784046881450e-17,2.982372971687090957e-17,3.267971641901120299e-17,3.417582468910320704e-17,3.389071825333213942e-17,3.153573685724280918e-17,2.702096899303753469e-17,2.049689602676158808e-17,1.235968302685973816e-17,3.215000618795035937e-18,-6.195870507966431312e-18,-1.509525657509742324e-17,-2.277520962452979160e-17,-2.869044124285489059e-17,-3.252116048737284598e-17,-3.419599912608010497e-17,-3.387419331276306343e-17,-3.189462301110365104e-17,-2.870509996324121718e-17,-2.478730724628426537e-17,-2.059107278120751496e-17,-1.648724727260294959e-17,-1.274292525393851345e-17,-9.517647170463377873e-18,-6.875647115896912757e-18,-4.807605856682598705e-18,-3.255561262325579438e-18,-2.136048494876823980e-18,-1.358491022701460778e-18,-8.377375126474632766e-19,-5.010580509881729707e-19,-2.907386444399741965e-19,-1.636980146703993410e-19,-8.945185437762790697e-20,-4.744712976060931272e-20,-2.443240351915952136e-20,-1.221552025636343918e-20,-5.930551605441916614e-21,-2.796135214231111712e-21,-1.280381320105269547e-21,-5.694725519985790359e-22,-2.460307541767083143e-22,-1.032564016437859026e-22,-4.209987403143166901e-23,-1.667645556901103900e-23,-6.418103595510166802e-24,-2.399986302640417832e-24,-8.720217049178774400e-25,-3.078777362344297656e-25,-1.056273516916072944e-25,-3.521560027873011939e-26,-1.140950534473780863e-26,-3.592386111358619577e-27,-1.099244387823421805e-27,-3.268965609988258707e-28,-9.448010368006653553e-29,-2.653949741767055494e-29,-7.245613390532566111e-30,-1.922626856137484700e-30,-4.958598939600736158e-31,-1.243006431515457621e-31,-3.028614769823647166e-32,-7.172596879494083496e-33,-1.651108569591812819e-33,-3.694421303888661559e-34,-8.035136062447596768e-35,-1.698713882742850426e-35,-3.490851011930536063e-36,-6.973167724950494851e-37,-1.354004294675425135e-37,-2.555667226311189280e-38,-4.689061143119125945e-39,-8.363106581343973562e-40,-1.449947078438435524e-40,-2.443666490259619597e-41,-4.003495144552092788e-42,-6.375972811019121385e-43,-9.871097460503208890e-44,-2.590778061592115045e-44
8.006607351950136607e-36,2.377020517916803640e-35,1.146295425731135145e-34,5.373324298708433509e-34,2.448321439452977699e-33,1.084347444915659486e-32,4.668083151719835168e-32,1.953322451449266314e-31,7.944550461307353861e-31,3.140647248709214267e-30,1.206750400905076980e-29,4.506690947687434337e-29,1.635811400655910746e-28,5.770804854537231658e-28,1.978605707953036360e-27,6.593154082896436485e-27,2.135152997342932648e-26,6.719803095071029427e-26,2.055251688703022537e-25,6.108613486836752713e-25,1.764317334183169016e-24,4.951688694912809328e-24,1.350384620970085949e-23,3.578266946419557740e-23,9.212577863754297211e-23,2.304428186732230981e-22,5.600119027693247752e-22,1.322086222992601836e-21,3.031968678916043036e-21,6.754034762038636501e-21,1.461314388617655274e-20,3.070650642157608162e-20,6.265908525032180759e-20,1.241539093664043946e-19,2.388415092419994512e-19,4.460425106306761057e-19,8.085301584885982520e-19,1.422320128960509426e-18,2.427709547067350258e-18,4.019747089456619084e-18,6.454942672469209255e-18,1.004958001498079657e-17,1.516394553749256972e-17,2.216680228064811423e-17,3.137625567613821659e-17,4.297732402703436563e-17,5.692304297685035941e-17,7.283393163907631744e-17,8.991824802814771047e-17,1.069399867764105017e-16,1.222602099689667300e-16,1.339681196498517898e-16,1.401013066447126776e-16,1.389325335559113339e-16,1.292784586735155805e-16,1.107704963133703135e-16,8.402553388640620112e-17,5.066762126532197368e-17,1.317966110998804705e-17,-2.539952032947748589e-17,-6.188190598316896599e-17,-9.336531470800888676e-17,-1.176143763289766646e-16,-1.333181311447935221e-16,-1.401840102811866197e-16,-1.388647907644163517e-16,-1.307496863483411871e-16,-1.176744686866170045e-16,-1.016137625060922756e-16,-8.441160463885932419e-17,-6.758827056491315072e-17,-5.223869489013166872e-17,-3.901690206148648421e-17,-2.818621507244115768e-17,-1.970843040310772826e-17,-1.334593651690721733e-17,-8.756575383655201163e-18,-5.569035102356257105e-18,-3.434243978452540442e-18,-2.054051022525226496e-18,-1.191861918437928480e-18,-6.710681003048561133e-19,-3.667013684118672894e-19,-1.945060561515014474e-19,-1.001588604999057912e-19,-5.007663647710491470e-20,-2.431186479345534355e-20,-1.146255286105728485e-20,-5.248830059905641674e-21,-2.334511291507726281e-21,-1.008585175295892889e-21,-4.232921054963796824e-22,-1.725853703615836449e-22,-6.836391620904718892e-23,-2.631054870195433138e-23,-9.838569222194855604e-24,-3.574789530111832398e-24,-1.262122378191295861e-24,-4.330116427046514162e-25,-1.443637910192446275e-25,-4.677243699337217559e-26,-1.472672547779456005e-26,-4.506272385726255119e-27,-1.340088666483626533e-27,-3.873143105666077331e-28,-1.087967386225248163e-28,-2.970286489618169026e-29,-7.881668904421859775e-30,-2.032741556011822237e-30,-5.095614423567086348e-31,-1.241558588375672740e-31,-2.940353902193660227e-32,-6.768599444678650532e-33,-1.514501132538547171e-33,-3.293945564321359909e-34,-6.963753962129522314e-35,-1.431048972548784629e-35,-2.858599371355620137e-36,-5.550642087272405830e-37,-1.047677184127831967e-37,-1.922246497528977197e-38,-3.428394692195595058e-39,-5.943952548412839240e-40,-1.001763297312432315e-40,-1.641203704665390340e-41,-2.613783661641261919e-42,-4.046584580809698090e-43,-1.062070615581205244e-43
3.190929799781286944e-35,9.473307821776678873e-35,4.568412153279389612e-34,2.141468898741669143e-33,9.757468422241384889e-33,4.321526488313827783e-32,1.860404161451917056e-31,7.784713980501583459e-31,3.166197828681745983e-30,1.251664338712254714e-29,4.809347637371125007e-29,1.796083386039616666e-28,6.519314755585662233e-28,2.299879633110825638e-27,7.885477129070112043e-27,2.627616281512732165e-26,8.509376102544104128e-26,2.678090607191098653e-25,8.190939771682318494e-25,2.434508894175462121e-24,7.031458532239037281e-24,1.973431482435432881e-23,5.381783243273755800e-23,1.426072008904185871e-22,3.671553748804578055e-22,9.184000475193561320e-22,2.231855004533998008e-21,5.269003638351130582e-21,1.208351900408885244e-20,2.691733195296321072e-20,5.823879484178167457e-20,1.223768096532389657e-19,2.497196797137669100e-19,4.947993472667401249e-19,9.518719424643768290e-19,1.777644733376396347e-18,3.222292368458363097e-18,5.668472905972372676e-18,9.675322391154749009e-18,1.602018209648693010e-17,2.572533911563062211e-17,4.005130130089136315e-17,6.043394358043553936e-17,8.834292335561050693e-17,1.250460086795195275e-16,1.712805660681215521e-16,2.268594251531792922e-16,2.902702139449301352e-16,3.583575471666619110e-16,4.261954852949683331e-16,4.872522532561466147e-16,5.339126129461775144e-16,5.583556364257359854e-16,5.536976424536324666e-16,5.152225757026025625e-16,4.414614856026447740e-16,3.348728971395865384e-16,2.019292510206205936e-16,5.252583464909893956e-17,-1.012265030078443033e-16,-2.466223322676895611e-16,-3.720953855632493629e-16,-4.687368841927944983e-16,-5.313221678311181801e-16,-5.586852410717173185e-16,-5.534276623202253333e-16,-5.210859633067424987e-16,-4.689763745116078734e-16,-4.049685073786138546e-16,-3.364115321877097363e-16,-2.693643102265182691e-16,-2.081905617439870006e-16,-1.554968165796479070e-16,-1.123325144648070897e-16,-7.854540021233192555e-17,-5.318850377671641336e-17,-3.489819858461112186e-17,-2.219466908141594815e-17,-1.368673517865785552e-17,-8.186154671929334883e-18,-4.750011516228235386e-18,-2.674455115403930842e-18,-1.461440873331952517e-18,-7.751787286791250522e-19,-3.991701836152145824e-19,-1.995739575872782674e-19,-9.689179255030529061e-20,-4.568252181994064570e-20,-2.091853330120067414e-20,-9.303892798219353530e-21,-4.019585762108626318e-21,-1.686975936332854854e-21,-6.878166707637148264e-22,-2.724555456164200071e-22,-1.048572887506644573e-22,-3.921034507913768606e-23,-1.424686129612906667e-23,-5.030025490834783820e-24,-1.725711894716534589e-24,-5.753432165753725163e-25,-1.864054979219020289e-25,-5.869145958412420409e-26,-1.795916573583847909e-26,-5.340750048383829188e-27,-1.543591088137612416e-27,-4.335953296187002282e-28,-1.183769261683842438e-28,-3.141137197517694467e-29,-8.101228549383104315e-30,-2.030791220003499485e-30,-4.948071166319059122e-31,-1.171840016124642794e-31,-2.697537761177618224e-32,-6.035848372710269609e-33,-1.312759399583958580e-33,-2.775314069909005668e-34,-5.703260583073421956e-35,-1.139257805301641029e-35,-2.212136609881837592e-36,-4.175381907007389403e-37,-7.660864785628000286e-38,-1.366342360484851899e-38,-2.368885406950432965e-39,-3.992398049771707336e-40,-6.540805085755444761e-41,-1.041689670729402292e-41,-1.612713944701698951e-42,-4.232745066366556015e-43
1.236321736917796447e-34,3.670421198667063597e-34,1.770025541986466747e-33,8.297094309718638571e-33,3.780518865859360290e-32,1.674370001663655749e-31,7.208112520723502065e-31,3.016177639019703241e-30,1.226739365826682047e-29,4.849557735118023227e-29,1.863375692214770299e-28,6.958902485507218399e-28,2.525900301125991586e-27,8.910854707315332391e-27,3.055218194178246407e-26,1.018066622880879458e-25,3.296947066621514842e-25,1.037622836871125784e-24,3.173569310803830943e-24,9.432474085751200251e-24,2.724329763142696422e-23,7.646035454054917020e-23,2.085165147630429527e-22,5.525298059327727183e-22,1.422538881369384755e-21,3.558329431165582507e-21,8.647294139605465932e-21,2.041468831573426732e-20,4.681744237757366098e-20,1.042908640470917417e-19,2.256454780036997480e-19,4.741474095710932030e-19,9.675357577200255959e-19,1.917093846691755397e-18,3.688015867072767283e-18,6.887462157711174330e-18,1.248473124699392694e-17,2.196242696803766131e-17,3.748691489449831033e-17,6.206999400809652018e-17,9.967250279343587556e-17,1.551782630678030793e-16,2.341505541778986332e-16,3.422835452377879353e-16,4.844891876214116671e-16,6.636243986192182220e-16,8.789639889939808334e-16,1.124648292496110082e-15,1.388451808563909270e-15,1.651289046479504912e-15,1.887852725885830451e-15,2.068637702544174282e-15,2.163341889536447011e-15,2.145294550486435070e-15,1.996223388353936906e-15,1.710436972634080711e-15,1.297460827457579630e-15,7.823723429246888917e-16,2.035106856028537185e-16,-3.922008125322515867e-16,-9.555351240030169122e-16,-1.441678890617310866e-15,-1.816115161362680792e-15,-2.058601055532213461e-15,-2.164618938591062328e-15,-2.144248515855792160e-15,-2.018941009868083762e-15,-1.817043063590212752e-15,-1.569045387565893323e-15,-1.303422249596328610e-15,-1.043648631523437292e-15,-8.066317125586942506e-16,-6.024704597766868114e-16,-4.352309142150082672e-16,-3.043231650663958635e-16,-2.060781888018824141e-16,-1.352126314166670578e-16,-8.599296615968292193e-17,-5.302908327839685108e-17,-3.171715329923898240e-17,-1.840385986719377732e-17,-1.036214270151440247e-17,-5.662334279633030024e-18,-3.003420232961486017e-18,-1.546579855084187747e-18,-7.732467881454847769e-19,-3.754060313927392232e-19,-1.769963561313232187e-19,-8.104859413229808780e-20,-3.604781560904224662e-20,-1.557383447119640459e-20,-6.536167044127747805e-21,-2.664937038533082594e-21,-1.055625584155627284e-21,-4.062682462196342715e-22,-1.519199887653680149e-22,-5.519928487447191255e-23,-1.948877048939113598e-23,-6.686249027609012493e-24,-2.229160055132171877e-24,-7.222257568236887677e-25,-2.273993218536442223e-25,-6.958256172745644455e-26,-2.069266887887712097e-26,-5.980624253494774106e-27,-1.679959650225990737e-27,-4.586499113252703128e-28,-1.217029655807005508e-28,-3.138810810575592715e-29,-7.868275035709592510e-30,-1.917123948999384618e-30,-4.540279401396718912e-31,-1.045157612219810806e-31,-2.338581859253987848e-32,-5.086269779924391208e-33,-1.075291945199631006e-33,-2.209721138535641409e-34,-4.414040035428601496e-35,-8.570895467571763084e-36,-1.617746467477989349e-36,-2.968192424261107742e-37,-5.293876287891924243e-38,-9.178216710003671796e-39,-1.546849602175290940e-39,-2.534226702516668961e-40,-4.036013525379879478e-41,-6.248439891726172332e-42,-1.639971751412120210e-42
4.656839784641837610e-34,1.382533603830185854e-33,6.667136164979417801e-33,3.125257586649730413e-32,1.424003973675461117e-31,6.306831470420436143e-31,2.715071987843892833e-30,1.136100386130149375e-29,4.620745970551379476e-29,1.826677694361104934e-28,7.018757171473426788e-28,2.621202312008484722e-27,9.514281487638699403e-27,3.356442055256703147e-26,1.150805750037285906e-25,3.834740594844743626e-25,1.241857504340079536e-24,3.908402775673004029e-24,1.195384937800564083e-23,3.552919865312503553e-23,1.026170360727899032e-22,2.880023947972733123e-22,7.854169126915218735e-22,2.081208075240087948e-21,5.358261899104110566e-21,1.340312118366937753e-20,3.257166979786948842e-20,7.689578683359772930e-20,1.763467564863806045e-19,3.928312755221400287e-19,8.499363942365283641e-19,1.785965946194742024e-18,3.644406528713960272e-18,7.221096765978680093e-18,1.389160968648131161e-17,2.594292960601493184e-17,4.702610286259835202e-17,8.272563736283229813e-17,1.412015590046926398e-16,2.337983786081433527e-16,3.754353438777674058e-16,5.845082939068399620e-16,8.819723731542428554e-16,1.289275747157350273e-15,1.824920210307862082e-15,2.499666882225567931e-15,3.310784200413048914e-15,4.236200623053209194e-15,5.229866488716632723e-15,6.219892684860504634e-15,7.110954550849430512e-15,7.791915377330551350e-15,8.148636619535078153e-15,8.080657901709947744e-15,7.519153159188729272e-15,6.442684541923843970e-15,4.887131739171501081e-15,2.946953486410626532e-15,7.665615098525856615e-16,-1.477298580806620554e-15,-3.599203870809199203e-15,-5.430356366007618358e-15,-6.840741438397209512e-15,-7.754110447016649551e-15,-8.153446866469107262e-15,-8.076717814321087788e-15,-7.604723379723167042e-15,-6.844236557734370959e-15,-5.910106379704776662e-15,-4.909586563801624041e-15,-3.931100071557264583e-15,-3.038330993000140998e-15,-2.269318998753543116e-15,-1.639379601846515219e-15,-1.146290791588295496e-15,-7.762324965280030017e-16,-5.093039639803035916e-16,-3.239087804199941257e-16,-1.997440774353571363e-16,-1.194686600817238612e-16,-6.932162095134299462e-17,-3.903097142564984025e-17,-2.132825360902753929e-17,-1.131295067716120661e-17,-5.825485700216623727e-18,-2.912580357407268172e-18,-1.414037859386462584e-18,-6.666902703044405023e-19,-3.052848675018242222e-19,-1.357809192096917589e-19,-5.866179474098829086e-20,-2.461971008132691245e-20,-1.003798967050889157e-20,-3.976213530174761995e-21,-1.530286231922858009e-21,-5.722353871482132278e-22,-2.079185524377065598e-22,-7.340814211922635565e-23,-2.518502227374713060e-23,-8.396553195735103715e-24,-2.720399987671850928e-24,-8.565425789961883256e-25,-2.620958866075980908e-25,-7.794285322994539576e-26,-2.252715302903403449e-26,-6.327885939520250344e-27,-1.727591686292566189e-27,-4.584172510288767256e-28,-1.182292490916877443e-28,-2.963734692083060667e-29,-7.221210152016828303e-30,-1.710182157156385864e-30,-3.936783932910901658e-31,-8.808711128032002733e-32,-1.915839765595602019e-32,-4.050290600725318942e-33,-8.323332837737721176e-34,-1.662631711000363946e-34,-3.228389974190710310e-35,-6.093548213426098359e-36,-1.118025846915177457e-36,-1.994038685584182228e-37,-3.457149013149763025e-38,-5.826501753682464908e-39,-9.545644454171723280e-40,-1.520240872185786911e-40,-2.353593131208394858e-41,-6.177263951294991534e-42
1.705283635677668877e-33,5.062686369759781738e-33,2.441432113784571963e-32,1.144435038836376142e-31,5.214546314127729032e-31,2.309492487792827314e-30,9.942295729878132526e-30,4.160274964460335019e-29,1.692066476968331234e-28,6.689093299118123591e-28,2.570191868481811471e-27,9.598555276069919627e-27,3.484025492912525454e-26,1.229092254753155167e-25,4.214124393659637048e-25,1.404239932201276254e-24,4.547545927989329134e-24,1.431214214621103464e-23,4.377368488153115141e-23,1.301040273099627531e-22,3.757723272632069871e-22,1.054633170983251210e-21,2.876110560673614287e-21,7.621155627582181624e-21,1.962136718199389522e-20,4.908075922408877420e-20,1.192738811332681189e-19,2.815839346080925930e-19,6.457624740126015899e-19,1.438505030685362976e-18,3.112373823206211699e-18,6.540011344104615762e-18,1.334541685472828379e-17,2.644286407979930059e-17,5.086955052588394955e-17,9.500016183631249705e-17,1.722044291189890564e-16,3.029322076123258756e-16,5.170646168609849212e-16,8.561440108017489321e-16,1.374803037633442350e-15,2.140405241778958329e-15,3.229686063110780828e-15,4.721186330597959303e-15,6.682657585341064059e-15,9.153505866709931612e-15,1.212372849253780553e-14,1.551250189831435490e-14,1.915119727631685080e-14,2.277656458387207823e-14,2.603953537247145264e-14,2.853313920605296973e-14,2.983941325661455970e-14,2.959048265036108045e-14,2.753431388987485670e-14,2.359240392037997834e-14,1.789614022731815110e-14,1.079142033628256287e-14,2.807064144235518392e-15,-5.409705318117154832e-15,-1.317988968098147681e-14,-1.988536920980408173e-14,-2.505004460164875977e-14,-2.839470169908811641e-14,-2.985702785312124682e-14,-2.957605448263753655e-14,-2.784766264896259633e-14,-2.506284334518737755e-14,-2.164216112322195921e-14,-1.797836733143683597e-14,-1.439525715345947462e-14,-1.112603473974561425e-14,-8.309997190518600563e-15,-6.003228234118204822e-15,-4.197591111187235894e-15,-2.842478236369575649e-15,-1.865015236782916120e-15,-1.186118415592030567e-15,-7.314408962434330738e-16,-4.374811254739674083e-16,-2.538481701621809346e-16,-1.429271349988761053e-16,-7.810172464384191029e-17,-4.142678415653407683e-17,-2.133228947926515765e-17,-1.066554970918949899e-17,-5.178051497053857200e-18,-2.441346622585462423e-18,-1.117919689845914173e-18,-4.972148286681276982e-19,-2.148130561442206147e-19,-9.015467711660842271e-20,-3.675801683509496738e-20,-1.456045768920248301e-20,-5.603740282857132650e-21,-2.095463203775617267e-21,-7.613749268230051532e-22,-2.688125623180452786e-22,-9.222478834088165806e-23,-3.074725655799106202e-23,-9.961806280675776865e-24,-3.136564946985208520e-24,-9.597663803775177829e-25,-2.854181768705110780e-25,-8.249196278023407851e-26,-2.317202403373802755e-26,-6.326251208992614970e-27,-1.678673677093269702e-27,-4.329425384129301539e-28,-1.085287127027102699e-28,-2.644327928703061984e-29,-6.262499423417612121e-30,-1.441607083012023526e-30,-3.225653368532266740e-31,-7.015595021382086029e-32,-1.483171979404334026e-32,-3.047913164052435912e-33,-6.088374906687399404e-34,-1.182200987616048463e-34,-2.231390499161827763e-35,-4.094087984939742014e-36,-7.301950886627836217e-37,-1.265970037806876860e-37,-2.133601015557871478e-38,-3.495510267151821274e-39,-5.566955277646946986e-40,-8.618599817261689107e-41,-2.262046283865291123e-41
6.070821852232945760e-33,1.802319942648468393e-32,8.691515661684542953e-32,4.074196864891598974e-31,1.856382190679213689e-30,8.221809656250417838e-30,3.539464339861533842e-29,1.481060841559443786e-28,6.023768673372586056e-28,2.381321964411725371e-27,9.149901302729710630e-27,3.417092494215687314e-26,1.240315549483632736e-25,4.375577154706296031e-25,1.500231276592889920e-24,4.999104130145354707e-24,1.618929579576905494e-23,5.095132767104381948e-23,1.558346290152201428e-22,4.631712610922628253e-22,1.337752153416606758e-21,3.754501577651314902e-21,1.023897401926131173e-20,2.713136815202463930e-20,6.985220649924137534e-20,1.747278513602654540e-19,4.246158637983542474e-19,1.002440806732548141e-18,2.298918993044675915e-18,5.121088124065190840e-18,1.108007291158307168e-17,2.328248682563789938e-17,4.750977876864772621e-17,9.413678389488241528e-17,1.810959610968634237e-16,3.382012507334973895e-16,6.130489904873880041e-16,1.078440810221711014e-15,1.840753707701332988e-15,3.047878757933491654e-15,4.894308576452459284e-15,7.619857859752367412e-15,1.149770531867754064e-14,1.680745686207647768e-14,2.379030845737087817e-14,3.258654588453952228e-14,4.316055952403989816e-14,5.522461691228694621e-14,6.817839829635447257e-14,8.108473165498783357e-14,9.270093083275900318e-14,1.015781781873922745e-13,1.062285230832428366e-13,1.053423283573243222e-13,9.802235296913988212e-14,8.398912548622935386e-14,6.371038628975990124e-14,3.841753302705178022e-14,9.993168286443069709e-15,-1.925858934681688446e-14,-4.692050085470259563e-14,-7.079205559292467776e-14,-8.917833666225534512e-14,-1.010853396795537267e-13,-1.062912311718883294e-13,-1.052909639777751269e-13,-9.913787677658165879e-14,-8.922390028013685367e-14,-7.704624727967284763e-14,-6.400311536431503072e-14,-5.124721768704780811e-14,-3.960876267947588381e-14,-2.958364900754271366e-14,-2.137153514238902370e-14,-1.494345416292419410e-14,-1.011924270591585670e-14,-6.639467486421752421e-15,-4.222589982135420293e-15,-2.603934784589004669e-15,-1.557435913241135675e-15,-9.037012883534112600e-16,-5.088216155216942841e-16,-2.780426943324827005e-16,-1.474796457688892615e-16,-7.594310202678758989e-17,-3.796943270079147280e-17,-1.843390009885927692e-17,-8.691211312408436271e-18,-3.979802034200049183e-18,-1.770088320781422059e-18,-7.647360052610982775e-19,-3.209512907235551366e-19,-1.308588009516431423e-19,-5.183533276738265547e-20,-1.994935519913546995e-20,-7.459863885327043858e-21,-2.710500146013868307e-21,-9.569746306904487611e-22,-3.283209013818323738e-22,-1.094604516827401506e-22,-3.546410109799993346e-23,-1.116619348401738199e-23,-3.416775129445752303e-24,-1.016090736413715664e-24,-2.936719732731229097e-25,-8.249257010466744768e-26,-2.252149922672847263e-26,-5.976090210715124294e-27,-1.541278511075321329e-27,-3.863629878841251831e-28,-9.413826203557580371e-29,-2.229454241737966215e-29,-5.132131452375815851e-30,-1.148334889734177715e-30,-2.497556809386629379e-31,-5.280102778684809494e-32,-1.085059250726041388e-32,-2.167465790136209232e-33,-4.208643910723327468e-34,-7.943766022121776764e-35,-1.457498229850744828e-35,-2.599499700755402141e-36,-4.506862324246704514e-37,-7.595634766088494120e-38,-1.244404137268161395e-38,-1.981840031937689226e-39,-3.068227655013518985e-40,-8.052900833352742427e-41
2.101086291956956333e-32,6.237754652323555066e-32,3.008097562009290626e-31,1.410062655752150682e-30,6.424861852987096854e-30,2.845534259496220207e-29,1.224993944208430432e-28,5.125890213052798992e-28,2.084801381692278826e-27,8.241656661892039176e-27,3.166742933307051048e-26,1.182641555410637807e-25,4.292680731131345977e-25,1.514369125454078700e-24,5.192238294482346297e-24,1.730169228413537918e-23,5.603048203500786158e-23,1.763404341823368640e-22,5.393371948736220568e-22,1.603016545694609839e-21,4.629904780595280231e-21,1.299417441319332599e-20,3.543666488526718040e-20,9.390054113561187130e-20,2.417555927530990332e-19,6.047258546733968163e-19,1.469577912990552500e-18,3.469406101497335413e-18,7.956463391903142906e-18,1.772387383335804152e-17,3.834767330530084974e-17,8.057972232214957888e-17,1.644293760127357408e-16,3.258035090219352913e-16,6.267656186442706752e-16,1.170500517285794183e-15,2.121737157774350597e-15,3.732438964932494560e-15,6.370772320880564760e-15,1.054858210916786330e-14,1.693899921442974771e-14,2.637201236583408346e-14,3.979308176396058722e-14,5.816991187540467999e-14,8.233727195078954856e-14,1.127806852626547691e-13,1.493769083930491175e-13,1.911301112061168599e-13,2.359626119079157193e-13,2.806308969594330570e-13,3.208340810605713891e-13,3.515578663751891496e-13,3.676525173983541569e-13,3.645854341665446840e-13,3.392513026108226717e-13,2.906828836818184849e-13,2.204990074605159714e-13,1.329614901881091136e-13,3.458594142758767699e-14,-6.665317985593403786e-14,-1.623899095660501720e-13,-2.450083715288812091e-13,-3.086425285757158230e-13,-3.498521727176063499e-13,-3.678695474951929699e-13,-3.644076641769198933e-13,-3.431120842928008762e-13,-3.088002223695243390e-13,-2.666538698487838233e-13,-2.215121306599403739e-13,-1.773644972691570745e-13,-1.370842866631198150e-13,-1.023877835798324755e-13,-7.396599771616411069e-14,-5.171867575830577100e-14,-3.502227977018452723e-14,-2.297892190080291400e-14,-1.461420898845245198e-14,-9.012110409791563570e-15,-5.390221171963410934e-15,-3.127672719114302180e-15,-1.761010531104309319e-15,-9.622942459197488331e-16,-5.104209440006991544e-16,-2.628359298312860129e-16,-1.314106335234866609e-16,-6.379896453520810753e-17,-3.007992227985780903e-17,-1.377392995922712124e-17,-6.126202344381172847e-18,-2.646719631591642948e-18,-1.110799120348303849e-18,-4.528968886812166029e-19,-1.793999391968918712e-19,-6.904389185274336428e-20,-2.581827984881547002e-20,-9.380928710735220524e-21,-3.312049549855809151e-21,-1.136305037517443830e-21,-3.788380883840826503e-22,-1.227397846408165251e-22,-3.864573303856523084e-23,-1.182531716778598976e-23,-3.516647942614358533e-24,-1.016386532820364355e-24,-2.855033675077564533e-25,-7.794597576964631787e-26,-2.068300063295949278e-26,-5.334301072460435024e-27,-1.337186294248264430e-27,-3.258086248056367037e-28,-7.716048765519272132e-29,-1.776209433512174563e-29,-3.974339478449659861e-30,-8.643940644800625602e-31,-1.827421696510167116e-31,-3.755345113319428833e-32,-7.501509302675075061e-33,-1.456594221307356101e-33,-2.749304509644687702e-34,-5.044340990115804286e-35,-8.996760768386831931e-36,-1.559806378724338470e-36,-2.628817724221352802e-37,-4.306831164065492080e-38,-6.859066243929125536e-39,-1.061900879891754112e-39,-2.787075615671889102e-40
7.069453240355527630e-32,2.098795989875265889e-31,1.012124306291342277e-30,4.744389627865687425e-30,2.161751310229675749e-29,9.574271874670025086e-29,4.121695258995867261e-28,1.724690761873532939e-27,7.014659959336875748e-27,2.773042050550044750e-26,1.065503172189494759e-25,3.979193623832402601e-25,1.444343615046988022e-24,5.095346041720282959e-24,1.747014674082615231e-23,5.821441273018357992e-23,1.885238480196496138e-22,5.933266323273708838e-22,1.814689427340128707e-21,5.393614987011849675e-21,1.557808238481771057e-20,4.372105456246331488e-20,1.192325352649892290e-19,3.159439416379208303e-19,8.134267807585379364e-19,2.034700416262163954e-18,4.944638579917379345e-18,1.167339214016542414e-17,2.677084045666209150e-17,5.963491256048442852e-17,1.290271058099900780e-16,2.711238378251881423e-16,5.532499019734072275e-16,1.096219932228033404e-15,2.108856856869602998e-15,3.938343087782773356e-15,7.138936502812477503e-15,1.255840982642130698e-14,2.143551990216821585e-14,3.549245371705068457e-14,5.699407175385213963e-14,8.873300872411774548e-14,1.338904222529297435e-13,1.957223144870217435e-13,2.770374049951041201e-13,3.794693173391671876e-13,5.026033786027698387e-13,6.430889531610284420e-13,7.939353360881964458e-13,9.442291882290626151e-13,1.079499467800352522e-12,1.182874738240142972e-12,1.237027860491080012e-12,1.226708150360865896e-12,1.141467263728167337e-12,9.780507644197253434e-13,7.419054746842571522e-13,4.473709819777702062e-13,1.163701351210446299e-13,-2.242656763390960971e-13,-5.463877789205174141e-13,-8.243712943392742897e-13,-1.038478967809956736e-12,-1.177135649083829096e-12,-1.237758094240760117e-12,-1.226110013752198290e-12,-1.154457503908437766e-12,-1.039009554728677507e-12,-8.972011627851942638e-13,-7.453142956891152597e-13,-5.967722623974674534e-13,-4.612428143775966631e-13,-3.445006762321463918e-13,-2.488708646724046133e-13,-1.740160607996300578e-13,-1.178382678301921386e-13,-7.731639319782599863e-14,-4.917192953194656000e-14,-3.032273990022662966e-14,-1.813629296247413657e-14,-1.052357350745460233e-14,-5.925211950157507457e-15,-3.237798562122153511e-15,-1.717395906262461644e-15,-8.843550704892685307e-16,-4.421528675599984654e-16,-2.146621955943878044e-16,-1.012088864912437476e-16,-4.634467139947556621e-17,-2.061262366060215569e-17,-8.905327090797633480e-18,-3.737467837846996794e-18,-1.523846683256516473e-18,-6.036208442889714869e-19,-2.323096232903929903e-19,-8.686988384832709252e-20,-3.156369023277126399e-20,-1.114393992863465132e-20,-3.823286725662245447e-21,-1.274663568911520956e-21,-4.129783586572164628e-22,-1.300299772080920837e-22,-3.978824053540963947e-23,-1.183234514844658521e-23,-3.419801031212352605e-24,-9.606234233626815106e-25,-2.622621608102348407e-25,-6.959138537273621741e-26,-1.794814051478756604e-26,-4.499185024917569049e-27,-1.096237145130610501e-27,-2.596192557961773191e-28,-5.976351177655373244e-29,-1.337232421712189785e-29,-2.908397167443783669e-30,-6.148663328747407158e-31,-1.263548136106407491e-31,-2.524007198103211877e-32,-4.900952796238237411e-33,-9.250490924068098090e-34,-1.697252173532477963e-34,-3.027109348637730239e-35,-5.248227214946727678e-36,-8.845093154879879902e-37,-1.449104762856178603e-37,-2.307846577724026369e-38,-3.572941599316731243e-39,-9.377578073662080366e-40
2.312455049847430062e-31,6.865271217413857060e-31,3.310711427860113544e-30,1.551914607875676668e-29,7.071201355882482332e-29,3.131794297585543736e-28,1.348228030024841460e-27,5.641553492359074716e-27,2.294531881664369245e-26,9.070765270259114596e-26,3.485316484014480543e-25,1.301615001457911811e-24,4.724523343989652203e-24,1.666714282461767089e-23,5.714576174262575213e-23,1.904223822053974549e-22,6.166713457854163103e-22,1.940802379598731598e-21,5.935943824060728928e-21,1.764279611109087519e-20,5.095672048875355597e-20,1.430138512416821481e-19,3.900158455051499485e-19,1.033469121966451934e-18,2.660761451972819244e-18,6.655611251027218371e-18,1.617417085175503241e-17,3.818427491574620343e-17,8.756881628310313255e-17,1.950689112850941599e-16,4.220543969288742912e-16,8.868602232686187716e-16,1.809709303037514934e-15,3.585792609184379117e-15,6.898180838421215054e-15,1.288252577920298610e-14,2.335183387624863265e-14,4.107921395587449380e-14,7.011670430312018986e-14,1.160976684320544688e-13,1.864305831831677685e-13,2.902503024433658890e-13,4.379625588264376346e-13,6.402179052825590353e-13,9.062038101058837370e-13,1.241263941225229856e-12,1.644041881889440912e-12,2.103577528102490727e-12,2.597003919212782896e-12,3.088622953284905371e-12,3.531099097413377199e-12,3.869245002096968121e-12,4.046382691189160411e-12,4.012626380775576143e-12,3.733798991944369462e-12,3.199255094126344597e-12,2.426811527162449149e-12,1.463373829993213406e-12,3.806527852478719315e-13,-7.335847315565672463e-13,-1.787262940402701048e-12,-2.696561527081062874e-12,-3.396918901116759461e-12,-3.850472141948063449e-12,-4.048771323894635358e-12,-4.010669844712333387e-12,-3.776290745524586841e-12,-3.398654478618825940e-12,-2.934791827701904794e-12,-2.437961958573059164e-12,-1.952073215382780998e-12,-1.508749317733202185e-12,-1.126879691177956773e-12,-8.140695867204851127e-13,-5.692156166385878289e-13,-3.854551239601896609e-13,-2.529059572325734053e-13,-1.608439477437927155e-13,-9.918726473387436407e-14,-5.932476079928999469e-14,-3.442315816000837393e-14,-1.938167752117276112e-14,-1.059100807489272562e-14,-5.617691638942361246e-15,-2.892771589374347688e-15,-1.446305105403356139e-15,-7.021712448424294731e-16,-3.310595497260003877e-16,-1.515958388400730236e-16,-6.742496775064216184e-17,-2.912978967610039211e-17,-1.222545235313992795e-17,-4.984582029306374419e-18,-1.974475284172049561e-18,-7.598969018416013575e-19,-2.841559237396166826e-19,-1.032464780358618136e-19,-3.645240910012978585e-20,-1.250617041400455934e-20,-4.169491057610812122e-21,-1.350873764187403938e-21,-4.253348416111446942e-22,-1.301494113086813588e-22,-3.870421850146787355e-23,-1.118634764985418664e-23,-3.142249352009352536e-24,-8.578732152686698707e-25,-2.276370534745491168e-25,-5.870930432337670999e-26,-1.471706902547588305e-26,-3.585848913487036810e-27,-8.492281350365222849e-28,-1.954895660323496205e-28,-4.374157040541513390e-29,-9.513518921696984123e-30,-2.011259864229413815e-30,-4.133131896799451750e-31,-8.256159270970023555e-32,-1.603127237341371051e-32,-3.025883858856006332e-33,-5.551800437896838828e-34,-9.901832661878737380e-35,-1.716722512099100551e-35,-2.893276132815084510e-36,-4.740097306954120907e-37,-7.549086600454891779e-38,-1.168727844041078372e-38,-3.067454728746164656e-39
7.353706784705604052e-31,2.183185854084879735e-30,1.052820511726862724e-29,4.935155380413672370e-29,2.248672526205578878e-28,9.959240927073093420e-28,4.287423278726301960e-27,1.794038340151858532e-26,7.296710336934778794e-26,2.884542474232271519e-25,1.108345672580110724e-24,4.139191837665016644e-24,1.502418798215767491e-23,5.300223296411194289e-23,1.817259867912446011e-22,6.055513875074237953e-22,1.961041473967259409e-21,6.171835265541595470e-21,1.887655735211249332e-20,5.610485249080581600e-20,1.620445686973350316e-19,4.547902145177879057e-19,1.240267208403973313e-18,3.286476376909464762e-18,8.461336164414083977e-18,2.116513080601167725e-17,5.143456083065834596e-17,1.214276409548005221e-16,2.784726122448054593e-16,6.203275503655698892e-16,1.342151183615665380e-15,2.820253756442265852e-15,5.754953628599222355e-15,1.140297513694222352e-14,2.193651255490211804e-14,4.096698754551857819e-14,7.425983879012913609e-14,1.306336719486169227e-13,2.229741435143045447e-13,3.691955924045469240e-13,5.928572944676938003e-13,9.230084790108695939e-13,1.392739824500172561e-12,2.035920548629493786e-12,2.881767196790040156e-12,3.947272863444741676e-12,5.228124084828573439e-12,6.689467257572151275e-12,8.258584460650284288e-12,9.821954190403624237e-12,1.122904741081569247e-11,1.230436597048077274e-11,1.286767146097681099e-11,1.276032493809785803e-11,1.187364181699455060e-11,1.017376916936543722e-11,7.717365314268033110e-12,4.653591888366390149e-12,1.210492272997494818e-12,-2.332831082688495242e-12,-5.683573227405677530e-12,-8.575181947160744688e-12,-1.080234859998060277e-11,-1.224466746561495248e-11,-1.287526741599181174e-11,-1.275410306903979746e-11,-1.200876742586528995e-11,-1.080786781128509546e-11,-9.332764576978165806e-12,-7.752824167023688058e-12,-6.207677009397331908e-12,-4.797887896228197231e-12,-3.583526015396127648e-12,-2.588776393073661447e-12,-1.810130208719861951e-12,-1.225763917206798096e-12,-8.042518507403497600e-13,-5.114906903294909069e-13,-3.154197793717215363e-13,-1.886552977622482049e-13,-1.094671274708457102e-13,-6.163457036530519916e-14,-3.367986242255795813e-14,-1.786450167859510458e-14,-9.199138406945273522e-15,-4.599312608070327609e-15,-2.232934840209639879e-15,-1.052783645296095642e-15,-4.820813051847012278e-16,-2.144143051944605055e-16,-9.263398741191691089e-17,-3.887746571390148379e-17,-1.585118581667176547e-17,-6.278916554251629414e-18,-2.416504918925081306e-18,-9.036280919087255181e-19,-3.283282527283614298e-19,-1.159202329732539595e-19,-3.977016125360766357e-20,-1.325916137532933150e-20,-4.295836827462285345e-21,-1.352583139176673769e-21,-4.138807407431599984e-22,-1.230810839803160403e-22,-3.557306794535841880e-23,-9.992488451022266725e-24,-2.728073820918039468e-24,-7.238956470512355101e-25,-1.866981196268674391e-25,-4.680091418458675669e-26,-1.140315418705288803e-26,-2.700582092954867034e-27,-6.216652506028681290e-28,-1.391000802740834615e-28,-3.025340044794567656e-29,-6.395893105194080121e-30,-1.314353767593586146e-30,-2.625494253414710647e-31,-5.098013750693850487e-32,-9.622441164453669468e-33,-1.765496481766738221e-33,-3.148825488801724624e-34,-5.459251623296697140e-35,-9.200742876845769628e-36,-1.507371385602250494e-36,-2.400642094892135084e-37,-3.716604946230813818e-38,-9.754638323476420270e-39
2.273447110320116074e-30,6.749463524414646265e-30,3.254864274775457828e-29,1.525735940671107757e-28,6.951919904381993039e-28,3.078965230668076162e-27,1.325485275536413294e-26,5.546388236072455557e-26,2.255826281359071544e-25,8.917753922794641024e-25,3.426523983528577903e-24,1.279658544718130137e-23,4.644827126366039324e-23,1.638599102474246521e-22,5.618179125660723861e-22,1.872102182456292068e-21,6.062689474485598536e-21,1.908063709991809575e-20,5.835812607351656969e-20,1.734518638075739045e-19,5.009715062534599784e-19,1.406014040630154364e-18,3.834368140480209420e-18,1.016035917798599627e-17,2.615878061992178210e-17,6.543340233601772247e-17,1.590133481175039804e-16,3.754015866064089904e-16,8.609165066629692093e-16,1.917783667637789452e-15,4.149349191281233581e-15,8.719001097906533234e-15,1.779181993518797655e-14,3.525305214514551013e-14,6.781818005331259052e-14,1.266521526906484413e-13,2.295792052266541549e-13,4.038626405662162738e-13,6.893393183734274191e-13,1.141392602762915050e-12,1.832857553884304575e-12,2.853541786262870411e-12,4.305747321912599230e-12,6.294183088384307683e-12,8.909173968948132135e-12,1.220325523953113182e-11,1.616309154149163479e-11,2.068093065382860141e-11,2.553196031211054330e-11,3.036522127631131640e-11,3.471534307141756310e-11,3.803976155003934758e-11,3.978125774656869445e-11,3.944938886820977810e-11,3.670814932948558606e-11,3.145288056257981676e-11,2.385874550981271287e-11,1.438688724062211721e-11,3.742316957530393407e-12,-7.212101650331760898e-12,-1.757114270181771741e-11,-2.651074239020314056e-11,-3.339617546401754137e-11,-3.785519967213045341e-11,-3.980474114410430829e-11,-3.943015354832963113e-11,-3.712589909026792913e-11,-3.341323847095932634e-11,-2.885285921782700746e-11,-2.396836889933958772e-11,-1.919144422261597791e-11,-1.483298789667008568e-11,-1.107870779047586272e-11,-8.003373512714630815e-12,-5.596137312513312929e-12,-3.789530256093885670e-12,-2.486397812104849134e-12,-1.581307313345337305e-12,-9.751411185470021457e-13,-5.832403359298977425e-13,-3.384248677704149637e-13,-1.905473525056174342e-13,-1.041235232002921425e-13,-5.522928899338325279e-14,-2.843974507142648140e-14,-1.421907925404855885e-14,-6.903265806798130949e-15,-3.254750299765322785e-15,-1.490386253217172608e-15,-6.628760118223240730e-16,-2.863841014671123024e-16,-1.201922576892316329e-16,-4.900498978965289229e-17,-1.941168598929385135e-17,-7.470784851567220207e-18,-2.793626037179873357e-18,-1.015048518053781125e-18,-3.583750704186271241e-19,-1.229520850178947584e-19,-4.099157472079918866e-20,-1.328086379798718970e-20,-4.181600272157232569e-21,-1.279539695567769759e-21,-3.805133151244065708e-22,-1.099764933431928741e-22,-3.089243922688325990e-23,-8.434020727893918870e-24,-2.237971291410198017e-24,-5.771895902222775244e-25,-1.446881229131695134e-25,-3.525360569040960373e-26,-8.349028231829730106e-27,-1.921919256434019778e-27,-4.300371021076431368e-28,-9.353038928447549769e-29,-1.977332673660845171e-29,-4.063411640356371585e-30,-8.116889207497409539e-31,-1.576084683440544938e-31,-2.974841355525793307e-32,-5.458149192324192042e-33,-9.734802349350398295e-34,-1.687763761985670578e-34,-2.844470539628784785e-35,-4.660138377972948914e-36,-7.421743881461879271e-37,-1.149013011068561202e-37,-3.015710981956582961e-38
6.832960930743397351e-30,2.028585593940138006e-29,9.782660139070150419e-29,4.585676977446204248e-28,2.089434888749632962e-27,9.253986614762061394e-27,3.983813417476254670e-26,1.666995196491798195e-25,6.780000633003547294e-25,2.680276302352972826e-24,1.029859212533381584e-23,3.846078846989152698e-23,1.396026419107982500e-22,4.924892951119110571e-22,1.688572313527561191e-21,5.626698335322963285e-21,1.822172159903701508e-20,5.734782535542498080e-20,1.753983163459576379e-19,5.213183994392045057e-19,1.505695344354655450e-18,4.225846717124496201e-18,1.152438848436590192e-17,3.053747632410167754e-17,7.862154574013425046e-17,1.966634190423989371e-16,4.779227061062388657e-16,1.128288563642679715e-15,2.587528351971097914e-15,5.763996362660722568e-15,1.247108005430739737e-14,2.620540129860979433e-14,5.347421981012821894e-14,1.059548413964714046e-13,2.038309897753252317e-13,3.806594871731526093e-13,6.900119790356364277e-13,1.213829709012770443e-12,2.071844385158188166e-12,3.430513525436829422e-12,5.508746607941020299e-12,8.576464986261435611e-12,1.294114259123398881e-11,1.891748743071464242e-11,2.677697553581806668e-11,3.667750435059118701e-11,4.857899377632293982e-11,6.215758903189314338e-11,7.673760542130034544e-11,9.126421709682795439e-11,1.043387294243869341e-10,1.143304382610476178e-10,1.195645936622904362e-10,1.185671448676113816e-10,1.103282099986712984e-10,9.453323240635334209e-11,7.170867322360662342e-11,4.324052140203007693e-11,1.124772397175435848e-11,-2.167633835929770149e-11,-5.281096316031309883e-11,-7.967938474352802743e-11,-1.003739040798487944e-10,-1.137757281491073797e-10,-1.196351742080857933e-10,-1.185093321352921506e-10,-1.115837781538713756e-10,-1.004251878151355215e-10,-8.671873600256723846e-11,-7.203815189690962763e-11,-5.768086179898423643e-11,-4.458129961504323915e-11,-3.329761979146466569e-11,-2.405454619035530443e-11,-1.681947534468669811e-11,-1.138962594212858755e-11,-7.472995096862353448e-12,-4.752699564700216705e-12,-2.930836233113338335e-12,-1.752958496615940073e-12,-1.017153154331183890e-12,-5.726997602966572559e-13,-3.129485453034193025e-13,-1.659944373508582546e-13,-8.547710042218436889e-14,-4.273616596269787781e-14,-2.074811652237903235e-14,-9.782317581379752049e-15,-4.479431693713774115e-15,-1.992307571241956447e-15,-8.607419841120775884e-16,-3.612439441587491741e-16,-1.472869894901669601e-16,-5.834280963150563174e-17,-2.245382387873551020e-17,-8.396385154730731545e-18,-3.050779952252250557e-18,-1.077114503173138181e-18,-3.695387455758380811e-19,-1.232022628920655168e-19,-3.991631168643832044e-20,-1.256801231835681255e-20,-3.845721639822391825e-21,-1.143652123715595002e-21,-3.305399447838356547e-22,-9.284879746462745333e-23,-2.534887830078603299e-23,-6.726336552504098760e-24,-1.734772672615752723e-24,-4.348675130907546593e-25,-1.059565051049197788e-25,-2.509342903065511801e-26,-5.776426085147740570e-27,-1.292498384560117355e-27,-2.811103424913392595e-28,-5.942973929269945130e-29,-1.221279037372139184e-29,-2.439572338509036315e-30,-4.737002684868166280e-31,-8.941037011679153638e-32,-1.640474503058391990e-32,-2.925844362935465574e-33,-5.072659836079751382e-34,-8.549200893086438159e-35,-1.400628293660305363e-35,-2.230642874857621881e-36,-3.453417050217501849e-37,-9.063872752782605012e-38
1.996542485575983614e-29,5.927382528569932440e-29,2.858423571796921452e-28,1.339902130774073020e-27,6.105179831285106022e-27,2.703948935840607586e-26,1.164041888021407352e-25,4.870841157707140864e-25,1.981067864023484706e-24,7.831576332674936866e-24,3.009175221145360778e-23,1.123796828156832893e-22,4.079089702086694311e-22,1.439018620695274285e-21,4.933887955888468952e-21,1.644081152205539432e-20,5.324257185363003451e-20,1.675662585195575571e-19,5.125013797570499199e-19,1.523255208894648494e-18,4.399534485573289886e-18,1.234762293211735432e-17,3.367344181026342099e-17,8.922832941868869705e-17,2.297265533095285848e-16,5.746364942760868467e-16,1.396456085778826526e-15,3.296778770044930089e-15,7.560573431788510849e-15,1.684198657273109758e-14,3.643960710709818800e-14,7.657031494039388050e-14,1.562478591873570435e-13,3.095924951783774631e-13,5.955796251262457736e-13,1.112259891988121540e-12,2.016165825714946071e-12,3.546723900314577319e-12,6.053781633462911311e-12,1.002371602925670067e-11,1.609616498104332823e-11,2.505981944676943908e-11,3.781309633872669351e-11,5.527555002668886481e-11,7.824041412552563954e-11,1.071690537134197870e-10,1.419443575984395091e-10,1.816200451912224786e-10,2.242218139659765129e-10,2.666675379729185548e-10,3.048703311759505899e-10,3.340653922894169437e-10,3.493592213345527904e-10,3.464447470444887992e-10,3.223711665448267062e-10,2.762193677252351064e-10,2.095276324953908972e-10,1.263457217927026781e-10,3.286504782224229490e-11,-6.333671581721459340e-11,-1.543098705267778731e-10,-2.328174834854474907e-10,-2.932853940915846552e-10,-3.324445688764151699e-10,-3.495654526591040772e-10,-3.462758223609595413e-10,-3.260398472102100276e-10,-2.934352415111104635e-10,-2.533859661710925914e-10,-2.104903456968974951e-10,-1.685393672721920234e-10,-1.302633801741098712e-10,-9.729327191540432542e-11,-7.028566960512331590e-11,-4.914530823625147359e-11,-3.327967526634798273e-11,-2.183555907404199094e-11,-1.388704940402775843e-11,-8.563694592996385411e-12,-5.122019794081225757e-12,-2.972049024636962108e-12,-1.673387883379963612e-12,-9.144133455911685865e-13,-4.850239155461024245e-13,-2.497579954963539087e-13,-1.248720311442937376e-13,-6.062451776393268507e-14,-2.858323478881188352e-14,-1.308858016075639548e-14,-5.821380731773824554e-15,-2.515026732652161372e-15,-1.055529059042224438e-15,-4.303620861735423930e-16,-1.704735316619182834e-16,-6.560847309375581929e-17,-2.453363901329329657e-17,-8.914161591953456852e-18,-3.147251812518832446e-18,-1.079765877613983368e-18,-3.599882315679369324e-19,-1.166326179195594258e-19,-3.672283627430592515e-20,-1.123692454768514077e-20,-3.341669997619880987e-21,-9.658141611371308687e-22,-2.712975688748765835e-22,-7.406761578498979793e-23,-1.965387602164462326e-23,-5.068882112453045086e-24,-1.270651880323291010e-24,-3.095973564158913616e-25,-7.332121122348988028e-26,-1.687830533597412302e-26,-3.776588163561864078e-27,-8.213843860771450458e-28,-1.736494626666502607e-28,-3.568490306868431781e-29,-7.128256505250357683e-30,-1.384118423987218942e-30,-2.612507292205882868e-31,-4.793349581619718867e-32,-8.549108704106280096e-33,-1.482195051348905593e-33,-2.498015570961919906e-34,-4.092536051553856750e-35,-6.517779502825472583e-36,-1.009063849633587135e-36,-2.648399020308236849e-37
5.671444823655209727e-29,1.683751946294460651e-28,8.119732831733132735e-28,3.806170446501056062e-27,1.734257637980425786e-26,7.680927055843174266e-26,3.306616006436833270e-25,1.383627299208459133e-24,5.627487100272817037e-24,2.224663555816883156e-23,8.547962968347614340e-23,3.192294554178438616e-22,1.158719753937546638e-21,4.087724036150989673e-21,1.401536581869696546e-20,4.670231466502013593e-20,1.512426160319069281e-19,4.759942732828109443e-19,1.455828422554570499e-18,4.327009283300584330e-18,1.249746362271804976e-17,3.507506735705647686e-17,9.565389598728114125e-17,2.534649528677706779e-16,6.525688689502611939e-16,1.632331490308986531e-15,3.966819487373560319e-15,9.364939151151242734e-15,2.147681572686940329e-14,4.784190582372132389e-14,1.035115569023109706e-13,2.175081769868077647e-13,4.438428526301500898e-13,8.794387131287857055e-13,1.691823242630501119e-12,3.159522350537627811e-12,5.727187534695821925e-12,1.007494158060458565e-11,1.719657295383672560e-11,2.847370030871965001e-11,4.572330026631043315e-11,7.118575452808905376e-11,1.074131359818159672e-10,1.570175612782490293e-10,2.222523161408362630e-10,3.044279695173387751e-10,4.032118514705581948e-10,5.159159259636821192e-10,6.369319237406750946e-10,7.575046555731351195e-10,8.660247773966451334e-10,9.489572365977218796e-10,9.924013947854642103e-10,9.841224424238408423e-10,9.157382309692507004e-10,7.846379000678325781e-10,5.951911443476633682e-10,3.589018490861079481e-10,9.335754520488384824e-11,-1.799163762674433758e-10,-4.383377377444139424e-10,-6.613490677555316306e-10,-8.331162207622707451e-10,-9.443530718368225626e-10,-9.929872223281009958e-10,-9.836425893633938238e-10,-9.261596069828698357e-10,-8.335418823136507442e-10,-7.197765820712383705e-10,-5.979258594077209856e-10,-4.787585182902949457e-10,-3.700304794601672820e-10,-2.763744960938838705e-10,-1.996558049422689329e-10,-1.396037930657991418e-10,-9.453534967867276803e-11,-6.202681354229460131e-11,-3.944801326659251154e-11,-2.432631497786603988e-11,-1.454977935990217049e-11,-8.442501062813053360e-12,-4.753481139383098381e-12,-2.597512886903622525e-12,-1.377775026099341379e-12,-7.094708482076846892e-13,-3.547156345377238862e-13,-1.722120164949313025e-13,-8.119448504475997982e-14,-3.717985504340638969e-14,-1.653640724215274278e-14,-7.144268377609527345e-15,-2.998370864317275290e-15,-1.222500820072569973e-15,-4.842527698253663353e-16,-1.863696053571100164e-16,-6.969106893171088926e-17,-2.532186316251870050e-17,-8.940187914758890024e-18,-3.067218775255147913e-18,-1.022594513892225575e-18,-3.313104839731996212e-19,-1.043161070713513461e-19,-3.191998067668817380e-20,-9.492458661553343619e-21,-2.743523748864176730e-21,-7.706568749633995719e-22,-2.103989267341182167e-22,-5.582945228213303889e-23,-1.439883469852458736e-23,-3.609455887560623670e-24,-8.794525221213482470e-25,-2.082786651733195561e-25,-4.794507410753480894e-26,-1.072790163297283476e-26,-2.333251738093837425e-27,-4.932744248050205078e-28,-1.013677195720370089e-28,-2.024876192240158861e-29,-3.931772715962688137e-30,-7.421174889182387452e-31,-1.361614785011893472e-31,-2.428488181796977744e-32,-4.210372437526595445e-33,-7.095945907334346894e-34,-1.162539368578041417e-34,-1.851462069556777099e-35,-2.866380248898593121e-36,-7.523130122806882692e-37
1.566225904468281002e-28,4.649848490081403189e-28,2.242344992122485747e-27,1.051111830492891664e-26,4.789324981700777035e-26,2.121164412111794383e-25,9.131549025761559434e-25,3.821024422403086381e-24,1.554086541888989123e-23,6.143629706691491318e-23,2.360605004146605630e-22,8.815838963280274626e-22,3.199919863571010711e-21,1.128865655015072587e-20,3.870482687989098441e-20,1.289730876370271816e-19,4.176715289562826122e-19,1.314505534964592566e-18,4.020415006694254571e-18,1.194946656293562465e-17,3.451298897312731959e-17,9.686328758142986855e-17,2.641577488927074504e-16,6.999686806447406067e-16,1.802133845570531873e-15,4.507845785853183089e-15,1.095476661178190597e-14,2.586221103857850661e-14,5.931036302533587042e-14,1.321201819820454768e-13,2.858574611464842274e-13,6.006704672670312362e-13,1.225716188585655946e-12,2.428657488034674560e-12,4.672138177801554185e-12,8.725335262927447348e-12,1.581619808620027116e-11,2.782295337465323384e-11,4.749004683258019202e-11,7.863295580973679247e-11,1.262694419880191111e-10,1.965865422969216997e-10,2.966320598821781135e-10,4.336196147138687540e-10,6.137718794617704714e-10,8.407081206433180965e-10,1.113509637134766985e-09,1.424753150029406930e-09,1.758950865896894606e-09,2.091924458764874966e-09,2.391613570165754335e-09,2.620639805914792295e-09,2.740615170336291709e-09,2.717752019844963142e-09,2.528902217427683970e-09,2.166855612503068994e-09,1.643679551459779513e-09,9.911431578346102797e-10,2.578161477787651368e-10,-4.968569701548306584e-10,-1.210513266210120731e-09,-1.826381237977154004e-09,-2.300733317457616628e-09,-2.607924946930576922e-09,-2.742232991370194733e-09,-2.716426857885397518e-09,-2.557681883950467679e-09,-2.301908824174223943e-09,-1.987734630808017596e-09,-1.651231739132549537e-09,-1.322139272524664212e-09,-1.021875977627558810e-09,-7.632356631790983316e-10,-5.513693660101878026e-10,-3.855297615692349593e-10,-2.610687719946490705e-10,-1.712932156835415895e-10,-1.089396127072373134e-10,-6.717953865948667389e-11,-4.018066303445073993e-11,-2.331480649856153018e-11,-1.312721101658374337e-11,-7.173290223489693966e-12,-3.804862788060276328e-12,-1.959274321586052808e-12,-9.795825099376331538e-13,-4.755806142556287806e-13,-2.242266472322094988e-13,-1.026758681499956755e-13,-4.566693355010857967e-14,-1.972960779732003394e-14,-8.280299403265860658e-15,-3.376057622292784297e-15,-1.337312194676704124e-15,-5.146782042176575915e-16,-1.924588193394155604e-16,-6.992884400306626578e-17,-2.468921824736270423e-17,-8.470429757932578542e-18,-2.823996472195137473e-18,-9.149468584379553095e-19,-2.880793064705179127e-19,-8.815020186291105865e-20,-2.621436885149402965e-20,-7.576513743151793987e-21,-2.128245620921605876e-21,-5.810375655050885511e-22,-1.541785860841692215e-22,-3.976381433691116960e-23,-9.967871482331790161e-24,-2.428695622941289616e-24,-5.751822522929722109e-25,-1.324050914604101973e-25,-2.962616751214520262e-26,-6.443506773804841810e-27,-1.362226392327660689e-27,-2.799370411017780702e-28,-5.591897028425521139e-29,-1.085798146627063433e-29,-2.049431267416630894e-30,-3.760234674765345181e-31,-6.706511686689034418e-32,-1.162736231093840635e-32,-1.959616048880137745e-33,-3.210468109355009302e-34,-5.112996678351572112e-35,-7.915794189086206342e-36,-2.077587219376661806e-36
4.204948008709092524e-28,1.248374905138887161e-27,6.020168663131126960e-27,2.821987930318463464e-26,1.285821061151474685e-25,5.694827320508426237e-25,2.451606041169441835e-24,1.025855145823754465e-23,4.172356676667377625e-23,1.649420011998078997e-22,6.337668967941498087e-22,2.366845318289511756e-21,8.591031868368490630e-21,3.030738653098149595e-20,1.039133526343236851e-19,3.462623919634923551e-19,1.121349773981304818e-18,3.529138048296330954e-18,1.079386825894844032e-17,3.208150592172022000e-17,9.265925422579225704e-17,2.600551344927575251e-16,7.092013974628725688e-16,1.879251199612241041e-15,4.838305319647707714e-15,1.210250520484510044e-14,2.941097061328617190e-14,6.943395106493463964e-14,1.592343685465113395e-13,3.547115997447916326e-13,7.674600187580202331e-13,1.612658862312903162e-12,3.290759546072901626e-12,6.520373873917444972e-12,1.254359161798552214e-11,2.342547204365213067e-11,4.246277019054501958e-11,7.469808285980991732e-11,1.274996009786666968e-10,2.111109834205609966e-10,3.390037395841524531e-10,5.277886077686011011e-10,7.963872810188778156e-10,1.164166631535355375e-09,1.647833071194503721e-09,2.257103478954886438e-09,2.989511358476552316e-09,3.825126952648601988e-09,4.722369180505364927e-09,5.616324926153890709e-09,6.420919671153175563e-09,7.035801222535642860e-09,7.357906844897754465e-09,7.296524665700659559e-09,6.789507383995386966e-09,5.817497442074205835e-09,4.412892825452876960e-09,2.660986155312704324e-09,6.921756906985941595e-10,-1.333944050666717599e-09,-3.249943276857097256e-09,-4.903403862664993617e-09,-6.176927577441831525e-09,-7.001664818065364299e-09,-7.362250313688262924e-09,-7.292966917659838451e-09,-6.866774016536164617e-09,-6.180083536370309216e-09,-5.336599754743363701e-09,-4.433168672267457130e-09,-3.549632837368990875e-09,-2.743496544792083709e-09,-2.049108160518017146e-09,-1.480297006359880732e-09,-1.035056691747788464e-09,-7.009082213511800333e-10,-4.598819775225205482e-10,-2.924772258050135697e-10,-1.803612534477275372e-10,-1.078756254339198155e-10,-6.259476929852320863e-11,-3.524347264759769846e-11,-1.925859632068531268e-11,-1.021516127298173807e-11,-5.260190521408167640e-12,-2.629948536017114448e-12,-1.276822041564770549e-12,-6.019957855943311179e-13,-2.756605455752349793e-13,-1.226049708075589069e-13,-5.296935441003036321e-14,-2.223065548076075127e-14,-9.063920303991184080e-15,-3.590368563044010969e-15,-1.381789870654510931e-15,-5.167066429120980593e-16,-1.877424913629210899e-16,-6.628474143458617807e-17,-2.274111074393193750e-17,-7.581766020138514596e-18,-2.456417020997643103e-18,-7.734251506360660323e-19,-2.366625495934324196e-19,-7.037941192721857055e-20,-2.034115658943747067e-20,-5.713838699900750517e-21,-1.559949140852213550e-21,-4.139332242498571921e-22,-1.067564847686734109e-22,-2.676138941459297703e-23,-6.520476257168247192e-24,-1.544229002677117281e-24,-3.554765146528440969e-25,-7.953928850906556889e-26,-1.729929948184089877e-26,-3.657257321237896627e-27,-7.515650840575555449e-28,-1.501292770570439048e-28,-2.915112527186492803e-29,-5.502240706352771461e-30,-1.009534529011702808e-30,-1.800540578589181360e-31,-3.121673179867197942e-32,-5.261107978781695348e-33,-8.619351426216532154e-34,-1.372719295462615212e-34,-2.125204475151916055e-35,-5.577832812057249802e-36
1.097519877224407116e-27,3.258342956394093133e-27,1.571304748202646162e-26,7.365579408822969267e-26,3.356079956861951120e-25,1.486388456806962518e-24,6.398857621388139738e-24,2.677551330866879512e-23,1.089013319077455066e-22,4.305097816454043792e-22,1.654174475683835900e-21,6.177626400512250708e-21,2.242317436951487808e-20,7.910432917501671217e-20,2.712208802320283918e-19,9.037682680691938127e-19,2.926798770678268710e-18,9.211289056254639152e-18,2.817272637331437870e-17,8.373490080603920154e-17,2.418469220332098878e-16,6.787614940515992107e-16,1.851063625658905424e-15,4.904972764468108958e-15,1.262830420113603203e-14,3.158835733288219334e-14,7.676462298627630677e-14,1.812273095652084885e-13,4.156124742924622461e-13,9.258212719768967105e-13,2.003122568501217070e-12,4.209148728842111535e-12,8.589105038874840725e-12,1.701861692163007454e-11,3.273962271117566904e-11,6.114206679374772866e-11,1.108307028520015868e-10,1.949670496743332443e-10,3.327825840472793228e-10,5.510139486257057527e-10,8.848226943030359811e-10,1.377563971775407787e-09,2.078624679964231642e-09,3.038553665503423886e-09,4.300955793598354847e-09,5.891192775688684374e-09,7.802826889465980500e-09,9.983840120600023835e-09,1.232570303476282304e-08,1.465898800802798827e-08,1.675903472422541446e-08,1.836391717076966552e-08,1.920463463594636261e-08,1.904442299566772509e-08,1.772107359012151858e-08,1.518406188412963705e-08,1.151794881164866959e-08,6.945353884104850005e-09,1.806625379195528071e-09,-3.481684215071892103e-09,-8.482571814954343271e-09,-1.279821580240158241e-08,-1.612219885329618080e-08,-1.827481884573567468e-08,-1.921597138333041704e-08,-1.903513703259547428e-08,-1.792274472822826377e-08,-1.613043611960382108e-08,-1.392888638692084386e-08,-1.157087014351876923e-08,-9.264781842230057279e-09,-7.160711582567653599e-09,-5.348310923448700098e-09,-3.863675330374703843e-09,-2.701567988223664530e-09,-1.829417874964614890e-09,-1.200323072872400056e-09,-7.633853457679216337e-10,-4.707550731424157158e-10,-2.815626802912338058e-10,-1.633765824764521167e-10,-9.198784787122304450e-11,-5.026623926292459697e-11,-2.666226198975598393e-11,-1.372945311874440382e-11,-6.864343598013090630e-12,-3.332591906946784686e-12,-1.571249726100510528e-12,-7.194926727006704670e-13,-3.200072681733925647e-13,-1.382535984472255557e-13,-5.802351473390234183e-14,-2.365744517793014845e-14,-9.371104842060096331e-15,-3.606565042063967641e-15,-1.348639293792408264e-15,-4.900206034502069347e-16,-1.730076593823866740e-16,-5.935583750365886229e-17,-1.978892222765226835e-17,-6.411414604207942675e-18,-2.018691966250872970e-18,-6.177052649294026859e-19,-1.836950263772709256e-19,-5.309179480080076371e-20,-1.491350555442513440e-20,-4.071572789957148690e-21,-1.080393718345344563e-21,-2.786416474438026605e-22,-6.984903681050636449e-23,-1.701888414884099807e-23,-4.030542165834927341e-24,-9.278177516342777014e-25,-2.076029239319563296e-25,-4.515234196488179267e-26,-9.545689026046525053e-27,-1.961635713622590070e-27,-3.918475695351584372e-28,-7.608640906633321198e-29,-1.436122047641985782e-29,-2.634953416879142586e-30,-4.699532718734956757e-31,-8.147778184193065274e-32,-1.373184774455639389e-32,-2.249709033134855610e-33,-3.582890227178420648e-34,-5.546927452645407057e-35,-1.455852098620061329e-35
2.784900575720318999e-27,8.267878663031192589e-27,3.987105462698559459e-26,1.868978117099817192e-25,8.515881304733132590e-25,3.771634714784663631e-24,1.623677406082428980e-23,6.794149607303497767e-23,2.763315619335988864e-22,1.092396560315218610e-21,4.197383159313734085e-21,1.567541114870765942e-20,5.689765853632124614e-20,2.007231909262555529e-19,6.882091169189039750e-19,2.293265773398896082e-18,7.426602242587876306e-18,2.337317503603160669e-17,7.148685278946722504e-17,2.124730296934236069e-16,6.136741997874219084e-16,1.722322588217333977e-15,4.696979311053034032e-15,1.244611761402008568e-14,3.204367626493995975e-14,8.015384171891060256e-14,1.947863060941391437e-13,4.598550324398362839e-13,1.054595404559560234e-12,2.349224143314003650e-12,5.082821104220257889e-12,1.068049969891178716e-11,2.179441490224070205e-11,4.318387033032356361e-11,8.307511875575547789e-11,1.551448684877201769e-10,2.812272420619854694e-10,4.947189204970800968e-10,8.444187928939685622e-10,1.398169723028994095e-09,2.245192348594802639e-09,3.495498147870460328e-09,5.274403851872364977e-09,7.710174574530703909e-09,1.091345543192447269e-08,1.494860047016743054e-08,1.979927429804248757e-08,2.533348386370391658e-08,3.127584127631309319e-08,3.719643260245728223e-08,4.252519377602972614e-08,4.659750093154836365e-08,4.873077851619650603e-08,4.832424967010608805e-08,4.496631821222235386e-08,3.852878071769057594e-08,2.922620623309148217e-08,1.762348038683430153e-08,4.584219532640320698e-09,-8.834595688190472623e-09,-2.152409229325095001e-08,-3.247481826610541209e-08,-4.090925531296092384e-08,-4.637141848709150394e-08,-4.875954493307106806e-08,-4.830068701357262401e-08,-4.547804841435799018e-08,-4.093015695507057692e-08,-3.534383706669527470e-08,-2.936049140701099163e-08,-2.350891024552665452e-08,-1.816993953612233428e-08,-1.357106552594875070e-08,-9.803878613268123260e-09,-6.855090647450197515e-09,-4.642054325345358499e-09,-3.045758428673327069e-09,-1.937051285396324857e-09,-1.194516929873813908e-09,-7.144509058254540260e-10,-4.145597251036045565e-10,-2.334144609241223944e-10,-1.275480121750841546e-10,-6.765412664147664969e-11,-3.483778534509310207e-11,-1.741792092767734523e-11,-8.456281578943493594e-12,-3.986965846927465435e-12,-1.825675871582386163e-12,-8.120020820256672768e-13,-3.508114375885347489e-13,-1.472317020776137437e-13,-6.002955760829419873e-14,-2.377869942163469466e-14,-9.151474401919365221e-15,-3.422103256316337027e-15,-1.243402228043903662e-15,-4.389980903457680717e-16,-1.506124029883995461e-16,-5.021337840736528742e-17,-1.626863676273052945e-17,-5.122327654995712429e-18,-1.567395528432550103e-18,-4.661167376838541096e-19,-1.347177148906849913e-19,-3.784225786375890100e-20,-1.033140778781584422e-20,-2.741443823171311727e-21,-7.070389343183122755e-22,-1.772383597452757141e-22,-4.318454840570882931e-23,-1.022729467687236533e-23,-2.354290108370902358e-24,-5.267818053933225041e-25,-1.145717592387723885e-25,-2.422169786256087273e-26,-4.977550331058076807e-27,-9.942931737626681363e-28,-1.930653729472280052e-28,-3.644086271491837234e-29,-6.686059578456864077e-30,-1.192482400147495398e-30,-2.067457057213872875e-31,-3.484386158566146616e-32,-5.708521651038416543e-33,-9.091400769566071964e-34,-1.407504481414735731e-34,-3.694150267113249321e-35
6.869933477533484095e-27,2.039562091032678950e-26,9.835593247189638179e-26,4.610489669678973617e-25,2.100740635990432565e-24,9.304059117236157611e-24,4.005369479258798812e-23,1.676015159949208458e-22,6.816686616310341458e-22,2.694779040185611391e-21,1.035431689576441122e-20,3.866889639202095306e-20,1.403580194495238168e-19,4.951541110960388392e-19,1.697709028855383735e-18,5.657143901979288400e-18,1.832031772174965962e-17,5.765812936239254898e-17,1.763473811106679595e-16,5.241392071550963234e-16,1.513842528589292172e-15,4.248712399668335196e-15,1.158674593039618954e-14,3.070271190552664467e-14,7.904695996510274332e-14,1.977275473955618939e-13,4.805087035665896408e-13,1.134393633192293034e-12,2.601529238853623403e-12,5.795184836790273295e-12,1.253855996462815297e-11,2.634719640551705093e-11,5.376356408035547132e-11,1.065281536648829227e-10,2.049339012192994938e-10,3.827192019649213793e-10,6.937455727791464524e-10,1.220397634128483494e-09,2.083054951741038260e-09,3.449075730477819277e-09,5.538553948240702731e-09,8.622871479173123375e-09,1.301116596833525962e-08,1.901984828075811188e-08,2.692186338033105514e-08,3.687596308019509115e-08,4.884185041177272581e-08,6.249391824438754468e-08,7.715282581195685287e-08,9.175803969746561909e-08,1.049032970539649605e-07,1.149490701427448725e-07,1.202115470955722520e-07,1.192087011937507064e-07,1.109251861774886159e-07,9.504474335948251249e-08,7.209668250726648393e-08,4.347449203598682413e-08,1.130858441059425673e-08,-2.179362710752248146e-08,-5.309671860751312456e-08,-8.011052284171096809e-08,-1.009170183904267763e-07,-1.143913585434863656e-07,-1.202825095464526765e-07,-1.191505756418560236e-07,-1.121875481008428458e-07,-1.009685796174649598e-07,-8.718796340733920086e-08,-7.242794396050839955e-08,-5.799296783667057907e-08,-4.482252508123390191e-08,-3.347779026488273670e-08,-2.418470321065033671e-08,-1.691048403703386796e-08,-1.145125419997113907e-08,-7.513430811874006490e-09,-4.778416001368950924e-09,-2.946694728553485341e-09,-1.762443599881440901e-09,-1.022656880017954597e-09,-5.757985880082286414e-10,-3.146418821820315880e-10,-1.668926185586912054e-10,-8.593960944673113253e-11,-4.296740757401439652e-11,-2.086038274440283956e-11,-9.835248835950011617e-12,-4.503669502120355572e-12,-2.003087771164752481e-12,-8.653993828012241361e-13,-3.631986031657953510e-13,-1.480839463534808421e-13,-5.865849741032245182e-14,-2.257531953228722515e-14,-8.441817251613472278e-15,-3.067287452540092531e-15,-1.082942674411132801e-15,-3.715382870191525777e-16,-1.238688994315681606e-16,-4.013229531585968879e-17,-1.263601672057850533e-17,-3.866530499218969090e-18,-1.149840324128906465e-18,-3.323284671679694732e-19,-9.335119408938032636e-20,-2.548603883756540019e-20,-6.762732164221225404e-21,-1.744159373997279618e-21,-4.372205427126445724e-22,-1.065298263755113111e-22,-2.522920735404458644e-23,-5.807681815405507768e-24,-1.299491978916014902e-24,-2.826314056726299826e-25,-5.975130835170645785e-26,-1.227887270144244486e-26,-2.452772648498755610e-27,-4.762634187109465044e-28,-8.989416171550952929e-29,-1.649350965391050560e-29,-2.941675847807917750e-30,-5.100107549456217604e-31,-8.595459862403387269e-32,-1.408206969383448596e-32,-2.242712686012519210e-33,-3.472103184203826724e-34,-9.112916565977099853e-35
1.647558730743996908e-26,4.891311307401207187e-26,2.358788127926957170e-25,1.105695205510451558e-24,5.038030698802828206e-24,2.231314739813773165e-23,9.605742875078862935e-23,4.019447085861723016e-22,1.634788981025180469e-21,6.462663357080587932e-21,2.483189285354078714e-20,9.273638248063806495e-20,3.366089076848260794e-19,1.187486722350246888e-18,4.071473678603663417e-18,1.356705542675412183e-17,4.393608687941650020e-17,1.382766728965210161e-16,4.229191859613620818e-16,1.256999255811775589e-15,3.630522017578959954e-15,1.018933186381731124e-14,2.778752440757312933e-14,7.363174799711247738e-14,1.895717177687039633e-13,4.741934519242413140e-13,1.152363865455993893e-12,2.720521444026221404e-12,6.239030151858003569e-12,1.389810746399967945e-11,3.007018045842404459e-11,6.318627918377023936e-11,1.289366624672260106e-10,2.554775678899703198e-10,4.914758480317985542e-10,9.178434764801572755e-10,1.663752027709046691e-09,2.926777651724168418e-09,4.995616600340953833e-09,8.271630069387647711e-09,1.328265105180705148e-08,2.067951201573439189e-08,3.120359193927183554e-08,4.561371255612129622e-08,6.456445496192195588e-08,8.843654036251499910e-08,1.171333279059612568e-07,1.498739412232384783e-07,1.850291741306588336e-07,2.200556379678198740e-07,2.515808100766969345e-07,2.756727481043620778e-07,2.882933067710853504e-07,2.858882652571603481e-07,2.660226034848554382e-07,2.279378646755942156e-07,1.729034482080169787e-07,1.042612408879768326e-07,2.712043288186095620e-08,-5.226583449898060393e-08,-1.273374227010303475e-07,-1.921223717288644137e-07,-2.420208511094535007e-07,-2.743352349863664554e-07,-2.884634900863753222e-07,-2.857488676038683109e-07,-2.690500205842824372e-07,-2.421445060910524520e-07,-2.090956059433658239e-07,-1.736978848662945302e-07,-1.390796880254005909e-07,-1.074941158791125763e-07,-8.028698650037943126e-08,-5.800015248395805677e-08,-4.055500057960502659e-08,-2.746258591415750505e-08,-1.801883318437637192e-08,-1.145967574202581321e-08,-7.066811698748217700e-09,-4.226721190131588912e-09,-2.452552527239171872e-09,-1.380889631501368361e-09,-7.545793299775025561e-10,-4.002446191106604450e-10,-2.061017829702835813e-10,-1.030451426021940606e-10,-5.002771253840619145e-11,-2.358705530657731289e-11,-1.080077417469809464e-11,-4.803837994387483732e-12,-2.075415014391832344e-12,-8.710288558058425039e-13,-3.551373524875760802e-13,-1.406757719805429452e-13,-5.414050211168631609e-14,-2.024530479330705654e-14,-7.356019150200362901e-15,-2.597130909573062851e-15,-8.910292226058660674e-16,-2.970644292168597468e-16,-9.624592981674633396e-17,-3.030390285131340530e-17,-9.272776952657243985e-18,-2.757565951948944507e-18,-7.969955886005643207e-19,-2.238763669987567829e-19,-6.112103695942430999e-20,-1.621849535702655552e-20,-4.182871659289871216e-21,-1.048549487069364172e-21,-2.554815794120725810e-22,-6.050509947707685404e-23,-1.392807792338289525e-23,-3.116463008552329657e-24,-6.778112794267815051e-25,-1.432965691300597775e-25,-2.944739419837702247e-26,-5.882279653477896048e-27,-1.142182753584569044e-27,-2.155856551764976254e-28,-3.955500576501514555e-29,-7.054775336506909301e-30,-1.223116169657123751e-30,-2.061377302614924950e-31,-3.377185084381936686e-32,-5.378510401117926502e-33,-8.326854887149118478e-34,-2.185474619210908945e-34
3.841269822372360372e-26,1.140405265459896599e-25,5.499495395277545688e-25,2.577919406703699826e-24,1.174612772605528780e-23,5.202292224442069949e-23,2.239571163016816611e-22,9.371308291128905521e-22,3.811497254439627797e-21,1.506764721795064851e-20,5.789535685177992015e-20,2.162141238497701113e-19,7.848009390521361972e-19,2.768615665052512267e-18,9.492607870276733520e-18,3.163147972619436751e-17,1.024366303268707499e-16,3.223909417150804672e-16,9.860326530527044343e-16,2.930683573212507328e-15,8.464532647820584615e-15,2.375634462568971898e-14,6.478638785583360074e-14,1.716718234512403737e-13,4.419849229358721256e-13,1.105578188414930202e-12,2.686727008978619123e-12,6.342873688840017366e-12,1.454624821318564985e-11,3.240332486687228495e-11,7.010838193068469505e-11,1.473182976044835397e-10,3.006147831277051946e-10,5.956438781309288877e-10,1.145871954814544056e-09,2.139944623565810039e-09,3.879024362951588560e-09,6.823758364768575621e-09,1.164723959938374576e-08,1.928523844064619966e-08,3.096839323194770317e-08,4.821411459581480122e-08,7.275092160861475082e-08,1.063480009899688245e-07,1.505315032570357589e-07,2.061890768143584713e-07,2.730954042992024584e-07,3.494298787885124008e-07,4.313940192745777150e-07,5.130579357173908388e-07,5.865586188840764995e-07,6.427287770588593626e-07,6.721535072632094629e-07,6.665461724734987037e-07,6.202295431215658765e-07,5.314352833777045789e-07,4.031229876009652788e-07,2.430842377832714247e-07,6.323106937239425442e-08,-1.218573693645383031e-07,-2.968861685794080995e-07,-4.479317519633581661e-07,-5.642696520638132036e-07,-6.396103760687698990e-07,-6.725502882829689415e-07,-6.662211679750807087e-07,-6.272879415426689122e-07,-5.645579526508188270e-07,-4.875047099159893966e-07,-4.049752102284697791e-07,-3.242631649772388611e-07,-2.506216596130497699e-07,-1.871884580611300920e-07,-1.352268852528326679e-07,-9.455365503260779729e-08,-6.402879639302664750e-08,-4.201076347320892409e-08,-2.671814107782226049e-08,-1.647621417813189916e-08,-9.854566184661838312e-09,-5.718106332035008861e-09,-3.219532979633293448e-09,-1.759295589735727700e-09,-9.331670842850133430e-10,-4.805246359280769812e-10,-2.402489144900567989e-10,-1.166392061600857029e-10,-5.499302820414047089e-11,-2.518191741595207059e-11,-1.120010933453849595e-11,-4.838813278651203022e-12,-2.030796715035203878e-12,-8.279998578816664907e-13,-3.279844217776509897e-13,-1.262281417038124186e-13,-4.720176397726465767e-14,-1.715049900630721421e-14,-6.055189658209242900e-15,-2.077427408067080145e-15,-6.926033081295306739e-16,-2.243966050085991535e-16,-7.065330379469208482e-17,-2.161940428171997120e-17,-6.429242658706048004e-18,-1.858188752805631923e-18,-5.219659344746606160e-19,-1.425032021033436260e-19,-3.781329042582828549e-20,-9.752331359035106929e-21,-2.444684627494094970e-21,-5.956532309621817920e-22,-1.410671488572523581e-22,-3.247320074992492675e-23,-7.266008236250154495e-24,-1.580311502309799322e-24,-3.340947890824037611e-25,-6.865636081491761252e-26,-1.371448731873482498e-26,-2.662989829198566855e-27,-5.026362070819089943e-28,-9.222217523031974197e-29,-1.644815149715676186e-29,-2.851685432565972572e-30,-4.806084467460692297e-31,-7.873879642120029079e-32,-1.253995339140370243e-32,-1.941399465549582037e-33,-5.095416354926868863e-34
8.706713625904279338e-26,2.584869723549003781e-25,1.246528718570705357e-24,5.843173498020108327e-24,2.662405273600322793e-23,1.179163940337636693e-22,5.076265314051390431e-22,2.124123046907722256e-21,8.639230414652696897e-21,3.415268788950356494e-20,1.312269941158869509e-19,4.900760803814467251e-19,1.778848491681263321e-18,6.275410176970451880e-18,2.151617098287064335e-17,7.169666497665713294e-17,2.321853049385288910e-16,7.307389834347109362e-16,2.234965085222385613e-15,6.642757155847142351e-15,1.918591120895969518e-14,5.384669627983344364e-14,1.468463690397922812e-13,3.891154419096892973e-13,1.001813548362867173e-12,2.505929841614210083e-12,6.089799399645517381e-12,1.437690850363290003e-11,3.297087249270924288e-11,7.344614754731379217e-11,1.589093275069680660e-10,3.339151604574926781e-10,6.813806239702775671e-10,1.350100594262903476e-09,2.597260651782040259e-09,4.850449427989995035e-09,8.792288966378074095e-09,1.546689315818922403e-08,2.639991055392664483e-08,4.371238056020966131e-08,7.019369734314536774e-08,1.092832599437229623e-07,1.648989708501208556e-07,2.410509107988668655e-07,3.411982888841853425e-07,4.673530701114576561e-07,6.190045447823365608e-07,7.920260819030639157e-07,9.778079539936915453e-07,1.162909331120651357e-06,1.329507729367367631e-06,1.456824347091334382e-06,1.523519141067180493e-06,1.510809422542781765e-06,1.405827047825002167e-06,1.204563864824618413e-06,9.137281605729194396e-07,5.509805203017647599e-07,1.433210471388284636e-07,-2.762048143777189814e-07,-6.729292574705179970e-07,-1.015292772608698077e-06,-1.278987026554167181e-06,-1.449756105169535748e-06,-1.524418494372468052e-06,-1.510072759609511487e-06,-1.421825781720798690e-06,-1.279640495528064941e-06,-1.104989781190814179e-06,-9.179264524750446198e-07,-7.349826092514789689e-07,-5.680650200594502429e-07,-4.242858153105005291e-07,-3.065084773691583367e-07,-2.143175654718869096e-07,-1.451291941947272276e-07,-9.522259661023495606e-08,-6.055997462772390733e-08,-3.734537929425206556e-08,-2.233659431515311980e-08,-1.296079593928448366e-08,-7.297470096883086734e-09,-3.987661266056398988e-09,-2.115138728518659447e-09,-1.089168579319904669e-09,-5.445539090267392828e-10,-2.643772014332197180e-10,-1.246485069093703712e-10,-5.707793350389035090e-11,-2.538643445110026396e-11,-1.096776937174908272e-11,-4.603052180104013667e-12,-1.876764189507734728e-12,-7.434172985047384973e-13,-2.861117110139429267e-13,-1.069886419313704252e-13,-3.887372933803731724e-14,-1.372483703110598193e-14,-4.708746419035460262e-15,-1.569871146545369834e-15,-5.086226869708487485e-16,-1.601444603765143965e-16,-4.900305642349672981e-17,-1.457267446685907554e-17,-4.211814863753334545e-18,-1.183100413170592877e-18,-3.230011503648866123e-19,-8.570850427463837651e-20,-2.210486642555214275e-20,-5.541180375633249861e-21,-1.350121793612888227e-21,-3.197461578901466339e-22,-7.360452988732850571e-23,-1.646930724523327927e-23,-3.581971672543537010e-24,-7.572672025030836996e-25,-1.556181418786842721e-25,-3.108558344817708661e-26,-6.035996142860955922e-27,-1.139287192892405507e-27,-2.090329778480540292e-28,-3.728177175348472650e-29,-6.463698089602241561e-30,-1.089358546915200981e-30,-1.784712304496177564e-31,-2.842335688715319603e-32,-4.400422246200020122e-33,-1.154939201321159894e-33
1.918577038041419368e-25,5.695916864860114473e-25,2.746801467770293971e-24,1.287578641525507685e-23,5.866771141630884274e-23,2.598359102207466257e-22,1.118585782076130224e-21,4.680633679792671181e-21,1.903706704052771918e-20,7.525751458879636239e-20,2.891666230216532143e-19,1.079912301141665014e-18,3.919800302309589268e-18,1.382824609506608760e-17,4.741218485869477026e-17,1.579879401558660275e-16,5.116343706313646235e-16,1.610227572259179087e-15,4.924880819066378699e-15,1.463771739382306964e-14,4.227731642613700130e-14,1.186544539026902563e-13,3.235848609069671192e-13,8.574394244162711029e-13,2.207556780745933478e-12,5.521968057797969194e-12,1.341924151459016438e-11,3.168038793767935167e-11,7.265331284182819909e-11,1.618430308740543898e-10,3.501663199055868322e-10,7.358022636711277708e-10,1.501463440150686173e-09,2.975028363735654712e-09,5.723221025085655305e-09,1.068825885008502435e-08,1.937434082192627643e-08,3.408223508678890741e-08,5.817380055365068928e-08,9.632287591431592898e-08,1.546760600200639150e-07,2.408122768004351184e-07,3.633648614885342961e-07,5.311702696660608979e-07,7.518510779137189397e-07,1.029840772879308671e-06,1.364013974835801567e-06,1.745277402656399309e-06,2.154659000802630445e-06,2.562541087114788311e-06,2.929650739716256367e-06,3.210200611713368586e-06,3.357166626419842549e-06,3.329159992495058529e-06,3.097824976567402152e-06,2.654329372946284427e-06,2.013455298071750171e-06,1.214118920270893811e-06,3.158166007556258961e-07,-6.086340236170836718e-07,-1.482840342615582497e-06,-2.237259067096245403e-06,-2.818325313697064497e-06,-3.194625312888624172e-06,-3.359148405854363903e-06,-3.327536711140821541e-06,-3.133079154905001443e-06,-2.819765272127119216e-06,-2.434911853716704099e-06,-2.022706488346840461e-06,-1.619578658558674983e-06,-1.251765649392656136e-06,-9.349394706166892882e-07,-6.754099789108774308e-07,-4.722617254114569270e-07,-3.198009622172890316e-07,-2.098287542334368540e-07,-1.334475690109244915e-07,-8.229280331183288444e-08,-4.922003732108351065e-08,-2.855989820300191416e-08,-1.608041698077516416e-08,-8.787052921759958635e-09,-4.660836190516799690e-09,-2.400048877939673600e-09,-1.199957493406004315e-09,-5.825711627201315212e-10,-2.746705283506156901e-10,-1.257746806712562748e-10,-5.594054462835948712e-11,-2.416814354909504672e-11,-1.014310404258510309e-11,-4.135563468051933459e-12,-1.638165006771824164e-12,-6.304644698924265719e-13,-2.357559471464103384e-13,-8.566061512474480356e-14,-3.024350898644081109e-14,-1.037600769438757807e-14,-3.459306075583610456e-15,-1.120780871149704305e-15,-3.528880099303842721e-16,-1.079812003558388469e-16,-3.211177008485164277e-17,-9.280988939428270011e-18,-2.607033358319110292e-18,-7.117525819469781276e-19,-1.888638760059324705e-19,-4.870941089282968512e-20,-1.221032629430423415e-20,-2.975075077786256186e-21,-7.045800090459366357e-22,-1.621920359451298385e-22,-3.629111519086172728e-23,-7.893091351265263857e-24,-1.668684108389268903e-24,-3.429139932003981886e-25,-6.849896433983003765e-26,-1.330068278224420391e-26,-2.510488275983714364e-27,-4.606168167740148742e-28,-8.215264024640243585e-29,-1.424314990520336367e-29,-2.400467483032228481e-30,-3.932721568708709531e-31,-6.263258700217696040e-32,-9.696596720636048010e-33,-2.544978423771865890e-33
4.110075133364384369e-25,1.220208821631218690e-24,5.884340417467108999e-24,2.758317675993589858e-23,1.256810110005918404e-22,5.566339491082420950e-22,2.396292416873382242e-21,1.002709597491197529e-20,4.078219133454174556e-20,1.612205468830076466e-19,6.194677217097964601e-19,2.313444082322451870e-18,8.397199294495567883e-18,2.962358523345737259e-17,1.015688388541987548e-16,3.384499508390658043e-16,1.096049656808773051e-15,3.449512932019787415e-15,1.055033485123504173e-14,3.135767658878268842e-14,9.056865765777563113e-14,2.541877186991782192e-13,6.932002541344780722e-13,1.836851159366104331e-12,4.729142510376376970e-12,1.182944606944564415e-11,2.874739443042219969e-11,6.786736841743650214e-11,1.556416909756079094e-10,3.467085259098232766e-10,7.501444328005059311e-10,1.576273731533431810e-09,3.216512773090842896e-09,6.373259898557977219e-09,1.226058060299002139e-08,2.289694187289011776e-08,4.150471670338322903e-08,7.301272982120663776e-08,1.246229295608279234e-07,2.063478553218375196e-07,3.313550696219225367e-07,5.158805359709276289e-07,7.784190324027873943e-07,1.137900471885972170e-06,1.610654332901304497e-06,2.206178260246951676e-06,2.922061407165172507e-06,3.738823675698518539e-06,4.615822145520431543e-06,5.489608283400904511e-06,6.276049601345389081e-06,6.877058072572104827e-06,7.191896283661776553e-06,7.131899021429827722e-06,6.636321164722456850e-06,5.686241904907861182e-06,4.313328257693160275e-06,2.600948455135660017e-06,6.765586847607516917e-07,-1.303847339037149172e-06,-3.176617408678867943e-06,-4.792772287086919172e-06,-6.037562505898976661e-06,-6.843691860465387771e-06,-7.196141754243397530e-06,-7.128421544009761656e-06,-6.711844492094515201e-06,-6.040647259452843970e-06,-5.216194327078713492e-06,-4.333146636809485081e-06,-3.469545313575200097e-06,-2.681597228756872624e-06,-2.002875773654256737e-06,-1.446898250164404513e-06,-1.011703536301507838e-06,-6.850941903156982928e-07,-4.495060286555188483e-07,-2.858782963230088435e-07,-1.762919068874552432e-07,-1.054417140649019874e-07,-6.118249363361850942e-08,-3.444830239096556207e-08,-1.882408003076639992e-08,-9.984684767666894739e-09,-5.141509054100298385e-09,-2.570611112794808639e-09,-1.248014128093345905e-09,-5.884134366553122107e-10,-2.694410373854446069e-10,-1.198387330115205664e-10,-5.177424927493136726e-11,-2.172908299951027945e-11,-8.859418326950344937e-12,-3.509361951685754322e-12,-1.350613652094937011e-12,-5.050486046150131552e-13,-1.835066078411528955e-13,-6.478921188264997070e-14,-2.222802126926051706e-14,-7.410704703558244915e-15,-2.400994850415477563e-15,-7.559749781838065498e-16,-2.313229219643088624e-16,-6.879149760324218937e-17,-1.988221535889670388e-17,-5.584921931942495544e-18,-1.524753257317474014e-18,-4.045939803153414406e-19,-1.043478236744774616e-19,-2.615759361100078966e-20,-6.373359971817459799e-21,-1.509387800034127371e-21,-3.474561826552141377e-22,-7.774470722337589714e-23,-1.690898923783972524e-23,-3.574741552381137809e-24,-7.346081227858471893e-25,-1.467420303756761470e-25,-2.849341177140109021e-26,-5.378098054512750041e-27,-9.867572096896167492e-28,-1.759916423067703158e-28,-3.051241367191474434e-29,-5.142405811617662651e-30,-8.424879900833164414e-31,-1.341747729028993322e-31,-2.077255188065470361e-32,-5.451984636056946390e-33
8.559843329496661786e-25,2.541266522756525351e-24,1.225501491738250960e-23,5.744607189250919579e-23,2.617494154607327008e-22,1.159273064759118258e-21,4.990635692663513176e-21,2.088292009514068092e-20,8.493498467301251684e-20,3.357657896839155800e-19,1.290133750225532044e-18,4.818091702382446378e-18,1.748841761649360131e-17,6.169552629292653282e-17,2.115322274021689228e-16,7.048724074508126627e-16,2.282686578518071784e-15,7.184124207722662405e-15,2.197264294932162920e-14,6.530702969346627825e-14,1.886227124706551910e-13,5.293837649547037679e-13,1.443692725515041139e-12,3.825515990241206824e-12,9.849143302290035048e-12,2.463658248171688493e-11,5.987072850763959420e-11,1.413438981011901042e-10,3.241469917360337243e-10,7.220721194844650630e-10,1.562287454830626834e-09,3.282824704784064721e-09,6.698866690168053309e-09,1.327326252188581937e-08,2.553448433054609529e-08,4.768629010343566735e-08,8.643975131551600933e-08,1.520598792112132084e-07,2.595458033465142307e-07,4.297501275814223981e-07,6.900962611056643506e-07,1.074398014966031370e-06,1.621173517723998027e-06,2.369847131220485354e-06,3.354427425350882423e-06,4.594694659315679469e-06,6.085627885840651458e-06,7.786656900939657969e-06,9.613136772547002339e-06,1.143292648466847944e-05,1.307080760630560369e-05,1.432249721938320602e-05,1.497819466374129425e-05,1.485324143338916526e-05,1.382112677043625249e-05,1.184244527417864604e-05,8.983148219074551730e-06,5.416862359358676215e-06,1.409034179874289598e-06,-2.715456186467158761e-06,-6.615778654582465707e-06,-9.981661784813972344e-06,-1.257412272661655368e-05,-1.425300711546431914e-05,-1.498703648824811633e-05,-1.484599906897196548e-05,-1.397841534279820047e-05,-1.258054718511778124e-05,-1.086350121766611848e-05,-9.024422943933649955e-06,-7.225844624519714437e-06,-5.584825436556397973e-06,-4.171286965474791852e-06,-3.013381004787633852e-06,-2.107023226008484391e-06,-1.426810640867874294e-06,-9.361632223510905256e-07,-5.953841106124215579e-07,-3.671541405569375416e-07,-2.195980665809236039e-07,-1.274216511908402212e-07,-7.174371802600563848e-08,-3.920394899286665097e-08,-2.079459244232358049e-08,-1.070795801833958730e-08,-5.353680327633062057e-09,-2.599175212822164140e-09,-1.225458578567945330e-09,-5.611510718706841348e-10,-2.495820018122905771e-10,-1.078275817145330470e-10,-4.525405014121609708e-11,-1.845105756183347110e-11,-7.308768700862478186e-12,-2.812853995481219712e-12,-1.051838905374618814e-12,-3.821798293409440348e-13,-1.349331788742946750e-13,-4.629316336459333118e-14,-1.543389577204572554e-14,-5.000429210563251446e-15,-1.574430433580918263e-15,-4.817644218866197786e-16,-1.432685347051532787e-16,-4.140767333763021303e-17,-1.163143134703841487e-17,-3.175525647409174606e-18,-8.426271956546589069e-19,-2.173198769960980870e-19,-5.447708275919707893e-20,-1.327347093934657310e-20,-3.143524795170796107e-21,-7.236292259599260354e-22,-1.619149265976911548e-22,-3.521548731825124085e-23,-7.444931452330129760e-24,-1.529930776344524937e-24,-3.056121236498738644e-25,-5.934177180999141581e-26,-1.120068983255216792e-26,-2.055068787095471882e-27,-3.665287948674618250e-28,-6.354664383533710200e-29,-1.070982564936917534e-29,-1.754606659998585299e-30,-2.794389390832064977e-31,-4.326193168802203713e-32,-1.135456963806643877e-32
1.733115103962139752e-24,5.145313090726467495e-24,2.481278060242942756e-23,1.163113050412069059e-22,5.299651499753898064e-22,2.347185083665136146e-21,1.010456122195906768e-20,4.228173675446347313e-20,1.719682231616810117e-19,6.798264163196871572e-19,2.612139267715625236e-18,9.755210674124212759e-18,3.540887321044565213e-17,1.249151933618997559e-16,4.282901966466405627e-16,1.427158148455263856e-15,4.621765182557328730e-15,1.454572670768307726e-14,4.448810323223030291e-14,1.322274195914586237e-13,3.819052047444680196e-13,1.071845550810200365e-12,2.923050775296754471e-12,7.745538426257105749e-12,1.994160215463912634e-11,4.988179288508449660e-11,1.212205175581267837e-10,2.861795890678561356e-10,6.563017869097444385e-10,1.461982478249480927e-09,3.163170025983109074e-09,6.646749082329173166e-09,1.356322375685561810e-08,2.687443083948078600e-08,5.169977856096612638e-08,9.655063352081773663e-08,1.750149305553488602e-07,3.078762814028155017e-07,5.255034871955775091e-07,8.701169032784359830e-07,1.397240822374206451e-06,2.175338210908652120e-06,3.282396886902031264e-06,4.798239522733285816e-06,6.791723413893726311e-06,9.302897734954728893e-06,1.232159655270677710e-05,1.576567720332692262e-05,1.946375873439585780e-05,2.314829467122135912e-05,2.646451951452192635e-05,2.899882077494565156e-05,3.032641416737427264e-05,3.007342083271136548e-05,2.798369390369098307e-05,2.397744909862844782e-05,1.818821824221890262e-05,1.096754415905951954e-05,2.852877471161207679e-06,-5.497995640523482440e-06,-1.339499505933301401e-05,-2.020991288741272622e-05,-2.545887953518677360e-05,-2.885812386725491389e-05,-3.034431624689776176e-05,-3.005875718680491721e-05,-2.830215674225925544e-05,-2.547188716352137772e-05,-2.199537692164205263e-05,-1.827178735243695294e-05,-1.463019821225531182e-05,-1.130761971277457636e-05,-8.445622384130552305e-06,-6.101205281869517561e-06,-4.266098848808098828e-06,-2.888869547017074654e-06,-1.895453640885678684e-06,-1.205476730170632473e-06,-7.433785432599534972e-07,-4.446211353901749885e-07,-2.579911567886439029e-07,-1.452598097173152384e-07,-7.937640155207588616e-08,-4.210289938174272850e-08,-2.168044794725010350e-08,-1.083961923185273767e-08,-5.262561060741975466e-09,-2.481191173765290819e-09,-1.136164951655498867e-09,-5.053297360331733070e-10,-2.183189613403341475e-10,-9.162606696893114370e-11,-3.735793438449397985e-11,-1.479809494080467624e-11,-5.695197396907723736e-12,-2.129662686182531477e-12,-7.738011189737674354e-13,-2.731997787001745765e-13,-9.372996391288118227e-14,-3.124907413122332803e-14,-1.012439019912554649e-14,-3.187755966483564843e-15,-9.754304652353803869e-16,-2.900764089506110535e-16,-8.383829156555043590e-17,-2.355020830671716150e-17,-6.429500226457551600e-18,-1.706070851514316128e-18,-4.400084752897918401e-19,-1.102999801695107112e-19,-2.687485282319603074e-20,-6.364707965408897133e-21,-1.465135158324592884e-21,-3.278298375817104231e-22,-7.130094630860174536e-23,-1.507378424034165586e-23,-3.097657322023830572e-24,-6.187741610017139044e-25,-1.201495366923029060e-25,-2.267808413817440307e-26,-4.160906476317251124e-27,-7.421124031941745512e-28,-1.286631588893848116e-28,-2.168422934770502052e-29,-3.552559535146219380e-30,-5.657812033678187367e-31,-8.759261630025314276e-32,-2.298964523206957400e-32
3.411414842879417255e-24,1.012788902989646968e-23,4.884077684553335337e-23,2.289438892460985840e-22,1.043168439708184925e-21,4.620132855050882665e-21,1.988953304634517106e-20,8.322617696720956938e-20,3.384973956179738309e-19,1.338151125630698253e-18,5.141661190985684112e-18,1.920188129054009172e-17,6.969782639571781988e-17,2.458795401192500301e-16,8.430343319724478133e-16,2.809177809163510063e-15,9.097352107793840648e-15,2.863139780942178958e-14,8.756912645387480011e-14,2.602727197972654996e-13,7.517314234119344772e-13,2.109790522827312721e-12,5.753650625131986383e-12,1.524609917311272297e-11,3.925248670766761956e-11,9.818591289671898978e-11,2.386070445718960190e-10,5.633078239542814968e-10,1.291845909226514183e-09,2.877725036801056803e-09,6.226294579350532261e-09,1.308327324856555534e-08,2.669746673815981264e-08,5.289887096947457170e-08,1.017643845773742916e-07,1.900475412910160210e-07,3.444944484397433731e-07,6.060149806247513030e-07,1.034386228650076415e-06,1.712713548049006727e-06,2.750289389104838220e-06,4.281874322144639618e-06,6.460977366476947216e-06,9.444719216930052134e-06,1.336863663003126769e-05,1.831156127037427469e-05,2.425348280202507391e-05,3.103271392449299297e-05,3.831191320930984112e-05,4.556444972882537378e-05,5.209201308967669700e-05,5.708046014456202280e-05,5.969365749878614196e-05,5.919567256111775162e-05,5.508231306934049725e-05,4.719653389578511247e-05,3.580117531443003818e-05,2.158820429676912853e-05,5.615523474342045546e-06,-1.082209940429768556e-05,-2.636633011923896321e-05,-3.978062197934969938e-05,-5.011253974468413857e-05,-5.680351632349317482e-05,-5.972889544672460344e-05,-5.916680905448674487e-05,-5.570916633021981163e-05,-5.013814359307806120e-05,-4.329507897869888400e-05,-3.596567039173475882e-05,-2.879766913429758772e-05,-2.225759941599225191e-05,-1.662412467164495802e-05,-1.200944023304671757e-05,-8.397268537296519717e-06,-5.686369260360253461e-06,-3.730957435962937771e-06,-2.372826363724115326e-06,-1.463245338152957163e-06,-8.751796907547299864e-07,-5.078225096465574535e-07,-2.859253086021870557e-07,-1.562422679313423116e-07,-8.287415853152273881e-08,-4.267518167629968395e-08,-2.133640048151772477e-08,-1.035867662403484422e-08,-4.883906659663630263e-09,-2.236395015643241364e-09,-9.946767863893463820e-10,-4.297328801161381553e-10,-1.803541635162520882e-10,-7.353430338655772025e-11,-2.912815231486346318e-11,-1.121026577434043497e-11,-4.191967908744435598e-12,-1.523128277325000136e-12,-5.377587316609686096e-13,-1.844954148653806419e-13,-6.150979532391311630e-14,-1.992856384520567718e-14,-6.274688850543311792e-15,-1.920009790286522812e-15,-5.709782141999560911e-16,-1.650249262697652727e-16,-4.635556518246815598e-17,-1.265564673384382570e-17,-3.358181699850330793e-18,-8.661002608336438940e-19,-2.171113670750133741e-19,-5.289970159030679801e-20,-1.252811147635297016e-20,-2.883930683257253418e-21,-6.452909972962960192e-22,-1.403467698091366082e-22,-2.967081134905803078e-23,-6.097341222373331692e-24,-1.217977589835612882e-24,-2.364989560705820810e-25,-4.463890059013951334e-26,-8.190210840982689775e-27,-1.460753103792017354e-27,-2.532569296543301554e-28,-4.268262487820245515e-29,-6.992757896289988513e-30,-1.113667748078970969e-30,-1.724148330888095780e-31,-4.525216865164887211e-32
6.528106015199183366e-24,1.938079545949667580e-23,9.346203373003109501e-23,4.381085412846050364e-22,1.996214028422578418e-21,8.841116800857846128e-21,3.806074203797393798e-20,1.592621629162773391e-19,6.477508559462699245e-19,2.560694847977507462e-18,9.839116875231424693e-18,3.674484708816934299e-17,1.333742217513932762e-16,4.705167148513836358e-16,1.613236075658139038e-15,5.375661242736975040e-15,1.740875318674147488e-14,5.478923228975726774e-14,1.675728597893910787e-13,4.980595987167167955e-13,1.438518225724666155e-12,4.037309104059025122e-12,1.101022390568472701e-11,2.917503625455103657e-11,7.511381828061898714e-11,1.878892125731270744e-10,4.566000192529927736e-10,1.077949579084566635e-09,2.472084879484765980e-09,5.506833671091644015e-09,1.191467850375913510e-08,2.503623825484832130e-08,5.108844899580052460e-08,1.012276294962697373e-07,1.947369996584371192e-07,3.636762324773488863e-07,6.592268559059257528e-07,1.159674276664067009e-06,1.979408331233690350e-06,3.277459977835666126e-06,5.262971972473282859e-06,8.193823034177202390e-06,1.236376903799934844e-05,1.807347718516323127e-05,2.558231150974791144e-05,3.504112480671517978e-05,4.641162516482196231e-05,5.938440669603385071e-05,7.331393061079135686e-05,8.719243248145151781e-05,9.968362091885646587e-05,1.092295462094946201e-04,1.142301779569407914e-04,1.132772306852660349e-04,1.054058787454706337e-04,9.031559954214530509e-05,6.850936596267608817e-05,4.131133058216248603e-05,1.074590287600512683e-05,-2.070924102524245632e-05,-5.045478377084479035e-05,-7.612446143095361875e-05,-9.589568762855487467e-05,-1.086995846810791841e-04,-1.142976095272701486e-04,-1.132219972879992993e-04,-1.066054292931075049e-04,-9.594468332225128252e-05,-8.284974959855918777e-05,-6.882414483099977666e-05,-5.510741019718576100e-05,-4.259228951140734852e-05,-3.181203496634447611e-05,-2.298134429126023429e-05,-1.606906863408578533e-05,-1.088147384088567702e-05,-7.139584835599723414e-06,-4.540656229594214717e-06,-2.800075960754716229e-06,-1.674749646915943866e-06,-9.717725145028391898e-07,-5.471485623859658064e-07,-2.989862377013194715e-07,-1.585885381085939217e-07,-8.166351001909433802e-08,-4.082947713521978156e-08,-1.982243212666213964e-08,-9.345876098642644579e-09,-4.279580299199089314e-09,-1.903420079783245565e-09,-8.223396827479276993e-10,-3.451269206306475208e-10,-1.407157295053831234e-10,-5.573982499818171033e-11,-2.145203875928614607e-11,-8.021777526622454550e-12,-2.914668349373995121e-12,-1.029058667024723889e-12,-3.530516466132223643e-13,-1.177055513157074706e-13,-3.813543163292323394e-14,-1.200728610131768350e-14,-3.674143438571478168e-15,-1.092627688610362537e-15,-3.157927908088029050e-16,-8.870631624801329170e-17,-2.421792932685615070e-17,-6.426238720477906463e-18,-1.657375189744257099e-18,-4.154657485673049395e-19,-1.012292189777900150e-19,-2.397387701427568519e-20,-5.518708837210301033e-21,-1.234833122039241945e-21,-2.685685073209895911e-22,-5.677826091655746755e-23,-1.166791250661858300e-23,-2.330729974743419024e-24,-4.525659671485618685e-25,-8.542129552570177228e-26,-1.567284165640787855e-26,-2.795306804591557736e-27,-4.846341362787275012e-28,-8.167775337950321726e-29,-1.338138777841259040e-29,-2.131121971384523624e-30,-3.299341653935570199e-31,-8.659484934593647373e-32
1.214466106511000632e-23,3.605535686457879821e-23,1.738735123884906415e-22,8.150418714468349713e-22,3.713687052900959316e-21,1.644770577154790865e-20,7.080687888057745944e-20,2.962857809924092515e-19,1.205053132070239057e-18,4.763827509457401180e-18,1.830435035084889126e-17,6.835883374689573711e-17,2.481247568930713323e-16,8.753329088153164359e-16,3.001208208209318520e-15,1.000069294859584797e-14,3.238663810405013571e-14,1.019279795131185441e-13,3.117467120042260687e-13,9.265727306750334613e-13,2.676169205391868819e-12,7.510869242889243096e-12,2.048303708214722769e-11,5.427622131884264957e-11,1.397391314112332514e-10,3.495425471305570882e-10,8.494427730247432282e-10,2.005379853326511704e-09,4.598980610245152968e-09,1.024472156573929474e-08,2.216565291541031025e-08,4.657654566922627713e-08,9.504317116657997205e-08,1.883203562862507107e-07,3.622819317244211188e-07,6.765705965237476499e-07,1.226402682700815378e-06,2.157417634336931176e-06,3.682422319171642608e-06,6.097272393034614175e-06,9.791049755020195920e-06,1.524350299242763950e-05,2.300112530406287376e-05,3.362326747922896476e-05,4.759244133360973427e-05,6.518928815294253555e-05,8.634257099920861678e-05,1.104766819345194095e-04,1.363906830780668342e-04,1.622097645878090185e-04,1.854479365046713259e-04,2.032068434430299290e-04,2.125098445803844105e-04,2.107370146660934385e-04,1.960934256663980114e-04,1.680199958116166976e-04,1.274524383435437667e-04,7.685416059435238451e-05,1.999130344449329306e-05,-3.852675072703619016e-05,-9.386432245182092186e-05,-1.416192967287106677e-04,-1.784009973402555203e-04,-2.022209214734462922e-04,-2.126352919252698457e-04,-2.106342603775265766e-04,-1.983250277264139477e-04,-1.784921472223522407e-04,-1.541307886025556695e-04,-1.280380419868275580e-04,-1.025199066103688625e-04,-7.923721197216207284e-05,-5.918200187897734434e-05,-4.275369250869011736e-05,-2.989433562178569226e-05,-2.024351494579473091e-05,-1.328223496555951880e-05,-8.447278704299604273e-06,-5.209163794330738187e-06,-3.115645913738455897e-06,-1.807851740389756431e-06,-1.017896128979611774e-06,-5.562235833120350406e-07,-2.950325928616812649e-07,-1.519239498041231363e-07,-7.595773722399878587e-08,-3.687696233853445318e-08,-1.738674238902724674e-08,-7.961582136332564622e-09,-3.541056422746670541e-09,-1.529852104746952851e-09,-6.420621028129036713e-10,-2.617826422232873894e-10,-1.036964290799447586e-10,-3.990862576075733940e-11,-1.492343552229729753e-11,-5.422347483012024127e-12,-1.914424903338191402e-12,-6.568049870228329470e-13,-2.189753081342336607e-13,-7.094582880167855398e-14,-2.233793686450427747e-14,-6.835248487410933524e-15,-2.032686497068558306e-15,-5.874899093624903657e-16,-1.650261412204887096e-16,-4.505419224024069797e-17,-1.195515069791787454e-17,-3.083323078746329960e-18,-7.729180084950228773e-19,-1.883233133023116942e-19,-4.460016581794528779e-20,-1.026681371118970223e-20,-2.297240532586638714e-21,-4.996354971230409894e-22,-1.056282990950987702e-22,-2.170657804887336232e-23,-4.336008868674532359e-24,-8.419379629905308068e-25,-1.589148030817633803e-25,-2.915720875259171518e-26,-5.200291422308434243e-27,-9.015964679470569883e-28,-1.519504476557510496e-28,-2.489426776637126956e-29,-3.964665091316625162e-30,-6.137980301140172316e-31,-1.610980417355524672e-31
2.196489520644561452e-23,6.520990012941951500e-23,3.144685107566834683e-22,1.474088836173946046e-21,6.716593119329276878e-21,2.974740354808172602e-20,1.280616779809064947e-19,5.358639566611252201e-19,2.179465167633488534e-18,8.615882441332407352e-18,3.310534029092891078e-17,1.236341312149909890e-16,4.487596857633457678e-16,1.583131510200580186e-15,5.428000290220119600e-15,1.808730366620226860e-14,5.857463689029669980e-14,1.843474574224435867e-13,5.638266744058189911e-13,1.675804110243649137e-12,4.840133111661856089e-12,1.358419596437572727e-11,3.704572409283848446e-11,9.816424740705051555e-11,2.527328972980015620e-10,6.321844122907391693e-10,1.536306480134126589e-09,3.626940109014502563e-09,8.317739508656716538e-09,1.852865505297160010e-08,4.008891156856857349e-08,8.423857522396143814e-08,1.718955583502982616e-07,3.405971454363141744e-07,6.552249274684491287e-07,1.223648990509882776e-06,2.218078072496889923e-06,3.901916405957710479e-06,6.660047564345039647e-06,1.102755757778295389e-05,1.770814192978598206e-05,2.756947633307887621e-05,4.159995114112241185e-05,6.081121101034760678e-05,8.607592924226083479e-05,1.179016750805631278e-04,1.561596090401497813e-04,1.998086837037279866e-04,2.466768767678366447e-04,2.933733977038884694e-04,3.354020725435367684e-04,3.675209211298270141e-04,3.843463758701380021e-04,3.811400267528190083e-04,3.546555578903157029e-04,3.038818111764380724e-04,2.305111222959061248e-04,1.389988221642492108e-04,3.615637215764375655e-05,-6.967967552386753784e-05,-1.697634866238727832e-04,-2.561333737664509176e-04,-3.226569428571059162e-04,-3.657377776869954068e-04,-3.845732605702995282e-04,-3.809541848286782670e-04,-3.586916446224147582e-04,-3.228217969932220066e-04,-2.787617210222488877e-04,-2.315702479963516517e-04,-1.854180197536007657e-04,-1.433088208957518231e-04,-1.070368668512229604e-04,-7.732454373221117248e-05,-5.406704606069551638e-05,-3.661252314993868756e-05,-2.402231709570236165e-05,-1.527779083540031918e-05,-9.421319890465736677e-06,-5.634972901159021225e-06,-3.269689768496786045e-06,-1.840972068649607075e-06,-1.005988775915822849e-06,-5.335974342923416390e-07,-2.747704212498461949e-07,-1.373775463390218354e-07,-6.669585993016884244e-08,-3.144574990681240855e-08,-1.439935757486460030e-08,-6.404372491644936753e-09,-2.766898226469582189e-09,-1.161236754875858733e-09,-4.734614060016905858e-10,-1.875458842212640058e-10,-7.217894167393584544e-11,-2.699060069359294304e-11,-9.806884984172622328e-12,-3.462438528090155618e-12,-1.187900809556003092e-12,-3.960398458369011138e-13,-1.283129835084608240e-13,-4.040050518714004701e-14,-1.236226486116743185e-14,-3.676327042500613402e-15,-1.062537210780072812e-15,-2.984671106751322328e-16,-8.148523914026397348e-17,-2.162214580128776278e-17,-5.576513658898512544e-18,-1.397903405352386082e-18,-3.406024935104653980e-19,-8.066408466479501101e-20,-1.856861101856844241e-20,-4.154800804381949464e-21,-9.036432780537665005e-22,-1.910398740665012536e-22,-3.925862645140200088e-23,-7.842127491582840815e-24,-1.522733242885093991e-24,-2.874141137188052238e-25,-5.273387469025553528e-26,-9.405273273713064750e-27,-1.630631915603750712e-27,-2.748183453978376345e-28,-4.502389813911115172e-29,-7.170513264433702310e-30,-1.110118210553372771e-30,-2.913627301506714675e-31
3.862054593378728232e-23,1.146575897410559543e-22,5.529252678084360018e-22,2.591868300433900680e-21,1.180968498349563184e-20,5.230441367197885077e-20,2.251689284348655853e-19,9.422015610809251179e-19,3.832120928716207052e-18,1.514917692336378384e-17,5.820862350321109239e-17,2.173840393361526252e-16,7.890474274682332047e-16,2.783596399357532714e-15,9.543971531243256690e-15,3.180263486319462451e-14,1.029909058665926898e-13,3.241353705648982033e-13,9.913679884616284561e-13,2.946541242623460578e-12,8.510333484756492871e-12,2.388488810371322683e-11,6.513694126608131284e-11,1.726007244927413401e-10,4.443764642324509309e-10,1.111560374134364951e-09,2.701264651013850120e-09,6.377194416943318884e-09,1.462495667473465628e-08,3.257865638961027377e-08,7.048773217980612534e-08,1.481154238732319400e-07,3.022413831108817208e-07,5.988668544332466966e-07,1.152072166537445781e-06,2.151523674510929187e-06,3.900013420435290138e-06,6.860681117288785954e-06,1.171026178192353409e-05,1.938958915885351242e-05,3.113596046661919387e-05,4.847499690231536057e-05,7.314457040603424443e-05,1.069234406101410978e-04,1.513460158971596304e-04,2.073047476585805334e-04,2.745730993593628751e-04,3.513206129335383603e-04,4.337282541288787260e-04,5.158340467952420060e-04,5.897324356527739852e-04,6.462065255816509812e-04,6.757904703966655276e-04,6.701527948147281699e-04,6.235855502809981368e-04,5.343108326571121766e-04,4.053042504052347360e-04,2.443995450777938436e-04,6.357320709199408906e-05,-1.225167288042110225e-04,-2.984925933592961871e-04,-4.503554710254308382e-04,-5.673228652059080987e-04,-6.430712511998198933e-04,-6.761893983634006434e-04,-6.698260317457391689e-04,-6.306821410712022766e-04,-5.676127257618736668e-04,-4.901425547508230212e-04,-4.071664952454302072e-04,-3.260177242614127851e-04,-2.519777512299320107e-04,-1.882013182390804697e-04,-1.359585859595938227e-04,-9.506527649075860464e-05,-6.437525054292620136e-05,-4.223807999586204413e-05,-2.686271057429070672e-05,-1.656536551469009032e-05,-9.907888370029471233e-06,-5.749046499270723315e-06,-3.236953587615450301e-06,-1.768814982451196069e-06,-9.382163687806266760e-07,-4.831247122003901489e-07,-2.415488801012025463e-07,-1.172703305805278045e-07,-5.529059061215335490e-08,-2.531817454216192174e-08,-1.126071213479205029e-08,-4.864995669003948808e-09,-2.041785176308276250e-09,-8.324800918238825770e-10,-3.297591164529926806e-10,-1.269111510057362680e-10,-4.745716854417435980e-11,-1.724329883838753408e-11,-6.087953753486613001e-12,-2.088668183892722691e-12,-6.963509233254008049e-13,-2.256107951762774689e-13,-7.103560256778667792e-14,-2.173638496468932833e-14,-6.464030721660563358e-15,-1.868243247673135217e-15,-5.247902459453174134e-16,-1.432742743165337254e-16,-3.801789479335330320e-17,-9.805100360810385974e-18,-2.457912599627005847e-18,-5.988762578718467085e-19,-1.418304507134382736e-19,-3.264891036488117302e-20,-7.305323963680105356e-21,-1.588862427970629042e-21,-3.359025464143870947e-22,-6.902785430630420008e-23,-1.378869519570549017e-23,-2.677399031455026235e-24,-5.053559271085685872e-25,-9.272118125762560679e-26,-1.653715098903215965e-26,-2.867115650030250352e-27,-4.832089765113063615e-28,-7.916484507922601803e-29,-1.260780596925532586e-29,-1.951904206218552034e-30,-5.122987201812727867e-31
6.601660980465111966e-23,1.959916717918540478e-22,9.451511047674598860e-22,4.430448977809407538e-21,2.018706226493829932e-20,8.940733448884863428e-20,3.848958871296368000e-19,1.610566378886827045e-18,6.550493421533221423e-18,2.589547293106478112e-17,9.949978417357131132e-17,3.715886701140273611e-16,1.348770062076280929e-15,4.758182281137840274e-15,1.631413097176268575e-14,5.436231119370460776e-14,1.760490506187837552e-13,5.540656602616390652e-13,1.694609749414151394e-12,5.036714494432023967e-12,1.454726626427907883e-11,4.082799194174822908e-11,1.113428081209329064e-10,2.950376387835790337e-10,7.596015782868373488e-10,1.900062407697406627e-09,4.617447271481129806e-09,1.090095298480572716e-08,2.499938918163300974e-08,5.568881523632538900e-08,1.204892628733655723e-07,2.531833226970318047e-07,5.166408442246581155e-07,1.023682045350656631e-06,1.969311848037954835e-06,3.677739282846228629e-06,6.666546471175938219e-06,1.172740823215429631e-05,2.001711172319908707e-05,3.314388522542038211e-05,5.322272130854536993e-05,8.286146346217603128e-05,1.250307691688927361e-04,1.827711879016994377e-04,2.587055836574880330e-04,3.543594816161117376e-04,4.693456481515652693e-04,6.005351622974789728e-04,7.413999005391786086e-04,8.817486694677641179e-04,1.008067989519943058e-03,1.104602822696543803e-03,1.155172582758546597e-03,1.145535737392973114e-03,1.065935319073366312e-03,9.133322406782379624e-04,6.928129031899743148e-04,4.177680302991145650e-04,1.086698156421133515e-04,-2.094258090985148119e-04,-5.102327942013776263e-04,-7.698218832806677514e-04,-9.697618539563253315e-04,-1.099243494378125425e-03,-1.155854496265555122e-03,-1.144977180036970289e-03,-1.078065983045421554e-03,-9.702573314478604542e-04,-8.378325319666631542e-04,-6.959961593559189181e-04,-5.572832898029249273e-04,-4.307219507181251142e-04,-3.217047478358087630e-04,-2.324028493609234876e-04,-1.625012570982634769e-04,-1.100408006519405226e-04,-7.220029594519539922e-05,-4.591817747264854586e-05,-2.831625615364453101e-05,-1.693619768176416867e-05,-9.827218914560049198e-06,-5.533135194819293455e-06,-3.023550436425692011e-06,-1.603754230619008703e-06,-8.258364774801034301e-07,-4.128952033389268014e-07,-2.004577995575199375e-07,-9.451180085773767881e-08,-4.327800162590929459e-08,-1.924866728708524300e-08,-8.316053360109862114e-09,-3.490156134000708042e-09,-1.423012338725058779e-09,-5.636786946959877975e-10,-2.169374806396792100e-10,-8.112162328273647254e-11,-2.947509165485246757e-11,-1.040653511583524939e-11,-3.570296306629992084e-12,-1.190317901541203806e-12,-3.856511986755516273e-13,-1.214257733434364551e-13,-3.715541585656859207e-14,-1.104938792550343194e-14,-3.193509633790845212e-15,-8.970580828985512417e-16,-2.449080310468730789e-16,-6.498645903323098601e-17,-1.676049545557477214e-17,-4.201469790243320844e-18,-1.023698119259548692e-18,-2.424400095021806792e-19,-5.580890492331815858e-20,-1.248746515478218647e-20,-2.715945836716989626e-21,-5.741800589003885168e-22,-1.179937987206149269e-22,-2.356991307193805474e-23,-4.576652216515752949e-24,-8.638377383269295700e-25,-1.584943427315953212e-25,-2.826802723077068263e-26,-4.900947165722601698e-27,-8.259805159445942038e-28,-1.353216160331066404e-28,-2.155134235005500427e-29,-3.336516748854517001e-30,-8.757055058623913650e-31
1.097068040902332988e-22,3.257001534039930390e-22,1.570657860093368493e-21,7.362547084416740657e-21,3.354698297307771687e-20,1.485776527759095850e-19,6.396223285233393732e-19,2.676449013751182006e-18,1.088564984807631076e-17,4.303325457152049193e-17,1.653493471059993128e-16,6.175083142709013801e-16,2.241394300628727995e-15,7.907176283166782621e-15,2.711092217121810257e-14,9.033961970582549061e-14,2.925593841255656810e-13,9.207496874395234349e-13,2.816112798559379543e-12,8.370042810955853478e-12,2.417473564344246830e-11,6.784820557440145002e-11,1.850301564034433263e-10,4.902953443543061199e-10,1.262310527340580458e-09,3.157535276914389566e-09,7.673301987307984471e-09,1.811527003643058642e-08,4.154413714125146439e-08,9.254401219976556242e-08,2.002297905957255174e-07,4.207415870676957008e-07,8.585569003026035371e-07,1.701161055260096908e-06,3.272614418471006447e-06,6.111689530742036647e-06,1.107850751251714753e-05,1.948867839803102264e-05,3.326455812813643214e-05,5.507871025146480939e-05,8.844584229671142083e-05,1.376996844517537893e-04,2.077768934068555053e-04,3.037302727874766832e-04,4.299185139519554294e-04,5.888767439317463964e-04,7.799614555296313992e-04,9.979729888344656633e-04,1.232062868445571229e-03,1.465295307110860319e-03,1.675213522220411495e-03,1.835635695708682028e-03,1.919672830854343530e-03,1.903658262555590029e-03,1.771377802775389761e-03,1.517781078032904955e-03,1.151320700447313813e-03,6.942494561718477730e-04,1.805881612286577842e-04,-3.480250845687964806e-04,-8.479079637609635706e-04,-1.279294692401750783e-03,-1.611556152928545795e-03,-1.826729531280903845e-03,-1.920806038871853381e-03,-1.902730048540825919e-03,-1.791536614017049701e-03,-1.612379540440502836e-03,-1.392315202444939807e-03,-1.156610654923926913e-03,-9.260967638005399103e-04,-7.157763599891425526e-04,-5.346109085297904955e-04,-3.862084699637917591e-04,-2.700455783726089820e-04,-1.828664724646978518e-04,-1.199828913655970602e-04,-7.630710687929806836e-05,-4.705612686881549328e-05,-2.814467641711386958e-05,-1.633093222147742894e-05,-9.194997753126859123e-06,-5.024554522981957801e-06,-2.665128544286554107e-06,-1.372380086065783707e-06,-6.861517626630612282e-07,-3.331219917152845729e-07,-1.570602860643193774e-07,-7.191964658348673003e-08,-3.198755248582253417e-08,-1.381966810293894534e-08,-5.799962711962337290e-09,-2.364770567959347651e-09,-9.367246865878076502e-10,-3.605080260678490393e-10,-1.348084074492105798e-10,-4.898188675984944671e-11,-1.729364341170155761e-11,-5.933140138740427182e-12,-1.978077535576179622e-12,-6.408775098487707934e-13,-2.017860893964755159e-13,-6.174509627697598189e-14,-1.836194012457151631e-14,-5.306993751894876232e-15,-1.490736583555656095e-15,-4.069896570225141744e-16,-1.079948932666095917e-16,-2.785269338793668990e-17,-6.982028076467263205e-18,-1.701187766979759573e-18,-4.028882837939427412e-19,-9.274357797273031218e-20,-2.075174561936983089e-20,-4.513375326453160555e-21,-9.541759175562226831e-22,-1.960828130740065308e-22,-3.916862503934247548e-23,-7.605508516601469066e-24,-1.435530812697181160e-24,-2.633868636835169107e-25,-4.697597975116000597e-26,-8.144423837539106985e-27,-1.372619450062985306e-27,-2.248782853776866142e-28,-3.581415192442134113e-29,-5.544643846351737446e-30,-1.455252741039952018e-30
1.772390631184403647e-22,5.261915204400223480e-22,2.537508315105003070e-21,1.189471298730137787e-20,5.419751201309346524e-20,2.400376548812735911e-19,1.033354888032913440e-18,4.323991748874250084e-18,1.758653345622509706e-17,6.952325141948581637e-17,2.671335074550939190e-16,9.976281416347029507e-16,3.621130240889139020e-15,1.277459978861594097e-14,4.379960282091021837e-14,1.459500136925600885e-13,4.726502752397555214e-13,1.487535921966625509e-12,4.549628422700047906e-12,1.352239324057660575e-11,3.905598683793140302e-11,1.096135512286309100e-10,2.989292400007501456e-10,7.921066355484675543e-10,2.039351497709926544e-09,5.101220465627860890e-09,1.239675940369862346e-08,2.926649368760835700e-08,6.711747740753754243e-08,1.495113649105748094e-07,3.234853187811257404e-07,6.797376454928777825e-07,1.387059097249294489e-06,2.748345411647235761e-06,5.287138918025746089e-06,9.873864574603234898e-06,1.789810858635638511e-05,3.148533155557567252e-05,5.374123479916994726e-05,8.898353282365523121e-05,1.428904830050182605e-04,2.224635314675645385e-04,3.356781945338727416e-04,4.906976320746983620e-04,6.945636167419782722e-04,9.513718246760179131e-04,1.260082624709994931e-03,1.612295600307948017e-03,1.990484275949754630e-03,2.367287695397327866e-03,2.706425345847069883e-03,2.965598657550668274e-03,3.101366563870542638e-03,3.075493901686500095e-03,2.861785509078184492e-03,2.452082152244523805e-03,1.860039620954687806e-03,1.121608857379323421e-03,2.917528841704531556e-04,-5.622590179543938971e-04,-1.369854990799378516e-03,-2.066790611703388236e-03,-2.603582385581863431e-03,-2.951210122106159503e-03,-3.103197341177458060e-03,-3.073994306618397371e-03,-2.894353487406261735e-03,-2.604912626057035233e-03,-2.249383200005820264e-03,-1.868585914716033684e-03,-1.496174500152438417e-03,-1.156387085549019514e-03,-8.637015483814725319e-04,-6.239469643878009595e-04,-4.362776375353304061e-04,-2.954336563186987178e-04,-1.938408053377342448e-04,-1.232795016199859288e-04,-7.602248474353091726e-05,-4.546970556026781155e-05,-2.638377036673759290e-05,-1.485516600957515520e-05,-8.117521457542094319e-06,-4.305702733725062515e-06,-2.217176616471656756e-06,-1.108526463604213822e-06,-5.381820225772283846e-07,-2.537419459622391249e-07,-1.161912507248145152e-07,-5.167814230898574765e-08,-2.232664644171089188e-08,-9.370247959685165951e-09,-3.820453283922491816e-09,-1.513344657403221299e-09,-5.824260884893612806e-10,-2.177924699833077239e-10,-7.913368538152581646e-11,-2.793909804968256344e-11,-9.585405465606662031e-12,-3.195723474842938703e-12,-1.035382721803181531e-12,-3.259996290252776623e-13,-9.975354862482347368e-14,-2.966500657551882301e-14,-8.573821909784299993e-15,-2.408389868038356643e-15,-6.575204346508486879e-16,-1.744733506994367092e-16,-4.499798642701066489e-17,-1.127995774921922520e-17,-2.748388566310302411e-18,-6.508943775474651807e-19,-1.498337774621410150e-19,-3.352590554569543247e-20,-7.291675489010599847e-21,-1.541538349241706898e-21,-3.167855847325592016e-22,-6.327967041953523256e-23,-1.228723428050136116e-23,-2.319201059861613691e-24,-4.255200153180509681e-25,-7.589300143424407091e-26,-1.315788991007004066e-26,-2.217563325855467298e-27,-3.633066968502677414e-28,-5.786028301622016249e-29,-8.957762363075526450e-30,-2.351063223118915148e-30
2.783754064154044731e-22,8.264474872390084209e-22,3.985464017194558885e-21,1.868208680285058360e-20,8.512375414254249905e-20,3.770081976111679784e-19,1.623008956751693870e-18,6.791352533980321398e-18,2.762177994048210195e-17,1.091946833203853774e-16,4.195655144898359128e-16,1.566895776206070754e-15,5.687423442410174185e-15,2.006405554950223714e-14,6.879257891335426882e-14,2.292321662231440366e-13,7.423544795782186301e-13,2.336355256844579525e-12,7.145742247361478316e-12,2.123855569885833472e-11,6.134215571709806111e-11,1.721613527798625809e-10,4.695045618642708454e-10,1.244099369041426670e-09,3.203048425162910256e-09,8.012084330330682780e-09,1.947061148101710791e-08,4.596657154070838822e-08,1.054161239749642693e-07,2.348256994728669503e-07,5.080728565177346547e-07,1.067610265991322069e-06,2.178544239206069189e-06,4.316609202712587241e-06,8.304091768396369526e-06,1.550809971281030944e-05,2.811114640379548164e-05,4.945152504022280369e-05,8.440711553799805323e-05,1.397594112620110878e-04,2.244268028703942002e-04,3.494059091449049819e-04,5.272232440413683347e-04,7.707000384254430883e-04,1.090896248772746380e-03,1.494244630312530075e-03,1.979112316432348525e-03,2.532305435949912340e-03,3.126296537184407830e-03,3.718111925857151001e-03,4.250768664240081596e-03,4.657831727585787923e-03,4.871071661463711316e-03,4.830435513180094884e-03,4.494780609571352031e-03,3.851291886139588533e-03,2.921417413981743788e-03,1.761622500246692175e-03,4.582332262134738987e-04,-8.830958586662392140e-04,-2.151523107178261729e-03,-3.246144875658711626e-03,-4.089241344262861677e-03,-4.635232790694474719e-03,-4.873947118870800357e-03,-4.828080217574293870e-03,-4.545932562440504685e-03,-4.091330647977252377e-03,-3.532928641510410181e-03,-2.934840403007405851e-03,-2.349923189731464336e-03,-1.816245918080253065e-03,-1.356547847421414989e-03,-9.799842469097428017e-04,-6.852268485401107230e-04,-4.640143244920526462e-04,-3.044504524926438865e-04,-1.936253823640402276e-04,-1.194025160979742049e-04,-7.141567745971394389e-05,-4.143890556284037722e-05,-2.333183668726787391e-05,-1.274955021241000894e-05,-6.762627421493847845e-06,-3.482344302918048270e-06,-1.741075016977730075e-06,-8.452800224986865545e-07,-3.985324458901709433e-07,-1.824924261804530644e-07,-8.116677900990539570e-08,-3.506670125507845271e-08,-1.471710884776785095e-08,-6.000484412921434361e-09,-2.376891000431923066e-09,-9.147706845065864410e-10,-3.420694415728421889e-10,-1.242890333634311035e-10,-4.388173598764110910e-11,-1.505503975927470314e-11,-5.019270613646676931e-12,-1.626193915191499500e-12,-5.120218851559779008e-13,-1.566750249704125670e-13,-4.659248427790061488e-14,-1.346622531554785164e-14,-3.782667864103442208e-15,-1.032715446594571463e-15,-2.740315202250689781e-16,-7.067478545135000756e-17,-1.771653927491787822e-17,-4.316676982335544630e-18,-1.022308421717366918e-18,-2.353320874185959145e-19,-5.265649353771892113e-20,-1.145245913620139112e-20,-2.421172606787766451e-21,-4.975501130782769841e-22,-9.938838346882594217e-23,-1.929858901516594041e-23,-3.642586043047322224e-24,-6.683307004556577261e-25,-1.191991468845937573e-25,-2.066605908900119468e-26,-3.482951676823043949e-27,-5.706171518270151635e-28,-9.087657944336622181e-29,-1.406925027993096923e-29,-3.692629427897040010e-30
4.250576323986602031e-22,1.261921147241817467e-21,6.085494120952769333e-21,2.852609606193458362e-20,1.299773635272992157e-19,5.756622466582279387e-19,2.478208665780029932e-18,1.036986803557869997e-17,4.217631340111229949e-17,1.667318035035857083e-16,6.406439653618229552e-16,2.392528195740631308e-15,8.684254022325547672e-15,3.063625504136718576e-14,1.050409269124652961e-13,3.500197201293917746e-13,1.133517653564511956e-12,3.567433081479156735e-12,1.091099361292744296e-11,3.242962558068929584e-11,9.366470914614793839e-11,2.628770190063359378e-10,7.168970134114343912e-10,1.899643144065301332e-09,4.890806259035460128e-09,1.223383071041401815e-08,2.973011202406747984e-08,7.018738587639799009e-08,1.609622367522565694e-07,3.585606111171634457e-07,7.757878048867086738e-07,1.630157986404874688e-06,3.326467910066886906e-06,6.591127108970590448e-06,1.267970339674530424e-05,2.367966420529563749e-05,4.292353799594924506e-05,7.550863929672564732e-05,1.288831120183185500e-04,2.134017700105770546e-04,3.426823033804167863e-04,5.335156952249206323e-04,8.050289597901904171e-04,1.176799121161684275e-03,1.665713874177439293e-03,2.281595536630378132e-03,3.021950847979831128e-03,3.866633791308807938e-03,4.773612085145016899e-03,5.677268234822802767e-03,6.490593718613496196e-03,7.112147411774417602e-03,7.437748234757127902e-03,7.375699991337716227e-03,6.863181013931980018e-03,5.880623694019242870e-03,4.460777570926173496e-03,2.689860784676104122e-03,6.996865589844816768e-04,-1.348418812204973949e-03,-3.285208739393842559e-03,-4.956611192913847747e-03,-6.243954042065496396e-03,-7.077640589733494303e-03,-7.442138834965875138e-03,-7.372103637813917643e-03,-6.941286074501458458e-03,-6.247144246622834615e-03,-5.394507737342725713e-03,-4.481273433001180945e-03,-3.588150261576737721e-03,-2.773266502720051277e-03,-2.071343239998718177e-03,-1.496359858592694395e-03,-1.046288196385502514e-03,-7.085138472086697798e-04,-4.648722032797459182e-04,-2.956509257040090561e-04,-1.823183716140206411e-04,-1.090461947341499606e-04,-6.327399145831245127e-05,-3.562590312666882592e-05,-1.946757329326682403e-05,-1.032600701904304373e-05,-5.317269379704067223e-06,-2.658486373040664837e-06,-1.290676966416437045e-06,-6.085281026274918085e-07,-2.786517659796336462e-07,-1.239353697211750409e-07,-5.354413022130365092e-08,-2.247188256727911389e-08,-9.162273818095106136e-09,-3.629328014722805021e-09,-1.396783812014773769e-09,-5.223134788491783776e-10,-1.897797040868721105e-10,-6.700400385447872808e-11,-2.298787683203493945e-11,-7.664036528504084638e-12,-2.483071850035950952e-12,-7.818176650128662127e-13,-2.392305988070896630e-13,-7.114310602993057826e-14,-2.056188053276575920e-14,-5.775840140371385823e-15,-1.576876306436249243e-15,-4.184248554473868495e-16,-1.079149101605827231e-16,-2.705177995234616701e-17,-6.591230603192351559e-18,-1.560985587455071272e-18,-3.593338261940920678e-19,-8.040237735713782781e-20,-1.748701592665843878e-20,-3.696942589583378493e-21,-7.597203926454191780e-22,-1.517583449959948114e-22,-2.946744707461823799e-23,-5.561946075637295666e-24,-1.020489090085436121e-24,-1.820078426148701721e-25,-3.155546770634387133e-26,-5.318196792500238570e-27,-8.712880878554353669e-28,-1.387614811095922664e-28,-2.148265283423653766e-29,-5.638358438910844038e-30
6.309723232763638364e-22,1.873245549252848707e-21,9.033547620622133439e-21,4.234526269915816147e-20,1.929435276231850072e-19,8.545357558848960304e-19,3.678750739250954142e-18,1.539344133066076752e-17,6.260818398614823834e-17,2.475032687380284754e-16,9.509971834553651708e-16,3.551563268377701901e-15,1.289124937121376022e-14,4.547766595991495095e-14,1.559268970634525331e-13,5.195830851366695203e-13,1.682638336143483407e-12,5.295638445194868800e-12,1.619670949172689825e-11,4.813981595897713273e-11,1.390395904796267208e-10,3.902250207398343211e-10,1.064190217099421255e-09,2.819905247302338379e-09,7.260105813283837357e-09,1.816038108140549852e-08,4.413255150656478641e-08,1.041889253492788268e-07,2.389386961720897536e-07,5.322615207619581601e-07,1.151610031930293513e-06,2.419870844772164572e-06,4.937940235715155982e-06,9.784129181466940390e-06,1.882225209214898848e-05,3.515102799990708996e-05,6.371739366191094391e-05,1.120880039152116081e-04,1.913191775015927586e-04,3.167820087243443166e-04,5.086911341632889029e-04,7.919717517382298625e-04,1.195016756191693598e-03,1.746887054630168364e-03,2.472651407698191368e-03,3.386890451538646790e-03,4.485903091815230184e-03,5.739783786008532604e-03,7.086138156811420258e-03,8.427561005726148802e-03,9.634893449543952687e-03,1.055755227959863374e-02,1.104088699018537442e-02,1.094878012908838752e-02,1.018797673385930802e-02,8.729429874227645492e-03,6.621754258741424648e-03,3.992935496815709639e-03,1.038642339384249214e-03,-2.001646096519316131e-03,-4.876693494587094890e-03,-7.357789253945701269e-03,-9.268771780711851371e-03,-1.050632899124318009e-02,-1.104740457039833298e-02,-1.094344155999732102e-02,-1.030391896797253071e-02,-9.273507446249513314e-03,-8.007820164892466563e-03,-6.652179125219028974e-03,-5.326391844878902715e-03,-4.116746236060051835e-03,-3.074783645383371081e-03,-2.221255623868423606e-03,-1.553151487633601044e-03,-1.051745914369177576e-03,-6.900746434660350601e-04,-4.388759011749811300e-04,-2.706405855226896840e-04,-1.618724746749660250e-04,-9.392640985675856642e-05,-5.288449648063228540e-05,-2.889843403137567991e-05,-1.532833230685949231e-05,-7.893164498811879224e-06,-3.946362082078233992e-06,-1.915931822005869696e-06,-9.033231294473155978e-07,-4.136416776544964675e-07,-1.839745535865157595e-07,-7.948301987402333500e-08,-3.335814927461673498e-08,-1.360084081980567613e-08,-5.387517726616998016e-09,-2.073441010830203522e-09,-7.753427396850663232e-10,-2.817164818865893075e-10,-9.946338745242550083e-11,-3.412411152353089670e-11,-1.137679826327557710e-11,-3.685969841872787922e-12,-1.160560994253591053e-12,-3.551233414543913570e-13,-1.056076340600802279e-13,-3.052286688154783373e-14,-8.573885032194754099e-15,-2.340777416410105648e-15,-6.211263674253848623e-16,-1.601931512108922654e-16,-4.015672968620862153e-17,-9.784282812373886660e-18,-2.317188606070423856e-18,-5.334093117349809206e-19,-1.193524618101554010e-19,-2.595841651907049613e-20,-5.487887469765415237e-21,-1.127758931142578640e-21,-2.252760760425310687e-22,-4.374264129024407672e-23,-8.256372241755754790e-24,-1.514854276150199458e-24,-2.701796240221673313e-25,-4.684218151403549911e-26,-7.894541186964252303e-27,-1.293374420628080646e-27,-2.059830184036569630e-28,-3.188969762162637770e-29,-8.369801769205112674e-30
9.105804825809414100e-22,2.703352862410973693e-21,1.303666079851359586e-20,6.111008093571777013e-20,2.784442423428407002e-19,1.233213490151013310e-18,5.308947001111099504e-18,2.221486857406122416e-17,9.035228374454881030e-17,3.571815079266518142e-16,1.372420694694425062e-15,5.125397859043081362e-15,1.860385890233365284e-14,6.563057282989013348e-14,2.250241158568208627e-13,7.498303791645367811e-13,2.428280245603803203e-12,7.642339977704032333e-12,2.337409582185476280e-11,6.947242411468406549e-11,2.006533927500685028e-10,5.631487699101538804e-10,1.535773924936290727e-09,4.069513964713848162e-09,1.047733856331629066e-08,2.620794598896706646e-08,6.368938631049044131e-08,1.503590544693077768e-07,3.448216431077060801e-07,7.681271183465330483e-07,1.661932829597095228e-06,3.492208897807815087e-06,7.126131902974071951e-06,1.411985398255296709e-05,2.716311755852125092e-05,5.072780351627602808e-05,9.195302698570241508e-05,1.617585192432349620e-04,2.761000800665628523e-04,4.571603281731127831e-04,7.341117848495119520e-04,1.142924964035877625e-03,1.724574746630745713e-03,2.521000047925760386e-03,3.568378562763202012e-03,4.887752169218446095e-03,6.473779675384143395e-03,8.283303240045149229e-03,1.022627913211720564e-02,1.216213815485101685e-02,1.390448614504284641e-02,1.523601066955162717e-02,1.593352962209278190e-02,1.580060666028806210e-02,1.470266195301526968e-02,1.259777675549348525e-02,9.556108827639020475e-03,5.762359136016415029e-03,1.498904797780323261e-03,-2.888652641783950870e-03,-7.037744369899234798e-03,-1.061830930205832912e-02,-1.337612185141213994e-02,-1.516208836755919553e-02,-1.594293539333920678e-02,-1.579290236544042547e-02,-1.486998266043093597e-02,-1.338295607290096792e-02,-1.155639396718108336e-02,-9.600016125277357343e-03,-7.686721394276901584e-03,-5.941035186503670039e-03,-4.437338806093502584e-03,-3.205579616258127928e-03,-2.241412783031478118e-03,-1.517815071960538706e-03,-9.958733191359828152e-04,-6.333587308710263413e-04,-3.905718616810065344e-04,-2.336044080994377015e-04,-1.355488227603320972e-04,-7.631965547448001748e-05,-4.170444413391185038e-05,-2.212090723197664160e-05,-1.139092995568816429e-05,-5.695147245886398881e-06,-2.764955068100756111e-06,-1.303620429605422719e-06,-5.969422501741793087e-07,-2.655007701725262936e-07,-1.147050099092516465e-07,-4.814043111552342365e-08,-1.962789767528491957e-08,-7.774934510507196322e-09,-2.992262650192243166e-09,-1.118926995723116262e-09,-4.065559146798567433e-10,-1.435394485692774274e-10,-4.924582076341424977e-11,-1.641829612907143893e-11,-5.319365166388192980e-12,-1.674850308369522943e-12,-5.124921834260279668e-13,-1.524064476985620735e-13,-4.404872579899244924e-14,-1.237330399797881075e-14,-3.378066122427541935e-15,-8.963714041483076574e-16,-2.311809116734998539e-16,-5.795172458067468233e-17,-1.412007569323694346e-17,-3.344024200919663879e-18,-7.697835397450015164e-19,-1.722421384633588578e-19,-3.746159152945805523e-20,-7.919781955919727250e-21,-1.627512386632829264e-21,-3.251045893290341323e-22,-6.312669184697272678e-23,-1.191508905054294585e-23,-2.186144600850393392e-24,-3.899066303703567633e-25,-6.759975782568892522e-26,-1.139291670742971549e-26,-1.866518483691915509e-27,-2.972620341373174361e-28,-4.602125192889329714e-29,-1.207878357411156590e-29
1.277532335065122588e-21,3.792768196647441239e-21,1.829026212397068190e-20,8.573663271646774795e-20,3.906535774821755528e-19,1.730182163844481169e-18,7.448382201035763547e-18,3.116716585242944493e-17,1.267630552584126937e-16,5.011209163744132044e-16,1.925488024754379101e-15,7.190865190127821611e-15,2.610096719551400984e-14,9.207882286404977000e-14,3.157058488248183364e-13,1.052002072877381187e-12,3.406844965055552781e-12,1.072210158667650437e-11,3.279354629992926882e-11,9.746888924118571594e-11,2.815140476678831096e-10,7.900902520699720083e-10,2.154670439338770286e-09,5.709474096331613419e-09,1.469956698624002444e-08,3.676940048357521077e-08,8.935536393387751644e-08,2.109517583881271104e-07,4.837801900297404477e-07,1.077672155180268063e-06,2.331669708644170111e-06,4.899522747408611116e-06,9.997868507113887631e-06,1.980996778887804844e-05,3.810949352200891497e-05,7.117043525376953402e-05,1.290088767863621102e-04,2.269450562126636910e-04,3.873647489119674478e-04,6.413898746157463849e-04,1.029949093614861578e-03,1.603508559694157790e-03,2.419555487080933195e-03,3.536929617464769273e-03,5.006387776687252870e-03,6.857451440494960471e-03,9.082626987511237607e-03,1.162136453914905734e-02,1.434733393543841454e-02,1.706331845847613299e-02,1.950780957044979946e-02,2.137592081106266806e-02,2.235453064647925647e-02,2.216804149474949082e-02,2.062763963847545623e-02,1.767451363492650307e-02,1.340709389037997301e-02,8.084513410229518526e-03,2.102943543135227245e-03,-4.052741328466002990e-03,-9.873861970975811309e-03,-1.489734706223125316e-02,-1.876652147706359131e-02,-2.127220880220205557e-02,-2.236772681873797075e-02,-2.215723247130234330e-02,-2.086238837089244430e-02,-1.877610979913288750e-02,-1.621346740046452836e-02,-1.346869524638453705e-02,-1.078436812525546476e-02,-8.335193538308065947e-03,-6.225527468319991091e-03,-4.497385668522035918e-03,-3.144672394509057198e-03,-2.129474406900023348e-03,-1.397197053047706397e-03,-8.885938957203839538e-04,-5.479671396533766520e-04,-3.277438849939910909e-04,-1.901731998093237870e-04,-1.070754639867998960e-04,-5.851078176634815669e-05,-3.103533933620640197e-05,-1.598132358779173260e-05,-7.990216020175065033e-06,-3.879195273864131326e-06,-1.828962165707716415e-06,-8.375020564931363040e-07,-3.724940577670974109e-07,-1.609296069444453883e-07,-6.754038610594699213e-08,-2.753768000655238422e-08,-1.090812995687477586e-08,-4.198104795518130393e-09,-1.569839728567315596e-09,-5.703925539270777170e-10,-2.013839417960173072e-10,-6.909123311512521238e-11,-2.303465162366788654e-11,-7.462998748686627920e-12,-2.349792759966903370e-12,-7.190197333673698641e-13,-2.138242239230269803e-13,-6.179977783746066439e-14,-1.735958133454000427e-14,-4.739381948048317647e-15,-1.257597186556651807e-15,-3.243437516644545782e-16,-8.130550065685069578e-17,-1.981027884602602965e-17,-4.691621583856495124e-18,-1.079996092424172649e-18,-2.416534348770722416e-19,-5.255811585839757807e-20,-1.111134900088686727e-20,-2.283378283871403221e-21,-4.561174251930992606e-22,-8.856591106764847740e-23,-1.671671184309172248e-23,-3.067131868232366146e-24,-5.470338289511289092e-25,-9.484156328511308825e-26,-1.598411097412397191e-26,-2.618700666803697760e-27,-4.170546896868045696e-28,-6.456720582533855452e-29,-1.694637308768528208e-29
1.742492836386399772e-21,5.173153924433106280e-21,2.494704036201462943e-20,1.169406552177181549e-19,5.328327444930861129e-19,2.359885494396387618e-18,1.015923610834569425e-17,4.251051948955697395e-17,1.728987279957792997e-16,6.835048968848926798e-16,2.626273322084856988e-15,9.807995255618583790e-15,3.560046748924063982e-14,1.255910984165579528e-13,4.306076369914264678e-13,1.434880374874448539e-12,4.646773144873662659e-12,1.462443234741186320e-11,4.472882442104264453e-11,1.329428904550171492e-10,3.839716600037513369e-10,1.077645212213330860e-09,2.938867144313774899e-09,7.787448849100461424e-09,2.004950439880605913e-08,5.015169885119673726e-08,1.218764310490377820e-07,2.877280814936768711e-07,6.598529777874480128e-07,1.469893136034778732e-06,3.180285659011913552e-06,6.682714053289686573e-06,1.363661316008179829e-05,2.701984600601564922e-05,5.197952148665518712e-05,9.707306045280913748e-05,1.759619208534805228e-04,3.095421727104207248e-04,5.283469400508833402e-04,8.748250288253833513e-04,1.404801168790042933e-03,2.187108773422091236e-03,3.300157645922133232e-03,4.824202372084033380e-03,6.828472828130225346e-03,9.353234891170821366e-03,1.238826762103154878e-02,1.585098388720614093e-02,1.956907541011123144e-02,2.327354804476145650e-02,2.660771668715995741e-02,2.915573082738517202e-02,3.049050771015091033e-02,3.023614545094734096e-02,2.813511119448211528e-02,2.410718895338415102e-02,1.828663308123307241e-02,1.102688856973360609e-02,2.868314138640915001e-03,-5.527744808290241396e-03,-1.346747419196750450e-02,-2.031926693720556565e-02,-2.559663527890880530e-02,-2.901427262118042028e-02,-3.050850665624212088e-02,-3.022140246135085473e-02,-2.845529720728184192e-02,-2.560971329036904054e-02,-2.211439195928743481e-02,-1.837065437650951122e-02,-1.470936091981849686e-02,-1.136880424216863902e-02,-8.491320899303371472e-03,-6.134218363613490321e-03,-4.289182332073631504e-03,-2.904500964433364731e-03,-1.905709772764148466e-03,-1.211999458057177103e-03,-7.474008987588399815e-04,-4.470269409990036517e-04,-2.593871241024462305e-04,-1.460457976903083133e-04,-7.980590023502778471e-05,-4.233071444364172175e-05,-2.179775893209032040e-05,-1.089827145206865764e-05,-5.291036312836369059e-06,-2.494616679588771176e-06,-1.142312639643497978e-06,-5.080640305065788724e-07,-2.195002659160723084e-07,-9.212184750719852141e-08,-3.756007486078412739e-08,-1.487816612270499869e-08,-5.726013605923179463e-09,-2.141186102474554771e-09,-7.779880883370452884e-10,-2.746780385209794364e-10,-9.423712845128969480e-11,-3.141816010539681788e-11,-1.017917237835249869e-11,-3.205004631860247067e-12,-9.807084331444571345e-13,-2.916459867239001433e-13,-8.429193314042959673e-14,-2.367763639936446148e-14,-6.464289683088325785e-15,-1.715302249882349359e-15,-4.423893222030987874e-16,-1.108968035992217326e-16,-2.702027027304772583e-17,-6.399146836850144417e-18,-1.473062874982726050e-18,-3.296036958156531479e-19,-7.168674941801435389e-20,-1.515534715263985052e-20,-3.114418471610247726e-21,-6.221222932173146204e-22,-1.207996552005438423e-22,-2.280079324413981389e-23,-4.183420772966108245e-24,-7.461279077212362949e-25,-1.293593438537684308e-25,-2.180156079336847366e-26,-3.571782120343065396e-27,-5.688425953802298116e-28,-8.806657219396604438e-29,-2.311404016753722868e-29
2.310551419435352410e-21,6.859619674445494684e-21,3.307986025279813085e-20,1.550637060083054088e-19,7.065380289673222766e-19,3.129216180934304109e-18,1.347118158557053902e-17,5.636909323037764948e-17,2.292643005739319718e-16,9.063298147976994913e-16,3.482447345237033869e-15,1.300543502186279985e-14,4.720634080792644053e-14,1.665342230712466621e-13,5.709871892119609106e-13,1.902656250663011665e-12,6.161636972894334462e-12,1.939204696463716875e-11,5.931057310401311638e-11,1.762827242846489592e-10,5.091477253269381153e-10,1.428961211623071887e-09,3.896947815239300618e-09,1.032618362402226127e-08,2.658571093107448178e-08,6.650132301722204737e-08,1.616085615250269638e-07,3.815284133307080425e-07,8.749672897406092051e-07,1.949083290882649257e-06,4.217069585708432025e-06,8.861301532539055391e-06,1.808219536710391749e-05,3.582840757703995851e-05,6.892502204004996927e-05,1.287192078696360400e-04,2.333261047073962452e-04,4.104539723757960070e-04,7.005898370409085335e-04,1.160020959570727886e-03,1.862771121230885835e-03,2.900113662085282602e-03,4.376020247497275709e-03,6.396908730814681969e-03,9.054578163048120770e-03,1.240242123400888200e-02,1.642688494231042337e-02,2.101845847239378409e-02,2.594866046028524581e-02,3.086080375609414478e-02,3.528192270043766648e-02,3.866059810472106950e-02,4.043051678484584077e-02,4.009323156519899178e-02,3.730725300495105201e-02,3.196621443239405780e-02,2.424813757637006573e-02,1.462169169635751942e-02,3.803394290083361717e-03,-7.329808390810044205e-03,-1.785791652090276682e-02,-2.694341697324220686e-02,-3.394122531895285566e-02,-3.847302404282995636e-02,-4.045438344849622281e-02,-4.007368231091938682e-02,-3.773182074543722508e-02,-3.395856680656857834e-02,-2.932375884967525215e-02,-2.435955009928542428e-02,-1.950466254010874492e-02,-1.507507303932494221e-02,-1.125952035329680183e-02,-8.133994385059619900e-03,-5.687470340562214739e-03,-3.851378143992963306e-03,-2.526977631439522327e-03,-1.607115397946981029e-03,-9.910561303056951953e-04,-5.927592420942684546e-04,-3.439482075697107219e-04,-1.936572237827450128e-04,-1.058228947728485241e-04,-5.613067112878531025e-05,-2.890390238016604397e-05,-1.445114496148506056e-05,-7.015932121856457859e-06,-3.307870190114682108e-06,-1.514710440038765995e-06,-6.736946300941402009e-07,-2.910580981386331375e-07,-1.221538826869325155e-07,-4.980478683841121683e-08,-1.972849881248409755e-08,-7.592713489892465250e-09,-2.839220044432239086e-09,-1.031614847575959222e-09,-3.642240120243649921e-10,-1.249587524033619119e-10,-4.166058701171868489e-11,-1.349761714731326200e-11,-4.249847027663437976e-12,-1.300422713331414437e-12,-3.867235689731707770e-13,-1.117713896422480474e-13,-3.139662628678599511e-14,-8.571670075772386231e-15,-2.274496609377997376e-15,-5.866097438191937780e-16,-1.470495382342022395e-16,-3.582897015656513314e-17,-8.485290440402436681e-18,-1.953286375493660667e-18,-4.370556201524103187e-19,-9.505687321274565797e-20,-2.009604179962446985e-20,-4.129729471495492981e-21,-8.249362738481226838e-22,-1.601807530926480021e-22,-3.023392928475540111e-23,-5.547230153965890156e-24,-9.893681398661017097e-25,-1.715309293198545416e-25,-2.890894366113401254e-26,-4.736195223153547697e-27,-7.542872135513521842e-28,-1.167765738478211165e-28,-3.064929576912526743e-29
2.978556281010088414e-21,8.842808298831572085e-21,4.264359784513504109e-20,1.998942640283718876e-19,9.108056484920774102e-19,4.033905686737760052e-18,1.736584271045313094e-17,7.266599448248330845e-17,2.955470355439004462e-16,1.168359353453432313e-15,4.489259717915095801e-15,1.676544388746147620e-14,6.085419339047357360e-14,2.146810289351691746e-13,7.360656268014119778e-13,2.452734303312031020e-12,7.943031413429160047e-12,2.499849291485483912e-11,7.645788730918499285e-11,2.272479249909633117e-10,6.563477196301264890e-10,1.842089016672826224e-09,5.023596659314370993e-09,1.331159256335063917e-08,3.427192124476576948e-08,8.572755910224782212e-08,2.083313065211967228e-07,4.918323142913223781e-07,1.127929590578915478e-06,2.512583892068946682e-06,5.436269020595080250e-06,1.142319756039813407e-05,2.330994936191487692e-05,4.618677928113833171e-05,8.885197515592122930e-05,1.659332927463861586e-04,3.007831502272592314e-04,5.291205584960460709e-04,9.031377713463639885e-04,1.495395292296544448e-03,2.401317960966365978e-03,3.738567205727119300e-03,5.641174000445106293e-03,8.246322725798730519e-03,1.167235250970282204e-02,1.598809243350123727e-02,2.117607117971240238e-02,2.709511719734726889e-02,3.345069274271696841e-02,3.978298863705741206e-02,4.548229984476258314e-02,4.983778605566106801e-02,5.211940695239536403e-02,5.168460900718599427e-02,4.809317456881559427e-02,4.120798523539906388e-02,3.125853070110140575e-02,1.884897746695529674e-02,4.902995820216082823e-03,-9.448933547812038425e-03,-2.302082912835040629e-02,-3.473304388834436152e-02,-4.375399266537449705e-02,-4.959598234789630578e-02,-5.215017372102245807e-02,-5.165940785665822099e-02,-4.864048933510990713e-02,-4.377634776053732080e-02,-3.780156778587058508e-02,-3.140215376316419366e-02,-2.514366684469638083e-02,-1.943343615306341449e-02,-1.451476681599609894e-02,-1.048561822148960480e-02,-7.331778190887435799e-03,-4.964852313972105760e-03,-3.257553600748481614e-03,-2.071749463179140341e-03,-1.277580943200541490e-03,-7.641322105257973649e-04,-4.433872734367781589e-04,-2.496455761205396747e-04,-1.364174132845588161e-04,-7.235864202875507138e-05,-3.726032636883903741e-05,-1.862912386660377952e-05,-9.044312328614058860e-06,-4.264210460176587748e-06,-1.952629254271926987e-06,-8.684668755132205850e-07,-3.752060737784976371e-07,-1.574698625905698423e-07,-6.420387766058471753e-08,-2.543221655165960661e-08,-9.787847292641439976e-09,-3.660068598940769299e-09,-1.329865614755083905e-09,-4.695250274823914526e-10,-1.610856498182470346e-10,-5.370510349630998792e-11,-1.739992107279044857e-11,-5.478522767812878429e-12,-1.676388678555364779e-12,-4.985294443960761012e-13,-1.440856809572750751e-13,-4.047372313050978116e-14,-1.104983058510648579e-14,-2.932077643896180599e-15,-7.562048272361614864e-16,-1.895631155588619499e-16,-4.618750450835660107e-17,-1.093847768323282565e-17,-2.518002132910687074e-18,-5.634130240970143022e-19,-1.225388209842100823e-19,-2.590602010507972608e-20,-5.323677955282802083e-21,-1.063434078651168464e-21,-2.064907035644433034e-22,-3.897487812356502666e-23,-7.150993082569636942e-24,-1.275404936865503338e-24,-2.211223358266601069e-25,-3.726682513747281245e-26,-6.105479372305516773e-27,-9.723596275377353190e-28,-1.505379168727878175e-28,-3.951033145324797001e-29
3.732858433565094425e-21,1.108219836071011776e-20,5.344284238261557282e-20,2.505163303634309356e-19,1.141461911594103550e-18,5.055468972988071692e-18,2.176364194659323059e-17,9.106823734260527956e-17,3.703926130853845023e-16,1.464239602850241204e-15,5.626138779153944875e-15,2.101119559391035306e-14,7.626516593414707714e-14,2.690477579679370193e-13,9.224699899681845662e-13,3.073875080952944430e-12,9.954558182676585557e-12,3.132921667405542857e-11,9.582040509836387839e-11,2.847971477728871937e-10,8.225639838310123001e-10,2.308587406961120439e-09,6.295793460780912200e-09,1.668267639630935236e-08,4.295108709835060011e-08,1.074375676645790228e-07,2.610900050743925039e-07,6.163860035169796596e-07,1.413571236341496111e-06,3.148881231939918404e-06,6.812972710985802497e-06,1.431605627984042052e-05,2.921305923153209329e-05,5.788331402633103582e-05,1.113532240146970672e-04,2.079549395076479975e-04,3.769547435307651516e-04,6.631172799208759350e-04,1.131852188906165915e-03,1.874095501888493973e-03,3.009437847259643743e-03,4.685337729665409179e-03,7.069768691974718557e-03,1.033465626590696941e-02,1.462830827914161219e-02,2.003698437981992625e-02,2.653878874034843599e-02,3.395679893087449192e-02,4.192188722749318197e-02,4.985780043609058798e-02,5.700042924684435575e-02,6.245891715196982830e-02,6.531834534571365203e-02,6.477343733540694148e-02,6.027249289553190947e-02,5.164366918191037881e-02,3.917457282656772177e-02,2.362237200290268069e-02,6.144651156640645873e-03,-1.184182132364652862e-02,-2.885072097085983334e-02,-4.352898638464708370e-02,-5.483443826943637522e-02,-6.215587805361486029e-02,-6.535690362056478797e-02,-6.474185413925145904e-02,-6.095841196115518723e-02,-5.486245466316494457e-02,-4.737459621330972204e-02,-3.935456759849590563e-02,-3.151115506205828115e-02,-2.435484147122156037e-02,-1.819054757023026714e-02,-1.314104039556973462e-02,-9.188508616530727258e-03,-6.222172449711482235e-03,-4.082510211027704124e-03,-2.596408033371005314e-03,-1.601120928549634465e-03,-9.576442737058751386e-04,-5.556725362337767852e-04,-3.128668745207509230e-04,-1.709643342685849101e-04,-9.068304965745317009e-05,-4.669628853752664344e-05,-2.334684174972133364e-05,-1.133473212069534854e-05,-5.344097098399877118e-06,-2.447121320454991883e-06,-1.088401089212286215e-06,-4.702248420681017397e-07,-1.973481946106483561e-07,-8.046313837374333029e-08,-3.187277831356696384e-08,-1.226656301434521393e-08,-4.586959804684200132e-09,-1.666646390802231683e-09,-5.884295253313687161e-10,-2.018796590428844764e-10,-6.730561036896133740e-11,-2.180635045711037198e-11,-6.865926975324311222e-12,-2.100924416494939875e-12,-6.247791430898678659e-13,-1.805745463822296486e-13,-5.072345944534829330e-14,-1.384813627731504576e-14,-3.674609350397718510e-15,-9.477093264438466859e-16,-2.375688782911990276e-16,-5.788422291314831721e-17,-1.370858389701894325e-17,-3.155671610940019107e-18,-7.060941141148257821e-19,-1.535710687309607307e-19,-3.246656987678619119e-20,-6.671868609520766546e-21,-1.332742609009003509e-21,-2.587832800634318726e-22,-4.884504060852713524e-23,-8.961940725049300906e-24,-1.598393861194546115e-24,-2.771202885782808655e-25,-4.670443308173360293e-26,-7.651656714084316039e-27,-1.218604079853614068e-27,-1.886607737287243556e-28,-4.951609439731497978e-29
4.548024184589909745e-21,1.350228171251470427e-20,6.511346304050072111e-20,3.052230212865186290e-19,1.390729509867881948e-18,6.159460789311155020e-18,2.651629352665494489e-17,1.109553317527170414e-16,4.512773768644998546e-16,1.783994020752914969e-15,6.854751041017502987e-15,2.559953113919417411e-14,9.291962855901719353e-14,3.278012632478050986e-13,1.123915063643815393e-12,3.745134849710962767e-12,1.212839226760634412e-11,3.817075778621952032e-11,1.167452576947447891e-10,3.469899378252758914e-10,1.002192008729120627e-09,2.812726907800553792e-09,7.670642064362410311e-09,2.032576832592025383e-08,5.233056285265032407e-08,1.308993268210676066e-07,3.181057301171089255e-07,7.509897578303252178e-07,1.722260911829364251e-06,3.836520524992526043e-06,8.300760719961553202e-06,1.744233577228930962e-05,3.559248288019704431e-05,7.052362599900178315e-05,1.356700675538934759e-04,2.533672548847326796e-04,4.592725174515787539e-04,8.079260116540961344e-04,1.379021256803972207e-03,2.283352508142029967e-03,3.666626086938183302e-03,5.708501859026677422e-03,8.613634715273415371e-03,1.259149455391439520e-02,1.782277603536992078e-02,2.441257582292979955e-02,3.233421657128095206e-02,4.137214028268881849e-02,5.107661069058966330e-02,6.074553487881199920e-02,6.944794059577140410e-02,7.609842987781262336e-02,7.958228784100487840e-02,7.891838513658727683e-02,7.343454358985695984e-02,6.292139404707275396e-02,4.772934945353601854e-02,2.878092514855257189e-02,7.486493946565253577e-03,-1.442778790785825827e-02,-3.515101873097509211e-02,-5.303466132761552876e-02,-6.680894971942913374e-02,-7.572921438980961817e-02,-7.962926630795194582e-02,-7.887990493636057310e-02,-7.427025074421228501e-02,-6.684308421408266532e-02,-5.772005907749772069e-02,-4.794865071834381737e-02,-3.839242710571545703e-02,-2.967334818459216664e-02,-2.216292199469430471e-02,-1.601072491587741953e-02,-1.119505605477324854e-02,-7.580944009963409488e-03,-4.974031430347136684e-03,-3.163400578670478094e-03,-1.950766908281083636e-03,-1.166770557888178062e-03,-6.770179417412252850e-04,-3.811894121359564241e-04,-2.082987985733037741e-04,-1.104860284188624499e-04,-5.689362545592917389e-05,-2.844522577035303834e-05,-1.380996272112482608e-05,-6.511118297381164823e-06,-2.981513268218281255e-06,-1.326081490731445434e-06,-5.729105434834848948e-07,-2.404442541415040276e-07,-9.803433636841245819e-08,-3.883302010511309040e-08,-1.494528288278974470e-08,-5.588640581132719982e-09,-2.030601542338345120e-09,-7.169282628213387702e-10,-2.459652805067424179e-10,-8.200352334933557470e-11,-2.656832854008393463e-11,-8.365278911362302585e-12,-2.559715356547486003e-12,-7.612157555319482953e-13,-2.200076479416280371e-13,-6.180023282136232322e-14,-1.687223338940678786e-14,-4.477054914340247570e-15,-1.154666059090683589e-15,-2.894481596888098895e-16,-7.052473336465712225e-17,-1.670220615373739840e-17,-3.844793758083119614e-18,-8.602879441435942142e-19,-1.871072656711156142e-19,-3.955648134485457171e-20,-8.128842904853104734e-21,-1.623781272577612846e-21,-3.152952723074297432e-22,-5.951161286678990203e-23,-1.091901123061293183e-23,-1.947444315553650374e-24,-3.376366387650123767e-25,-5.690354857106540769e-26,-9.322592969216571757e-27,-1.484717656790678805e-27,-2.298597112299807605e-28,-6.032920852836707416e-29
5.387031900531174228e-21,1.599314765337688554e-20,7.712542596887344443e-20,3.615297733064367174e-19,1.647287685947949903e-18,7.295742154256438996e-18,3.140795064281710841e-17,1.314240838276901064e-16,5.345278579199761566e-16,2.113100614705590256e-15,8.119297749840398872e-15,3.032206630579186170e-14,1.100612008460703336e-13,3.882731908360738787e-13,1.331252002100498292e-12,4.436027621740383193e-12,1.436580664393339341e-11,4.521240026791017201e-11,1.382821203036396713e-10,4.110017423745613012e-10,1.187073793445106588e-09,3.331611478924088465e-09,9.085702234893171997e-09,2.407541339501747587e-08,6.198436947964479047e-08,1.550472954238994219e-07,3.767890508781787947e-07,8.895304022594911648e-07,2.039979141821406377e-06,4.544271889583407326e-06,9.832063547204136918e-06,2.066005267594491369e-05,4.215849188849929105e-05,8.353364177020313017e-05,1.606981300443428872e-04,3.001077894965380015e-04,5.439979213241618759e-04,9.569701086455420199e-04,1.633419524699269813e-03,2.704579461823633513e-03,4.343035765856834846e-03,6.761591489116329859e-03,1.020265572639757375e-02,1.491434083994825494e-02,2.111067557289562219e-02,2.891614454862839745e-02,3.829914905430109595e-02,4.900436551134847163e-02,6.049909147218604510e-02,7.195171373885243804e-02,8.225951671128817200e-02,9.013687102217499136e-02,9.426342207443771937e-02,9.347704431952957860e-02,8.698155789494305123e-02,7.452896976800882367e-02,5.653433615612696306e-02,3.409035563781503964e-02,8.867582949521279900e-03,-1.708938883330463065e-02,-4.163558757702751079e-02,-6.281835821668896314e-02,-7.913369163669087269e-02,-8.969954361772070062e-02,-9.431906700722847425e-02,-9.343146539168159515e-02,-8.797143413950403446e-02,-7.917412317446259618e-02,-6.836810600185121156e-02,-5.679409354997459747e-02,-4.547496256903846290e-02,-3.514741056294127391e-02,-2.625148041185457540e-02,-1.896434195858138008e-02,-1.326029098518005309e-02,-8.979456915859877764e-03,-5.891627859041594778e-03,-3.746976519869431310e-03,-2.310639332354033366e-03,-1.382013366868440219e-03,-8.019124572269191974e-04,-4.515102470824458852e-04,-2.467252211540054752e-04,-1.308682046309469203e-04,-6.738921404737422760e-05,-3.369272730824786355e-05,-1.635758885713885794e-05,-7.712272528139032965e-06,-3.531535109723077480e-06,-1.570713567768415409e-06,-6.785995959198010862e-07,-2.848007870645280869e-07,-1.161194566980218744e-07,-4.599683502322367991e-08,-1.770234994018859917e-08,-6.619618513281890902e-09,-2.405201652820774434e-09,-8.491853309173246062e-10,-2.913403180665815139e-10,-9.713132083501876052e-11,-3.146958494068152294e-11,-9.908483887363706268e-12,-3.031925012343418441e-12,-9.016428655177247330e-13,-2.605940887117915166e-13,-7.320097962472750159e-14,-1.998477928281667345e-14,-5.302970403213781651e-15,-1.367675861500062917e-15,-3.428448061197496357e-16,-8.353495341980530170e-17,-1.978338586331530327e-17,-4.554071347275496786e-18,-1.018991634751351907e-18,-2.216243291772089845e-19,-4.685375851771416629e-20,-9.628430779067792543e-21,-1.923332233918066856e-21,-3.734601270947155351e-22,-7.049016099160564626e-23,-1.293332212719397482e-23,-2.306703796330310355e-24,-3.999229709415583572e-25,-6.740096775307701620e-26,-1.104240076185223838e-26,-1.758614522656631021e-27,-2.722636351051991251e-28,-7.145858458213608667e-29
6.203286870978523644e-21,1.841646470555176693e-20,8.881164083772444878e-20,4.163095629707573229e-19,1.896888354041092020e-18,8.401209117599747462e-18,3.616695268645392895e-17,1.513377512500537614e-16,6.155206994189718596e-16,2.433282286479005682e-15,9.349551675790926472e-15,3.491653275658385097e-14,1.267379170606426416e-13,4.471052021854272899e-13,1.532966245434626355e-12,5.108184323639642738e-12,1.654254539248977619e-11,5.206308300489114001e-11,1.592349325583271188e-10,4.732776340474264107e-10,1.366941836196396652e-09,3.836424607838905382e-09,1.046238790265480397e-08,2.772337320147767810e-08,7.137637803129528469e-08,1.785404040375113759e-07,4.338809599792023828e-07,1.024314013274810513e-06,2.349081286539796913e-06,5.232830001996057373e-06,1.132183952929325752e-05,2.379050948366877581e-05,4.854643968349130873e-05,9.619084364936237772e-05,1.850474655991130621e-04,3.455807845278747472e-04,6.264256877441207747e-04,1.101972332908295006e-03,1.880918858373159313e-03,3.114383314751545222e-03,5.001102136386695665e-03,7.786122764043667231e-03,1.174858465390468676e-02,1.717419470128379866e-02,2.430941175713423677e-02,3.329758262989601647e-02,4.410232069996990190e-02,5.642961519630233791e-02,6.966604742001500372e-02,8.285399630483264444e-02,9.472366034770549059e-02,1.037946087803576223e-01,1.085464239612552451e-01,1.076408925122636639e-01,1.001611956398015812e-01,8.582176385921447270e-02,6.510054362258504979e-02,3.925580161019537329e-02,1.021121870146235455e-02,-1.967881077003308388e-02,-4.794430375594843641e-02,-7.233673458358158559e-02,-9.112420335464149757e-02,-1.032910165617736964e-01,-1.086105003371503064e-01,-1.075884073646103944e-01,-1.013010601190101057e-01,-9.117076116830685750e-02,-7.872739240937684513e-02,-6.539966003040428855e-02,-5.236542932573675507e-02,-4.047302383200770959e-02,-3.022916269839602890e-02,-2.183786093355316246e-02,-1.526951955966904424e-02,-1.034004405824629456e-02,-6.784340323486880327e-03,-4.314726677092600368e-03,-2.660752506875806687e-03,-1.591419084295092774e-03,-9.234200037128701723e-04,-5.199240768488156729e-04,-2.841095715384559938e-04,-1.506976440097993299e-04,-7.760017658414399737e-05,-3.879792375799815600e-05,-1.883612684535028437e-05,-8.880853093610916539e-06,-4.066641108693751953e-06,-1.808711556366475932e-06,-7.814225053327676398e-07,-3.279544312829345756e-07,-1.337141332185111092e-07,-5.296637704669861087e-08,-2.038464909751336856e-08,-7.622637729373544353e-09,-2.769643118973872321e-09,-9.778557676236415682e-10,-3.354848464645101816e-10,-1.118488730755908363e-10,-3.623792594924548420e-11,-1.140983924816274154e-11,-3.491328986005576296e-12,-1.038261783715451881e-12,-3.000798805370088355e-13,-8.429255371665105268e-14,-2.301291717472034935e-14,-6.106488189943729649e-15,-1.574909128449942107e-15,-3.947934082915153034e-16,-9.619235404300871262e-17,-2.278100817953285818e-17,-5.244114295159087529e-18,-1.173391497619808819e-18,-2.552053369757926955e-19,-5.395314348152898878e-20,-1.108735187442039206e-20,-2.214759781544511401e-21,-4.300476303123784561e-22,-8.117098585758773350e-23,-1.489300765823341081e-23,-2.656220649742435849e-24,-4.605201827002103433e-25,-7.761371123729139093e-26,-1.271556971164883781e-26,-2.025083678905301653e-27,-3.135176223713122618e-28,-8.228614712924835850e-29
6.944479819129075416e-21,2.061693585149849917e-20,9.942320262290704322e-20,4.660518558453875272e-19,2.123535984674121320e-18,9.405018401841471968e-18,4.048832147768404790e-17,1.694201769621839878e-16,6.890655170840092802e-16,2.724020359553706253e-15,1.046667263353449410e-14,3.908849648989500407e-14,1.418810584858946929e-13,5.005270783349340556e-13,1.716131040889230259e-12,5.718530141475047077e-12,1.851911333854706863e-11,5.828378354394524421e-11,1.782609443430831780e-10,5.298266945969981025e-10,1.530269386669804254e-09,4.294815606769605297e-09,1.171247488001880058e-08,3.103587013145449643e-08,7.990470650645087776e-08,1.998731089703852441e-07,4.857227520101195173e-07,1.146703053008407359e-06,2.629758695215098924e-06,5.858068972403117772e-06,1.267461714440952952e-05,2.663309249312143212e-05,5.434695794092682961e-05,1.076841014129382220e-04,2.071576596668529846e-04,3.868721266559868241e-04,7.012734760139991384e-04,1.233640292039746376e-03,2.105658391279800062e-03,3.486501999368742631e-03,5.598653356178313716e-03,8.716439127960827135e-03,1.315235144356640198e-02,1.922623457425980120e-02,2.721399523728437395e-02,3.727610787772915601e-02,4.937183826054282465e-02,6.317204605920895277e-02,7.799001891242046680e-02,9.275371544800822821e-02,1.060416133189267252e-01,1.161963941054834915e-01,1.215159747269048962e-01,1.205022468429782223e-01,1.121288465691613889e-01,9.607608346321150350e-02,7.287901088637871450e-02,4.394623813725651029e-02,1.143129500148898359e-02,-2.203011195505122366e-02,-5.367287646054930139e-02,-8.097981021118549894e-02,-1.020120791432468366e-01,-1.156326307213674243e-01,-1.215877071985028701e-01,-1.204434905648527065e-01,-1.134049065091647934e-01,-1.020641998663642802e-01,-8.813404879876740594e-02,-7.321386689108655421e-02,-5.862225538430505811e-02,-4.530889882514373135e-02,-3.384106114619633843e-02,-2.444713386632166308e-02,-1.709398140621404966e-02,-1.157551291515074993e-02,-7.594959807997171859e-03,-4.830267075719004918e-03,-2.978669610483692873e-03,-1.781568053279612793e-03,-1.033753833046993252e-03,-5.820466366061149543e-04,-3.180560930046097022e-04,-1.687035872083201909e-04,-8.687214882332791968e-05,-4.343365125060323878e-05,-2.108674086314776803e-05,-9.941972113809841228e-06,-4.552539274474948302e-06,-2.024823478755424546e-06,-8.747899188548577654e-07,-3.671397078689407529e-07,-1.496908202025182678e-07,-5.929500668653718196e-08,-2.282028660321809380e-08,-8.533420262702806041e-09,-3.100570898290532885e-09,-1.094693794680204242e-09,-3.755698864735739035e-10,-1.252130133622610875e-10,-4.056777490316717775e-11,-1.277313141345568212e-11,-3.908486611942167755e-12,-1.162317357547508246e-12,-3.359345969094621310e-13,-9.436415731903774498e-14,-2.576259041747734226e-14,-6.836115253545406366e-15,-1.763085423414822128e-15,-4.419648669533702232e-16,-1.076857922743180981e-16,-2.550297202960502416e-17,-5.870701556994727324e-18,-1.313592897546116425e-18,-2.856982675835632418e-19,-6.039967582975149099e-20,-1.241211198851904280e-20,-2.479387932083243595e-21,-4.814314011400055952e-22,-9.086961233793646197e-23,-1.667248239197136852e-23,-2.973596269356557903e-24,-5.155449331265240253e-25,-8.688730064970539248e-26,-1.423487565348482421e-26,-2.267048587741238922e-27,-3.509779326319415484e-28,-9.211801743465256861e-29
7.557934278856229941e-21,2.243817395333182484e-20,1.082059492991049206e-19,5.072214750074929058e-19,2.311122766422835312e-18,1.023582943919706750e-17,4.406493801690053479e-17,1.843862458157399700e-16,7.499354923030311321e-16,2.964652124852054833e-15,1.139126701249128581e-14,4.254145670006127935e-14,1.544144044449729451e-13,5.447421349577461964e-13,1.867728895290042004e-12,6.223687894069967340e-12,2.015503610938307671e-11,6.343239767719065504e-11,1.940079799959505707e-10,5.766299911934865454e-10,1.665448781568564622e-09,4.674206699594326551e-09,1.274711968232614970e-08,3.377748554967617904e-08,8.696324794313960027e-08,2.175292982417065798e-07,5.286300389736110313e-07,1.247999351676170553e-06,2.862063668604495239e-06,6.375553165619571392e-06,1.379425470043707557e-05,2.898577977737652750e-05,5.914780474152231599e-05,1.171965910412486520e-04,2.254573442363456254e-04,4.210472466970168956e-04,7.632218656059919573e-04,1.342616364915104896e-03,2.291665920200011697e-03,3.794489099348333228e-03,6.093221554123586653e-03,9.486423143359458757e-03,1.431419061065989339e-02,2.092462230819076840e-02,2.961799772272886294e-02,4.056896712916995690e-02,5.373319795265799059e-02,6.875247460021531587e-02,8.487942260601916145e-02,1.009472996875516171e-01,1.154090104892614987e-01,1.264608340671163622e-01,1.322503304404852864e-01,1.311470528843669547e-01,1.220339716157395893e-01,1.045631557002529854e-01,7.931692350376440270e-02,4.782831663351305718e-02,1.244110121905528388e-02,-2.397618578334392847e-02,-5.841417693065975580e-02,-8.813332307547083744e-02,-1.110235193844699153e-01,-1.258472695213260217e-01,-1.323283995428684023e-01,-1.310831062533578950e-01,-1.234227548527303819e-01,-1.110802442954999802e-01,-9.591954558147605669e-02,-7.968135968075372444e-02,-6.380076910187758299e-02,-4.931135066797971700e-02,-3.683047870125184114e-02,-2.660672014037645042e-02,-1.860401230863662977e-02,-1.259805890943358278e-02,-8.265875713437668970e-03,-5.256958340788389639e-03,-3.241796324679268627e-03,-1.938946416534592394e-03,-1.125072537350210733e-03,-6.334628858133868352e-04,-3.461522116166358513e-04,-1.836063546783665412e-04,-9.454617315772852486e-05,-4.727044936304386551e-05,-2.294948012663817786e-05,-1.082021602703998586e-05,-4.954696900927658150e-06,-2.203690294637186797e-06,-9.520662291074455540e-07,-3.995717253851738145e-07,-1.629140570215675968e-07,-6.453294923065844015e-08,-2.483616208325534505e-08,-9.287236942025754868e-09,-3.374466005598253125e-09,-1.191395751899864844e-09,-4.087466006115853037e-10,-1.362739543489954940e-10,-4.415141011901224276e-11,-1.390147142370118805e-11,-4.253750563357970923e-12,-1.264992976913802048e-12,-3.656100487817665446e-13,-1.027000031496064860e-13,-2.803838016665219996e-14,-7.439997113486097756e-15,-1.918831086739293406e-15,-4.810067139652126939e-16,-1.171984312682364898e-16,-2.775582787127105520e-17,-6.389301674737920953e-18,-1.429631743111740327e-18,-3.109359932232411066e-19,-6.573520152337772943e-20,-1.350856062863390591e-20,-2.698409604540333556e-21,-5.239596030750886463e-22,-9.889676057571130581e-23,-1.814527933925374295e-23,-3.236274819856460149e-24,-5.610866218711591231e-25,-9.456266345087564147e-26,-1.549234175328362787e-26,-2.467312841190019264e-27,-3.819822675348691892e-28,-1.002554460237392440e-28
7.996722737715873485e-21,2.374085950276174445e-20,1.144880258534387694e-19,5.366690622856312731e-19,2.445298846750908289e-18,1.083008756040623168e-17,4.662320136357620248e-17,1.950910963279685030e-16,7.934742459850216004e-16,3.136769940239524893e-15,1.205260598587359399e-14,4.501127180222290304e-14,1.633791898019571775e-13,5.763680466228836697e-13,1.976163006158754720e-12,6.585014457480579771e-12,2.132517028975531265e-11,6.711507114213624247e-11,2.052714363066316470e-10,6.101072054471078029e-10,1.762139183629686668e-09,4.945575552303745595e-09,1.348717494001142579e-08,3.573849371429588361e-08,9.201204410019954191e-08,2.301583238471987497e-07,5.593205360790258914e-07,1.320454032012804607e-06,3.028225540350115113e-06,6.745696520232506874e-06,1.459510312512570100e-05,3.066859748497968290e-05,6.258172902954767052e-05,1.240006342717459703e-04,2.385466457526096043e-04,4.454918456666233243e-04,8.075319818124971922e-04,1.420564193496915350e-03,2.424712400924102819e-03,4.014784482006095168e-03,6.446973676936293418e-03,1.003717323426859230e-02,1.514522478033322912e-02,2.213943609673046584e-02,3.133751989582081454e-02,4.292426606500965997e-02,5.685276822799202601e-02,7.274401398909470517e-02,8.980723881346951154e-02,1.068079632527087208e-01,1.221092727544111356e-01,1.338027283518621324e-01,1.399283435769586026e-01,1.387610134053128830e-01,1.291188570299452998e-01,1.106337438067904744e-01,8.392179956402223695e-02,5.060506919197105269e-02,1.316339006532096789e-02,-2.536816317042411839e-02,-6.180550923460226276e-02,-9.325004989256591159e-02,-1.174691746614910937e-01,-1.331535422947530689e-01,-1.400109451110690406e-01,-1.386933542461668001e-01,-1.305882683901463115e-01,-1.175291928316803125e-01,-1.014883145105681395e-01,-8.430739369006920447e-02,-6.750482898323845182e-02,-5.217420323662703280e-02,-3.896873346665733623e-02,-2.815141757951225218e-02,-1.968409921973215612e-02,-1.332946019575571503e-02,-8.745764891036306860e-03,-5.562159810335040935e-03,-3.430004208045280174e-03,-2.051515179179541713e-03,-1.190390496802477566e-03,-6.702396283934919635e-04,-3.662486546210473723e-04,-1.942659273120612832e-04,-1.000352086640330469e-04,-5.001481400824050495e-05,-2.428185040730723639e-05,-1.144840168463633278e-05,-5.242350079304290502e-06,-2.331629203935843500e-06,-1.007340019271390291e-06,-4.227695272073123176e-07,-1.723723038611900348e-07,-6.827951704850875121e-08,-2.627806682632612835e-08,-9.826422946362449865e-09,-3.570376248190993920e-09,-1.260564216003945488e-09,-4.324770650915726624e-10,-1.441855656709920727e-10,-4.671469374755594916e-11,-1.470854449377957597e-11,-4.500709134999804615e-12,-1.338434250458762539e-12,-3.868361489209738340e-13,-1.086624228325831047e-13,-2.966619501239174743e-14,-7.871938533839495031e-15,-2.030232020420056490e-15,-5.089323596422848474e-16,-1.240025813361753843e-16,-2.936723867303996997e-17,-6.760243221939607974e-18,-1.512631394359271232e-18,-3.289879000322356341e-19,-6.955156809988571916e-20,-1.429282260829062411e-20,-2.855070267105329834e-21,-5.543789502479276795e-22,-1.046383766784904339e-22,-1.919873374400066516e-23,-3.424162143066443465e-24,-5.936614399383608213e-25,-1.000526563286057444e-25,-1.639177544921661181e-26,-2.610556796372204268e-27,-4.041588840942689086e-28,-1.060759428724753124e-28
8.225579460417152979e-21,2.442029475119042691e-20,1.177645374000730472e-19,5.520278944970561678e-19,2.515280400250744398e-18,1.114003182469258178e-17,4.795750210350132698e-17,2.006743721771163881e-16,8.161825380491690872e-16,3.226540576528509177e-15,1.239753727790501064e-14,4.629944102943527363e-14,1.680549084884791573e-13,5.928630166932795114e-13,2.032718448175025665e-12,6.773469763123736672e-12,2.193547137729245798e-11,6.903582489704791373e-11,2.111460614147103444e-10,6.275677502371062989e-10,1.812569517622266857e-09,5.087112060432735710e-09,1.387316189448123446e-08,3.676128702775667040e-08,9.464531969977795409e-08,2.367451821672540588e-07,5.753276266116099549e-07,1.358243860690863621e-06,3.114889764619934261e-06,6.938750355984110799e-06,1.501279767053623611e-05,3.154629637994771672e-05,6.437274390857236975e-05,1.275493853918107713e-04,2.453735678992100358e-04,4.582412940510938778e-04,8.306425896071733400e-04,1.461219056291796457e-03,2.494104794754582050e-03,4.129682853381477434e-03,6.631478419121067391e-03,1.032442523073287023e-02,1.557866315521327927e-02,2.277304050615388403e-02,3.223436255701752490e-02,4.415270766267395675e-02,5.847982704194720077e-02,7.482586141381097899e-02,9.237741550007255720e-02,1.098646805142853844e-01,1.256038953505171918e-01,1.376320037817426734e-01,1.439329268511807536e-01,1.427321890741752308e-01,1.328140856164568562e-01,1.137999503714353100e-01,8.632354195792024676e-02,5.205332626767600335e-02,1.354011068060245737e-02,-2.609416992025848092e-02,-6.357430962349219783e-02,-9.591875574996622245e-02,-1.208310031521381278e-01,-1.369642387894465241e-01,-1.440178923432533509e-01,-1.426625935901207898e-01,-1.343255497874434601e-01,-1.208927389711920708e-01,-1.043927897328770782e-01,-8.672017133063933403e-02,-6.943673714541023778e-02,-5.366736706810157354e-02,-4.008397241159891017e-02,-2.895707777031236371e-02,-2.024743479913258815e-02,-1.371093354125397547e-02,-8.996058311994726414e-03,-5.721342228818884768e-03,-3.528166861378586629e-03,-2.110227111039410415e-03,-1.224458061324645766e-03,-6.894210918266614665e-04,-3.767302568397940411e-04,-1.998255878024125299e-04,-1.028980977200230894e-04,-5.144617868047777088e-05,-2.497676817394814660e-05,-1.177604136599691840e-05,-5.392379922497937679e-06,-2.398357667041200157e-06,-1.036168896177304496e-06,-4.348686897802910768e-07,-1.773053948085718662e-07,-7.023359586452792844e-08,-2.703011393988118255e-08,-1.010764351948241202e-08,-3.672556182868211887e-09,-1.296640069161713540e-09,-4.448540458881601051e-10,-1.483119855935771351e-10,-4.805161289102438790e-11,-1.512948559664872689e-11,-4.629514093762470183e-12,-1.376738651668837165e-12,-3.979069408151219090e-13,-1.117722125284250462e-13,-3.051520633718524388e-14,-8.097224080587811337e-15,-2.088334853512562205e-15,-5.234974003126377068e-16,-1.275513881789159493e-16,-3.020769422188647800e-17,-6.953713367045406704e-18,-1.555921111274868561e-18,-3.384031436363003302e-19,-7.154205150867104645e-20,-1.470186624373603554e-20,-2.936778992772418665e-21,-5.702446184534708604e-22,-1.076330029448838252e-22,-1.974817873900406175e-23,-3.522157603427227224e-24,-6.106513264199402585e-25,-1.029160447160677600e-25,-1.686088862615247958e-26,-2.685267836436884558e-27,-4.157254321287789670e-28,-1.091117105787593243e-28
8.225579460417152979e-21,2.442029475119042691e-20,1.177645374000730472e-19,5.520278944970561678e-19,2.515280400250744398e-18,1.114003182469258178e-17,4.795750210350132698e-17,2.006743721771163881e-16,8.161825380491690872e-16,3.226540576528509177e-15,1.239753727790501064e-14,4.629944102943527363e-14,1.680549084884791573e-13,5.928630166932795114e-13,2.032718448175025665e-12,6.773469763123736672e-12,2.193547137729245798e-11,6.903582489704791373e-11,2.111460614147103444e-10,6.275677502371062989e-10,1.812569517622266857e-09,5.087112060432735710e-09,1.387316189448123446e-08,3.676128702775667040e-08,9.464531969977795409e-08,2.367451821672540588e-07,5.753276266116099549e-07,1.358243860690863621e-06,3.114889764619934261e-06,6.938750355984110799e-06,1.501279767053623611e-05,3.154629637994771672e-05,6.437274390857236975e-05,1.275493853918107713e-04,2.453735678992100358e-04,4.582412940510938778e-04,8.306425896071733400e-04,1.461219056291796457e-03,2.494104794754582050e-03,4.129682853381477434e-03,6.631478419121067391e-03,1.032442523073287023e-02,1.557866315521327927e-02,2.277304050615388403e-02,3.223436255701752490e-02,4.415270766267395675e-02,5.847982704194720077e-02,7.482586141381097899e-02,9.237741550007255720e-02,1.098646805142853844e-01,1.256038953505171918e-01,1.376320037817426734e-01,1.439329268511807536e-01,1.427321890741752308e-01,1.328140856164568562e-01,1.137999503714353100e-01,8.632354195792024676e-02,5.205332626767600335e-02,1.354011068060245737e-02,-2.609416992025848092e-02,-6.357430962349219783e-02,-9.591875574996622245e-02,-1.208310031521381278e-01,-1.369642387894465241e-01,-1.440178923432533509e-01,-1.426625935901207898e-01,-1.343255497874434601e-01,-1.208927389711920708e-01,-1.043927897328770782e-01,-8.672017133063933403e-02,-6.943673714541023778e-02,-5.366736706810157354e-02,-4.008397241159891017e-02,-2.895707777031236371e-02,-2.024743479913258815e-02,-1.371093354125397547e-02,-8.996058311994726414e-03,-5.721342228818884768e-03,-3.528166861378586629e-03,-2.110227111039410415e-03,-1.224458061324645766e-03,-6.894210918266614665e-04,-3.767302568397940411e-04,-1.998255878024125299e-04,-1.028980977200230894e-04,-5.144617868047777088e-05,-2.497676817394814660e-05,-1.177604136599691840e-05,-5.392379922497937679e-06,-2.398357667041200157e-06,-1.036168896177304496e-06,-4.348686897802910768e-07,-1.773053948085718662e-07,-7.023359586452792844e-08,-2.703011393988118255e-08,-1.010764351948241202e-08,-3.672556182868211887e-09,-1.296640069161713540e-09,-4.448540458881601051e-10,-1.483119855935771351e-10,-4.805161289102438790e-11,-1.512948559664872689e-11,-4.629514093762470183e-12,-1.376738651668837165e-12,-3.979069408151219090e-13,-1.117722125284250462e-13,-3.051520633718524388e-14,-8.097224080587811337e-15,-2.088334853512562205e-15,-5.234974003126377068e-16,-1.275513881789159493e-16,-3.020769422188647800e-17,-6.953713367045406704e-18,-1.555921111274868561e-18,-3.384031436363003302e-19,-7.154205150867104645e-20,-1.470186624373603554e-20,-2.936778992772418665e-21,-5.702446184534708604e-22,-1.076330029448838252e-22,-1.974817873900406175e-23,-3.522157603427227224e-24,-6.106513264199402585e-25,-1.029160447160677600e-25,-1.686088862615247958e-26,-2.685267836436884558e-27,-4.157254321287789670e-28,-1.091117105787593243e-28
7.996722737715873485e-21,2.374085950276174445e-20,1.144880258534387694e-19,5.366690622856312731e-19,2.445298846750908289e-18,1.083008756040623168e-17,4.662320136357620248e-17,1.950910963279685030e-16,7.934742459850216004e-16,3.136769940239524893e-15,1.205260598587359399e-14,4.501127180222290304e-14,1.633791898019571775e-13,5.763680466228836697e-13,1.976163006158754720e-12,6.585014457480579771e-12,2.132517028975531265e-11,6.711507114213624247e-11,2.052714363066316470e-10,6.101072054471078029e-10,1.762139183629686668e-09,4.945575552303745595e-09,1.348717494001142579e-08,3.573849371429588361e-08,9.201204410019954191e-08,2.301583238471987497e-07,5.593205360790258914e-07,1.320454032012804607e-06,3.028225540350115113e-06,6.745696520232506874e-06,1.459510312512570100e-05,3.066859748497968290e-05,6.258172902954767052e-05,1.240006342717459703e-04,2.385466457526096043e-04,4.454918456666233243e-04,8.075319818124971922e-04,1.420564193496915350e-03,2.424712400924102819e-03,4.014784482006095168e-03,6.446973676936293418e-03,1.003717323426859230e-02,1.514522478033322912e-02,2.213943609673046584e-02,3.133751989582081454e-02,4.292426606500965997e-02,5.685276822799202601e-02,7.274401398909470517e-02,8.980723881346951154e-02,1.068079632527087208e-01,1.221092727544111356e-01,1.338027283518621324e-01,1.399283435769586026e-01,1.387610134053128830e-01,1.291188570299452998e-01,1.106337438067904744e-01,8.392179956402223695e-02,5.060506919197105269e-02,1.316339006532096789e-02,-2.536816317042411839e-02,-6.180550923460226276e-02,-9.325004989256591159e-02,-1.174691746614910937e-01,-1.331535422947530689e-01,-1.400109451110690406e-01,-1.386933542461668001e-01,-1.305882683901463115e-01,-1.175291928316803125e-01,-1.014883145105681395e-01,-8.430739369006920447e-02,-6.750482898323845182e-02,-5.217420323662703280e-02,-3.896873346665733623e-02,-2.815141757951225218e-02,-1.968409921973215612e-02,-1.332946019575571503e-02,-8.745764891036306860e-03,-5.562159810335040935e-03,-3.430004208045280174e-03,-2.051515179179541713e-03,-1.190390496802477566e-03,-6.702396283934919635e-04,-3.662486546210473723e-04,-1.942659273120612832e-04,-1.000352086640330469e-04,-5.001481400824050495e-05,-2.428185040730723639e-05,-1.144840168463633278e-05,-5.242350079304290502e-06,-2.331629203935843500e-06,-1.007340019271390291e-06,-4.227695272073123176e-07,-1.723723038611900348e-07,-6.827951704850875121e-08,-2.627806682632612835e-08,-9.826422946362449865e-09,-3.570376248190993920e-09,-1.260564216003945488e-09,-4.324770650915726624e-10,-1.441855656709920727e-10,-4.671469374755594916e-11,-1.470854449377957597e-11,-4.500709134999804615e-12,-1.338434250458762539e-12,-3.868361489209738340e-13,-1.086624228325831047e-13,-2.966619501239174743e-14,-7.871938533839495031e-15,-2.030232020420056490e-15,-5.089323596422848474e-16,-1.240025813361753843e-16,-2.936723867303996997e-17,-6.760243221939607974e-18,-1.512631394359271232e-18,-3.289879000322356341e-19,-6.955156809988571916e-20,-1.429282260829062411e-20,-2.855070267105329834e-21,-5.543789502479276795e-22,-1.046383766784904339e-22,-1.919873374400066516e-23,-3.424162143066443465e-24,-5.936614399383608213e-25,-1.000526563286057444e-25,-1.639177544921661181e-26,-2.610556796372204268e-27,-4.041588840942689086e-28,-1.060759428724753124e-28
7.557934278856229941e-21,2.243817395333182484e-20,1.082059492991049206e-19,5.072214750074929058e-19,2.311122766422835312e-18,1.023582943919706750e-17,4.406493801690053479e-17,1.843862458157399700e-16,7.499354923030311321e-16,2.964652124852054833e-15,1.139126701249128581e-14,4.254145670006127935e-14,1.544144044449729451e-13,5.447421349577461964e-13,1.867728895290042004e-12,6.223687894069967340e-12,2.015503610938307671e-11,6.343239767719065504e-11,1.940079799959505707e-10,5.766299911934865454e-10,1.665448781568564622e-09,4.674206699594326551e-09,1.274711968232614970e-08,3.377748554967617904e-08,8.696324794313960027e-08,2.175292982417065798e-07,5.286300389736110313e-07,1.247999351676170553e-06,2.862063668604495239e-06,6.375553165619571392e-06,1.379425470043707557e-05,2.898577977737652750e-05,5.914780474152231599e-05,1.171965910412486520e-04,2.254573442363456254e-04,4.210472466970168956e-04,7.632218656059930415e-04,1.342616364915106414e-03,2.291665920200013432e-03,3.794489099348335830e-03,6.093221554123591857e-03,9.486423143359460491e-03,1.431419061065990379e-02,2.092462230819078228e-02,2.961799772272888029e-02,4.056896712917000547e-02,5.373319795265805304e-02,6.875247460021532975e-02,8.487942260601909206e-02,1.009472996875516171e-01,1.154090104892616375e-01,1.264608340671165565e-01,1.322503304404852864e-01,1.311470528843668992e-01,1.220339716157397558e-01,1.045631557002530965e-01,7.931692350376440270e-02,4.782831663351294615e-02,1.244110121905528388e-02,-2.397618578334381745e-02,-5.841417693065986683e-02,-8.813332307547083744e-02,-1.110235193844699153e-01,-1.258472695213261328e-01,-1.323283995428684578e-01,-1.310831062533580615e-01,-1.234227548527305207e-01,-1.110802442954999802e-01,-9.591954558147605669e-02,-7.968135968075368281e-02,-6.380076910187758299e-02,-4.931135066797980721e-02,-3.683047870125186890e-02,-2.660672014037643654e-02,-1.860401230863664365e-02,-1.259805890943359839e-02,-8.265875713437679378e-03,-5.256958340788393108e-03,-3.241796324679273832e-03,-1.938946416534594345e-03,-1.125072537350210733e-03,-6.334628858133874857e-04,-3.461522116166358513e-04,-1.836063546783665412e-04,-9.454617315772852486e-05,-4.727044936304386551e-05,-2.294948012663817786e-05,-1.082021602703998586e-05,-4.954696900927658150e-06,-2.203690294637186797e-06,-9.520662291074455540e-07,-3.995717253851738145e-07,-1.629140570215675968e-07,-6.453294923065844015e-08,-2.483616208325534505e-08,-9.287236942025754868e-09,-3.374466005598253125e-09,-1.191395751899864844e-09,-4.087466006115853037e-10,-1.362739543489954940e-10,-4.415141011901224276e-11,-1.390147142370118805e-11,-4.253750563357970923e-12,-1.264992976913802048e-12,-3.656100487817665446e-13,-1.027000031496064860e-13,-2.803838016665219996e-14,-7.439997113486097756e-15,-1.918831086739293406e-15,-4.810067139652126939e-16,-1.171984312682364898e-16,-2.775582787127105520e-17,-6.389301674737920953e-18,-1.429631743111740327e-18,-3.109359932232411066e-19,-6.573520152337772943e-20,-1.350856062863390591e-20,-2.698409604540333556e-21,-5.239596030750886463e-22,-9.889676057571130581e-23,-1.814527933925374295e-23,-3.236274819856460149e-24,-5.610866218711591231e-25,-9.456266345087564147e-26,-1.549234175328362787e-26,-2.467312841190019264e-27,-3.819822675348691892e-28,-1.002554460237392440e-28
6.944479819129075416e-21,2.061693585149849917e-20,9.942320262290704322e-20,4.660518558453875272e-19,2.123535984674121320e-18,9.405018401841471968e-18,4.048832147768404790e-17,1.694201769621839878e-16,6.890655170840092802e-16,2.724020359553706253e-15,1.046667263353449410e-14,3.908849648989500407e-14,1.418810584858946929e-13,5.005270783349360750e-13,1.716131040889237125e-12,5.718530141475067272e-12,1.851911333854713649e-11,5.828378354394545100e-11,1.782609443430838242e-10,5.298266945969999636e-10,1.530269386669809217e-09,4.294815606769621014e-09,1.171247488001884360e-08,3.103587013145460231e-08,7.990470650645112923e-08,1.998731089703859059e-07,4.857227520101191997e-07,1.146703053008406512e-06,2.629758695215098924e-06,5.858068972403117772e-06,1.267461714440952952e-05,2.663309249312143212e-05,5.434695794092682961e-05,1.076841014129382220e-04,2.071576596668529846e-04,3.868721266559868241e-04,7.012734760139991384e-04,1.233640292039747677e-03,2.105658391279802664e-03,3.486501999368745233e-03,5.598653356178319787e-03,8.716439127960832339e-03,1.315235144356640372e-02,1.922623457425981508e-02,2.721399523728437742e-02,3.727610787772916295e-02,4.937183826054281077e-02,6.317204605920906380e-02,7.799001891242060558e-02,9.275371544800825596e-02,1.060416133189266974e-01,1.161963941054836025e-01,1.215159747269051183e-01,1.205022468429782778e-01,1.121288465691612779e-01,9.607608346321161452e-02,7.287901088637882552e-02,4.394623813725628825e-02,1.143129500148909461e-02,-2.203011195505111264e-02,-5.367287646054941241e-02,-8.097981021118549894e-02,-1.020120791432468366e-01,-1.156326307213674798e-01,-1.215877071985028701e-01,-1.204434905648528731e-01,-1.134049065091648767e-01,-1.020641998663642525e-01,-8.813404879876761411e-02,-7.321386689108663748e-02,-5.862225538430507199e-02,-4.530889882514376604e-02,-3.384106114619635231e-02,-2.444713386632167001e-02,-1.709398140621404966e-02,-1.157551291515076380e-02,-7.594959807997178798e-03,-4.830267075719003184e-03,-2.978669610483695041e-03,-1.781568053279613661e-03,-1.033753833046994553e-03,-5.820466366061156048e-04,-3.180560930046097022e-04,-1.687035872083201909e-04,-8.687214882332791968e-05,-4.343365125060323878e-05,-2.108674086314776803e-05,-9.941972113809841228e-06,-4.552539274474948302e-06,-2.024823478755424546e-06,-8.747899188548571301e-07,-3.671397078689404882e-07,-1.496908202025187972e-07,-5.929500668653741357e-08,-2.282028660321816990e-08,-8.533420262702839128e-09,-3.100570898290543225e-09,-1.094693794680204242e-09,-3.755698864735752477e-10,-1.252130133622610358e-10,-4.056777490316733285e-11,-1.277313141345573059e-11,-3.908486611942166139e-12,-1.162317357547512891e-12,-3.359345969094633932e-13,-9.436415731903774498e-14,-2.576259041747734226e-14,-6.836115253545406366e-15,-1.763085423414822128e-15,-4.419648669533702232e-16,-1.076857922743180981e-16,-2.550297202960502416e-17,-5.870701556994727324e-18,-1.313592897546116425e-18,-2.856982675835632418e-19,-6.039967582975149099e-20,-1.241211198851904280e-20,-2.479387932083243595e-21,-4.814314011400055952e-22,-9.086961233793646197e-23,-1.667248239197136852e-23,-2.973596269356557903e-24,-5.155449331265240253e-25,-8.688730064970539248e-26,-1.423487565348482421e-26,-2.267048587741238922e-27,-3.509779326319415484e-28,-9.211801743465256861e-29
6.203286870978523644e-21,1.841646470555176693e-20,8.881164083772444878e-20,4.163095629707573229e-19,1.896888354041092020e-18,8.401209117599747462e-18,3.616695268645392895e-17,1.513377512500537614e-16,6.155206994189718596e-16,2.433282286479005682e-15,9.349551675790926472e-15,3.491653275658385097e-14,1.267379170606426416e-13,4.471052021854272899e-13,1.532966245434626355e-12,5.108184323639642738e-12,1.654254539248977619e-11,5.206308300489114001e-11,1.592349325583271188e-10,4.732776340474264107e-10,1.366941836196396652e-09,3.836424607838905382e-09,1.046238790265480397e-08,2.772337320147767810e-08,7.137637803129528469e-08,1.785404040375113759e-07,4.338809599792033358e-07,1.024314013274812842e-06,2.349081286539801572e-06,5.232830001996065843e-06,1.132183952929325243e-05,2.379050948366881308e-05,4.854643968349143070e-05,9.619084364936254035e-05,1.850474655991133331e-04,3.455807845278753435e-04,6.264256877441213168e-04,1.101972332908295439e-03,1.880918858373161048e-03,3.114383314751548257e-03,5.001102136386700869e-03,7.786122764043673303e-03,1.174858465390469890e-02,1.717419470128381948e-02,2.430941175713425759e-02,3.329758262989605117e-02,4.410232069996989496e-02,5.642961519630236567e-02,6.966604742001511474e-02,8.285399630483279709e-02,9.472366034770551835e-02,1.037946087803575945e-01,1.085464239612554116e-01,1.076408925122639415e-01,1.001611956398017478e-01,8.582176385921441719e-02,6.510054362258510530e-02,3.925580161019537329e-02,1.021121870146235455e-02,-1.967881077003297285e-02,-4.794430375594849192e-02,-7.233673458358180763e-02,-9.112420335464166410e-02,-1.032910165617736964e-01,-1.086105003371503619e-01,-1.075884073646105332e-01,-1.013010601190101612e-01,-9.117076116830688526e-02,-7.872739240937699778e-02,-6.539966003040435794e-02,-5.236542932573679671e-02,-4.047302383200774428e-02,-3.022916269839603584e-02,-2.183786093355318675e-02,-1.526951955966905465e-02,-1.034004405824629977e-02,-6.784340323486887266e-03,-4.314726677092604705e-03,-2.660752506875809290e-03,-1.591419084295094292e-03,-9.234200037128708228e-04,-5.199240768488158897e-04,-2.841095715384562648e-04,-1.506976440097997094e-04,-7.760017658414410579e-05,-3.879792375799813567e-05,-1.883612684535032164e-05,-8.880853093610928398e-06,-4.066641108693759576e-06,-1.808711556366480168e-06,-7.814225053327693338e-07,-3.279544312829345756e-07,-1.337141332185111092e-07,-5.296637704669861087e-08,-2.038464909751336856e-08,-7.622637729373544353e-09,-2.769643118973872321e-09,-9.778557676236415682e-10,-3.354848464645101816e-10,-1.118488730755908363e-10,-3.623792594924548420e-11,-1.140983924816274154e-11,-3.491328986005576296e-12,-1.038261783715451881e-12,-3.000798805370088355e-13,-8.429255371665105268e-14,-2.301291717472034935e-14,-6.106488189943729649e-15,-1.574909128449942107e-15,-3.947934082915153034e-16,-9.619235404300871262e-17,-2.278100817953285818e-17,-5.244114295159087529e-18,-1.173391497619808819e-18,-2.552053369757926955e-19,-5.395314348152898878e-20,-1.108735187442039206e-20,-2.214759781544511401e-21,-4.300476303123784561e-22,-8.117098585758773350e-23,-1.489300765823341081e-23,-2.656220649742435849e-24,-4.605201827002103433e-25,-7.761371123729139093e-26,-1.271556971164883781e-26,-2.025083678905301653e-27,-3.135176223713122618e-28,-8.228614712924835850e-29
5.387031900531174228e-21,1.599314765337688554e-20,7.712542596887344443e-20,3.615297733064367174e-19,1.647287685947949903e-18,7.295742154256438996e-18,3.140795064281710841e-17,1.314240838276901064e-16,5.345278579199761566e-16,2.113100614705590256e-15,8.119297749840398872e-15,3.032206630579186170e-14,1.100612008460703336e-13,3.882731908360738787e-13,1.331252002100498292e-12,4.436027621740383193e-12,1.436580664393339341e-11,4.521240026791017201e-11,1.382821203036396713e-10,4.110017423745613012e-10,1.187073793445106588e-09,3.331611478924088465e-09,9.085702234893171997e-09,2.407541339501747587e-08,6.198436947964479047e-08,1.550472954238994219e-07,3.767890508781787947e-07,8.895304022594911648e-07,2.039979141821406377e-06,4.544271889583407326e-06,9.832063547204136918e-06,2.066005267594491369e-05,4.215849188849929105e-05,8.353364177020313017e-05,1.606981300443428872e-04,3.001077894965380015e-04,5.439979213241618759e-04,9.569701086455420199e-04,1.633419524699269813e-03,2.704579461823633513e-03,4.343035765856834846e-03,6.761591489116329859e-03,1.020265572639757375e-02,1.491434083994825494e-02,2.111067557289562219e-02,2.891614454862839745e-02,3.829914905430109595e-02,4.900436551134847163e-02,6.049909147218604510e-02,7.195171373885243804e-02,8.225951671128817200e-02,9.013687102217499136e-02,9.426342207443771937e-02,9.347704431952957860e-02,8.698155789494305123e-02,7.452896976800882367e-02,5.653433615612696306e-02,3.409035563781503964e-02,8.867582949521279900e-03,-1.708938883330463065e-02,-4.163558757702751079e-02,-6.281835821668896314e-02,-7.913369163669087269e-02,-8.969954361772070062e-02,-9.431906700722847425e-02,-9.343146539168159515e-02,-8.797143413950403446e-02,-7.917412317446259618e-02,-6.836810600185121156e-02,-5.679409354997459747e-02,-4.547496256903846290e-02,-3.514741056294127391e-02,-2.625148041185457540e-02,-1.896434195858138008e-02,-1.326029098518005309e-02,-8.979456915859877764e-03,-5.891627859041594778e-03,-3.746976519869431310e-03,-2.310639332354033366e-03,-1.382013366868440219e-03,-8.019124572269191974e-04,-4.515102470824458852e-04,-2.467252211540054752e-04,-1.308682046309469203e-04,-6.738921404737422760e-05,-3.369272730824786355e-05,-1.635758885713885794e-05,-7.712272528139032965e-06,-3.531535109723077480e-06,-1.570713567768415409e-06,-6.785995959198010862e-07,-2.848007870645280869e-07,-1.161194566980218744e-07,-4.599683502322367991e-08,-1.770234994018859917e-08,-6.619618513281890902e-09,-2.405201652820774434e-09,-8.491853309173246062e-10,-2.913403180665815139e-10,-9.713132083501876052e-11,-3.146958494068152294e-11,-9.908483887363706268e-12,-3.031925012343418441e-12,-9.016428655177247330e-13,-2.605940887117915166e-13,-7.320097962472750159e-14,-1.998477928281667345e-14,-5.302970403213781651e-15,-1.367675861500062917e-15,-3.428448061197496357e-16,-8.353495341980530170e-17,-1.978338586331530327e-17,-4.554071347275496786e-18,-1.018991634751351907e-18,-2.216243291772089845e-19,-4.685375851771416629e-20,-9.628430779067792543e-21,-1.923332233918066856e-21,-3.734601270947155351e-22,-7.049016099160564626e-23,-1.293332212719397482e-23,-2.306703796330310355e-24,-3.999229709415583572e-25,-6.740096775307701620e-26,-1.104240076185223838e-26,-1.758614522656631021e-27,-2.722636351051991251e-28,-7.145858458213608667e-29
4.548024184589909745e-21,1.350228171251470427e-20,6.511346304050072111e-20,3.052230212865186290e-19,1.390729509867881948e-18,6.159460789311155020e-18,2.651629352665494489e-17,1.109553317527170414e-16,4.512773768644998546e-16,1.783994020752914969e-15,6.854751041017502987e-15,2.559953113919417411e-14,9.291962855901719353e-14,3.278012632478050986e-13,1.123915063643815393e-12,3.745134849710962767e-12,1.212839226760634412e-11,3.817075778621952032e-11,1.167452576947447891e-10,3.469899378252758914e-10,1.002192008729120627e-09,2.812726907800553792e-09,7.670642064362410311e-09,2.032576832592025383e-08,5.233056285265032407e-08,1.308993268210676066e-07,3.181057301171089255e-07,7.509897578303252178e-07,1.722260911829364251e-06,3.836520524992526043e-06,8.300760719961553202e-06,1.744233577228930962e-05,3.559248288019704431e-05,7.052362599900178315e-05,1.356700675538934759e-04,2.533672548847326796e-04,4.592725174515787539e-04,8.079260116540961344e-04,1.379021256803972207e-03,2.283352508142029967e-03,3.666626086938183302e-03,5.708501859026677422e-03,8.613634715273415371e-03,1.259149455391439520e-02,1.782277603536992078e-02,2.441257582292979955e-02,3.233421657128095206e-02,4.137214028268881849e-02,5.107661069058966330e-02,6.074553487881199920e-02,6.944794059577140410e-02,7.609842987781262336e-02,7.958228784100487840e-02,7.891838513658727683e-02,7.343454358985695984e-02,6.292139404707275396e-02,4.772934945353601854e-02,2.878092514855257189e-02,7.486493946565253577e-03,-1.442778790785825827e-02,-3.515101873097509211e-02,-5.303466132761552876e-02,-6.680894971942913374e-02,-7.572921438980961817e-02,-7.962926630795194582e-02,-7.887990493636057310e-02,-7.427025074421228501e-02,-6.684308421408266532e-02,-5.772005907749772069e-02,-4.794865071834381737e-02,-3.839242710571545703e-02,-2.967334818459216664e-02,-2.216292199469430471e-02,-1.601072491587741953e-02,-1.119505605477324854e-02,-7.580944009963409488e-03,-4.974031430347136684e-03,-3.163400578670478094e-03,-1.950766908281083636e-03,-1.166770557888178062e-03,-6.770179417412252850e-04,-3.811894121359564241e-04,-2.082987985733037741e-04,-1.104860284188624499e-04,-5.689362545592917389e-05,-2.844522577035303834e-05,-1.380996272112482608e-05,-6.511118297381164823e-06,-2.981513268218281255e-06,-1.326081490731445434e-06,-5.729105434834848948e-07,-2.404442541415040276e-07,-9.803433636841245819e-08,-3.883302010511309040e-08,-1.494528288278974470e-08,-5.588640581132719982e-09,-2.030601542338345120e-09,-7.169282628213387702e-10,-2.459652805067424179e-10,-8.200352334933557470e-11,-2.656832854008393463e-11,-8.365278911362302585e-12,-2.559715356547486003e-12,-7.612157555319482953e-13,-2.200076479416280371e-13,-6.180023282136232322e-14,-1.687223338940678786e-14,-4.477054914340247570e-15,-1.154666059090683589e-15,-2.894481596888098895e-16,-7.052473336465712225e-17,-1.670220615373739840e-17,-3.844793758083119614e-18,-8.602879441435942142e-19,-1.871072656711156142e-19,-3.955648134485457171e-20,-8.128842904853104734e-21,-1.623781272577612846e-21,-3.152952723074297432e-22,-5.951161286678990203e-23,-1.091901123061293183e-23,-1.947444315553650374e-24,-3.376366387650123767e-25,-5.690354857106540769e-26,-9.322592969216571757e-27,-1.484717656790678805e-27,-2.298597112299807605e-28,-6.032920852836707416e-29
3.732858433565094425e-21,1.108219836071011776e-20,5.344284238261557282e-20,2.505163303634309356e-19,1.141461911594103550e-18,5.055468972988071692e-18,2.176364194659323059e-17,9.106823734260527956e-17,3.703926130853845023e-16,1.464239602850241204e-15,5.626138779153944875e-15,2.101119559391035306e-14,7.626516593414707714e-14,2.690477579679370193e-13,9.224699899681845662e-13,3.073875080952944430e-12,9.954558182676585557e-12,3.132921667405542857e-11,9.582040509836387839e-11,2.847971477728871937e-10,8.225639838310123001e-10,2.308587406961120439e-09,6.295793460780912200e-09,1.668267639630935236e-08,4.295108709835060011e-08,1.074375676645790228e-07,2.610900050743925039e-07,6.163860035169796596e-07,1.413571236341496111e-06,3.148881231939918404e-06,6.812972710985802497e-06,1.431605627984042052e-05,2.921305923153209329e-05,5.788331402633103582e-05,1.113532240146970672e-04,2.079549395076479975e-04,3.769547435307651516e-04,6.631172799208759350e-04,1.131852188906165915e-03,1.874095501888493973e-03,3.009437847259643743e-03,4.685337729665409179e-03,7.069768691974718557e-03,1.033465626590696941e-02,1.462830827914161219e-02,2.003698437981992625e-02,2.653878874034843599e-02,3.395679893087449192e-02,4.192188722749318197e-02,4.985780043609058798e-02,5.700042924684435575e-02,6.245891715196982830e-02,6.531834534571365203e-02,6.477343733540694148e-02,6.027249289553190947e-02,5.164366918191037881e-02,3.917457282656772177e-02,2.362237200290268069e-02,6.144651156640645873e-03,-1.184182132364652862e-02,-2.885072097085983334e-02,-4.352898638464708370e-02,-5.483443826943637522e-02,-6.215587805361486029e-02,-6.535690362056478797e-02,-6.474185413925145904e-02,-6.095841196115518723e-02,-5.486245466316494457e-02,-4.737459621330972204e-02,-3.935456759849590563e-02,-3.151115506205828115e-02,-2.435484147122156037e-02,-1.819054757023026714e-02,-1.314104039556973462e-02,-9.188508616530727258e-03,-6.222172449711482235e-03,-4.082510211027704124e-03,-2.596408033371005314e-03,-1.601120928549634465e-03,-9.576442737058751386e-04,-5.556725362337767852e-04,-3.128668745207509230e-04,-1.709643342685849101e-04,-9.068304965745317009e-05,-4.669628853752664344e-05,-2.334684174972133364e-05,-1.133473212069534854e-05,-5.344097098399877118e-06,-2.447121320454991883e-06,-1.088401089212286215e-06,-4.702248420681017397e-07,-1.973481946106483561e-07,-8.046313837374333029e-08,-3.187277831356696384e-08,-1.226656301434521393e-08,-4.586959804684200132e-09,-1.666646390802231683e-09,-5.884295253313687161e-10,-2.018796590428844764e-10,-6.730561036896133740e-11,-2.180635045711037198e-11,-6.865926975324311222e-12,-2.100924416494939875e-12,-6.247791430898678659e-13,-1.805745463822296486e-13,-5.072345944534829330e-14,-1.384813627731504576e-14,-3.674609350397718510e-15,-9.477093264438466859e-16,-2.375688782911990276e-16,-5.788422291314831721e-17,-1.370858389701894325e-17,-3.155671610940019107e-18,-7.060941141148257821e-19,-1.535710687309607307e-19,-3.246656987678619119e-20,-6.671868609520766546e-21,-1.332742609009003509e-21,-2.587832800634318726e-22,-4.884504060852713524e-23,-8.961940725049300906e-24,-1.598393861194546115e-24,-2.771202885782808655e-25,-4.670443308173360293e-26,-7.651656714084316039e-27,-1.218604079853614068e-27,-1.886607737287243556e-28,-4.951609439731497978e-29
2.978556281010088414e-21,8.842808298831572085e-21,4.264359784513504109e-20,1.998942640283718876e-19,9.108056484920774102e-19,4.033905686737760052e-18,1.736584271045313094e-17,7.266599448248330845e-17,2.955470355439004462e-16,1.168359353453432313e-15,4.489259717915095801e-15,1.676544388746147620e-14,6.085419339047357360e-14,2.146810289351691746e-13,7.360656268014119778e-13,2.452734303312031020e-12,7.943031413429160047e-12,2.499849291485483912e-11,7.645788730918499285e-11,2.272479249909633117e-10,6.563477196301264890e-10,1.842089016672826224e-09,5.023596659314370993e-09,1.331159256335063917e-08,3.427192124476576948e-08,8.572755910224782212e-08,2.083313065211967228e-07,4.918323142913223781e-07,1.127929590578915478e-06,2.512583892068946682e-06,5.436269020595080250e-06,1.142319756039813407e-05,2.330994936191487692e-05,4.618677928113833171e-05,8.885197515592122930e-05,1.659332927463861586e-04,3.007831502272592314e-04,5.291205584960460709e-04,9.031377713463639885e-04,1.495395292296544448e-03,2.401317960966365978e-03,3.738567205727119300e-03,5.641174000445106293e-03,8.246322725798730519e-03,1.167235250970282204e-02,1.598809243350123727e-02,2.117607117971240238e-02,2.709511719734726889e-02,3.345069274271696841e-02,3.978298863705741206e-02,4.548229984476258314e-02,4.983778605566106801e-02,5.211940695239536403e-02,5.168460900718599427e-02,4.809317456881559427e-02,4.120798523539906388e-02,3.125853070110140575e-02,1.884897746695529674e-02,4.902995820216082823e-03,-9.448933547812038425e-03,-2.302082912835040629e-02,-3.473304388834436152e-02,-4.375399266537449705e-02,-4.959598234789630578e-02,-5.215017372102245807e-02,-5.165940785665822099e-02,-4.864048933510990713e-02,-4.377634776053732080e-02,-3.780156778587058508e-02,-3.140215376316419366e-02,-2.514366684469638083e-02,-1.943343615306341449e-02,-1.451476681599609894e-02,-1.048561822148960480e-02,-7.331778190887435799e-03,-4.964852313972105760e-03,-3.257553600748481614e-03,-2.071749463179140341e-03,-1.277580943200541490e-03,-7.641322105257973649e-04,-4.433872734367781589e-04,-2.496455761205396747e-04,-1.364174132845588161e-04,-7.235864202875507138e-05,-3.726032636883903741e-05,-1.862912386660377952e-05,-9.044312328614058860e-06,-4.264210460176587748e-06,-1.952629254271926987e-06,-8.684668755132205850e-07,-3.752060737784976371e-07,-1.574698625905698423e-07,-6.420387766058471753e-08,-2.543221655165960661e-08,-9.787847292641439976e-09,-3.660068598940769299e-09,-1.329865614755083905e-09,-4.695250274823914526e-10,-1.610856498182470346e-10,-5.370510349630998792e-11,-1.739992107279044857e-11,-5.478522767812878429e-12,-1.676388678555364779e-12,-4.985294443960761012e-13,-1.440856809572750751e-13,-4.047372313050978116e-14,-1.104983058510648579e-14,-2.932077643896180599e-15,-7.562048272361614864e-16,-1.895631155588619499e-16,-4.618750450835660107e-17,-1.093847768323282565e-17,-2.518002132910687074e-18,-5.634130240970143022e-19,-1.225388209842100823e-19,-2.590602010507972608e-20,-5.323677955282802083e-21,-1.063434078651168464e-21,-2.064907035644433034e-22,-3.897487812356502666e-23,-7.150993082569636942e-24,-1.275404936865503338e-24,-2.211223358266601069e-25,-3.726682513747281245e-26,-6.105479372305516773e-27,-9.723596275377353190e-28,-1.505379168727878175e-28,-3.951033145324797001e-29
2.310551419435352410e-21,6.859619674445494684e-21,3.307986025279813085e-20,1.550637060083054088e-19,7.065380289673222766e-19,3.129216180934304109e-18,1.347118158557053902e-17,5.636909323037764948e-17,2.292643005739319718e-16,9.063298147976994913e-16,3.482447345237033869e-15,1.300543502186279985e-14,4.720634080792644053e-14,1.665342230712466621e-13,5.709871892119609106e-13,1.902656250663011665e-12,6.161636972894334462e-12,1.939204696463716875e-11,5.931057310401311638e-11,1.762827242846489592e-10,5.091477253269381153e-10,1.428961211623071887e-09,3.896947815239300618e-09,1.032618362402226127e-08,2.658571093107448178e-08,6.650132301722204737e-08,1.616085615250269638e-07,3.815284133307080425e-07,8.749672897406092051e-07,1.949083290882649257e-06,4.217069585708432025e-06,8.861301532539055391e-06,1.808219536710391749e-05,3.582840757703995851e-05,6.892502204004996927e-05,1.287192078696360400e-04,2.333261047073962452e-04,4.104539723757960070e-04,7.005898370409085335e-04,1.160020959570727886e-03,1.862771121230885835e-03,2.900113662085282602e-03,4.376020247497275709e-03,6.396908730814681969e-03,9.054578163048120770e-03,1.240242123400888200e-02,1.642688494231042337e-02,2.101845847239378409e-02,2.594866046028524581e-02,3.086080375609414478e-02,3.528192270043766648e-02,3.866059810472106950e-02,4.043051678484584077e-02,4.009323156519899178e-02,3.730725300495105201e-02,3.196621443239405780e-02,2.424813757637006573e-02,1.462169169635751942e-02,3.803394290083361717e-03,-7.329808390810044205e-03,-1.785791652090276682e-02,-2.694341697324220686e-02,-3.394122531895285566e-02,-3.847302404282995636e-02,-4.045438344849622281e-02,-4.007368231091938682e-02,-3.773182074543722508e-02,-3.395856680656857834e-02,-2.932375884967525215e-02,-2.435955009928542428e-02,-1.950466254010874492e-02,-1.507507303932494221e-02,-1.125952035329680183e-02,-8.133994385059619900e-03,-5.687470340562214739e-03,-3.851378143992963306e-03,-2.526977631439522327e-03,-1.607115397946981029e-03,-9.910561303056951953e-04,-5.927592420942684546e-04,-3.439482075697107219e-04,-1.936572237827450128e-04,-1.058228947728485241e-04,-5.613067112878531025e-05,-2.890390238016604397e-05,-1.445114496148506056e-05,-7.015932121856457859e-06,-3.307870190114682108e-06,-1.514710440038765995e-06,-6.736946300941402009e-07,-2.910580981386331375e-07,-1.221538826869325155e-07,-4.980478683841121683e-08,-1.972849881248409755e-08,-7.592713489892465250e-09,-2.839220044432239086e-09,-1.031614847575959222e-09,-3.642240120243649921e-10,-1.249587524033619119e-10,-4.166058701171868489e-11,-1.349761714731326200e-11,-4.249847027663437976e-12,-1.300422713331414437e-12,-3.867235689731707770e-13,-1.117713896422480474e-13,-3.139662628678599511e-14,-8.571670075772386231e-15,-2.274496609377997376e-15,-5.866097438191937780e-16,-1.470495382342022395e-16,-3.582897015656513314e-17,-8.485290440402436681e-18,-1.953286375493660667e-18,-4.370556201524103187e-19,-9.505687321274565797e-20,-2.009604179962446985e-20,-4.129729471495492981e-21,-8.249362738481226838e-22,-1.601807530926480021e-22,-3.023392928475540111e-23,-5.547230153965890156e-24,-9.893681398661017097e-25,-1.715309293198545416e-25,-2.890894366113401254e-26,-4.736195223153547697e-27,-7.542872135513521842e-28,-1.167765738478211165e-28,-3.064929576912526743e-29
1.742492836386399772e-21,5.173153924433106280e-21,2.494704036201462943e-20,1.169406552177181549e-19,5.328327444930861129e-19,2.359885494396387618e-18,1.015923610834569425e-17,4.251051948955697395e-17,1.728987279957792997e-16,6.835048968848926798e-16,2.626273322084856988e-15,9.807995255618583790e-15,3.560046748924063982e-14,1.255910984165579528e-13,4.306076369914279824e-13,1.434880374874454193e-12,4.646773144873680431e-12,1.462443234741191490e-11,4.472882442104262514e-11,1.329428904550176661e-10,3.839716600037528878e-10,1.077645212213334789e-09,2.938867144313773244e-09,7.787448849100487894e-09,2.004950439880613854e-08,5.015169885119692255e-08,1.218764310490382320e-07,2.877280814936778240e-07,6.598529777874486481e-07,1.469893136034780638e-06,3.180285659011920752e-06,6.682714053289698432e-06,1.363661316008185081e-05,2.701984600601575425e-05,5.197952148665512613e-05,9.707306045280923235e-05,1.759619208534807938e-04,3.095421727104209417e-04,5.283469400508850750e-04,8.748250288253861702e-04,1.404801168790044885e-03,2.187108773422093838e-03,3.300157645922138002e-03,4.824202372084051595e-03,6.828472828130239224e-03,9.353234891170835244e-03,1.238826762103157481e-02,1.585098388720619644e-02,1.956907541011127308e-02,2.327354804476145650e-02,2.660771668716002680e-02,2.915573082738524835e-02,3.049050771015097971e-02,3.023614545094742423e-02,2.813511119448218467e-02,2.410718895338420653e-02,1.828663308123312792e-02,1.102688856973363385e-02,2.868314138640887245e-03,-5.527744808290269152e-03,-1.346747419196750450e-02,-2.031926693720567667e-02,-2.559663527890888857e-02,-2.901427262118040640e-02,-3.050850665624213476e-02,-3.022140246135095187e-02,-2.845529720728198764e-02,-2.560971329036909605e-02,-2.211439195928745216e-02,-1.837065437650955632e-02,-1.470936091981854196e-02,-1.136880424216866851e-02,-8.491320899303378411e-03,-6.134218363613490321e-03,-4.289182332073636708e-03,-2.904500964433370368e-03,-1.905709772764153671e-03,-1.211999458057178404e-03,-7.474008987588418246e-04,-4.470269409990045733e-04,-2.593871241024470978e-04,-1.460457976903089096e-04,-7.980590023502812352e-05,-4.233071444364188438e-05,-2.179775893209036106e-05,-1.089827145206867627e-05,-5.291036312836374988e-06,-2.494616679588775835e-06,-1.142312639643503060e-06,-5.080640305065799312e-07,-2.195002659160721496e-07,-9.212184750719846847e-08,-3.756007486078425974e-08,-1.487816612270504666e-08,-5.726013605923204278e-09,-2.141186102474563043e-09,-7.779880883370449782e-10,-2.746780385209804187e-10,-9.423712845129001791e-11,-3.141816010539694712e-11,-1.017917237835253585e-11,-3.205004631860247067e-12,-9.807084331444609715e-13,-2.916459867239001433e-13,-8.429193314042959673e-14,-2.367763639936446148e-14,-6.464289683088325785e-15,-1.715302249882349359e-15,-4.423893222030987874e-16,-1.108968035992217326e-16,-2.702027027304772583e-17,-6.399146836850144417e-18,-1.473062874982726050e-18,-3.296036958156531479e-19,-7.168674941801435389e-20,-1.515534715263985052e-20,-3.114418471610247726e-21,-6.221222932173146204e-22,-1.207996552005438423e-22,-2.280079324413981389e-23,-4.183420772966108245e-24,-7.461279077212362949e-25,-1.293593438537684308e-25,-2.180156079336847366e-26,-3.571782120343065396e-27,-5.688425953802298116e-28,-8.806657219396604438e-29,-2.311404016753722868e-29
1.277532335065122588e-21,3.792768196647441239e-21,1.829026212397068190e-20,8.573663271646774795e-20,3.906535774821755528e-19,1.730182163844481169e-18,7.448382201035763547e-18,3.116716585242944493e-17,1.267630552584126937e-16,5.011209163744132044e-16,1.925488024754379101e-15,7.190865190127821611e-15,2.610096719551400984e-14,9.207882286404977000e-14,3.157058488248196491e-13,1.052002072877385226e-12,3.406844965055565302e-12,1.072210158667654153e-11,3.279354629992939161e-11,9.746888924118567716e-11,2.815140476678829545e-10,7.900902520699720083e-10,2.154670439338779385e-09,5.709474096331613419e-09,1.469956698624007407e-08,3.676940048357521077e-08,8.935536393387746350e-08,2.109517583881280104e-07,4.837801900297416123e-07,1.077672155180269545e-06,2.331669708644174770e-06,4.899522747408621281e-06,9.997868507113882549e-06,1.980996778887808232e-05,3.810949352200898951e-05,7.117043525376949337e-05,1.290088767863623541e-04,2.269450562126648836e-04,3.873647489119679899e-04,6.413898746157470354e-04,1.029949093614863746e-03,1.603508559694162994e-03,2.419555487080936665e-03,3.536929617464775345e-03,5.006387776687261544e-03,6.857451440494973481e-03,9.082626987511258423e-03,1.162136453914907296e-02,1.434733393543845617e-02,1.706331845847616074e-02,1.950780957044980640e-02,2.137592081106273745e-02,2.235453064647931892e-02,2.216804149474958796e-02,2.062763963847553950e-02,1.767451363492650307e-02,1.340709389037993138e-02,8.084513410229504649e-03,2.102943543135282756e-03,-4.052741328466016868e-03,-9.873861970975839064e-03,-1.489734706223129479e-02,-1.876652147706361906e-02,-2.127220880220205557e-02,-2.236772681873801932e-02,-2.215723247130241963e-02,-2.086238837089247206e-02,-1.877610979913292566e-02,-1.621346740046459428e-02,-1.346869524638454052e-02,-1.078436812525545956e-02,-8.335193538308083294e-03,-6.225527468320010173e-03,-4.497385668522049795e-03,-3.144672394509065438e-03,-2.129474406900027251e-03,-1.397197053047707048e-03,-8.885938957203854717e-04,-5.479671396533775194e-04,-3.277438849939917956e-04,-1.901731998093240852e-04,-1.070754639867998282e-04,-5.851078176634825833e-05,-3.103533933620645618e-05,-1.598132358779175971e-05,-7.990216020175078585e-06,-3.879195273864139797e-06,-1.828962165707719803e-06,-8.375020564931356687e-07,-3.724940577670979932e-07,-1.609296069444459706e-07,-6.754038610594723036e-08,-2.753768000655249672e-08,-1.090812995687481887e-08,-4.198104795518127911e-09,-1.569839728567315596e-09,-5.703925539270797850e-10,-2.013839417960172297e-10,-6.909123311512549672e-11,-2.303465162366797378e-11,-7.462998748686627920e-12,-2.349792759966903370e-12,-7.190197333673693592e-13,-2.138242239230269803e-13,-6.179977783746115664e-14,-1.735958133454000427e-14,-4.739381948048317647e-15,-1.257597186556651807e-15,-3.243437516644545782e-16,-8.130550065685069578e-17,-1.981027884602602965e-17,-4.691621583856495124e-18,-1.079996092424172649e-18,-2.416534348770722416e-19,-5.255811585839757807e-20,-1.111134900088686727e-20,-2.283378283871403221e-21,-4.561174251930992606e-22,-8.856591106764847740e-23,-1.671671184309172248e-23,-3.067131868232366146e-24,-5.470338289511286337e-25,-9.484156328511305381e-26,-1.598411097412420150e-26,-2.618700666803734709e-27,-4.170546896868074395e-28,-6.456720582533948498e-29,-1.694637308768551750e-29
9.105804825809414100e-22,2.703352862410973693e-21,1.303666079851359586e-20,6.111008093571777013e-20,2.784442423428407002e-19,1.233213490151013310e-18,5.308947001111099504e-18,2.221486857406122416e-17,9.035228374454881030e-17,3.571815079266518142e-16,1.372420694694425062e-15,5.125397859043081362e-15,1.860385890233365284e-14,6.563057282989013348e-14,2.250241158568190957e-13,7.498303791645339539e-13,2.428280245603795529e-12,7.642339977704004868e-12,2.337409582185467879e-11,6.947242411468410427e-11,2.006533927500686062e-10,5.631487699101538804e-10,1.535773924936284730e-09,4.069513964713848162e-09,1.047733856331625427e-08,2.620794598896706646e-08,6.368938631049048102e-08,1.503590544693074327e-07,3.448216431077045448e-07,7.681271183465316718e-07,1.661932829597093322e-06,3.492208897807809158e-06,7.126131902974058399e-06,1.411985398255293829e-05,2.716311755852114589e-05,5.072780351627581802e-05,9.195302698570211692e-05,1.617585192432343657e-04,2.761000800665624729e-04,4.571603281731117531e-04,7.341117848495106509e-04,1.142924964035874590e-03,1.724574746630737039e-03,2.521000047925754314e-03,3.568378562763188568e-03,4.887752169218441758e-03,6.473779675384157273e-03,8.283303240045126678e-03,1.022627913211716748e-02,1.216213815485099256e-02,1.390448614504280478e-02,1.523601066955156472e-02,1.593352962209275414e-02,1.580060666028803434e-02,1.470266195301522805e-02,1.259777675549348525e-02,9.556108827639020475e-03,5.762359136016373395e-03,1.498904797780267750e-03,-2.888652641783964747e-03,-7.037744369899165409e-03,-1.061830930205828749e-02,-1.337612185141210525e-02,-1.516208836755914002e-02,-1.594293539333917903e-02,-1.579290236544039078e-02,-1.486998266043091516e-02,-1.338295607290093669e-02,-1.155639396718104867e-02,-9.600016125277350404e-03,-7.686721394276887706e-03,-5.941035186503651824e-03,-4.437338806093487839e-03,-3.205579616258115785e-03,-2.241412783031475515e-03,-1.517815071960531767e-03,-9.958733191359802131e-04,-6.333587308710243897e-04,-3.905718616810057754e-04,-2.336044080994373220e-04,-1.355488227603318533e-04,-7.631965547447985485e-05,-4.170444413391180972e-05,-2.212090723197659417e-05,-1.139092995568812363e-05,-5.695147245886387023e-06,-2.764955068100745100e-06,-1.303620429605421025e-06,-5.969422501741785676e-07,-2.655007701725253407e-07,-1.147050099092512230e-07,-4.814043111552326483e-08,-1.962789767528484016e-08,-7.774934510507163234e-09,-2.992262650192244820e-09,-1.118926995723116262e-09,-4.065559146798553991e-10,-1.435394485692774274e-10,-4.924582076341404944e-11,-1.641829612907143893e-11,-5.319365166388192980e-12,-1.674850308369522943e-12,-5.124921834260283707e-13,-1.524064476985620735e-13,-4.404872579899211476e-14,-1.237330399797881075e-14,-3.378066122427541935e-15,-8.963714041483076574e-16,-2.311809116734998539e-16,-5.795172458067468233e-17,-1.412007569323694346e-17,-3.344024200919663879e-18,-7.697835397450015164e-19,-1.722421384633588578e-19,-3.746159152945805523e-20,-7.919781955919727250e-21,-1.627512386632829264e-21,-3.251045893290341323e-22,-6.312669184697272678e-23,-1.191508905054294585e-23,-2.186144600850394126e-24,-3.899066303703567633e-25,-6.759975782568794947e-26,-1.139291670742971549e-26,-1.866518483691915509e-27,-2.972620341373174361e-28,-4.602125192889329714e-29,-1.207878357411156590e-29
6.309723232763638364e-22,1.873245549252848707e-21,9.033547620622133439e-21,4.234526269915816147e-20,1.929435276231850072e-19,8.545357558848960304e-19,3.678750739250954142e-18,1.539344133066076752e-17,6.260818398614823834e-17,2.475032687380284754e-16,9.509971834553651708e-16,3.551563268377701901e-15,1.289124937121376022e-14,4.547766595991495095e-14,1.559268970634525331e-13,5.195830851366695203e-13,1.682638336143483407e-12,5.295638445194868800e-12,1.619670949172689825e-11,4.813981595897713273e-11,1.390395904796267208e-10,3.902250207398343211e-10,1.064190217099421255e-09,2.819905247302338379e-09,7.260105813283837357e-09,1.816038108140549852e-08,4.413255150656478641e-08,1.041889253492788268e-07,2.389386961720897536e-07,5.322615207619581601e-07,1.151610031930293513e-06,2.419870844772164572e-06,4.937940235715155982e-06,9.784129181466940390e-06,1.882225209214898848e-05,3.515102799990708996e-05,6.371739366191094391e-05,1.120880039152116081e-04,1.913191775015927586e-04,3.167820087243443166e-04,5.086911341632889029e-04,7.919717517382298625e-04,1.195016756191693598e-03,1.746887054630168364e-03,2.472651407698191368e-03,3.386890451538646790e-03,4.485903091815230184e-03,5.739783786008532604e-03,7.086138156811420258e-03,8.427561005726148802e-03,9.634893449543952687e-03,1.055755227959863374e-02,1.104088699018537442e-02,1.094878012908838752e-02,1.018797673385930802e-02,8.729429874227645492e-03,6.621754258741424648e-03,3.992935496815709639e-03,1.038642339384249214e-03,-2.001646096519316131e-03,-4.876693494587094890e-03,-7.357789253945701269e-03,-9.268771780711851371e-03,-1.050632899124318009e-02,-1.104740457039833298e-02,-1.094344155999732102e-02,-1.030391896797253071e-02,-9.273507446249513314e-03,-8.007820164892466563e-03,-6.652179125219028974e-03,-5.326391844878902715e-03,-4.116746236060051835e-03,-3.074783645383371081e-03,-2.221255623868423606e-03,-1.553151487633601044e-03,-1.051745914369177576e-03,-6.900746434660350601e-04,-4.388759011749811300e-04,-2.706405855226896840e-04,-1.618724746749660250e-04,-9.392640985675856642e-05,-5.288449648063228540e-05,-2.889843403137567991e-05,-1.532833230685949231e-05,-7.893164498811879224e-06,-3.946362082078233992e-06,-1.915931822005869696e-06,-9.033231294473155978e-07,-4.136416776544964675e-07,-1.839745535865157595e-07,-7.948301987402333500e-08,-3.335814927461673498e-08,-1.360084081980567613e-08,-5.387517726616998016e-09,-2.073441010830203522e-09,-7.753427396850663232e-10,-2.817164818865893075e-10,-9.946338745242550083e-11,-3.412411152353089670e-11,-1.137679826327557710e-11,-3.685969841872787922e-12,-1.160560994253591053e-12,-3.551233414543913570e-13,-1.056076340600802279e-13,-3.052286688154783373e-14,-8.573885032194754099e-15,-2.340777416410105648e-15,-6.211263674253848623e-16,-1.601931512108922654e-16,-4.015672968620862153e-17,-9.784282812373886660e-18,-2.317188606070423856e-18,-5.334093117349809206e-19,-1.193524618101554010e-19,-2.595841651907049613e-20,-5.487887469765415237e-21,-1.127758931142578640e-21,-2.252760760425310687e-22,-4.374264129024407672e-23,-8.256372241755754790e-24,-1.514854276150199458e-24,-2.701796240221673313e-25,-4.684218151403549911e-26,-7.894541186964252303e-27,-1.293374420628080646e-27,-2.059830184036569630e-28,-3.188969762162637770e-29,-8.369801769205112674e-30
4.250576323986602031e-22,1.261921147241817467e-21,6.085494120952769333e-21,2.852609606193458362e-20,1.299773635272992157e-19,5.756622466582279387e-19,2.478208665780029932e-18,1.036986803557869997e-17,4.217631340111229949e-17,1.667318035035857083e-16,6.406439653618229552e-16,2.392528195740631308e-15,8.684254022325547672e-15,3.063625504136718576e-14,1.050409269124652961e-13,3.500197201293917746e-13,1.133517653564511956e-12,3.567433081479156735e-12,1.091099361292744296e-11,3.242962558068929584e-11,9.366470914614793839e-11,2.628770190063359378e-10,7.168970134114343912e-10,1.899643144065301332e-09,4.890806259035460128e-09,1.223383071041401815e-08,2.973011202406747984e-08,7.018738587639799009e-08,1.609622367522565694e-07,3.585606111171634457e-07,7.757878048867086738e-07,1.630157986404874688e-06,3.326467910066886906e-06,6.591127108970590448e-06,1.267970339674530424e-05,2.367966420529563749e-05,4.292353799594924506e-05,7.550863929672564732e-05,1.288831120183185500e-04,2.134017700105770546e-04,3.426823033804167863e-04,5.335156952249206323e-04,8.050289597901904171e-04,1.176799121161684275e-03,1.665713874177439293e-03,2.281595536630378132e-03,3.021950847979831128e-03,3.866633791308807938e-03,4.773612085145016899e-03,5.677268234822802767e-03,6.490593718613496196e-03,7.112147411774417602e-03,7.437748234757127902e-03,7.375699991337716227e-03,6.863181013931980018e-03,5.880623694019242870e-03,4.460777570926173496e-03,2.689860784676104122e-03,6.996865589844816768e-04,-1.348418812204973949e-03,-3.285208739393842559e-03,-4.956611192913847747e-03,-6.243954042065496396e-03,-7.077640589733494303e-03,-7.442138834965875138e-03,-7.372103637813917643e-03,-6.941286074501458458e-03,-6.247144246622834615e-03,-5.394507737342725713e-03,-4.481273433001180945e-03,-3.588150261576737721e-03,-2.773266502720051277e-03,-2.071343239998718177e-03,-1.496359858592694395e-03,-1.046288196385502514e-03,-7.085138472086697798e-04,-4.648722032797459182e-04,-2.956509257040090561e-04,-1.823183716140206411e-04,-1.090461947341499606e-04,-6.327399145831245127e-05,-3.562590312666882592e-05,-1.946757329326682403e-05,-1.032600701904304373e-05,-5.317269379704067223e-06,-2.658486373040664837e-06,-1.290676966416437045e-06,-6.085281026274918085e-07,-2.786517659796336462e-07,-1.239353697211750409e-07,-5.354413022130365092e-08,-2.247188256727911389e-08,-9.162273818095106136e-09,-3.629328014722805021e-09,-1.396783812014773769e-09,-5.223134788491783776e-10,-1.897797040868721105e-10,-6.700400385447872808e-11,-2.298787683203493945e-11,-7.664036528504084638e-12,-2.483071850035950952e-12,-7.818176650128662127e-13,-2.392305988070896630e-13,-7.114310602993057826e-14,-2.056188053276575920e-14,-5.775840140371385823e-15,-1.576876306436249243e-15,-4.184248554473868495e-16,-1.079149101605827231e-16,-2.705177995234616701e-17,-6.591230603192351559e-18,-1.560985587455071272e-18,-3.593338261940920678e-19,-8.040237735713782781e-20,-1.748701592665843878e-20,-3.696942589583378493e-21,-7.597203926454191780e-22,-1.517583449959948114e-22,-2.946744707461823799e-23,-5.561946075637295666e-24,-1.020489090085436121e-24,-1.820078426148701721e-25,-3.155546770634387133e-26,-5.318196792500238570e-27,-8.712880878554353669e-28,-1.387614811095922664e-28,-2.148265283423653766e-29,-5.638358438910844038e-30
2.783754064154044731e-22,8.264474872390084209e-22,3.985464017194558885e-21,1.868208680285058360e-20,8.512375414254249905e-20,3.770081976111679784e-19,1.623008956751693870e-18,6.791352533980321398e-18,2.762177994048210195e-17,1.091946833203853774e-16,4.195655144898359128e-16,1.566895776206070754e-15,5.687423442410174185e-15,2.006405554950223714e-14,6.879257891335426882e-14,2.292321662231440366e-13,7.423544795782186301e-13,2.336355256844579525e-12,7.145742247361478316e-12,2.123855569885833472e-11,6.134215571709806111e-11,1.721613527798625809e-10,4.695045618642708454e-10,1.244099369041426670e-09,3.203048425162910256e-09,8.012084330330682780e-09,1.947061148101710791e-08,4.596657154070838822e-08,1.054161239749642693e-07,2.348256994728669503e-07,5.080728565177346547e-07,1.067610265991322069e-06,2.178544239206069189e-06,4.316609202712587241e-06,8.304091768396369526e-06,1.550809971281030944e-05,2.811114640379548164e-05,4.945152504022280369e-05,8.440711553799805323e-05,1.397594112620110878e-04,2.244268028703942002e-04,3.494059091449049819e-04,5.272232440413683347e-04,7.707000384254430883e-04,1.090896248772746380e-03,1.494244630312530075e-03,1.979112316432348525e-03,2.532305435949912340e-03,3.126296537184407830e-03,3.718111925857151001e-03,4.250768664240081596e-03,4.657831727585787923e-03,4.871071661463711316e-03,4.830435513180094884e-03,4.494780609571352031e-03,3.851291886139588533e-03,2.921417413981743788e-03,1.761622500246692175e-03,4.582332262134738987e-04,-8.830958586662392140e-04,-2.151523107178261729e-03,-3.246144875658711626e-03,-4.089241344262861677e-03,-4.635232790694474719e-03,-4.873947118870800357e-03,-4.828080217574293870e-03,-4.545932562440504685e-03,-4.091330647977252377e-03,-3.532928641510410181e-03,-2.934840403007405851e-03,-2.349923189731464336e-03,-1.816245918080253065e-03,-1.356547847421414989e-03,-9.799842469097428017e-04,-6.852268485401107230e-04,-4.640143244920526462e-04,-3.044504524926438865e-04,-1.936253823640402276e-04,-1.194025160979742049e-04,-7.141567745971394389e-05,-4.143890556284037722e-05,-2.333183668726787391e-05,-1.274955021241000894e-05,-6.762627421493847845e-06,-3.482344302918048270e-06,-1.741075016977730075e-06,-8.452800224986865545e-07,-3.985324458901709433e-07,-1.824924261804530644e-07,-8.116677900990539570e-08,-3.506670125507845271e-08,-1.471710884776785095e-08,-6.000484412921434361e-09,-2.376891000431923066e-09,-9.147706845065864410e-10,-3.420694415728421889e-10,-1.242890333634311035e-10,-4.388173598764110910e-11,-1.505503975927470314e-11,-5.019270613646676931e-12,-1.626193915191499500e-12,-5.120218851559779008e-13,-1.566750249704125670e-13,-4.659248427790061488e-14,-1.346622531554785164e-14,-3.782667864103442208e-15,-1.032715446594571463e-15,-2.740315202250689781e-16,-7.067478545135000756e-17,-1.771653927491787822e-17,-4.316676982335544630e-18,-1.022308421717366918e-18,-2.353320874185959145e-19,-5.265649353771892113e-20,-1.145245913620139112e-20,-2.421172606787766451e-21,-4.975501130782769841e-22,-9.938838346882594217e-23,-1.929858901516594041e-23,-3.642586043047322224e-24,-6.683307004556577261e-25,-1.191991468845937573e-25,-2.066605908900119468e-26,-3.482951676823043949e-27,-5.706171518270151635e-28,-9.087657944336622181e-29,-1.406925027993096923e-29,-3.692629427897040010e-30
1.772390631184403647e-22,5.261915204400223480e-22,2.537508315105003070e-21,1.189471298730137787e-20,5.419751201309346524e-20,2.400376548812735911e-19,1.033354888032913440e-18,4.323991748874250084e-18,1.758653345622509706e-17,6.952325141948581637e-17,2.671335074550939190e-16,9.976281416347029507e-16,3.621130240889139020e-15,1.277459978861594097e-14,4.379960282091021837e-14,1.459500136925600885e-13,4.726502752397555214e-13,1.487535921966625509e-12,4.549628422700047906e-12,1.352239324057660575e-11,3.905598683793140302e-11,1.096135512286309100e-10,2.989292400007501456e-10,7.921066355484675543e-10,2.039351497709926544e-09,5.101220465627860890e-09,1.239675940369862346e-08,2.926649368760835700e-08,6.711747740753754243e-08,1.495113649105748094e-07,3.234853187811257404e-07,6.797376454928777825e-07,1.387059097249294489e-06,2.748345411647235761e-06,5.287138918025746089e-06,9.873864574603234898e-06,1.789810858635638511e-05,3.148533155557567252e-05,5.374123479916994726e-05,8.898353282365523121e-05,1.428904830050182605e-04,2.224635314675645385e-04,3.356781945338727416e-04,4.906976320746983620e-04,6.945636167419782722e-04,9.513718246760179131e-04,1.260082624709994931e-03,1.612295600307948017e-03,1.990484275949754630e-03,2.367287695397327866e-03,2.706425345847069883e-03,2.965598657550668274e-03,3.101366563870542638e-03,3.075493901686500095e-03,2.861785509078184492e-03,2.452082152244523805e-03,1.860039620954687806e-03,1.121608857379323421e-03,2.917528841704531556e-04,-5.622590179543938971e-04,-1.369854990799378516e-03,-2.066790611703388236e-03,-2.603582385581863431e-03,-2.951210122106159503e-03,-3.103197341177458060e-03,-3.073994306618397371e-03,-2.894353487406261735e-03,-2.604912626057035233e-03,-2.249383200005820264e-03,-1.868585914716033684e-03,-1.496174500152438417e-03,-1.156387085549019514e-03,-8.637015483814725319e-04,-6.239469643878009595e-04,-4.362776375353304061e-04,-2.954336563186987178e-04,-1.938408053377342448e-04,-1.232795016199859288e-04,-7.602248474353091726e-05,-4.546970556026781155e-05,-2.638377036673759290e-05,-1.485516600957515520e-05,-8.117521457542094319e-06,-4.305702733725062515e-06,-2.217176616471656756e-06,-1.108526463604213822e-06,-5.381820225772283846e-07,-2.537419459622391249e-07,-1.161912507248145152e-07,-5.167814230898574765e-08,-2.232664644171089188e-08,-9.370247959685165951e-09,-3.820453283922491816e-09,-1.513344657403221299e-09,-5.824260884893612806e-10,-2.177924699833077239e-10,-7.913368538152581646e-11,-2.793909804968256344e-11,-9.585405465606662031e-12,-3.195723474842938703e-12,-1.035382721803181531e-12,-3.259996290252776623e-13,-9.975354862482347368e-14,-2.966500657551882301e-14,-8.573821909784299993e-15,-2.408389868038356643e-15,-6.575204346508486879e-16,-1.744733506994367092e-16,-4.499798642701066489e-17,-1.127995774921922520e-17,-2.748388566310302411e-18,-6.508943775474651807e-19,-1.498337774621410150e-19,-3.352590554569543247e-20,-7.291675489010599847e-21,-1.541538349241706898e-21,-3.167855847325592016e-22,-6.327967041953523256e-23,-1.228723428050136116e-23,-2.319201059861613691e-24,-4.255200153180509681e-25,-7.589300143424407091e-26,-1.315788991007004066e-26,-2.217563325855467298e-27,-3.633066968502677414e-28,-5.786028301622016249e-29,-8.957762363075526450e-30,-2.351063223118915148e-30
1.097068040902332988e-22,3.257001534039930390e-22,1.570657860093368493e-21,7.362547084416740657e-21,3.354698297307771687e-20,1.485776527759095850e-19,6.396223285233393732e-19,2.676449013751182006e-18,1.088564984807631076e-17,4.303325457152049193e-17,1.653493471059993128e-16,6.175083142709013801e-16,2.241394300628727995e-15,7.907176283166782621e-15,2.711092217121810257e-14,9.033961970582549061e-14,2.925593841255656810e-13,9.207496874395234349e-13,2.816112798559379543e-12,8.370042810955853478e-12,2.417473564344246830e-11,6.784820557440145002e-11,1.850301564034433263e-10,4.902953443543061199e-10,1.262310527340580458e-09,3.157535276914389566e-09,7.673301987307984471e-09,1.811527003643058642e-08,4.154413714125146439e-08,9.254401219976556242e-08,2.002297905957255174e-07,4.207415870676957008e-07,8.585569003026035371e-07,1.701161055260096908e-06,3.272614418471006447e-06,6.111689530742036647e-06,1.107850751251714753e-05,1.948867839803102264e-05,3.326455812813643214e-05,5.507871025146480939e-05,8.844584229671142083e-05,1.376996844517537893e-04,2.077768934068555053e-04,3.037302727874766832e-04,4.299185139519554294e-04,5.888767439317463964e-04,7.799614555296313992e-04,9.979729888344656633e-04,1.232062868445571229e-03,1.465295307110860319e-03,1.675213522220411495e-03,1.835635695708682028e-03,1.919672830854343530e-03,1.903658262555590029e-03,1.771377802775389761e-03,1.517781078032904955e-03,1.151320700447313813e-03,6.942494561718477730e-04,1.805881612286577842e-04,-3.480250845687964806e-04,-8.479079637609635706e-04,-1.279294692401750783e-03,-1.611556152928545795e-03,-1.826729531280903845e-03,-1.920806038871853381e-03,-1.902730048540825919e-03,-1.791536614017049701e-03,-1.612379540440502836e-03,-1.392315202444939807e-03,-1.156610654923926913e-03,-9.260967638005399103e-04,-7.157763599891425526e-04,-5.346109085297904955e-04,-3.862084699637917591e-04,-2.700455783726089820e-04,-1.828664724646978518e-04,-1.199828913655970602e-04,-7.630710687929806836e-05,-4.705612686881549328e-05,-2.814467641711386958e-05,-1.633093222147742894e-05,-9.194997753126859123e-06,-5.024554522981957801e-06,-2.665128544286554107e-06,-1.372380086065783707e-06,-6.861517626630612282e-07,-3.331219917152845729e-07,-1.570602860643193774e-07,-7.191964658348673003e-08,-3.198755248582253417e-08,-1.381966810293894534e-08,-5.799962711962337290e-09,-2.364770567959347651e-09,-9.367246865878076502e-10,-3.605080260678490393e-10,-1.348084074492105798e-10,-4.898188675984944671e-11,-1.729364341170155761e-11,-5.933140138740427182e-12,-1.978077535576179622e-12,-6.408775098487707934e-13,-2.017860893964755159e-13,-6.174509627697598189e-14,-1.836194012457151631e-14,-5.306993751894876232e-15,-1.490736583555656095e-15,-4.069896570225141744e-16,-1.079948932666095917e-16,-2.785269338793668990e-17,-6.982028076467263205e-18,-1.701187766979759573e-18,-4.028882837939427412e-19,-9.274357797273031218e-20,-2.075174561936983089e-20,-4.513375326453160555e-21,-9.541759175562226831e-22,-1.960828130740065308e-22,-3.916862503934247548e-23,-7.605508516601469066e-24,-1.435530812697181160e-24,-2.633868636835169107e-25,-4.697597975116000597e-26,-8.144423837539106985e-27,-1.372619450062985306e-27,-2.248782853776866142e-28,-3.581415192442134113e-29,-5.544643846351737446e-30,-1.455252741039952018e-30
6.601660980465160162e-23,1.959916717918554349e-22,9.451511047674664688e-22,4.430448977809406033e-21,2.018706226493843774e-20,8.940733448884927225e-20,3.848958871296366556e-19,1.610566378886838793e-18,6.550493421533270727e-18,2.589547293106496293e-17,9.949978417357201390e-17,3.715886701140299742e-16,1.348770062076290593e-15,4.758182281137873406e-15,1.631413097176267313e-14,5.436231119370456990e-14,1.760490506187837552e-13,5.540656602616413876e-13,1.694609749414157856e-12,5.036714494432061934e-12,1.454726626427913376e-11,4.082799194174852635e-11,1.113428081209333199e-10,2.950376387835799126e-10,7.596015782868399338e-10,1.900062407697421102e-09,4.617447271481167030e-09,1.090095298480576025e-08,2.499938918163296673e-08,5.568881523632582575e-08,1.204892628733661282e-07,2.531833226970324399e-07,5.166408442246610801e-07,1.023682045350662772e-06,1.969311848037960764e-06,3.677739282846240063e-06,6.666546471175979723e-06,1.172740823215437085e-05,2.001711172319909385e-05,3.314388522542055830e-05,5.322272130854561388e-05,8.286146346217620746e-05,1.250307691688935493e-04,1.827711879017006574e-04,2.587055836574894967e-04,3.543594816161129844e-04,4.693456481515657030e-04,6.005351622974817918e-04,7.413999005391813191e-04,8.817486694677656358e-04,1.008067989519947178e-03,1.104602822696548574e-03,1.155172582758550500e-03,1.145535737392976150e-03,1.065935319073371083e-03,9.133322406782405645e-04,6.928129031899760495e-04,4.177680302991162997e-04,1.086698156421142189e-04,-2.094258090985148119e-04,-5.102327942013802284e-04,-7.698218832806694861e-04,-9.697618539563288009e-04,-1.099243494378127593e-03,-1.155854496265555989e-03,-1.144977180036977661e-03,-1.078065983045426324e-03,-9.702573314478632732e-04,-8.378325319666681415e-04,-6.959961593559209781e-04,-5.572832898029265536e-04,-4.307219507181271200e-04,-3.217047478358104977e-04,-2.324028493609246260e-04,-1.625012570982636395e-04,-1.100408006519409428e-04,-7.220029594519586000e-05,-4.591817747264864750e-05,-2.831625615364463943e-05,-1.693619768176426015e-05,-9.827218914560081385e-06,-5.533135194819326490e-06,-3.023550436425705140e-06,-1.603754230619014632e-06,-8.258364774801049124e-07,-4.128952033389279660e-07,-2.004577995575202022e-07,-9.451180085773852584e-08,-4.327800162590944679e-08,-1.924866728708522645e-08,-8.316053360109888584e-09,-3.490156134000721276e-09,-1.423012338725063742e-09,-5.636786946959894518e-10,-2.169374806396799596e-10,-8.112162328273706708e-11,-2.947509165485257743e-11,-1.040653511583528978e-11,-3.570296306630003797e-12,-1.190317901541202797e-12,-3.856511986755545556e-13,-1.214257733434373639e-13,-3.715541585656873091e-14,-1.104938792550351083e-14,-3.193509633790843240e-15,-8.970580828985575526e-16,-2.449080310468748046e-16,-6.498645903323146672e-17,-1.676049545557489540e-17,-4.201469790243350119e-18,-1.023698119259555818e-18,-2.424400095021824125e-19,-5.580890492331853173e-20,-1.248746515478227374e-20,-2.715945836717009562e-21,-5.741800589003928426e-22,-1.179937987206157498e-22,-2.356991307193821637e-23,-4.576652216515786010e-24,-8.638377383269356311e-25,-1.584943427315964921e-25,-2.826802723077068263e-26,-4.900947165722601698e-27,-8.259805159445942038e-28,-1.353216160331066404e-28,-2.155134235005500427e-29,-3.336516748854517001e-30,-8.757055058623913650e-31
3.862054593378756444e-23,1.146575897410567772e-22,5.529252678084398574e-22,2.591868300433919488e-21,1.180968498349571760e-20,5.230441367197883271e-20,2.251689284348671260e-19,9.422015610809320513e-19,3.832120928716234786e-18,1.514917692336388861e-17,5.820862350321151147e-17,2.173840393361542029e-16,7.890474274682390225e-16,2.783596399357552830e-15,9.543971531243250379e-15,3.180263486319460558e-14,1.029909058665926898e-13,3.241353705648995160e-13,9.913679884616322931e-13,2.946541242623482388e-12,8.510333484756554264e-12,2.388488810371340131e-11,6.513694126608150671e-11,1.726007244927425292e-10,4.443764642324524302e-10,1.111560374134373223e-09,2.701264651013869559e-09,6.377194416943336255e-09,1.462495667473469598e-08,3.257865638961052523e-08,7.048773217980623122e-08,1.481154238732319930e-07,3.022413831108822502e-07,5.988668544332507200e-07,1.152072166537450016e-06,2.151523674510934692e-06,3.900013420435303690e-06,6.860681117288826612e-06,1.171026178192357645e-05,1.938958915885361406e-05,3.113596046661930229e-05,4.847499690231536057e-05,7.314457040603470522e-05,1.069234406101419652e-04,1.513460158971602267e-04,2.073047476585805605e-04,2.745730993593631462e-04,3.513206129335399324e-04,4.337282541288804607e-04,5.158340467952441744e-04,5.897324356527770210e-04,6.462065255816546675e-04,6.757904703966689970e-04,6.701527948147314225e-04,6.235855502810007389e-04,5.343108326571117429e-04,4.053042504052360370e-04,2.443995450777938436e-04,6.357320709199625747e-05,-1.225167288042071194e-04,-2.984925933593005239e-04,-4.503554710254330067e-04,-5.673228652059080987e-04,-6.430712511998246637e-04,-6.761893983634056308e-04,-6.698260317457400363e-04,-6.306821410712022766e-04,-5.676127257618768110e-04,-4.901425547508261654e-04,-4.071664952454313998e-04,-3.260177242614141404e-04,-2.519777512299333660e-04,-1.882013182390814996e-04,-1.359585859595947713e-04,-9.506527649075878082e-05,-6.437525054292641820e-05,-4.223807999586231518e-05,-2.686271057429078126e-05,-1.656536551469013776e-05,-9.907888370029530525e-06,-5.749046499270752962e-06,-3.236953587615460889e-06,-1.768814982451207080e-06,-9.382163687806326052e-07,-4.831247122003918430e-07,-2.415488801012028639e-07,-1.172703305805281089e-07,-5.529059061215356004e-08,-2.531817454216214012e-08,-1.126071213479209000e-08,-4.864995669003945499e-09,-2.041785176308283695e-09,-8.324800918238850586e-10,-3.297591164529936112e-10,-1.269111510057371986e-10,-4.745716854417472815e-11,-1.724329883838759870e-11,-6.087953753486635619e-12,-2.088668183892729153e-12,-6.963509233254029253e-13,-2.256107951762783020e-13,-7.103560256778717017e-14,-2.173638496468941668e-14,-6.464030721660613845e-15,-1.868243247673134034e-15,-5.247902459453171176e-16,-1.432742743165347607e-16,-3.801789479335357437e-17,-9.805100360810453767e-18,-2.457912599627022410e-18,-5.988762578718508493e-19,-1.418304507134393088e-19,-3.264891036488141376e-20,-7.305323963680158018e-21,-1.588862427970639763e-21,-3.359025464143894927e-22,-6.902785430630469379e-23,-1.378869519570558715e-23,-2.677399031455046439e-24,-5.053559271085722607e-25,-9.272118125762560679e-26,-1.653715098903215965e-26,-2.867115650030250352e-27,-4.832089765113063615e-28,-7.916484507922601803e-29,-1.260780596925532586e-29,-1.951904206218552034e-30,-5.122987201812727867e-31
2.196489520644577321e-23,6.520990012941997345e-23,3.144685107566856782e-22,1.474088836173956955e-21,6.716593119329322769e-21,2.974740354808171399e-20,1.280616779809074336e-19,5.358639566611292645e-19,2.179465167633503942e-18,8.615882441332470522e-18,3.310534029092915114e-17,1.236341312149919011e-16,4.487596857633489232e-16,1.583131510200591822e-15,5.428000290220158254e-15,1.808730366620225598e-14,5.857463689029664931e-14,1.843474574224450508e-13,5.638266744058211116e-13,1.675804110243653782e-12,4.840133111661873053e-12,1.358419596437577573e-11,3.704572409283863310e-11,9.816424740705087744e-11,2.527328972980024409e-10,6.321844122907414441e-10,1.536306480134131552e-09,3.626940109014514557e-09,8.317739508656747971e-09,1.852865505297166628e-08,4.008891156856889775e-08,8.423857522396191460e-08,1.718955583502982881e-07,3.405971454363153390e-07,6.552249274684536815e-07,1.223648990509886800e-06,2.218078072496896276e-06,3.901916405957736737e-06,6.660047564345064211e-06,1.102755757778301488e-05,1.770814192978604305e-05,2.756947633307885927e-05,4.159995114112257448e-05,6.081121101034791848e-05,8.607592924226116005e-05,1.179016750805638597e-04,1.561596090401506758e-04,1.998086837037287456e-04,2.466768767678378916e-04,2.933733977038897704e-04,3.354020725435378526e-04,3.675209211298277731e-04,3.843463758701396284e-04,3.811400267528200925e-04,3.546555578903157029e-04,3.038818111764411082e-04,2.305111222959089438e-04,1.389988221642494276e-04,3.615637215764223866e-05,-6.967967552386948940e-05,-1.697634866238721327e-04,-2.561333737664493997e-04,-3.226569428571072172e-04,-3.657377776869984425e-04,-3.845732605703025640e-04,-3.809541848286790260e-04,-3.586916446224159508e-04,-3.228217969932240666e-04,-2.787617210222499177e-04,-2.315702479963523022e-04,-1.854180197536013078e-04,-1.433088208957524195e-04,-1.070368668512231502e-04,-7.732454373221147063e-05,-5.406704606069589585e-05,-3.661252314993874854e-05,-2.402231709570244636e-05,-1.527779083540042082e-05,-9.421319890465773946e-06,-5.634972901159046636e-06,-3.269689768496797056e-06,-1.840972068649609828e-06,-1.005988775915826449e-06,-5.335974342923429095e-07,-2.747704212498472537e-07,-1.373775463390227354e-07,-6.669585993016909390e-08,-3.144574990681248134e-08,-1.439935757486465159e-08,-6.404372491644983075e-09,-2.766898226469592115e-09,-1.161236754875867832e-09,-4.734614060016924469e-10,-1.875458842212647296e-10,-7.217894167393610393e-11,-2.699060069359303351e-11,-9.806884984172657871e-12,-3.462438528090167735e-12,-1.187900809556007535e-12,-3.960398458369024264e-13,-1.283129835084612531e-13,-4.040050518714032469e-14,-1.236226486116747919e-14,-3.676327042500642590e-15,-1.062537210780072220e-15,-2.984671106751320356e-16,-8.148523914026455280e-17,-2.162214580128791685e-17,-5.576513658898549522e-18,-1.397903405352396097e-18,-3.406024935104678054e-19,-8.066408466479558879e-20,-1.856861101856857181e-20,-4.154800804381980309e-21,-9.036432780537727071e-22,-1.910398740665025466e-22,-3.925862645140227713e-23,-7.842127491582895182e-24,-1.522733242885104828e-24,-2.874141137188073819e-25,-5.273387469025589114e-26,-9.405273273713064750e-27,-1.630631915603773671e-27,-2.748183453978376345e-28,-4.502389813911115172e-29,-7.170513264433702310e-30,-1.110118210553372771e-30,-2.913627301506714675e-31
1.214466106511000632e-23,3.605535686457879821e-23,1.738735123884906415e-22,8.150418714468349713e-22,3.713687052900959316e-21,1.644770577154790865e-20,7.080687888057745944e-20,2.962857809924092515e-19,1.205053132070239057e-18,4.763827509457401180e-18,1.830435035084889126e-17,6.835883374689573711e-17,2.481247568930713323e-16,8.753329088153164359e-16,3.001208208209318520e-15,1.000069294859584797e-14,3.238663810405013571e-14,1.019279795131185441e-13,3.117467120042260687e-13,9.265727306750334613e-13,2.676169205391868819e-12,7.510869242889243096e-12,2.048303708214722769e-11,5.427622131884264957e-11,1.397391314112332514e-10,3.495425471305570882e-10,8.494427730247432282e-10,2.005379853326511704e-09,4.598980610245152968e-09,1.024472156573929474e-08,2.216565291541031025e-08,4.657654566922627713e-08,9.504317116657997205e-08,1.883203562862507107e-07,3.622819317244211188e-07,6.765705965237476499e-07,1.226402682700815378e-06,2.157417634336931176e-06,3.682422319171642608e-06,6.097272393034614175e-06,9.791049755020195920e-06,1.524350299242763950e-05,2.300112530406287376e-05,3.362326747922896476e-05,4.759244133360973427e-05,6.518928815294253555e-05,8.634257099920861678e-05,1.104766819345194095e-04,1.363906830780668342e-04,1.622097645878090185e-04,1.854479365046713259e-04,2.032068434430299290e-04,2.125098445803844105e-04,2.107370146660934385e-04,1.960934256663980114e-04,1.680199958116166976e-04,1.274524383435437667e-04,7.685416059435238451e-05,1.999130344449329306e-05,-3.852675072703619016e-05,-9.386432245182092186e-05,-1.416192967287106677e-04,-1.784009973402555203e-04,-2.022209214734462922e-04,-2.126352919252698457e-04,-2.106342603775265766e-04,-1.983250277264139477e-04,-1.784921472223522407e-04,-1.541307886025556695e-04,-1.280380419868275580e-04,-1.025199066103688625e-04,-7.923721197216207284e-05,-5.918200187897734434e-05,-4.275369250869011736e-05,-2.989433562178569226e-05,-2.024351494579473091e-05,-1.328223496555951880e-05,-8.447278704299604273e-06,-5.209163794330738187e-06,-3.115645913738455897e-06,-1.807851740389756431e-06,-1.017896128979611774e-06,-5.562235833120350406e-07,-2.950325928616812649e-07,-1.519239498041231363e-07,-7.595773722399878587e-08,-3.687696233853445318e-08,-1.738674238902724674e-08,-7.961582136332564622e-09,-3.541056422746670541e-09,-1.529852104746952851e-09,-6.420621028129036713e-10,-2.617826422232873894e-10,-1.036964290799447586e-10,-3.990862576075733940e-11,-1.492343552229729753e-11,-5.422347483012024127e-12,-1.914424903338191402e-12,-6.568049870228329470e-13,-2.189753081342336607e-13,-7.094582880167855398e-14,-2.233793686450427747e-14,-6.835248487410933524e-15,-2.032686497068558306e-15,-5.874899093624903657e-16,-1.650261412204887096e-16,-4.505419224024069797e-17,-1.195515069791787454e-17,-3.083323078746329960e-18,-7.729180084950228773e-19,-1.883233133023116942e-19,-4.460016581794528779e-20,-1.026681371118970223e-20,-2.297240532586638714e-21,-4.996354971230409894e-22,-1.056282990950987702e-22,-2.170657804887336232e-23,-4.336008868674532359e-24,-8.419379629905308068e-25,-1.589148030817633803e-25,-2.915720875259171518e-26,-5.200291422308434243e-27,-9.015964679470569883e-28,-1.519504476557510496e-28,-2.489426776637126956e-29,-3.964665091316625162e-30,-6.137980301140172316e-31,-1.610980417355524672e-31
6.528106015199183366e-24,1.938079545949667580e-23,9.346203373003109501e-23,4.381085412846050364e-22,1.996214028422578418e-21,8.841116800857846128e-21,3.806074203797393798e-20,1.592621629162773391e-19,6.477508559462699245e-19,2.560694847977507462e-18,9.839116875231424693e-18,3.674484708816934299e-17,1.333742217513932762e-16,4.705167148513836358e-16,1.613236075658139038e-15,5.375661242736975040e-15,1.740875318674147488e-14,5.478923228975726774e-14,1.675728597893910787e-13,4.980595987167167955e-13,1.438518225724666155e-12,4.037309104059025122e-12,1.101022390568472701e-11,2.917503625455103657e-11,7.511381828061898714e-11,1.878892125731270744e-10,4.566000192529927736e-10,1.077949579084566635e-09,2.472084879484765980e-09,5.506833671091644015e-09,1.191467850375913510e-08,2.503623825484832130e-08,5.108844899580052460e-08,1.012276294962697373e-07,1.947369996584371192e-07,3.636762324773488863e-07,6.592268559059257528e-07,1.159674276664067009e-06,1.979408331233690350e-06,3.277459977835666126e-06,5.262971972473282859e-06,8.193823034177202390e-06,1.236376903799934844e-05,1.807347718516323127e-05,2.558231150974791144e-05,3.504112480671517978e-05,4.641162516482196231e-05,5.938440669603385071e-05,7.331393061079135686e-05,8.719243248145151781e-05,9.968362091885646587e-05,1.092295462094946201e-04,1.142301779569407914e-04,1.132772306852660349e-04,1.054058787454706337e-04,9.031559954214530509e-05,6.850936596267608817e-05,4.131133058216248603e-05,1.074590287600512683e-05,-2.070924102524245632e-05,-5.045478377084479035e-05,-7.612446143095361875e-05,-9.589568762855487467e-05,-1.086995846810791841e-04,-1.142976095272701486e-04,-1.132219972879992993e-04,-1.066054292931075049e-04,-9.594468332225128252e-05,-8.284974959855918777e-05,-6.882414483099977666e-05,-5.510741019718576100e-05,-4.259228951140734852e-05,-3.181203496634447611e-05,-2.298134429126023429e-05,-1.606906863408578533e-05,-1.088147384088567702e-05,-7.139584835599723414e-06,-4.540656229594214717e-06,-2.800075960754716229e-06,-1.674749646915943866e-06,-9.717725145028391898e-07,-5.471485623859658064e-07,-2.989862377013194715e-07,-1.585885381085939217e-07,-8.166351001909433802e-08,-4.082947713521978156e-08,-1.982243212666213964e-08,-9.345876098642644579e-09,-4.279580299199089314e-09,-1.903420079783245565e-09,-8.223396827479276993e-10,-3.451269206306475208e-10,-1.407157295053831234e-10,-5.573982499818171033e-11,-2.145203875928614607e-11,-8.021777526622454550e-12,-2.914668349373995121e-12,-1.029058667024723889e-12,-3.530516466132223643e-13,-1.177055513157074706e-13,-3.813543163292323394e-14,-1.200728610131768350e-14,-3.674143438571478168e-15,-1.092627688610362537e-15,-3.157927908088029050e-16,-8.870631624801329170e-17,-2.421792932685615070e-17,-6.426238720477906463e-18,-1.657375189744257099e-18,-4.154657485673049395e-19,-1.012292189777900150e-19,-2.397387701427568519e-20,-5.518708837210301033e-21,-1.234833122039241945e-21,-2.685685073209895911e-22,-5.677826091655746755e-23,-1.166791250661858300e-23,-2.330729974743419024e-24,-4.525659671485618685e-25,-8.542129552570177228e-26,-1.567284165640787855e-26,-2.795306804591557736e-27,-4.846341362787275012e-28,-8.167775337950321726e-29,-1.338138777841259040e-29,-2.131121971384523624e-30,-3.299341653935570199e-31,-8.659484934593647373e-32
3.411414842879417255e-24,1.012788902989646968e-23,4.884077684553335337e-23,2.289438892460985840e-22,1.043168439708184925e-21,4.620132855050882665e-21,1.988953304634517106e-20,8.322617696720956938e-20,3.384973956179738309e-19,1.338151125630698253e-18,5.141661190985684112e-18,1.920188129054009172e-17,6.969782639571781988e-17,2.458795401192500301e-16,8.430343319724478133e-16,2.809177809163510063e-15,9.097352107793840648e-15,2.863139780942178958e-14,8.756912645387480011e-14,2.602727197972654996e-13,7.517314234119344772e-13,2.109790522827312721e-12,5.753650625131986383e-12,1.524609917311272297e-11,3.925248670766761956e-11,9.818591289671898978e-11,2.386070445718960190e-10,5.633078239542814968e-10,1.291845909226514183e-09,2.877725036801056803e-09,6.226294579350532261e-09,1.308327324856555534e-08,2.669746673815981264e-08,5.289887096947457170e-08,1.017643845773742916e-07,1.900475412910160210e-07,3.444944484397433731e-07,6.060149806247513030e-07,1.034386228650076415e-06,1.712713548049006727e-06,2.750289389104838220e-06,4.281874322144639618e-06,6.460977366476947216e-06,9.444719216930052134e-06,1.336863663003126769e-05,1.831156127037427469e-05,2.425348280202507391e-05,3.103271392449299297e-05,3.831191320930984112e-05,4.556444972882537378e-05,5.209201308967669700e-05,5.708046014456202280e-05,5.969365749878614196e-05,5.919567256111775162e-05,5.508231306934049725e-05,4.719653389578511247e-05,3.580117531443003818e-05,2.158820429676912853e-05,5.615523474342045546e-06,-1.082209940429768556e-05,-2.636633011923896321e-05,-3.978062197934969938e-05,-5.011253974468413857e-05,-5.680351632349317482e-05,-5.972889544672460344e-05,-5.916680905448674487e-05,-5.570916633021981163e-05,-5.013814359307806120e-05,-4.329507897869888400e-05,-3.596567039173475882e-05,-2.879766913429758772e-05,-2.225759941599225191e-05,-1.662412467164495802e-05,-1.200944023304671757e-05,-8.397268537296519717e-06,-5.686369260360253461e-06,-3.730957435962937771e-06,-2.372826363724115326e-06,-1.463245338152957163e-06,-8.751796907547299864e-07,-5.078225096465574535e-07,-2.859253086021870557e-07,-1.562422679313423116e-07,-8.287415853152273881e-08,-4.267518167629968395e-08,-2.133640048151772477e-08,-1.035867662403484422e-08,-4.883906659663630263e-09,-2.236395015643241364e-09,-9.946767863893463820e-10,-4.297328801161381553e-10,-1.803541635162520882e-10,-7.353430338655772025e-11,-2.912815231486346318e-11,-1.121026577434043497e-11,-4.191967908744435598e-12,-1.523128277325000136e-12,-5.377587316609686096e-13,-1.844954148653806419e-13,-6.150979532391311630e-14,-1.992856384520567718e-14,-6.274688850543311792e-15,-1.920009790286522812e-15,-5.709782141999560911e-16,-1.650249262697652727e-16,-4.635556518246815598e-17,-1.265564673384382570e-17,-3.358181699850330793e-18,-8.661002608336438940e-19,-2.171113670750133741e-19,-5.289970159030679801e-20,-1.252811147635297016e-20,-2.883930683257253418e-21,-6.452909972962960192e-22,-1.403467698091366082e-22,-2.967081134905803078e-23,-6.097341222373331692e-24,-1.217977589835612882e-24,-2.364989560705820810e-25,-4.463890059013951334e-26,-8.190210840982689775e-27,-1.460753103792017354e-27,-2.532569296543301554e-28,-4.268262487820245515e-29,-6.992757896289988513e-30,-1.113667748078970969e-30,-1.724148330888095780e-31,-4.525216865164887211e-32
1.733115103962139752e-24,5.145313090726467495e-24,2.481278060242942756e-23,1.163113050412069059e-22,5.299651499753898064e-22,2.347185083665136146e-21,1.010456122195906768e-20,4.228173675446347313e-20,1.719682231616810117e-19,6.798264163196871572e-19,2.612139267715625236e-18,9.755210674124212759e-18,3.540887321044565213e-17,1.249151933618997559e-16,4.282901966466405627e-16,1.427158148455263856e-15,4.621765182557328730e-15,1.454572670768307726e-14,4.448810323223030291e-14,1.322274195914586237e-13,3.819052047444680196e-13,1.071845550810200365e-12,2.923050775296754471e-12,7.745538426257105749e-12,1.994160215463912634e-11,4.988179288508449660e-11,1.212205175581267837e-10,2.861795890678561356e-10,6.563017869097444385e-10,1.461982478249480927e-09,3.163170025983109074e-09,6.646749082329173166e-09,1.356322375685561810e-08,2.687443083948078600e-08,5.169977856096612638e-08,9.655063352081773663e-08,1.750149305553488602e-07,3.078762814028155017e-07,5.255034871955775091e-07,8.701169032784359830e-07,1.397240822374206451e-06,2.175338210908652120e-06,3.282396886902031264e-06,4.798239522733285816e-06,6.791723413893726311e-06,9.302897734954728893e-06,1.232159655270677710e-05,1.576567720332692262e-05,1.946375873439585780e-05,2.314829467122135912e-05,2.646451951452192635e-05,2.899882077494565156e-05,3.032641416737427264e-05,3.007342083271136548e-05,2.798369390369098307e-05,2.397744909862844782e-05,1.818821824221890262e-05,1.096754415905951954e-05,2.852877471161207679e-06,-5.497995640523482440e-06,-1.339499505933301401e-05,-2.020991288741272622e-05,-2.545887953518677360e-05,-2.885812386725491389e-05,-3.034431624689776176e-05,-3.005875718680491721e-05,-2.830215674225925544e-05,-2.547188716352137772e-05,-2.199537692164205263e-05,-1.827178735243695294e-05,-1.463019821225531182e-05,-1.130761971277457636e-05,-8.445622384130552305e-06,-6.101205281869517561e-06,-4.266098848808098828e-06,-2.888869547017074654e-06,-1.895453640885678684e-06,-1.205476730170632473e-06,-7.433785432599534972e-07,-4.446211353901749885e-07,-2.579911567886439029e-07,-1.452598097173152384e-07,-7.937640155207588616e-08,-4.210289938174272850e-08,-2.168044794725010350e-08,-1.083961923185273767e-08,-5.262561060741975466e-09,-2.481191173765290819e-09,-1.136164951655498867e-09,-5.053297360331733070e-10,-2.183189613403341475e-10,-9.162606696893114370e-11,-3.735793438449397985e-11,-1.479809494080467624e-11,-5.695197396907723736e-12,-2.129662686182531477e-12,-7.738011189737674354e-13,-2.731997787001745765e-13,-9.372996391288118227e-14,-3.124907413122332803e-14,-1.012439019912554649e-14,-3.187755966483564843e-15,-9.754304652353803869e-16,-2.900764089506110535e-16,-8.383829156555043590e-17,-2.355020830671716150e-17,-6.429500226457551600e-18,-1.706070851514316128e-18,-4.400084752897918401e-19,-1.102999801695107112e-19,-2.687485282319603074e-20,-6.364707965408897133e-21,-1.465135158324592884e-21,-3.278298375817104231e-22,-7.130094630860174536e-23,-1.507378424034165586e-23,-3.097657322023830572e-24,-6.187741610017139044e-25,-1.201495366923029060e-25,-2.267808413817440307e-26,-4.160906476317251124e-27,-7.421124031941745512e-28,-1.286631588893848116e-28,-2.168422934770502052e-29,-3.552559535146219380e-30,-5.657812033678187367e-31,-8.759261630025314276e-32,-2.298964523206957400e-32
8.559843329496661786e-25,2.541266522756525351e-24,1.225501491738250960e-23,5.744607189250919579e-23,2.617494154607327008e-22,1.159273064759118258e-21,4.990635692663513176e-21,2.088292009514068092e-20,8.493498467301251684e-20,3.357657896839155800e-19,1.290133750225532044e-18,4.818091702382446378e-18,1.748841761649360131e-17,6.169552629292653282e-17,2.115322274021689228e-16,7.048724074508126627e-16,2.282686578518071784e-15,7.184124207722662405e-15,2.197264294932162920e-14,6.530702969346627825e-14,1.886227124706551910e-13,5.293837649547037679e-13,1.443692725515041139e-12,3.825515990241206824e-12,9.849143302290035048e-12,2.463658248171688493e-11,5.987072850763959420e-11,1.413438981011901042e-10,3.241469917360337243e-10,7.220721194844650630e-10,1.562287454830626834e-09,3.282824704784064721e-09,6.698866690168053309e-09,1.327326252188581937e-08,2.553448433054609529e-08,4.768629010343566735e-08,8.643975131551600933e-08,1.520598792112132084e-07,2.595458033465142307e-07,4.297501275814223981e-07,6.900962611056643506e-07,1.074398014966031370e-06,1.621173517723998027e-06,2.369847131220485354e-06,3.354427425350882423e-06,4.594694659315679469e-06,6.085627885840651458e-06,7.786656900939657969e-06,9.613136772547002339e-06,1.143292648466847944e-05,1.307080760630560369e-05,1.432249721938320602e-05,1.497819466374129425e-05,1.485324143338916526e-05,1.382112677043625249e-05,1.184244527417864604e-05,8.983148219074551730e-06,5.416862359358676215e-06,1.409034179874289598e-06,-2.715456186467158761e-06,-6.615778654582465707e-06,-9.981661784813972344e-06,-1.257412272661655368e-05,-1.425300711546431914e-05,-1.498703648824811633e-05,-1.484599906897196548e-05,-1.397841534279820047e-05,-1.258054718511778124e-05,-1.086350121766611848e-05,-9.024422943933649955e-06,-7.225844624519714437e-06,-5.584825436556397973e-06,-4.171286965474791852e-06,-3.013381004787633852e-06,-2.107023226008484391e-06,-1.426810640867874294e-06,-9.361632223510905256e-07,-5.953841106124215579e-07,-3.671541405569375416e-07,-2.195980665809236039e-07,-1.274216511908402212e-07,-7.174371802600563848e-08,-3.920394899286665097e-08,-2.079459244232358049e-08,-1.070795801833958730e-08,-5.353680327633062057e-09,-2.599175212822164140e-09,-1.225458578567945330e-09,-5.611510718706841348e-10,-2.495820018122905771e-10,-1.078275817145330470e-10,-4.525405014121609708e-11,-1.845105756183347110e-11,-7.308768700862478186e-12,-2.812853995481219712e-12,-1.051838905374618814e-12,-3.821798293409440348e-13,-1.349331788742946750e-13,-4.629316336459333118e-14,-1.543389577204572554e-14,-5.000429210563251446e-15,-1.574430433580918263e-15,-4.817644218866197786e-16,-1.432685347051532787e-16,-4.140767333763021303e-17,-1.163143134703841487e-17,-3.175525647409174606e-18,-8.426271956546589069e-19,-2.173198769960980870e-19,-5.447708275919707893e-20,-1.327347093934657310e-20,-3.143524795170796107e-21,-7.236292259599260354e-22,-1.619149265976911548e-22,-3.521548731825124085e-23,-7.444931452330129760e-24,-1.529930776344524937e-24,-3.056121236498738644e-25,-5.934177180999141581e-26,-1.120068983255216792e-26,-2.055068787095471882e-27,-3.665287948674618250e-28,-6.354664383533710200e-29,-1.070982564936917534e-29,-1.754606659998585299e-30,-2.794389390832064977e-31,-4.326193168802203713e-32,-1.135456963806643877e-32
4.110075133364421103e-25,1.220208821631227506e-24,5.884340417467150876e-24,2.758317675993609841e-23,1.256810110005927573e-22,5.566339491082459506e-22,2.396292416873399545e-21,1.002709597491204600e-20,4.078219133454202843e-20,1.612205468830075744e-19,6.194677217097961712e-19,2.313444082322469589e-18,8.397199294495567883e-18,2.962358523345735410e-17,1.015688388541995437e-16,3.384499508390685653e-16,1.096049656808780545e-15,3.449512932019811869e-15,1.055033485123511746e-14,3.135767658878266317e-14,9.056865765777554278e-14,2.541877186991782192e-13,6.932002541344836258e-13,1.836851159366112005e-12,4.729142510376410897e-12,1.182944606944568454e-11,2.874739443042227724e-11,6.786736841743703206e-11,1.556416909756084523e-10,3.467085259098226563e-10,7.501444328005121349e-10,1.576273731533446286e-09,3.216512773090866057e-09,6.373259898557994590e-09,1.226058060299004786e-08,2.289694187289020379e-08,4.150471670338337461e-08,7.301272982120690246e-08,1.246229295608287175e-07,2.063478553218382078e-07,3.313550696219241778e-07,5.158805359709321817e-07,7.784190324027914177e-07,1.137900471885973652e-06,1.610654332901313179e-06,2.206178260246966499e-06,2.922061407165187753e-06,3.738823675698538868e-06,4.615822145520456954e-06,5.489608283400933310e-06,6.276049601345428045e-06,6.877058072572113297e-06,7.191896283661803658e-06,7.131899021429885321e-06,6.636321164722443298e-06,5.686241904907901839e-06,4.313328257693234814e-06,2.600948455135680345e-06,6.765586847606974816e-07,-1.303847339037155948e-06,-3.176617408678820509e-06,-4.792772287086953054e-06,-6.037562505899020707e-06,-6.843691860465421652e-06,-7.196141754243465293e-06,-7.128421544009798925e-06,-6.711844492094516895e-06,-6.040647259452876157e-06,-5.216194327078738903e-06,-4.333146636809508798e-06,-3.469545313575225931e-06,-2.681597228756887023e-06,-2.002875773654260972e-06,-1.446898250164414889e-06,-1.011703536301513344e-06,-6.850941903157000928e-07,-4.495060286555208071e-07,-2.858782963230100082e-07,-1.762919068874568844e-07,-1.054417140649027551e-07,-6.118249363361858883e-08,-3.444830239096582015e-08,-1.882408003076646941e-08,-9.984684767666960913e-09,-5.141509054100316583e-09,-2.570611112794829732e-09,-1.248014128093350041e-09,-5.884134366553137617e-10,-2.694410373854453307e-10,-1.198387330115214194e-10,-5.177424927493178085e-11,-2.172908299951044424e-11,-8.859418326950375633e-12,-3.509361951685766843e-12,-1.350613652094941050e-12,-5.050486046150145689e-13,-1.835066078411542082e-13,-6.478921188265050082e-14,-2.222802126926066852e-14,-7.410704703558240181e-15,-2.400994850415495707e-15,-7.559749781838124663e-16,-2.313229219643087145e-16,-6.879149760324218937e-17,-1.988221535889683947e-17,-5.584921931942492462e-18,-1.524753257317485377e-18,-4.045939803153442332e-19,-1.043478236744774616e-19,-2.615759361100098225e-20,-6.373359971817459799e-21,-1.509387800034138468e-21,-3.474561826552140437e-22,-7.774470722337589714e-23,-1.690898923783985160e-23,-3.574741552381136340e-24,-7.346081227858467302e-25,-1.467420303756771801e-25,-2.849341177140149199e-26,-5.378098054512829680e-27,-9.867572096896307397e-28,-1.759916423067703158e-28,-3.051241367191518715e-29,-5.142405811617662651e-30,-8.424879900833164414e-31,-1.341747729028993322e-31,-2.077255188065470361e-32,-5.451984636056946390e-33
1.918577038041419368e-25,5.695916864860156717e-25,2.746801467770313807e-24,1.287578641525516942e-23,5.866771141630924241e-23,2.598359102207484595e-22,1.118585782076138123e-21,4.680633679792705035e-21,1.903706704052785761e-20,7.525751458879687998e-20,2.891666230216552847e-19,1.079912301141672718e-18,3.919800302309616231e-18,1.382824609506618929e-17,4.741218485869473945e-17,1.579879401558671368e-16,5.116343706313685678e-16,1.610227572259177904e-15,4.924880819066374755e-15,1.463771739382318639e-14,4.227731642613717169e-14,1.186544539026910893e-13,3.235848609069683309e-13,8.574394244162737282e-13,2.207556780745941556e-12,5.521968057798012814e-12,1.341924151459026455e-11,3.168038793767930644e-11,7.265331284182871607e-11,1.618430308740557598e-10,3.501663199055862118e-10,7.358022636711299421e-10,1.501463440150693204e-09,2.975028363735665052e-09,5.723221025085675984e-09,1.068825885008505909e-08,1.937434082192634260e-08,3.408223508678901329e-08,5.817380055365122529e-08,9.632287591431603486e-08,1.546760600200649738e-07,2.408122768004376065e-07,3.633648614885346138e-07,5.311702696660630155e-07,7.518510779137217984e-07,1.029840772879313965e-06,1.364013974835810673e-06,1.745277402656409050e-06,2.154659000802635104e-06,2.562541087114801440e-06,2.929650739716280084e-06,3.210200611713385527e-06,3.357166626419861183e-06,3.329159992495053447e-06,3.097824976567415704e-06,2.654329372946296286e-06,2.013455298071733230e-06,1.214118920270900587e-06,3.158166007556563893e-07,-6.086340236170904481e-07,-1.482840342615590967e-06,-2.237259067096231851e-06,-2.818325313697079743e-06,-3.194625312888658053e-06,-3.359148405854380843e-06,-3.327536711140832552e-06,-3.133079154905027701e-06,-2.819765272127131921e-06,-2.434911853716712146e-06,-2.022706488346843002e-06,-1.619578658558678160e-06,-1.251765649392665242e-06,-9.349394706166954292e-07,-6.754099789108790190e-07,-4.722617254114593093e-07,-3.198009622172914668e-07,-2.098287542334368011e-07,-1.334475690109246503e-07,-8.229280331183324178e-08,-4.922003732108368932e-08,-2.855989820300211269e-08,-1.608041698077521710e-08,-8.787052921760021501e-09,-4.660836190516822851e-09,-2.400048877939690970e-09,-1.199957493406002040e-09,-5.825711627201361741e-10,-2.746705283506178098e-10,-1.257746806712567401e-10,-5.594054462835968746e-11,-2.416814354909513719e-11,-1.014310404258513863e-11,-4.135563468051947192e-12,-1.638165006771829011e-12,-6.304644698924290963e-13,-2.357559471464121054e-13,-8.566061512474480356e-14,-3.024350898644101935e-14,-1.037600769438756860e-14,-3.459306075583635305e-15,-1.120780871149712194e-15,-3.528880099303870331e-16,-1.079812003558396111e-16,-3.211177008485162428e-17,-9.280988939428334722e-18,-2.607033358319128781e-18,-7.117525819469830387e-19,-1.888638760059338428e-19,-4.870941089283005225e-20,-1.221032629430432744e-20,-2.975075077786255057e-21,-7.045800090459363536e-22,-1.621920359451309670e-22,-3.629111519086198001e-23,-7.893091351265321163e-24,-1.668684108389281392e-24,-3.429139932004005763e-25,-6.849896433983000322e-26,-1.330068278224439619e-26,-2.510488275983751672e-27,-4.606168167740214211e-28,-8.215264024640243585e-29,-1.424314990520357106e-29,-2.400467483032228481e-30,-3.932721568708709531e-31,-6.263258700217696040e-32,-9.696596720636048010e-33,-2.544978423771865890e-33
8.706713625904310333e-26,2.584869723548986791e-25,1.246528718570705357e-24,5.843173498020066450e-24,2.662405273600302809e-23,1.179163940337627994e-22,5.076265314051353756e-22,2.124123046907723385e-21,8.639230414652632198e-21,3.415268788950330615e-20,1.312269941158860361e-19,4.900760803814433547e-19,1.778848491681250995e-18,6.275410176970406428e-18,2.151617098287065568e-17,7.169666497665663990e-17,2.321853049385270668e-16,7.307389834347114293e-16,2.234965085222370231e-15,6.642757155847088709e-15,1.918591120895955949e-14,5.384669627983306499e-14,1.468463690397918268e-13,3.891154419096864701e-13,1.001813548362859095e-12,2.505929841614192311e-12,6.089799399645472953e-12,1.437690850363280147e-11,3.297087249270901670e-11,7.344614754731323641e-11,1.589093275069669028e-10,3.339151604574918509e-10,6.813806239702728108e-10,1.350100594262892309e-09,2.597260651782021233e-09,4.850449427989960293e-09,8.792288966378011229e-09,1.546689315818911154e-08,2.639991055392646285e-08,4.371238056020938338e-08,7.019369734314502363e-08,1.092832599437221550e-07,1.648989708501199821e-07,2.410509107988652244e-07,3.411982888841836484e-07,4.673530701114559091e-07,6.190045447823332785e-07,7.920260819030593629e-07,9.778079539936820162e-07,1.162909331120645640e-06,1.329507729367359161e-06,1.456824347091320830e-06,1.523519141067170329e-06,1.510809422542779224e-06,1.405827047824991156e-06,1.204563864824598931e-06,9.137281605729253688e-07,5.509805203017613718e-07,1.433210471388123700e-07,-2.762048143777037348e-07,-6.729292574704976682e-07,-1.015292772608704853e-06,-1.278987026554171416e-06,-1.449756105169517113e-06,-1.524418494372457041e-06,-1.510072759609509792e-06,-1.421825781720784714e-06,-1.279640495528055624e-06,-1.104989781190810791e-06,-9.179264524750376318e-07,-7.349826092514737808e-07,-5.680650200594464312e-07,-4.242858153104975116e-07,-3.065084773691561132e-07,-2.143175654718851096e-07,-1.451291941947262747e-07,-9.522259661023453254e-08,-6.055997462772347058e-08,-3.734537929425180086e-08,-2.233659431515296099e-08,-1.296079593928436951e-08,-7.297470096883034621e-09,-3.987661266056384926e-09,-2.115138728518643731e-09,-1.089168579319900740e-09,-5.445539090267354571e-10,-2.643772014332190459e-10,-1.246485069093694665e-10,-5.707793350388994377e-11,-2.538643445110006363e-11,-1.096776937174900356e-11,-4.603052180103999935e-12,-1.876764189507720995e-12,-7.434172985047333476e-13,-2.861117110139407558e-13,-1.069886419313696552e-13,-3.887372933803720995e-14,-1.372483703110588411e-14,-4.708746419035427130e-15,-1.569871146545358396e-15,-5.086226869708451986e-16,-1.601444603765132872e-16,-4.900305642349638468e-17,-1.457267446685897077e-17,-4.211814863753304500e-18,-1.183100413170584210e-18,-3.230011503648843975e-19,-8.570850427463778669e-20,-2.210486642555198928e-20,-5.541180375633210741e-21,-1.350121793612877694e-21,-3.197461578901443299e-22,-7.360452988732850571e-23,-1.646930724523316172e-23,-3.581971672543538479e-24,-7.572672025030781895e-25,-1.556181418786831012e-25,-3.108558344817708661e-26,-6.035996142860955922e-27,-1.139287192892406046e-27,-2.090329778480540292e-28,-3.728177175348419400e-29,-6.463698089602244363e-30,-1.089358546915185392e-30,-1.784712304496151947e-31,-2.842335688715278549e-32,-4.400422246199956489e-33,-1.154939201321143644e-33
3.841269822372360372e-26,1.140405265459896599e-25,5.499495395277545688e-25,2.577919406703699826e-24,1.174612772605528780e-23,5.202292224442069949e-23,2.239571163016816611e-22,9.371308291128905521e-22,3.811497254439627797e-21,1.506764721795064851e-20,5.789535685177992015e-20,2.162141238497701113e-19,7.848009390521361972e-19,2.768615665052512267e-18,9.492607870276733520e-18,3.163147972619436751e-17,1.024366303268707499e-16,3.223909417150804672e-16,9.860326530527044343e-16,2.930683573212507328e-15,8.464532647820584615e-15,2.375634462568971898e-14,6.478638785583360074e-14,1.716718234512403737e-13,4.419849229358721256e-13,1.105578188414930202e-12,2.686727008978619123e-12,6.342873688840017366e-12,1.454624821318564985e-11,3.240332486687228495e-11,7.010838193068469505e-11,1.473182976044835397e-10,3.006147831277051946e-10,5.956438781309288877e-10,1.145871954814544056e-09,2.139944623565810039e-09,3.879024362951588560e-09,6.823758364768575621e-09,1.164723959938374576e-08,1.928523844064619966e-08,3.096839323194770317e-08,4.821411459581480122e-08,7.275092160861475082e-08,1.063480009899688245e-07,1.505315032570357589e-07,2.061890768143584713e-07,2.730954042992024584e-07,3.494298787885124008e-07,4.313940192745777150e-07,5.130579357173908388e-07,5.865586188840764995e-07,6.427287770588593626e-07,6.721535072632094629e-07,6.665461724734987037e-07,6.202295431215658765e-07,5.314352833777045789e-07,4.031229876009652788e-07,2.430842377832714247e-07,6.323106937239425442e-08,-1.218573693645383031e-07,-2.968861685794080995e-07,-4.479317519633581661e-07,-5.642696520638132036e-07,-6.396103760687698990e-07,-6.725502882829689415e-07,-6.662211679750807087e-07,-6.272879415426689122e-07,-5.645579526508188270e-07,-4.875047099159893966e-07,-4.049752102284697791e-07,-3.242631649772388611e-07,-2.506216596130497699e-07,-1.871884580611300920e-07,-1.352268852528326679e-07,-9.455365503260779729e-08,-6.402879639302664750e-08,-4.201076347320892409e-08,-2.671814107782226049e-08,-1.647621417813189916e-08,-9.854566184661838312e-09,-5.718106332035008861e-09,-3.219532979633293448e-09,-1.759295589735727700e-09,-9.331670842850133430e-10,-4.805246359280769812e-10,-2.402489144900567989e-10,-1.166392061600857029e-10,-5.499302820414047089e-11,-2.518191741595207059e-11,-1.120010933453849595e-11,-4.838813278651203022e-12,-2.030796715035203878e-12,-8.279998578816664907e-13,-3.279844217776509897e-13,-1.262281417038124186e-13,-4.720176397726465767e-14,-1.715049900630721421e-14,-6.055189658209242900e-15,-2.077427408067080145e-15,-6.926033081295306739e-16,-2.243966050085991535e-16,-7.065330379469208482e-17,-2.161940428171997120e-17,-6.429242658706048004e-18,-1.858188752805631923e-18,-5.219659344746606160e-19,-1.425032021033436260e-19,-3.781329042582828549e-20,-9.752331359035106929e-21,-2.444684627494094970e-21,-5.956532309621817920e-22,-1.410671488572523581e-22,-3.247320074992492675e-23,-7.266008236250154495e-24,-1.580311502309799322e-24,-3.340947890824037611e-25,-6.865636081491761252e-26,-1.371448731873482498e-26,-2.662989829198566855e-27,-5.026362070819089943e-28,-9.222217523031974197e-29,-1.644815149715676186e-29,-2.851685432565972572e-30,-4.806084467460692297e-31,-7.873879642120029079e-32,-1.253995339140370243e-32,-1.941399465549582037e-33,-5.095416354926868863e-34
1.647558730743996908e-26,4.891311307401207187e-26,2.358788127926957170e-25,1.105695205510451558e-24,5.038030698802828206e-24,2.231314739813773165e-23,9.605742875078862935e-23,4.019447085861723016e-22,1.634788981025180469e-21,6.462663357080587932e-21,2.483189285354078714e-20,9.273638248063806495e-20,3.366089076848260794e-19,1.187486722350246888e-18,4.071473678603663417e-18,1.356705542675412183e-17,4.393608687941650020e-17,1.382766728965210161e-16,4.229191859613620818e-16,1.256999255811775589e-15,3.630522017578959954e-15,1.018933186381731124e-14,2.778752440757312933e-14,7.363174799711247738e-14,1.895717177687039633e-13,4.741934519242413140e-13,1.152363865455993893e-12,2.720521444026221404e-12,6.239030151858003569e-12,1.389810746399967945e-11,3.007018045842404459e-11,6.318627918377023936e-11,1.289366624672260106e-10,2.554775678899703198e-10,4.914758480317985542e-10,9.178434764801572755e-10,1.663752027709046691e-09,2.926777651724168418e-09,4.995616600340953833e-09,8.271630069387647711e-09,1.328265105180705148e-08,2.067951201573439189e-08,3.120359193927183554e-08,4.561371255612129622e-08,6.456445496192195588e-08,8.843654036251499910e-08,1.171333279059612568e-07,1.498739412232384783e-07,1.850291741306588336e-07,2.200556379678198740e-07,2.515808100766969345e-07,2.756727481043620778e-07,2.882933067710853504e-07,2.858882652571603481e-07,2.660226034848554382e-07,2.279378646755942156e-07,1.729034482080169787e-07,1.042612408879768326e-07,2.712043288186095620e-08,-5.226583449898060393e-08,-1.273374227010303475e-07,-1.921223717288644137e-07,-2.420208511094535007e-07,-2.743352349863664554e-07,-2.884634900863753222e-07,-2.857488676038683109e-07,-2.690500205842824372e-07,-2.421445060910524520e-07,-2.090956059433658239e-07,-1.736978848662945302e-07,-1.390796880254005909e-07,-1.074941158791125763e-07,-8.028698650037943126e-08,-5.800015248395805677e-08,-4.055500057960502659e-08,-2.746258591415750505e-08,-1.801883318437637192e-08,-1.145967574202581321e-08,-7.066811698748217700e-09,-4.226721190131588912e-09,-2.452552527239171872e-09,-1.380889631501368361e-09,-7.545793299775025561e-10,-4.002446191106604450e-10,-2.061017829702835813e-10,-1.030451426021940606e-10,-5.002771253840619145e-11,-2.358705530657731289e-11,-1.080077417469809464e-11,-4.803837994387483732e-12,-2.075415014391832344e-12,-8.710288558058425039e-13,-3.551373524875760802e-13,-1.406757719805429452e-13,-5.414050211168631609e-14,-2.024530479330705654e-14,-7.356019150200362901e-15,-2.597130909573062851e-15,-8.910292226058660674e-16,-2.970644292168597468e-16,-9.624592981674633396e-17,-3.030390285131340530e-17,-9.272776952657243985e-18,-2.757565951948944507e-18,-7.969955886005643207e-19,-2.238763669987567829e-19,-6.112103695942430999e-20,-1.621849535702655552e-20,-4.182871659289871216e-21,-1.048549487069364172e-21,-2.554815794120725810e-22,-6.050509947707685404e-23,-1.392807792338289525e-23,-3.116463008552329657e-24,-6.778112794267815051e-25,-1.432965691300597775e-25,-2.944739419837702247e-26,-5.882279653477896048e-27,-1.142182753584569044e-27,-2.155856551764976254e-28,-3.955500576501514555e-29,-7.054775336506909301e-30,-1.223116169657123751e-30,-2.061377302614924950e-31,-3.377185084381936686e-32,-5.378510401117926502e-33,-8.326854887149118478e-34,-2.185474619210908945e-34
6.869933477533484095e-27,2.039562091032678950e-26,9.835593247189638179e-26,4.610489669678973617e-25,2.100740635990432565e-24,9.304059117236157611e-24,4.005369479258798812e-23,1.676015159949208458e-22,6.816686616310341458e-22,2.694779040185611391e-21,1.035431689576441122e-20,3.866889639202095306e-20,1.403580194495238168e-19,4.951541110960388392e-19,1.697709028855383735e-18,5.657143901979288400e-18,1.832031772174965962e-17,5.765812936239254898e-17,1.763473811106679595e-16,5.241392071550963234e-16,1.513842528589292172e-15,4.248712399668335196e-15,1.158674593039618954e-14,3.070271190552664467e-14,7.904695996510274332e-14,1.977275473955618939e-13,4.805087035665896408e-13,1.134393633192293034e-12,2.601529238853623403e-12,5.795184836790273295e-12,1.253855996462815297e-11,2.634719640551705093e-11,5.376356408035547132e-11,1.065281536648829227e-10,2.049339012192994938e-10,3.827192019649213793e-10,6.937455727791464524e-10,1.220397634128483494e-09,2.083054951741038260e-09,3.449075730477819277e-09,5.538553948240702731e-09,8.622871479173123375e-09,1.301116596833525962e-08,1.901984828075811188e-08,2.692186338033105514e-08,3.687596308019509115e-08,4.884185041177272581e-08,6.249391824438754468e-08,7.715282581195685287e-08,9.175803969746561909e-08,1.049032970539649605e-07,1.149490701427448725e-07,1.202115470955722520e-07,1.192087011937507064e-07,1.109251861774886159e-07,9.504474335948251249e-08,7.209668250726648393e-08,4.347449203598682413e-08,1.130858441059425673e-08,-2.179362710752248146e-08,-5.309671860751312456e-08,-8.011052284171096809e-08,-1.009170183904267763e-07,-1.143913585434863656e-07,-1.202825095464526765e-07,-1.191505756418560236e-07,-1.121875481008428458e-07,-1.009685796174649598e-07,-8.718796340733920086e-08,-7.242794396050839955e-08,-5.799296783667057907e-08,-4.482252508123390191e-08,-3.347779026488273670e-08,-2.418470321065033671e-08,-1.691048403703386796e-08,-1.145125419997113907e-08,-7.513430811874006490e-09,-4.778416001368950924e-09,-2.946694728553485341e-09,-1.762443599881440901e-09,-1.022656880017954597e-09,-5.757985880082286414e-10,-3.146418821820315880e-10,-1.668926185586912054e-10,-8.593960944673113253e-11,-4.296740757401439652e-11,-2.086038274440283956e-11,-9.835248835950011617e-12,-4.503669502120355572e-12,-2.003087771164752481e-12,-8.653993828012241361e-13,-3.631986031657953510e-13,-1.480839463534808421e-13,-5.865849741032245182e-14,-2.257531953228722515e-14,-8.441817251613472278e-15,-3.067287452540092531e-15,-1.082942674411132801e-15,-3.715382870191525777e-16,-1.238688994315681606e-16,-4.013229531585968879e-17,-1.263601672057850533e-17,-3.866530499218969090e-18,-1.149840324128906465e-18,-3.323284671679694732e-19,-9.335119408938032636e-20,-2.548603883756540019e-20,-6.762732164221225404e-21,-1.744159373997279618e-21,-4.372205427126445724e-22,-1.065298263755113111e-22,-2.522920735404458644e-23,-5.807681815405507768e-24,-1.299491978916014902e-24,-2.826314056726299826e-25,-5.975130835170645785e-26,-1.227887270144244486e-26,-2.452772648498755610e-27,-4.762634187109465044e-28,-8.989416171550952929e-29,-1.649350965391050560e-29,-2.941675847807917750e-30,-5.100107549456217604e-31,-8.595459862403387269e-32,-1.408206969383448596e-32,-2.242712686012519210e-33,-3.472103184203826724e-34,-9.112916565977099853e-35
2.784900575720318999e-27,8.267878663031192589e-27,3.987105462698559459e-26,1.868978117099817192e-25,8.515881304733132590e-25,3.771634714784663631e-24,1.623677406082428980e-23,6.794149607303497767e-23,2.763315619335988864e-22,1.092396560315218610e-21,4.197383159313734085e-21,1.567541114870765942e-20,5.689765853632124614e-20,2.007231909262555529e-19,6.882091169189039750e-19,2.293265773398896082e-18,7.426602242587876306e-18,2.337317503603160669e-17,7.148685278946722504e-17,2.124730296934236069e-16,6.136741997874219084e-16,1.722322588217333977e-15,4.696979311053034032e-15,1.244611761402008568e-14,3.204367626493995975e-14,8.015384171891060256e-14,1.947863060941391437e-13,4.598550324398362839e-13,1.054595404559560234e-12,2.349224143314003650e-12,5.082821104220257889e-12,1.068049969891178716e-11,2.179441490224070205e-11,4.318387033032356361e-11,8.307511875575547789e-11,1.551448684877201769e-10,2.812272420619854694e-10,4.947189204970800968e-10,8.444187928939685622e-10,1.398169723028994095e-09,2.245192348594802639e-09,3.495498147870460328e-09,5.274403851872364977e-09,7.710174574530703909e-09,1.091345543192447269e-08,1.494860047016743054e-08,1.979927429804248757e-08,2.533348386370391658e-08,3.127584127631309319e-08,3.719643260245728223e-08,4.252519377602972614e-08,4.659750093154836365e-08,4.873077851619650603e-08,4.832424967010608805e-08,4.496631821222235386e-08,3.852878071769057594e-08,2.922620623309148217e-08,1.762348038683430153e-08,4.584219532640320698e-09,-8.834595688190472623e-09,-2.152409229325095001e-08,-3.247481826610541209e-08,-4.090925531296092384e-08,-4.637141848709150394e-08,-4.875954493307106806e-08,-4.830068701357262401e-08,-4.547804841435799018e-08,-4.093015695507057692e-08,-3.534383706669527470e-08,-2.936049140701099163e-08,-2.350891024552665452e-08,-1.816993953612233428e-08,-1.357106552594875070e-08,-9.803878613268123260e-09,-6.855090647450197515e-09,-4.642054325345358499e-09,-3.045758428673327069e-09,-1.937051285396324857e-09,-1.194516929873813908e-09,-7.144509058254540260e-10,-4.145597251036045565e-10,-2.334144609241223944e-10,-1.275480121750841546e-10,-6.765412664147664969e-11,-3.483778534509310207e-11,-1.741792092767734523e-11,-8.456281578943493594e-12,-3.986965846927465435e-12,-1.825675871582386163e-12,-8.120020820256672768e-13,-3.508114375885347489e-13,-1.472317020776137437e-13,-6.002955760829419873e-14,-2.377869942163469466e-14,-9.151474401919365221e-15,-3.422103256316337027e-15,-1.243402228043903662e-15,-4.389980903457680717e-16,-1.506124029883995461e-16,-5.021337840736528742e-17,-1.626863676273052945e-17,-5.122327654995712429e-18,-1.567395528432550103e-18,-4.661167376838541096e-19,-1.347177148906849913e-19,-3.784225786375890100e-20,-1.033140778781584422e-20,-2.741443823171311727e-21,-7.070389343183122755e-22,-1.772383597452757141e-22,-4.318454840570882931e-23,-1.022729467687236533e-23,-2.354290108370902358e-24,-5.267818053933225041e-25,-1.145717592387723885e-25,-2.422169786256087273e-26,-4.977550331058076807e-27,-9.942931737626681363e-28,-1.930653729472280052e-28,-3.644086271491837234e-29,-6.686059578456864077e-30,-1.192482400147495398e-30,-2.067457057213872875e-31,-3.484386158566146616e-32,-5.708521651038416543e-33,-9.091400769566071964e-34,-1.407504481414735731e-34,-3.694150267113249321e-35
1.097519877224407116e-27,3.258342956394093133e-27,1.571304748202646162e-26,7.365579408822969267e-26,3.356079956861951120e-25,1.486388456806962518e-24,6.398857621388139738e-24,2.677551330866879512e-23,1.089013319077455066e-22,4.305097816454043792e-22,1.654174475683835900e-21,6.177626400512250708e-21,2.242317436951487808e-20,7.910432917501671217e-20,2.712208802320283918e-19,9.037682680691938127e-19,2.926798770678268710e-18,9.211289056254639152e-18,2.817272637331437870e-17,8.373490080603920154e-17,2.418469220332098878e-16,6.787614940515992107e-16,1.851063625658905424e-15,4.904972764468108958e-15,1.262830420113603203e-14,3.158835733288219334e-14,7.676462298627630677e-14,1.812273095652084885e-13,4.156124742924622461e-13,9.258212719768967105e-13,2.003122568501217070e-12,4.209148728842111535e-12,8.589105038874840725e-12,1.701861692163007454e-11,3.273962271117566904e-11,6.114206679374772866e-11,1.108307028520015868e-10,1.949670496743332443e-10,3.327825840472793228e-10,5.510139486257057527e-10,8.848226943030359811e-10,1.377563971775407787e-09,2.078624679964231642e-09,3.038553665503423886e-09,4.300955793598354847e-09,5.891192775688684374e-09,7.802826889465980500e-09,9.983840120600023835e-09,1.232570303476282304e-08,1.465898800802798827e-08,1.675903472422541446e-08,1.836391717076966552e-08,1.920463463594636261e-08,1.904442299566772509e-08,1.772107359012151858e-08,1.518406188412963705e-08,1.151794881164866959e-08,6.945353884104850005e-09,1.806625379195528071e-09,-3.481684215071892103e-09,-8.482571814954343271e-09,-1.279821580240158241e-08,-1.612219885329618080e-08,-1.827481884573567468e-08,-1.921597138333041704e-08,-1.903513703259547428e-08,-1.792274472822826377e-08,-1.613043611960382108e-08,-1.392888638692084386e-08,-1.157087014351876923e-08,-9.264781842230057279e-09,-7.160711582567653599e-09,-5.348310923448700098e-09,-3.863675330374703843e-09,-2.701567988223664530e-09,-1.829417874964614890e-09,-1.200323072872400056e-09,-7.633853457679216337e-10,-4.707550731424157158e-10,-2.815626802912338058e-10,-1.633765824764521167e-10,-9.198784787122304450e-11,-5.026623926292459697e-11,-2.666226198975598393e-11,-1.372945311874440382e-11,-6.864343598013090630e-12,-3.332591906946784686e-12,-1.571249726100510528e-12,-7.194926727006704670e-13,-3.200072681733925647e-13,-1.382535984472255557e-13,-5.802351473390234183e-14,-2.365744517793014845e-14,-9.371104842060096331e-15,-3.606565042063967641e-15,-1.348639293792408264e-15,-4.900206034502069347e-16,-1.730076593823866740e-16,-5.935583750365886229e-17,-1.978892222765226835e-17,-6.411414604207942675e-18,-2.018691966250872970e-18,-6.177052649294026859e-19,-1.836950263772709256e-19,-5.309179480080076371e-20,-1.491350555442513440e-20,-4.071572789957148690e-21,-1.080393718345344563e-21,-2.786416474438026605e-22,-6.984903681050636449e-23,-1.701888414884099807e-23,-4.030542165834927341e-24,-9.278177516342777014e-25,-2.076029239319563296e-25,-4.515234196488179267e-26,-9.545689026046525053e-27,-1.961635713622590070e-27,-3.918475695351584372e-28,-7.608640906633321198e-29,-1.436122047641985782e-29,-2.634953416879142586e-30,-4.699532718734956757e-31,-8.147778184193065274e-32,-1.373184774455639389e-32,-2.249709033134855610e-33,-3.582890227178420648e-34,-5.546927452645407057e-35,-1.455852098620061329e-35
4.204948008709078174e-28,1.248374905138886444e-27,6.020168663131126960e-27,2.821987930318463464e-26,1.285821061151474685e-25,5.694827320508426237e-25,2.451606041169441835e-24,1.025855145823754465e-23,4.172356676667377625e-23,1.649420011998104153e-22,6.337668967941595888e-22,2.366845318289509499e-21,8.591031868368612506e-21,3.030738653098195336e-20,1.039133526343243231e-19,3.462623919634945699e-19,1.121349773981312907e-18,3.529138048296357147e-18,1.079386825894843107e-17,3.208150592172069455e-17,9.265925422579373616e-17,2.600551344927612228e-16,7.092013974628711883e-16,1.879251199612267863e-15,4.838305319647747157e-15,1.210250520484522824e-14,2.941097061328650638e-14,6.943395106493477848e-14,1.592343685465123744e-13,3.547115997447945103e-13,7.674600187580256857e-13,1.612658862312914875e-12,3.290759546072925052e-12,6.520373873917491016e-12,1.254359161798561423e-11,2.342547204365228577e-11,4.246277019054530392e-11,7.469808285981046016e-11,1.274996009786669036e-10,2.111109834205625217e-10,3.390037395841555551e-10,5.277886077686048234e-10,7.963872810188833991e-10,1.164166631535363440e-09,1.647833071194514681e-09,2.257103478954902982e-09,2.989511358476575477e-09,3.825126952648629285e-09,4.722369180505398841e-09,5.616324926153932068e-09,6.420919671153157365e-09,7.035801222535692491e-09,7.357906844897787553e-09,7.296524665700715808e-09,6.789507383995502771e-09,5.817497442074225688e-09,4.412892825452910047e-09,2.660986155312737411e-09,6.921756906985941595e-10,-1.333944050666710981e-09,-3.249943276857103873e-09,-4.903403862665033321e-09,-6.176927577441877847e-09,-7.001664818065417239e-09,-7.362250313688305937e-09,-7.292966917659891390e-09,-6.866774016536215903e-09,-6.180083536370350575e-09,-5.336599754743402578e-09,-4.433168672267489390e-09,-3.549632837369028925e-09,-2.743496544792104389e-09,-2.049108160518024591e-09,-1.480297006359890658e-09,-1.035056691747789911e-09,-7.009082213511866507e-10,-4.598819775225237018e-10,-2.924772258050140867e-10,-1.803612534477291399e-10,-1.078756254339205781e-10,-6.259476929852335080e-11,-3.524347264759800219e-11,-1.925859632068544839e-11,-1.021516127298176230e-11,-5.260190521408205606e-12,-2.629948536017133431e-12,-1.276822041564779839e-12,-6.019957855943354597e-13,-2.756605455752368978e-13,-1.226049708075597904e-13,-5.296935441003074187e-14,-2.223065548076090589e-14,-9.063920303991236145e-15,-3.590368563044040946e-15,-1.381789870654533808e-15,-5.167066429120980593e-16,-1.877424913629209173e-16,-6.628474143458612877e-17,-2.274111074393212548e-17,-7.581766020138573144e-18,-2.456417020997639636e-18,-7.734251506360655508e-19,-2.366625495934358863e-19,-7.037941192721901592e-20,-2.034115658943762715e-20,-5.713838699900837786e-21,-1.559949140852211857e-21,-4.139332242498571921e-22,-1.067564847686749626e-22,-2.676138941459297703e-23,-6.520476257168292008e-24,-1.544229002677116730e-24,-3.554765146528494234e-25,-7.953928850906614286e-26,-1.729929948184089877e-26,-3.657257321237923174e-27,-7.515650840575555449e-28,-1.501292770570439048e-28,-2.915112527186492803e-29,-5.502240706352768658e-30,-1.009534529011702808e-30,-1.800540578589206978e-31,-3.121673179867196847e-32,-5.261107978781771297e-33,-8.619351426216658736e-34,-1.372719295462635311e-34,-2.125204475151915520e-35,-5.577832812057236438e-36
1.566225904468308803e-28,4.649848490081471348e-28,2.242344992122501890e-27,1.051111830492906443e-26,4.789324981700846485e-26,2.121164412111824230e-25,9.131549025761689841e-25,3.821024422403112095e-24,1.554086541889010869e-23,6.143629706691487792e-23,2.360605004146603279e-22,8.815838963280408163e-22,3.199919863571010711e-21,1.128865655015071232e-20,3.870482687989098441e-20,1.289730876370281686e-19,4.176715289562858863e-19,1.314505534964591603e-18,4.020415006694283075e-18,1.194946656293562465e-17,3.451298897312728878e-17,9.686328758142986855e-17,2.641577488927096690e-16,6.999686806447406067e-16,1.802133845570545284e-15,4.507845785853183089e-15,1.095476661178189019e-14,2.586221103857873380e-14,5.931036302533640054e-14,1.321201819820469915e-13,2.858574611464862469e-13,6.006704672670321449e-13,1.225716188585664428e-12,2.428657488034694351e-12,4.672138177801587305e-12,8.725335262927510356e-12,1.581619808620030670e-11,2.782295337465342772e-11,4.749004683258059915e-11,7.863295580973736116e-11,1.262694419880192662e-10,1.965865422969230697e-10,2.966320598821810086e-10,4.336196147138692193e-10,6.137718794617750208e-10,8.407081206433265751e-10,1.113509637134775050e-09,1.424753150029417063e-09,1.758950865896906186e-09,2.091924458764890269e-09,2.391613570165771706e-09,2.620639805914784850e-09,2.740615170336310734e-09,2.717752019845009464e-09,2.528902217427657501e-09,2.166855612503080574e-09,1.643679551459834107e-09,9.911431578346218602e-10,2.578161477787188147e-10,-4.968569701548356215e-10,-1.210513266210082680e-09,-1.826381237977210252e-09,-2.300733317457633172e-09,-2.607924946930555416e-09,-2.742232991370240228e-09,-2.716426857885416543e-09,-2.557681883950459407e-09,-2.301908824174239246e-09,-1.987734630808032072e-09,-1.651231739132569390e-09,-1.322139272524673931e-09,-1.021875977627558810e-09,-7.632356631791039151e-10,-5.513693660101931793e-10,-3.855297615692375959e-10,-2.610687719946493807e-10,-1.712932156835428045e-10,-1.089396127072381665e-10,-6.717953865948713917e-11,-4.018066303445102428e-11,-2.331480649856173374e-11,-1.312721101658383384e-11,-7.173290223489709314e-12,-3.804862788060303793e-12,-1.959274321586066945e-12,-9.795825099376420396e-13,-4.755806142556331224e-13,-2.242266472322091202e-13,-1.026758681499955114e-13,-4.566693355010892677e-14,-1.972960779732017278e-14,-8.280299403265882746e-15,-3.376057622292813485e-15,-1.337312194676712012e-15,-5.146782042176569999e-16,-1.924588193394182968e-16,-6.992884400306675882e-17,-2.468921824736307093e-17,-8.470429757932630927e-18,-2.823996472195155577e-18,-9.149468584379697540e-19,-2.880793064705223423e-19,-8.815020186291099847e-20,-2.621436885149402965e-20,-7.576513743151846649e-21,-2.128245620921603243e-21,-5.810375655050972027e-22,-1.541785860841714549e-22,-3.976381433691116960e-23,-9.967871482331934159e-24,-2.428695622941289616e-24,-5.751822522929806598e-25,-1.324050914604101514e-25,-2.962616751214520262e-26,-6.443506773804884141e-27,-1.362226392327660689e-27,-2.799370411017799535e-28,-5.591897028425521139e-29,-1.085798146627079408e-29,-2.049431267416630894e-30,-3.760234674765343429e-31,-6.706511686689034418e-32,-1.162736231093858151e-32,-1.959616048880137745e-33,-3.210468109355009302e-34,-5.112996678351572112e-35,-7.915794189086206342e-36,-2.077587219376661806e-36
5.671444823655209727e-29,1.683751946294485314e-28,8.119732831733251117e-28,3.806170446501110589e-27,1.734257637980437839e-26,7.680927055843285617e-26,3.306616006436881483e-25,1.383627299208478786e-24,5.627487100272895648e-24,2.224663555816881099e-23,8.547962968347606112e-23,3.192294554178487987e-22,1.158719753937546638e-21,4.087724036150985159e-21,1.401536581869707680e-20,4.670231466502048501e-20,1.512426160319080595e-19,4.759942732828144110e-19,1.455828422554569344e-18,4.327009283300580478e-18,1.249746362271804976e-17,3.507506735705647686e-17,9.565389598728114125e-17,2.534649528677706779e-16,6.525688689502664201e-16,1.632331490308986531e-15,3.966819487373555586e-15,9.364939151151285332e-15,2.147681572686958630e-14,4.784190582372210013e-14,1.035115569023116901e-13,2.175081769868089259e-13,4.438428526301532200e-13,8.794387131287921678e-13,1.691823242630513034e-12,3.159522350537650429e-12,5.727187534695859891e-12,1.007494158060465674e-11,1.719657295383675791e-11,2.847370030871984712e-11,4.572330026631085320e-11,7.118575452808954490e-11,1.074131359818167298e-10,1.570175612782500891e-10,2.222523161408378915e-10,3.044279695173408430e-10,4.032118514705611416e-10,5.159159259636857381e-10,6.369319237406794373e-10,7.575046555731404961e-10,8.660247773966428587e-10,9.489572365977291174e-10,9.924013947854683462e-10,9.841224424238478733e-10,9.157382309692680712e-10,7.846379000678375412e-10,5.951911443476691585e-10,3.589018490861120840e-10,9.335754520488384824e-11,-1.799163762674442030e-10,-4.383377377444164240e-10,-6.613490677555357665e-10,-8.331162207622773625e-10,-9.443530718368300072e-10,-9.929872223281076132e-10,-9.836425893634000277e-10,-9.261596069828760396e-10,-8.335418823136573616e-10,-7.197765820712437472e-10,-5.979258594077254317e-10,-4.787585182903004258e-10,-3.700304794601700738e-10,-2.763744960938848011e-10,-1.996558049422703287e-10,-1.396037930657992452e-10,-9.453534967867368568e-11,-6.202681354229506660e-11,-3.944801326659255677e-11,-2.432631497786624991e-11,-1.454977935990226904e-11,-8.442501062813069516e-12,-4.753481139383141194e-12,-2.597512886903641105e-12,-1.377775026099344610e-12,-7.094708482076896370e-13,-3.547156345377271174e-13,-1.722120164949328928e-13,-8.119448504475984098e-14,-3.717985504340632658e-14,-1.653640724215285953e-14,-7.144268377609576254e-15,-2.998370864317296590e-15,-1.222500820072580622e-15,-4.842527698253692935e-16,-1.863696053571100164e-16,-6.969106893171188766e-17,-2.532186316251867585e-17,-8.940187914759022528e-18,-3.067218775255170254e-18,-1.022594513892231930e-18,-3.313104839732022212e-19,-1.043161070713529350e-19,-3.191998067668814973e-20,-9.492458661553343619e-21,-2.743523748864195162e-21,-7.706568749633987255e-22,-2.103989267341213670e-22,-5.582945228213382647e-23,-1.439883469852458736e-23,-3.609455887560676568e-24,-8.794525221213482470e-25,-2.082786651733211173e-25,-4.794507410753477450e-26,-1.072790163297283476e-26,-2.333251738093870429e-27,-4.932744248050202387e-28,-1.013677195720384214e-28,-2.024876192240187728e-29,-3.931772715962744189e-30,-7.421174889182496928e-31,-1.361614785011912521e-31,-2.428488181796977744e-32,-4.210372437526658394e-33,-7.095945907334346894e-34,-1.162539368578041417e-34,-1.851462069556777099e-35,-2.866380248898593121e-36,-7.523130122806882692e-37
1.996542485575983614e-29,5.927382528569932440e-29,2.858423571796921452e-28,1.339902130774073020e-27,6.105179831285106022e-27,2.703948935840607586e-26,1.164041888021407352e-25,4.870841157707140864e-25,1.981067864023484706e-24,7.831576332674936866e-24,3.009175221145360778e-23,1.123796828156832893e-22,4.079089702086694311e-22,1.439018620695274285e-21,4.933887955888468952e-21,1.644081152205539432e-20,5.324257185363003451e-20,1.675662585195575571e-19,5.125013797570499199e-19,1.523255208894648494e-18,4.399534485573289886e-18,1.234762293211735432e-17,3.367344181026342099e-17,8.922832941868869705e-17,2.297265533095285848e-16,5.746364942760868467e-16,1.396456085778826526e-15,3.296778770044930089e-15,7.560573431788510849e-15,1.684198657273109758e-14,3.643960710709818800e-14,7.657031494039388050e-14,1.562478591873570435e-13,3.095924951783774631e-13,5.955796251262457736e-13,1.112259891988121540e-12,2.016165825714946071e-12,3.546723900314577319e-12,6.053781633462911311e-12,1.002371602925670067e-11,1.609616498104332823e-11,2.505981944676943908e-11,3.781309633872669351e-11,5.527555002668886481e-11,7.824041412552563954e-11,1.071690537134197870e-10,1.419443575984395091e-10,1.816200451912224786e-10,2.242218139659765129e-10,2.666675379729185548e-10,3.048703311759505899e-10,3.340653922894169437e-10,3.493592213345527904e-10,3.464447470444887992e-10,3.223711665448267062e-10,2.762193677252351064e-10,2.095276324953908972e-10,1.263457217927026781e-10,3.286504782224229490e-11,-6.333671581721459340e-11,-1.543098705267778731e-10,-2.328174834854474907e-10,-2.932853940915846552e-10,-3.324445688764151699e-10,-3.495654526591040772e-10,-3.462758223609595413e-10,-3.260398472102100276e-10,-2.934352415111104635e-10,-2.533859661710925914e-10,-2.104903456968974951e-10,-1.685393672721920234e-10,-1.302633801741098712e-10,-9.729327191540432542e-11,-7.028566960512331590e-11,-4.914530823625147359e-11,-3.327967526634798273e-11,-2.183555907404199094e-11,-1.388704940402775843e-11,-8.563694592996385411e-12,-5.122019794081225757e-12,-2.972049024636962108e-12,-1.673387883379963612e-12,-9.144133455911685865e-13,-4.850239155461024245e-13,-2.497579954963539087e-13,-1.248720311442937376e-13,-6.062451776393268507e-14,-2.858323478881188352e-14,-1.308858016075639548e-14,-5.821380731773824554e-15,-2.515026732652161372e-15,-1.055529059042224438e-15,-4.303620861735423930e-16,-1.704735316619182834e-16,-6.560847309375581929e-17,-2.453363901329329657e-17,-8.914161591953456852e-18,-3.147251812518832446e-18,-1.079765877613983368e-18,-3.599882315679369324e-19,-1.166326179195594258e-19,-3.672283627430592515e-20,-1.123692454768514077e-20,-3.341669997619880987e-21,-9.658141611371308687e-22,-2.712975688748765835e-22,-7.406761578498979793e-23,-1.965387602164462326e-23,-5.068882112453045086e-24,-1.270651880323291010e-24,-3.095973564158913616e-25,-7.332121122348988028e-26,-1.687830533597412302e-26,-3.776588163561864078e-27,-8.213843860771450458e-28,-1.736494626666502607e-28,-3.568490306868431781e-29,-7.128256505250357683e-30,-1.384118423987218942e-30,-2.612507292205882868e-31,-4.793349581619718867e-32,-8.549108704106280096e-33,-1.482195051348905593e-33,-2.498015570961919906e-34,-4.092536051553856750e-35,-6.517779502825472583e-36,-1.009063849633587135e-36,-2.648399020308236849e-37
6.832960930743397351e-30,2.028585593940138006e-29,9.782660139070150419e-29,4.585676977446204248e-28,2.089434888749632962e-27,9.253986614762061394e-27,3.983813417476254670e-26,1.666995196491798195e-25,6.780000633003547294e-25,2.680276302352972826e-24,1.029859212533381584e-23,3.846078846989152698e-23,1.396026419107982500e-22,4.924892951119110571e-22,1.688572313527561191e-21,5.626698335322963285e-21,1.822172159903701508e-20,5.734782535542498080e-20,1.753983163459576379e-19,5.213183994392045057e-19,1.505695344354655450e-18,4.225846717124496201e-18,1.152438848436590192e-17,3.053747632410167754e-17,7.862154574013425046e-17,1.966634190423989371e-16,4.779227061062388657e-16,1.128288563642679715e-15,2.587528351971097914e-15,5.763996362660722568e-15,1.247108005430739737e-14,2.620540129860979433e-14,5.347421981012821894e-14,1.059548413964714046e-13,2.038309897753252317e-13,3.806594871731526093e-13,6.900119790356364277e-13,1.213829709012770443e-12,2.071844385158188166e-12,3.430513525436829422e-12,5.508746607941020299e-12,8.576464986261435611e-12,1.294114259123398881e-11,1.891748743071464242e-11,2.677697553581806668e-11,3.667750435059118701e-11,4.857899377632293982e-11,6.215758903189314338e-11,7.673760542130034544e-11,9.126421709682795439e-11,1.043387294243869341e-10,1.143304382610476178e-10,1.195645936622904362e-10,1.185671448676113816e-10,1.103282099986712984e-10,9.453323240635334209e-11,7.170867322360662342e-11,4.324052140203007693e-11,1.124772397175435848e-11,-2.167633835929770149e-11,-5.281096316031309883e-11,-7.967938474352802743e-11,-1.003739040798487944e-10,-1.137757281491073797e-10,-1.196351742080857933e-10,-1.185093321352921506e-10,-1.115837781538713756e-10,-1.004251878151355215e-10,-8.671873600256723846e-11,-7.203815189690962763e-11,-5.768086179898423643e-11,-4.458129961504323915e-11,-3.329761979146466569e-11,-2.405454619035530443e-11,-1.681947534468669811e-11,-1.138962594212858755e-11,-7.472995096862353448e-12,-4.752699564700216705e-12,-2.930836233113338335e-12,-1.752958496615940073e-12,-1.017153154331183890e-12,-5.726997602966572559e-13,-3.129485453034193025e-13,-1.659944373508582546e-13,-8.547710042218436889e-14,-4.273616596269787781e-14,-2.074811652237903235e-14,-9.782317581379752049e-15,-4.479431693713774115e-15,-1.992307571241956447e-15,-8.607419841120775884e-16,-3.612439441587491741e-16,-1.472869894901669601e-16,-5.834280963150563174e-17,-2.245382387873551020e-17,-8.396385154730731545e-18,-3.050779952252250557e-18,-1.077114503173138181e-18,-3.695387455758380811e-19,-1.232022628920655168e-19,-3.991631168643832044e-20,-1.256801231835681255e-20,-3.845721639822391825e-21,-1.143652123715595002e-21,-3.305399447838356547e-22,-9.284879746462745333e-23,-2.534887830078603299e-23,-6.726336552504098760e-24,-1.734772672615752723e-24,-4.348675130907546593e-25,-1.059565051049197788e-25,-2.509342903065511801e-26,-5.776426085147740570e-27,-1.292498384560117355e-27,-2.811103424913392595e-28,-5.942973929269945130e-29,-1.221279037372139184e-29,-2.439572338509036315e-30,-4.737002684868166280e-31,-8.941037011679153638e-32,-1.640474503058391990e-32,-2.925844362935465574e-33,-5.072659836079751382e-34,-8.549200893086438159e-35,-1.400628293660305363e-35,-2.230642874857621881e-36,-3.453417050217501849e-37,-9.063872752782605012e-38
2.273447110320116074e-30,6.749463524414646265e-30,3.254864274775457828e-29,1.525735940671107757e-28,6.951919904381993039e-28,3.078965230668076162e-27,1.325485275536413294e-26,5.546388236072455557e-26,2.255826281359071544e-25,8.917753922794641024e-25,3.426523983528577903e-24,1.279658544718130137e-23,4.644827126366039324e-23,1.638599102474246521e-22,5.618179125660723861e-22,1.872102182456292068e-21,6.062689474485598536e-21,1.908063709991809575e-20,5.835812607351656969e-20,1.734518638075739045e-19,5.009715062534599784e-19,1.406014040630154364e-18,3.834368140480209420e-18,1.016035917798599627e-17,2.615878061992178210e-17,6.543340233601772247e-17,1.590133481175039804e-16,3.754015866064089904e-16,8.609165066629692093e-16,1.917783667637789452e-15,4.149349191281233581e-15,8.719001097906533234e-15,1.779181993518797655e-14,3.525305214514551013e-14,6.781818005331259052e-14,1.266521526906484413e-13,2.295792052266541549e-13,4.038626405662162738e-13,6.893393183734274191e-13,1.141392602762915050e-12,1.832857553884304575e-12,2.853541786262870411e-12,4.305747321912599230e-12,6.294183088384307683e-12,8.909173968948132135e-12,1.220325523953113182e-11,1.616309154149163479e-11,2.068093065382860141e-11,2.553196031211054330e-11,3.036522127631131640e-11,3.471534307141756310e-11,3.803976155003934758e-11,3.978125774656869445e-11,3.944938886820977810e-11,3.670814932948558606e-11,3.145288056257981676e-11,2.385874550981271287e-11,1.438688724062211721e-11,3.742316957530393407e-12,-7.212101650331760898e-12,-1.757114270181771741e-11,-2.651074239020314056e-11,-3.339617546401754137e-11,-3.785519967213045341e-11,-3.980474114410430829e-11,-3.943015354832963113e-11,-3.712589909026792913e-11,-3.341323847095932634e-11,-2.885285921782700746e-11,-2.396836889933958772e-11,-1.919144422261597791e-11,-1.483298789667008568e-11,-1.107870779047586272e-11,-8.003373512714630815e-12,-5.596137312513312929e-12,-3.789530256093885670e-12,-2.486397812104849134e-12,-1.581307313345337305e-12,-9.751411185470021457e-13,-5.832403359298977425e-13,-3.384248677704149637e-13,-1.905473525056174342e-13,-1.041235232002921425e-13,-5.522928899338325279e-14,-2.843974507142648140e-14,-1.421907925404855885e-14,-6.903265806798130949e-15,-3.254750299765322785e-15,-1.490386253217172608e-15,-6.628760118223240730e-16,-2.863841014671123024e-16,-1.201922576892316329e-16,-4.900498978965289229e-17,-1.941168598929385135e-17,-7.470784851567220207e-18,-2.793626037179873357e-18,-1.015048518053781125e-18,-3.583750704186271241e-19,-1.229520850178947584e-19,-4.099157472079918866e-20,-1.328086379798718970e-20,-4.181600272157232569e-21,-1.279539695567769759e-21,-3.805133151244065708e-22,-1.099764933431928741e-22,-3.089243922688325990e-23,-8.434020727893918870e-24,-2.237971291410198017e-24,-5.771895902222775244e-25,-1.446881229131695134e-25,-3.525360569040960373e-26,-8.349028231829730106e-27,-1.921919256434019778e-27,-4.300371021076431368e-28,-9.353038928447549769e-29,-1.977332673660845171e-29,-4.063411640356371585e-30,-8.116889207497409539e-31,-1.576084683440544938e-31,-2.974841355525793307e-32,-5.458149192324192042e-33,-9.734802349350398295e-34,-1.687763761985670578e-34,-2.844470539628784785e-35,-4.660138377972948914e-36,-7.421743881461879271e-37,-1.149013011068561202e-37,-3.015710981956582961e-38
7.353706784705604052e-31,2.183185854084879735e-30,1.052820511726862724e-29,4.935155380413672370e-29,2.248672526205578878e-28,9.959240927073093420e-28,4.287423278726301960e-27,1.794038340151858532e-26,7.296710336934778794e-26,2.884542474232271519e-25,1.108345672580110724e-24,4.139191837665016644e-24,1.502418798215767491e-23,5.300223296411194289e-23,1.817259867912446011e-22,6.055513875074237953e-22,1.961041473967259409e-21,6.171835265541595470e-21,1.887655735211249332e-20,5.610485249080581600e-20,1.620445686973350316e-19,4.547902145177879057e-19,1.240267208403973313e-18,3.286476376909464762e-18,8.461336164414083977e-18,2.116513080601167725e-17,5.143456083065834596e-17,1.214276409548005221e-16,2.784726122448054593e-16,6.203275503655698892e-16,1.342151183615665380e-15,2.820253756442265852e-15,5.754953628599222355e-15,1.140297513694222352e-14,2.193651255490211804e-14,4.096698754551857819e-14,7.425983879012913609e-14,1.306336719486169227e-13,2.229741435143045447e-13,3.691955924045469240e-13,5.928572944676938003e-13,9.230084790108695939e-13,1.392739824500172561e-12,2.035920548629493786e-12,2.881767196790040156e-12,3.947272863444741676e-12,5.228124084828573439e-12,6.689467257572151275e-12,8.258584460650284288e-12,9.821954190403624237e-12,1.122904741081569247e-11,1.230436597048077274e-11,1.286767146097681099e-11,1.276032493809785803e-11,1.187364181699455060e-11,1.017376916936543722e-11,7.717365314268033110e-12,4.653591888366390149e-12,1.210492272997494818e-12,-2.332831082688495242e-12,-5.683573227405677530e-12,-8.575181947160744688e-12,-1.080234859998060277e-11,-1.224466746561495248e-11,-1.287526741599181174e-11,-1.275410306903979746e-11,-1.200876742586528995e-11,-1.080786781128509546e-11,-9.332764576978165806e-12,-7.752824167023688058e-12,-6.207677009397331908e-12,-4.797887896228197231e-12,-3.583526015396127648e-12,-2.588776393073661447e-12,-1.810130208719861951e-12,-1.225763917206798096e-12,-8.042518507403497600e-13,-5.114906903294909069e-13,-3.154197793717215363e-13,-1.886552977622482049e-13,-1.094671274708457102e-13,-6.163457036530519916e-14,-3.367986242255795813e-14,-1.786450167859510458e-14,-9.199138406945273522e-15,-4.599312608070327609e-15,-2.232934840209639879e-15,-1.052783645296095642e-15,-4.820813051847012278e-16,-2.144143051944605055e-16,-9.263398741191691089e-17,-3.887746571390148379e-17,-1.585118581667176547e-17,-6.278916554251629414e-18,-2.416504918925081306e-18,-9.036280919087255181e-19,-3.283282527283614298e-19,-1.159202329732539595e-19,-3.977016125360766357e-20,-1.325916137532933150e-20,-4.295836827462285345e-21,-1.352583139176673769e-21,-4.138807407431599984e-22,-1.230810839803160403e-22,-3.557306794535841880e-23,-9.992488451022266725e-24,-2.728073820918039468e-24,-7.238956470512355101e-25,-1.866981196268674391e-25,-4.680091418458675669e-26,-1.140315418705288803e-26,-2.700582092954867034e-27,-6.216652506028681290e-28,-1.391000802740834615e-28,-3.025340044794567656e-29,-6.395893105194080121e-30,-1.314353767593586146e-30,-2.625494253414710647e-31,-5.098013750693850487e-32,-9.622441164453669468e-33,-1.765496481766738221e-33,-3.148825488801724624e-34,-5.459251623296697140e-35,-9.200742876845769628e-36,-1.507371385602250494e-36,-2.400642094892135084e-37,-3.716604946230813818e-38,-9.754638323476420270e-39
2.312455049847430062e-31,6.865271217413857060e-31,3.310711427860113544e-30,1.551914607875676668e-29,7.071201355882482332e-29,3.131794297585543736e-28,1.348228030024841460e-27,5.641553492359074716e-27,2.294531881664369245e-26,9.070765270259114596e-26,3.485316484014480543e-25,1.301615001457911811e-24,4.724523343989652203e-24,1.666714282461767089e-23,5.714576174262575213e-23,1.904223822053974549e-22,6.166713457854163103e-22,1.940802379598731598e-21,5.935943824060728928e-21,1.764279611109087519e-20,5.095672048875355597e-20,1.430138512416821481e-19,3.900158455051499485e-19,1.033469121966451934e-18,2.660761451972819244e-18,6.655611251027218371e-18,1.617417085175503241e-17,3.818427491574620343e-17,8.756881628310313255e-17,1.950689112850941599e-16,4.220543969288742912e-16,8.868602232686187716e-16,1.809709303037514934e-15,3.585792609184379117e-15,6.898180838421215054e-15,1.288252577920298610e-14,2.335183387624863265e-14,4.107921395587449380e-14,7.011670430312018986e-14,1.160976684320544688e-13,1.864305831831677685e-13,2.902503024433658890e-13,4.379625588264376346e-13,6.402179052825590353e-13,9.062038101058837370e-13,1.241263941225229856e-12,1.644041881889440912e-12,2.103577528102490727e-12,2.597003919212782896e-12,3.088622953284905371e-12,3.531099097413377199e-12,3.869245002096968121e-12,4.046382691189160411e-12,4.012626380775576143e-12,3.733798991944369462e-12,3.199255094126344597e-12,2.426811527162449149e-12,1.463373829993213406e-12,3.806527852478719315e-13,-7.335847315565672463e-13,-1.787262940402701048e-12,-2.696561527081062874e-12,-3.396918901116759461e-12,-3.850472141948063449e-12,-4.048771323894635358e-12,-4.010669844712333387e-12,-3.776290745524586841e-12,-3.398654478618825940e-12,-2.934791827701904794e-12,-2.437961958573059164e-12,-1.952073215382780998e-12,-1.508749317733202185e-12,-1.126879691177956773e-12,-8.140695867204851127e-13,-5.692156166385878289e-13,-3.854551239601896609e-13,-2.529059572325734053e-13,-1.608439477437927155e-13,-9.918726473387436407e-14,-5.932476079928999469e-14,-3.442315816000837393e-14,-1.938167752117276112e-14,-1.059100807489272562e-14,-5.617691638942361246e-15,-2.892771589374347688e-15,-1.446305105403356139e-15,-7.021712448424294731e-16,-3.310595497260003877e-16,-1.515958388400730236e-16,-6.742496775064216184e-17,-2.912978967610039211e-17,-1.222545235313992795e-17,-4.984582029306374419e-18,-1.974475284172049561e-18,-7.598969018416013575e-19,-2.841559237396166826e-19,-1.032464780358618136e-19,-3.645240910012978585e-20,-1.250617041400455934e-20,-4.169491057610812122e-21,-1.350873764187403938e-21,-4.253348416111446942e-22,-1.301494113086813588e-22,-3.870421850146787355e-23,-1.118634764985418664e-23,-3.142249352009352536e-24,-8.578732152686698707e-25,-2.276370534745491168e-25,-5.870930432337670999e-26,-1.471706902547588305e-26,-3.585848913487036810e-27,-8.492281350365222849e-28,-1.954895660323496205e-28,-4.374157040541513390e-29,-9.513518921696984123e-30,-2.011259864229413815e-30,-4.133131896799451750e-31,-8.256159270970023555e-32,-1.603127237341371051e-32,-3.025883858856006332e-33,-5.551800437896838828e-34,-9.901832661878737380e-35,-1.716722512099100551e-35,-2.893276132815084510e-36,-4.740097306954120907e-37,-7.549086600454891779e-38,-1.168727844041078372e-38,-3.067454728746164656e-39
7.069453240355527630e-32,2.098795989875296542e-31,1.012124306291357341e-30,4.744389627865755387e-30,2.161751310229706297e-29,9.574271874670160732e-29,4.121695258995863673e-28,1.724690761873531504e-27,7.014659959336875748e-27,2.773042050550086650e-26,1.065503172189510831e-25,3.979193623832427856e-25,1.444343615046997390e-24,5.095346041720319693e-24,1.747014674082614056e-23,5.821441273018444978e-23,1.885238480196525290e-22,5.933266323273699434e-22,1.814689427340139992e-21,5.393614987011891804e-21,1.557808238481782192e-20,4.372105456246362182e-20,1.192325352649900716e-19,3.159439416379231414e-19,8.134267807585503587e-19,2.034700416262177820e-18,4.944638579917408619e-18,1.167339214016540873e-17,2.677084045666228872e-17,5.963491256048497086e-17,1.290271058099909655e-16,2.711238378251900159e-16,5.532499019734161022e-16,1.096219932228051942e-15,2.108856856869612858e-15,3.938343087782752057e-15,7.138936502812529568e-15,1.255840982642143635e-14,2.143551990216837362e-14,3.549245371705092439e-14,5.699407175385254353e-14,8.873300872411788432e-14,1.338904222529307532e-13,1.957223144870236115e-13,2.770374049951059881e-13,3.794693173391673390e-13,5.026033786027700407e-13,6.430889531610358131e-13,7.939353360882055335e-13,9.442291882290692794e-13,1.079499467800350098e-12,1.182874738240151454e-12,1.237027860491084859e-12,1.226708150360875185e-12,1.141467263728189147e-12,9.780507644197318058e-13,7.419054746842636146e-13,4.473709819777750529e-13,1.163701351210438221e-13,-2.242656763390985205e-13,-5.463877789205400323e-13,-8.243712943392807520e-13,-1.038478967809960775e-12,-1.177135649083837174e-12,-1.237758094240752443e-12,-1.226110013752206368e-12,-1.154457503908446248e-12,-1.039009554728684979e-12,-8.972011627852005242e-13,-7.453142956891212171e-13,-5.967722623974712904e-13,-4.612428143775997933e-13,-3.445006762321489162e-13,-2.488708646724063299e-13,-1.740160607996308909e-13,-1.178382678301929212e-13,-7.731639319782700837e-14,-4.917192953194711536e-14,-3.032273990022683792e-14,-1.813629296247413657e-14,-1.052357350745467491e-14,-5.925211950157507457e-15,-3.237798562122176388e-15,-1.717395906262457502e-15,-8.843550704892751374e-16,-4.421528675600017195e-16,-2.146621955943892835e-16,-1.012088864912444872e-16,-4.634467139947588669e-17,-2.061262366060230052e-17,-8.905327090797698191e-18,-3.737467837847029150e-18,-1.523846683256527644e-18,-6.036208442889708128e-19,-2.323096232903949162e-19,-8.686988384832770641e-20,-3.156369023277126399e-20,-1.114393992863471903e-20,-3.823286725662242437e-21,-1.274663568911540140e-21,-4.129783586572193780e-22,-1.300299772080930946e-22,-3.978824053540990983e-23,-1.183234514844657786e-23,-3.419801031212404033e-24,-9.606234233626877554e-25,-2.622621608102368611e-25,-6.959138537273720464e-26,-1.794814051478756030e-26,-4.499185024917637208e-27,-1.096237145130618034e-27,-2.596192557961773191e-28,-5.976351177655459564e-29,-1.337232421712188944e-29,-2.908397167443824657e-30,-6.148663328747497367e-31,-1.263548136106425226e-31,-2.524007198103210234e-32,-4.900952796238305833e-33,-9.250490924068234936e-34,-1.697252173532501911e-34,-3.027109348637729170e-35,-5.248227214946801847e-36,-8.845093154880005188e-37,-1.449104762856199067e-37,-2.307846577724060301e-38,-3.572941599316731243e-39,-9.377578073662080366e-40
2.101086291956992734e-32,6.237754652323645931e-32,3.008097562009333102e-31,1.410062655752170826e-30,6.424861852987092650e-30,2.845534259496260564e-29,1.224993944208448817e-28,5.125890213052871635e-28,2.084801381692308601e-27,8.241656661892095138e-27,3.166742933307071711e-26,1.182641555410646531e-25,4.292680731131343222e-25,1.514369125454089537e-24,5.192238294482427847e-24,1.730169228413549967e-23,5.603048203500821423e-23,1.763404341823395206e-22,5.393371948736259124e-22,1.603016545694620183e-21,4.629904780595313333e-21,1.299417441319342228e-20,3.543666488526743318e-20,9.390054113561250927e-20,2.417555927531007665e-19,6.047258546734012459e-19,1.469577912990562900e-18,3.469406101497388569e-18,7.956463391903201455e-18,1.772387383335830345e-17,3.834767330530112091e-17,8.057972232214996098e-17,1.644293760127369241e-16,3.258035090219375099e-16,6.267656186442752111e-16,1.170500517285802466e-15,2.121737157774365979e-15,3.732438964932560036e-15,6.370772320880608936e-15,1.054858210916790117e-14,1.693899921442995913e-14,2.637201236583427910e-14,3.979308176396054935e-14,5.816991187540509650e-14,8.233727195079035635e-14,1.127806852626555391e-13,1.493769083930523234e-13,1.911301112061197629e-13,2.359626119079170320e-13,2.806308969594335114e-13,3.208340810605750241e-13,3.515578663751952080e-13,3.676525173983579939e-13,3.645854341665438762e-13,3.392513026108259029e-13,2.906828836818267648e-13,2.204990074605187987e-13,1.329614901881097194e-13,3.458594142758808089e-14,-6.665317985594070216e-14,-1.623899095660521915e-13,-2.450083715288773720e-13,-3.086425285757192561e-13,-3.498521727176142259e-13,-3.678695474951966049e-13,-3.644076641769198933e-13,-3.431120842928046122e-13,-3.088002223695276712e-13,-2.666538698487867516e-13,-2.215121306599417371e-13,-1.773644972691589677e-13,-1.370842866631217335e-13,-1.023877835798335862e-13,-7.396599771616514567e-14,-5.171867575830643995e-14,-3.502227977018527191e-14,-2.297892190080303706e-14,-1.461420898845241412e-14,-9.012110409791644034e-15,-5.390221171963505597e-15,-3.127672719114356217e-15,-1.761010531104317405e-15,-9.622942459197559329e-16,-5.104209440007074374e-16,-2.628359298312879851e-16,-1.314106335234878935e-16,-6.379896453520856359e-17,-3.007992227985775356e-17,-1.377392995922724141e-17,-6.126202344381217529e-18,-2.646719631591639096e-18,-1.110799120348310205e-18,-4.528968886812198770e-19,-1.793999391968944471e-19,-6.904389185274377354e-20,-2.581827984881586423e-20,-9.380928710735363464e-21,-3.312049549855831720e-21,-1.136305037517450977e-21,-3.788380883840853304e-22,-1.227397846408184529e-22,-3.864573303856551296e-23,-1.182531716778598241e-23,-3.516647942614384247e-24,-1.016386532820371702e-24,-2.855033675077584278e-25,-7.794597576964690332e-26,-2.068300063295964776e-26,-5.334301072460430002e-27,-1.337186294248273040e-27,-3.258086248056413672e-28,-7.716048765519386477e-29,-1.776209433512199787e-29,-3.974339478449657058e-30,-8.643940644800749967e-31,-1.827421696510192734e-31,-3.755345113319482476e-32,-7.501509302675183169e-33,-1.456594221307376628e-33,-2.749304509644728328e-34,-5.044340990115873778e-35,-8.996760768386827922e-36,-1.559806378724360521e-36,-2.628817724221389970e-37,-4.306831164065555245e-38,-6.859066243929223416e-39,-1.061900879891754112e-39,-2.787075615671889102e-40
6.070821852232836968e-33,1.802319942648441845e-32,8.691515661684420340e-32,4.074196864891542046e-31,1.856382190679215090e-30,8.221809656250300129e-30,3.539464339861480032e-29,1.481060841559423159e-28,6.023768673372499960e-28,2.381321964411709587e-27,9.149901302729650363e-27,3.417092494215662633e-26,1.240315549483623782e-25,4.375577154706264807e-25,1.500231276592867512e-24,4.999104130145319442e-24,1.618929579576894915e-23,5.095132767104306717e-23,1.558346290152190613e-22,4.631712610922600041e-22,1.337752153416596978e-21,3.754501577651287819e-21,1.023897401926123951e-20,2.713136815202444670e-20,6.985220649924088182e-20,1.747278513602641780e-19,4.246158637983511659e-19,1.002440806732532541e-18,2.298918993044658582e-18,5.121088124065115343e-18,1.108007291158299310e-17,2.328248682563778228e-17,4.750977876864737492e-17,9.413678389488170037e-17,1.810959610968620925e-16,3.382012507334950723e-16,6.130489904873838626e-16,1.078440810221692081e-15,1.840753707701319972e-15,3.047878757933513742e-15,4.894308576452371720e-15,7.619857859752279060e-15,1.149770531867758324e-14,1.680745686207636409e-14,2.379030845737065098e-14,3.258654588453929508e-14,4.316055952403897677e-14,5.522461691228573452e-14,6.817839829635462403e-14,8.108473165498806077e-14,9.270093083275655456e-14,1.015781781873893715e-13,1.062285230832426346e-13,1.053423283573257359e-13,9.802235296913882189e-14,8.398912548622708194e-14,6.371038628975909345e-14,3.841753302705127535e-14,9.993168286443170684e-15,-1.925858934681496595e-14,-4.692050085470198978e-14,-7.079205559292563702e-14,-8.917833666225468879e-14,-1.010853396795515558e-13,-1.062912311718881780e-13,-1.052909639777760357e-13,-9.913787677657893249e-14,-8.922390028013453127e-14,-7.704624727967308744e-14,-6.400311536431514432e-14,-5.124721768704686779e-14,-3.960876267947531583e-14,-2.958364900754239811e-14,-2.137153514238873024e-14,-1.494345416292399846e-14,-1.011924270591566737e-14,-6.639467486421733488e-15,-4.222589982135406093e-15,-2.603934784588967593e-15,-1.557435913241108657e-15,-9.037012883533956800e-16,-5.088216155216920161e-16,-2.780426943324806790e-16,-1.474796457688867963e-16,-7.594310202678705988e-17,-3.796943270079112768e-17,-1.843390009885914133e-17,-8.691211312408450138e-18,-3.979802034200013746e-18,-1.770088320781409733e-18,-7.647360052610994331e-19,-3.209512907235533070e-19,-1.308588009516422275e-19,-5.183533276738190918e-20,-1.994935519913535860e-20,-7.459863885326931011e-21,-2.710500146013827306e-21,-9.569746306904416141e-22,-3.283209013818303519e-22,-1.094604516827393748e-22,-3.546410109799937510e-23,-1.116619348401730412e-23,-3.416775129445754507e-24,-1.016090736413707766e-24,-2.936719732731208434e-25,-8.249257010466749360e-26,-2.252149922672830044e-26,-5.976090210715081246e-27,-1.541278511075322764e-27,-3.863629878841225375e-28,-9.413826203557445846e-29,-2.229454241737933144e-29,-5.132131452375743684e-30,-1.148334889734178416e-30,-2.497556809386594347e-31,-5.280102778684733955e-32,-1.085059250726026198e-32,-2.167465790136178441e-33,-4.208643910723267598e-34,-7.943766022121662370e-35,-1.457498229850723981e-35,-2.599499700755403477e-36,-4.506862324246641036e-37,-7.595634766088384495e-38,-1.244404137268143124e-38,-1.981840031937660515e-39,-3.068227655013518985e-40,-8.052900833352742427e-41
1.705283635677668877e-33,5.062686369759781738e-33,2.441432113784571963e-32,1.144435038836376142e-31,5.214546314127729032e-31,2.309492487792827314e-30,9.942295729878132526e-30,4.160274964460335019e-29,1.692066476968331234e-28,6.689093299118123591e-28,2.570191868481811471e-27,9.598555276069919627e-27,3.484025492912525454e-26,1.229092254753155167e-25,4.214124393659637048e-25,1.404239932201276254e-24,4.547545927989329134e-24,1.431214214621103464e-23,4.377368488153115141e-23,1.301040273099627531e-22,3.757723272632069871e-22,1.054633170983251210e-21,2.876110560673614287e-21,7.621155627582181624e-21,1.962136718199389522e-20,4.908075922408877420e-20,1.192738811332681189e-19,2.815839346080925930e-19,6.457624740126015899e-19,1.438505030685362976e-18,3.112373823206211699e-18,6.540011344104615762e-18,1.334541685472828379e-17,2.644286407979930059e-17,5.086955052588394955e-17,9.500016183631249705e-17,1.722044291189890564e-16,3.029322076123258756e-16,5.170646168609849212e-16,8.561440108017489321e-16,1.374803037633442350e-15,2.140405241778958329e-15,3.229686063110780828e-15,4.721186330597959303e-15,6.682657585341064059e-15,9.153505866709931612e-15,1.212372849253780553e-14,1.551250189831435490e-14,1.915119727631685080e-14,2.277656458387207823e-14,2.603953537247145264e-14,2.853313920605296973e-14,2.983941325661455970e-14,2.959048265036108045e-14,2.753431388987485670e-14,2.359240392037997834e-14,1.789614022731815110e-14,1.079142033628256287e-14,2.807064144235518392e-15,-5.409705318117154832e-15,-1.317988968098147681e-14,-1.988536920980408173e-14,-2.505004460164875977e-14,-2.839470169908811641e-14,-2.985702785312124682e-14,-2.957605448263753655e-14,-2.784766264896259633e-14,-2.506284334518737755e-14,-2.164216112322195921e-14,-1.797836733143683597e-14,-1.439525715345947462e-14,-1.112603473974561425e-14,-8.309997190518600563e-15,-6.003228234118204822e-15,-4.197591111187235894e-15,-2.842478236369575649e-15,-1.865015236782916120e-15,-1.186118415592030567e-15,-7.314408962434330738e-16,-4.374811254739674083e-16,-2.538481701621809346e-16,-1.429271349988761053e-16,-7.810172464384191029e-17,-4.142678415653407683e-17,-2.133228947926515765e-17,-1.066554970918949899e-17,-5.178051497053857200e-18,-2.441346622585462423e-18,-1.117919689845914173e-18,-4.972148286681276982e-19,-2.148130561442206147e-19,-9.015467711660842271e-20,-3.675801683509496738e-20,-1.456045768920248301e-20,-5.603740282857132650e-21,-2.095463203775617267e-21,-7.613749268230051532e-22,-2.688125623180452786e-22,-9.222478834088165806e-23,-3.074725655799106202e-23,-9.961806280675776865e-24,-3.136564946985208520e-24,-9.597663803775177829e-25,-2.854181768705110780e-25,-8.249196278023407851e-26,-2.317202403373802755e-26,-6.326251208992614970e-27,-1.678673677093269702e-27,-4.329425384129301539e-28,-1.085287127027102699e-28,-2.644327928703061984e-29,-6.262499423417612121e-30,-1.441607083012023526e-30,-3.225653368532266740e-31,-7.015595021382086029e-32,-1.483171979404334026e-32,-3.047913164052435912e-33,-6.088374906687399404e-34,-1.182200987616048463e-34,-2.231390499161827763e-35,-4.094087984939742014e-36,-7.301950886627836217e-37,-1.265970037806876860e-37,-2.133601015557871478e-38,-3.495510267151821274e-39,-5.566955277646946986e-40,-8.618599817261689107e-41,-2.262046283865291123e-41
4.656839784641837610e-34,1.382533603830185854e-33,6.667136164979417801e-33,3.125257586649730413e-32,1.424003973675461117e-31,6.306831470420436143e-31,2.715071987843892833e-30,1.136100386130149375e-29,4.620745970551379476e-29,1.826677694361104934e-28,7.018757171473426788e-28,2.621202312008484722e-27,9.514281487638699403e-27,3.356442055256703147e-26,1.150805750037285906e-25,3.834740594844743626e-25,1.241857504340079536e-24,3.908402775673004029e-24,1.195384937800564083e-23,3.552919865312503553e-23,1.026170360727899032e-22,2.880023947972733123e-22,7.854169126915218735e-22,2.081208075240087948e-21,5.358261899104110566e-21,1.340312118366937753e-20,3.257166979786948842e-20,7.689578683359772930e-20,1.763467564863806045e-19,3.928312755221400287e-19,8.499363942365283641e-19,1.785965946194742024e-18,3.644406528713960272e-18,7.221096765978680093e-18,1.389160968648131161e-17,2.594292960601493184e-17,4.702610286259835202e-17,8.272563736283229813e-17,1.412015590046926398e-16,2.337983786081433527e-16,3.754353438777674058e-16,5.845082939068399620e-16,8.819723731542428554e-16,1.289275747157350273e-15,1.824920210307862082e-15,2.499666882225567931e-15,3.310784200413048914e-15,4.236200623053209194e-15,5.229866488716632723e-15,6.219892684860504634e-15,7.110954550849430512e-15,7.791915377330551350e-15,8.148636619535078153e-15,8.080657901709947744e-15,7.519153159188729272e-15,6.442684541923843970e-15,4.887131739171501081e-15,2.946953486410626532e-15,7.665615098525856615e-16,-1.477298580806620554e-15,-3.599203870809199203e-15,-5.430356366007618358e-15,-6.840741438397209512e-15,-7.754110447016649551e-15,-8.153446866469107262e-15,-8.076717814321087788e-15,-7.604723379723167042e-15,-6.844236557734370959e-15,-5.910106379704776662e-15,-4.909586563801624041e-15,-3.931100071557264583e-15,-3.038330993000140998e-15,-2.269318998753543116e-15,-1.639379601846515219e-15,-1.146290791588295496e-15,-7.762324965280030017e-16,-5.093039639803035916e-16,-3.239087804199941257e-16,-1.997440774353571363e-16,-1.194686600817238612e-16,-6.932162095134299462e-17,-3.903097142564984025e-17,-2.132825360902753929e-17,-1.131295067716120661e-17,-5.825485700216623727e-18,-2.912580357407268172e-18,-1.414037859386462584e-18,-6.666902703044405023e-19,-3.052848675018242222e-19,-1.357809192096917589e-19,-5.866179474098829086e-20,-2.461971008132691245e-20,-1.003798967050889157e-20,-3.976213530174761995e-21,-1.530286231922858009e-21,-5.722353871482132278e-22,-2.079185524377065598e-22,-7.340814211922635565e-23,-2.518502227374713060e-23,-8.396553195735103715e-24,-2.720399987671850928e-24,-8.565425789961883256e-25,-2.620958866075980908e-25,-7.794285322994539576e-26,-2.252715302903403449e-26,-6.327885939520250344e-27,-1.727591686292566189e-27,-4.584172510288767256e-28,-1.182292490916877443e-28,-2.963734692083060667e-29,-7.221210152016828303e-30,-1.710182157156385864e-30,-3.936783932910901658e-31,-8.808711128032002733e-32,-1.915839765595602019e-32,-4.050290600725318942e-33,-8.323332837737721176e-34,-1.662631711000363946e-34,-3.228389974190710310e-35,-6.093548213426098359e-36,-1.118025846915177457e-36,-1.994038685584182228e-37,-3.457149013149763025e-38,-5.826501753682464908e-39,-9.545644454171723280e-40,-1.520240872185786911e-40,-2.353593131208394858e-41,-6.177263951294991534e-42
1.236321736917796447e-34,3.670421198667063597e-34,1.770025541986466747e-33,8.297094309718638571e-33,3.780518865859360290e-32,1.674370001663655749e-31,7.208112520723502065e-31,3.016177639019703241e-30,1.226739365826682047e-29,4.849557735118023227e-29,1.863375692214770299e-28,6.958902485507218399e-28,2.525900301125991586e-27,8.910854707315332391e-27,3.055218194178246407e-26,1.018066622880879458e-25,3.296947066621514842e-25,1.037622836871125784e-24,3.173569310803830943e-24,9.432474085751200251e-24,2.724329763142696422e-23,7.646035454054917020e-23,2.085165147630429527e-22,5.525298059327727183e-22,1.422538881369384755e-21,3.558329431165582507e-21,8.647294139605465932e-21,2.041468831573426732e-20,4.681744237757366098e-20,1.042908640470917417e-19,2.256454780036997480e-19,4.741474095710932030e-19,9.675357577200255959e-19,1.917093846691755397e-18,3.688015867072767283e-18,6.887462157711174330e-18,1.248473124699392694e-17,2.196242696803766131e-17,3.748691489449831033e-17,6.206999400809652018e-17,9.967250279343587556e-17,1.551782630678030793e-16,2.341505541778986332e-16,3.422835452377879353e-16,4.844891876214116671e-16,6.636243986192182220e-16,8.789639889939808334e-16,1.124648292496110082e-15,1.388451808563909270e-15,1.651289046479504912e-15,1.887852725885830451e-15,2.068637702544174282e-15,2.163341889536447011e-15,2.145294550486435070e-15,1.996223388353936906e-15,1.710436972634080711e-15,1.297460827457579630e-15,7.823723429246888917e-16,2.035106856028537185e-16,-3.922008125322515867e-16,-9.555351240030169122e-16,-1.441678890617310866e-15,-1.816115161362680792e-15,-2.058601055532213461e-15,-2.164618938591062328e-15,-2.144248515855792160e-15,-2.018941009868083762e-15,-1.817043063590212752e-15,-1.569045387565893323e-15,-1.303422249596328610e-15,-1.043648631523437292e-15,-8.066317125586942506e-16,-6.024704597766868114e-16,-4.352309142150082672e-16,-3.043231650663958635e-16,-2.060781888018824141e-16,-1.352126314166670578e-16,-8.599296615968292193e-17,-5.302908327839685108e-17,-3.171715329923898240e-17,-1.840385986719377732e-17,-1.036214270151440247e-17,-5.662334279633030024e-18,-3.003420232961486017e-18,-1.546579855084187747e-18,-7.732467881454847769e-19,-3.754060313927392232e-19,-1.769963561313232187e-19,-8.104859413229808780e-20,-3.604781560904224662e-20,-1.557383447119640459e-20,-6.536167044127747805e-21,-2.664937038533082594e-21,-1.055625584155627284e-21,-4.062682462196342715e-22,-1.519199887653680149e-22,-5.519928487447191255e-23,-1.948877048939113598e-23,-6.686249027609012493e-24,-2.229160055132171877e-24,-7.222257568236887677e-25,-2.273993218536442223e-25,-6.958256172745644455e-26,-2.069266887887712097e-26,-5.980624253494774106e-27,-1.679959650225990737e-27,-4.586499113252703128e-28,-1.217029655807005508e-28,-3.138810810575592715e-29,-7.868275035709592510e-30,-1.917123948999384618e-30,-4.540279401396718912e-31,-1.045157612219810806e-31,-2.338581859253987848e-32,-5.086269779924391208e-33,-1.075291945199631006e-33,-2.209721138535641409e-34,-4.414040035428601496e-35,-8.570895467571763084e-36,-1.617746467477989349e-36,-2.968192424261107742e-37,-5.293876287891924243e-38,-9.178216710003671796e-39,-1.546849602175290940e-39,-2.534226702516668961e-40,-4.036013525379879478e-41,-6.248439891726172332e-42,-1.639971751412120210e-42
3.190929799781286944e-35,9.473307821776678873e-35,4.568412153279389612e-34,2.141468898741669143e-33,9.757468422241384889e-33,4.321526488313827783e-32,1.860404161451917056e-31,7.784713980501583459e-31,3.166197828681745983e-30,1.251664338712254714e-29,4.809347637371125007e-29,1.796083386039616666e-28,6.519314755585662233e-28,2.299879633110825638e-27,7.885477129070112043e-27,2.627616281512732165e-26,8.509376102544104128e-26,2.678090607191098653e-25,8.190939771682318494e-25,2.434508894175462121e-24,7.031458532239037281e-24,1.973431482435432881e-23,5.381783243273755800e-23,1.426072008904185871e-22,3.671553748804578055e-22,9.184000475193561320e-22,2.231855004533998008e-21,5.269003638351130582e-21,1.208351900408885244e-20,2.691733195296321072e-20,5.823879484178167457e-20,1.223768096532389657e-19,2.497196797137669100e-19,4.947993472667401249e-19,9.518719424643768290e-19,1.777644733376396347e-18,3.222292368458363097e-18,5.668472905972372676e-18,9.675322391154749009e-18,1.602018209648693010e-17,2.572533911563062211e-17,4.005130130089136315e-17,6.043394358043553936e-17,8.834292335561050693e-17,1.250460086795195275e-16,1.712805660681215521e-16,2.268594251531792922e-16,2.902702139449301352e-16,3.583575471666619110e-16,4.261954852949683331e-16,4.872522532561466147e-16,5.339126129461775144e-16,5.583556364257359854e-16,5.536976424536324666e-16,5.152225757026025625e-16,4.414614856026447740e-16,3.348728971395865384e-16,2.019292510206205936e-16,5.252583464909893956e-17,-1.012265030078443033e-16,-2.466223322676895611e-16,-3.720953855632493629e-16,-4.687368841927944983e-16,-5.313221678311181801e-16,-5.586852410717173185e-16,-5.534276623202253333e-16,-5.210859633067424987e-16,-4.689763745116078734e-16,-4.049685073786138546e-16,-3.364115321877097363e-16,-2.693643102265182691e-16,-2.081905617439870006e-16,-1.554968165796479070e-16,-1.123325144648070897e-16,-7.854540021233192555e-17,-5.318850377671641336e-17,-3.489819858461112186e-17,-2.219466908141594815e-17,-1.368673517865785552e-17,-8.186154671929334883e-18,-4.750011516228235386e-18,-2.674455115403930842e-18,-1.461440873331952517e-18,-7.751787286791250522e-19,-3.991701836152145824e-19,-1.995739575872782674e-19,-9.689179255030529061e-20,-4.568252181994064570e-20,-2.091853330120067414e-20,-9.303892798219353530e-21,-4.019585762108626318e-21,-1.686975936332854854e-21,-6.878166707637148264e-22,-2.724555456164200071e-22,-1.048572887506644573e-22,-3.921034507913768606e-23,-1.424686129612906667e-23,-5.030025490834783820e-24,-1.725711894716534589e-24,-5.753432165753725163e-25,-1.864054979219020289e-25,-5.869145958412420409e-26,-1.795916573583847909e-26,-5.340750048383829188e-27,-1.543591088137612416e-27,-4.335953296187002282e-28,-1.183769261683842438e-28,-3.141137197517694467e-29,-8.101228549383104315e-30,-2.030791220003499485e-30,-4.948071166319059122e-31,-1.171840016124642794e-31,-2.697537761177618224e-32,-6.035848372710269609e-33,-1.312759399583958580e-33,-2.775314069909005668e-34,-5.703260583073421956e-35,-1.139257805301641029e-35,-2.212136609881837592e-36,-4.175381907007389403e-37,-7.660864785628000286e-38,-1.366342360484851899e-38,-2.368885406950432965e-39,-3.992398049771707336e-40,-6.540805085755444761e-41,-1.041689670729402292e-41,-1.612713944701698951e-42,-4.232745066366556015e-43
8.006607351950136607e-36,2.377020517916803640e-35,1.146295425731135145e-34,5.373324298708433509e-34,2.448321439452977699e-33,1.084347444915659486e-32,4.668083151719835168e-32,1.953322451449266314e-31,7.944550461307353861e-31,3.140647248709214267e-30,1.206750400905076980e-29,4.506690947687434337e-29,1.635811400655910746e-28,5.770804854537231658e-28,1.978605707953036360e-27,6.593154082896436485e-27,2.135152997342932648e-26,6.719803095071029427e-26,2.055251688703022537e-25,6.108613486836752713e-25,1.764317334183169016e-24,4.951688694912809328e-24,1.350384620970085949e-23,3.578266946419557740e-23,9.212577863754297211e-23,2.304428186732230981e-22,5.600119027693247752e-22,1.322086222992601836e-21,3.031968678916043036e-21,6.754034762038636501e-21,1.461314388617655274e-20,3.070650642157608162e-20,6.265908525032180759e-20,1.241539093664043946e-19,2.388415092419994512e-19,4.460425106306761057e-19,8.085301584885982520e-19,1.422320128960509426e-18,2.427709547067350258e-18,4.019747089456619084e-18,6.454942672469209255e-18,1.004958001498079657e-17,1.516394553749256972e-17,2.216680228064811423e-17,3.137625567613821659e-17,4.297732402703436563e-17,5.692304297685035941e-17,7.283393163907631744e-17,8.991824802814771047e-17,1.069399867764105017e-16,1.222602099689667300e-16,1.339681196498517898e-16,1.401013066447126776e-16,1.389325335559113339e-16,1.292784586735155805e-16,1.107704963133703135e-16,8.402553388640620112e-17,5.066762126532197368e-17,1.317966110998804705e-17,-2.539952032947748589e-17,-6.188190598316896599e-17,-9.336531470800888676e-17,-1.176143763289766646e-16,-1.333181311447935221e-16,-1.401840102811866197e-16,-1.388647907644163517e-16,-1.307496863483411871e-16,-1.176744686866170045e-16,-1.016137625060922756e-16,-8.441160463885932419e-17,-6.758827056491315072e-17,-5.223869489013166872e-17,-3.901690206148648421e-17,-2.818621507244115768e-17,-1.970843040310772826e-17,-1.334593651690721733e-17,-8.756575383655201163e-18,-5.569035102356257105e-18,-3.434243978452540442e-18,-2.054051022525226496e-18,-1.191861918437928480e-18,-6.710681003048561133e-19,-3.667013684118672894e-19,-1.945060561515014474e-19,-1.001588604999057912e-19,-5.007663647710491470e-20,-2.431186479345534355e-20,-1.146255286105728485e-20,-5.248830059905641674e-21,-2.334511291507726281e-21,-1.008585175295892889e-21,-4.232921054963796824e-22,-1.725853703615836449e-22,-6.836391620904718892e-23,-2.631054870195433138e-23,-9.838569222194855604e-24,-3.574789530111832398e-24,-1.262122378191295861e-24,-4.330116427046514162e-25,-1.443637910192446275e-25,-4.677243699337217559e-26,-1.472672547779456005e-26,-4.506272385726255119e-27,-1.340088666483626533e-27,-3.873143105666077331e-28,-1.087967386225248163e-28,-2.970286489618169026e-29,-7.881668904421859775e-30,-2.032741556011822237e-30,-5.095614423567086348e-31,-1.241558588375672740e-31,-2.940353902193660227e-32,-6.768599444678650532e-33,-1.514501132538547171e-33,-3.293945564321359909e-34,-6.963753962129522314e-35,-1.431048972548784629e-35,-2.858599371355620137e-36,-5.550642087272405830e-37,-1.047677184127831967e-37,-1.922246497528977197e-38,-3.428394692195595058e-39,-5.943952548412839240e-40,-1.001763297312432315e-40,-1.641203704665390340e-41,-2.613783661641261919e-42,-4.046584580809698090e-43,-1.062070615581205244e-43
1.953103905794725610e-36,5.798421046046271605e-36,2.796233129435075440e-35,1.310750011033467968e-34,5.972350030218421984e-34,2.645119383039935847e-33,1.138715942399486325e-32,4.764866742557161631e-32,1.937965964071364367e-31,7.661185491609605035e-31,2.943704889878267147e-30,1.099346490370128469e-29,3.990341345996533234e-29,1.407710033167879814e-28,4.826541837710646050e-28,1.608311039216259151e-27,5.208417842001552156e-27,1.639205358054476028e-26,5.013509373129651804e-26,1.490113894148366450e-25,4.303814243638709039e-25,1.207897690644011529e-24,3.294081202694933856e-24,8.728699737381386010e-24,2.247284151352075607e-23,5.621341842164853413e-23,1.366073527164935326e-22,3.225051076465466027e-22,7.396078774358713663e-22,1.647555711645859047e-21,3.564679413569629600e-21,7.490438207973886493e-21,1.528483897816239965e-20,3.028567215103270166e-20,5.826216574150411068e-20,1.088060562194396330e-19,1.972300302839617477e-19,3.469558174957419669e-19,5.922070097964257862e-19,9.805631019001556019e-19,1.574596229226872227e-18,2.451459540360122396e-18,3.699040049631262278e-18,5.407292528560071509e-18,7.653814508008112147e-18,1.048373870830106203e-17,1.388560880792164152e-17,1.776685556136584415e-17,2.193434418676955445e-17,2.608656784046874055e-17,2.982372971687167378e-17,3.267971641901143719e-17,3.417582468910371240e-17,3.389071825333333503e-17,3.153573685724224219e-17,2.702096899303792912e-17,2.049689602676289463e-17,1.235968302685867812e-17,3.215000618793852646e-18,-6.195870507965297324e-18,-1.509525657509648647e-17,-2.277520962453018603e-17,-2.869044124285528502e-17,-3.252116048737326506e-17,-3.419599912608125128e-17,-3.387419331276409881e-17,-3.189462301110344150e-17,-2.870509996324109392e-17,-2.478730724628486318e-17,-2.059107278120798027e-17,-1.648724727260293110e-17,-1.274292525393859973e-17,-9.517647170463514999e-18,-6.875647115896963601e-18,-4.807605856682666498e-18,-3.255561262325588683e-18,-2.136048494876854025e-18,-1.358491022701480037e-18,-8.377375126474754100e-19,-5.010580509881799040e-19,-2.907386444399782891e-19,-1.636980146704016762e-19,-8.945185437762920697e-20,-4.744712976060999282e-20,-2.443240351915987345e-20,-1.221552025636361673e-20,-5.930551605441999369e-21,-2.796135214231151585e-21,-1.280381320105287790e-21,-5.694725519985870293e-22,-2.460307541767121699e-22,-1.032564016437873719e-22,-4.209987403143190998e-23,-1.667645556901127410e-23,-6.418103595510263045e-24,-2.399986302640451627e-24,-8.720217049178827664e-25,-3.078777362344341277e-25,-1.056273516916089015e-25,-3.521560027873061875e-26,-1.140950534473790334e-26,-3.592386111358675540e-27,-1.099244387823420370e-27,-3.268965609988258707e-28,-9.448010368006799288e-29,-2.653949741767052692e-29,-7.245613390532566111e-30,-1.922626856137513777e-30,-4.958598939600727399e-31,-1.243006431515456527e-31,-3.028614769823733105e-32,-7.172596879494191604e-33,-1.651108569591861057e-33,-3.694421303888656427e-34,-8.035136062447710094e-35,-1.698713882742899337e-35,-3.490851011930585509e-36,-6.973167724950595079e-37,-1.354004294675444763e-37,-2.555667226311226865e-38,-4.689061143119192503e-39,-8.363106581343967037e-40,-1.449947078438455507e-40,-2.443666490259688929e-41,-4.003495144552210677e-42,-6.375972811019308573e-43,-9.871097460503208890e-44,-2.590778061592115045e-44
4.631777645773209769e-37,1.375093096797112109e-36,6.631255030959464660e-36,3.108438103210618516e-35,1.416340281775363566e-34,6.272889420996050574e-34,2.700460037606340973e-33,1.129986131192758624e-32,4.595878081049973762e-32,1.816846896618153661e-31,6.980983686653108693e-31,2.607095548756106615e-30,9.463077612284423897e-30,3.338378385303829934e-29,1.144612353903454845e-28,3.814102822072330319e-28,1.235174086686027524e-27,3.887368568432104655e-27,1.188951625791126819e-26,3.533798792831770688e-26,1.020647726221949670e-25,2.864524260745621450e-25,7.811899629475076615e-25,2.070007448160764071e-24,5.329424852948381741e-24,1.333098838548187372e-23,3.239637587550923335e-23,7.648194977302735309e-23,1.753976950832685235e-22,3.907171396629887243e-22,8.453622141214988891e-22,1.776354250575411898e-21,3.624793094123095387e-21,7.182234331731084456e-21,1.381684794522114224e-20,2.580331017856822092e-20,4.677301820113408279e-20,8.228042526461714206e-20,1.404416417123059511e-19,2.325401245768910766e-19,3.734148292885726089e-19,5.813625923776570063e-19,8.772257820932659423e-19,1.282337134426546240e-18,1.815098870976943471e-18,2.486214197266561210e-18,3.292966251496641733e-18,4.213402276277298329e-18,5.201720439836781033e-18,6.186418521817682338e-18,7.072684878994188802e-18,7.749980916565412617e-18,8.104782359566473476e-18,8.037169488999301685e-18,7.478686647699168158e-18,6.408011359649505325e-18,4.860830217113699107e-18,2.931093598389604665e-18,7.624360359474662654e-19,-1.469348068464479936e-18,-3.579833707479731704e-18,-5.401131322492205191e-18,-6.803925997063345948e-18,-7.712379444488720023e-18,-8.109566718756556053e-18,-8.033250606337749503e-18,-7.563796347183140340e-18,-6.807402306398305928e-18,-5.878299421839425780e-18,-4.883164194568570423e-18,-3.909943712211476580e-18,-3.021979330328322295e-18,-2.257105997981799782e-18,-1.630556803309353113e-18,-1.140121694017620904e-18,-7.720549753930862727e-19,-5.065629964439778019e-19,-3.221655710309979934e-19,-1.986690965387914033e-19,-1.188257047111586017e-19,-6.894854646924405731e-20,-3.882091489133046713e-20,-2.121346940375271523e-20,-1.125206673998591657e-20,-5.794134153170307802e-21,-2.896905458385860601e-21,-1.406427803031474479e-21,-6.631022825467799022e-22,-3.036418881214691275e-22,-1.350501746682647306e-22,-5.834608921662711799e-23,-2.448721194493071868e-23,-9.983967307121293758e-24,-3.954814379619330823e-24,-1.522050551112127286e-24,-5.691557358392932890e-25,-2.067995782243957668e-25,-7.301307483390951557e-26,-2.504948174522975388e-26,-8.351364700545151201e-27,-2.705759363252290430e-27,-8.519328457748761870e-28,-2.606853412998753964e-28,-7.752338107676879615e-29,-2.240591659754060530e-29,-6.293830579341528277e-30,-1.718294148745151215e-30,-4.559501451510031517e-31,-1.175929639721445492e-31,-2.947784491118992233e-32,-7.182347107549381679e-33,-1.700978314057785631e-33,-3.915596984210800977e-34,-8.761304484953636912e-35,-1.905529116211959175e-35,-4.028492782851525777e-36,-8.278538399218304594e-37,-1.653683774469293375e-37,-3.211015453787017151e-38,-6.060754009934220513e-39,-1.112008865371954305e-39,-1.983307185949534333e-40,-3.438543359388099869e-41,-5.795144738448698889e-42,-9.494271789883690284e-43,-1.512059253402613845e-43,-2.340926584661328473e-44,-6.144019207190720274e-45
1.067863131606377042e-37,3.170297308930728139e-37,1.528845576234195360e-36,7.166549651467361013e-36,3.265393299043811931e-35,1.446223859091798561e-34,6.225950235689233031e-34,2.605199603716809144e-33,1.059586434290451059e-32,4.188767175476272914e-32,1.609476030898251265e-31,6.010697036875981009e-31,2.181726426982045294e-30,7.696680345333098958e-30,2.638920574760510417e-29,8.793470013750968570e-29,2.847711978340017628e-28,8.962385266879594746e-28,2.741145416607876209e-27,8.147224961940496223e-27,2.353118306931041999e-26,6.604202709155678270e-26,1.801044920569232463e-25,4.772432541226699751e-25,1.228706718752744514e-24,3.073478930431770556e-24,7.469031987467709855e-24,1.763302572836494378e-23,4.043819593090368360e-23,9.008040977820924705e-23,1.948994987134753234e-22,4.095410785949050218e-22,8.357013658563172098e-22,1.655874662379828747e-21,3.185494564743873569e-21,5.948991018219860410e-21,1.078358796789928776e-20,1.896987276001011532e-20,3.237902654150517505e-20,5.361246688545616116e-20,8.609133673682285579e-20,1.340339986013227317e-19,2.022456910570403950e-19,2.956447076844201195e-19,4.184737076714833413e-19,5.732003307542329712e-19,7.591982004590046163e-19,9.714060763622315972e-19,1.199264278952175683e-18,1.426287866423069958e-18,1.630617875329115188e-18,1.786769470465716258e-18,1.868569463685871834e-18,1.852981217180432338e-18,1.724222178757413092e-18,1.477376420288392200e-18,1.120671537976452482e-18,6.757679293746599264e-19,1.757807466728682176e-19,-3.387603528944048684e-19,-8.253359133049375334e-19,-1.245238750508047302e-18,-1.568655120798464159e-18,-1.778100395912552576e-18,-1.869672504716336365e-18,-1.852077713033297772e-18,-1.743844344839562689e-18,-1.569456589015830738e-18,-1.355250555875369127e-18,-1.125820669245341134e-18,-9.014432592067584051e-19,-6.967217682133372831e-19,-5.203790992799235056e-19,-3.759272632253757039e-19,-2.628567292510339860e-19,-1.779984072741275426e-19,-1.167888420188335562e-19,-7.427574505673136137e-20,-4.580345167841211450e-20,-2.739544055271826852e-20,-1.589618854427167349e-20,-8.950218883134617649e-21,-4.890796493739176928e-21,-2.594180495035242282e-21,-1.335846129703173434e-21,-6.678858035386327434e-22,-3.242539933871822954e-22,-1.528792040917419879e-22,-7.000508278547382213e-23,-3.113601590457277870e-23,-1.345177646960433338e-23,-5.645562639580731219e-24,-2.301818310334383026e-24,-9.117882574082763687e-25,-3.509109875896162711e-25,-1.312196899174798980e-25,-4.767794615941952535e-26,-1.683327152189589591e-26,-5.775194766956898353e-27,-1.925419384164390645e-27,-6.238167908713431673e-28,-1.964143674810626609e-28,-6.010138789334934819e-29,-1.787312924334761916e-29,-5.165716943730030625e-30,-1.451051873871539665e-30,-3.961552369368049719e-31,-1.051199748981139989e-31,-2.711123036676074196e-32,-6.796160391808932811e-33,-1.655900663010176730e-33,-3.921630458452267739e-34,-9.027466293602177725e-35,-2.019931602890584348e-35,-4.393225333824323646e-36,-9.287749213685008334e-37,-1.908629173548550584e-37,-3.812592203563378781e-38,-7.403043238154014688e-39,-1.397315728843380600e-39,-2.563752753618818072e-40,-4.572543814701941527e-41,-7.927612162624468420e-42,-1.336079121621757004e-42,-2.188918290393123588e-43,-3.486074792442505723e-44,-5.397040585137506379e-45,-1.416512642230943099e-45
2.393475680811849198e-38,7.105807181913315018e-38,3.426707597750643757e-37,1.606288465106445146e-36,7.318952418359479983e-36,3.241521814260002628e-35,1.395465396080325167e-34,5.839214512235148203e-34,2.374924545224542254e-33,9.388574312893384301e-33,3.607430226577481973e-32,1.347219204098658067e-31,4.890054718258551265e-31,1.725110333365052178e-30,5.914795662794246479e-30,1.970941406713801460e-29,6.382774312902964152e-29,2.008801553629248969e-28,6.143919288935747888e-28,1.826094022290457823e-27,5.274207222830305332e-27,1.480245745701285518e-26,4.036806862081179968e-26,1.069678396758409600e-25,2.753985565323196038e-25,6.888801436950077409e-25,1.674085928438936143e-24,3.952212321113091878e-24,9.063693246055425243e-24,2.019034684691993413e-23,4.368417604898378434e-23,9.179328163861400991e-23,1.873115417506177459e-22,3.711426696524900737e-22,7.139869845120919476e-22,1.333388606277481666e-21,2.417000342940578126e-21,4.251849115801803542e-21,7.257335729802151805e-21,1.201653394341276402e-20,1.929624824655178923e-20,3.004196947708510857e-20,4.533072907628422257e-20,6.626489828700517966e-20,9.379541373098544991e-20,1.284753646124810658e-19,1.701643568292581916e-19,2.177279794713347765e-19,2.687994183505918094e-19,3.196837891561312531e-19,3.654816908442468514e-19,4.004810305927045437e-19,4.188154302613673744e-19,4.153215284856641708e-19,3.864618724090828000e-19,3.311346209739441396e-19,2.511838823660705880e-19,1.514645516787889659e-19,3.939895758770161383e-20,-7.592870680499008360e-20,-1.849882609978670767e-19,-2.791039954401221318e-19,-3.515935490313412385e-19,-3.985379708031217660e-19,-4.190626624958377351e-19,-4.151190198364126120e-19,-3.908599245500696704e-19,-3.517731876601497618e-19,-3.037617041815951287e-19,-2.523379928606186060e-19,-2.020467281511543879e-19,-1.561610808683235662e-19,-1.166361757480709322e-19,-8.425918412695532563e-20,-5.891590133406739592e-20,-3.989601723518495020e-20,-2.617669295706038918e-20,-1.664793775584681197e-20,-1.026624521858012716e-20,-6.140330046737475223e-21,-3.562922960087584685e-21,-2.006074617680699834e-21,-1.096208130151978246e-21,-5.814516619899621593e-22,-2.994124555963924654e-22,-1.496978761617583320e-22,-7.267729586383231748e-23,-3.426587605333078811e-23,-1.569072460889240493e-23,-6.978731136907103408e-24,-3.015039932625293261e-24,-1.265379099848659484e-24,-5.159224983397483110e-25,-2.043654243286454927e-25,-7.865211280981008556e-26,-2.941117895780370863e-26,-1.068638866405697959e-26,-3.772957865447866781e-27,-1.294434447406173674e-27,-4.315575971265808080e-28,-1.398203827850664306e-28,-4.402371408972459704e-29,-1.347094080206485157e-29,-4.006028386765966251e-30,-1.157827956863385780e-30,-3.252343178552753404e-31,-8.879302013247326559e-32,-2.356126885921269712e-32,-6.076628047090245610e-33,-1.523270552118615813e-33,-3.711484973540586456e-34,-8.789822266189420482e-35,-2.023388615410119345e-35,-4.527412760424791885e-36,-9.846840560004553872e-37,-2.081727631048961955e-37,-4.277942908005884898e-38,-8.545427264966618918e-39,-1.659295412499716697e-39,-3.131900630721785584e-40,-5.746316813251497608e-41,-1.024875950485557804e-41,-1.776870682819328925e-42,-2.994646776906314184e-43,-4.906174340394246933e-44,-7.813581151220090514e-45,-1.209676128573610798e-45,-3.174928003780876568e-46
5.215404315832155382e-39,1.548361562272160984e-38,7.466825645097841176e-38,3.500116529509158281e-37,1.594806094588586480e-36,7.063304212985345893e-36,3.040731229340581775e-35,1.272369918454796276e-34,5.174981230115771406e-34,2.045778504604098109e-33,7.860621824398209209e-33,2.935602357591068106e-32,1.065547174208620042e-31,3.759030413405819392e-31,1.288839116867032944e-30,4.294698459330571604e-30,1.390812071556403733e-29,4.377196048591035450e-29,1.338765354188675087e-28,3.979074749461739079e-28,1.149254338912392386e-27,3.225468348190686854e-27,8.796237245885969920e-27,2.330838525634829467e-26,6.000958488224324949e-26,1.501075821793778479e-25,3.647847791498341274e-25,8.611905005705746185e-25,1.974986637709345304e-24,4.399494130137120111e-24,9.518819937295809190e-24,2.000183586824851808e-23,4.081534778410661552e-23,8.087231036492368446e-23,1.555783846196994925e-22,2.905465364704379866e-22,5.266664759119044121e-22,9.264816186182752054e-22,1.581379764586350870e-21,2.618413192673912140e-21,4.204669267844887928e-21,6.546171265619239585e-21,9.877605273352291105e-21,1.443917894319302179e-20,2.043810219170173073e-20,2.799489363730596091e-20,3.707896128307838622e-20,4.744311600555119003e-20,5.857162693557659558e-20,6.965937556971360840e-20,7.963877816131542649e-20,8.726516471868509139e-20,9.126024634523905892e-20,9.049892211093854336e-20,8.421037796311437578e-20,7.215452177743421854e-20,5.473318633073183000e-20,3.300425748437964431e-20,8.585067109288143270e-21,-1.654493122035460355e-20,-4.030910288836760267e-20,-6.081700324152698636e-20,-7.661253998682214732e-20,-8.684177030136151779e-20,-9.131411846405979058e-20,-9.045479530022056403e-20,-8.516871734802208547e-20,-7.665168340020521838e-20,-6.618993941212223861e-20,-5.498466801080343881e-20,-4.402615771060929693e-20,-3.402763527764055628e-20,-2.541512409151895246e-20,-1.836014947079672908e-20,-1.283782611840114194e-20,-8.693376838586611720e-21,-5.703924151682297660e-21,-3.627600109648872610e-21,-2.237023757944067033e-21,-1.337983255193411500e-21,-7.763640103799097047e-22,-4.371254031452927740e-22,-2.388647045331909384e-22,-1.266988226244119772e-22,-6.524223436444867358e-23,-3.261929735338414338e-23,-1.583644594971101089e-23,-7.466564180576762112e-24,-3.419022532787792601e-24,-1.520671581593543368e-24,-6.569798224014857909e-25,-2.757272058964943306e-25,-1.124199608981784545e-25,-4.453140362341031321e-26,-1.713836375636244600e-26,-6.408721463099028413e-27,-2.328573379959243328e-27,-8.221307988487954192e-28,-2.820583913881306564e-28,-9.403677558239216203e-29,-3.046698295974343067e-29,-9.592805571545908038e-30,-2.935329711542318603e-30,-8.729170680605791937e-31,-2.522917183419356554e-31,-7.086884059853150465e-32,-1.934807627782560540e-32,-5.134020967079210654e-33,-1.324102534091850359e-33,-3.319219775404163978e-34,-8.087358022616080898e-35,-1.915309913110658445e-35,-4.408981383022125128e-36,-9.865271763389899572e-37,-2.145635118236949843e-37,-4.536102605261169304e-38,-9.321674786238116988e-39,-1.862056029882863431e-39,-3.615619128687518924e-40,-6.824438701079168925e-41,-1.252127429086974709e-41,-2.233213605722554895e-42,-3.871816664837983222e-43,-6.525361360418144200e-44,-1.069059653885355113e-44,-1.702586125477400951e-45,-2.635894800310704374e-46,-6.918195721027326534e-47
1.104822426544935374e-39,3.280022937445996537e-39,1.581759711852493280e-38,7.414587639127888342e-38,3.378410248929802253e-37,1.496278414374524903e-36,6.441433591395470082e-36,2.695366908568639534e-35,1.096259268456873688e-34,4.333742572496080746e-34,1.665180828228435166e-33,6.218730368112010520e-33,2.257237106303668721e-32,7.963066430320588194e-32,2.730254979849749439e-31,9.097816556067385118e-31,2.946272761826575882e-30,9.272578053415248333e-30,2.836017876311149191e-29,8.429204628984825503e-29,2.434560947806163783e-28,6.832777578478659325e-28,1.863380016188454163e-27,4.937608898238176913e-27,1.271232893378764123e-26,3.179853624823943055e-26,7.727539045123256879e-26,1.824331386292542063e-25,4.183778279363760904e-25,9.319813932110709206e-25,2.016450711029760224e-24,4.237155070073565523e-24,8.646254220832527429e-24,1.713185340327974342e-23,3.295746178137894394e-23,6.154888672255840267e-23,1.115681352125460330e-22,1.962642986132102843e-22,3.349968138607402212e-22,5.546802207540227629e-22,8.907100239989922226e-22,1.386729845719771522e-21,2.092455189606300542e-21,3.058771238292697788e-21,4.329572989933384180e-21,5.930390904755811321e-21,7.854744425888322058e-21,1.005026942762399764e-20,1.240771435518572873e-20,1.475652426695054213e-20,1.687054402822791752e-20,1.848610485378207436e-20,1.933241618644227823e-20,1.917113854870032364e-20,1.783898399574636878e-20,1.528509181816220235e-20,1.159458559154992950e-20,6.991566066990144018e-21,1.818646091721367797e-21,-3.504850238053780545e-21,-8.539012158614015512e-21,-1.288337107298151176e-20,-1.622947085330725578e-20,-1.839641369673926773e-20,-1.934382836494895375e-20,-1.916179079977409462e-20,-1.804199698967106255e-20,-1.623776292777337581e-20,-1.402156478111798965e-20,-1.164785904518516746e-20,-9.326426763430040153e-21,-7.208356687305128883e-21,-5.383896888778810947e-21,-3.889383001136837738e-21,-2.719543365149552275e-21,-1.841590241531308245e-21,-1.208309642065472810e-21,-7.684646698455334466e-22,-4.738873281574310088e-22,-2.834361091031555399e-22,-1.644636384615980174e-22,-9.259990584840330219e-23,-5.060069488326727399e-23,-2.683966422840103582e-23,-1.382080454720072240e-23,-6.910016764137746352e-24,-3.354765916976796209e-24,-1.581704323650711232e-24,-7.242799488468153513e-25,-3.221364950851400108e-25,-1.391734940612851890e-25,-5.840958480596974186e-26,-2.381485431811519428e-26,-9.433457202793648336e-27,-3.630561982478384613e-27,-1.357612712099370415e-27,-4.932810451962093066e-28,-1.741587974999637190e-28,-5.975077242905377899e-29,-1.992059144254910285e-29,-6.454074124398164099e-30,-2.032123702616149820e-30,-6.218152799335119604e-31,-1.849172748466571510e-31,-5.344505077191759364e-32,-1.501273529241281998e-32,-4.098663744506448477e-33,-1.087582315634137458e-33,-2.804956406292030202e-34,-7.031379015747182184e-35,-1.713212240853594945e-35,-4.057360115619039722e-36,-9.339911568111488373e-37,-2.089842479722408876e-37,-4.545277133384299423e-38,-9.609203014592735566e-39,-1.974687815771202389e-39,-3.944547990369102375e-40,-7.659266391087926922e-41,-1.445677548458752629e-41,-2.652485561565920495e-42,-4.730801919570588241e-43,-8.201990917171822035e-44,-1.382321510609365703e-44,-2.264677883824710451e-45,-3.606729642880122201e-46,-5.583834949394097166e-47,-1.465538876941051739e-47
2.275320171020288493e-40,6.755024311299633349e-40,3.257545911101926789e-39,1.526992972786040342e-38,6.957647492195341042e-38,3.081501946276921183e-37,1.326577323979935662e-36,5.550957826359244802e-36,2.257684824509176553e-35,8.925101133262190833e-35,3.429347047844690717e-34,1.280712837170687606e-33,4.648653933292788948e-33,1.639949120940998063e-32,5.622807863439181676e-32,1.873644580785538744e-31,6.067684438010452720e-31,1.909635736511543634e-30,5.840620650256436456e-30,1.735947683281966295e-29,5.013842495435895754e-29,1.407172435576515919e-28,3.837527221789454986e-28,1.016873015322858075e-27,2.618033246677149312e-27,6.548731198442664870e-27,1.591443569506570711e-26,3.757108746278751360e-26,8.616258035132904481e-26,1.919363702292194073e-25,4.152767780992918601e-25,8.726184558751943233e-25,1.780647836227574434e-24,3.528209663280177921e-24,6.787405448612330547e-24,1.267564995957149423e-23,2.297683522646162826e-23,4.041953772447508207e-23,6.899072552215955629e-23,1.142332979874823666e-22,1.834367619122940927e-22,2.855892778705933215e-22,4.309294765816971367e-22,6.299368776201260686e-22,8.916514110513950275e-22,1.221330932774790614e-21,1.617640808244929458e-21,2.069796937809639670e-21,2.555299573063458015e-21,3.039023874971759771e-21,3.474394454822585680e-21,3.807110196789226348e-21,3.981403295833847794e-21,3.948189065793583239e-21,3.673839265099123380e-21,3.147879414298543631e-21,2.387840239048749718e-21,1.439874039214806044e-21,3.745400199180830474e-22,-7.218043598180643952e-22,-1.758561931607422116e-21,-2.653258421334356075e-21,-3.342369009741870138e-21,-3.788638803207920148e-21,-3.983753570351131966e-21,-3.946263949035044803e-21,-3.715648658985316051e-21,-3.344076716232870272e-21,-2.887663067767011198e-21,-2.398811609716451008e-21,-1.920725578022342214e-21,-1.484520858417537892e-21,-1.108783538006290600e-21,-8.009967378183139089e-22,-5.600747890355728876e-22,-3.792652396108729213e-22,-2.488446319855777627e-22,-1.582610129922870522e-22,-9.759445234284945291e-23,-5.837208593372916912e-23,-3.387036911997784306e-23,-1.907043417559407311e-23,-1.042093090883310686e-23,-5.527479161811650663e-24,-2.846317617240702467e-24,-1.423079415096529143e-24,-6.908953309193354308e-25,-3.257431842189424182e-25,-1.491614161228007522e-25,-6.634221459290687608e-26,-2.866200492501819602e-26,-1.202912823787965447e-26,-4.904536430290566090e-27,-1.942767900095683358e-27,-7.476939924821983191e-28,-2.795927665890477122e-28,-1.015884802073451232e-28,-3.586703305358590947e-29,-1.230533834898957455e-29,-4.102534709548881221e-30,-1.329180571254993028e-30,-4.185045433075155272e-31,-1.280593890102213922e-31,-3.808268146261986128e-32,-1.100671014099855127e-32,-3.091789106765180423e-33,-8.440969397470531943e-34,-2.239815124088324414e-34,-5.776651285064371763e-35,-1.448073293972675757e-35,-3.528265063412436695e-36,-8.355906877299317669e-37,-1.923502698341161557e-37,-4.303914035523112837e-38,-9.360744764032707986e-39,-1.978961769893332970e-39,-4.066759427343568858e-40,-8.123576596930578121e-41,-1.577383197167663726e-41,-2.977292284956686359e-42,-5.462646083719362379e-43,-9.742822714381691532e-44,-1.689154286515309028e-44,-2.846814058400945944e-45,-4.663977799621901667e-46,-7.427858550559832788e-47,-1.149959666526347278e-47,-3.018195583290661371e-48
4.555521376456030104e-41,1.352453955295718512e-40,6.522079934867963727e-40,3.057261662698469053e-39,1.393022058356241689e-38,6.169614354343984368e-38,2.656000431887551841e-37,1.111382361034762108e-36,4.520212851952113467e-36,1.786934846245192797e-35,6.866050757479578788e-35,2.564173069417535417e-34,9.307280194929806516e-34,3.283416273410471023e-33,1.125767781776215250e-32,3.751308518405988665e-32,1.214838531957063709e-31,3.823368038363422646e-31,1.169377064507046831e-30,3.475619334950267474e-30,1.003844072454213895e-29,2.817363548336923683e-29,7.683286736633015911e-29,2.035927434496945629e-28,5.241682718508232957e-28,1.311151078566315311e-27,3.186301116057761385e-27,7.522277271276362735e-27,1.725099973359250918e-26,3.842844838432098820e-26,8.314444111523880976e-26,1.747108859605865901e-25,3.565115531954948864e-25,7.063988069197317168e-25,1.358937129184857329e-24,2.537849182139862410e-24,4.600296053742501076e-24,8.092578375365361441e-24,1.381294504818946337e-23,2.287116501286471435e-23,3.672670337839096318e-23,5.717912040672184791e-23,8.627833864069401522e-23,1.261225100698516989e-22,1.785215599600788860e-22,2.445281874105452611e-22,3.238751792053479554e-22,4.144034020006484606e-22,5.116080794519389036e-22,6.084567087446857989e-22,6.956242207480982279e-22,7.622387435795414174e-22,7.971347528787683859e-22,7.904847817284223295e-22,7.355559678582762210e-22,6.302511683844665444e-22,4.780802891432441524e-22,2.882836907346437247e-22,7.498835059814810275e-23,-1.445157139927460843e-22,-3.520896343861613126e-22,-5.312208633139293100e-22,-6.691908095314506309e-22,-7.585405023656724289e-22,-7.976053119649157181e-22,-7.900993453991619268e-22,-7.439268156189845626e-22,-6.695327171681718476e-22,-5.781520772663966558e-22,-4.802769168637006660e-22,-3.845571511398792617e-22,-2.972226322453500919e-22,-2.219945647027400611e-22,-1.603711780029006315e-22,-1.121351054837050365e-22,-7.593440819448665404e-23,-4.982230873988526794e-23,-3.168615287327484687e-23,-1.953982650591128252e-23,-1.168693921173240479e-23,-6.781339721755444760e-24,-3.818177839396526846e-24,-2.086421687918879748e-24,-1.106681591463970522e-24,-5.698741177031347936e-25,-2.849211631152435363e-25,-1.383272775842063576e-25,-6.521851552341352187e-26,-2.986428144682449500e-26,-1.328267470172756625e-26,-5.738549580451253977e-27,-2.408406145462073270e-27,-9.819594110035559007e-28,-3.889703440905113800e-28,-1.496991943895511632e-28,-5.597853177417786735e-29,-2.033948888075461596e-29,-7.181100834367210109e-30,-2.463707420490557292e-30,-8.213870208262580371e-31,-2.661212510943879219e-31,-8.379068657957044580e-32,-2.563934920114418765e-32,-7.624705818783146935e-33,-2.203703196165548107e-33,-6.190210743416777610e-34,-1.690004642772767363e-34,-4.484435116890959768e-35,-1.156569468710991041e-35,-2.899253005966870338e-36,-7.064098988306651902e-37,-1.672973891060934812e-37,-3.851131709536284824e-38,-8.617060860697603733e-39,-1.874157027007679782e-39,-3.962168823869531236e-40,-8.142242898440094582e-41,-1.626457995315890030e-41,-3.158150208960539663e-42,-5.960971480332672511e-43,-1.093701067803487151e-43,-1.950654580734699584e-44,-3.381932159860462211e-45,-5.699735124321126459e-46,-9.337960800464361017e-47,-1.487165140068734535e-47,-2.302386235416673556e-48,-6.042865823072416739e-49
8.867050812362780674e-42,2.632471006494836315e-41,1.269483982308849510e-40,5.950777588255976580e-40,2.711434400906271259e-39,1.200878658047468999e-38,5.169746520984560181e-38,2.163239518135106901e-37,8.798324874097186631e-37,3.478162162058438904e-36,1.336435852578438714e-35,4.991010033610122867e-35,1.811606610823169462e-34,6.390974057313800008e-34,2.191239882117760384e-33,7.301698421933906246e-33,2.364610787988351045e-32,7.441957982185062436e-32,2.276122751477919295e-31,6.765085859702249069e-31,1.953922649588172533e-30,5.483830208571362593e-30,1.495505964515485927e-29,3.962811393064296607e-29,1.020262296375261702e-28,2.552077418935571871e-28,6.201945192396691512e-28,1.464166431833920970e-27,3.357804267857943684e-27,7.479868412539772238e-27,1.618356985315812474e-26,3.400643253024535561e-26,6.939284872455353636e-26,1.374963170433530439e-25,2.645090118019074568e-25,4.939772156146395625e-25,8.954202052758145040e-25,1.575172142276627369e-24,2.688607417005537738e-24,4.451735938615467793e-24,7.148633890949145124e-24,1.112957495212184855e-23,1.679356432585622340e-23,2.454899479018819758e-23,3.474815750946444640e-23,4.759595408837785375e-23,6.304037306726513031e-23,8.066115201097619794e-23,9.958146305626089488e-23,1.184324714498278225e-22,1.353991080705254808e-22,1.483652278617843718e-22,1.551575280626812866e-22,1.538631508176177260e-22,1.431715846191441753e-22,1.226746331056306923e-22,9.305547852614979934e-23,5.611270199127370135e-23,1.459603545107998203e-23,-2.812912229500280757e-23,-6.853214858662473383e-23,-1.033989745265217865e-22,-1.302540021422895108e-22,-1.476453872540905159e-22,-1.552491195838770039e-22,-1.537881279336512600e-22,-1.448009202385612160e-22,-1.303205524257237317e-22,-1.125338555733514676e-22,-9.348303901821078112e-23,-7.485175718937076436e-23,-5.785261367281711817e-23,-4.320991874740974918e-23,-3.121529385285076818e-23,-2.182642986404290847e-23,-1.478017992291823847e-23,-9.697615413879798172e-24,-6.167520780995546471e-24,-3.803310755781260015e-24,-2.274793053699673143e-24,-1.319947354422854773e-24,-7.431855569274974497e-25,-4.061095447473156561e-25,-2.154089750370432860e-25,-1.109226000878767304e-25,-5.545820603361452713e-26,-2.692458003630632768e-26,-1.269439529011412671e-26,-5.812904367703744858e-27,-2.585393454918421529e-27,-1.116974469313311756e-27,-4.687819001133138491e-28,-1.911325460582076979e-28,-7.571075889091593617e-29,-2.913805585639852452e-29,-1.089588753130263989e-29,-3.958960270392587805e-30,-1.397758472084477258e-30,-4.795459636560756047e-31,-1.598780874550024868e-31,-5.179891522184505893e-32,-1.630935768063061974e-32,-4.990546490187205725e-33,-1.484103538046930910e-33,-4.289376912323383297e-34,-1.204887622408885801e-34,-3.289493298844476234e-35,-8.728685645450679996e-36,-2.251193529699944234e-36,-5.643223156556169360e-37,-1.374984760176988506e-37,-3.256343955811691595e-38,-7.495998313177774454e-39,-1.677259531695324972e-39,-3.647934937746191194e-40,-7.712125437493225884e-41,-1.584839045651307295e-41,-3.165803537477674586e-42,-6.147151129759831733e-43,-1.160267566305962636e-43,-2.128823934812324415e-44,-3.796832866186294740e-45,-6.582729357923676340e-46,-1.109419466793977456e-46,-1.817578407808581252e-47,-2.894678297750123970e-48,-4.481457565896903500e-49,-1.176207811961958308e-49
1.677899102870922116e-42,4.981386521404710299e-42,2.402226038961269599e-41,1.126056970689514904e-40,5.130807801880281942e-40,2.272405183677709868e-39,9.782636000614775350e-39,4.093466614303323889e-38,1.664894193730328316e-37,6.581675570439664427e-37,2.528918087352658655e-36,9.444415550363447506e-36,3.428076788301712859e-35,1.209354707011171525e-34,4.146451295005843990e-34,1.381689751288602100e-33,4.474518533572405270e-33,1.408230863468376599e-32,4.307073911659661503e-32,1.280147338167157174e-31,3.697379354420960599e-31,1.037697198535241638e-30,2.829924141970667548e-30,7.498770247260419496e-30,1.930627474688963559e-29,4.829258907278278476e-29,1.173585050383186689e-28,2.770620801002551524e-28,6.353924081273764296e-28,1.415404598955806318e-27,3.062393338267946037e-27,6.434987668592728371e-27,1.313110763482360050e-26,2.601822769453848267e-26,5.005265482237956446e-26,9.347458861551596605e-26,1.694390605081526123e-25,2.980675289137056357e-25,5.087612632912880179e-25,8.423955039489295163e-25,1.352725573158184317e-24,2.106033248559230295e-24,3.177821703364162906e-24,4.645370507791584687e-24,6.575343205461177297e-24,9.006513028416429109e-24,1.192903792394372015e-23,1.526339224390740835e-23,1.884365512958567826e-23,2.241080397547690914e-23,2.562137589696764201e-23,2.807493584895729718e-23,2.936023291724802516e-23,2.911529979751890094e-23,2.709215030708270297e-23,2.321354204331005580e-23,1.760875258756269036e-23,1.061812482224205659e-23,2.761986516949080991e-24,-5.322832818047699020e-24,-1.296823860206048487e-23,-1.956603726167140765e-23,-2.464777500036217558e-23,-2.793872145981931014e-23,-2.937756464732343713e-23,-2.910110332651952531e-23,-2.740046711184114642e-23,-2.466036821350996010e-23,-2.129461748948924873e-23,-1.768965923637299032e-23,-1.416408892810793700e-23,-1.094736577408789319e-23,-8.176549952811807327e-24,-5.906824564321441540e-24,-4.130183514533667138e-24,-2.796831906991993661e-24,-1.835065631996780364e-24,-1.167070969181999736e-24,-7.196949515804415233e-25,-4.304557743932271032e-25,-2.497717142587142780e-25,-1.406319198596085921e-25,-7.684751731080535101e-26,-4.076152642105985497e-26,-2.098972196212823470e-26,-1.049427550599966774e-26,-5.094899041867224722e-27,-2.402141920634353858e-27,-1.099967422093255013e-27,-4.892302356638939396e-28,-2.113634510109577219e-28,-8.870691578146793898e-29,-3.616773314452737571e-29,-1.432663656822936754e-29,-5.513751845505213403e-30,-2.061812918480785883e-30,-7.491482823953013740e-31,-2.644957986561788411e-31,-9.074378383871099634e-32,-3.025349749157291802e-32,-9.801833238537606084e-33,-3.086195985544323918e-33,-9.443538393899697074e-34,-2.808347496536919885e-34,-8.116725420168013382e-35,-2.279991288514374311e-35,-6.224660230136190687e-36,-1.651716463981957708e-36,-4.259900708594042628e-37,-1.067858893791884733e-37,-2.601863623410761820e-38,-6.161932211415461315e-39,-1.418456836546717310e-39,-3.173853768368531685e-40,-6.902934119698475807e-41,-1.459354257309139595e-41,-2.998967829512847752e-42,-5.990603897288290280e-43,-1.163216449764283663e-43,-2.195557406619020828e-44,-4.028342507535475004e-45,-7.184691499729014922e-46,-1.245640283091960890e-46,-2.099338288944743565e-47,-3.439377132707523267e-48,-5.477557557382152188e-49,-8.480196841647322599e-50,-2.225720901169444656e-50
3.086725593167814109e-43,9.163943909840694842e-43,4.419224363579764563e-42,2.071536282989326820e-41,9.438824854599953173e-41,4.180401089972342447e-40,1.799650101729982214e-39,7.530493425694460191e-39,3.062801278641157088e-38,1.210789516154006091e-37,4.652291767663566520e-37,1.737429809810304511e-36,6.306417554959093406e-36,2.224773896691527639e-35,7.627966014892747327e-35,2.541807853537169602e-34,8.231490708261273541e-34,2.590633870605895320e-33,7.923453354279707976e-33,2.355006653847773299e-32,6.801836571349221711e-32,1.908986359904915004e-31,5.206033700595215479e-31,1.379501663711467168e-30,3.551654105302847945e-30,8.884084293044815734e-30,2.158970706032769326e-29,5.096937068972027956e-29,1.168891505165908184e-28,2.603830941210309821e-28,5.633692679973670909e-28,1.183804264176458758e-27,2.415647397015734541e-27,4.786409932288970504e-27,9.207872534283237621e-27,1.719593296740347538e-26,3.117063973977567605e-26,5.483361117578481527e-26,9.359361415275982018e-26,1.549702098987729113e-25,2.488524274228202009e-25,3.874337090512297283e-25,5.846038993354772701e-25,8.545796354270143656e-25,1.209624590741581179e-24,1.656871633249268371e-24,2.194510182328871516e-24,2.807910403981745507e-24,3.466548879953379809e-24,4.122774848392816265e-24,4.713403599657756968e-24,5.164769613574792200e-24,5.401217642465699864e-24,5.356158834818156027e-24,4.983972730168085795e-24,4.270449528852135031e-24,3.239371615539528374e-24,1.953349732661692198e-24,5.081053118903765786e-25,-9.792081216031440697e-25,-2.385685404014822060e-24,-3.599440983616936386e-24,-4.534296357753804614e-24,-5.139711107947719364e-24,-5.404406051989610283e-24,-5.353547199214481094e-24,-5.040691836246764270e-24,-4.536613052080427366e-24,-3.917437031169527485e-24,-3.254255503558217551e-24,-2.605678477537084501e-24,-2.013918122658780645e-24,-1.504188539106759188e-24,-1.086641415198729398e-24,-7.598039200913585037e-25,-5.145155994379651293e-25,-3.375854985401325268e-25,-2.146987159986808224e-25,-1.323977599437291140e-25,-7.918824518548319717e-26,-4.594893349264065792e-26,-2.587117100809222626e-26,-1.413715509167408632e-26,-7.498641998508166580e-27,-3.861347316004979349e-27,-1.930565951832166440e-27,-9.372765764180501247e-28,-4.419069616377136968e-28,-2.023540979083114419e-28,-9.000061367167108474e-29,-3.888320653962445653e-29,-1.631885414117799230e-29,-6.653550702367054966e-30,-2.635581345952337547e-30,-1.014330295950253325e-30,-3.792987726681129193e-31,-1.378161042216842245e-31,-4.865763081942572191e-32,-1.669356396439919620e-32,-5.565545915740456071e-33,-1.803181697015608553e-33,-5.677480915158543881e-34,-1.737268444844957554e-34,-5.166340501188218590e-35,-1.493182995585394740e-35,-4.194356770568291009e-36,-1.145111646359411191e-36,-3.038559036896980088e-37,-7.836671775479532699e-38,-1.964472936256650490e-38,-4.786485088747434717e-39,-1.133571966740885532e-39,-2.609445950999741050e-40,-5.838739432563538621e-41,-1.269889433683279531e-41,-2.684682367269301391e-42,-5.517012755180190224e-43,-1.102053772878927938e-43,-2.139896242710722009e-44,-4.039029061213734480e-45,-7.410688696823362838e-46,-1.321722569210702031e-46,-2.291526191963495572e-47,-3.862020793810144754e-48,-6.327206088804479029e-49,-1.007671860095272603e-49,-1.560048550084251612e-50,-4.094518947613375503e-51
5.520466009692295633e-44,1.638928999097869119e-43,7.903578452955207400e-43,3.704846865364147071e-42,1.688090185165538853e-41,7.476454070019631286e-41,3.218591000745094607e-40,1.346793932210009492e-39,5.477678479293768278e-39,2.165441069207695772e-38,8.320408729368294791e-38,3.107312885380438806e-37,1.127873622201384837e-36,3.978905252582501956e-36,1.364226454126983269e-35,4.545905826445780242e-35,1.472164055160436116e-34,4.633228900519214599e-34,1.417072998600866883e-33,4.211820517490108223e-33,1.216477022730084156e-32,3.414133843366991965e-32,9.310750574350135650e-32,2.467174944766494388e-31,6.351969157837127971e-31,1.588877400555144005e-30,3.861219288477034784e-30,9.115636292737028638e-30,2.090508413695490025e-29,4.656831251133305293e-29,1.007559888630374342e-28,2.117179193699587856e-28,4.320273682942192899e-28,8.560272865893955277e-28,1.646785430476920404e-27,3.075413106419855999e-27,5.574724801086071492e-27,9.806737837487637751e-27,1.673878516438891950e-26,2.771570554099962903e-26,4.450610608399502571e-26,6.929072757748258563e-26,1.045537045002763790e-25,1.528376166767850320e-25,2.163357653967491482e-25,2.963238311180450155e-25,3.924779998677213213e-25,5.021817934756641988e-25,6.199762397110310902e-25,7.373392201283984962e-25,8.429704415405586190e-25,9.236951662544929463e-25,9.659828030123632873e-25,9.579242435924378579e-25,8.913604795653309715e-25,7.637501539597392970e-25,5.793466363167865388e-25,3.493475684417676733e-25,9.087228582432175378e-26,-1.751268452139331612e-25,-4.266688043742444088e-25,-6.437433780292121061e-25,-8.109379394221630342e-25,-9.192135683802180003e-25,-9.665530353142149976e-25,-9.574571646395037407e-25,-9.015044294486917254e-25,-8.113522694913341472e-25,-7.006155008902771416e-25,-5.820085508738118520e-25,-4.660135484433528653e-25,-3.601799449568617980e-25,-2.690171656556491817e-25,-1.943407930593599367e-25,-1.358874181812391871e-25,-9.201873611443314501e-26,-6.037560559904723927e-26,-3.839787270428976416e-26,-2.367872722947988365e-26,-1.416245152731569860e-26,-8.217754311856892119e-27,-4.626939320334486292e-27,-2.528364825499203173e-27,-1.341097451721724239e-27,-6.905841146619595616e-28,-3.452727945803924460e-28,-1.676275822265910688e-28,-7.903301694737943269e-29,-3.619009483374079189e-29,-1.609619364045931913e-29,-6.954081714453584347e-30,-2.918551613492963455e-30,-1.189956780657201093e-30,-4.713615382045364972e-31,-1.814082837097229947e-31,-6.783583181695913577e-32,-2.464777305206527385e-32,-8.702192305184181721e-33,-2.985566732918194641e-33,-9.953721549214656810e-34,-3.224907095631348466e-34,-1.015391212039834058e-34,-3.107024291600617085e-35,-9.239761122412044949e-36,-2.670488750806056443e-36,-7.501413159529314339e-37,-2.047979235673647753e-37,-5.434322350766021821e-38,-1.401552514464078436e-38,-3.513369019769552419e-39,-8.560407279745088990e-40,-2.027341052208910406e-40,-4.666873436533584080e-41,-1.044231552304517388e-41,-2.271138539244590468e-42,-4.801430288502058868e-43,-9.866922235466656169e-44,-1.970972219719601686e-44,-3.827105492726809755e-45,-7.223616732871630558e-46,-1.325367410364445912e-46,-2.363839705648291319e-47,-4.098288646407232602e-48,-6.907045630536122368e-49,-1.131591555364549170e-49,-1.802174532421046796e-50,-2.790074703521442531e-51,-7.322857829141507708e-52
9.598403300279958326e-45,2.849596661993003991e-44,1.374190754434042659e-43,6.441596473397009321e-43,2.935072940584180567e-42,1.299926877442464533e-41,5.596146127802169888e-41,2.341663059065170703e-40,9.524008861066461466e-40,3.765040246376422472e-39,1.446664800895980596e-38,5.402667492504023348e-38,1.961027543440976395e-37,6.918100254731423172e-37,2.371972887185893806e-36,7.903940973590089403e-36,2.559643388945134441e-35,8.055769112900328421e-35,2.463856877775809032e-34,7.323068719975061130e-34,2.115081779180775059e-33,5.936135371947924464e-33,1.618854982242804674e-32,4.289663244124254316e-32,1.104413316209470883e-31,2.762572228223632040e-31,6.713480328753571371e-31,1.584930571490543775e-30,3.634755258351077866e-30,8.096806387585135100e-30,1.751838729426099740e-29,3.681127594013136440e-29,7.511635630698504576e-29,1.488369843832655924e-28,2.863256595184316665e-28,5.347203525672904290e-28,9.692742756671480732e-28,1.705092009606751560e-27,2.910363191847644819e-27,4.818914183462959120e-27,7.738251712250488562e-27,1.204753995569963610e-26,1.817869398289922725e-26,2.657379072240895991e-26,3.761417823979053019e-26,5.152165838103817251e-26,6.823992979222184547e-26,8.731406688084847628e-26,1.077949212057399669e-25,1.282007568107574863e-25,1.465667980550106348e-25,1.606023606822967484e-25,1.679548883766099326e-25,1.665537511683397093e-25,1.549803468362578000e-25,1.327928110685889322e-25,1.007306748427745359e-25,6.074086586148692855e-26,1.579991338826780636e-26,-3.044920639159392894e-26,-7.418466580252433390e-26,-1.119273002199545924e-25,-1.409973248708697493e-25,-1.598231477725272895e-25,-1.680540343472292973e-25,-1.664725404126631357e-25,-1.567440697152211188e-25,-1.410693642077001471e-25,-1.218156243361643863e-25,-1.011935004343895821e-25,-8.102551439499025565e-26,-6.262428509293880508e-26,-4.677386376671194723e-26,-3.378992473108144733e-26,-2.362666921320271723e-26,-1.599924605744597960e-26,-1.049747269561736473e-26,-6.676216599133104762e-27,-4.117007027791380301e-27,-2.462417506804223354e-27,-1.428816334876972885e-27,-8.044833455095991685e-28,-4.396053746689965304e-28,-2.331758620377794916e-28,-1.200714728367940702e-28,-6.003238721475232139e-29,-2.914531374048492333e-29,-1.374142634637973987e-29,-6.292351498582598713e-30,-2.798636163854195707e-30,-1.209102288850920624e-30,-5.074469327372817175e-31,-2.068971182975732813e-31,-8.195536637638988160e-32,-3.154135658113675384e-32,-1.179457804551193103e-32,-4.285494481663827497e-33,-1.513045297174171346e-33,-5.190988139793798005e-34,-1.730647985157569032e-34,-5.607127886569394898e-35,-1.765455007531388890e-35,-5.402165716116979989e-36,-1.606512086034923985e-36,-4.643163818796098618e-37,-1.304266500342093112e-37,-3.560810014966435649e-38,-9.448625803473325730e-39,-2.436871499023554822e-39,-6.108675016791918438e-40,-1.488393214293592674e-40,-3.524926521085424390e-41,-8.114266679038723141e-42,-1.815599545454793331e-42,-3.948815844931355708e-43,-8.348219923156497390e-44,-1.715556237140650842e-44,-3.426918348070976079e-45,-6.654166863343383350e-46,-1.255966191387074859e-46,-2.304408885661135208e-47,-4.109994843223684140e-48,-7.125671492245344029e-49,-1.200924151311209515e-49,-1.967491892986990760e-50,-3.133430755537753773e-51,-4.851087244317565074e-52,-1.273221185155495182e-52
1.622436783475059509e-45,4.816728676477222113e-45,2.322821367008106415e-44,1.088835583980712036e-43,4.961210893115187846e-43,2.197291690930565676e-42,9.459274672468804338e-42,3.958158625634451183e-41,1.609861746680927062e-40,6.364120777053568930e-40,2.445325657720431772e-39,9.132233971110442744e-39,3.314763008336587291e-38,1.169379945174555676e-37,4.009391917782574303e-37,1.336018519829691600e-36,4.326615018023143886e-36,1.361682325597921055e-35,4.164705214673529231e-35,1.237832552718079060e-34,3.575163880122367314e-34,1.003396510631617012e-33,2.736382071199310389e-33,7.250901236651799673e-33,1.866811314675312874e-32,4.669629583022365608e-32,1.134792640999834148e-31,2.679038979707652304e-31,6.143897527108679208e-31,1.368618935975634206e-30,2.961167086253060016e-30,6.222281588249023303e-30,1.269706384493310102e-29,2.515820503165084296e-29,4.839818327303668626e-29,9.038482148928116828e-29,1.638383165325706349e-28,2.882150196288109906e-28,4.919443524099288685e-28,8.145504395957305304e-28,1.308011741638111814e-27,2.036419117119491196e-27,3.072780010455749606e-27,4.491819544939082650e-27,6.357997726001363162e-27,8.708806151185023818e-27,1.153472809310167512e-26,1.475886659379709558e-26,1.822078524569679116e-26,2.167002333742849485e-26,2.477447101995357798e-26,2.714692947693504188e-26,2.838974153739800790e-26,2.815290458918234869e-26,2.619662953895079207e-26,2.244622720244011284e-26,1.702670193952228439e-26,1.026714672751216241e-26,2.670690098641622533e-27,-5.146888595096361129e-27,-1.253957838636657677e-26,-1.891928930998529457e-26,-2.383305213226563242e-26,-2.701521760284438852e-26,-2.840650037370007233e-26,-2.813917737715587585e-26,-2.649475504849129490e-26,-2.384522908152157264e-26,-2.059073197301633746e-26,-1.710493424969637744e-26,-1.369590033277568747e-26,-1.058550474438288599e-26,-7.906277190723178019e-27,-5.711576715364907297e-27,-3.993661862632942792e-27,-2.704383687515176255e-27,-1.774408232502390566e-27,-1.128493880285745016e-27,-6.959057075169269116e-28,-4.162272217917349528e-28,-2.415156048367782993e-28,-1.359833850084012815e-28,-7.430735172958605899e-29,-3.941416960230919296e-29,-2.029591465184230580e-29,-1.014739120351332466e-29,-4.926489083565031509e-30,-2.322740029180635540e-30,-1.063608415532741411e-30,-4.730589155040218025e-31,-2.043769121848050337e-31,-8.577474227516164422e-32,-3.497222242278392572e-32,-1.385307502221271412e-32,-5.331496866405655712e-33,-1.993660473304776005e-33,-7.243854696361944507e-34,-2.557529902007525269e-34,-8.774428243016973842e-35,-2.925347958951459773e-35,-9.477837352962429828e-36,-2.984182946038142072e-36,-9.131385808721396244e-37,-2.715518633608921740e-37,-7.848430135349301304e-38,-2.204627039944843956e-38,-6.018906443615919411e-39,-1.597119601798756577e-39,-4.119091303969874675e-40,-1.032561222474293786e-40,-2.515860006709875976e-41,-5.958251875797900002e-42,-1.371570283008913692e-42,-3.068943234048718375e-43,-6.674760246632821399e-44,-1.411115855016596966e-44,-2.899838083669521447e-45,-5.792586754209202798e-46,-1.124766770547587829e-46,-2.122984088038932294e-47,-3.895187171552126151e-48,-6.947204243172965592e-49,-1.204466115279972045e-49,-2.029945456859558076e-50,-3.325689824137747534e-51,-5.296498966769015251e-52,-8.199887146644778846e-53,-2.152150539700528907e-53
