candidate_id,candidate_label,family,cluster_id,cluster_label,metric_group,cmp_finite_pixels,cmp_rms_error,cmp_mean_abs_error,cmp_median_abs_error,cmp_max_abs_error,cmp_mean_relative_error_percent,cmp_median_relative_error_percent,cmp_pearson_correlation,cmp_predicted_min,cmp_predicted_max,cmp_predicted_mean,cmp_observed_min,cmp_observed_max,cmp_observed_mean,cmp_predicted_dynamic_range,cmp_observed_dynamic_range,cmp_predicted_peak_index,cmp_observed_peak_index,cmp_peak_location_distance_pixels,cmp_ssim,pipeline_runtime_seconds,max_conservation_error
1,"max(kappa, 0)",direct,Abell2744,Abell 2744,comparison_kappa,25,0.5567551329841356,0.5512439729208275,0.5431494581557457,0.7083742767572403,1837.9839668269924,921.5588760259058,nan,-0.5,-0.5,-0.5,-0.13970666074208693,0.2083742767572403,0.051243972920827476,0.0,0.3480809374993272,"[20, 0]","[33, 32]",34.539832078341085,-0.007204360225312317,0.009953137021511793,2.220446049250313e-16
1,"max(kappa, 0)",direct,Abell2744,Abell 2744,comparison_gamma1,4096,0.5270141220258556,0.10582092380626204,0.040294246393300585,4.858727649545713,567.8348089394742,100.0,0.005737523064537286,-4.739948070523732,4.739948070523732,-1.3213713977167085e-19,-0.3198103600506129,0.3131638814442414,-0.013846408134187567,9.479896141047464,0.6329742414948543,"[43, 17]","[32, 33]",19.4164878389476,0.06361537732589986,0.009953137021511793,2.220446049250313e-16
1,"max(kappa, 0)",direct,Abell2744,Abell 2744,comparison_gamma2,4096,0.16043218136812565,0.04865877528953735,0.03751352273137073,4.87908108383602,165.367369041622,100.0,-0.040122546678372735,-4.739948070523732,4.739871276916922,0.0,-0.3903151304543438,0.1792275607585907,-0.005067061197881819,9.479819347440653,0.5695426912129344,"[44, 18]","[33, 33]",18.601075237738275,0.427152034098839,0.009953137021511793,2.220446049250313e-16
1,"max(kappa, 0)",direct,Abell2744,Abell 2744,comparison_gamma,4096,0.5430825291500557,0.13649547698319414,0.07041399565995327,4.720818968812955,207.53913790227298,100.0,-0.019306212786932897,0.0,4.739951813794019,0.06265066458052246,0.0010240572737529874,0.4387801225358414,0.07598132846631889,4.739951813794019,0.43775606526208843,"[42, 17]","[33, 33]",18.35755975068582,0.06075954499435419,0.009953137021511793,2.220446049250313e-16
1,"max(kappa, 0)",direct,MACS0416,MACS J0416,comparison_kappa,25,0.5807003077102626,0.5698305641043754,0.5739773660898209,0.7863929271697998,2000000000000846.0,508.7558765362149,nan,-0.5,-0.5,-0.5,-0.167955681681633,0.2863929271697998,0.06983056410437545,0.0,0.4543486088514328,"[20, 0]","[32, 32]",34.17601498127012,-0.004839926989065742,0.009625846054404974,2.220446049250313e-16
1,"max(kappa, 0)",direct,MACS0416,MACS J0416,comparison_gamma1,4096,0.5385227104684326,0.11095179368287586,0.04105854045123854,4.83391778659492,468.98949146662466,100.0,0.002261215011613049,-4.73993254587967,4.73993254587967,8.673617379884035e-19,-0.5153349921150346,0.3970712721347809,-0.010922311339233118,9.47986509175934,0.9124062642498155,"[35, 17]","[29, 32]",16.15549442140351,0.06239690489436462,0.009625846054404974,2.220446049250313e-16
1,"max(kappa, 0)",direct,MACS0416,MACS J0416,comparison_gamma2,4096,0.16487329408247078,0.05511268482675917,0.04053681899630843,4.997548986607285,99.01544009196505,100.0,-0.0310539759602191,-4.739814598494263,4.739905236375095,-4.336808689942018e-19,-0.3220425773234601,0.4376878175695812,0.007521701997983666,9.479719834869357,0.7597303948930413,"[18, 18]","[29, 33]",18.601075237738275,0.4091502901208124,0.009625846054404974,2.220446049250313e-16
1,"max(kappa, 0)",direct,MACS0416,MACS J0416,comparison_gamma,4096,0.5534139267105139,0.14577478606893507,0.07641509266954585,4.737890475268929,250.01011430158485,100.0,0.0030662933925946476,0.0,4.739958329637247,0.0650915356118797,0.0,0.5607741560817849,0.0834989090779363,4.739958329637247,0.5607741560817849,"[18, 18]","[29, 32]",17.804493814764857,0.060969804786596554,0.009625846054404974,2.220446049250313e-16
1,"max(kappa, 0)",direct,MACS1149,MACS J1149,comparison_kappa,25,0.5176523609073103,0.5092472227693846,0.48785638328020764,0.7149682492017746,2401.878235504037,654.0323492207526,nan,-0.5,-0.5,-0.5,-0.1546057164669037,0.2149682492017746,0.009247222769384602,0.0,0.3695739656686783,"[20, 0]","[33, 32]",34.539832078341085,-0.0009367790210695901,0.009368755971081555,2.220446049250313e-16
1,"max(kappa, 0)",direct,MACS1149,MACS J1149,comparison_gamma1,4096,0.5221914306880282,0.12438492661101012,0.058174612532769024,4.91068891888191,173.2258873259851,100.0,-0.00802314743677196,-4.7399908522303855,4.7399908522303855,-1.3213713977167085e-19,-0.35520619153976446,1.4502143396271567,-0.03444096246959224,9.479981704460771,1.8054205311669211,"[27, 17]","[32, 33]",16.76305461424021,0.04387292507401007,0.009368755971081555,2.220446049250313e-16
1,"max(kappa, 0)",direct,MACS1149,MACS J1149,comparison_gamma2,4096,0.16998354441255104,0.06532827718908588,0.04893135031064341,4.832975829800644,106.90832243881395,100.0,-0.027790646238031208,-4.73994423739884,4.739911331112151,0.0,-0.471298966818654,0.2979532480239868,0.0010645807427233653,9.479855568510992,0.7692522148426408,"[44, 18]","[32, 33]",19.209372712298546,0.4035711671054187,0.009368755971081555,2.220446049250313e-16
1,"max(kappa, 0)",direct,MACS1149,MACS J1149,comparison_gamma,4096,0.5346623378419914,0.16315508448191135,0.09436406833784916,4.698493724254087,151.36656546271576,100.0,0.031232682230784962,0.0,4.739994334066599,0.060227638478184006,0.003379303263500333,1.5389487716346064,0.10618757622865749,4.739994334066599,1.535569468371106,"[27, 17]","[32, 33]",16.76305461424021,0.06415996392715667,0.009368755971081555,2.220446049250313e-16
1,"max(kappa, 0)",direct,AbellS1063,Abell S1063,comparison_kappa,25,0.5454082918500109,0.539740184038759,0.545792244374752,0.722885474562645,1661.0089090055544,802.2219894889561,nan,-0.5,-0.5,-0.5,-0.08533000200986862,0.22288547456264496,0.03974018403875906,0.0,0.3082154765725136,"[20, 0]","[33, 31]",33.61547262794322,-0.005570453705823736,0.009551745024509728,2.220446049250313e-16
1,"max(kappa, 0)",direct,AbellS1063,Abell S1063,comparison_gamma1,4096,0.5170680012542324,0.09587312162054464,0.031140644701996012,4.836086176101707,284.5677286460415,100.0,-0.016052427750152424,-4.739977466005526,4.739977466005526,4.743384504624082e-20,-0.25548869371414185,0.30773400255702005,-0.0028520251225155105,9.479954932011053,0.563222696271162,"[24, 17]","[33, 32]",17.4928556845359,0.06707456308674735,0.009551745024509728,2.220446049250313e-16
1,"max(kappa, 0)",direct,AbellS1063,Abell S1063,comparison_gamma2,4096,0.1590496697899375,0.046307439746997484,0.03324964420781244,4.806349216238431,109.66296862540614,100.0,-0.008982566300841975,-4.739316688853006,4.739896761438101,0.0,-0.20429740846157074,0.31596895910444694,0.013527305282462342,9.479213450291107,0.5202663675660177,"[19, 18]","[30, 33]",18.601075237738275,0.41077451001948856,0.009551745024509728,2.220446049250313e-16
1,"max(kappa, 0)",direct,AbellS1063,Abell S1063,comparison_gamma,4096,0.5321068678491013,0.12546444147288463,0.06313006952404976,4.7283289276003195,193.5905796372333,100.0,0.01356575970473519,0.0,4.739987483630903,0.06029969990765944,0.0,0.3626261450130663,0.0672595968597144,4.739987483630903,0.3626261450130663,"[25, 17]","[33, 32]",17.0,0.06840500349130227,0.009551745024509728,2.220446049250313e-16
1,"max(kappa, 0)",direct,Abell370,Abell 370,comparison_kappa,25,0.5612759749148191,0.5589670360285329,0.5511489696800709,0.7142609357833862,8293.128235899705,1077.5367971777828,nan,-0.5,-0.5,-0.5,-0.010179196913091037,0.21426093578338623,0.058967036028533,0.0,0.22444013269647728,"[20, 0]","[32, 32]",34.17601498127012,-0.018607017276945234,0.00953985599335283,2.220446049250313e-16
1,"max(kappa, 0)",direct,Abell370,Abell 370,comparison_gamma1,4096,0.519500503780331,0.11507691828929323,0.049604424349372817,4.92783209790246,579.2910860002842,100.0,-0.006958272212907265,-4.739944259919189,4.739944259919189,-2.405573570202213e-19,-0.4928266704082489,0.3075925409793854,-0.011296329791970056,9.479888519838378,0.8004192113876343,"[40, 17]","[29, 0]",20.248456731316587,0.06431111592584446,0.00953985599335283,2.220446049250313e-16
1,"max(kappa, 0)",direct,Abell370,Abell 370,comparison_gamma2,4096,0.16806239867222825,0.0639904911671973,0.04856927511060582,4.826420643614999,108.99794055259827,100.0,-0.02498481626984878,-4.739880615280389,4.739853713853981,4.336808689942018e-19,-0.32441097497940063,0.2763311266899109,0.0182991790713386,9.47973432913437,0.6007421016693115,"[43, 18]","[31, 0]",21.633307652783937,0.3598379345546015,0.00953985599335283,2.220446049250313e-16
1,"max(kappa, 0)",direct,Abell370,Abell 370,comparison_gamma,4096,0.5350353454873749,0.15475273141067902,0.08936316147446632,4.703585237355354,171.3854030812136,100.0,-0.009916582236418277,0.0,4.739944773980541,0.06037643706227555,0.0014949318720027804,0.5116289854049683,0.09705151540649613,4.739944773980541,0.5101340535329655,"[40, 17]","[29, 0]",20.248456731316587,0.05889174292670242,0.00953985599335283,2.220446049250313e-16
2,|kappa|,direct,Abell2744,Abell 2744,comparison_kappa,25,0.5567551329841356,0.5512439729208275,0.5431494581557457,0.7083742767572403,1837.9839668269924,921.5588760259058,nan,-0.5,-0.5,-0.5,-0.13970666074208693,0.2083742767572403,0.051243972920827476,0.0,0.3480809374993272,"[20, 0]","[33, 32]",34.539832078341085,-0.007204360225312317,0.009590415982529521,2.220446049250313e-16
2,|kappa|,direct,Abell2744,Abell 2744,comparison_gamma1,4096,0.5270158291266298,0.1058177056154182,0.04030919583544004,4.85873521807657,567.8189261358227,100.0,0.005717429722262887,-4.739950954457802,4.739950954457802,-3.049318610115481e-19,-0.3198103600506129,0.3131638814442414,-0.013846408134187567,9.479901908915604,0.6329742414948543,"[43, 17]","[32, 33]",19.4164878389476,0.06361140216203547,0.009590415982529521,2.220446049250313e-16
2,|kappa|,direct,Abell2744,Abell 2744,comparison_gamma2,4096,0.16041498439963028,0.04860374415565349,0.03736477989762549,4.879102042271804,164.77283625347943,100.0,-0.03997312171693849,-4.739950954457802,4.739892235352706,0.0,-0.3903151304543438,0.1792275607585907,-0.005067061197881819,9.47984318981051,0.5695426912129344,"[44, 18]","[33, 33]",18.601075237738275,0.4272355294277344,0.009590415982529521,2.220446049250313e-16
2,|kappa|,direct,Abell2744,Abell 2744,comparison_gamma,4096,0.5430832064728006,0.13650715708879155,0.07042340876271301,4.720814931725258,207.55661620578897,100.0,-0.019335254979534287,0.0,4.739965292759497,0.06263783485675313,0.0010240572737529874,0.4387801225358414,0.07598132846631889,4.739965292759497,0.43775606526208843,"[42, 17]","[33, 33]",18.35755975068582,0.06075417907330601,0.009590415982529521,2.220446049250313e-16
2,|kappa|,direct,MACS0416,MACS J0416,comparison_kappa,25,0.5807003077102626,0.5698305641043754,0.5739773660898209,0.7863929271697998,2000000000000846.0,508.7558765362149,nan,-0.5,-0.5,-0.5,-0.167955681681633,0.2863929271697998,0.06983056410437545,0.0,0.4543486088514328,"[20, 0]","[32, 32]",34.17601498127012,-0.004839926989065742,0.00956306594889611,2.220446049250313e-16
2,|kappa|,direct,MACS0416,MACS J0416,comparison_gamma1,4096,0.5283346341588918,0.10865760974840777,0.041116722282908455,4.833936552836885,455.3722039416092,100.0,0.0009377179345172934,-4.739932404250816,4.739932404250816,-6.776263578034403e-20,-0.5153349921150346,0.3970712721347809,-0.010922311339233118,9.479864808501633,0.9124062642498155,"[35, 17]","[29, 32]",16.15549442140351,0.06436738037697684,0.00956306594889611,2.220446049250313e-16
2,|kappa|,direct,MACS0416,MACS J0416,comparison_gamma2,4096,0.16304087650401927,0.055093513009912505,0.04051517331529231,4.862814487072025,256.004947596431,100.0,-0.0012053426329835496,-4.739921744566004,4.73992400261706,-4.336808689942018e-19,-0.3220425773234601,0.4376878175695812,0.007521701997983666,9.479845747183063,0.7597303948930413,"[18, 18]","[29, 33]",18.601075237738275,0.42164462511034706,0.00956306594889611,2.220446049250313e-16
2,|kappa|,direct,MACS0416,MACS J0416,comparison_gamma,4096,0.5445066590402741,0.14375097997003322,0.07641509266954585,4.737923994223464,250.67670225405502,100.0,-0.01003755437818827,0.0,4.739965662668571,0.06274688165201779,0.0,0.5607741560817849,0.0834989090779363,4.739965662668571,0.5607741560817849,"[18, 18]","[29, 32]",17.804493814764857,0.060085064018738976,0.00956306594889611,2.220446049250313e-16
2,|kappa|,direct,MACS1149,MACS J1149,comparison_kappa,25,0.5176523609073103,0.5092472227693846,0.48785638328020764,0.7149682492017746,2401.878235504037,654.0323492207526,nan,-0.5,-0.5,-0.5,-0.1546057164669037,0.2149682492017746,0.009247222769384602,0.0,0.3695739656686783,"[20, 0]","[33, 32]",34.539832078341085,-0.0009367790210695901,0.009455146035179496,2.220446049250313e-16
2,|kappa|,direct,MACS1149,MACS J1149,comparison_gamma1,4096,0.5325435567007221,0.1266537685830517,0.05834591477399765,4.910688883926184,176.058495665366,100.0,-0.007270472768069632,-4.73998033333402,4.73998033333402,8.639736061993863e-20,-0.35520619153976446,1.4502143396271567,-0.03444096246959224,9.47996066666804,1.8054205311669211,"[37, 17]","[32, 33]",16.76305461424021,0.042394645583933,0.009455146035179496,2.220446049250313e-16
2,|kappa|,direct,MACS1149,MACS J1149,comparison_gamma2,4096,0.1696889031610261,0.06530485610888376,0.04893135031064341,4.808643297211974,107.8397074814555,100.0,-0.023551042190694146,-4.739944422454159,4.739954717265274,4.336808689942018e-19,-0.471298966818654,0.2979532480239868,0.0010645807427233653,9.479899139719432,0.7692522148426408,"[18, 18]","[32, 33]",20.518284528683193,0.40563141148648296,0.009455146035179496,2.220446049250313e-16
2,|kappa|,direct,MACS1149,MACS J1149,comparison_gamma,4096,0.5443243764432175,0.16530981391555233,0.09422224511702842,4.698499026854374,153.28206507638157,100.0,0.031293109494819026,0.0,4.73999200555676,0.06258857765638579,0.003379303263500333,1.5389487716346064,0.10618757622865749,4.73999200555676,1.535569468371106,"[26, 17]","[32, 33]",17.08800749063506,0.0631261730469574,0.009455146035179496,2.220446049250313e-16
2,|kappa|,direct,AbellS1063,Abell S1063,comparison_kappa,25,0.5454082918500109,0.539740184038759,0.545792244374752,0.722885474562645,1661.0089090055544,802.2219894889561,nan,-0.5,-0.5,-0.5,-0.08533000200986862,0.22288547456264496,0.03974018403875906,0.0,0.3082154765725136,"[20, 0]","[33, 31]",33.61547262794322,-0.005570453705823736,0.00947069504763931,2.220446049250313e-16
2,|kappa|,direct,AbellS1063,Abell S1063,comparison_gamma1,4096,0.5275919112416146,0.09816788267949925,0.031197571860892483,4.836122854246164,294.7737687477445,100.0,-0.01609346459667804,-4.739987328109395,4.739987328109395,2.0667603913004928e-19,-0.25548869371414185,0.30773400255702005,-0.0028520251225155105,9.47997465621879,0.563222696271162,"[24, 17]","[33, 32]",17.4928556845359,0.06453007639849119,0.00947069504763931,2.220446049250313e-16
2,|kappa|,direct,AbellS1063,Abell S1063,comparison_gamma2,4096,0.15886450926274343,0.046298658326561014,0.03317473332087202,4.806385894382887,100.19607724319025,100.0,-0.0054830073383141794,-4.7393827712183,4.739961615267688,0.0,-0.20429740846157074,0.31596895910444694,0.013527305282462342,9.479344386485987,0.5202663675660177,"[18, 18]","[30, 33]",19.209372712298546,0.41196472552041413,0.00947069504763931,2.220446049250313e-16
2,|kappa|,direct,AbellS1063,Abell S1063,comparison_gamma,4096,0.5420937286025301,0.1277199972777212,0.06316095011101831,4.728328130901746,199.38304395528968,100.0,0.011940422156073348,0.0,4.739987338006482,0.06261806272144613,0.0,0.3626261450130663,0.0672595968597144,4.739987338006482,0.3626261450130663,"[24, 17]","[33, 32]",17.4928556845359,0.06603779423250024,0.00947069504763931,2.220446049250313e-16
2,|kappa|,direct,Abell370,Abell 370,comparison_kappa,25,0.5612759749148191,0.5589670360285329,0.5511489696800709,0.7142609357833862,8293.128235899705,1077.5367971777828,nan,-0.5,-0.5,-0.5,-0.010179196913091037,0.21426093578338623,0.058967036028533,0.0,0.22444013269647728,"[20, 0]","[32, 32]",34.17601498127012,-0.018607017276945234,0.009497285005636513,2.220446049250313e-16
2,|kappa|,direct,Abell370,Abell 370,comparison_gamma1,4096,0.5195020747618944,0.11507062429062716,0.049620836115782684,4.927831820335183,579.2845083452639,100.0,-0.0069608673561519785,-4.739963834276319,4.739963834276319,-2.337810934421869e-19,-0.4928266704082489,0.3075925409793854,-0.011296329791970056,9.479927668552637,0.8004192113876343,"[40, 17]","[29, 0]",20.248456731316587,0.06431066103676156,0.009497285005636513,2.220446049250313e-16
2,|kappa|,direct,Abell370,Abell 370,comparison_gamma2,4096,0.16807229335929602,0.06401194529345325,0.04856927511060582,4.826450722436723,109.101781985971,100.0,-0.025076164552762258,-4.739910694102113,4.739861213366872,0.0,-0.32441097497940063,0.2763311266899109,0.0182991790713386,9.479771907468985,0.6007421016693115,"[43, 18]","[31, 0]",21.633307652783937,0.35979459206406805,0.009497285005636513,2.220446049250313e-16
2,|kappa|,direct,Abell370,Abell 370,comparison_gamma,4096,0.5350366059726468,0.15473448840360776,0.08936316147446632,4.70359056479902,171.35386128298296,100.0,-0.009918223383068142,0.0,4.73996384008396,0.06038410619798694,0.0014949318720027804,0.5116289854049683,0.09705151540649613,4.73996384008396,0.5101340535329655,"[40, 17]","[29, 0]",20.248456731316587,0.058894288001325394,0.009497285005636513,2.220446049250313e-16
3,raw kappa,direct,Abell2744,Abell 2744,comparison_kappa,25,0.5567551329841356,0.5512439729208275,0.5431494581557457,0.7083742767572403,1837.9839668269924,921.5588760259058,nan,-0.5,-0.5,-0.5,-0.13970666074208693,0.2083742767572403,0.051243972920827476,0.0,0.3480809374993272,"[20, 0]","[33, 32]",34.539832078341085,-0.007204360225312317,0.009564685984514654,2.220446049250313e-16
3,raw kappa,direct,Abell2744,Abell 2744,comparison_gamma1,4096,0.5270014864466042,0.10583957594395534,0.04028659461746183,4.858719066063444,567.8531481122716,100.0,0.005756293756889572,-4.739932805094057,4.739932805094057,8.063753657860939e-19,-0.3198103600506129,0.3131638814442414,-0.013846408134187567,9.479865610188114,0.6329742414948543,"[43, 17]","[32, 33]",19.4164878389476,0.06362121673406906,0.009564685984514654,2.220446049250313e-16
3,raw kappa,direct,Abell2744,Abell 2744,comparison_gamma2,4096,0.160477484838727,0.04875580515298254,0.03755212600750504,4.879051169609796,166.59383730057115,100.0,-0.04027134457504027,-4.739932805094057,4.739841362690698,0.0,-0.3903151304543438,0.1792275607585907,-0.005067061197881819,9.479774167784754,0.5695426912129344,"[44, 18]","[33, 33]",18.601075237738275,0.426980596000108,0.009564685984514654,2.220446049250313e-16
3,raw kappa,direct,Abell2744,Abell 2744,comparison_gamma,4096,0.5430721615974304,0.1364644880384827,0.07038190499892324,4.720802734486842,207.50349672506786,100.0,-0.019221120936684433,0.0,4.739937667573745,0.06269867507482632,0.0010240572737529874,0.4387801225358414,0.07598132846631889,4.739937667573745,0.43775606526208843,"[25, 17]","[33, 33]",17.88854381999832,0.06077916867265326,0.009564685984514654,2.220446049250313e-16
3,raw kappa,direct,MACS0416,MACS J0416,comparison_kappa,25,0.5807003077102626,0.5698305641043754,0.5739773660898209,0.7863929271697998,2000000000000846.0,508.7558765362149,nan,-0.5,-0.5,-0.5,-0.167955681681633,0.2863929271697998,0.06983056410437545,0.0,0.4543486088514328,"[20, 0]","[32, 32]",34.17601498127012,-0.004839926989065742,0.009496405953541398,2.220446049250313e-16
3,raw kappa,direct,MACS0416,MACS J0416,comparison_gamma1,4096,0.538514300326479,0.11102468959048979,0.04112918707468162,4.833889979892085,469.2353049703577,100.0,0.0022577829191841245,-4.7399324104874845,4.7399324104874845,2.168404344971009e-19,-0.5153349921150346,0.3970712721347809,-0.010922311339233118,9.479864820974969,0.9124062642498155,"[35, 17]","[29, 32]",16.15549442140351,0.06239798616732973,0.009496405953541398,2.220446049250313e-16
3,raw kappa,direct,MACS0416,MACS J0416,comparison_gamma2,4096,0.16490400338895683,0.05516891257821603,0.04051517331529231,4.996677509668825,101.44147151295996,100.0,-0.030831412268304225,-4.7389431215558036,4.7398774296722594,4.336808689942018e-19,-0.3220425773234601,0.4376878175695812,0.007521701997983666,9.478820551228063,0.7597303948930413,"[18, 18]","[29, 33]",18.601075237738275,0.4091100951125575,0.009496405953541398,2.220446049250313e-16
3,raw kappa,direct,MACS0416,MACS J0416,comparison_gamma,4096,0.5534089102580092,0.1457911360626587,0.07641006423722208,4.737847803468949,250.06227480018822,100.0,0.0030621243932512894,0.0,4.739946613817238,0.06515662669439959,0.0,0.5607741560817849,0.0834989090779363,4.739946613817238,0.5607741560817849,"[41, 17]","[29, 32]",19.209372712298546,0.06098148990069734,0.009496405953541398,2.220446049250313e-16
3,raw kappa,direct,MACS1149,MACS J1149,comparison_kappa,25,0.5176523609073103,0.5092472227693846,0.48785638328020764,0.7149682492017746,2401.878235504037,654.0323492207526,nan,-0.5,-0.5,-0.5,-0.1546057164669037,0.2149682492017746,0.009247222769384602,0.0,0.3695739656686783,"[20, 0]","[33, 32]",34.539832078341085,-0.0009367790210695901,0.009495345992036164,2.220446049250313e-16
3,raw kappa,direct,MACS1149,MACS J1149,comparison_gamma1,4096,0.5221867307735242,0.12438385457935129,0.0581149710194461,4.910688953482893,173.20651574614777,100.0,-0.008046848377030503,-4.7399566259651245,4.7399566259651245,6.030874584450618e-19,-0.35520619153976446,1.4502143396271567,-0.03444096246959224,9.479913251930249,1.8054205311669211,"[28, 17]","[32, 33]",16.492422502470642,0.043868434033718144,0.009495345992036164,2.220446049250313e-16
3,raw kappa,direct,MACS1149,MACS J1149,comparison_gamma2,4096,0.17000039936944358,0.06536251030067194,0.049093528074167614,4.832934842235036,107.10669971467122,100.0,-0.027733337774182538,-4.7399440486082005,4.739870343546543,0.0,-0.471298966818654,0.2979532480239868,0.0010645807427233653,9.479814392154744,0.7692522148426408,"[44, 18]","[32, 33]",19.209372712298546,0.4035387228853046,0.009495345992036164,2.220446049250313e-16
3,raw kappa,direct,MACS1149,MACS J1149,comparison_gamma,4096,0.534647018442551,0.16309501586632985,0.09425466773765453,4.698484146739937,151.32103183480564,100.0,0.03128645949341372,0.0,4.739978529018239,0.060287072428562676,0.003379303263500333,1.5389487716346064,0.10618757622865749,4.739978529018239,1.535569468371106,"[33, 17]","[32, 33]",16.0312195418814,0.0641988343758848,0.009495345992036164,2.220446049250313e-16
3,raw kappa,direct,AbellS1063,Abell S1063,comparison_kappa,25,0.5454082918500109,0.539740184038759,0.545792244374752,0.722885474562645,1661.0089090055544,802.2219894889561,nan,-0.5,-0.5,-0.5,-0.08533000200986862,0.22288547456264496,0.03974018403875906,0.0,0.3082154765725136,"[20, 0]","[33, 31]",33.61547262794322,-0.005570453705823736,0.00948150607291609,2.220446049250313e-16
3,raw kappa,direct,AbellS1063,Abell S1063,comparison_gamma1,4096,0.517062977474252,0.0958982820344829,0.03112164824934939,4.83604014413682,284.97735479845454,100.0,-0.01606907097072285,-4.73992814601989,4.73992814601989,1.3552527156068805e-20,-0.25548869371414185,0.30773400255702005,-0.0028520251225155105,9.47985629203978,0.563222696271162,"[24, 17]","[33, 32]",17.4928556845359,0.06707133759499015,0.00948150607291609,2.220446049250313e-16
3,raw kappa,direct,AbellS1063,Abell S1063,comparison_gamma2,4096,0.15906655620506532,0.04638775373546253,0.03326393706753605,4.806303184273544,112.822051539526,100.0,-0.008851106755246432,-4.7392329296335305,4.739734955460628,0.0,-0.20429740846157074,0.31596895910444694,0.013527305282462342,9.478967885094159,0.5202663675660177,"[19, 18]","[30, 33]",18.601075237738275,0.4107319291334599,0.00948150607291609,2.220446049250313e-16
3,raw kappa,direct,AbellS1063,Abell S1063,comparison_gamma,4096,0.5321009194136099,0.12543311817538627,0.06311127723800765,4.728281929336592,193.55206006712768,100.0,0.013561747185436492,0.0,4.739965840448742,0.06035827837029888,0.0,0.3626261450130663,0.0672595968597144,4.739965840448742,0.3626261450130663,"[24, 17]","[33, 32]",17.4928556845359,0.06841063194871802,0.00948150607291609,2.220446049250313e-16
3,raw kappa,direct,Abell370,Abell 370,comparison_kappa,25,0.5612759749148191,0.5589670360285329,0.5511489696800709,0.7142609357833862,8293.128235899705,1077.5367971777828,nan,-0.5,-0.5,-0.5,-0.010179196913091037,0.21426093578338623,0.058967036028533,0.0,0.22444013269647728,"[20, 0]","[32, 32]",34.17601498127012,-0.018607017276945234,0.009477465064264834,2.220446049250313e-16
3,raw kappa,direct,Abell370,Abell 370,comparison_gamma1,4096,0.5301566891995414,0.11738735929352673,0.04963335953652859,4.927832371553113,582.4984064728064,100.0,-0.009592622875208132,-4.73987482118577,4.73987482118577,-2.0328790734103208e-19,-0.4928266704082489,0.3075925409793854,-0.011296329791970056,9.47974964237154,0.8004192113876343,"[40, 17]","[29, 0]",20.248456731316587,0.061257261596742545,0.009477465064264834,2.220446049250313e-16
3,raw kappa,direct,Abell370,Abell 370,comparison_gamma2,4096,0.16755646614830044,0.06397064215143669,0.04855253236989244,4.7993497645164656,115.56188808242757,100.0,-0.017243845292350037,-4.739740230601161,4.739844865640333,4.336808689942018e-19,-0.32441097497940063,0.2763311266899109,0.0182991790713386,9.479585096241493,0.6007421016693115,"[19, 18]","[31, 0]",21.633307652783937,0.3629284345281954,0.009477465064264834,2.220446049250313e-16
3,raw kappa,direct,Abell370,Abell 370,comparison_gamma,4096,0.5446642964551237,0.15694014331509387,0.08936316147446632,4.703545411823113,173.46529799118917,100.0,-0.0077725941292673085,0.0,4.7398901399017594,0.06270592974731723,0.0014949318720027804,0.5116289854049683,0.09705151540649613,4.7398901399017594,0.5101340535329655,"[33, 17]","[29, 0]",17.46424919657298,0.057987015395614724,0.009477465064264834,2.220446049250313e-16
4,|gamma| (from gamma.fits),direct,Abell2744,Abell 2744,comparison_kappa,25,0.5567551329841356,0.5512439729208275,0.5431494581557457,0.7083742767572403,1837.9839668269924,921.5588760259058,nan,-0.5,-0.5,-0.5,-0.13970666074208693,0.2083742767572403,0.051243972920827476,0.0,0.3480809374993272,"[20, 0]","[33, 32]",34.539832078341085,-0.007204360225312317,0.009484275011345744,2.220446049250313e-16
4,|gamma| (from gamma.fits),direct,Abell2744,Abell 2744,comparison_gamma1,4096,0.5163590752937695,0.10357636964623437,0.04028659461746183,4.858804385606225,551.3439743538127,100.0,0.0074420578801913505,-4.739875187411046,4.739875187411046,3.3881317890172014e-21,-0.3198103600506129,0.3131638814442414,-0.013846408134187567,9.479750374822093,0.6329742414948543,"[20, 17]","[32, 33]",20.0,0.06637110775332532,0.009484275011345744,2.220446049250313e-16
4,|gamma| (from gamma.fits),direct,Abell2744,Abell 2744,comparison_gamma2,4096,0.15975134250631834,0.04884111848458449,0.03761414775536172,4.8115208158463885,169.35722769494578,100.0,-0.024799993946452673,-4.739134673259727,4.739875187411046,-4.336808689942018e-19,-0.3903151304543438,0.1792275607585907,-0.005067061197881819,9.479009860670773,0.5695426912129344,"[19, 18]","[33, 33]",20.518284528683193,0.43232675533997095,0.009484275011345744,2.220446049250313e-16
4,|gamma| (from gamma.fits),direct,Abell2744,Abell 2744,comparison_gamma,4096,0.533527570806922,0.1343166777212893,0.07041399565995327,4.720764519546584,206.22792896467143,100.0,-0.027917431819544633,0.0,4.739920797416252,0.0603946822473677,0.0010240572737529874,0.4387801225358414,0.07598132846631889,4.739920797416252,0.43775606526208843,"[19, 18]","[33, 33]",20.518284528683193,0.06137909961319566,0.009484275011345744,2.220446049250313e-16
4,|gamma| (from gamma.fits),direct,MACS0416,MACS J0416,comparison_kappa,25,0.5807003077102626,0.5698305641043754,0.5739773660898209,0.7863929271697998,2000000000000846.0,508.7558765362149,nan,-0.5,-0.5,-0.5,-0.167955681681633,0.2863929271697998,0.06983056410437545,0.0,0.4543486088514328,"[20, 0]","[32, 32]",34.17601498127012,-0.004839926989065742,0.009479566011577845,2.220446049250313e-16
4,|gamma| (from gamma.fits),direct,MACS0416,MACS J0416,comparison_gamma1,4096,0.5283239130614914,0.10859665640499842,0.040885475360684834,4.833908030696694,454.38284642914016,100.0,0.0009535963296488321,-4.739950179478631,4.739950179478631,1.6940658945086007e-21,-0.5153349921150346,0.3970712721347809,-0.010922311339233118,9.479900358957263,0.9124062642498155,"[41, 17]","[29, 32]",19.209372712298546,0.06437370682242588,0.009479566011577845,2.220446049250313e-16
4,|gamma| (from gamma.fits),direct,MACS0416,MACS J0416,comparison_gamma2,4096,0.1629866741437377,0.05499994892734304,0.04051517331529231,4.862489804506489,256.147745729969,100.0,-2.3988694894313567e-05,-4.7398069107218905,4.739895480476869,4.336808689942018e-19,-0.3220425773234601,0.4376878175695812,0.007521701997983666,9.47970239119876,0.7597303948930413,"[18, 18]","[29, 33]",18.601075237738275,0.42208086102617304,0.009479566011577845,2.220446049250313e-16
4,|gamma| (from gamma.fits),direct,MACS0416,MACS J0416,comparison_gamma,4096,0.5445091301509071,0.14377205558845213,0.07641509266954585,4.738095642597343,250.6196753590587,100.0,-0.010059340795279367,0.0,4.739952681078214,0.06271334879137187,0.0,0.5607741560817849,0.0834989090779363,4.739952681078214,0.5607741560817849,"[36, 17]","[29, 32]",16.55294535724685,0.06007345121093376,0.009479566011577845,2.220446049250313e-16
4,|gamma| (from gamma.fits),direct,MACS1149,MACS J1149,comparison_kappa,25,0.5176523609073103,0.5092472227693846,0.48785638328020764,0.7149682492017746,2401.878235504037,654.0323492207526,nan,-0.5,-0.5,-0.5,-0.1546057164669037,0.2149682492017746,0.009247222769384602,0.0,0.3695739656686783,"[20, 0]","[33, 32]",34.539832078341085,-0.0009367790210695901,0.009470276068896055,2.220446049250313e-16
4,|gamma| (from gamma.fits),direct,MACS1149,MACS J1149,comparison_gamma1,4096,0.5324965589213122,0.12667195785544427,0.058028751984238625,4.909889081238466,176.01137626054447,100.0,-0.007389355136878369,-4.739939609279955,4.739939609279955,2.456395547037471e-20,-0.35520619153976446,1.4502143396271567,-0.03444096246959224,9.47987921855991,1.8054205311669211,"[41, 17]","[32, 33]",18.35755975068582,0.04237900947764006,0.009470276068896055,2.220446049250313e-16
4,|gamma| (from gamma.fits),direct,MACS1149,MACS J1149,comparison_gamma2,4096,0.16988677778094696,0.06556109963264921,0.04902230780423846,4.808694988672593,108.69386577521249,100.0,-0.023956502647806455,-4.739937414199484,4.737482737067723,0.0,-0.471298966818654,0.2979532480239868,0.0010645807427233653,9.477420151267207,0.7692522148426408,"[43, 18]","[32, 33]",18.601075237738275,0.40494221675781783,0.009470276068896055,2.220446049250313e-16
4,|gamma| (from gamma.fits),direct,MACS1149,MACS J1149,comparison_gamma,4096,0.5442860404291994,0.1651589293288042,0.09411593420164921,4.698533537362693,153.1598327849188,100.0,0.03138788964598214,0.0,4.7399538079034516,0.06273569263351636,0.003379303263500333,1.5389487716346064,0.10618757622865749,4.7399538079034516,1.535569468371106,"[25, 17]","[32, 33]",17.46424919657298,0.06320861574017096,0.009470276068896055,2.220446049250313e-16
4,|gamma| (from gamma.fits),direct,AbellS1063,Abell S1063,comparison_kappa,25,0.5454082918500109,0.539740184038759,0.545792244374752,0.722885474562645,1661.0089090055544,802.2219894889561,nan,-0.5,-0.5,-0.5,-0.08533000200986862,0.22288547456264496,0.03974018403875906,0.0,0.3082154765725136,"[20, 0]","[33, 31]",33.61547262794322,-0.005570453705823736,0.009471434983424842,2.220446049250313e-16
4,|gamma| (from gamma.fits),direct,AbellS1063,Abell S1063,comparison_gamma1,4096,0.537655214039776,0.10072741774477996,0.03131708316504955,4.836538587848676,307.44452475919263,100.0,-0.015233644116034988,-4.739862340113029,4.739862340113029,1.2197274440461925e-19,-0.25548869371414185,0.30773400255702005,-0.0028520251225155105,9.479724680226058,0.563222696271162,"[26, 17]","[33, 32]",16.55294535724685,0.062383756007778964,0.009471434983424842,2.220446049250313e-16
4,|gamma| (from gamma.fits),direct,AbellS1063,Abell S1063,comparison_gamma2,4096,0.15953398675281139,0.04725726719270913,0.03361161984503269,4.8068016279854,127.70345605038494,100.0,-0.005378858069281789,-4.739654359559549,4.731926010264964,0.0,-0.20429740846157074,0.31596895910444694,0.013527305282462342,9.471580369824512,0.5202663675660177,"[43, 18]","[30, 33]",19.849433241279208,0.4100111156852895,0.009471434983424842,2.220446049250313e-16
4,|gamma| (from gamma.fits),direct,AbellS1063,Abell S1063,comparison_gamma,4096,0.5519066500168066,0.1300828728482985,0.06324062884533448,4.728258816537696,206.5526373946792,100.0,0.00935659034304234,0.0,4.739906820480961,0.06524755956538127,0.0,0.3626261450130663,0.0672595968597144,4.739906820480961,0.3626261450130663,"[26, 17]","[33, 32]",16.55294535724685,0.0636094680616798,0.009471434983424842,2.220446049250313e-16
4,|gamma| (from gamma.fits),direct,Abell370,Abell 370,comparison_kappa,25,0.5612759749148191,0.5589670360285329,0.5511489696800709,0.7142609357833862,8293.128235899705,1077.5367971777828,nan,-0.5,-0.5,-0.5,-0.010179196913091037,0.21426093578338623,0.058967036028533,0.0,0.22444013269647728,"[20, 0]","[32, 32]",34.17601498127012,-0.018607017276945234,0.009507284965366125,2.220446049250313e-16
4,|gamma| (from gamma.fits),direct,Abell370,Abell 370,comparison_gamma1,4096,0.5299066036062995,0.11784489998824309,0.04982871003448963,4.917353415945541,583.4159966869324,100.0,-0.010505805898833336,-4.739574093574093,4.739574093574093,1.3552527156068805e-19,-0.4928266704082489,0.3075925409793854,-0.011296329791970056,9.479148187148185,0.8004192113876343,"[38, 17]","[29, 0]",19.235384061671343,0.0610876415623982,0.009507284965366125,2.220446049250313e-16
4,|gamma| (from gamma.fits),direct,Abell370,Abell 370,comparison_gamma2,4096,0.16854078195009722,0.06490816070286626,0.04895239137113094,4.799061402984632,119.7821931378547,100.0,-0.01681169634573349,-4.739380856350522,4.739503304351494,0.0,-0.32441097497940063,0.2763311266899109,0.0182991790713386,9.478884160702016,0.6007421016693115,"[20, 18]","[31, 0]",21.095023109728988,0.360455243909675,0.009507284965366125,2.220446049250313e-16
4,|gamma| (from gamma.fits),direct,Abell370,Abell 370,comparison_gamma,4096,0.5445746649045352,0.1570203828792755,0.08939419582046888,4.702959844008657,173.71781835248655,100.0,-0.007695161809807466,0.0,4.739743728756281,0.0631817099969759,0.0014949318720027804,0.5116289854049683,0.09705151540649613,4.739743728756281,0.5101340535329655,"[43, 17]","[29, 0]",22.02271554554524,0.05815603411579535,0.009507284965366125,2.220446049250313e-16
5,sqrt(gamma1^2 + gamma2^2),direct,Abell2744,Abell 2744,comparison_kappa,25,0.5567551329841356,0.5512439729208275,0.5431494581557457,0.7083742767572403,1837.9839668269924,921.5588760259058,nan,-0.5,-0.5,-0.5,-0.13970666074208693,0.2083742767572403,0.051243972920827476,0.0,0.3480809374993272,"[20, 0]","[33, 32]",34.539832078341085,-0.007204360225312317,0.009489364922046661,2.220446049250313e-16
5,sqrt(gamma1^2 + gamma2^2),direct,Abell2744,Abell 2744,comparison_gamma1,4096,0.516355128753822,0.10358022723118476,0.040294246393300585,4.858925921959472,551.3423436645617,100.0,0.007426937720872448,-4.739886988784767,4.739886988784767,5.522654816098038e-19,-0.3198103600506129,0.3131638814442414,-0.013846408134187567,9.479773977569534,0.6329742414948543,"[20, 17]","[32, 33]",20.0,0.06636956283372164,0.009489364922046661,2.220446049250313e-16
5,sqrt(gamma1^2 + gamma2^2),direct,Abell2744,Abell 2744,comparison_gamma2,4096,0.15976217453091737,0.04886844041967703,0.037603377941108865,4.811578602721447,169.49718818686964,100.0,-0.02485423762398053,-4.739094424935983,4.739886988784767,4.336808689942018e-19,-0.3903151304543438,0.1792275607585907,-0.005067061197881819,9.47898141372075,0.5695426912129344,"[19, 18]","[33, 33]",20.518284528683193,0.4322837098024042,0.009489364922046661,2.220446049250313e-16
5,sqrt(gamma1^2 + gamma2^2),direct,Abell2744,Abell 2744,comparison_gamma,4096,0.5335251306045629,0.13431695359176715,0.07042340876271301,4.720705477283686,206.22691628726497,100.0,-0.027910961824530824,0.0,4.739910009729294,0.06039364741918467,0.0010240572737529874,0.4387801225358414,0.07598132846631889,4.739910009729294,0.43775606526208843,"[19, 18]","[33, 33]",20.518284528683193,0.06138002231876197,0.009489364922046661,2.220446049250313e-16
5,sqrt(gamma1^2 + gamma2^2),direct,MACS0416,MACS J0416,comparison_kappa,25,0.5807003077102626,0.5698305641043754,0.5739773660898209,0.7863929271697998,2000000000000846.0,508.7558765362149,nan,-0.5,-0.5,-0.5,-0.167955681681633,0.2863929271697998,0.06983056410437545,0.0,0.4543486088514328,"[20, 0]","[32, 32]",34.17601498127012,-0.004839926989065742,0.009478834923356771,2.220446049250313e-16
5,sqrt(gamma1^2 + gamma2^2),direct,MACS0416,MACS J0416,comparison_gamma1,4096,0.528320947539229,0.10859841077461269,0.040885475360684834,4.833871610283302,454.37042668610707,100.0,0.0009612129053160397,-4.739947365310466,4.739947365310466,2.286988957586611e-19,-0.5153349921150346,0.3970712721347809,-0.010922311339233118,9.479894730620932,0.9124062642498155,"[41, 17]","[29, 32]",19.209372712298546,0.06437594592809867,0.009478834923356771,2.220446049250313e-16
5,sqrt(gamma1^2 + gamma2^2),direct,MACS0416,MACS J0416,comparison_gamma2,4096,0.1629923876152975,0.05501748558865137,0.04053681899630843,4.862415618146175,256.23146343088536,100.0,-7.993912126074897e-05,-4.739778330629937,4.739859060063477,0.0,-0.3220425773234601,0.4376878175695812,0.007521701997983666,9.479637390693414,0.7597303948930413,"[18, 18]","[29, 33]",18.601075237738275,0.4220469561842788,0.009478834923356771,2.220446049250313e-16
5,sqrt(gamma1^2 + gamma2^2),direct,MACS0416,MACS J0416,comparison_gamma,4096,0.5445068226671322,0.14377461288390025,0.07641509266954585,4.738080770272002,250.63578310250102,100.0,-0.010057820563498675,0.0,4.73994943499471,0.06271683998478875,0.0,0.5607741560817849,0.0834989090779363,4.73994943499471,0.5607741560817849,"[41, 17]","[29, 32]",19.209372712298546,0.060074848219310875,0.009478834923356771,2.220446049250313e-16
5,sqrt(gamma1^2 + gamma2^2),direct,MACS1149,MACS J1149,comparison_kappa,25,0.5176523609073103,0.5092472227693846,0.48785638328020764,0.7149682492017746,2401.878235504037,654.0323492207526,nan,-0.5,-0.5,-0.5,-0.1546057164669037,0.2149682492017746,0.009247222769384602,0.0,0.3695739656686783,"[20, 0]","[33, 32]",34.539832078341085,-0.0009367790210695901,0.009466815972700715,2.220446049250313e-16
5,sqrt(gamma1^2 + gamma2^2),direct,MACS1149,MACS J1149,comparison_gamma1,4096,0.5324930683757315,0.12667288161707266,0.058028751984238625,4.9098192590339895,176.01229046336522,100.0,-0.007389755862849732,-4.739932149593711,4.739932149593711,-7.453889935837843e-20,-0.35520619153976446,1.4502143396271567,-0.03444096246959224,9.479864299187422,1.8054205311669211,"[41, 17]","[32, 33]",18.35755975068582,0.04237929177074241,0.009466815972700715,2.220446049250313e-16
5,sqrt(gamma1^2 + gamma2^2),direct,MACS1149,MACS J1149,comparison_gamma2,4096,0.16989618788505706,0.06557313034457378,0.04902230780423846,4.80868789870442,108.72817709600574,100.0,-0.023969533586628174,-4.739930324231311,4.737384532600708,4.336808689942018e-19,-0.471298966818654,0.2979532480239868,0.0010645807427233653,9.47731485683202,0.7692522148426408,"[43, 18]","[32, 33]",18.601075237738275,0.4049105825632314,0.009466815972700715,2.220446049250313e-16
5,sqrt(gamma1^2 + gamma2^2),direct,MACS1149,MACS J1149,comparison_gamma,4096,0.5442847850164794,0.16515733576690134,0.09417857584499174,4.69852918918469,153.1589848387697,100.0,0.03139063866127699,0.0,4.739951899737578,0.0627370110061522,0.003379303263500333,1.5389487716346064,0.10618757622865749,4.739951899737578,1.535569468371106,"[25, 17]","[32, 33]",17.46424919657298,0.06320986086021387,0.009466815972700715,2.220446049250313e-16
5,sqrt(gamma1^2 + gamma2^2),direct,AbellS1063,Abell S1063,comparison_kappa,25,0.5454082918500109,0.539740184038759,0.545792244374752,0.722885474562645,1661.0089090055544,802.2219894889561,nan,-0.5,-0.5,-0.5,-0.08533000200986862,0.22288547456264496,0.03974018403875906,0.0,0.3082154765725136,"[20, 0]","[33, 31]",33.61547262794322,-0.005570453705823736,0.009488255949690938,2.220446049250313e-16
5,sqrt(gamma1^2 + gamma2^2),direct,AbellS1063,Abell S1063,comparison_gamma1,4096,0.537639385787028,0.1006985178044423,0.0312599318731331,4.836513815672449,307.36091047879773,100.0,-0.015206062054469744,-4.7398810011889125,4.7398810011889125,5.014435047745458e-19,-0.25548869371414185,0.30773400255702005,-0.0028520251225155105,9.479762002377825,0.563222696271162,"[26, 17]","[33, 32]",16.55294535724685,0.06239276263988828,0.009488255949690938,2.220446049250313e-16
5,sqrt(gamma1^2 + gamma2^2),direct,AbellS1063,Abell S1063,comparison_gamma2,4096,0.15956415006736477,0.047279878634415975,0.03361161984503269,4.806776855809172,128.31242721193144,100.0,-0.0054254648308413546,-4.739629587383321,4.7315067010935845,4.336808689942018e-19,-0.20429740846157074,0.31596895910444694,0.013527305282462342,9.471136288476906,0.5202663675660177,"[43, 18]","[30, 33]",19.849433241279208,0.4099126438150307,0.009488255949690938,2.220446049250313e-16
5,sqrt(gamma1^2 + gamma2^2),direct,AbellS1063,Abell S1063,comparison_gamma,4096,0.5519006359707498,0.1300665913740341,0.06324062884533448,4.728246022457939,206.50700693612114,100.0,0.009389165457028434,0.0,4.7398940264012035,0.06523622174360401,0.0,0.3626261450130663,0.0672595968597144,4.7398940264012035,0.3626261450130663,"[26, 17]","[33, 32]",16.55294535724685,0.0636149858373365,0.009488255949690938,2.220446049250313e-16
5,sqrt(gamma1^2 + gamma2^2),direct,Abell370,Abell 370,comparison_kappa,25,0.5612759749148191,0.5589670360285329,0.5511489696800709,0.7142609357833862,8293.128235899705,1077.5367971777828,nan,-0.5,-0.5,-0.5,-0.010179196913091037,0.21426093578338623,0.058967036028533,0.0,0.22444013269647728,"[20, 0]","[32, 32]",34.17601498127012,-0.018607017276945234,0.009518095990642905,2.220446049250313e-16
5,sqrt(gamma1^2 + gamma2^2),direct,Abell370,Abell 370,comparison_gamma1,4096,0.5299001154104268,0.11786145062890595,0.04982871003448963,4.9181002737945665,583.470465488853,100.0,-0.010496443814450218,-4.739522148796576,4.739522148796576,-5.421010862427522e-19,-0.4928266704082489,0.3075925409793854,-0.011296329791970056,9.479044297593152,0.8004192113876343,"[38, 17]","[29, 0]",19.235384061671343,0.06108991697751714,0.009518095990642905,2.220446049250313e-16
5,sqrt(gamma1^2 + gamma2^2),direct,Abell370,Abell 370,comparison_gamma2,4096,0.16856090287928924,0.06492886137074777,0.04902278019913606,4.79903757767621,119.8946001371756,100.0,-0.016870731638182295,-4.739334406338464,4.739479479043072,0.0,-0.32441097497940063,0.2763311266899109,0.0182991790713386,9.478813885381536,0.6007421016693115,"[20, 18]","[31, 0]",21.095023109728988,0.36038731830149323,0.009518095990642905,2.220446049250313e-16
5,sqrt(gamma1^2 + gamma2^2),direct,Abell370,Abell 370,comparison_gamma,4096,0.5445727814108778,0.15702867076828758,0.08939419582046888,4.702956391663457,173.7456727432072,100.0,-0.00772310044502183,0.0,4.73971534571382,0.0631970226433441,0.0014949318720027804,0.5116289854049683,0.09705151540649613,4.73971534571382,0.5101340535329655,"[43, 17]","[29, 0]",22.02271554554524,0.0581558825128872,0.009518095990642905,2.220446049250313e-16
6,sqrt(kappa^2 + gamma^2),composite,Abell2744,Abell 2744,comparison_kappa,25,0.5567551329841356,0.5512439729208275,0.5431494581557457,0.7083742767572403,1837.9839668269924,921.5588760259058,nan,-0.5,-0.5,-0.5,-0.13970666074208693,0.2083742767572403,0.051243972920827476,0.0,0.3480809374993272,"[20, 0]","[33, 32]",34.539832078341085,-0.007204360225312317,0.009457526030018926,2.220446049250313e-16
6,sqrt(kappa^2 + gamma^2),composite,Abell2744,Abell 2744,comparison_gamma1,4096,0.5270163564426189,0.10583068919087699,0.04028659461746183,4.8588470864648885,567.9212605632295,100.0,0.005661165909191819,-4.739944958568281,4.739944958568281,-3.6591823321385775e-19,-0.3198103600506129,0.3131638814442414,-0.013846408134187567,9.479889917136562,0.6329742414948543,"[19, 17]","[32, 33]",20.615528128088304,0.0636008439473922,0.009457526030018926,2.220446049250313e-16
6,sqrt(kappa^2 + gamma^2),composite,Abell2744,Abell 2744,comparison_gamma2,4096,0.1604119063075912,0.04860189339747651,0.037216635420918465,4.879154765487379,164.96934795284858,100.0,-0.03967598692562088,-4.739925406173288,4.739944958568281,0.0,-0.3903151304543438,0.1792275607585907,-0.005067061197881819,9.479870364741569,0.5695426912129344,"[18, 18]","[33, 33]",21.213203435596427,0.4273042419064546,0.009457526030018926,2.220446049250313e-16
6,sqrt(kappa^2 + gamma^2),composite,Abell2744,Abell 2744,comparison_gamma,4096,0.5430861337501176,0.13650324868728525,0.07042340876271301,4.7208701474020955,207.52786242925293,100.0,-0.019389550953861412,0.0,4.739955458731752,0.06263807031469289,0.0010240572737529874,0.4387801225358414,0.07598132846631889,4.739955458731752,0.43775606526208843,"[19, 18]","[33, 33]",20.518284528683193,0.06074635042782674,0.009457526030018926,2.220446049250313e-16
6,sqrt(kappa^2 + gamma^2),composite,MACS0416,MACS J0416,comparison_kappa,25,0.5807003077102626,0.5698305641043754,0.5739773660898209,0.7863929271697998,2000000000000846.0,508.7558765362149,nan,-0.5,-0.5,-0.5,-0.167955681681633,0.2863929271697998,0.06983056410437545,0.0,0.4543486088514328,"[20, 0]","[32, 32]",34.17601498127012,-0.004839926989065742,0.009504156070761383,2.220446049250313e-16
6,sqrt(kappa^2 + gamma^2),composite,MACS0416,MACS J0416,comparison_gamma1,4096,0.5283357902255695,0.10858739378788362,0.04101103875372198,4.833942616697517,454.382829005554,100.0,0.0009264372875168149,-4.739969026357563,4.739969026357563,4.0657581468206416e-20,-0.5153349921150346,0.3970712721347809,-0.010922311339233118,9.479938052715125,0.9124062642498155,"[39, 17]","[29, 32]",18.027756377319946,0.06436566171736141,0.009504156070761383,2.220446049250313e-16
6,sqrt(kappa^2 + gamma^2),composite,MACS0416,MACS J0416,comparison_gamma2,4096,0.16300276441537717,0.05500138263986938,0.04041301003760796,4.862737737710883,254.82584724715866,100.0,-0.0006979078310008052,-4.739937207261591,4.739930066477691,8.673617379884035e-19,-0.3220425773234601,0.4376878175695812,0.007521701997983666,9.479867273739282,0.7597303948930413,"[43, 18]","[29, 33]",20.518284528683193,0.42187837247143833,0.009504156070761383,2.220446049250313e-16
6,sqrt(kappa^2 + gamma^2),composite,MACS0416,MACS J0416,comparison_gamma,4096,0.5445123550703179,0.14378052527662105,0.07642802247215832,4.738024782718082,250.67180937984648,100.0,-0.009987067593067958,0.0,4.739985834134505,0.06268005904997051,0.0,0.5607741560817849,0.0834989090779363,4.739985834134505,0.5607741560817849,"[40, 17]","[29, 32]",18.601075237738275,0.06007931197520755,0.009504156070761383,2.220446049250313e-16
6,sqrt(kappa^2 + gamma^2),composite,MACS1149,MACS J1149,comparison_kappa,25,0.5176523609073103,0.5092472227693846,0.48785638328020764,0.7149682492017746,2401.878235504037,654.0323492207526,nan,-0.5,-0.5,-0.5,-0.1546057164669037,0.2149682492017746,0.009247222769384602,0.0,0.3695739656686783,"[20, 0]","[33, 32]",34.539832078341085,-0.0009367790210695901,0.009431945974938571,2.220446049250313e-16
6,sqrt(kappa^2 + gamma^2),composite,MACS1149,MACS J1149,comparison_gamma1,4096,0.5325373489153307,0.12665224341798992,0.05809392221271992,4.910655978374263,176.01271755404076,100.0,-0.007326819444588194,-4.739986272178229,4.739986272178229,3.2187251995663413e-19,-0.35520619153976446,1.4502143396271567,-0.03444096246959224,9.479972544356459,1.8054205311669211,"[43, 17]","[32, 33]",19.4164878389476,0.04238538310478995,0.009431945974938571,2.220446049250313e-16
6,sqrt(kappa^2 + gamma^2),composite,MACS1149,MACS J1149,comparison_gamma2,4096,0.1697404719231984,0.06536004915059329,0.0487958599102548,4.8087049889049265,108.04988033513436,100.0,-0.023780422629428546,-4.739986272178229,4.739587426729423,4.336808689942018e-19,-0.471298966818654,0.2979532480239868,0.0010645807427233653,9.479573698907652,0.7692522148426408,"[44, 18]","[32, 33]",19.209372712298546,0.4054203036955376,0.009431945974938571,2.220446049250313e-16
6,sqrt(kappa^2 + gamma^2),composite,MACS1149,MACS J1149,comparison_gamma,4096,0.544320609892621,0.16529325872513728,0.09423886257268133,4.698535905863015,153.2686500087855,100.0,0.03130540410442831,0.0,4.739993156668628,0.06260498147557039,0.003379303263500333,1.5389487716346064,0.10618757622865749,4.739993156668628,1.535569468371106,"[43, 17]","[32, 33]",19.4164878389476,0.06313571757040025,0.009431945974938571,2.220446049250313e-16
6,sqrt(kappa^2 + gamma^2),composite,AbellS1063,Abell S1063,comparison_kappa,25,0.5454082918500109,0.539740184038759,0.545792244374752,0.722885474562645,1661.0089090055544,802.2219894889561,nan,-0.5,-0.5,-0.5,-0.08533000200986862,0.22288547456264496,0.03974018403875906,0.0,0.3082154765725136,"[20, 0]","[33, 31]",33.61547262794322,-0.005570453705823736,0.009450656012631953,2.220446049250313e-16
6,sqrt(kappa^2 + gamma^2),composite,AbellS1063,Abell S1063,comparison_gamma1,4096,0.5275724555595368,0.09817942129699464,0.0312599318731331,4.83641957318361,294.98438984373144,100.0,-0.01602075698329127,-4.739957776420086,4.739957776420086,-3.9132922163148676e-19,-0.25548869371414185,0.30773400255702005,-0.0028520251225155105,9.479915552840172,0.563222696271162,"[26, 17]","[33, 32]",16.55294535724685,0.06454720154786353,0.009450656012631953,2.220446049250313e-16
6,sqrt(kappa^2 + gamma^2),composite,AbellS1063,Abell S1063,comparison_gamma2,4096,0.15891506362990343,0.046462834382032095,0.03350113641973288,4.8066826133203335,108.65533347309028,100.0,-0.005359470516666476,-4.739561424709927,4.739080851118424,-4.336808689942018e-19,-0.20429740846157074,0.31596895910444694,0.013527305282462342,9.478642275828351,0.5202663675660177,"[44, 18]","[30, 33]",20.518284528683193,0.411796743656777,0.009450656012631953,2.220446049250313e-16
6,sqrt(kappa^2 + gamma^2),composite,AbellS1063,Abell S1063,comparison_gamma,4096,0.5420982320867335,0.12776396404931883,0.06320615438005292,4.728317431355917,199.51320539755443,100.0,0.011842768756623573,0.0,4.739976577986225,0.06263177738275738,0.0,0.3626261450130663,0.0672595968597144,4.739976577986225,0.3626261450130663,"[25, 17]","[33, 32]",17.0,0.06602272005395424,0.009450656012631953,2.220446049250313e-16
6,sqrt(kappa^2 + gamma^2),composite,Abell370,Abell 370,comparison_kappa,25,0.5612759749148191,0.5589670360285329,0.5511489696800709,0.7142609357833862,8293.128235899705,1077.5367971777828,nan,-0.5,-0.5,-0.5,-0.010179196913091037,0.21426093578338623,0.058967036028533,0.0,0.22444013269647728,"[20, 0]","[32, 32]",34.17601498127012,-0.018607017276945234,0.009459846070967615,2.220446049250313e-16
6,sqrt(kappa^2 + gamma^2),composite,Abell370,Abell 370,comparison_gamma1,4096,0.5301514686735405,0.11749441101180114,0.04963335953652859,4.927329990726277,582.5965267871934,100.0,-0.009951635852010384,-4.739914251116684,4.739914251116684,4.0657581468206416e-19,-0.4928266704082489,0.3075925409793854,-0.011296329791970056,9.479828502233367,0.8004192113876343,"[41, 17]","[29, 0]",20.808652046684813,0.06117424098680477,0.009459846070967615,2.220446049250313e-16
6,sqrt(kappa^2 + gamma^2),composite,Abell370,Abell 370,comparison_gamma2,4096,0.16770373137852845,0.06421714804231843,0.048813756200529274,4.799433194237541,116.58710016137996,100.0,-0.01690098376564558,-4.739902310354476,4.739877755085099,0.0,-0.32441097497940063,0.2763311266899109,0.0182991790713386,9.479780065439575,0.6007421016693115,"[44, 18]","[31, 0]",22.20360331117452,0.3626332406979778,0.009459846070967615,2.220446049250313e-16
6,sqrt(kappa^2 + gamma^2),composite,Abell370,Abell 370,comparison_gamma,4096,0.5446675977955613,0.15691789076051477,0.08936691656708717,4.703549879003192,173.45467866037535,100.0,-0.007745144064671082,0.0,4.739938492517215,0.06279233036346121,0.0014949318720027804,0.5116289854049683,0.09705151540649613,4.739938492517215,0.5101340535329655,"[40, 17]","[29, 0]",20.248456731316587,0.0580178128574688,0.009459846070967615,2.220446049250313e-16
7,|kappa - gamma|,composite,Abell2744,Abell 2744,comparison_kappa,25,0.5567551329841356,0.5512439729208275,0.5431494581557457,0.7083742767572403,1837.9839668269924,921.5588760259058,nan,-0.5,-0.5,-0.5,-0.13970666074208693,0.2083742767572403,0.051243972920827476,0.0,0.3480809374993272,"[20, 0]","[33, 32]",34.539832078341085,-0.007204360225312317,0.009499446023255587,2.220446049250313e-16
7,|kappa - gamma|,composite,Abell2744,Abell 2744,comparison_gamma1,4096,0.5163890360522315,0.10356620056201973,0.04027333438751241,4.85928739649098,551.0178615590431,100.0,0.007337798461552876,-4.7399274205293125,4.7399274205293125,4.387630666777276e-19,-0.3198103600506129,0.3131638814442414,-0.013846408134187567,9.479854841058625,0.6329742414948543,"[25, 17]","[32, 33]",17.46424919657298,0.06634615721335131,0.009499446023255587,2.220446049250313e-16
7,|kappa - gamma|,composite,Abell2744,Abell 2744,comparison_gamma2,4096,0.15970133459304486,0.04869003092963983,0.03739474098411414,4.813092777200709,168.9401582326227,100.0,-0.02466458661016744,-4.739539301664185,4.739901438772201,0.0,-0.3903151304543438,0.1792275607585907,-0.005067061197881819,9.479440740436386,0.5695426912129344,"[20, 18]","[33, 33]",19.849433241279208,0.43251104230523696,0.009499446023255587,2.220446049250313e-16
7,|kappa - gamma|,composite,Abell2744,Abell 2744,comparison_gamma,4096,0.5335373000283873,0.13430917815176674,0.07041844028888475,4.72089795566735,206.193744828357,100.0,-0.027810614110490565,0.0,4.73993879433204,0.06036784935243508,0.0010240572737529874,0.4387801225358414,0.07598132846631889,4.73993879433204,0.43775606526208843,"[27, 17]","[33, 33]",17.08800749063506,0.061386568420973196,0.009499446023255587,2.220446049250313e-16
7,|kappa - gamma|,composite,MACS0416,MACS J0416,comparison_kappa,25,0.5807003077102626,0.5698305641043754,0.5739773660898209,0.7863929271697998,2000000000000846.0,508.7558765362149,nan,-0.5,-0.5,-0.5,-0.167955681681633,0.2863929271697998,0.06983056410437545,0.0,0.4543486088514328,"[20, 0]","[32, 32]",34.17601498127012,-0.004839926989065742,0.009470615070313215,2.220446049250313e-16
7,|kappa - gamma|,composite,MACS0416,MACS J0416,comparison_gamma1,4096,0.5175533089860017,0.10632480160713584,0.04103878521848318,4.825386234057468,450.1360637866444,100.0,0.0049999087146338555,-4.739936516118568,4.739936516118568,3.7269449679189215e-19,-0.5153349921150346,0.3970712721347809,-0.010922311339233118,9.479873032237135,0.9124062642498155,"[35, 17]","[29, 32]",16.15549442140351,0.0677707768079457,0.009470615070313215,2.220446049250313e-16
7,|kappa - gamma|,composite,MACS0416,MACS J0416,comparison_gamma2,4096,0.16313756398791288,0.05509891966073876,0.04064611558403304,4.861142984501961,257.6772208428636,100.0,-0.002360855059936456,-4.738206616276849,4.739914361233484,-4.336808689942018e-19,-0.3220425773234601,0.4376878175695812,0.007521701997983666,9.478120977510333,0.7597303948930413,"[19, 18]","[29, 33]",18.027756377319946,0.4210852886827999,0.009470615070313215,2.220446049250313e-16
7,|kappa - gamma|,composite,MACS0416,MACS J0416,comparison_gamma,4096,0.5346663050996922,0.14156181754705988,0.07641006423722208,4.737897884029308,247.39176064547496,100.0,-0.009738601873190662,0.0,4.739950882807303,0.060418594540450093,0.0,0.5607741560817849,0.0834989090779363,4.739950882807303,0.5607741560817849,"[40, 17]","[29, 32]",18.601075237738275,0.06172622351423117,0.009470615070313215,2.220446049250313e-16
7,|kappa - gamma|,composite,MACS1149,MACS J1149,comparison_kappa,25,0.5176523609073103,0.5092472227693846,0.48785638328020764,0.7149682492017746,2401.878235504037,654.0323492207526,nan,-0.5,-0.5,-0.5,-0.1546057164669037,0.2149682492017746,0.009247222769384602,0.0,0.3695739656686783,"[20, 0]","[33, 32]",34.539832078341085,-0.0009367790210695901,0.009496795013546944,2.220446049250313e-16
7,|kappa - gamma|,composite,MACS1149,MACS J1149,comparison_gamma1,4096,0.5428061160054787,0.1289460335531982,0.058028751984238625,4.909888050323468,179.32165342391087,100.0,-0.008550981352547797,-4.739947733820636,4.739947733820636,4.336808689942018e-19,-0.35520619153976446,1.4502143396271567,-0.03444096246959224,9.479895467641272,1.8054205311669211,"[41, 17]","[32, 33]",18.35755975068582,0.040641515857606926,0.009496795013546944,2.220446049250313e-16
7,|kappa - gamma|,composite,MACS1149,MACS J1149,comparison_gamma2,4096,0.16975369402763194,0.06555604546329794,0.04902230780423846,4.799493692291451,109.50296443193203,100.0,-0.02183337977016502,-4.7399265764445415,4.737929336734997,-4.336808689942018e-19,-0.471298966818654,0.2979532480239868,0.0010645807427233653,9.477855913179539,0.7692522148426408,"[44, 18]","[32, 33]",19.209372712298546,0.40593000009488683,0.009496795013546944,2.220446049250313e-16
7,|kappa - gamma|,composite,MACS1149,MACS J1149,comparison_gamma,4096,0.5538924229281311,0.16742467598639907,0.09420663437673035,4.69853050125761,155.58835828225978,100.0,0.02996789298828399,0.0,4.739972662669836,0.06500909780156863,0.003379303263500333,1.5389487716346064,0.10618757622865749,4.739972662669836,1.535569468371106,"[42, 17]","[32, 33]",18.867962264113206,0.061839961920127445,0.009496795013546944,2.220446049250313e-16
7,|kappa - gamma|,composite,AbellS1063,Abell S1063,comparison_kappa,25,0.5454082918500109,0.539740184038759,0.545792244374752,0.722885474562645,1661.0089090055544,802.2219894889561,nan,-0.5,-0.5,-0.5,-0.08533000200986862,0.22288547456264496,0.03974018403875906,0.0,0.3082154765725136,"[20, 0]","[33, 31]",33.61547262794322,-0.005570453705823736,0.009542056010104716,2.220446049250313e-16
7,|kappa - gamma|,composite,AbellS1063,Abell S1063,comparison_gamma1,4096,0.537676273269902,0.10046443308033395,0.031197571860892483,4.836734039395658,1060.9323657810346,100.0,-0.013186420652370051,-4.739967124368351,4.739967124368351,8.673617379884035e-19,-0.25548869371414185,0.30773400255702005,-0.0028520251225155105,9.479934248736702,0.563222696271162,"[35, 17]","[33, 32]",15.132745950421556,0.06275257747042019,0.009542056010104716,2.220446049250313e-16
7,|kappa - gamma|,composite,AbellS1063,Abell S1063,comparison_gamma2,4096,0.15891357089136426,0.04678057289471797,0.03351518304811584,4.78698799798821,119.94157859671768,100.0,-0.0021656035798306964,-4.739870751510666,4.736898726998606,4.336808689942018e-19,-0.20429740846157074,0.31596895910444694,0.013527305282462342,9.476769478509272,0.5202663675660177,"[45, 18]","[30, 33]",21.213203435596427,0.4124239962818465,0.009542056010104716,2.220446049250313e-16
7,|kappa - gamma|,composite,AbellS1063,Abell S1063,comparison_gamma,4096,0.5519668883520051,0.130011324868875,0.06314652578698267,4.728252227298316,205.53423371783322,100.0,0.008630038576294281,0.0,4.739967639688202,0.0650313143419815,0.0,0.3626261450130663,0.0672595968597144,4.739967639688202,0.3626261450130663,"[35, 17]","[33, 32]",15.132745950421556,0.06348571815035538,0.009542056010104716,2.220446049250313e-16
7,|kappa - gamma|,composite,Abell370,Abell 370,comparison_kappa,25,0.5612759749148191,0.5589670360285329,0.5511489696800709,0.7142609357833862,8293.128235899705,1077.5367971777828,nan,-0.5,-0.5,-0.5,-0.010179196913091037,0.21426093578338623,0.058967036028533,0.0,0.22444013269647728,"[20, 0]","[32, 32]",34.17601498127012,-0.018607017276945234,0.009460614994168282,2.220446049250313e-16
7,|kappa - gamma|,composite,Abell370,Abell 370,comparison_gamma1,4096,0.5301461294733584,0.11751635192072732,0.0495859794318676,4.925585539814301,582.4330158565217,100.0,-0.010120710477213477,-4.739925588927782,4.739925588927782,8.673617379884035e-19,-0.4928266704082489,0.3075925409793854,-0.011296329791970056,9.479851177855563,0.8004192113876343,"[35, 17]","[29, 0]",18.027756377319946,0.061135583398214524,0.009460614994168282,2.220446049250313e-16
7,|kappa - gamma|,composite,Abell370,Abell 370,comparison_gamma2,4096,0.16782884799984402,0.0643143566904524,0.048659640940881585,4.798968438959676,116.42723665238029,100.0,-0.017445064630038483,-4.739873389413266,4.739638698935873,-4.336808689942018e-19,-0.32441097497940063,0.2763311266899109,0.0182991790713386,9.47951208834914,0.6007421016693115,"[44, 18]","[31, 0]",22.20360331117452,0.36218146623972886,0.009460614994168282,2.220446049250313e-16
7,|kappa - gamma|,composite,Abell370,Abell 370,comparison_gamma,4096,0.5446666818676582,0.15692436450825137,0.08936316147446632,4.703454518648676,173.49516614713923,100.0,-0.007646427934221927,0.0,4.739926305836991,0.0628229543348537,0.0014949318720027804,0.5116289854049683,0.09705151540649613,4.739926305836991,0.5101340535329655,"[35, 17]","[29, 0]",18.027756377319946,0.058042386425498575,0.009460614994168282,2.220446049250313e-16
8,|kappa| * |gamma|,composite,Abell2744,Abell 2744,comparison_kappa,25,0.5567551329841356,0.5512439729208275,0.5431494581557457,0.7083742767572403,1837.9839668269924,921.5588760259058,nan,-0.5,-0.5,-0.5,-0.13970666074208693,0.2083742767572403,0.051243972920827476,0.0,0.3480809374993272,"[20, 0]","[33, 32]",34.539832078341085,-0.007204360225312317,0.009442184935323894,2.220446049250313e-16
8,|kappa| * |gamma|,composite,Abell2744,Abell 2744,comparison_gamma1,4096,0.5270335952578844,0.10581719757367747,0.04027333438751241,4.859173436668245,567.6335790416956,100.0,0.00564677268263168,-4.739997440429364,4.739997440429364,-7.386127300057499e-19,-0.3198103600506129,0.3131638814442414,-0.013846408134187567,9.479994880858728,0.6329742414948543,"[19, 17]","[32, 33]",20.615528128088304,0.06359577112311854,0.009442184935323894,2.220446049250313e-16
8,|kappa| * |gamma|,composite,Abell2744,Abell 2744,comparison_gamma2,4096,0.16037242388988532,0.048500010430856555,0.03715951554477215,4.879207247348462,164.2065827559052,100.0,-0.03966674964303461,-4.739990444718189,4.739997440429364,0.0,-0.3903151304543438,0.1792275607585907,-0.005067061197881819,9.479987885147553,0.5695426912129344,"[18, 18]","[33, 33]",21.213203435596427,0.42743364289736324,0.009442184935323894,2.220446049250313e-16
8,|kappa| * |gamma|,composite,Abell2744,Abell 2744,comparison_gamma,4096,0.5430983713841069,0.13656348403768953,0.07049160924875994,4.720985405073484,207.6362594620901,100.0,-0.01935706922421635,0.0,4.739997462543379,0.06257386405307888,0.0010240572737529874,0.4387801225358414,0.07598132846631889,4.739997462543379,0.43775606526208843,"[18, 18]","[33, 33]",21.213203435596427,0.06073980599060467,0.009442184935323894,2.220446049250313e-16
8,|kappa| * |gamma|,composite,MACS0416,MACS J0416,comparison_kappa,25,0.5807003077102626,0.5698305641043754,0.5739773660898209,0.7863929271697998,2000000000000846.0,508.7558765362149,nan,-0.5,-0.5,-0.5,-0.167955681681633,0.2863929271697998,0.06983056410437545,0.0,0.4543486088514328,"[20, 0]","[32, 32]",34.17601498127012,-0.004839926989065742,0.009458026033826172,2.220446049250313e-16
8,|kappa| * |gamma|,composite,MACS0416,MACS J0416,comparison_gamma1,4096,0.5283429966546609,0.10849923264745043,0.04072179943914547,4.834011212855232,453.65944187294224,100.0,0.0009958352797290986,-4.739998691077443,4.739998691077443,1.043544591017298e-18,-0.5153349921150346,0.3970712721347809,-0.010922311339233118,9.479997382154886,0.9124062642498155,"[39, 17]","[29, 32]",18.027756377319946,0.06437976911183355,0.009458026033826172,2.220446049250313e-16
8,|kappa| * |gamma|,composite,MACS0416,MACS J0416,comparison_gamma2,4096,0.16296767599878723,0.0549187110542463,0.040382442995905876,4.862924585656288,253.6036892608095,100.0,-0.0006525833161836686,-4.739997457630879,4.739998662635407,0.0,-0.3220425773234601,0.4376878175695812,0.007521701997983666,9.479996120266286,0.7597303948930413,"[18, 18]","[29, 33]",18.601075237738275,0.4219989309802653,0.009458026033826172,2.220446049250313e-16
8,|kappa| * |gamma|,composite,MACS0416,MACS J0416,comparison_gamma,4096,0.5445358696393038,0.14387857888338532,0.07663194146302951,4.738146264959598,250.69957406619363,100.0,-0.009952128359490992,0.0,4.739999583920837,0.06252692317672592,0.0,0.5607741560817849,0.0834989090779363,4.739999583920837,0.5607741560817849,"[18, 18]","[29, 32]",17.804493814764857,0.06004877325028008,0.009458026033826172,2.220446049250313e-16
8,|kappa| * |gamma|,composite,MACS1149,MACS J1149,comparison_kappa,25,0.5176523609073103,0.5092472227693846,0.48785638328020764,0.7149682492017746,2401.878235504037,654.0323492207526,nan,-0.5,-0.5,-0.5,-0.1546057164669037,0.2149682492017746,0.009247222769384602,0.0,0.3695739656686783,"[20, 0]","[33, 32]",34.539832078341085,-0.0009367790210695901,0.009503595996648073,2.220446049250313e-16
8,|kappa| * |gamma|,composite,MACS1149,MACS J1149,comparison_gamma1,4096,0.5325489413177793,0.1266544847502562,0.05834591477399765,4.910768173115467,176.04586881132747,100.0,-0.007287841340609095,-4.739999912831395,4.739999912831395,-2.3505164286306834e-19,-0.35520619153976446,1.4502143396271567,-0.03444096246959224,9.47999982566279,1.8054205311669211,"[27, 17]","[32, 33]",16.76305461424021,0.04239109698391728,0.009503595996648073,2.220446049250313e-16
8,|kappa| * |gamma|,composite,MACS1149,MACS J1149,comparison_gamma2,4096,0.16967678702487185,0.06530112741069839,0.04898273966224786,4.808756514033905,107.85330478990309,100.0,-0.023484289222262436,-4.739999491354662,4.739998695723541,0.0,-0.471298966818654,0.2979532480239868,0.0010645807427233653,9.479998187078202,0.7692522148426408,"[44, 18]","[32, 33]",19.209372712298546,0.40569013446680574,0.009503595996648073,2.220446049250313e-16
8,|kappa| * |gamma|,composite,MACS1149,MACS J1149,comparison_gamma,4096,0.5443451877857554,0.16539387931931726,0.0944800153374672,4.6985809637735,153.35308939805196,100.0,0.031245482709709758,0.0,4.739999928370714,0.06250537553728178,0.003379303263500333,1.5389487716346064,0.10618757622865749,4.739999928370714,1.535569468371106,"[27, 17]","[32, 33]",16.76305461424021,0.06308042769241684,0.009503595996648073,2.220446049250313e-16
8,|kappa| * |gamma|,composite,AbellS1063,Abell S1063,comparison_kappa,25,0.5454082918500109,0.539740184038759,0.545792244374752,0.722885474562645,1661.0089090055544,802.2219894889561,nan,-0.5,-0.5,-0.5,-0.08533000200986862,0.22288547456264496,0.03974018403875906,0.0,0.3082154765725136,"[20, 0]","[33, 31]",33.61547262794322,-0.005570453705823736,0.009540406055748463,2.220446049250313e-16
8,|kappa| * |gamma|,composite,AbellS1063,Abell S1063,comparison_gamma1,4096,0.527596951118082,0.09810267228662836,0.031174867142918124,4.836836053764525,294.49760023273154,100.0,-0.01600414833840971,-4.739999573580994,4.739999573580994,-6.505213034913027e-19,-0.25548869371414185,0.30773400255702005,-0.0028520251225155105,9.479999147161989,0.563222696271162,"[25, 17]","[33, 32]",17.0,0.06454562871932994,0.009540406055748463,2.220446049250313e-16
8,|kappa| * |gamma|,composite,AbellS1063,Abell S1063,comparison_gamma2,4096,0.15886173972469994,0.04631013469147374,0.033230445392075016,4.807099093901249,100.52453273133733,100.0,-0.005768527520700882,-4.739979732466043,4.739993008192749,-4.336808689942018e-19,-0.20429740846157074,0.31596895910444694,0.013527305282462342,9.479972740658791,0.5202663675660177,"[18, 18]","[30, 33]",19.209372712298546,0.41192359096400716,0.009540406055748463,2.220446049250313e-16
8,|kappa| * |gamma|,composite,AbellS1063,Abell S1063,comparison_gamma,4096,0.5421101260062381,0.12780366560204925,0.06324062884533448,4.728351484837988,199.5185247368129,100.0,0.011904940453901286,0.0,4.739999750752893,0.06253647786664368,0.0,0.3626261450130663,0.0672595968597144,4.739999750752893,0.3626261450130663,"[24, 17]","[33, 32]",17.4928556845359,0.0660244342723622,0.009540406055748463,2.220446049250313e-16
8,|kappa| * |gamma|,composite,Abell370,Abell 370,comparison_kappa,25,0.5612759749148191,0.5589670360285329,0.5511489696800709,0.7142609357833862,8293.128235899705,1077.5367971777828,nan,-0.5,-0.5,-0.5,-0.010179196913091037,0.21426093578338623,0.058967036028533,0.0,0.22444013269647728,"[20, 0]","[32, 32]",34.17601498127012,-0.018607017276945234,0.00951840600464493,2.220446049250313e-16
8,|kappa| * |gamma|,composite,Abell370,Abell 370,comparison_gamma1,4096,0.5301788182529918,0.11743409968643101,0.049604424349372817,4.928032723682581,582.4642629894863,100.0,-0.00975603280275649,-4.739994247281498,4.739994247281498,4.87890977618477e-19,-0.4928266704082489,0.3075925409793854,-0.011296329791970056,9.479988494562996,0.8004192113876343,"[42, 17]","[29, 0]",21.400934559032695,0.06121676125974408,0.00951840600464493,2.220446049250313e-16
8,|kappa| * |gamma|,composite,Abell370,Abell 370,comparison_gamma2,4096,0.16758280036203302,0.0640315017913321,0.048659640940881585,4.799518603497046,115.73071192626719,100.0,-0.01700038483565325,-4.739981447238257,4.739968222434689,0.0,-0.32441097497940063,0.2763311266899109,0.0182991790713386,9.479949669672946,0.6007421016693115,"[44, 18]","[31, 0]",22.20360331117452,0.36293158691251604,0.00951840600464493,2.220446049250313e-16
8,|kappa| * |gamma|,composite,Abell370,Abell 370,comparison_gamma,4096,0.5446882158404852,0.1569968096202096,0.08936691656708717,4.70371136756692,173.51630855192835,100.0,-0.007772338150322166,0.0,4.739994878709018,0.06269680538064548,0.0014949318720027804,0.5116289854049683,0.09705151540649613,4.739994878709018,0.5101340535329655,"[42, 17]","[29, 0]",21.400934559032695,0.05798194211014918,0.00951840600464493,2.220446049250313e-16
9,|grad kappa|,gradient,Abell2744,Abell 2744,comparison_kappa,25,0.5567551329841356,0.5512439729208275,0.5431494581557457,0.7083742767572403,1837.9839668269924,921.5588760259058,nan,-0.5,-0.5,-0.5,-0.13970666074208693,0.2083742767572403,0.051243972920827476,0.0,0.3480809374993272,"[20, 0]","[33, 32]",34.539832078341085,-0.007204360225312317,0.009511375916190445,2.220446049250313e-16
9,|grad kappa|,gradient,Abell2744,Abell 2744,comparison_gamma1,4096,0.5164010530994826,0.1035655673374441,0.04017451650053115,4.856938853776285,551.0702595666078,100.0,0.007384879321184922,-4.739941177052234,4.739941177052234,3.8624702394796095e-19,-0.3198103600506129,0.3131638814442414,-0.013846408134187567,9.479882354104468,0.6329742414948543,"[43, 17]","[32, 33]",19.4164878389476,0.0663524265508882,0.009511375916190445,2.220446049250313e-16
9,|grad kappa|,gradient,Abell2744,Abell 2744,comparison_gamma2,4096,0.1597214949722711,0.04868942731992203,0.03739474098411414,4.8134946525887585,168.0787288008948,100.0,-0.02476489042634286,-4.739941177052234,4.7397786025992525,0.0,-0.3903151304543438,0.1792275607585907,-0.005067061197881819,9.479719779651486,0.5695426912129344,"[44, 18]","[33, 33]",18.601075237738275,0.43243294281883043,0.009511375916190445,2.220446049250313e-16
9,|grad kappa|,gradient,Abell2744,Abell 2744,comparison_gamma,4096,0.5335327567100675,0.13423132421150974,0.07032530637785901,4.720861825729222,206.09248135088205,100.0,-0.027709440046095837,0.0,4.739976430049668,0.060503411958112804,0.0010240572737529874,0.4387801225358414,0.07598132846631889,4.739976430049668,0.43775606526208843,"[43, 17]","[33, 33]",18.867962264113206,0.06142526708769285,0.009511375916190445,2.220446049250313e-16
9,|grad kappa|,gradient,MACS0416,MACS J0416,comparison_kappa,25,0.5807003077102626,0.5698305641043754,0.5739773660898209,0.7863929271697998,2000000000000846.0,508.7558765362149,nan,-0.5,-0.5,-0.5,-0.167955681681633,0.2863929271697998,0.06983056410437545,0.0,0.4543486088514328,"[20, 0]","[32, 32]",34.17601498127012,-0.004839926989065742,0.009433245984837413,2.220446049250313e-16
9,|grad kappa|,gradient,MACS0416,MACS J0416,comparison_gamma1,4096,0.5279497658996372,0.10855353976768259,0.04101103875372198,4.824969570899839,463.1629972243305,100.0,0.00630187823444374,-4.739943516156924,4.739943516156924,-1.1180834903756764e-19,-0.5153349921150346,0.3970712721347809,-0.010922311339233118,9.479887032313847,0.9124062642498155,"[21, 17]","[29, 32]",17.0,0.06561080781541556,0.009433245984837413,2.220446049250313e-16
9,|grad kappa|,gradient,MACS0416,MACS J0416,comparison_gamma2,4096,0.16498555890663238,0.05508541145907135,0.040625173376784084,4.996818544912207,99.84327588279822,100.0,-0.03305819463166655,-4.739268485558019,4.739943516156924,-4.336808689942018e-19,-0.3220425773234601,0.4376878175695812,0.007521701997983666,9.479212001714941,0.7597303948930413,"[20, 18]","[29, 33]",17.4928556845359,0.40834520123202533,0.009433245984837413,2.220446049250313e-16
9,|grad kappa|,gradient,MACS0416,MACS J0416,comparison_gamma,4096,0.5437327280228372,0.14358762325652696,0.07641006423722208,4.737817585433241,246.66080855649494,100.0,0.003666473123434384,0.0,4.739956410199669,0.06270126800100838,0.0,0.5607741560817849,0.0834989090779363,4.739956410199669,0.5607741560817849,"[37, 17]","[29, 32]",17.0,0.06263616384972383,0.009433245984837413,2.220446049250313e-16
9,|grad kappa|,gradient,MACS1149,MACS J1149,comparison_kappa,25,0.5176523609073103,0.5092472227693846,0.48785638328020764,0.7149682492017746,2401.878235504037,654.0323492207526,nan,-0.5,-0.5,-0.5,-0.1546057164669037,0.2149682492017746,0.009247222769384602,0.0,0.3695739656686783,"[20, 0]","[33, 32]",34.539832078341085,-0.0009367790210695901,0.009438315988518298,2.220446049250313e-16
9,|grad kappa|,gradient,MACS1149,MACS J1149,comparison_gamma1,4096,0.5428634650042258,0.12894331823161365,0.0582346897572279,4.9107332566653366,179.35208230950556,100.0,-0.008498066690307397,-4.739988361892544,4.739988361892544,-2.168404344971009e-19,-0.35520619153976446,1.4502143396271567,-0.03444096246959224,9.479976723785088,1.8054205311669211,"[24, 17]","[32, 33]",17.88854381999832,0.04064376820565975,0.009438315988518298,2.220446049250313e-16
9,|grad kappa|,gradient,MACS1149,MACS J1149,comparison_gamma2,4096,0.16952471794879834,0.06529436219925443,0.048991880439804514,4.801532019295785,108.59766103271512,100.0,-0.021205707114356362,-4.739955912469243,4.739967663739331,4.336808689942018e-19,-0.471298966818654,0.2979532480239868,0.0010645807427233653,9.479923576208574,0.7692522148426408,"[19, 18]","[32, 33]",19.849433241279208,0.40677468829031227,0.009438315988518298,2.220446049250313e-16
9,|grad kappa|,gradient,MACS1149,MACS J1149,comparison_gamma,4096,0.5539243647051965,0.1675398692100653,0.09425466773765453,4.6985672224944155,155.68142752463,100.0,0.029874358742890846,0.0,4.73999269403062,0.06489693296035133,0.003379303263500333,1.5389487716346064,0.10618757622865749,4.73999269403062,1.535569468371106,"[21, 17]","[32, 33]",19.4164878389476,0.061777205836605974,0.009438315988518298,2.220446049250313e-16
9,|grad kappa|,gradient,AbellS1063,Abell S1063,comparison_kappa,25,0.5454082918500109,0.539740184038759,0.545792244374752,0.722885474562645,1661.0089090055544,802.2219894889561,nan,-0.5,-0.5,-0.5,-0.08533000200986862,0.22288547456264496,0.03974018403875906,0.0,0.3082154765725136,"[20, 0]","[33, 31]",33.61547262794322,-0.005570453705823736,0.00943395507056266,2.220446049250313e-16
9,|grad kappa|,gradient,AbellS1063,Abell S1063,comparison_gamma1,4096,0.517065361214494,0.09581732698831774,0.03116476122861523,4.836690853808679,284.49322678274405,100.0,-0.015939640276573644,-4.739969810846935,4.739969810846935,5.30242624981192e-19,-0.25548869371414185,0.30773400255702005,-0.0028520251225155105,9.47993962169387,0.563222696271162,"[23, 17]","[33, 32]",18.027756377319946,0.06709602215615576,0.00943395507056266,2.220446049250313e-16
9,|grad kappa|,gradient,AbellS1063,Abell S1063,comparison_gamma2,4096,0.15906191972741257,0.04632036756734927,0.03321203630831507,4.806953893945402,108.71091266999653,100.0,-0.009541200902182044,-4.7398066255195515,4.739931672757767,0.0,-0.20429740846157074,0.31596895910444694,0.013527305282462342,9.479738298277319,0.5202663675660177,"[20, 18]","[30, 33]",18.027756377319946,0.410639701013935,0.00943395507056266,2.220446049250313e-16
9,|grad kappa|,gradient,AbellS1063,Abell S1063,comparison_gamma,4096,0.5321072752677419,0.1254853753456177,0.06314652578698267,4.728319863036249,193.64588917948345,100.0,0.013570319647572052,0.0,4.739975338673411,0.060284233529034746,0.0,0.3626261450130663,0.0672595968597144,4.739975338673411,0.3626261450130663,"[23, 17]","[33, 32]",18.027756377319946,0.06840384580441733,0.00943395507056266,2.220446049250313e-16
9,|grad kappa|,gradient,Abell370,Abell 370,comparison_kappa,25,0.5612759749148191,0.5589670360285329,0.5511489696800709,0.7142609357833862,8293.128235899705,1077.5367971777828,nan,-0.5,-0.5,-0.5,-0.010179196913091037,0.21426093578338623,0.058967036028533,0.0,0.22444013269647728,"[20, 0]","[32, 32]",34.17601498127012,-0.018607017276945234,0.009566226042807102,2.220446049250313e-16
9,|grad kappa|,gradient,Abell370,Abell 370,comparison_gamma1,4096,0.5300620114996255,0.11750858964500185,0.04971107651316929,4.927127563006056,583.0419491790929,100.0,-0.009594442409761606,-4.739702331449284,4.739702331449284,6.2341624917916505e-19,-0.4928266704082489,0.3075925409793854,-0.011296329791970056,9.479404662898569,0.8004192113876343,"[41, 17]","[29, 0]",20.808652046684813,0.06127314687901547,0.009566226042807102,2.220446049250313e-16
9,|grad kappa|,gradient,Abell370,Abell 370,comparison_gamma2,4096,0.16782226168372788,0.0643621712714039,0.048719013817975124,4.798175518399653,117.0057434100608,100.0,-0.017640491610426322,-4.7388681043315595,4.739329461367246,4.336808689942018e-19,-0.32441097497940063,0.2763311266899109,0.0182991790713386,9.478197565698807,0.6007421016693115,"[19, 18]","[31, 0]",21.633307652783937,0.36209310175298776,0.009566226042807102,2.220446049250313e-16
9,|grad kappa|,gradient,Abell370,Abell 370,comparison_gamma,4096,0.5446285855611707,0.15693547608457115,0.08936691656708717,4.703313676294558,173.52175847163994,100.0,-0.007944606177285046,0.0,4.739841194356023,0.06285068402921316,0.0014949318720027804,0.5116289854049683,0.09705151540649613,4.739841194356023,0.5101340535329655,"[19, 18]","[29, 0]",20.591260281974,0.05800965368506856,0.009566226042807102,2.220446049250313e-16
10,|grad gamma|,gradient,Abell2744,Abell 2744,comparison_kappa,25,0.5567551329841356,0.5512439729208275,0.5431494581557457,0.7083742767572403,1837.9839668269924,921.5588760259058,nan,-0.5,-0.5,-0.5,-0.13970666074208693,0.2083742767572403,0.051243972920827476,0.0,0.3480809374993272,"[20, 0]","[33, 32]",34.539832078341085,-0.007204360225312317,0.009502875036559999,2.220446049250313e-16
10,|grad gamma|,gradient,Abell2744,Abell 2744,comparison_gamma1,4096,0.5268556036073189,0.1059226005713263,0.040402212340580015,4.858966407543842,556.2762793504231,100.0,0.006899729869923147,-4.739870176646735,4.739870176646735,-5.014435047745458e-19,-0.3198103600506129,0.3131638814442414,-0.013846408134187567,9.47974035329347,0.6329742414948543,"[43, 17]","[32, 33]",19.4164878389476,0.06386103232928596,0.009502875036559999,2.220446049250313e-16
10,|grad gamma|,gradient,Abell2744,Abell 2744,comparison_gamma2,4096,0.16031793872817557,0.04893312025246632,0.03739474098411414,4.81342365218326,111.18682923066713,100.0,-0.03333457127403064,-4.739870176646735,4.739838451260535,-4.336808689942018e-19,-0.3903151304543438,0.1792275607585907,-0.005067061197881819,9.479708627907272,0.5695426912129344,"[44, 18]","[33, 33]",18.601075237738275,0.4288632421216403,0.009502875036559999,2.220446049250313e-16
10,|grad gamma|,gradient,Abell2744,Abell 2744,comparison_gamma,4096,0.5433983033718338,0.13653204049689058,0.07041844028888475,4.720646544873881,209.58325175485277,100.0,-0.028041778455825964,0.0,4.7399088119169255,0.06278457936019201,0.0010240572737529874,0.4387801225358414,0.07598132846631889,4.7399088119169255,0.43775606526208843,"[19, 18]","[33, 33]",20.518284528683193,0.05958508936737996,0.009502875036559999,2.220446049250313e-16
10,|grad gamma|,gradient,MACS0416,MACS J0416,comparison_kappa,25,0.5807003077102626,0.5698305641043754,0.5739773660898209,0.7863929271697998,2000000000000846.0,508.7558765362149,nan,-0.5,-0.5,-0.5,-0.167955681681633,0.2863929271697998,0.06983056410437545,0.0,0.4543486088514328,"[20, 0]","[32, 32]",34.17601498127012,-0.004839926989065742,0.009478855994530022,2.220446049250313e-16
10,|grad gamma|,gradient,MACS0416,MACS J0416,comparison_gamma1,4096,0.5175431579869156,0.10632956396808171,0.040885475360684834,4.825281686551254,450.0271465950811,100.0,0.004833337961732667,-4.739925927418337,4.739925927418337,4.811147140404426e-19,-0.5153349921150346,0.3970712721347809,-0.010922311339233118,9.479851854836674,0.9124062642498155,"[20, 17]","[29, 32]",17.4928556845359,0.06773654732685325,0.009478855994530022,2.220446049250313e-16
10,|grad gamma|,gradient,MACS0416,MACS J0416,comparison_gamma2,4096,0.16325129394455787,0.05525472308457313,0.040632981782203634,4.862683345336585,260.1755777885311,100.0,-0.002512812479135111,-4.739859219150254,4.739925927418337,4.336808689942018e-19,-0.3220425773234601,0.4376878175695812,0.007521701997983666,9.479785146568592,0.7597303948930413,"[19, 18]","[29, 33]",18.027756377319946,0.4207157983661223,0.009478855994530022,2.220446049250313e-16
10,|grad gamma|,gradient,MACS0416,MACS J0416,comparison_gamma,4096,0.5346688930097631,0.14156373551779178,0.07641509266954585,4.738037229110069,247.3685336457545,100.0,-0.009741963245085115,0.0,4.739946726938791,0.060472922613898326,0.0,0.5607741560817849,0.0834989090779363,4.739946726938791,0.5607741560817849,"[37, 17]","[29, 32]",17.0,0.06173833048202509,0.009478855994530022,2.220446049250313e-16
10,|grad gamma|,gradient,MACS1149,MACS J1149,comparison_kappa,25,0.5176523609073103,0.5092472227693846,0.48785638328020764,0.7149682492017746,2401.878235504037,654.0323492207526,nan,-0.5,-0.5,-0.5,-0.1546057164669037,0.2149682492017746,0.009247222769384602,0.0,0.3695739656686783,"[20, 0]","[33, 32]",34.539832078341085,-0.0009367790210695901,0.009455636027269065,2.220446049250313e-16
10,|grad gamma|,gradient,MACS1149,MACS J1149,comparison_gamma1,4096,0.542847140585559,0.1289413508618275,0.0582346897572279,4.910662371810258,179.39678335415573,100.0,-0.008436693860088414,-4.739965314959372,4.739965314959372,-4.336808689942018e-19,-0.35520619153976446,1.4502143396271567,-0.03444096246959224,9.479930629918744,1.8054205311669211,"[19, 17]","[32, 33]",20.615528128088304,0.040656714859145494,0.009455636027269065,2.220446049250313e-16
10,|grad gamma|,gradient,MACS1149,MACS J1149,comparison_gamma2,4096,0.1695793652807533,0.0653369691840382,0.048991880439804514,4.801511902339354,108.56709394072384,100.0,-0.021690311992930415,-4.739958064073505,4.739965314959372,-8.673617379884035e-19,-0.471298966818654,0.2979532480239868,0.0010645807427233653,9.479923379032877,0.7692522148426408,"[18, 18]","[32, 33]",20.518284528683193,0.4064785933994106,0.009455636027269065,2.220446049250313e-16
10,|grad gamma|,gradient,MACS1149,MACS J1149,comparison_gamma,4096,0.5538969078453239,0.16743966280274647,0.0941966486473887,4.698526192935244,155.60055952862,100.0,0.02993989653056093,0.0,4.739989840051091,0.06499468403806503,0.003379303263500333,1.5389487716346064,0.10618757622865749,4.739989840051091,1.535569468371106,"[44, 17]","[32, 33]",20.0,0.06182916611585131,0.009455636027269065,2.220446049250313e-16
10,|grad gamma|,gradient,AbellS1063,Abell S1063,comparison_kappa,25,0.5454082918500109,0.539740184038759,0.545792244374752,0.722885474562645,1661.0089090055544,802.2219894889561,nan,-0.5,-0.5,-0.5,-0.08533000200986862,0.22288547456264496,0.03974018403875906,0.0,0.3082154765725136,"[20, 0]","[33, 31]",33.61547262794322,-0.005570453705823736,0.009524865075945854,2.220446049250313e-16
10,|grad gamma|,gradient,AbellS1063,Abell S1063,comparison_gamma1,4096,0.5170143495564978,0.0958843864014609,0.031233086455571483,4.836681550939839,285.453807919542,100.0,-0.01573919461297699,-4.739896458548225,4.739896458548225,2.473336205982557e-19,-0.25548869371414185,0.30773400255702005,-0.0028520251225155105,9.47979291709645,0.563222696271162,"[41, 17]","[33, 32]",17.0,0.0671439859456002,0.009524865075945854,2.220446049250313e-16
10,|grad gamma|,gradient,AbellS1063,Abell S1063,comparison_gamma2,4096,0.1591804170152443,0.04659479929802229,0.03350113641973288,4.8069445910765625,111.9039581928368,100.0,-0.00969981926070427,-4.739818060127402,4.739705109155032,0.0,-0.20429740846157074,0.31596895910444694,0.013527305282462342,9.479523169282434,0.5202663675660177,"[44, 18]","[30, 33]",20.518284528683193,0.4102539436001632,0.009524865075945854,2.220446049250313e-16
10,|grad gamma|,gradient,AbellS1063,Abell S1063,comparison_gamma,4096,0.5320762683964483,0.12546768721516524,0.06311911524879561,4.727943279483204,193.7892194408584,100.0,0.013530327723555124,0.0,4.739908120553679,0.06049889785436808,0.0,0.3626261450130663,0.0672595968597144,4.739908120553679,0.3626261450130663,"[41, 17]","[33, 32]",17.0,0.068422941741656,0.009524865075945854,2.220446049250313e-16
10,|grad gamma|,gradient,Abell370,Abell 370,comparison_kappa,25,0.5612759749148191,0.5589670360285329,0.5511489696800709,0.7142609357833862,8293.128235899705,1077.5367971777828,nan,-0.5,-0.5,-0.5,-0.010179196913091037,0.21426093578338623,0.058967036028533,0.0,0.22444013269647728,"[20, 0]","[32, 32]",34.17601498127012,-0.018607017276945234,0.009905537008307874,2.220446049250313e-16
10,|grad gamma|,gradient,Abell370,Abell 370,comparison_gamma1,4096,0.5296875448129715,0.11775029632912717,0.049604424349372817,4.923475999637754,583.4573673818811,100.0,-0.00946864392713237,-4.7395277521081525,4.7395277521081525,1.3552527156068805e-19,-0.4928266704082489,0.3075925409793854,-0.011296329791970056,9.479055504216305,0.8004192113876343,"[44, 17]","[29, 0]",22.67156809750927,0.061381121324353916,0.009905537008307874,2.220446049250313e-16
10,|grad gamma|,gradient,Abell370,Abell 370,comparison_gamma2,4096,0.16898005953434767,0.06517738938577533,0.04902278019913606,4.798288426946764,121.77815373138286,100.0,-0.020243134254583225,-4.7395277521081525,4.7387303283136255,0.0,-0.32441097497940063,0.2763311266899109,0.0182991790713386,9.478258080421778,0.6007421016693115,"[45, 18]","[31, 0]",22.80350850198276,0.35853593142665946,0.009905537008307874,2.220446049250313e-16
10,|grad gamma|,gradient,Abell370,Abell 370,comparison_gamma,4096,0.544473867691154,0.1571453039430168,0.0893698345928911,4.702279044388482,173.91843015358288,100.0,-0.007527272872570581,0.0,4.739716313606241,0.06330541207371482,0.0014949318720027804,0.5116289854049683,0.09705151540649613,4.739716313606241,0.5101340535329655,"[44, 17]","[29, 0]",22.67156809750927,0.05823879666548907,0.009905537008307874,2.220446049250313e-16
11,sqrt(|grad kappa|^2 + |grad gamma|^2),gradient,Abell2744,Abell 2744,comparison_kappa,25,0.5567551329841356,0.5512439729208275,0.5431494581557457,0.7083742767572403,1837.9839668269924,921.5588760259058,nan,-0.5,-0.5,-0.5,-0.13970666074208693,0.2083742767572403,0.051243972920827476,0.0,0.3480809374993272,"[20, 0]","[33, 32]",34.539832078341085,-0.007204360225312317,0.009517255937680602,2.220446049250313e-16
11,sqrt(|grad kappa|^2 + |grad gamma|^2),gradient,Abell2744,Abell 2744,comparison_gamma1,4096,0.5269320882429659,0.10585623245037899,0.04021440517334716,4.857668569821247,555.920577753262,100.0,0.006856687007792253,-4.739962030192702,4.739962030192702,7.047314121155779e-19,-0.3198103600506129,0.3131638814442414,-0.013846408134187567,9.479924060385404,0.6329742414948543,"[44, 17]","[32, 33]",20.0,0.06383853719619272,0.009517255937680602,2.220446049250313e-16
11,sqrt(|grad kappa|^2 + |grad gamma|^2),gradient,Abell2744,Abell 2744,comparison_gamma2,4096,0.1601392940347613,0.04866480778021039,0.03736477989762549,4.813510671671804,109.71461450469933,100.0,-0.03310632138664662,-4.739962030192702,4.739826037897726,0.0,-0.3903151304543438,0.1792275607585907,-0.005067061197881819,9.479788068090429,0.5695426912129344,"[45, 18]","[33, 33]",19.209372712298546,0.42946987287621796,0.009517255937680602,2.220446049250313e-16
11,sqrt(|grad kappa|^2 + |grad gamma|^2),gradient,Abell2744,Abell 2744,comparison_gamma,4096,0.5434270710944944,0.1365138393713968,0.07041844028888475,4.720884501043548,209.50810526984,100.0,-0.0279531808468847,0.0,4.739968391719613,0.06271897952718822,0.0010240572737529874,0.4387801225358414,0.07598132846631889,4.739968391719613,0.43775606526208843,"[44, 17]","[33, 33]",19.4164878389476,0.0595828315914711,0.009517255937680602,2.220446049250313e-16
11,sqrt(|grad kappa|^2 + |grad gamma|^2),gradient,MACS0416,MACS J0416,comparison_kappa,25,0.5807003077102626,0.5698305641043754,0.5739773660898209,0.7863929271697998,2000000000000846.0,508.7558765362149,nan,-0.5,-0.5,-0.5,-0.167955681681633,0.2863929271697998,0.06983056410437545,0.0,0.4543486088514328,"[20, 0]","[32, 32]",34.17601498127012,-0.004839926989065742,0.009419686044566333,2.220446049250313e-16
11,sqrt(|grad kappa|^2 + |grad gamma|^2),gradient,MACS0416,MACS J0416,comparison_gamma1,4096,0.5279537923087215,0.1085737897143017,0.040966199563136664,4.825122400017069,463.43493188139536,100.0,0.0062537545061240015,-4.739965579914633,4.739965579914633,-6.776263578034403e-20,-0.5153349921150346,0.3970712721347809,-0.010922311339233118,9.479931159829267,0.9124062642498155,"[37, 17]","[29, 32]",17.0,0.06560011077026681,0.009419686044566333,2.220446049250313e-16
11,sqrt(|grad kappa|^2 + |grad gamma|^2),gradient,MACS0416,MACS J0416,comparison_gamma2,4096,0.16500096536079314,0.05512142486610249,0.040642143936738734,4.997029635939002,100.53946691164032,100.0,-0.03306029229827589,-4.739503600599764,4.739940953598862,4.336808689942018e-19,-0.3220425773234601,0.4376878175695812,0.007521701997983666,9.479444554198626,0.7597303948930413,"[19, 18]","[29, 33]",18.027756377319946,0.408299082434349,0.009419686044566333,2.220446049250313e-16
11,sqrt(|grad kappa|^2 + |grad gamma|^2),gradient,MACS0416,MACS J0416,comparison_gamma,4096,0.5437439190775679,0.14363475275705676,0.07642802247215832,4.737919471676421,246.7381054505438,100.0,0.0036077395811334855,0.0,4.739967098950094,0.06268402995629375,0.0,0.5607741560817849,0.0834989090779363,4.739967098950094,0.5607741560817849,"[37, 17]","[29, 32]",17.0,0.06262002102087658,0.009419686044566333,2.220446049250313e-16
11,sqrt(|grad kappa|^2 + |grad gamma|^2),gradient,MACS1149,MACS J1149,comparison_kappa,25,0.5176523609073103,0.5092472227693846,0.48785638328020764,0.7149682492017746,2401.878235504037,654.0323492207526,nan,-0.5,-0.5,-0.5,-0.1546057164669037,0.2149682492017746,0.009247222769384602,0.0,0.3695739656686783,"[20, 0]","[33, 32]",34.539832078341085,-0.0009367790210695901,0.009462255984544754,2.220446049250313e-16
11,sqrt(|grad kappa|^2 + |grad gamma|^2),gradient,MACS1149,MACS J1149,comparison_gamma1,4096,0.5428606165222208,0.12894312645443518,0.05827952548861506,4.91072162371018,179.3686553589797,100.0,-0.008475435812523992,-4.7399860789435895,4.7399860789435895,8.673617379884035e-19,-0.35520619153976446,1.4502143396271567,-0.03444096246959224,9.479972157887179,1.8054205311669211,"[41, 17]","[32, 33]",18.35755975068582,0.040648226553998405,0.009462255984544754,2.220446049250313e-16
11,sqrt(|grad kappa|^2 + |grad gamma|^2),gradient,MACS1149,MACS J1149,comparison_gamma2,4096,0.16953956635856937,0.06529393256309515,0.04902230780423846,4.801536944944088,108.52071237779032,100.0,-0.021396063058293207,-4.739958647037581,4.739972589387634,4.336808689942018e-19,-0.471298966818654,0.2979532480239868,0.0010645807427233653,9.479931236425216,0.7692522148426408,"[19, 18]","[32, 33]",19.849433241279208,0.4066781330097577,0.009462255984544754,2.220446049250313e-16
11,sqrt(|grad kappa|^2 + |grad gamma|^2),gradient,MACS1149,MACS J1149,comparison_gamma,4096,0.5539190576500753,0.16751685111705225,0.09425466773765453,4.698569826146903,155.66164776447405,100.0,0.02988288495199142,0.0,4.7399950284556285,0.06491967218958011,0.003379303263500333,1.5389487716346064,0.10618757622865749,4.7399950284556285,1.535569468371106,"[44, 17]","[32, 33]",20.0,0.06178789748357292,0.009462255984544754,2.220446049250313e-16
11,sqrt(|grad kappa|^2 + |grad gamma|^2),gradient,AbellS1063,Abell S1063,comparison_kappa,25,0.5454082918500109,0.539740184038759,0.545792244374752,0.722885474562645,1661.0089090055544,802.2219894889561,nan,-0.5,-0.5,-0.5,-0.08533000200986862,0.22288547456264496,0.03974018403875906,0.0,0.3082154765725136,"[20, 0]","[33, 31]",33.61547262794322,-0.005570453705823736,0.009459455031901598,2.220446049250313e-16
11,sqrt(|grad kappa|^2 + |grad gamma|^2),gradient,AbellS1063,Abell S1063,comparison_gamma1,4096,0.5170625514361649,0.09579024538600854,0.031099278334097376,4.836760988699682,284.4095571341569,100.0,-0.015894457900283612,-4.739947283130966,4.739947283130966,1.9566461081574338e-19,-0.25548869371414185,0.30773400255702005,-0.0028520251225155105,9.479894566261931,0.563222696271162,"[23, 17]","[33, 32]",18.027756377319946,0.06710451263665149,0.009459455031901598,2.220446049250313e-16
11,sqrt(|grad kappa|^2 + |grad gamma|^2),gradient,AbellS1063,Abell S1063,comparison_gamma2,4096,0.1590633379633292,0.04635378219866622,0.03326393706753605,4.8070240288364054,108.742395933893,100.0,-0.009560276877348468,-4.739876760410555,4.739891831076076,0.0,-0.20429740846157074,0.31596895910444694,0.013527305282462342,9.47976859148663,0.5202663675660177,"[20, 18]","[30, 33]",18.027756377319946,0.4106276750910975,0.009459455031901598,2.220446049250313e-16
11,sqrt(|grad kappa|^2 + |grad gamma|^2),gradient,AbellS1063,Abell S1063,comparison_gamma,4096,0.5321072125145625,0.1254702743953206,0.06313006952404976,4.728305072778502,193.58344158336655,100.0,0.013526149395560239,0.0,4.739977358822484,0.06029975738847603,0.0,0.3626261450130663,0.0672595968597144,4.739977358822484,0.3626261450130663,"[35, 17]","[33, 32]",15.132745950421556,0.06839868877458255,0.009459455031901598,2.220446049250313e-16
11,sqrt(|grad kappa|^2 + |grad gamma|^2),gradient,Abell370,Abell 370,comparison_kappa,25,0.5612759749148191,0.5589670360285329,0.5511489696800709,0.7142609357833862,8293.128235899705,1077.5367971777828,nan,-0.5,-0.5,-0.5,-0.010179196913091037,0.21426093578338623,0.058967036028533,0.0,0.22444013269647728,"[20, 0]","[32, 32]",34.17601498127012,-0.018607017276945234,0.009573786985129118,2.220446049250313e-16
11,sqrt(|grad kappa|^2 + |grad gamma|^2),gradient,Abell370,Abell 370,comparison_gamma1,4096,0.529912804877446,0.11760474414434383,0.04963335953652859,4.9260683962361185,583.5274161932293,100.0,-0.009528715847343397,-4.739774128990295,4.739774128990295,-1.4907779871675686e-19,-0.4928266704082489,0.3075925409793854,-0.011296329791970056,9.47954825798059,0.8004192113876343,"[44, 17]","[29, 0]",22.67156809750927,0.061323604817695464,0.009573786985129118,2.220446049250313e-16
11,sqrt(|grad kappa|^2 + |grad gamma|^2),gradient,Abell370,Abell 370,comparison_gamma2,4096,0.16809877053696815,0.06466185775705618,0.04893905359009904,4.797933589455053,118.49907507734116,100.0,-0.0185806027639414,-4.739774128990295,4.738618632584181,0.0,-0.32441097497940063,0.2763311266899109,0.0182991790713386,9.478392761574476,0.6007421016693115,"[45, 18]","[31, 0]",22.80350850198276,0.36121210062426784,0.009573786985129118,2.220446049250313e-16
11,sqrt(|grad kappa|^2 + |grad gamma|^2),gradient,Abell370,Abell 370,comparison_gamma,4096,0.5445282477513197,0.15703455813496286,0.08949292427490628,4.703004118397323,173.81918745943236,100.0,-0.008126864370987879,0.0,4.739831940188386,0.06304981765231327,0.0014949318720027804,0.5116289854049683,0.09705151540649613,4.739831940188386,0.5101340535329655,"[44, 17]","[29, 0]",22.67156809750927,0.05806063593476349,0.009573786985129118,2.220446049250313e-16
12,|Laplacian kappa|,curvature,Abell2744,Abell 2744,comparison_kappa,25,0.5567551329841356,0.5512439729208275,0.5431494581557457,0.7083742767572403,1837.9839668269924,921.5588760259058,nan,-0.5,-0.5,-0.5,-0.13970666074208693,0.2083742767572403,0.051243972920827476,0.0,0.3480809374993272,"[20, 0]","[33, 32]",34.539832078341085,-0.007204360225312317,0.009384755976498127,2.220446049250313e-16
12,|Laplacian kappa|,curvature,Abell2744,Abell 2744,comparison_gamma1,4096,0.527007438211079,0.10588339014582035,0.04032492584415957,4.858210122386167,568.6683184120981,100.0,0.0056805415461220555,-4.739962100746392,4.739962100746392,3.015437292225309e-19,-0.3198103600506129,0.3131638814442414,-0.013846408134187567,9.479924201492784,0.6329742414948543,"[28, 17]","[32, 33]",16.492422502470642,0.0636068290497414,0.009384755976498127,2.220446049250313e-16
12,|Laplacian kappa|,curvature,Abell2744,Abell 2744,comparison_gamma2,4096,0.16045954161926723,0.04864541753836577,0.037371709233238584,4.879007273016286,165.54968403295135,100.0,-0.03984124864826265,-4.739937997453119,4.739797466097188,0.0,-0.3903151304543438,0.1792275607585907,-0.005067061197881819,9.479735463550305,0.5695426912129344,"[44, 18]","[33, 33]",18.601075237738275,0.4271231918381947,0.009384755976498127,2.220446049250313e-16
12,|Laplacian kappa|,curvature,Abell2744,Abell 2744,comparison_gamma,4096,0.5430750927141037,0.13647382888657653,0.07044656268368134,4.7203815781528915,207.543266717581,100.0,-0.01938204291454712,0.0,4.739962785475527,0.06274237215673695,0.0010240572737529874,0.4387801225358414,0.07598132846631889,4.739962785475527,0.43775606526208843,"[28, 17]","[33, 33]",16.76305461424021,0.06076462897900218,0.009384755976498127,2.220446049250313e-16
12,|Laplacian kappa|,curvature,MACS0416,MACS J0416,comparison_kappa,25,0.5807003077102626,0.5698305641043754,0.5739773660898209,0.7863929271697998,2000000000000846.0,508.7558765362149,nan,-0.5,-0.5,-0.5,-0.167955681681633,0.2863929271697998,0.06983056410437545,0.0,0.4543486088514328,"[20, 0]","[32, 32]",34.17601498127012,-0.004839926989065742,0.009440695052035153,2.220446049250313e-16
12,|Laplacian kappa|,curvature,MACS0416,MACS J0416,comparison_gamma1,4096,0.5175327375922785,0.10628829621941419,0.04101103875372198,4.825380634392989,449.73433902932805,100.0,0.0052505663754651875,-4.739972401981156,4.739972401981156,8.809142651444724e-20,-0.5153349921150346,0.3970712721347809,-0.010922311339233118,9.479944803962312,0.9124062642498155,"[21, 17]","[29, 32]",17.0,0.06783147845369061,0.009440695052035153,2.220446049250313e-16
12,|Laplacian kappa|,curvature,MACS0416,MACS J0416,comparison_gamma2,4096,0.16323382026256208,0.05524078641902528,0.04086743917552731,4.861585843714174,265.0333938521265,100.0,-0.00256854511568227,-4.738649475489062,4.739972401981156,4.336808689942018e-19,-0.3220425773234601,0.4376878175695812,0.007521701997983666,9.478621877470218,0.7597303948930413,"[20, 18]","[29, 33]",17.4928556845359,0.4207589049119025,0.009440695052035153,2.220446049250313e-16
12,|Laplacian kappa|,curvature,MACS0416,MACS J0416,comparison_gamma,4096,0.5346754019063488,0.1415779976381778,0.07652312611776688,4.737875235902731,247.4475104154111,100.0,-0.009661833689625761,0.0,4.739972402081846,0.06047561868189118,0.0,0.5607741560817849,0.0834989090779363,4.739972402081846,0.5607741560817849,"[20, 18]","[29, 32]",16.64331697709324,0.061752300709674864,0.009440695052035153,2.220446049250313e-16
12,|Laplacian kappa|,curvature,MACS1149,MACS J1149,comparison_kappa,25,0.5176523609073103,0.5092472227693846,0.48785638328020764,0.7149682492017746,2401.878235504037,654.0323492207526,nan,-0.5,-0.5,-0.5,-0.1546057164669037,0.2149682492017746,0.009247222769384602,0.0,0.3695739656686783,"[20, 0]","[33, 32]",34.539832078341085,-0.0009367790210695901,0.009430635953322053,2.220446049250313e-16
12,|Laplacian kappa|,curvature,MACS1149,MACS J1149,comparison_gamma1,4096,0.5327137212904486,0.12667489136276286,0.05834591477399765,4.910724247184877,176.53555865763937,100.0,-0.009238545625681324,-4.739994773463832,4.739994773463832,-1.8126505071242027e-19,-0.35520619153976446,1.4502143396271567,-0.03444096246959224,9.479989546927664,1.8054205311669211,"[39, 17]","[32, 33]",17.46424919657298,0.04200772947011269,0.009430635953322053,2.220446049250313e-16
12,|Laplacian kappa|,curvature,MACS1149,MACS J1149,comparison_gamma2,4096,0.16982569932680452,0.06529712895055341,0.04885490354395535,4.83305591476106,107.53942299082578,100.0,-0.025595698642133454,-4.739994044900656,4.7399914160725665,0.0,-0.471298966818654,0.2979532480239868,0.0010645807427233653,9.479985460973221,0.7692522148426408,"[44, 18]","[32, 33]",19.209372712298546,0.40465797913369583,0.009430635953322053,2.220446049250313e-16
12,|Laplacian kappa|,curvature,MACS1149,MACS J1149,comparison_gamma,4096,0.5444332807638403,0.1653726571585073,0.09433150930064063,4.69857417272345,153.75327415739423,100.0,0.02976109175185156,0.0,4.7399966151600434,0.06254890395235911,0.003379303263500333,1.5389487716346064,0.10618757622865749,4.7399966151600434,1.535569468371106,"[44, 17]","[32, 33]",20.0,0.06280240462324459,0.009430635953322053,2.220446049250313e-16
12,|Laplacian kappa|,curvature,AbellS1063,Abell S1063,comparison_kappa,25,0.5454082918500109,0.539740184038759,0.545792244374752,0.722885474562645,1661.0089090055544,802.2219894889561,nan,-0.5,-0.5,-0.5,-0.08533000200986862,0.22288547456264496,0.03974018403875906,0.0,0.3082154765725136,"[20, 0]","[33, 31]",33.61547262794322,-0.005570453705823736,0.009372445056214929,2.220446049250313e-16
12,|Laplacian kappa|,curvature,AbellS1063,Abell S1063,comparison_gamma1,4096,0.5274380741585462,0.09809736259300078,0.031197571860892483,4.836760467891484,1049.8428931756534,100.0,-0.013226892916815919,-4.739988083285148,4.739988083285148,6.056285572868247e-19,-0.25548869371414185,0.30773400255702005,-0.0028520251225155105,9.479976166570296,0.563222696271162,"[27, 17]","[33, 32]",16.15549442140351,0.06509269889472505,0.009372445056214929,2.220446049250313e-16
12,|Laplacian kappa|,curvature,AbellS1063,Abell S1063,comparison_gamma2,4096,0.15886734124853202,0.04634044254187361,0.03324964420781244,4.787178104470435,109.86019500353896,100.0,-0.005721132791095215,-4.739945685218039,4.739933611841427,0.0,-0.20429740846157074,0.31596895910444694,0.013527305282462342,9.479879297059465,0.5202663675660177,"[44, 18]","[30, 33]",20.518284528683193,0.4119108565900626,0.009372445056214929,2.220446049250313e-16
12,|Laplacian kappa|,curvature,AbellS1063,Abell S1063,comparison_gamma,4096,0.542179739838392,0.1277816176817706,0.06316095011101831,4.728336202921284,199.65938843212746,100.0,0.010250564210837365,0.0,4.739992930277197,0.06258070822334594,0.0,0.3626261450130663,0.0672595968597144,4.739992930277197,0.3626261450130663,"[44, 17]","[33, 32]",18.601075237738275,0.06576432146960087,0.009372445056214929,2.220446049250313e-16
12,|Laplacian kappa|,curvature,Abell370,Abell 370,comparison_kappa,25,0.5612759749148191,0.5589670360285329,0.5511489696800709,0.7142609357833862,8293.128235899705,1077.5367971777828,nan,-0.5,-0.5,-0.5,-0.010179196913091037,0.21426093578338623,0.058967036028533,0.0,0.22444013269647728,"[20, 0]","[32, 32]",34.17601498127012,-0.018607017276945234,0.009462345973588526,2.220446049250313e-16
12,|Laplacian kappa|,curvature,Abell370,Abell 370,comparison_gamma1,4096,0.5406692318116575,0.11987173431035412,0.049620836115782684,4.926244791010436,595.5244404725404,100.0,-0.013295568080393583,-4.7398775454203,4.7398775454203,8.673617379884035e-19,-0.4928266704082489,0.3075925409793854,-0.011296329791970056,9.4797550908406,0.8004192113876343,"[37, 17]","[29, 0]",18.788294228055936,0.05813287499787818,0.009462345973588526,2.220446049250313e-16
12,|Laplacian kappa|,curvature,Abell370,Abell 370,comparison_gamma2,4096,0.1677458714407031,0.06424324975929654,0.048813756200529274,4.802979748423825,116.3851882903927,100.0,-0.018336224749165065,-4.7394653799658055,4.738194709245258,-4.336808689942018e-19,-0.32441097497940063,0.2763311266899109,0.0182991790713386,9.477660089211064,0.6007421016693115,"[45, 18]","[31, 0]",22.80350850198276,0.3621448664577801,0.009462345973588526,2.220446049250313e-16
12,|Laplacian kappa|,curvature,Abell370,Abell 370,comparison_gamma,4096,0.5540342804959745,0.15910649946335348,0.08936316147446632,4.702995529508297,174.93061482228325,100.0,-0.004310726174371892,0.0,4.739883828323064,0.06522334003308788,0.0014949318720027804,0.5116289854049683,0.09705151540649613,4.739883828323064,0.5101340535329655,"[37, 17]","[29, 0]",18.788294228055936,0.057373762185854625,0.009462345973588526,2.220446049250313e-16
13,|Laplacian gamma|,curvature,Abell2744,Abell 2744,comparison_kappa,25,0.5567551329841356,0.5512439729208275,0.5431494581557457,0.7083742767572403,1837.9839668269924,921.5588760259058,nan,-0.5,-0.5,-0.5,-0.13970666074208693,0.2083742767572403,0.051243972920827476,0.0,0.3480809374993272,"[20, 0]","[33, 32]",34.539832078341085,-0.007204360225312317,0.009390076040290296,2.220446049250313e-16
13,|Laplacian gamma|,curvature,Abell2744,Abell 2744,comparison_gamma1,4096,0.5269131657486998,0.10590643124411253,0.04030919583544004,4.859054607573623,556.7680352748628,100.0,0.006993103809257298,-4.73990285938087,4.73990285938087,1.9312351197398048e-19,-0.3198103600506129,0.3131638814442414,-0.013846408134187567,9.47980571876174,0.6329742414948543,"[20, 17]","[32, 33]",20.0,0.06386610892304449,0.009390076040290296,2.220446049250313e-16
13,|Laplacian gamma|,curvature,Abell2744,Abell 2744,comparison_gamma2,4096,0.16011074934780442,0.04864806777787781,0.03736477989762549,4.813251118069454,109.86897343032821,100.0,-0.03280991211499082,-4.73969764253293,4.73990285938087,0.0,-0.3903151304543438,0.1792275607585907,-0.005067061197881819,9.4796005019138,0.5695426912129344,"[19, 18]","[33, 33]",20.518284528683193,0.42961121878179925,0.009390076040290296,2.220446049250313e-16
13,|Laplacian gamma|,curvature,Abell2744,Abell 2744,comparison_gamma,4096,0.5434081363010492,0.13655811591530076,0.07041399565995327,4.720864146422998,209.6427679516553,100.0,-0.028065003095654774,0.0,4.739929848467226,0.06278434402001865,0.0010240572737529874,0.4387801225358414,0.07598132846631889,4.739929848467226,0.43775606526208843,"[19, 18]","[33, 33]",20.518284528683193,0.05958050299603794,0.009390076040290296,2.220446049250313e-16
13,|Laplacian gamma|,curvature,MACS0416,MACS J0416,comparison_kappa,25,0.5807003077102626,0.5698305641043754,0.5739773660898209,0.7863929271697998,2000000000000846.0,508.7558765362149,nan,-0.5,-0.5,-0.5,-0.167955681681633,0.2863929271697998,0.06983056410437545,0.0,0.4543486088514328,"[20, 0]","[32, 32]",34.17601498127012,-0.004839926989065742,0.009406934957951307,2.220446049250313e-16
13,|Laplacian gamma|,curvature,MACS0416,MACS J0416,comparison_gamma1,4096,0.5175479411225781,0.10631048878149774,0.040885475360684834,4.824845963606673,449.5081680713138,100.0,0.005029526222889148,-4.739960641414606,4.739960641414606,-1.7618285302889447e-19,-0.5153349921150346,0.3970712721347809,-0.010922311339233118,9.479921282829212,0.9124062642498155,"[37, 17]","[29, 32]",17.0,0.06777920516923482,0.009406934957951307,2.220446049250313e-16
13,|Laplacian gamma|,curvature,MACS0416,MACS J0416,comparison_gamma2,4096,0.16324065371822818,0.05517580201824118,0.04053681899630843,4.861844360197451,262.78466631053664,100.0,-0.002925238020602858,-4.7395334168056795,4.73994888824547,0.0,-0.3220425773234601,0.4376878175695812,0.007521701997983666,9.47948230505115,0.7597303948930413,"[19, 18]","[29, 33]",18.027756377319946,0.4206517858634449,0.009406934957951307,2.220446049250313e-16
13,|Laplacian gamma|,curvature,MACS0416,MACS J0416,comparison_gamma,4096,0.5346765830674386,0.1415821026784138,0.07650607700149217,4.738078322410238,247.39000303043753,100.0,-0.009720784704671364,0.0,4.739962635474023,0.06045960567900402,0.0,0.5607741560817849,0.0834989090779363,4.739962635474023,0.5607741560817849,"[39, 17]","[29, 32]",18.027756377319946,0.0617374928803231,0.009406934957951307,2.220446049250313e-16
13,|Laplacian gamma|,curvature,MACS1149,MACS J1149,comparison_kappa,25,0.5176523609073103,0.5092472227693846,0.48785638328020764,0.7149682492017746,2401.878235504037,654.0323492207526,nan,-0.5,-0.5,-0.5,-0.1546057164669037,0.2149682492017746,0.009247222769384602,0.0,0.3695739656686783,"[20, 0]","[33, 32]",34.539832078341085,-0.0009367790210695901,0.00940137600991875,2.220446049250313e-16
13,|Laplacian gamma|,curvature,MACS1149,MACS J1149,comparison_gamma1,4096,0.5327051248617514,0.1266739945606371,0.05834591477399765,4.910720501841839,176.55368279943607,100.0,-0.009207642712716084,-4.739987240745853,4.739987240745853,6.556035011748285e-19,-0.35520619153976446,1.4502143396271567,-0.03444096246959224,9.479974481491706,1.8054205311669211,"[44, 17]","[32, 33]",20.0,0.042014531400749275,0.00940137600991875,2.220446049250313e-16
13,|Laplacian gamma|,curvature,MACS1149,MACS J1149,comparison_gamma2,4096,0.16983259660157377,0.06529092224804456,0.04893135031064341,4.832847714101517,107.58059421918689,100.0,-0.02555475627343769,-4.739987240745853,4.739836628935003,-4.336808689942018e-19,-0.471298966818654,0.2979532480239868,0.0010645807427233653,9.479823869680857,0.7692522148426408,"[45, 18]","[32, 33]",19.849433241279208,0.4046489697105686,0.00940137600991875,2.220446049250313e-16
13,|Laplacian gamma|,curvature,MACS1149,MACS J1149,comparison_gamma,4096,0.544422499123718,0.16533636050712797,0.09423886257268133,4.698561588735791,153.7216904817795,100.0,0.02977753758766415,0.0,4.739993706175396,0.06258427057030697,0.003379303263500333,1.5389487716346064,0.10618757622865749,4.739993706175396,1.535569468371106,"[44, 17]","[32, 33]",20.0,0.0628214696931141,0.00940137600991875,2.220446049250313e-16
13,|Laplacian gamma|,curvature,AbellS1063,Abell S1063,comparison_kappa,25,0.5454082918500109,0.539740184038759,0.545792244374752,0.722885474562645,1661.0089090055544,802.2219894889561,nan,-0.5,-0.5,-0.5,-0.08533000200986862,0.22288547456264496,0.03974018403875906,0.0,0.3082154765725136,"[20, 0]","[33, 31]",33.61547262794322,-0.005570453705823736,0.009406495024450123,2.220446049250313e-16
13,|Laplacian gamma|,curvature,AbellS1063,Abell S1063,comparison_gamma1,4096,0.5274125661572174,0.09815215253572265,0.03116476122861523,4.836784489981484,1050.6070873007495,100.0,-0.013102411428305918,-4.739914863898395,4.739914863898395,-1.8973538018496328e-19,-0.25548869371414185,0.30773400255702005,-0.0028520251225155105,9.47982972779679,0.563222696271162,"[38, 17]","[33, 32]",15.811388300841896,0.06511960001920292,0.009406495024450123,2.220446049250313e-16
13,|Laplacian gamma|,curvature,AbellS1063,Abell S1063,comparison_gamma2,4096,0.1589548190054687,0.04658953964730651,0.03361161984503269,4.787062687764666,118.11217811355519,100.0,-0.005886497256770127,-4.739830268512271,4.739175055676938,0.0,-0.20429740846157074,0.31596895910444694,0.013527305282462342,9.47900532418921,0.5202663675660177,"[44, 18]","[30, 33]",20.518284528683193,0.4116137021814516,0.009406495024450123,2.220446049250313e-16
13,|Laplacian gamma|,curvature,AbellS1063,Abell S1063,comparison_gamma,4096,0.5421631143584967,0.12773447663824267,0.06311911524879561,4.72810971555798,199.75236939286322,100.0,0.010213142921255807,0.0,4.739957581877726,0.06276967251364893,0.0,0.3626261450130663,0.0672595968597144,4.739957581877726,0.3626261450130663,"[44, 17]","[33, 32]",18.601075237738275,0.06577216323177625,0.009406495024450123,2.220446049250313e-16
13,|Laplacian gamma|,curvature,Abell370,Abell 370,comparison_kappa,25,0.5612759749148191,0.5589670360285329,0.5511489696800709,0.7142609357833862,8293.128235899705,1077.5367971777828,nan,-0.5,-0.5,-0.5,-0.010179196913091037,0.21426093578338623,0.058967036028533,0.0,0.22444013269647728,"[20, 0]","[32, 32]",34.17601498127012,-0.018607017276945234,0.009446506039239466,2.220446049250313e-16
13,|Laplacian gamma|,curvature,Abell370,Abell 370,comparison_gamma1,4096,0.5195869295870502,0.11555167638020067,0.049604424349372817,4.921154048043456,586.5528173500824,100.0,-0.011586628430452757,-4.739682887895158,4.739682887895158,2.507217523872729e-19,-0.4928266704082489,0.3075925409793854,-0.011296329791970056,9.479365775790315,0.8004192113876343,"[35, 17]","[29, 0]",18.027756377319946,0.06316948278302592,0.009446506039239466,2.220446049250313e-16
13,|Laplacian gamma|,curvature,Abell370,Abell 370,comparison_gamma2,4096,0.19867238822912967,0.06721117949585943,0.04895239137113094,4.824256537088115,171.50629727600958,100.0,-0.021093961120933195,-4.73899023026914,4.738855969817185,-2.168404344971009e-19,-0.32441097497940063,0.2763311266899109,0.0182991790713386,9.477846200086326,0.6007421016693115,"[44, 18]","[31, 0]",22.20360331117452,0.2908618510614569,0.009446506039239466,2.220446049250313e-16
13,|Laplacian gamma|,curvature,Abell370,Abell 370,comparison_gamma,4096,0.5446602374094378,0.15700272110994967,0.08932128767408748,4.708190691741692,176.88309866693245,100.0,-0.00967854336906255,0.0,4.739825204926658,0.06313013381821836,0.0014949318720027804,0.5116289854049683,0.09705151540649613,4.739825204926658,0.5101340535329655,"[18, 18]","[29, 0]",21.095023109728988,0.057813780144869875,0.009446506039239466,2.220446049250313e-16
14,kappa * gamma,composite,Abell2744,Abell 2744,comparison_kappa,25,0.5567551329841356,0.5512439729208275,0.5431494581557457,0.7083742767572403,1837.9839668269924,921.5588760259058,nan,-0.5,-0.5,-0.5,-0.13970666074208693,0.2083742767572403,0.051243972920827476,0.0,0.3480809374993272,"[20, 0]","[33, 32]",34.539832078341085,-0.007204360225312317,0.009440516005270183,2.220446049250313e-16
14,kappa * gamma,composite,Abell2744,Abell 2744,comparison_gamma1,4096,0.5270328632178075,0.10581138906486379,0.04027333438751241,4.859170983917455,567.6052709108211,100.0,0.005666628927608946,-4.73999560080518,4.73999560080518,2.371692252312041e-19,-0.3198103600506129,0.3131638814442414,-0.013846408134187567,9.47999120161036,0.6329742414948543,"[19, 17]","[32, 33]",20.615528128088304,0.06359951340657814,0.009440516005270183,2.220446049250313e-16
14,kappa * gamma,composite,Abell2744,Abell 2744,comparison_gamma2,4096,0.16038294251164595,0.048541191665244385,0.03730772737236249,4.879205407724278,164.70084010962546,100.0,-0.0397795865244092,-4.739971711501695,4.73999560080518,0.0,-0.3903151304543438,0.1792275607585907,-0.005067061197881819,9.479967312306876,0.5695426912129344,"[18, 18]","[33, 33]",21.213203435596427,0.4273782434525504,0.009440516005270183,2.220446049250313e-16
14,kappa * gamma,composite,Abell2744,Abell 2744,comparison_gamma,4096,0.5430953398881099,0.1365417967321057,0.07046541100089591,4.720986117980875,207.618959391323,100.0,-0.01931198093674629,0.0,4.7399963754472845,0.06259556655950652,0.0010240572737529874,0.4387801225358414,0.07598132846631889,4.7399963754472845,0.43775606526208843,"[19, 18]","[33, 33]",20.518284528683193,0.06074933017265862,0.009440516005270183,2.220446049250313e-16
14,kappa * gamma,composite,MACS0416,MACS J0416,comparison_kappa,25,0.5807003077102626,0.5698305641043754,0.5739773660898209,0.7863929271697998,2000000000000846.0,508.7558765362149,nan,-0.5,-0.5,-0.5,-0.167955681681633,0.2863929271697998,0.06983056410437545,0.0,0.4543486088514328,"[20, 0]","[32, 32]",34.17601498127012,-0.004839926989065742,0.009421156020835042,2.220446049250313e-16
14,kappa * gamma,composite,MACS0416,MACS J0416,comparison_gamma1,4096,0.5385303218527798,0.11078922740216454,0.040885475360684834,4.834011028981428,467.3151289031606,100.0,0.002346231552996811,-4.739998478761603,4.739998478761603,2.168404344971009e-19,-0.5153349921150346,0.3970712721347809,-0.010922311339233118,9.479996957523205,0.9124062642498155,"[19, 17]","[29, 32]",18.027756377319946,0.06241502294108149,0.009421156020835042,2.220446049250313e-16
14,kappa * gamma,composite,MACS0416,MACS J0416,comparison_gamma2,4096,0.16479170598174736,0.054926090131666994,0.04031531126305279,4.997732338351238,96.7734355394058,100.0,-0.0305669668364828,-4.739997950238216,4.739998478761603,0.0,-0.3220425773234601,0.4376878175695812,0.007521701997983666,9.479996428999819,0.7597303948930413,"[18, 18]","[29, 33]",18.601075237738275,0.40951678488011667,0.009421156020835042,2.220446049250313e-16
14,kappa * gamma,composite,MACS0416,MACS J0416,comparison_gamma,4096,0.5534453202122938,0.14593583171626973,0.07652312611776688,4.738145536135507,250.10648731328638,100.0,0.0031222652296414534,0.0,4.739999523380762,0.06484817099868763,0.0,0.5607741560817849,0.0834989090779363,4.739999523380762,0.5607741560817849,"[18, 18]","[29, 32]",17.804493814764857,0.06093000638695653,0.009421156020835042,2.220446049250313e-16
14,kappa * gamma,composite,MACS1149,MACS J1149,comparison_kappa,25,0.5176523609073103,0.5092472227693846,0.48785638328020764,0.7149682492017746,2401.878235504037,654.0323492207526,nan,-0.5,-0.5,-0.5,-0.1546057164669037,0.2149682492017746,0.009247222769384602,0.0,0.3695739656686783,"[20, 0]","[33, 32]",34.539832078341085,-0.0009367790210695901,0.009458896005526185,2.220446049250313e-16
14,kappa * gamma,composite,MACS1149,MACS J1149,comparison_gamma1,4096,0.5221965758168747,0.1243856951041325,0.05839593238418993,4.910768173499472,173.23211797604148,100.0,-0.008017379473648278,-4.739999830489235,4.739999830489235,3.595654861094505e-19,-0.35520619153976446,1.4502143396271567,-0.03444096246959224,9.47999966097847,1.8054205311669211,"[27, 17]","[32, 33]",16.76305461424021,0.04387339190604723,0.009458896005526185,2.220446049250313e-16
14,kappa * gamma,composite,MACS1149,MACS J1149,comparison_gamma2,4096,0.16997086598343142,0.06530496418317862,0.048991880439804514,4.83306280336967,106.80695883393362,100.0,-0.027730385879603445,-4.739999491284267,4.739998304681177,0.0,-0.471298966818654,0.2979532480239868,0.0010645807427233653,9.479997795965444,0.7692522148426408,"[44, 18]","[32, 33]",19.209372712298546,0.403630806874416,0.009458896005526185,2.220446049250313e-16
14,kappa * gamma,composite,MACS1149,MACS J1149,comparison_gamma,4096,0.5346748049055283,0.16319119089033468,0.0944154933094978,4.698580884221668,151.39572060397643,100.0,0.03119190299387974,0.0,4.739999840354051,0.060192395658654044,0.003379303263500333,1.5389487716346064,0.10618757622865749,4.739999840354051,1.535569468371106,"[43, 17]","[32, 33]",19.4164878389476,0.06413443292186363,0.009458896005526185,2.220446049250313e-16
14,kappa * gamma,composite,AbellS1063,Abell S1063,comparison_kappa,25,0.5454082918500109,0.539740184038759,0.545792244374752,0.722885474562645,1661.0089090055544,802.2219894889561,nan,-0.5,-0.5,-0.5,-0.08533000200986862,0.22288547456264496,0.03974018403875906,0.0,0.3082154765725136,"[20, 0]","[33, 31]",33.61547262794322,-0.005570453705823736,0.009410515078343451,2.220446049250313e-16
14,kappa * gamma,composite,AbellS1063,Abell S1063,comparison_gamma1,4096,0.517074279701834,0.09580587018862556,0.031140644701996012,4.836834417893806,284.30346627488393,100.0,-0.015952079362323426,-4.739998364692015,4.739998364692015,-7.292953675859526e-19,-0.25548869371414185,0.30773400255702005,-0.0028520251225155105,9.47999672938403,0.563222696271162,"[26, 17]","[33, 32]",16.55294535724685,0.06709228619356361,0.009410515078343451,2.220446049250313e-16
14,kappa * gamma,composite,AbellS1063,Abell S1063,comparison_gamma2,4096,0.15904477758649602,0.046298679039777565,0.03324964420781244,4.80709745803053,108.40186713775023,100.0,-0.00932886742479896,-4.739975373787382,4.739972724037738,-4.336808689942018e-19,-0.20429740846157074,0.31596895910444694,0.013527305282462342,9.479948097825119,0.5202663675660177,"[44, 18]","[30, 33]",20.518284528683193,0.41073347454571746,0.009410515078343451,2.220446049250313e-16
14,kappa * gamma,composite,AbellS1063,Abell S1063,comparison_gamma,4096,0.5321220416919219,0.12553472190331638,0.06317439255496823,4.728351242131559,193.70458335979617,100.0,0.013537849183352024,0.0,4.739999545265632,0.06022755392141939,0.0,0.3626261450130663,0.0672595968597144,4.739999545265632,0.3626261450130663,"[24, 17]","[33, 32]",17.4928556845359,0.06839081714614374,0.009410515078343451,2.220446049250313e-16
14,kappa * gamma,composite,Abell370,Abell 370,comparison_kappa,25,0.5612759749148191,0.5589670360285329,0.5511489696800709,0.7142609357833862,8293.128235899705,1077.5367971777828,nan,-0.5,-0.5,-0.5,-0.010179196913091037,0.21426093578338623,0.058967036028533,0.0,0.22444013269647728,"[20, 0]","[32, 32]",34.17601498127012,-0.018607017276945234,0.00946456496603787,2.220446049250313e-16
14,kappa * gamma,composite,Abell370,Abell 370,comparison_gamma1,4096,0.5301759374223854,0.11743682062125198,0.049604424349372817,4.928004524363227,582.4719330032741,100.0,-0.00975346298024971,-4.73998502052885,4.73998502052885,2.710505431213761e-20,-0.4928266704082489,0.3075925409793854,-0.011296329791970056,9.4799700410577,0.8004192113876343,"[42, 17]","[29, 0]",21.400934559032695,0.061217761896107774,0.00946456496603787,2.220446049250313e-16
14,kappa * gamma,composite,Abell370,Abell 370,comparison_gamma2,4096,0.16758163920210348,0.06403272593211295,0.04858466130607467,4.799503644731942,115.68875476625612,100.0,-0.016945527397723065,-4.739967136492704,4.739959267185656,0.0,-0.32441097497940063,0.2763311266899109,0.0182991790713386,9.479926403678359,0.6007421016693115,"[45, 18]","[31, 0]",22.80350850198276,0.36294564781704775,0.00946456496603787,2.220446049250313e-16
14,kappa * gamma,composite,Abell370,Abell 370,comparison_gamma,4096,0.5446860875911711,0.15700366841998972,0.08936691656708717,4.70370591991594,173.537197144218,100.0,-0.007772569117702748,0.0,4.739989122888342,0.06269828412093684,0.0014949318720027804,0.5116289854049683,0.09705151540649613,4.739989122888342,0.5101340535329655,"[42, 17]","[29, 0]",21.400934559032695,0.0579826466965866,0.00946456496603787,2.220446049250313e-16
