9.294673969023465437e-277,1.164566554872770887e-272,1.281567293264561625e-268,1.238691426373497205e-264,1.051542978706401729e-260,7.840261777900529609e-257,5.134179944370390866e-253,2.952880169527733609e-249,1.491598293835603364e-245,6.617382189071823287e-242,2.578372557216541252e-238,8.823215944299099650e-235,2.651712568045888612e-231,6.999074682002529591e-228,1.622428658617498087e-224,3.302914677360538904e-221,5.905159319318155056e-218,9.271797386697576005e-215,1.278467186195377575e-211,1.548116402475709580e-208,1.646268881240608788e-205,1.537359785161214908e-202,1.260729730455323532e-199,9.078915997074143464e-197,5.741230037061422598e-194,3.188070117792254078e-191,1.554516471525364901e-188,6.655787475883866366e-186,2.502256409140607555e-183,8.260064730195301459e-181,2.394113771653053355e-178,6.092640604729514696e-176,1.361302969581107385e-173,2.670426860763552373e-171,4.599075835735680480e-169,6.953617328608323972e-167,9.229679096110403051e-165,1.075429840193724403e-162,1.099967791894480858e-160,9.875555053965622801e-159,7.782270406145468003e-157,5.382600088821226548e-155,3.267341674673928789e-153,1.740551643940045050e-151,8.136540737787079557e-150,3.337496165410428879e-148,1.201140744485118421e-146,3.792444544259856036e-145,1.050394011577996872e-143,2.551778486319917686e-142,5.436698621962515111e-141,1.015700254191772580e-139,1.663648769704382412e-138,2.388586150479615811e-137,3.005441814232950095e-136,3.313246722853287911e-135,3.199253980515050752e-134,2.704841368604386760e-133,2.001488670126518960e-132,1.295587209655940901e-131,7.331952979686996192e-131,3.624836895585308977e-130,1.564111677115926861e-129,5.883567605688269269e-129,1.926345058257604100e-128,5.478320266032530440e-128,1.349392599804440707e-127,2.866972454977658241e-127,5.221686458825817257e-127,8.071463650846177688e-127,1.040226134944769959e-126,1.077691175512645701e-126,8.149498375320019078e-127,2.772530892353792741e-127,3.617884827673302317e-127,8.693295826717571130e-127,1.088967191026422023e-126,1.016657771821963686e-126,7.683205953626615637e-127,4.856403913339738939e-127,2.609632113777168031e-127,1.203340584292173655e-127,4.789372051530206569e-128,1.651741726328281516e-128,4.949549674269399037e-129,1.291258053852027411e-129,2.937194672549276687e-130,5.832087986460378272e-131,1.011765078935682566e-131,1.534666180499225317e-132,2.036490285890575266e-133,2.365350667794694209e-134,2.405631394151136508e-135,2.143043165180778345e-136,1.672733830307386434e-137,1.144260004997449560e-138,6.861479155794833108e-140,3.607339337076422211e-141,1.663042787254229203e-142,6.724027556271924652e-144,2.384626966133137526e-145,7.418659897109584576e-147,2.024829234724550733e-148,4.848960295722645601e-150,1.018923466205073694e-151,1.878880745033903860e-153,3.040539092579912344e-155,4.318392057295936288e-157,5.383165099039435043e-159,5.890056762934606104e-161,5.657018187896914817e-163,4.769364524371413429e-165,3.529842906639519868e-167,2.293442827074407165e-169,1.308195702903455500e-171,6.551236732680490486e-174,2.880395965967922515e-176,1.111913741157095610e-178,3.768694073435305343e-181,1.121557937370098484e-183,2.930711567990398799e-186,6.724405130799928799e-189,1.354791382275590648e-191,2.396826336053105548e-194,3.723519693882324552e-197,5.079612829470886752e-200,6.085187466834933457e-203,6.401619601032673433e-206
4.673065876668790488e-273,5.855069523495604362e-269,6.443311951301609236e-265,6.227745755902497140e-261,5.286822999946482468e-257,3.941833774967847376e-253,2.581302064242202044e-249,1.484614049304052609e-245,7.499280891235196701e-242,3.327008887417640786e-238,1.296323556330949404e-234,4.436031805867479006e-231,1.333196576636277711e-227,3.518911709405628367e-224,8.157054273423728789e-221,1.660600245232765486e-217,2.968925925036221585e-214,4.661564260079005189e-211,6.427725600876571102e-208,7.783435930755656161e-205,8.276915315567902357e-202,7.729355086728390084e-199,6.338547325838041798e-196,4.564589643963975593e-193,2.886507505877431030e-190,1.602860060453081513e-187,7.815613438412945422e-185,3.346317841760853456e-182,1.258054782684554408e-179,4.152897321454002640e-177,1.203684110755668173e-174,3.063185540841735332e-172,6.844197522320898383e-170,1.342605526643352561e-167,2.312268770674619504e-165,3.496057200716045759e-163,4.640388525767932027e-161,5.406918527434483597e-159,5.530287529028015183e-157,4.965114375144790319e-155,3.912677561278367828e-153,2.706199796427104140e-151,1.642715273093315801e-149,8.750939001172495369e-148,4.090793394429291842e-146,1.677986715409389595e-144,6.038952893703549317e-143,1.906720262377377021e-141,5.281046359364751683e-140,1.282952904960631638e-138,2.733398814921413647e-137,5.106617203145602632e-136,8.364295856294511653e-135,1.200904998979306727e-133,1.511040369269949443e-132,1.665794868454854976e-131,1.608482950231251612e-130,1.359908044493525791e-129,1.006284721557705039e-128,6.513799623166458657e-128,3.686272309591764765e-127,1.822452477805311823e-126,7.863855074421311923e-126,2.958070299488685629e-125,9.685049081257274495e-125,2.754324851188578589e-124,6.784315978577777161e-124,1.441422388063050710e-123,2.625297551125519117e-123,4.058074708938026262e-123,5.229925515867427807e-123,5.418287800844478384e-123,4.097308081657475776e-123,1.393940179961183078e-123,1.818957199601962482e-123,4.370712110933996389e-123,5.474980013450766806e-123,5.111431296656396486e-123,3.862871111469241053e-123,2.441645127776243284e-123,1.312039865215947187e-123,6.050012987209000470e-124,2.407943643774170279e-124,8.304431036628316043e-125,2.488475848079836550e-125,6.492034007376565637e-126,1.476727881274687892e-126,2.932187987445965184e-127,5.086832395986984307e-128,7.715812500863478960e-129,1.023882418562849692e-129,1.189222938735896839e-130,1.209474804313668331e-131,1.077453810730000428e-132,8.409972645845685408e-134,5.752974661835595146e-135,3.449733063604758417e-136,1.813655262984723161e-137,8.361249169635630360e-139,3.380626779561695122e-140,1.198914447257902446e-141,3.729865784567711977e-143,1.018019613641276628e-144,2.437902714045400992e-146,5.122822486002018148e-148,9.446413639902099618e-150,1.528686162372944576e-151,2.171149911471527297e-153,2.706483865559424708e-155,2.961332840964797716e-157,2.844168471712092524e-159,2.397884496702010275e-161,1.774692527353003337e-163,1.153069967919669576e-165,6.577191109248751876e-168,3.293753059812671750e-170,1.448171301618923352e-172,5.590347955085673794e-175,1.894779282507094468e-177,5.638835900318280683e-180,1.473468382901430453e-182,3.380816612000650117e-185,6.811459336400551807e-188,1.205047901694772512e-190,1.872067044048391378e-193,2.553867457772784784e-196,3.059438340620153020e-199,3.218530333896651379e-202
2.063949893977934310e-269,2.586004657582120749e-265,2.845813298963640935e-261,2.750604320986116549e-257,2.335027593916927954e-253,1.740987098543348934e-249,1.140081963838175136e-245,6.557084985597925350e-242,3.312202397497455217e-238,1.469437799866820799e-234,5.725463619095462425e-231,1.959259213767102477e-227,5.888320442338519056e-224,1.554195391468187291e-220,3.602720729203060834e-217,7.334362045268928614e-214,1.311283536317873340e-210,2.058869982640217732e-207,2.838929285947829797e-204,3.437704964589069809e-201,3.655659675872446025e-198,3.413819114216632488e-195,2.799541976597205579e-192,2.016039268514030105e-189,1.274881848011171766e-186,7.079341355634843309e-184,3.451916782970979113e-181,1.477965972875632638e-178,5.556442181361857590e-176,1.834207394573975392e-173,5.316303596707588300e-171,1.352915118064334295e-168,3.022872162167950423e-166,5.929876889192252288e-164,1.021258208216174270e-161,1.544101255833957083e-159,2.049517310166634582e-157,2.388070105573208446e-155,2.442558410359200031e-153,2.192938759825009695e-151,1.728109693055876254e-149,1.195245462042735684e-147,7.255369607910750173e-146,3.865021401440376271e-144,1.806777994479551381e-142,7.411152752322442589e-141,2.667220303252639612e-139,8.421398686098503256e-138,2.332476228919340328e-136,5.666409552223300905e-135,1.207258434431478592e-133,2.255436219645808453e-132,3.694252981104754500e-131,5.304029112228006963e-130,6.673801937023252701e-129,7.357305103054471682e-128,7.104175935473198696e-127,6.006296804549635868e-126,4.444451028906321070e-125,2.876945542058810365e-124,1.628113436305179854e-123,8.049213723121184047e-123,3.473223634212788807e-122,1.306488939411623681e-121,4.277589178505375236e-121,1.216500822933867203e-120,2.996424320617761037e-120,6.366320663001405721e-120,1.159513421238448824e-119,1.792327154445825788e-119,2.309897720013146572e-119,2.393091564989288661e-119,1.809655332077868507e-119,6.156606310660444052e-120,8.033776151456553947e-120,1.930409507629384986e-119,2.418130776780035017e-119,2.257562457118857885e-119,1.706111711528546492e-119,1.078399777701849571e-119,5.794877735894129674e-120,2.672105207388432002e-120,1.063514865711400480e-120,3.667812526061764073e-121,1.099083470760665406e-121,2.867332337020900532e-122,6.522254199783555377e-123,1.295057515888705525e-123,2.246697877040347294e-124,3.407837769332176250e-125,4.522174660086787898e-126,5.252433034534932996e-127,5.341879314382369085e-128,4.758783071147904439e-129,3.714427018333641868e-130,2.540912488019876358e-131,1.523641305043103547e-132,8.010359122981233445e-134,3.692907353040656874e-135,1.493119178587232803e-136,5.295237455699668125e-138,1.647367337371895337e-139,4.496280448630043102e-141,1.076746868324918174e-142,2.262593596131674192e-144,4.172191222017861323e-146,6.751737993910965422e-148,9.589303356434767708e-150,1.195370926667366711e-151,1.307929903931145632e-153,1.256181994983361630e-155,1.059072048918967676e-157,7.838272667975267066e-160,5.092756449080902546e-162,2.904943617504557517e-164,1.454749720635265668e-166,6.396128544566131594e-169,2.469085258740414034e-171,8.368659039816886366e-174,2.490500897222089028e-176,6.507857995008517143e-179,1.493203021754137520e-181,3.008412709393997421e-184,5.322327043064328179e-187,8.268346047444166084e-190,1.127964939466933826e-192,1.351260094637016635e-195,1.421526149370164920e-198
8.008033844222046394e-266,1.003358312121785788e-261,1.104162910104605576e-257,1.067222249861074088e-253,9.059803270344665602e-250,6.754952553932252560e-246,4.423467342038598466e-242,2.544119827584198234e-238,1.285119807197476626e-234,5.701353345677628165e-231,2.221454434017111891e-227,7.601838658606916489e-224,2.284642157521591989e-220,6.030209033530806843e-217,1.397839628517670673e-213,2.845699871673499726e-210,5.087721833197365611e-207,7.988324014047593869e-204,1.101491943655336165e-200,1.333814245356562671e-197,1.418379704507080443e-194,1.324546641587893546e-191,1.086209842707377005e-188,7.822142747104451774e-186,4.946484900654401603e-183,2.746752977686224903e-180,1.339328367716537952e-177,5.734442277856436152e-175,2.155874867490055808e-172,7.116643158801830287e-170,2.062702164080508739e-167,5.249250519812610390e-165,1.172860961986349155e-162,2.300765874176648358e-160,3.962436452045562117e-158,5.991044235965688279e-156,7.952036060584665096e-154,9.265605857795644876e-152,9.477018058306392933e-150,8.508504910048552246e-148,6.704988793052822461e-146,4.637499263005132775e-144,2.815051157108081023e-142,1.499611123397065401e-140,7.010218305696615604e-139,2.875494324669927526e-137,1.034869621632073682e-135,3.267465256339433363e-134,9.049904087570315958e-133,2.198541718571656867e-131,4.684109061886184884e-130,8.750992276076775762e-129,1.433353735386472685e-127,2.057939718664722153e-126,2.589405485923606219e-125,2.854601676111531601e-124,2.756388684275056095e-123,2.330416461646449558e-122,1.724427243236716189e-121,1.116242082040707491e-120,6.317007761788444527e-120,3.123059145096546338e-119,1.347595331287514085e-118,5.069119010314186688e-118,1.659685586996872578e-117,4.719969118443119029e-117,1.162599317027876284e-116,2.470104118384656286e-116,4.498860532986685718e-116,6.954149688753670700e-116,8.962300476648417151e-116,9.285088897116290726e-116,7.021382247568546003e-116,2.388735881874938259e-116,3.117069435917963221e-116,7.489903081187682362e-116,9.382239925849056437e-116,8.759241982968113839e-116,6.619637602584424329e-116,4.184143201673445826e-116,2.248386802781496938e-116,1.036764942722111128e-116,4.126390404770490928e-117,1.423094956363316092e-117,4.264395011307320399e-118,1.112512201219715486e-118,2.530605637513161911e-119,5.024765595193187129e-120,8.717087895203625327e-121,1.322225906361671659e-121,1.754583666646310218e-122,2.037920669868830465e-123,2.072625428853116550e-124,1.846386678390485570e-125,1.441181172155975848e-126,9.858627507713814265e-128,5.911660536365818828e-129,3.107983732962951576e-130,1.432831637679117792e-131,5.793236042446933379e-133,2.054528595011417072e-134,6.391712042058621090e-136,1.744536827704464817e-137,4.177729986747557311e-139,8.778762578699165959e-141,1.618791648382977989e-142,2.619644329563354749e-144,3.720607076990346905e-146,4.637986060171686132e-148,5.074709888608794922e-150,4.873930302134680265e-152,4.109152473116208568e-154,3.041214953357328202e-156,1.975966864488194952e-158,1.127105210859789996e-160,5.644364251149722131e-163,2.481669443933093516e-165,9.579941050883551449e-168,3.247002508017414252e-170,9.663032776247811733e-173,2.525019974058566033e-175,5.793561350207625909e-178,1.167250758583604467e-180,2.065039234492298276e-183,3.208081512878282435e-186,4.376453826089899746e-189,5.242829102482173611e-192,5.515458271455888912e-195
2.729494061035614474e-262,3.419891333249354001e-258,3.763478232199559905e-254,3.637568034132498008e-250,3.087983854911679404e-246,2.302388231264154106e-242,1.507714387093248133e-238,8.671491773178460434e-235,4.380259811197665693e-231,1.943274766263859054e-227,7.571704618699244970e-224,2.591044677784075701e-220,7.787076480747398932e-217,2.055363409295267303e-213,4.764459090126909774e-210,9.699410679711170853e-207,1.734121857878627581e-203,2.722776074387908566e-200,3.754374390727101016e-197,4.546232111453653097e-194,4.834468803518019812e-191,4.514643996393339876e-188,3.702286194563393871e-185,2.666134108333511100e-182,1.685982030291283798e-179,9.362155662129689372e-177,4.565026692651122572e-174,1.954552945857348773e-171,7.348180291956356800e-169,2.425668474223712842e-166,7.030606283711479781e-164,1.789178017653466400e-161,3.997631743864290652e-159,7.842033277526227680e-157,1.350574557185799673e-154,2.042014304579728907e-152,2.710407526081395615e-150,3.158130529004056067e-148,3.230189208689627296e-146,2.900076856817733837e-144,2.285358359609254673e-142,1.580665984016515130e-140,9.594946230625848303e-139,5.111341603686570906e-137,2.389394151442755654e-135,9.800963425475521781e-134,3.527295889521844064e-132,1.113697467481485737e-130,3.084609773188792952e-129,7.493607894898555017e-128,1.596552676267572497e-126,2.982727334868783905e-125,4.885506959892584430e-124,7.014373751817999121e-123,8.825845435871127684e-122,9.729751987975228283e-121,9.394998435294756978e-120,7.943095665581967244e-119,5.877614918531167376e-118,3.804649421902828291e-117,2.153117170162875683e-116,1.064477442856918718e-115,4.593204180921448295e-115,1.727781188553721163e-114,5.656946562665674953e-114,1.608775378279383043e-113,3.962655494366501606e-113,8.419213320556460457e-113,1.533411739394742386e-112,2.370283473343515881e-112,3.054750566761147835e-112,3.164771215251449093e-112,2.393199319306533121e-112,8.141874185080519661e-113,1.062435883597371753e-112,2.552892055072161273e-112,3.197884606252433335e-112,2.985539201848666717e-112,2.256266878227271623e-112,1.426142077023942443e-112,7.663502108589620076e-113,3.533755986663569226e-113,1.406457355506534076e-113,4.850540478773702293e-114,1.453495462641924109e-114,3.791936329340510960e-115,8.625429403502839296e-116,1.712663572224106328e-116,2.971171214100102025e-117,4.506733898678636728e-118,5.980401420452765161e-119,6.946139930808773438e-120,7.064429183052451201e-121,6.293306910374993467e-122,4.912186345358564878e-123,3.360258679682000603e-124,2.014956809465997808e-125,1.059339071977172914e-126,4.883727418712957671e-128,1.974592475458510621e-129,7.002747125439695106e-131,2.178579711077258724e-132,5.946157325380305723e-134,1.423956168173807330e-135,2.992192688978278982e-137,5.517561833855458881e-139,8.928912862574325787e-141,1.268148351720645981e-142,1.580831906139333664e-144,1.729686808507013678e-146,1.661252196524306488e-148,1.400581901803514738e-150,1.036581302600350637e-152,6.734973810467658357e-155,3.841675795890668865e-157,1.923850348476237975e-159,8.458633093246290012e-162,3.265269941669879710e-164,1.106722852849211183e-166,3.293591296865194859e-169,8.606390978418188829e-172,1.974703354810183805e-174,3.978509675740593273e-177,7.038572058998265997e-180,1.093456846842723065e-182,1.491690090111048920e-185,1.786989313058902722e-188,1.879913457992329772e-191
8.172744294261004593e-259,1.023995537481875982e-254,1.126873499667239760e-250,1.089173038342478196e-246,9.246146672851919799e-243,6.893889438661105587e-239,4.514449886666751708e-235,2.596447668584777604e-231,1.311552345559336413e-227,5.818619642699389082e-224,2.267145644452490693e-220,7.758194424688515395e-217,2.331633022602633666e-213,6.154239284030855687e-210,1.426590605195166212e-206,2.904230656589122225e-203,5.192366864561491688e-200,8.152629069316143550e-197,1.124147596376203186e-193,1.361248338280268958e-190,1.447553152570905365e-187,1.351790117036531730e-184,1.108551170867018626e-181,7.983029760963033933e-179,5.048224949450631671e-176,2.803248607936716186e-173,1.366875875940862088e-170,5.852389153038664745e-168,2.200217227493618627e-165,7.263019350534871818e-163,2.105128133842968561e-160,5.357217897608247207e-158,1.196984543458221101e-155,2.348088374297179887e-153,4.043936443671892019e-151,6.114268938988323662e-149,8.115594739743661399e-147,9.456182239004044364e-145,9.671942797602493401e-143,8.683509124579636532e-141,6.842898015593754273e-139,4.732884048524983880e-137,2.872951554630650842e-135,1.530455351556705631e-133,7.154405534980452199e-132,2.934637926395204769e-130,1.056154976367241120e-128,3.334670975409956256e-127,9.236043882184615766e-126,2.243761656814758967e-124,4.780452524783821550e-123,8.930984007389997135e-122,1.462835171579911369e-120,2.100267733727966847e-119,2.642664769185715544e-118,2.913315554684606958e-117,2.813082503193306023e-116,2.378348819526643595e-115,1.759895523315031577e-114,1.139201117834244405e-113,6.446936931852490259e-113,3.187294697461404546e-112,1.375312875666856058e-111,5.173381416017531641e-111,1.693822250908417923e-110,4.817050156400158031e-110,1.186511835436497692e-109,2.520909593101464483e-109,4.591393776157569613e-109,7.097183690229539736e-109,9.146638426957098129e-109,9.476066008426857003e-109,7.165799098545975614e-109,2.437867762405071300e-109,3.181181791030673437e-109,7.643956539349016291e-109,9.575215254197295986e-109,8.939403395498471608e-109,6.755791308932264845e-109,4.270203291223592481e-109,2.294631962243763159e-109,1.058089280707789372e-109,4.211262626073524246e-110,1.452365388438111093e-110,4.352105732207843168e-111,1.135394520260560519e-111,2.582655516612272027e-112,5.128115733141756126e-113,8.896382276101883496e-114,1.349421648575558677e-114,1.790672208600120469e-115,2.079836930114141030e-116,2.115255501827205776e-117,1.884363438562482182e-118,1.470823604251454285e-119,1.006140124781216316e-120,6.033252463458649596e-122,3.171909211964764422e-123,1.462302335289320814e-124,5.912392196667355486e-126,2.096786449568502579e-127,6.523177741062330760e-129,1.780418724755609005e-130,4.263658168327239919e-132,8.959325493785699648e-134,1.652087199588565169e-135,2.673525569931403941e-137,3.797133085495198204e-139,4.733380858205811484e-141,5.179087288333770188e-143,4.974178036983167427e-145,4.193670142031090794e-147,3.103767122012003244e-149,2.016608849503894806e-151,1.150287681129914478e-153,5.760458387868861695e-156,2.532712796008780549e-158,9.776982725846812269e-161,3.313787346188570348e-163,9.861783494367851034e-166,2.576954966386490328e-168,5.912724195404832658e-171,1.191258948544928693e-173,2.107513273472096857e-176,3.274065818139519558e-179,4.466469389618802180e-182,5.350664403595652663e-185,5.628901050508393201e-188
2.149726312102869091e-255,2.693477332878862166e-251,2.964083452784878710e-247,2.864917651467942718e-243,2.432069825326095486e-239,1.813341392490827420e-235,1.187463030362050403e-231,6.829593182160218328e-228,3.449855379580405023e-224,1.530506681191167937e-220,5.963410171380662582e-217,2.040684755165979098e-213,6.133035218508635563e-210,1.618786743291169324e-206,3.752447464605406546e-203,7.639173371996411758e-200,1.365779629087520915e-196,2.144435282947801333e-193,2.956913344655902925e-190,3.580573751906435372e-187,3.807586519541915792e-184,3.555695221094016508e-181,2.915889124291703133e-178,2.099824552138915873e-175,1.327865110238283504e-172,7.373554188008755809e-170,3.595376204235474477e-167,1.539389279534034148e-164,5.787364312384546708e-162,1.910435863523652036e-159,5.537245723997830181e-157,1.409141392352618208e-154,3.148500767435997667e-152,6.176318724319727863e-150,1.063701036570755738e-147,1.608273101931456273e-145,2.134693919475932993e-143,2.487316749344711242e-141,2.544069552715643427e-139,2.284075871504076042e-137,1.799928810386026879e-135,1.244919087751635294e-133,7.556898060206339783e-132,4.025649182552318678e-130,1.881866515363989070e-128,7.719155450999227764e-127,2.778068248076055751e-125,8.771386550150937278e-124,2.429412427256570223e-122,5.901901855817656111e-121,1.257431311476649722e-119,2.349170685195261113e-118,3.847783737493299950e-117,5.524461119909208704e-116,6.951160814344110793e-115,7.663069928373439813e-114,7.399420876878520535e-113,6.255914601759805723e-112,4.629159529289258368e-111,2.996509531696518608e-110,1.695776774101992193e-109,8.383733821661324285e-109,3.617568554385140228e-108,1.360785771843402146e-107,4.455363008682806755e-107,1.267057807645384578e-106,3.120953770755241492e-106,6.630900818123921995e-106,1.207702046516023620e-105,1.866815107804812425e-105,2.405895570181064797e-105,2.492546897355376800e-105,1.884863433229467337e-105,6.412470873399611871e-106,8.367654674365351614e-106,2.010636073949913245e-105,2.518626722527111570e-105,2.351385287717849752e-105,1.777016607031413709e-105,1.123217372607147341e-105,6.035709093812463735e-106,2.783156165653446426e-106,1.107713853326192374e-106,3.820244434307022531e-107,1.144760666516951991e-107,2.986496808101315079e-108,6.793314851490656925e-109,1.348879265779149656e-109,2.340069182745735542e-110,3.549465295397959535e-111,4.710113304147003614e-112,5.470720742715405336e-113,5.563884351907853361e-114,4.956555007217060347e-115,3.868796194616823309e-116,2.646511162013811219e-117,1.586962848863885858e-118,8.343264449548058943e-120,3.846382186000133810e-121,1.555172242640840114e-122,5.515304087841178689e-124,1.715830854800213771e-125,4.683142946066994105e-127,1.121495769382439482e-128,2.356625517602865434e-130,4.345584781525120022e-132,7.032335843172309991e-134,9.987828580636471723e-136,1.245049766604643946e-137,1.362286621914677085e-139,1.308388103454521892e-141,1.103086395952630481e-143,8.164026193153161472e-146,5.304408101994010936e-148,3.025671188989973477e-150,1.515208174916731346e-152,6.661947495901686711e-155,2.571698839700109889e-157,8.716455078396945960e-160,2.594004498218710149e-162,6.778320349793983349e-165,1.555259570276128078e-167,3.133440389187336738e-170,5.543519500876046718e-173,8.611973143162619773e-176,1.174842430321475822e-178,1.407417587225743404e-181,1.480603853592149468e-184
4.967386318850505502e-252,6.223835275286757228e-248,6.849126564814684501e-244,6.619983514373901014e-240,5.619799278074742461e-236,4.190099536741971045e-232,2.743878408126845215e-228,1.578118458399043029e-224,7.971602858489708727e-221,3.536551562984495865e-217,1.377968996901519905e-213,4.715423296830256924e-210,1.417164364874370391e-206,3.740540866290882657e-203,8.670804321905154174e-200,1.765188669913997589e-196,3.155915711642758926e-193,4.955160303986472501e-190,6.832558550169938486e-187,8.273654636276388731e-184,8.798214488294853052e-181,8.216167656242750780e-178,6.737763622162571224e-175,4.852078003396726048e-172,3.068306390789770112e-169,1.703811875429330534e-166,8.307858757406978292e-164,3.557076639704617003e-161,1.337289967829572447e-158,4.414456351064876901e-156,1.279494905869937730e-153,3.256112014952990950e-151,7.275260831577136935e-149,1.427165912204817997e-146,2.457900778653226799e-144,3.716246928054415816e-142,4.932650873201615774e-140,5.747458698245721722e-138,5.878597763445828330e-136,5.277828703801377015e-134,4.159106997614557473e-132,2.876642486888908244e-130,1.746177261073057774e-128,9.302093276395800395e-127,4.348440975808813949e-125,1.783670179989924411e-123,6.419300043282174760e-122,2.026809892090423391e-120,5.613658811389124301e-119,1.363756231140095003e-117,2.905554562158988215e-116,5.428243705529847184e-115,8.891098456539765241e-114,1.276540759237501193e-112,1.606209168808508111e-111,1.770710462457169229e-110,1.709788907745685326e-109,1.445558182440554975e-108,1.069662848899711367e-107,6.924053712444377258e-107,3.918442222187969724e-106,1.937234728539443719e-105,8.359138762635933810e-105,3.144376373817033475e-104,1.029503575884029708e-103,2.927798568336810058e-103,7.211607810414907297e-103,1.532206486945070892e-102,2.790644832012785378e-102,4.313661592223367462e-102,5.559318259546495822e-102,5.759544034656949923e-102,4.355365973060512907e-102,1.481733740114949320e-102,1.933519309704675496e-102,4.645989617267945411e-102,5.819806853243006560e-102,5.433361001722447728e-102,4.106163622988741581e-102,2.595425556435292901e-102,1.394675155080010374e-102,6.431056726932341042e-103,2.559601475422920758e-103,8.827463212784393758e-104,2.645205783266567704e-104,6.900917248085566959e-105,1.569735601362721603e-105,3.116863934208662107e-106,5.407212805691946580e-107,8.201772127145012126e-108,1.088368889358109554e-108,1.264122935958882563e-109,1.285650310634171437e-110,1.145314331077917617e-111,8.939652075413576468e-113,6.115310244313301767e-114,3.667005190190797852e-115,1.927883444880888157e-116,8.887859882553333436e-118,3.593546433356828843e-119,1.274424837989940718e-120,3.964781314538228048e-122,1.082136831490882347e-123,2.591447436873899541e-125,5.445469634385233999e-127,1.004137050824778726e-128,1.624966334565268962e-130,2.307893928967961224e-132,2.876944447349021926e-134,3.147844397662617486e-136,3.023300746823676958e-138,2.548908780116054717e-140,1.886466746501258002e-142,1.225692967849084439e-144,6.991437740200717504e-147,3.501201206829626556e-149,1.539380462606735295e-151,5.942440933342668342e-154,2.014116841829612034e-156,5.993982760942806941e-159,1.566270812279257786e-161,3.593748221881422357e-164,7.240460719369990586e-167,1.280944591500004866e-169,1.989974134327361498e-172,2.714715907011586475e-175,3.252128807438525617e-178,3.421240780541090198e-181
1.008328877696039835e-248,1.263375231009539109e-244,1.390303000209547163e-240,1.343789292588024640e-236,1.140762069871264102e-232,8.505475701138748100e-229,5.569793968513368834e-225,3.203419891042853460e-221,1.618154266206239839e-217,7.178839815389147506e-214,2.797136850163843869e-210,9.571829480444599801e-207,2.876699458871139443e-203,7.592917344419595233e-200,1.760085048639574301e-196,3.583153385314706699e-193,6.406187768297590734e-190,1.005847121082955945e-186,1.386939861822468403e-183,1.679467703604850785e-180,1.785948015970765167e-177,1.667798431610384113e-174,1.367697456010584654e-171,9.849224629645524161e-169,6.228349761547391239e-166,3.458564737832586712e-163,1.686410792155162147e-160,7.220503632626964419e-158,2.714562560392532833e-155,8.960897205062430795e-153,2.597244465478893558e-150,6.609576068667654535e-148,1.476803920284573262e-145,2.897001582256205706e-143,4.989288479985083559e-141,7.543603121799891766e-139,1.001277935675016104e-136,1.166675633182389564e-134,1.193295529028592128e-132,1.071345522971964907e-130,8.442564000322988014e-129,5.839291539154592460e-127,3.544562159851680073e-125,1.888230282799855605e-123,8.826892710604030355e-122,3.620668970206916636e-120,1.303052589986632627e-118,4.114217845383976289e-117,1.139515617613880689e-115,2.768286381873321644e-114,5.897980110034439739e-113,1.101878237793562876e-111,1.804802516396015980e-110,2.591247848411951737e-109,3.260441174836187138e-108,3.594362062315496433e-107,3.470697505249306696e-106,2.934336019353438031e-105,2.171306741032814173e-104,1.405512448766412162e-103,7.954038994762998970e-103,3.932389377989928636e-102,1.696820111423278751e-101,6.382764086678134389e-101,2.089787503172633181e-100,5.943133179169296466e-100,1.463883004682947048e-99,3.110223260705609620e-99,5.664725050341846094e-99,8.756294100887905967e-99,1.128485038526429841e-98,1.169128833501034714e-98,8.840949750387289978e-99,3.007768720432669457e-99,3.924847455813327573e-99,9.430886176008242549e-99,1.181361572477104816e-98,1.102916996850822113e-98,8.335094337021024577e-99,5.268449785228097376e-99,2.831048651356396689e-99,1.305439077135913037e-99,5.195730545997951609e-100,1.791885209425370817e-100,5.369498580359165538e-101,1.400815981923820700e-101,3.186403544244395460e-102,6.326916633774648496e-103,1.097609179124376101e-103,1.664876285683528552e-104,2.209278099753224098e-105,2.566040930715075050e-106,2.609739310815969467e-107,2.324871552032340949e-108,1.814658406975086467e-109,1.241345754006485283e-110,7.443647404469004675e-112,3.913407223687753935e-113,1.804145118829624450e-114,7.294533602802224716e-116,2.586952743580199890e-117,8.048102637049759342e-119,2.196627656419629245e-120,5.260374607300655488e-122,1.105374926071476254e-123,2.038296038439626677e-125,3.298516312709906962e-127,4.684789838884107051e-129,5.839904488162679070e-131,6.389803822207247964e-133,6.136992883794292540e-135,5.174025462550218085e-137,3.829335540286091715e-139,2.488032005846746960e-141,1.419190720742248710e-143,7.107082189430943931e-146,3.124785701319770100e-148,1.206255042889889560e-150,4.088452244921726177e-153,1.216717509434514312e-155,3.179370374960237339e-158,7.294943212973984455e-161,1.469739851612272428e-163,2.600187179798211424e-166,4.039445005307606997e-169,5.510597058641709096e-172,6.601490562720057385e-175,6.944770660336350609e-178
1.798067441823040453e-245,2.252869991064795919e-241,2.479209526019183653e-237,2.396265572788555840e-233,2.034224331041420814e-229,1.516709406396236898e-225,9.932141599802311340e-222,5.712387233948822876e-218,2.885517380559104300e-214,1.280141670801777978e-210,4.987897115567357215e-207,1.706863239580701814e-203,5.129774373542676283e-200,1.353980607661490704e-196,3.138610517662512694e-193,6.389533795676140433e-190,1.142361178696092992e-186,1.793641935559045957e-183,2.473212326327353488e-180,2.994852437774609864e-177,3.184729755675713347e-174,2.974043613879644331e-171,2.438898974645160688e-168,1.756328765891677388e-165,1.110648833951300422e-162,6.167365418258910102e-160,3.007233459228026786e-157,1.287571226270679741e-154,4.840649381962110167e-152,1.597920863950880844e-149,4.631445964836016883e-147,1.178629690788971231e-144,2.633459286704014031e-142,5.165977429771947970e-140,8.896975354135174592e-138,1.345186820229536318e-135,1.785494094413761646e-133,2.080433792580543229e-131,2.127902797072144471e-129,1.910439685315425082e-127,1.505490895904405680e-125,1.041271378031407637e-123,6.320717333525089746e-122,3.367121054711878305e-120,1.574024978007975055e-118,6.456432159136845622e-117,2.323623263068518894e-115,7.336536044921957238e-114,2.032001638355503476e-112,4.936450520250735343e-111,1.051736813548840023e-109,1.964886088314802903e-108,3.218351388554019566e-107,4.620752705776236617e-106,5.814068457354689634e-105,6.409521279546098809e-104,6.189000754258569222e-103,5.232552767727879749e-102,3.871907314789698254e-101,2.506331246783782025e-100,1.418376371421765054e-99,7.012296747159433869e-99,3.025795516193236370e-98,1.138184232046338011e-97,3.726540965845271940e-97,1.059788577740623763e-96,2.610418512829804385e-96,5.546197580558832305e-96,1.010142415356871411e-95,1.561435726185827851e-95,2.012331741400970192e-95,2.084808376824570603e-95,1.576531650793133213e-95,5.363499080877021200e-96,6.998847876581553485e-96,1.681730014453883738e-95,2.106621983647697775e-95,1.966738419316202316e-95,1.486326741541844856e-95,9.394780053631791900e-96,5.048369156948515230e-96,2.327878883370967433e-96,9.265105996558745542e-97,3.195317049641839055e-97,9.574971807144754408e-98,2.497956435439459351e-98,5.682043424662935404e-99,1.128225429020044168e-99,1.957273437747519315e-100,2.968832798670880580e-101,3.939618421103361892e-102,4.575803345478732986e-103,4.653726963709767190e-104,4.145746429165211495e-105,3.235926563035666909e-106,2.213586691500192338e-107,1.327362564183321303e-108,6.978447479939613307e-110,3.217179107180211459e-111,1.300772363522740192e-112,4.613093609298428659e-114,1.435149943656820076e-115,3.917059957502306602e-117,9.380380273143171380e-119,1.971121436209046728e-120,3.634720600177239656e-122,5.881964624238511170e-124,8.353988730674902937e-126,1.041380680033201302e-127,1.139439568428018954e-129,1.094357936098920473e-131,9.226401160534784540e-134,6.828529571162659825e-136,4.436696640236009650e-138,2.530722550101754091e-140,1.267345741438654775e-142,5.572165546875243422e-145,2.151012399953411476e-147,7.290590432997630574e-150,2.169669229953205651e-152,5.669501769874284485e-155,1.300845405833084872e-157,2.620862531649760893e-160,4.636693457916095509e-163,7.203199975459591177e-166,9.826580766773340019e-169,1.177187871029830270e-171,1.238402101882838953e-174
2.816691303142866610e-242,3.529144215249806926e-238,3.883707445101373158e-234,3.753774881797711429e-230,3.186633520309004466e-226,2.375941021465095453e-222,1.555880286523738959e-218,8.948513869826157699e-215,4.520192914810510602e-211,2.005355209191175514e-207,7.813592582565252682e-204,2.673818974054538149e-200,8.035844779199680152e-197,2.121024669884606775e-193,4.916665940004984387e-190,1.000927098438069990e-186,1.789520638789530810e-183,2.809758701663430811e-180,3.874312769559578274e-177,4.691467416326488348e-174,4.988912204856509769e-171,4.658870177796816541e-168,3.820560548140646248e-165,2.751307234243523869e-162,1.739842921722574352e-159,9.661241916092163393e-157,4.710862414890326879e-154,2.016993684917501373e-151,7.582927480133784426e-149,2.503159612319443513e-146,7.255208156649426916e-144,1.846335639282114927e-141,4.125341295606910335e-139,8.092557242411238647e-137,1.393720420122710512e-134,2.107249110634534959e-132,2.796995023973436714e-130,3.259021121245784464e-128,3.333381809290300452e-126,2.992723588465908328e-124,2.358367108382492334e-122,1.631162417207764442e-120,9.901469282425609252e-119,5.274630067164462634e-117,2.465726459062416399e-115,1.011406796484619502e-113,3.639979949931772585e-112,1.149275983328417779e-110,3.183151649151246856e-109,7.733000957226639587e-108,1.647556630530267055e-106,3.078014443667090418e-105,5.041580841597996938e-104,7.238457055382649714e-103,9.107798561261795777e-102,1.004058158524957355e-100,9.695133894409407174e-100,8.196848200055141826e-99,6.065382980891207281e-98,3.926193902075525077e-97,2.221901301942824511e-96,1.098483560924804394e-95,4.739940069718172509e-95,1.782977408526226516e-94,5.837665087051668703e-94,1.660169802674142632e-93,4.089247684275297617e-93,8.688176053505196645e-93,1.582398574207363213e-92,2.446005265465433852e-92,3.152338551490365476e-92,3.265873952864781320e-92,2.469653187968664518e-92,8.401976958213005929e-93,1.096376781395138790e-92,2.634447516129112014e-92,3.300045194261309491e-92,3.080916139399270010e-92,2.328346261746650628e-92,1.471702042786369738e-92,7.908322662805464579e-93,3.646646423288987582e-93,1.451388467204880076e-93,5.005497310706789586e-94,1.499929267927314461e-94,3.913074673217137689e-95,8.900979977753337552e-96,1.767376840256905527e-96,3.066089147569749957e-97,4.650707381708281964e-98,6.171453131456202211e-99,7.168043416111791017e-100,7.290111572562329296e-101,6.494354794729577278e-102,5.069112534769007920e-103,3.467606518905357775e-104,2.079327228605544193e-105,1.093181038095652948e-106,5.039744450660572523e-108,2.037673403388832196e-109,7.226459001291394757e-111,2.248177276879217759e-112,6.136115064177770798e-114,1.469446302232637687e-115,3.087782180839418950e-117,5.693827531567181261e-119,9.214158611128568906e-121,1.308661002190830631e-122,1.631333639928765742e-124,1.784943905991526614e-126,1.714323061212803200e-128,1.445325314484276265e-130,1.069696242140551252e-132,6.950131319077346006e-135,3.964403131790599766e-137,1.985310253082356212e-139,8.728855142185374582e-142,3.369583241969116675e-144,1.142078555549386697e-146,3.398809359734178550e-149,8.881333345403483062e-152,2.037787824924958245e-154,4.105608348118715885e-157,7.263428409000715957e-160,1.128388749706198753e-162,1.539344072507008537e-165,1.844077013669158820e-168,1.939969741416768728e-171
3.876163004247145397e-239,4.856598317518719510e-235,5.344527141200758297e-231,5.165721677366960849e-227,4.385255475364741332e-223,3.269628687178572265e-219,2.141109889797140944e-215,1.231441243367108573e-211,6.220420579605522182e-208,2.759650538762505367e-204,1.075260127548019995e-200,3.679550604544510214e-197,1.105845152653758520e-193,2.918827969303470769e-190,6.766023170390503921e-187,1.377416326945747199e-183,2.462631843140641170e-180,3.866622770519533493e-177,5.331598747614313794e-174,6.456118359334978800e-171,6.865444182093227242e-168,6.411259978907744419e-165,5.257628138258514450e-162,3.786185338380656851e-159,2.394268324278757661e-156,1.329522637019531219e-153,6.482808602540842260e-151,2.775666716675190727e-148,1.043517368395731910e-145,3.444699343581994782e-143,9.984185847258040280e-141,2.540817266850383520e-138,5.677049271285471875e-136,1.113649584454120620e-133,1.917955128672456204e-131,2.899870864183927733e-129,3.849058156605774647e-127,4.484870985383965352e-125,4.587201740493316860e-123,4.118408163017598343e-121,3.245444513482004625e-119,2.244708679452422845e-117,1.362581298044814974e-115,7.258632106625712403e-114,3.393186064996305377e-112,1.391837863952587753e-110,5.009123861884651930e-109,1.581565236942920826e-107,4.380463931416067263e-106,1.064169587515088701e-104,2.267269420522536097e-103,4.235780363924113949e-102,6.937923626678877784e-101,9.961133978236197415e-100,1.253361055005546153e-98,1.381725105568674899e-97,1.334186649450180499e-96,1.128001485610162750e-95,8.346819224002153493e-95,5.402994475736383878e-94,3.057648389110929085e-93,1.511667726911404020e-92,6.522823541253299705e-92,2.453627438914155774e-91,8.033447405607189601e-91,2.284626917659612353e-90,5.627379390604593838e-90,1.195615101856778731e-89,2.177602779713909496e-89,3.366046931595923212e-89,4.338060779512022861e-89,4.494301444575104300e-89,3.398589795738123637e-89,1.156230084981004243e-89,1.508768502256644480e-89,3.625369946384450072e-89,4.541325874111476377e-89,4.239773504966643390e-89,3.204131610294943114e-89,2.025268798594281366e-89,1.088296317634517002e-89,5.018297865925228059e-90,1.997314464349318061e-90,6.888267618095336180e-91,2.064113426573889647e-91,5.384940573454531494e-92,1.224899911922799000e-92,2.432158864953735233e-93,4.219369480880015696e-94,6.400026824541900762e-95,8.492786655014357321e-96,9.864234916827941563e-97,1.003221785180656326e-97,8.937144714336870823e-99,6.975811104939177233e-100,4.771913800734299524e-101,2.861446431228221435e-102,1.504370710445099807e-103,6.935396494719111948e-105,2.804124914981863525e-106,9.944622969959668575e-108,3.093807822642995491e-109,8.444156509109043622e-111,2.022164582639126401e-112,4.249222142727348908e-114,7.835506718756166545e-116,1.267997692324951879e-117,1.800901417962614127e-119,2.244944305975016398e-121,2.456333615735912700e-123,2.359149410442880357e-125,1.988970714276771659e-127,1.472052331380333275e-129,9.564357252647434532e-132,5.455575744576765125e-134,2.732065862655428396e-136,1.201213116035209278e-138,4.637019998492540003e-141,1.571660565014732475e-143,4.677239243079068557e-146,1.222196259258728733e-148,2.804282375092796628e-151,5.649893962877246303e-154,9.995498069514729421e-157,1.552821468630330740e-159,2.118353735820287069e-162,2.537709080649211862e-165,2.669670947844413671e-168
4.685914014132472451e-236,5.871167464351951081e-232,6.461027207161328748e-228,6.244868333593166690e-224,5.301358602573879230e-220,3.952671461305462438e-216,2.588399101740206510e-212,1.488695850392938720e-208,7.519899430394775566e-205,3.336156172874867555e-201,1.299887671130748659e-197,4.448228241341482534e-194,1.336862070196738526e-190,3.528586612897078840e-187,8.179481296144678064e-184,1.665165903150661596e-180,2.977088696417332821e-177,4.674380774977055167e-174,6.445398003592231741e-171,7.804835726397653301e-168,8.299671884501590455e-165,7.750606192380426085e-162,6.355974541616125977e-159,4.577139536640446316e-156,2.894443675880494890e-153,1.607266967382214197e-150,7.837101702964329950e-148,3.355518215299708462e-145,1.261513681235266599e-142,4.164315306363487247e-140,1.206993522462311834e-137,3.071607469817916520e-135,6.863014973847628386e-133,1.346296889193143260e-130,2.318626127452749311e-128,3.505669267973843862e-126,4.653146820055308299e-124,5.421784320972723374e-122,5.545492513567180553e-120,4.978765471377854959e-118,3.923435085455094508e-116,2.713640228019270130e-114,1.647231758029454772e-112,8.774998851849306580e-111,4.102040630667021130e-109,1.682600175726813450e-107,6.055556403899452574e-106,1.911962603206082609e-104,5.295566079682911516e-103,1.286480258462753892e-101,2.740914027556012681e-100,5.120657347570210080e-99,8.387292669476298445e-98,1.204206769789395568e-96,1.515194826941785634e-95,1.670374808479669486e-94,1.612905316746806285e-93,1.363646978619896387e-92,1.009051402954528033e-91,6.531708677983265892e-91,3.696407354674549207e-90,1.827463132608280216e-89,7.885475974608015921e-89,2.966203224390610748e-88,9.711677176234122355e-88,2.761897597908922328e-87,6.802968791654492700e-87,1.445385437905321259e-86,2.632515549910733020e-86,4.069231988361039322e-86,5.244304684449173783e-86,5.433184853084154916e-86,4.108573229422663192e-86,1.397772682117410204e-86,1.823958244510526880e-86,4.382728956360958537e-86,5.490032935358918069e-86,5.125484676957813813e-86,3.873491697687379443e-86,2.448358192190158964e-86,1.315647190464643578e-86,6.066646906047437720e-87,2.414564049257870451e-87,8.327263257344964684e-88,2.495317668977799083e-88,6.509883219760859407e-89,1.480788000118005036e-89,2.940249751465355249e-90,5.100818144025042400e-91,7.737026372489215828e-92,1.026697483107435764e-92,1.192492590863315932e-93,1.212800136967239777e-94,1.080416164576410189e-95,8.433095042891598119e-97,5.768791902866585345e-98,3.459217767179055202e-99,1.818641730699595458e-100,8.384237606246799255e-102,3.389921482169953122e-103,1.202210745242454944e-104,3.740120685652951897e-106,1.020818558976990529e-107,2.444605489057915800e-109,5.136907185262048011e-111,9.472385630063619926e-113,1.532889135424695926e-114,2.177119275750488706e-116,2.713925078171991186e-118,2.969474735903376010e-120,2.851988234681499821e-122,2.404477245541860942e-124,1.779571870839585245e-126,1.156240220992210366e-128,6.595274452759958681e-131,3.302808911626110573e-133,1.452152906938771875e-135,5.605718069887253857e-138,1.899988792778937494e-140,5.654339327981414729e-143,1.477519540071548375e-145,3.390111836531764519e-148,6.830186777487296720e-151,1.208361063010672259e-153,1.877214109242517605e-156,2.560889066504221498e-159,3.067849967034204514e-162,3.227379368181055467e-165
4.976409399189212930e-233,6.235140650403949052e-229,6.861567759281092732e-225,6.632008478660976534e-221,5.630007443319556792e-217,4.197710703317096239e-213,2.748862565532496693e-209,1.580985054374913158e-205,7.986082991175471964e-202,3.542975582946377126e-198,1.380472028508364904e-194,4.723988695308748675e-191,1.419738593470168934e-187,3.747335425557343377e-184,8.686554529144302311e-181,1.768395072264779691e-177,3.161648320133328042e-174,4.964161176203955494e-171,6.844969649430903446e-168,8.288683435255839064e-165,8.814196131566594708e-162,8.231092032173517720e-159,6.750002529818436474e-156,4.860891630288647653e-153,3.073879860072962602e-150,1.706906789019368440e-147,8.322949686961629440e-145,3.563537942737850095e-142,1.339719107429503859e-139,4.422475053807063098e-137,1.281819062796856699e-134,3.262026626464154377e-132,7.288476083775222120e-130,1.429758308256175457e-127,2.462365467881450504e-125,3.722997358248279129e-123,4.941610857837647049e-121,5.757898752280135055e-119,5.889276026922193565e-117,5.287415691669972722e-115,4.166661867350152719e-113,2.881867805513526321e-111,1.749349129876930180e-109,9.318990197543916664e-108,4.356339763969533492e-106,1.786910153347005157e-104,6.430960473194432462e-103,2.030491520074238742e-101,5.623855822681040263e-100,1.366233445764116952e-98,2.910832398537839142e-97,5.438103916895364170e-96,8.907248820241073617e-95,1.278859550063686257e-93,1.609126790558902041e-92,1.773926894948809689e-91,1.712894678402892245e-90,1.448183987396768622e-89,1.071605853368952330e-88,6.936631009414767408e-88,3.925559932930208399e-87,1.940753646429695617e-86,8.374322840489595996e-86,3.150088021513880873e-85,1.031373632464104352e-84,2.933116810163386903e-84,7.224707439162812651e-84,1.534989685462141638e-83,2.795713938962086840e-83,4.321497204875679244e-83,5.569416563153094295e-83,5.770006041271099411e-83,4.363277340235454147e-83,1.484425256682224110e-83,1.937031478706970795e-83,4.654428891908929356e-83,5.830378325146503437e-83,5.443230508474352301e-83,4.113622322969869397e-83,2.600140054523109410e-83,1.397208532830594440e-83,6.442738512436390863e-84,2.564250900343520457e-84,8.843497985312193054e-85,2.650010705363529242e-85,6.913452518485614747e-86,1.572586970175473422e-86,3.122525606536297787e-87,5.417034815172857051e-88,8.216670354110085199e-89,1.090345872683639015e-89,1.266419170249013845e-90,1.287985648634560916e-91,1.147394753770904127e-92,8.955890635020333747e-94,6.126418487577021844e-95,3.673666174520942238e-96,1.931385376495588837e-97,8.904004363487403259e-99,3.600073982471480896e-100,1.276739785319857948e-101,3.971983198592939108e-103,1.084102494505217431e-104,2.596154708850237713e-106,5.455361136037202383e-108,1.005961030015195257e-109,1.627918028038647520e-111,2.312086136093243582e-113,2.882170314472233344e-115,3.153562344899372391e-117,3.028792464958112052e-119,2.553538782137970322e-121,1.889893446160123437e-123,1.227919395471769663e-125,7.004137437857459142e-128,3.507561014131191946e-130,1.542176692392407300e-132,5.953235165659844733e-135,2.017775413340517726e-137,6.004870617153500422e-140,1.569115887428211281e-142,3.600276137534413718e-145,7.253612758406182474e-148,1.283271381729322216e-150,1.993588851470754421e-153,2.719647091772730963e-156,3.258036183593469003e-159,3.427455342570759925e-162
4.642665475140780177e-230,5.816979655048134963e-226,6.401395300507226510e-222,6.187231460446601814e-218,5.252429831464615008e-214,3.916190368118064188e-210,2.564509529899847694e-206,1.474955965210118292e-202,7.450494686143786496e-199,3.305365193805146385e-195,1.287890386831280796e-191,4.407173417895103504e-188,1.324523531505839128e-184,3.496019601368339925e-181,8.103988955765211403e-178,1.649797291548357968e-174,2.949611722624982238e-171,4.631238681756952191e-168,6.385910346323008168e-165,7.732801168953988544e-162,8.223070247758601183e-159,7.679072145209791492e-156,6.297312216194110577e-153,4.534894929262884790e-150,2.867729472460356222e-147,1.592432732716432179e-144,7.764769347405867413e-142,3.324548534690359241e-139,1.249870568819994983e-136,4.125880851025465357e-134,1.195853602638385802e-131,3.043258137108505447e-129,6.799672930049228884e-127,1.333871272049558591e-124,2.297226419266706773e-122,3.473313771568555717e-120,4.610200705150779425e-118,5.371744083375411789e-116,5.494310513965663032e-114,4.932814066389006249e-112,3.887223828747113460e-110,2.688594745995004418e-108,1.632028669218712493e-106,8.694010195454697137e-105,4.064180938057303193e-103,1.667070654892886086e-101,5.999666780983705426e-100,1.894316186957931284e-98,5.246690770536857982e-97,1.274606717579226213e-95,2.715616822605690983e-94,5.073396354670613046e-93,8.309882338646331483e-92,1.193092570237775808e-90,1.501210370044761322e-89,1.654958121400421387e-88,1.598019043061088917e-87,1.351061229213446335e-86,9.997383855124205335e-86,6.471424418265126844e-85,3.662291445349797094e-84,1.810596602341387027e-83,7.812697149787151411e-83,2.938826717817509995e-82,9.622043468110209366e-82,2.736406725563548871e-81,6.740180942760677109e-81,1.432045285211576885e-80,2.608218806289412241e-80,4.031675102386163008e-80,5.195902491206141337e-80,5.383039394532962017e-80,4.070653244339734480e-80,1.384871970289854049e-80,1.807124062530047160e-80,4.342278657073886876e-80,5.439362798698833468e-80,5.078179130326615694e-80,3.837741392364194597e-80,2.425761124804253188e-80,1.303504454034834910e-80,6.010654923591724553e-81,2.392278884161297475e-81,8.250406966631554035e-82,2.472287190147147031e-82,6.449800397622972362e-83,1.467121100262571765e-83,2.913112781894737164e-84,5.053740256609951003e-85,7.665617659963718894e-86,1.017221601561707658e-86,1.181486507065972933e-87,1.201606625124042498e-88,1.070444487656906044e-89,8.355261980076448898e-91,5.715548966523704570e-92,3.427290993865904002e-93,1.801856617365072531e-94,8.306855472059071960e-96,3.358634277377035124e-97,1.191114967954251166e-98,3.705601325113846173e-100,1.011396936830572162e-101,2.422043057161969657e-103,5.089496214846851108e-105,9.384960457936970545e-107,1.518741369302795192e-108,2.157025601902914127e-110,2.688876967129610191e-112,2.942068034987652036e-114,2.825665872809417332e-116,2.382285176373908122e-118,1.763147351906271705e-120,1.145568727633975516e-122,6.534403514143378460e-125,3.272325710358645438e-127,1.438750294037853268e-129,5.553980219855176724e-132,1.882452888548348409e-134,5.602152729131655499e-137,1.463882806394549174e-139,3.358822874868979766e-142,6.767147720793420172e-145,1.197208521502230559e-147,1.859888403444445733e-150,2.537253397921006278e-153,3.039535314114537749e-156,3.197592342209215780e-159
3.804943268269069698e-227,4.767364286457312442e-223,5.246328017090634193e-219,5.070807884117637426e-215,4.304681790301566438e-211,3.209553274563488950e-207,2.101769624466626513e-203,1.208815022506681107e-199,6.106127989005164903e-196,2.708945348462957968e-192,1.055503542929033398e-188,3.611943380007803684e-185,1.085526605751339757e-181,2.865198089157592525e-178,6.641705802083180395e-175,1.352107993155404023e-171,2.417384006687934834e-168,3.795578324623923961e-165,5.233637166862628583e-162,6.337495111424285962e-159,6.739300074767205420e-156,6.293460948656584076e-153,5.161025676629141048e-150,3.716618831534873836e-147,2.350276583547140255e-144,1.305094290976256685e-141,6.363694954184846721e-139,2.724667248770064549e-136,1.024344018000942775e-133,3.381407222607735843e-131,9.800738691088903593e-129,2.494132869233418810e-126,5.572740461309019214e-124,1.093187640700065673e-121,1.882715058081906566e-119,2.846589297568147001e-117,3.778336438920906968e-115,4.402466987632637849e-113,4.502917540763169547e-111,4.042737469681473897e-109,3.185813455363763966e-107,2.203464913563174529e-105,1.337545539695346975e-103,7.125263653952353477e-102,3.330840437267484477e-100,1.366264552126774886e-98,4.917087361215678986e-97,1.552505917589240068e-95,4.299978285094970411e-94,1.044616777951664334e-92,2.225611128716986745e-91,4.157953100504705161e-90,6.810447798546533525e-89,9.778110371846030124e-88,1.230332084520507996e-86,1.356337603261573538e-85,1.309672607906512107e-84,1.107275843293232354e-83,8.193456669134774567e-83,5.303721086141606556e-82,3.001467854200984881e-81,1.483892688483094403e-80,6.402974667532894679e-80,2.408545047333403511e-79,7.885842673144923005e-79,2.242649703154940072e-78,5.523983203703089374e-78,1.173647142356535563e-77,2.137592002337765888e-77,3.304199952131081601e-77,4.258354239040027517e-77,4.411724173697529065e-77,3.336144881067189338e-77,1.134985776839693404e-77,1.481046733521710995e-77,3.558758224916320717e-77,4.457884587098868023e-77,4.161872872485444720e-77,3.145259626055791573e-77,1.988056971086735782e-77,1.068300209028386568e-77,4.926092804198087465e-78,1.960616263406653202e-78,6.761704158163610982e-79,2.026187876717354305e-79,5.285998902147216411e-80,1.202393879996051265e-80,2.387470932061979462e-81,4.141843747288969071e-82,6.282434189712646366e-83,8.336742127823992209e-84,9.682991711728217046e-85,9.847888166522849959e-86,8.772935653403028327e-87,6.847639140916220054e-88,4.684235743692616809e-89,2.808870866390072346e-90,1.476729745734942137e-91,6.807967099537141304e-93,2.752602562626912027e-94,9.761902733083504422e-96,3.036962902536573933e-97,8.289005501149558157e-99,1.985009791283609160e-100,4.171147903130099007e-102,7.691538903379353902e-104,1.244699791599130786e-105,1.767812065588956897e-107,2.203696210736935903e-109,2.411201501478755891e-111,2.315802936631995586e-113,1.952425819497029475e-115,1.445005177204429148e-117,9.388623931430656786e-120,5.355336238724337638e-122,2.681867506910370295e-124,1.179142299900435151e-126,4.551820449441770734e-129,1.542783231846633671e-131,4.591300714788494532e-134,1.199739903629517514e-136,2.752757129600320598e-139,5.546084098353859935e-142,9.811843065145675280e-145,1.524290280725952722e-147,2.079431586877707805e-150,2.491081792137515277e-153,2.620619022050388940e-156
2.739419124621796496e-224,3.432326838945265459e-220,3.777163098303313883e-216,3.650795062009114753e-212,3.099212469237176877e-208,2.310760240539142252e-204,1.513196780836221246e-200,8.703023297083620842e-197,4.396187435944870520e-193,1.950340956991043077e-189,7.599237065417446530e-186,2.600466307802751445e-182,7.815392068728469639e-179,2.062837179919321223e-175,4.781783751168526429e-172,9.734679951452152380e-169,1.740427520877881813e-165,2.732676709840679532e-162,3.768026153185809708e-159,4.562763249378672486e-156,4.852048035861682415e-153,4.531060272717997472e-150,3.715748552450138107e-147,2.675828780664471929e-144,1.692112645885828141e-141,9.396198597627507113e-139,4.581626171960391696e-136,1.961660146620137903e-133,7.374899953189876202e-131,2.434488758608634659e-128,7.056171173344603240e-126,1.795683877419098271e-123,4.012168045597926177e-121,7.870548700964673934e-119,1.355485554629280412e-116,2.049439534809297501e-114,2.720263186667766689e-112,3.169614212650142899e-110,3.241934914147943183e-108,2.910622198395565934e-106,2.293668444382025104e-104,1.586413646422211806e-102,9.629835645771736684e-101,5.129927608741793575e-99,2.398082534109075697e-97,9.836601966178225143e-96,3.540121942706600672e-94,1.117747125744337615e-92,3.095826118581968603e-91,7.520856364099156158e-90,1.602358106312913037e-88,2.993573212453568996e-87,4.903271778625391247e-86,7.039879616251442747e-85,8.857938224930142368e-84,9.765131587636341559e-83,9.429160794616092207e-82,7.971978574931975911e-81,5.898987268313264059e-80,3.818483995856381623e-79,2.160946395784480550e-78,1.068348125874601596e-77,4.609906120008948013e-77,1.734063795429089559e-76,5.677516511937769391e-76,1.614625252861962374e-75,3.977064614471417280e-75,8.449827502394674579e-75,1.538987574577640385e-74,2.378902365226144567e-74,3.065858337262371965e-74,3.176279045935234112e-74,2.401901538449799747e-74,8.171479898517021415e-75,1.066299143017509953e-74,2.562174953443970853e-74,3.209512844786794777e-74,2.996395304025352698e-74,2.264471179732490840e-74,1.431327855226268202e-74,7.691368351936830153e-75,3.546605530234958303e-75,1.411571555562406501e-75,4.868178151397981075e-76,1.458780703996637785e-76,3.805724675587633337e-77,8.656793434107400637e-78,1.718891207998221766e-78,2.981975070992802488e-79,4.523121412082151841e-80,6.002147525415294399e-81,6.971397681494302510e-82,7.090117060474475077e-83,6.316190811151365415e-84,4.930048176422939198e-85,3.372477347431745563e-86,2.022283652465906515e-87,1.063191070704690218e-88,4.901485766632464514e-90,1.981772544526953404e-91,7.028210712808902784e-93,2.186501524305699162e-94,5.967778911000613116e-96,1.429133997910097689e-97,3.003072984752154322e-99,5.537624948414845482e-101,8.961380428330253865e-103,1.272759628663221358e-104,1.586580171875181924e-106,1.735976344654011392e-108,1.667292888797511591e-110,1.405674737370145729e-112,1.040350548882019913e-114,6.759463712931387885e-117,3.855645006190640950e-119,1.930845907584137118e-121,8.489390614392722319e-124,3.277143208682711201e-126,1.110747149821841906e-128,3.305567546791662267e-131,8.637685780970201003e-134,1.981883827060523768e-136,3.992976445266975750e-139,7.064165914008575644e-142,1.097432905588252242e-144,1.497114215851548049e-147,1.793487214194812566e-150,1.886749252535045767e-153
1.732599898222323125e-221,2.170843109903936359e-217,2.388941633966103981e-213,2.309017665831963061e-209,1.960158327182316135e-205,1.461486094476254871e-201,9.570512832095446000e-198,5.504399506899256962e-194,2.780455840300981414e-190,1.233531778036367887e-186,4.806288036677019898e-183,1.644716436318110285e-179,4.942999550941631579e-176,1.304682242981289799e-172,3.024333869224715712e-169,6.156891196939821244e-166,1.100767866601126585e-162,1.728335524415130945e-159,2.383162792007999493e-156,2.885810013674735978e-153,3.068773908142733183e-150,2.865758837994700675e-147,2.350098787707712534e-144,1.692380925347172230e-141,1.070210166707596114e-138,5.942811958786761857e-136,2.897740242771314398e-133,1.240690823770773062e-130,4.664401585524060141e-128,1.539740647014153578e-125,4.462815254114178537e-123,1.135715844024548107e-120,2.537575168754910883e-118,4.977884455751285241e-116,8.573036936498500115e-114,1.296208636900674689e-111,1.720484345749548783e-109,2.004685304590561153e-107,2.050425965056963543e-105,1.840880674074233174e-103,1.450676049376758452e-101,1.003358740408188017e-99,6.090580338658975725e-98,3.244524349308627630e-96,1.516714809056915658e-94,6.221353794417803625e-93,2.239020258893210549e-91,7.069413142728913069e-90,1.958016562622150989e-88,4.756714609264699912e-87,1.013443129954699215e-85,1.893344686325089329e-84,3.101171379088871675e-83,4.452511336067663640e-82,5.602378522161324417e-81,6.176150937548975306e-80,5.963659553313202067e-79,5.042035789054227868e-78,3.730931367469761550e-77,2.415075854265320413e-76,1.366733360277006078e-75,6.756979381213031857e-75,2.915626456194521092e-74,1.096743002364536347e-73,3.590857799863154674e-73,1.021201729822672456e-72,2.515373308277744775e-72,5.344260810281016726e-72,9.733631816736830897e-72,1.504583931253001022e-71,1.939062845609691858e-71,2.008900610444135702e-71,1.519130214001742582e-71,5.168214353638491152e-72,6.744020183193255451e-72,1.620498310633372937e-71,2.029919984958346699e-71,1.895129574056315389e-71,1.432209660898460840e-71,9.052716592358080903e-72,4.864558294124011111e-72,2.243120932278078809e-72,8.927763961053212451e-73,3.078975719280582496e-73,9.226347573313045459e-74,2.407005969376104329e-74,5.475160514157805423e-75,1.087146798847442900e-75,1.886009211978029474e-76,2.860737748301124274e-77,3.796177115865518506e-78,4.409198579679317320e-79,4.484285002961297435e-80,3.994800013695774324e-81,3.118106642364888771e-82,2.132990113269417808e-83,1.279033361105013230e-84,6.724362564084877143e-86,3.100041780418364977e-87,1.253411308290580281e-88,4.445131106905094131e-90,1.382896207604188530e-91,3.774440004774452460e-93,9.038841107119191424e-95,1.899353005523028838e-96,3.502380609008964231e-98,5.667802593079184381e-100,8.049820428221718185e-102,1.003464062729750228e-103,1.097952632012545490e-105,1.054512419612766340e-107,8.890468366129715252e-110,6.579903158696216602e-112,4.275156742463386098e-114,2.438579071476813607e-116,1.221201747807185502e-118,5.369283284281222286e-121,2.072694148476648385e-123,7.025140408178611300e-126,2.090671684250159863e-128,5.463075500378765478e-131,1.253481691133606559e-133,2.525437060907763554e-136,4.467871686237688281e-139,6.940931832736874414e-142,9.468795463598547484e-145,1.134326520848536165e-147,1.193311944686227389e-150
9.626481696031639749e-219,1.206140060604585667e-214,1.327317572618156918e-210,1.282911093251178184e-206,1.089081690314359562e-202,8.120148888335641378e-199,5.317463465993231932e-195,3.058294136758341473e-191,1.544846405725521741e-187,6.853614094587087107e-184,2.670417091585805648e-180,9.138193235281593554e-177,2.746375245057364556e-173,7.248932511238660930e-170,1.680347243738244462e-166,3.420824419569213910e-163,6.115965798155561559e-160,9.602788449578708300e-157,1.324106795773623080e-153,1.603382137063484956e-150,1.705038531186990163e-147,1.592241522552422858e-144,1.305736136019458172e-141,9.403021446141834812e-139,5.946184454522965870e-136,3.301880059146413060e-133,1.610010680222658911e-130,6.893390400006703354e-128,2.591583696388152915e-125,8.554938258000898684e-123,2.479580507916588269e-120,6.310139920709546509e-118,1.409899708488642342e-115,2.765757613595111262e-113,4.763256839229686478e-111,7.201852389672649078e-109,9.559166591003408042e-107,1.113821281573851221e-104,1.139235206116620242e-102,1.022809947740200156e-100,8.060087300319640991e-99,5.574751885304217923e-97,3.383981507125138925e-95,1.802687065433119257e-93,8.427004620314219286e-92,3.456640421596926403e-90,1.244019901039222095e-88,3.927829863662775957e-87,1.087891706558919773e-85,2.642873647071914934e-84,5.630781665454119384e-83,1.051959427326355451e-81,1.723038858981344399e-80,2.473855557883260670e-79,3.112732163563038136e-78,3.431525305596813147e-77,3.313463171170469633e-76,2.801400674435465372e-75,2.072939202811605267e-74,1.341837981721414519e-73,7.593694129585703856e-73,3.754238840738201646e-72,1.619948422125190981e-71,6.093603288535901769e-71,1.995113062101714543e-70,5.673889147859973183e-70,1.397564154061367006e-69,2.969319628949772795e-69,5.408093848780091548e-69,8.359604366348388654e-69,1.077360850003976661e-68,1.116163343621853541e-68,8.440424828660804409e-69,2.871506625823951001e-69,3.747038593217945274e-69,9.003635139173574518e-69,1.127841898158981431e-68,1.052951127084943058e-68,7.957486376185804489e-69,5.029771193276443540e-69,2.702792573502542678e-69,1.246298272252456621e-69,4.960346381513162985e-70,1.710706749697778017e-70,5.126242136280142857e-71,1.337354280707840645e-71,3.042048688012415899e-72,6.040285914105411953e-73,1.047883771450518407e-73,1.589451759718071519e-74,2.109190330571611456e-75,2.449790598800666018e-76,2.491509294503692068e-77,2.219547008552186234e-78,1.732448244386860478e-79,1.185108593407025782e-80,7.106425004363821695e-82,3.736116642222455023e-83,1.722411243747064572e-84,6.964066562183843556e-86,2.469755035826197357e-87,7.683496370785002603e-89,2.097112995101275074e-90,5.022061848225739885e-92,1.055297703799753192e-93,1.945954334855596787e-95,3.149082368929829918e-97,4.472553016316955223e-99,5.575337065649657039e-101,6.100324100228354181e-103,5.858966352275380182e-105,4.939624611745612092e-107,3.655853690389853259e-109,2.375315742037533004e-111,1.354896581720722901e-113,6.785107331756231981e-116,2.983222341753543940e-118,1.151607610173877933e-120,3.903231532034973640e-123,1.161596091601716107e-125,3.035334145084131004e-128,6.964457615626676754e-131,1.403155666016840433e-133,2.482389907324618429e-136,3.856444486100970802e-139,5.260948376328631517e-142,6.302420715521441322e-145,6.630149063825571940e-148
4.698577534823631384e-216,5.887034091532935105e-212,6.478487909919570758e-208,6.261744874463126403e-204,5.315685340998734316e-200,3.963353419336099009e-196,2.595394160865571698e-192,1.492718999484350844e-188,7.540221698738085903e-185,3.345172019644792627e-181,1.303400572641870814e-177,4.460249424444931751e-174,1.340474893743614096e-170,3.538122496281363269e-167,8.201586061692724617e-164,1.669665956461521245e-160,2.985134175740397262e-157,4.687013127489248392e-154,6.462816468963876228e-151,7.825928025240192945e-148,8.322101460958395014e-145,7.771551937778291315e-142,6.373151343174564507e-139,4.589509098066397896e-136,2.902265809891518690e-133,1.611610550819376079e-130,7.858281199490534300e-128,3.364586387320199281e-125,1.264922878364782912e-122,4.175569224573044302e-120,1.210255380746793136e-117,3.079908382859819761e-115,6.881562034647875604e-113,1.349935210012320911e-110,2.324892134437623363e-108,3.515143218024353358e-106,4.665721788537968865e-104,5.436436505740009371e-102,5.560479015449817951e-100,4.992220413016723744e-98,3.934038033190344939e-96,2.720973746960373445e-94,1.651683344932847441e-92,8.798712983009551517e-91,4.113126253719036003e-89,1.687147344556199475e-87,6.071921335817072149e-86,1.917129616069661271e-84,5.309877164017093663e-83,1.289956926904463940e-81,2.748321252997876576e-80,5.134495747100376898e-79,8.409959038076371812e-78,1.207461096971078268e-76,1.519289588600241183e-75,1.674888938677581487e-74,1.617264137627221704e-73,1.367332187456182993e-72,1.011778329500562398e-71,6.549360394969828427e-71,3.706396767817167734e-70,1.832401788572661021e-69,7.906786200939259441e-69,2.974219286101602251e-68,9.737922648196980223e-68,2.769361530720899748e-67,6.821353579724318906e-67,1.449291542103201952e-66,2.639629832212731602e-66,4.080228947189374935e-66,5.258477236631965103e-66,5.447867847420676159e-66,4.119676506563357883e-66,1.401550114488084407e-66,1.828887428671620162e-66,4.394573129880739299e-66,5.504869559672155580e-66,5.139336122176239989e-66,3.883959675144425490e-66,2.454974795596755182e-66,1.319202681534398514e-66,6.083041809657347200e-67,2.421089325161088499e-67,8.349767398533461441e-68,2.502061178747726638e-68,6.527475954200762956e-69,1.484789778515520587e-69,2.948195674810253012e-70,5.114602928786737083e-71,7.757935418893103347e-72,1.029472097575324403e-72,1.195715260881258840e-73,1.216077687426765277e-74,1.083335951925329765e-75,8.455885190823269022e-77,5.784381863629340363e-78,3.468566183654959736e-79,1.823556547131002033e-80,8.406895718644062355e-82,3.399082627830282236e-83,1.205459678237263986e-84,3.750228232558788983e-86,1.023577285855871717e-87,2.451211950913998035e-89,5.150789499414548395e-91,9.497984424892165764e-93,1.537031715341260858e-94,2.183002865359373372e-96,2.721259366910028140e-98,2.977499638761181578e-100,2.859695634328892168e-102,2.410975262205864006e-104,1.784381102323520743e-106,1.159364920233312977e-108,6.613097954057933461e-111,3.311734638574891584e-113,1.456077299988573477e-115,5.620867329257528231e-118,1.905123446833669778e-120,5.669619984618751739e-123,1.481512485569319832e-125,3.399273496619685395e-128,6.848645121223274484e-131,1.211626617026228406e-133,1.882287215501129962e-136,2.567809780708829093e-139,3.076140725554679515e-142,3.236101249395290259e-145
2.014627278097512593e-213,2.524206396509913530e-209,2.777806339773177547e-205,2.684872589435431763e-201,2.279226981014605122e-197,1.699382388001417601e-193,1.112837201289548776e-189,6.400389038187173450e-186,3.233050046445840323e-182,1.434322356235285876e-178,5.588641090775981717e-175,1.912438411628601385e-171,5.747606092538446106e-168,1.517054479026195013e-164,3.516625804532439533e-161,7.159091355346582809e-158,1.279947536176106127e-154,2.009668762397454948e-151,2.771086835369459439e-148,3.355553454043737807e-145,3.568299658796901145e-142,3.332238408530710519e-139,2.732640772283020787e-136,1.967861582258284387e-133,1.244415746161328173e-130,6.910164945210236859e-128,3.369425649811213682e-125,1.442646729817517863e-122,5.423658791524989097e-120,1.790374980313927802e-117,5.189258845780228888e-115,1.320584239838500157e-112,2.950633992557552247e-110,5.788169456816671832e-108,9.968530002869338548e-106,1.507201564933841324e-103,2.000539592575367066e-101,2.331001925354696581e-99,2.384188112420817520e-97,2.140533671690539597e-95,1.686812716401920564e-93,1.166682446546271817e-91,7.081986615776808222e-90,3.772658226101590947e-88,1.763601065978612443e-86,7.234046979795524783e-85,2.603481215949200693e-83,8.220150868123382681e-82,2.276736586486302489e-80,5.530998250537795996e-79,1.178408342573511969e-77,2.201537617442415901e-76,3.605970692238180174e-75,5.177277687069355052e-74,6.514316781703338712e-73,7.181486138379335466e-72,6.934406048223169348e-71,5.862763150450737707e-70,4.338241109982501776e-69,2.808194609540047157e-68,1.589206089832219904e-67,7.856860082296677057e-67,3.390223327046816090e-66,1.275267516692985896e-65,4.175366789982671777e-65,1.187429863901053399e-64,2.924818180270076803e-64,6.214183448079977436e-64,1.131804301332092810e-63,1.749495560511032577e-63,2.254697640649075207e-63,2.335903385979989493e-63,1.766409643261573629e-63,6.009480680783407478e-64,7.841791425306575941e-64,1.884278132569819018e-63,2.360344230799222279e-63,2.203613043801074668e-63,1.665340424961447464e-63,1.052629046470930147e-63,5.656396404786258977e-64,2.608249384566852225e-64,1.038099842139417184e-64,3.580162089943334158e-65,1.072818457248935194e-65,2.798811133155454678e-66,6.366390610493565016e-67,1.264109272142595975e-67,2.193008096727717571e-68,3.326400001018087450e-69,4.414107364293476135e-70,5.126914610978856570e-71,5.214223375517119235e-72,4.645061497690962194e-73,3.625662626536344637e-74,2.480191803376854229e-75,1.487230549604368928e-76,7.818933998162341055e-78,3.604657220908725498e-79,1.457437816398239899e-80,5.168696126483200131e-82,1.607999876645208289e-83,4.388831951890931114e-85,1.051015636990082772e-86,2.208523952697086024e-88,4.072487549161586085e-90,6.590390385341945031e-92,9.360145891227995666e-94,1.166804912918071944e-95,1.276674046201290311e-97,1.226162767194060574e-99,1.033763196213898740e-101,7.650959926957352445e-104,4.971053848235965614e-106,2.835523609481645948e-108,1.419985280915499856e-110,6.243279004835376227e-113,2.410081043497829063e-115,8.168671551528145496e-118,2.430984908263121256e-120,6.352338434664954798e-123,1.457519655947865629e-125,2.936520080164429921e-128,5.195138348659191862e-131,8.070755758438102783e-134,1.101009739829307536e-136,1.318968766831630220e-139,1.387555659857246506e-142
7.588440370102952284e-211,9.507857820646877884e-207,1.046308565273106815e-202,1.011303468773020787e-198,8.585100690032404968e-195,6.401016236379775901e-191,4.191692843349249405e-187,2.410816685039216923e-183,1.217783942356873892e-179,5.402622008610679353e-176,2.105057850071551863e-172,7.203528417347092155e-169,2.164934753849659910e-165,5.714246787703167946e-162,1.324597632116310904e-158,2.696594970433911565e-155,4.821142680200748899e-152,7.569763267330812235e-149,1.043777548293900697e-145,1.263926959171820493e-142,1.344061478657634159e-139,1.255144946016071971e-136,1.029296176956563876e-133,7.412289328117402074e-131,4.687306077916289220e-128,2.602832553912652084e-125,1.269152160454238197e-122,5.433977194373318638e-120,2.042914427633354244e-117,6.743755495586844369e-115,1.954623653930622642e-112,4.974207818318023627e-110,1.111407075141951242e-107,2.180213643120274632e-105,3.754818388829302828e-103,5.677134091038172188e-101,7.535376678024627011e-99,8.780119928614567650e-97,8.980454855797894846e-95,8.062688470673528437e-93,6.353670404996600331e-91,4.394510226637407853e-89,2.667552143263912168e-87,1.421036650143276559e-85,6.642906939323038786e-84,2.724828296405342249e-82,9.806460071650603463e-81,3.096261297271350598e-79,8.575720190435536847e-78,2.083345682233782923e-76,4.438677832107721216e-75,8.292470331419335548e-74,1.358250921740167627e-72,1.950110744299512010e-71,2.453729530388692667e-70,2.705030350886613164e-69,2.611963382564152539e-68,2.208310641621218286e-67,1.634073177313453169e-66,1.057754830077663822e-65,5.986018247447038880e-65,2.959421570378591082e-64,1.276985963522530020e-63,4.803514581363465987e-63,1.572723761539287718e-62,4.472658944841477001e-62,1.101683105141477817e-61,2.340679144833379858e-61,4.263135689989721988e-61,6.589776125355884384e-61,8.492706707929573628e-61,8.798582123581691365e-61,6.653485929031945810e-61,2.263574324501109858e-61,2.953745701326218822e-61,7.097457879801573480e-61,8.890642771983489843e-61,8.300287781994468402e-61,6.272791323815704787e-61,3.964908466109019655e-61,2.130579055191054067e-61,9.824420199384532876e-62,3.910181717452722970e-62,1.348529667508764523e-62,4.040955356500009676e-63,1.054220382203221411e-63,2.398010592121923802e-64,4.761485132876316047e-65,8.260342423685900732e-66,1.252945809344579605e-66,1.662649507694798745e-67,1.931140624919292433e-68,1.964026973707660531e-69,1.749642356871829117e-70,1.365668227701295265e-71,9.342069280490455103e-73,5.601909824692478140e-74,2.945136058061692754e-75,1.357756180158447260e-76,5.489690367599833177e-78,1.946878351812996925e-79,6.056808279980257552e-81,1.653129088611245599e-82,3.958831281623797922e-84,8.318785565542572753e-86,1.533972524882272154e-87,2.482383962462315574e-89,3.525660042592144505e-91,4.394971517303859984e-93,4.808812516828503086e-95,4.618553091208176036e-97,3.893846994212470386e-99,2.881865733228345789e-101,1.872432986191483073e-103,1.068048768251070622e-105,5.348618946939702042e-108,2.351638487038086699e-110,9.077985037003429126e-113,3.076870726690046296e-115,9.156723041293471609e-118,2.392717598249209670e-120,5.489998630346162142e-123,1.106090827132103408e-125,1.956838269879080911e-128,3.039989058045914548e-131,4.147142674195875154e-134,4.968122861208282647e-137,5.226467197924650937e-140
2.510960293951113738e-208,3.146081711630152603e-204,3.462159725169037924e-200,3.346330380653057023e-196,2.840748019471988112e-192,2.118050195637650731e-188,1.387000988445035673e-184,7.977218870926160223e-181,4.029559404481258897e-177,1.787688732495603547e-173,6.965484895716520992e-170,2.383595699528656154e-166,7.163613260148168342e-163,1.890803128702148374e-159,4.382998215034530202e-156,8.922838645872079587e-153,1.595281408436214478e-149,2.504780175091841395e-146,3.453784772174403339e-143,4.182243325570123445e-140,4.447402682159387721e-137,4.153184276200632990e-134,3.405866956846823874e-131,2.452673182163305218e-128,1.550995840149011773e-125,8.612585558978741704e-123,4.199533140487497013e-120,1.798063937757760092e-117,6.759856784191369624e-115,2.231460149340797886e-112,6.467708969520672716e-110,1.645929560818539453e-107,3.677566008283616588e-105,7.214170004911344842e-103,1.242442376234608374e-100,1.878522804527755651e-98,2.493401900215285014e-96,2.905278481693400684e-94,2.971567867011262752e-92,2.667885576609464181e-90,2.102383800846443647e-88,1.454111800617459469e-86,8.826738021388040412e-85,4.702107983634007099e-83,2.198090088019777084e-81,9.016260689171678341e-80,3.244887047032028489e-78,1.024530575185955271e-76,2.837644079678843894e-75,6.893640895263745620e-74,1.468726543332154868e-72,2.743918740273345187e-71,4.494354527906494901e-70,6.452776076409799664e-69,8.119214387155725187e-68,8.950750712582561989e-67,8.642798813722300085e-66,7.307140950421035328e-65,5.407030516850391992e-64,3.500034591461193060e-63,1.980730348415776570e-62,9.792512945813240178e-62,4.225454630928976703e-61,1.589448397425474356e-60,5.204029716220894045e-60,1.479970648926614759e-59,3.645390091526413787e-59,7.745138799155570450e-59,1.410640912122363082e-58,2.180509484134120613e-58,2.810175515885331553e-58,2.911387489124334081e-58,2.201590599545539600e-58,7.490004498880553857e-59,9.773731903602654001e-59,2.348497722166340355e-58,2.941849694979072788e-58,2.746505478389952586e-58,2.075621495083135704e-58,1.311959670497520294e-58,7.049932726342376196e-59,3.250829924016533289e-59,1.293850983309695881e-59,4.462187597422985331e-60,1.337123039114522509e-60,3.488339357864402077e-61,7.934844431287765335e-62,1.575541155465218071e-62,2.733287846869940546e-63,4.145907491257101404e-64,5.501587537047973993e-65,6.390005316915319174e-66,6.498823877770156853e-67,5.789440612897868006e-68,4.518897859405736232e-69,3.091223477100595379e-70,1.853631636286629720e-71,9.745243213891497132e-73,4.492717463625986996e-74,1.816499025732768084e-75,6.442080322348373569e-77,2.004154260607099563e-78,5.470085155616915544e-80,1.309948773897275536e-81,2.752626261816128590e-83,5.075804663586059201e-85,8.214029840230966332e-87,1.166615529035121113e-88,1.454264438378442277e-90,1.591201446133791007e-92,1.528245971757604047e-94,1.288445940974427130e-96,9.535886263459588719e-99,6.195745966370861869e-101,3.534096491879594690e-103,1.769819508123513786e-105,7.781402473613074767e-108,3.003839901912370642e-110,1.018114374961668526e-112,3.029893740745299109e-115,7.917330295579985375e-118,1.816601027657304922e-120,3.659974926304623182e-123,6.475036974273045430e-126,1.005910496295035966e-128,1.372259658160823157e-131,1.643916092311584359e-134,1.729400373669761348e-137
7.298887475159139310e-206,9.145065517824215212e-202,1.006384462387228381e-197,9.727150589330920695e-194,8.257518125378569394e-190,6.156772005491133139e-186,4.031749991022553976e-182,2.318826906339004080e-178,1.171316835977867335e-174,5.196473608335784068e-171,2.024734942493205636e-167,6.928662647130599076e-164,2.082327117133536688e-160,5.496207688876060255e-157,1.274054824858302637e-153,2.593700720482854958e-150,4.637181846100778964e-147,7.280923036512545326e-144,1.003950021681257940e-140,1.215699168984057773e-137,1.292775987417496157e-134,1.207252252001582228e-131,9.900212175112610484e-129,7.129457846493347476e-126,4.508452060735209524e-123,2.503516006072738384e-120,1.220724991726521210e-117,5.226632371069932841e-115,1.964962732977701203e-112,6.486433327751255776e-110,1.880040879353224641e-107,4.784406462098696237e-105,1.068999001760498825e-102,2.097023008262970631e-100,3.611545399723867939e-98,5.460511105173129480e-96,7.247848539806247366e-94,8.445095994935297156e-92,8.637786721822259066e-90,7.755039642475384054e-88,6.111232753833977874e-86,4.226828450681592240e-84,2.565766083439087983e-82,1.366814009415801158e-80,6.389432860158827536e-79,2.620856744549057677e-77,9.432273972210393399e-76,2.978116938430633844e-74,8.248495558461090489e-73,2.003851248061298559e-71,4.269310748316256279e-70,7.976053693275202149e-69,1.306424002469716782e-67,1.875700169276794275e-66,2.360102321860788423e-65,2.601814231261373957e-64,2.512298428761475191e-63,2.124047906723349916e-62,1.571721680041824883e-61,1.017393970895583079e-60,5.757609137248022884e-60,2.846498618980473955e-59,1.228259879571462308e-58,4.620226384429687222e-58,1.512713180195765809e-57,4.301995240254878290e-57,1.059646070277903863e-56,2.251365611423957115e-56,4.100466785656037126e-56,6.338329364081145026e-56,8.168649629906836540e-56,8.462853726080644678e-56,6.399608186248214448e-56,2.177202887574967717e-56,2.841039324621098903e-56,6.826639453859045961e-56,8.551401606871335975e-56,7.983572852573054618e-56,6.033439784033201992e-56,3.813619048447928990e-56,2.049282332381664668e-56,9.449548793503940360e-57,3.760980513932263978e-57,1.297073683129062364e-57,3.886764209868298848e-58,1.013994387309966211e-58,2.306509456817508220e-59,4.579800657906149530e-60,7.945151693391429082e-61,1.205137028012841409e-61,1.599207620462435321e-62,1.857453894678807535e-63,1.889085395693526749e-64,1.682881074601353248e-65,1.313558285528376781e-66,8.985602987936092295e-68,5.388157178846483679e-69,2.832758200423849750e-70,1.305948138793717447e-71,5.280219691045506474e-73,1.872591115519009727e-74,5.825698027270778583e-76,1.590050472982445004e-77,3.807773751712426420e-79,8.001364814315539359e-81,1.475440578437315700e-82,2.387663383839739033e-84,3.391131071931275737e-86,4.227272139833019067e-88,4.625322166033081425e-90,4.442322488768696317e-92,3.745269076397920019e-94,2.771902087840942753e-96,1.800986369324636455e-98,1.027295122217731490e-100,5.144531147007932086e-103,2.261906776888378605e-105,8.731595433931217367e-108,2.959466255833942018e-110,8.807329024144561152e-113,2.301418428251967779e-115,5.280516191385811068e-118,1.063885606369643679e-120,1.882170991974143743e-123,2.923991884787183162e-126,3.988899727225705823e-129,4.778553689315799805e-132,5.027040354768836989e-135
1.863815825796676399e-203,2.335248748262341898e-199,2.569864646108002203e-195,2.483887752757439127e-191,2.108608060648026017e-187,1.572169613343179858e-183,1.029532166990916286e-179,5.921267179452648265e-176,2.991029610125672689e-172,1.326951509050755620e-168,5.170285254712853531e-165,1.769276638019550847e-161,5.317350416221390467e-158,1.403490450737870027e-154,3.253377386053951899e-151,6.623174376463150260e-148,1.184132916321024364e-144,1.859228495856428010e-141,2.563648151976529756e-138,3.104362628237510144e-135,3.301183026535498810e-132,3.082792905995775153e-129,2.528080093508903341e-126,1.820550927640502064e-123,1.151260973571409940e-120,6.392882159276793820e-118,3.117196375846241120e-115,1.334652734677031586e-112,5.017653240015971018e-110,1.656350660341060882e-107,4.800800061664173787e-105,1.221727627868213773e-102,2.729754724980356645e-100,5.354877278437636948e-98,9.222303391435367723e-96,1.394375108452810761e-93,1.850782719619016537e-91,2.156507223779245593e-89,2.205711986488420617e-87,1.980297088360851203e-85,1.560540885237042024e-83,1.079346651955566194e-81,6.551841561993463246e-80,3.490243671161994455e-78,1.631580994111671427e-76,6.692518954787491454e-75,2.408589194242841132e-73,7.604804841571706816e-72,2.106304092671081869e-70,5.116957456041703038e-69,1.090194768043390560e-67,2.036734386098830597e-66,3.336034072714078278e-65,4.789715791404910842e-64,6.026666492605228297e-63,6.643892725448881535e-62,6.415308615989780846e-61,5.423887019452334918e-60,4.013488015776793809e-59,2.597978103481408369e-58,1.470240918945665751e-57,7.268709364577917161e-57,3.136437175566267377e-56,1.179803234859482082e-55,3.862806180716784823e-55,1.098540954162916335e-54,2.705871438967687038e-54,5.749000612089748379e-54,1.047079423304152494e-53,1.618531401955736100e-53,2.085914943534104663e-53,2.161041769688010530e-53,1.634179326229548715e-53,5.559621533615198518e-54,7.254768720521636302e-54,1.743224387882866469e-53,2.183653015870406171e-53,2.038654449690899958e-53,1.540675971748305421e-53,9.738310886758588514e-54,5.232968525154527402e-54,2.413000426148710456e-54,9.603895150099065706e-55,3.312157456967858299e-55,9.925091556963223990e-56,2.589297057626057750e-56,5.889813814224385650e-57,1.169480276857338049e-57,2.028843370295472338e-58,3.077391551395209858e-59,4.083675055814557801e-60,4.743122806554250015e-61,4.823895790642307212e-62,4.297340369267157216e-63,3.354251903468426498e-64,2.294529010106903590e-65,1.375899088181982119e-66,7.233622360358643940e-68,3.334818925538206653e-69,1.348336586549158700e-70,4.781776631343402203e-72,1.487627835953591930e-73,4.060291716304180243e-75,9.723384561891833349e-77,2.043197736592535411e-78,3.767628298796477439e-80,6.097045360163353920e-82,8.659461843637390936e-84,1.079459950709958017e-85,1.181104474045274330e-87,1.134374380484446834e-89,9.563775027655348639e-92,7.078222532490448244e-94,4.598929506194603047e-96,2.623261302589063375e-98,1.313687681956075837e-100,5.775918126682972817e-103,2.229666618317692808e-105,7.557179176016475725e-108,2.249005656556053312e-110,5.876813559538543431e-113,1.348412299733525979e-115,2.716697355230416950e-118,4.806239435305654553e-121,7.466593186859052003e-124,1.018590088478822982e-126,1.220233086326857371e-129,1.283685685253842599e-132
4.180987079166257516e-201,5.238524487229242968e-197,5.764824362938876215e-193,5.571957516746113614e-189,4.730114925827957214e-185,3.526754494015504122e-181,2.309488216699277091e-177,1.328282613921934477e-173,6.709598652535182326e-170,2.976671319789959522e-166,1.159819309738839142e-162,3.968912947645199868e-159,1.192809561863126275e-155,3.148366570907307229e-152,7.298107799320269492e-149,1.485737276601403420e-145,2.656294873469876180e-142,4.170696595017614492e-139,5.750879271757107567e-136,6.963831864752349823e-133,7.405347346488719525e-130,6.915445791007944510e-127,5.671091563752029498e-124,4.083933508921407735e-121,2.582555201340935059e-118,1.434077194572426111e-115,6.992621046692659623e-113,2.993947020743522070e-110,1.125580278580979337e-107,3.715592825002431104e-105,1.076934896123559532e-102,2.740628851669274502e-100,6.123496257770195170e-98,1.201227739446780738e-95,2.068784414537462229e-93,3.127918666244128880e-91,4.151750688007866410e-89,4.837564266790357624e-87,4.947942381553886327e-85,4.442282560727484566e-83,3.500668460573650963e-81,2.421234085098260233e-79,1.469735611013504328e-77,7.829455834796447385e-76,3.660028507418790619e-74,1.501292933011881653e-72,5.403044743352963378e-71,1.705940594673048182e-69,4.724946571632720930e-68,1.147856602150563446e-66,2.445569018073772963e-65,4.568884990735212029e-64,7.483526623513890775e-63,1.074448427766839814e-61,1.351926214343389334e-60,1.490384900482051710e-59,1.439107988088606232e-58,1.216708283797414929e-57,9.003218721569144046e-57,5.827889608123578745e-56,3.298103922229401282e-55,1.630546297272210581e-54,7.035782787200835345e-54,2.646582356813551755e-53,8.665203131863342257e-53,2.464291520503007516e-52,6.069920304159665067e-52,1.289639080459673264e-51,2.348850932107903994e-51,3.630755134251296099e-51,4.679208807240337444e-51,4.847736343649261493e-51,3.665857191166383698e-51,1.247156799259417487e-51,1.627419075587988882e-51,3.910471485942188692e-51,4.898458806053969156e-51,4.573192155084419525e-51,3.456106682804982746e-51,2.184537303898002617e-51,1.173880674611253483e-51,5.412940197263298830e-52,2.154384621939101848e-52,7.429965632907576089e-53,2.226436699639536792e-53,5.808415934779898777e-54,1.321226867758248658e-54,2.623425479710287634e-55,4.551183544775234065e-56,6.903329253800640601e-57,9.160665129875690143e-58,1.063996500868077848e-58,1.082115823503462833e-59,9.639967806907688798e-61,7.524393598637008253e-62,5.147180322883308104e-63,3.086472509946859035e-64,1.622675438507996683e-65,7.480800756198404291e-67,3.024643190974594812e-68,1.072667483255836150e-69,3.337106958017928897e-71,9.108210676472809991e-73,2.181188970302762801e-74,4.583383840099465125e-76,8.451696255790698022e-78,1.367713886699519041e-79,1.942525521013026496e-81,2.421488241449568098e-83,2.649501349210726721e-85,2.544674512415430489e-87,2.145384713727714073e-89,1.587815520299450492e-91,1.031650476257913803e-93,5.884605903434910891e-96,2.946917366134567570e-98,1.295677326254809623e-100,5.001678380988826855e-103,1.695257012658696543e-105,5.045060494114755519e-108,1.318310598022582574e-110,3.024813033856362423e-113,6.094205437580452533e-116,1.078155078429107596e-118,1.674936397017912958e-121,2.284942503413082387e-124,2.737276235608221775e-127,2.879615673110181734e-130
8.239183197146848814e-199,1.032319931054186940e-194,1.136034221734556279e-190,1.098027281068025291e-186,9.321311613623325194e-183,6.949932113484976558e-179,4.551149321616829542e-175,2.617555038191181472e-171,1.322214382174273828e-167,5.865921098787901310e-164,2.285576010541446243e-160,7.821263316531895903e-157,2.350587627612253900e-153,6.204269101604016434e-150,1.438187825327895931e-146,2.927840094446075143e-143,5.234577307642728883e-140,8.218904448978053354e-137,1.133286158686891919e-133,1.372314369822039101e-130,1.459320784086060349e-127,1.362779259614724367e-124,1.117562944749469544e-121,8.047926412553807601e-119,5.089263615910131858e-116,2.826037129799961496e-113,1.377987655571517355e-110,5.899965132486423328e-108,2.218103510660293950e-105,7.322062802761872114e-103,2.122241406766489609e-100,5.400768468481264545e-98,1.206715221058716167e-95,2.367176750226363140e-93,4.076810921446384064e-91,6.163973824597193540e-89,8.181569055264296083e-87,9.533054627375798071e-85,9.750569173889673230e-83,8.754100201290986236e-81,6.898526164520276286e-79,4.771359205990526273e-77,2.896306714471140839e-75,1.542896922076156424e-73,7.212566030078455424e-72,2.958494554863130929e-70,1.064740804502610344e-68,3.361779602955235448e-67,9.311126694075975964e-66,2.262001926843386802e-64,4.819314381902952337e-63,9.003586888110732803e-62,1.474727035610740131e-60,2.117341494875589900e-59,2.664147852669668901e-58,2.936998846641118295e-57,2.835950967996680106e-56,2.397683192479980268e-55,1.774202287794569714e-54,1.148462055129172185e-53,6.499346184034383269e-53,3.213205255189169081e-52,1.386493242420336089e-51,5.215437520192374925e-51,1.707591884214794775e-50,4.856209527595161900e-50,1.196157376979677986e-49,2.541402889057964509e-49,4.628718713066503882e-49,7.154879010303737269e-49,9.220994432789043241e-49,9.553100038461969781e-49,7.224052215588042750e-49,2.457685984218697252e-49,3.207042654858669299e-49,7.706096754147679435e-49,9.653055300733378833e-49,9.012074720166154573e-49,6.810711339053361471e-49,4.304917165973594199e-49,2.313285773569278929e-49,1.066690833432211795e-49,4.245497352938883777e-50,1.464172140188419157e-50,4.387485418593800147e-51,1.144624512482854979e-51,2.603650765317203755e-52,5.169803857826289735e-53,8.968703868063699990e-54,1.360391537101513136e-54,1.805229166787053520e-55,2.096744602597640821e-56,2.132451103425615720e-57,1.899682043302293008e-58,1.482780408855102931e-59,1.014319365882482310e-60,6.082298739722690413e-62,3.197694696066233511e-63,1.474189867717441230e-64,5.960455960419401631e-66,2.113831910222808986e-67,6.576206779638447494e-69,1.794892329030819021e-70,4.298318835633351259e-72,9.032158771688438635e-74,1.665517555055054929e-75,2.695259530926350556e-77,3.828001218303462765e-79,4.771860054402411653e-81,5.221189777412098708e-83,5.014614751950237257e-85,4.227761853855197103e-87,3.128998656851295273e-89,2.033002520305560386e-91,1.159638744711941104e-93,5.807287032153218887e-96,2.553302044054300717e-98,9.856463005956820601e-101,3.340726203901160629e-103,9.941953147577935087e-106,2.597903873459564779e-108,5.960790658081370326e-111,1.200943080916828830e-113,2.124645935973276249e-116,3.300681766602660711e-119,4.502778775466070679e-122,5.394161698980895004e-125,5.674660222308065220e-128
1.426326651064784011e-196,1.787101214835134482e-192,1.966646266031263654e-188,1.900850529850906394e-184,1.613659371234680057e-180,1.203137879004908869e-176,7.878724644265001034e-173,4.531381840004492470e-169,2.288952152888291386e-165,1.015479252742538811e-161,3.956676164208459626e-158,1.353978428009695714e-154,4.069221060755615808e-151,1.074052385807313744e-147,2.489719642612819786e-144,5.068531985321458766e-141,9.061841377110873931e-138,1.422816094462801189e-134,1.961888955179194231e-131,2.375682773984403420e-128,2.526303975757570709e-125,2.359176062719464762e-122,1.934669704749361021e-119,1.393217222310265893e-116,8.810281499964184006e-114,4.892295727234733833e-111,2.385504085720679461e-108,1.021372787503100787e-105,3.839871109033645572e-103,1.267559303690321520e-100,3.673919375299836887e-98,9.349543296351284863e-96,2.089005716779092219e-93,4.097939329468959376e-91,7.057573462653834292e-89,1.067076666718443613e-86,1.416352775733252832e-84,1.650315274673775360e-82,1.687970317322911239e-80,1.515466536478614730e-78,1.194238735330884387e-76,8.259941106373318478e-75,5.013942957282651783e-73,2.670986852876808005e-71,1.248603763882320834e-69,5.121599471283407008e-68,1.843226627688260588e-66,5.819746603475812067e-65,1.611896208328113196e-63,3.915865876284885131e-62,8.342958735462678235e-61,1.558656437950939852e-59,2.552974516534321073e-58,3.665436890142519638e-57,4.612041016342110494e-56,5.084387164205131399e-55,4.909458073667039434e-54,4.150750573708081579e-53,3.071411263604213837e-52,1.988160716628620914e-51,1.125134671115791505e-50,5.562542039855303717e-50,2.400228537058431307e-49,9.028707523568264777e-49,2.956098626913575457e-48,8.406829787165140909e-48,2.070728499209379883e-47,4.399551005264338040e-47,8.013008938817250758e-47,1.238617272289117683e-46,1.596292956974572473e-46,1.653785437112873316e-46,1.250592195520755735e-46,4.254624439535699762e-47,5.551873650911035817e-47,1.334041362247078805e-46,1.671089197819554609e-46,1.560125809460282208e-46,1.179036667004220213e-46,7.452459712973467573e-47,4.004645935671795972e-47,1.846602421337890069e-47,7.349595071048731016e-48,2.534702403534999310e-48,7.595397788786890815e-49,1.981517352571697955e-49,4.507311450393403151e-50,8.949708783934743891e-51,1.552617662022263896e-51,2.355042555581030181e-52,3.125123462189230007e-53,3.629780568778877422e-54,3.691593897271002307e-55,3.288635611174600211e-56,2.566916118043367175e-57,1.755939526566609609e-58,1.052937479920685691e-59,5.535690926922746943e-61,2.552044598041215799e-62,1.031844660498432677e-63,3.659361270747514587e-65,1.138440397339312204e-66,3.107228839835650244e-68,7.441037009783230538e-70,1.563602661143566829e-71,2.883261628911363391e-73,4.665900015216733396e-75,6.626846408590214354e-77,8.260808150373848129e-79,9.038665546806295932e-81,8.681053078184475354e-83,7.318892252080745039e-85,5.416767740954028719e-87,3.519433428057704943e-89,2.007509248930351887e-91,1.005328813080845029e-93,4.420150233961383685e-96,1.706302133868765023e-98,5.783300000157662235e-101,1.721101764424705932e-103,4.497362715400093650e-106,1.031902601702542098e-108,2.079013273205427416e-111,3.678081977354961865e-114,5.713977050564010868e-117,7.794987946766539989e-120,9.338105983706178266e-123,9.823691156199695171e-126
2.169118799996309813e-194,2.717774949871942367e-190,2.990822183269884348e-186,2.890761816171826098e-182,2.454009308681910049e-178,1.829699382250453031e-174,1.198175027657036576e-170,6.891202328567730601e-167,3.480976214966009542e-163,1.544313244434408013e-159,6.017205558682312992e-156,2.059093588972562560e-152,6.188360778118774909e-149,1.633389673042456843e-145,3.786297956000013073e-142,7.708085668552137924e-139,1.378100204396684366e-135,2.163780040941872486e-132,2.983587394241149103e-129,3.612873785981243144e-126,3.841934415396257313e-123,3.587770828180896731e-120,2.942193098066381250e-117,2.118766880739866981e-114,1.339843662079472135e-111,7.440070357773473461e-109,3.627809769904127833e-106,1.553275971899089812e-103,5.839571605809957383e-101,1.927669733783011945e-98,5.587196720110796580e-96,1.421853130232193849e-93,3.176903109945165036e-91,6.232034740541202700e-89,1.073296588041274994e-86,1.622781189069462609e-84,2.153950801506374775e-82,2.509754610240052171e-80,2.567019375545885786e-78,2.304680314699968019e-76,1.816165806448983112e-74,1.256149390977645289e-72,7.625068158567420170e-71,4.061964202095322683e-69,1.898842664098852235e-67,7.788789258703127032e-66,2.803128952116589345e-64,8.850512440042048643e-63,2.451327938461097631e-61,5.955142382128923321e-60,1.268774486347323054e-58,2.370362342857017701e-57,3.882494248842007594e-56,5.574296787257704707e-55,7.013866611436050456e-54,7.732197793619471455e-53,7.466170387716882260e-52,6.312348645248995184e-51,4.670918761444121404e-50,3.023540774923542454e-49,1.711074224003112634e-48,8.459362731121913008e-48,3.650202315253968246e-47,1.373061298015849624e-46,4.495554438033315438e-46,1.278487822273304824e-45,3.149107614284098529e-45,6.690717578571606219e-45,1.218596618155925448e-44,1.883655479141159190e-44,2.427598937933143788e-44,2.515031938949430701e-44,1.901866616877603429e-44,6.470317196858695298e-45,8.443138535125112281e-45,2.028773841296028028e-44,2.541347027874753728e-44,2.372596923109923502e-44,1.793046914168304976e-44,1.133349815595390446e-44,6.090156683191953008e-45,2.808262767337794918e-45,1.117706440461967743e-45,3.854706516071050526e-46,1.155087449624867792e-46,3.013437727448174058e-47,6.854596734336184590e-48,1.361047384428978738e-48,2.361178736570849328e-49,3.581484702883569999e-50,4.752602813027220477e-51,5.520071622951293932e-52,5.614075652689179587e-53,5.001267644554539952e-54,3.903696257449070717e-55,2.670385101399427791e-56,1.601278698124136993e-57,8.418528288451002855e-59,3.881080054074149258e-60,1.569201311700038462e-61,5.565057150429178368e-63,1.731309210761934889e-64,4.725389157772037052e-66,1.131612681944259208e-67,2.377884424637070041e-69,4.384785911356755719e-71,7.095773912911635270e-73,1.007792788477606021e-74,1.256281248672805179e-76,1.374575687121323374e-78,1.320190954968403935e-80,1.113037239211200448e-82,8.237673139844348134e-85,5.352258690839537584e-87,3.052965496909053523e-89,1.528876731711012044e-91,6.722044325638068734e-94,2.594897903847323889e-96,8.795085436424583664e-99,2.617404779707800953e-101,6.839466968591621160e-104,1.569289427108266193e-106,3.161706873377475616e-109,5.593527092168181303e-112,8.689660979045281053e-115,1.185440578317130804e-117,1.420113774813891978e-120,1.493960247912810648e-123
2.897858553390280341e-192,3.630841881360975110e-188,3.995622390745682391e-184,3.861945622718797629e-180,3.278461219034180868e-176,2.444407381002582515e-172,1.600715346877047293e-168,9.206378927248077502e-165,4.650449158752778455e-161,2.063142574075532808e-157,8.038753154396566367e-154,2.750869140520900554e-150,8.267409886614762918e-147,2.182145226465091199e-143,5.058347158071216030e-140,1.029770337379394113e-136,1.841088401772731719e-133,2.890726178440692472e-130,3.985956993318301205e-127,4.826659195911630624e-124,5.132675309087268459e-121,4.793122618299566668e-118,3.930655819761060356e-115,2.830590342953799554e-112,1.789979145617779201e-109,9.939645317783120617e-107,4.846613090904519695e-104,2.075116430206492263e-101,7.801441085688545930e-99,2.575291969329342488e-96,7.464278030724142790e-94,1.899540613042484420e-91,4.244219288707257490e-89,8.325756605831675358e-87,1.433882596925354054e-84,2.167972703492534110e-82,2.877594695935606571e-80,3.352934778954033723e-78,3.429438283488676398e-76,3.078963477148090956e-74,2.426327048846970798e-72,1.678166846826581581e-70,1.018679520159437246e-68,5.426626566801374028e-67,2.536780122744359819e-65,1.040552023886851221e-63,3.744871516560262932e-62,1.182394121350599467e-60,3.274879012457680941e-59,7.955839158614182959e-58,1.695033484376711678e-56,3.166712118254661814e-55,5.186861672819185782e-54,7.447044220959154867e-53,9.370253649690230187e-52,1.032991623731175178e-50,9.974513945081572845e-50,8.433052866280389441e-49,6.240166230206598512e-48,4.039333159690957564e-47,2.285928772329200439e-46,1.130138037928019357e-45,4.876528662643515395e-45,1.834356618360462112e-44,6.005886298392364561e-44,1.708010124288881761e-43,4.207085584990908377e-43,8.938539080206352412e-43,1.627997799409168978e-42,2.516490632913970046e-42,3.243177988458872327e-42,3.359985085354311276e-42,2.540820006324248269e-42,8.644092722048102288e-43,1.127970548304860234e-42,2.710363134053640874e-42,3.395141023106051072e-42,3.169697430763416323e-42,2.395441105789165452e-42,1.514111378827106783e-42,8.136213026183856001e-43,3.751730094501493394e-43,1.493212436624846813e-43,5.149738340021678053e-44,1.543152014455823186e-44,4.025835880271468423e-45,9.157475273680024316e-46,1.818306495956328419e-46,3.154443176587432199e-47,4.784724598810506697e-48,6.349292953720266567e-49,7.374601505424383603e-50,7.500187241726399419e-51,6.681499520260180056e-52,5.215186733664720025e-53,3.567530882560891970e-54,2.139246209902079965e-55,1.124682714827827226e-56,5.184972363483350567e-58,2.096392066265653747e-59,7.434700424660873517e-61,2.312961929505673524e-62,6.312936566207097811e-64,1.511790635672768235e-65,3.176761327649676853e-67,5.857903844654868138e-69,9.479678626404061939e-71,1.346372062304339453e-72,1.678343003590547886e-74,1.836379783445992764e-76,1.763723891457265197e-78,1.486974564922246605e-80,1.100521168705585781e-82,7.150409939385944742e-85,4.078643446562801227e-87,2.042519992024271418e-89,8.980390398783954052e-92,3.466682915592831082e-94,1.174989288727674548e-96,3.496751228458242140e-99,9.137262493687176514e-102,2.096509785032106522e-104,4.223917706278154879e-107,7.472735162167927826e-110,1.160904990276659816e-112,1.583702616666314740e-115,1.897216901692656005e-118,1.995872924454562304e-121
3.400952231522501300e-190,4.261187898309717519e-186,4.689297505645943632e-182,4.532413277465838879e-178,3.847630860308806586e-174,2.868777955861527299e-170,1.878613579888080002e-166,1.080468710946404470e-162,5.457807947714932601e-159,2.421322232253075729e-155,9.434351254690478792e-152,3.228444166515859518e-148,9.702704802443764507e-145,2.560984789532676555e-141,5.936520619659422396e-138,1.208547505801266197e-134,2.160717506764127448e-131,3.392581613682420439e-128,4.677954110396114398e-125,5.664609593840077922e-122,6.023752790037875264e-119,5.625250772021191615e-116,4.613052167754613309e-113,3.322005669369878223e-110,2.100735235177965633e-107,1.166525498096077174e-104,5.688027660130496146e-102,2.435374854898688754e-99,9.155839728071936201e-97,3.022385257439623405e-94,8.760142207632075576e-92,2.229317534920620747e-89,4.981053006922030672e-87,9.771181024204451809e-85,1.682817200324662398e-82,2.544351792186863335e-80,3.377170390566407389e-78,3.935033683850773573e-76,4.024818868214750709e-74,3.613498559524929494e-72,2.847558719360289842e-70,1.969511339986741516e-68,1.195531225373034008e-66,6.368736565975809936e-65,2.977187416284507220e-63,1.221200987713587478e-61,4.395014078966901270e-60,1.387668118183929519e-58,3.843426751230974027e-57,9.337042661545167164e-56,1.989306173847106866e-54,3.716481134858950871e-53,6.087346382084341213e-52,8.739916457235784961e-51,1.099701192198335755e-49,1.212328035735656070e-48,1.170617710798906598e-47,9.897104857157079098e-47,7.323513855034650688e-46,4.740596847710685924e-45,2.682786069823499242e-44,1.326339920049336251e-43,5.723136837682229007e-43,2.152817026669215688e-42,7.048560870889617515e-42,2.004535672338870164e-41,4.937472566333894529e-41,1.049034791425998187e-40,1.910632505628123786e-40,2.953375492948491756e-40,3.806222151233454583e-40,3.943307985312957942e-40,2.981928659111334965e-40,1.014478308396443709e-40,1.323796135205182833e-40,3.180905961821884955e-40,3.984567302424832876e-40,3.719984723826828673e-40,2.811310705511532766e-40,1.776974402900472822e-40,9.548731015586877468e-41,4.403063366235399607e-41,1.752447220909041260e-41,6.043778112897565020e-42,1.811056747749764995e-42,4.724756322121872956e-43,1.074729335242514249e-43,2.133980462152702517e-44,3.702082197240005547e-45,5.615394782642950084e-46,7.451585935508825196e-47,8.654897050482732132e-48,8.802285572821693917e-49,7.841466477639705247e-50,6.120588922091271277e-51,4.186885554466466053e-52,2.510638127188977573e-53,1.319937504980201891e-54,6.085129072063439944e-56,2.460344128104318306e-57,8.725429669563883248e-59,2.714512420346437173e-60,7.408917760041501842e-62,1.774250758364572387e-63,3.728274975204868852e-65,6.874887364400265232e-67,1.112543403502363701e-68,1.580114068851954067e-70,1.969718079111638054e-72,2.155191430970476318e-74,2.069921838463561306e-76,1.745126399931195515e-78,1.291581302395895936e-80,8.391783860954109973e-83,4.786731745391650841e-85,2.397119388961697172e-87,1.053946498905661121e-89,4.068529495330053798e-92,1.378977741628293458e-94,4.103817931206597574e-97,1.072357145643163875e-99,2.460482283882887542e-102,4.957226891604945756e-105,8.770067571318842384e-108,1.362448285354371124e-110,1.858647290398457029e-113,2.226590406886864665e-116,2.342373981061905710e-119
3.506334818245742176e-188,4.393225919622192611e-184,4.834601016959424540e-180,4.672855542676481749e-176,3.966854320449626966e-172,2.957670483934935801e-168,1.936824676375957122e-164,1.113948330735366440e-160,5.626924677441236115e-157,2.496349807696160942e-153,9.726685951444905453e-150,3.328481383798143733e-146,1.000335475594999761e-142,2.640339976936522477e-139,6.120470836079041092e-136,1.245995800769252081e-132,2.227669932007040608e-129,3.497704826765773534e-126,4.822906132992982690e-123,5.840134320779100445e-120,6.210405999955352749e-117,5.799555918629946790e-114,4.755993125766375355e-111,3.424942002112762684e-108,2.165829037745829977e-105,1.202671690720138580e-102,5.864278023961233129e-100,2.510837867718620164e-97,9.439544410900111531e-95,3.116037492114051288e-92,9.031585727870157125e-90,2.298395614371337849e-87,5.135396912610958167e-85,1.007395279562426993e-82,1.734961310997671592e-80,2.623191586203770966e-78,3.481816068405627889e-76,4.056965425382561978e-74,4.149532711440590971e-72,3.725467149318708379e-70,2.935793743923368083e-68,2.030539012667026778e-66,1.232576195269755383e-64,6.566079512238137368e-63,3.069439141604511348e-61,1.259041366005356296e-59,4.531198865108715380e-58,1.430666680307428054e-56,3.962519942005010804e-55,9.626362134749318226e-54,2.050947213212286646e-52,3.831640763349294441e-51,6.275970115776407101e-50,9.010733258322892650e-49,1.133776753501456305e-47,1.249893474961409119e-46,1.206890705544928304e-45,1.020377852967758139e-44,7.550441721526342193e-44,4.887489930709103229e-43,2.765915416081249433e-42,1.367438154348038453e-41,5.900475101516115571e-41,2.219524646056299999e-40,7.266968989164178917e-40,2.066648615993304613e-39,5.090466079764521949e-39,1.081540393490669880e-38,1.969835746959247120e-38,3.044889377239766853e-38,3.924162512829945464e-38,4.065496116011933457e-38,3.074327297529509969e-38,1.045913136360705016e-38,1.364815547276860998e-38,3.279470150789207605e-38,4.108033902565777134e-38,3.835252915220347350e-38,2.898422541865103643e-38,1.832036087500110548e-38,9.844609906499156250e-39,4.539497569202141777e-39,1.806748901340142404e-39,6.231051831481794487e-40,1.867174514712097884e-40,4.871158567425500024e-41,1.108031113587420753e-41,2.200104407978459178e-42,3.816795657366601298e-43,5.789394529589164370e-44,7.682482269126343368e-45,8.923079423216474176e-46,9.075034955815978053e-47,8.084443727788052444e-48,6.310242715783127371e-49,4.316621228478509270e-50,2.588433262831964598e-51,1.360837352763190603e-52,6.273684099743305828e-54,2.536580843823261401e-55,8.995797580150448229e-57,2.798624845652036738e-58,7.638491969031638864e-60,1.829228047571225001e-61,3.843800049991981716e-63,7.087914000635087889e-65,1.147016896136336982e-66,1.629075799730263367e-68,2.030752157851207926e-70,2.221972624124120554e-72,2.134060850952002989e-74,1.799201235937242583e-76,1.331602499208262399e-78,8.651813355713875787e-81,4.935054373568626867e-83,2.471397010255997826e-85,1.086604296122570016e-87,4.194597764798754958e-90,1.421707022004331308e-92,4.230979655214045787e-95,1.105585418845721098e-97,2.536723280523310220e-100,5.110832516514413557e-103,9.041818640865633645e-106,1.404665380688742456e-108,1.916239707443421450e-111,2.295583983000734361e-114,2.414955250185193902e-117
3.175672733877797866e-186,3.978926283402270978e-182,4.378677857250775824e-178,4.232185659803703291e-174,3.592763314890502845e-170,2.678749748246911586e-166,1.754173983348201024e-162,1.008898329520681228e-158,5.096282072315770501e-155,2.260933547266610813e-151,8.809418657421735352e-148,3.014591624495650928e-144,9.059996432888140282e-141,2.391344839429295235e-137,5.543284757492744413e-134,1.128493169118896500e-130,2.017591311118081339e-127,3.167856586804779745e-124,4.368085849909375803e-121,5.289385151751877687e-118,5.624738658088008080e-115,5.252633463173973750e-112,4.307483019997722157e-109,3.101955601796734179e-106,1.961582272641506482e-103,1.089254704415532285e-100,5.311252002427661135e-98,2.274055322445926139e-95,8.549355768867867361e-93,2.822182083115339452e-90,8.179869301258850682e-88,2.081647264901474720e-85,4.651107437935156178e-83,9.123936781220177503e-81,1.571347180252962497e-78,2.375813613892238594e-76,3.153466205019177251e-74,3.674376564566063359e-72,3.758214367178105698e-70,3.374139966752750844e-68,2.658936076600769246e-66,1.839050664543753335e-64,1.116339088720263564e-62,5.946870665916536655e-61,2.779978152564579336e-59,1.140308482819541729e-57,4.103887801255738140e-56,1.295748809920271723e-54,3.588837686520976018e-53,8.718555797554953618e-52,1.857534286153965670e-50,3.470300963523517220e-49,5.684119802709759603e-48,8.160983307079656572e-47,1.026856848828754260e-45,1.132023276281472977e-44,1.093075848441256560e-43,9.241519403861846476e-43,6.838403388927592864e-42,4.426579124532900406e-41,2.505077987806177159e-40,1.238482999237316782e-39,5.344035543702457473e-39,2.010214159805667269e-38,6.581663324551334523e-38,1.871754980776714806e-37,4.610413771135676808e-37,9.795465967281103002e-37,1.784071971475827453e-36,2.757743533979200816e-36,3.554097523848472267e-36,3.682102775278113798e-36,2.784405334877419743e-36,9.472791394205209285e-37,1.236107715016174388e-36,2.970202356376851853e-36,3.720629070090520181e-36,3.473572474318170902e-36,2.625089135689358687e-36,1.659267398049110824e-36,8.916221888759186972e-37,4.111403902735502727e-37,1.636364899636598293e-37,5.643437501081027580e-38,1.691092124149958290e-38,4.411787877325984278e-39,1.003539130775737623e-39,1.992625331657159620e-40,3.456855813318368330e-41,5.243430335752370015e-42,6.957991958906168398e-43,8.081595596377697141e-44,8.219221084715944199e-45,7.322046765566489439e-46,5.715160352743399885e-47,3.909545736031061194e-48,2.344333146244690727e-49,1.232504680935915998e-50,5.682049367579659435e-52,2.297370627897419222e-53,8.147456126020084863e-55,2.534702780936475142e-56,6.918150128673898824e-58,1.656724168066786549e-59,3.481313578420884923e-61,6.419493972676934034e-63,1.038848390463479622e-64,1.475447116946073055e-66,1.839243709242184759e-68,2.012431283270412690e-70,1.932809959147362857e-72,1.629529010748891172e-74,1.206026796727853086e-76,7.835911057151041679e-79,4.469658040871735369e-81,2.238333903318136592e-83,9.841329520951193720e-86,3.799029596931884009e-88,1.287634084985853011e-90,3.831980522438962592e-93,1.001324075309220712e-95,2.297499632219581740e-98,4.628859567451680909e-101,8.189137207626170109e-104,1.272199541945390280e-106,1.735530263351229802e-109,2.079100782165871984e-112,2.187214838027169617e-115
2.526664623933657199e-184,3.165758289340471503e-180,3.483813153504692139e-176,3.367259376088516687e-172,2.858514944900676662e-168,2.131297143139565593e-164,1.395675725860157648e-160,8.027110889452591648e-157,4.054761527638802408e-153,1.798869496217884181e-149,7.009049213941757476e-146,2.398503451554933689e-142,7.208416735052900182e-139,1.902628802066353173e-135,4.410410854913852305e-132,8.978644865842233826e-129,1.605258796655569103e-125,2.520445852680434289e-122,3.475385820941094498e-119,4.208400381664489279e-116,4.475218127689466335e-113,4.179159587921008098e-110,3.427168312627092178e-107,2.468012966341247814e-104,1.560696252590250666e-101,8.666451359236236213e-99,4.225798332481157919e-96,1.809309591254883246e-93,6.802135039978648463e-91,2.245416398117187994e-88,6.508160041621676968e-86,1.656223718402712884e-83,3.700566654798789477e-81,7.259289677488841979e-79,1.250212998936041445e-76,1.890271672909307531e-74,2.508996414519764735e-72,2.923449000790095821e-70,2.990152980628544674e-68,2.684571366325708231e-66,2.115532765822014622e-64,1.463206270014147986e-62,8.881943198028482864e-61,4.731516435679248043e-59,2.211837630010691321e-57,9.072651199774357877e-56,3.265181584173759735e-54,1.030938309418185307e-52,2.855391592099348881e-51,6.936755878669497418e-50,1.477912417895052722e-48,2.761080065145215153e-47,4.522463624948496085e-46,6.493133753529502908e-45,8.169994489988430989e-44,9.006731503332282726e-43,8.696853577098536864e-42,7.352842092334347645e-41,5.440847774604806049e-40,3.521924901039759286e-39,1.993118454701920853e-38,9.853758380493258731e-38,4.251881944026706712e-37,1.599389304170467574e-36,5.236577343558306446e-36,1.489226847636716325e-35,3.668189499803095595e-35,7.793579316419733754e-35,1.419463501004149327e-34,2.194147071535705937e-34,2.827751231322725412e-34,2.929596215854001170e-34,2.215360034827666019e-34,7.536849326637349886e-35,9.834859875778035935e-35,2.363185960480189917e-34,2.960248941865841363e-34,2.763682981529913426e-34,2.088603080241746692e-34,1.320165076072161474e-34,7.094025207683818938e-35,3.271161629761666200e-35,1.301943131497897336e-35,4.490095512435800845e-36,1.345485824253589556e-36,3.510156521802078104e-37,7.984471426833963609e-38,1.585395081975261385e-38,2.750382682815942341e-39,4.171837291692367712e-40,5.535996183938090015e-41,6.429970406099997698e-42,6.539469552224351979e-43,5.825649582836071936e-44,4.547160458106698269e-45,3.110556954278117768e-46,1.865224827527101230e-47,9.806193008907888157e-49,4.520816321956476649e-50,1.827859978028282334e-51,6.482371104884882558e-53,2.016688867354917249e-54,5.504296776773314684e-56,1.318141602695156208e-57,2.769842046247457984e-59,5.107550331392979942e-61,8.265402948522744232e-63,1.173911906948710611e-64,1.463359862419362561e-66,1.601153316993846396e-68,1.537804099416604499e-70,1.296504284338739127e-72,9.595526674710007103e-75,6.234496096900154993e-77,3.556199835225018824e-79,1.780888512135068186e-81,7.830069795222295687e-84,3.022626854916180899e-86,1.024481980273338572e-88,3.048843642595331049e-91,7.966847752243313802e-94,1.827962617905164091e-96,3.682865552693975677e-99,6.515533878006264890e-102,1.012201774737877545e-104,1.380842198692131597e-107,1.654197657035096810e-110,1.740216583789421827e-113
1.765992939882296528e-182,2.212682575832004408e-178,2.434984593793091578e-174,2.353520221321199976e-170,1.997937187002657947e-166,1.489653859053653951e-162,9.754968882244718441e-159,5.610487843992469023e-155,2.834044598910130613e-151,1.257306094365857253e-147,4.898921411990968576e-144,1.676415667361063258e-140,5.038267818073031837e-137,1.329827868660625471e-133,3.082622979708883051e-130,6.275555248841032150e-127,1.121983374732252834e-123,1.761646377214697207e-120,2.429094374066074494e-117,2.941429302415303001e-114,3.127919528010204170e-111,2.920991672975342419e-108,2.395393114922042321e-105,1.724998811798014972e-102,1.090836724932715190e-99,6.057349981974916414e-97,2.953589467252505762e-94,1.264603119048780188e-91,4.754300330538722338e-89,1.569416640661020788e-86,4.548828750857965585e-84,1.157604917510255375e-81,2.586482797927684759e-79,5.073825072615709959e-77,8.738268263054183216e-75,1.321190947621778923e-72,1.753643879864699350e-70,2.043322349391800497e-68,2.089944586605597487e-66,1.876360651364175699e-64,1.478635467938047619e-62,1.022696846253574261e-60,6.207966356743421721e-59,3.307057272736791011e-57,1.545947017172266602e-55,6.341260257909517394e-54,2.282173728346794797e-52,7.205664569173689017e-51,1.995754143418942662e-49,4.848392537490115880e-48,1.032975595986720174e-46,1.929835822019343074e-45,3.160941407451065434e-44,4.538326241569929971e-43,5.710355245222156252e-42,6.295186189585121675e-41,6.078599379932817633e-40,5.139212818403904053e-39,3.802838994108723400e-38,2.461622508629057789e-37,1.393074920197694119e-36,6.887209155667628850e-36,2.971820408309840952e-35,1.117880937791813048e-34,3.660065736573399108e-34,1.040883730233714775e-33,2.563853032745364999e-33,5.447262734767800239e-33,9.921231719680551731e-33,1.533582336447178081e-32,1.976435124378688499e-32,2.047618898412177783e-32,1.548408975120476414e-32,5.267823269280247756e-33,6.874000190146554914e-33,1.651730776734263121e-32,2.069043387123682507e-32,1.931655110545051060e-32,1.459813169892101299e-32,9.227192963150871190e-33,4.958314733758519345e-33,2.286353435534068428e-33,9.099832073375720079e-34,3.138317962442406370e-34,9.404170398540260117e-35,2.453397089850617624e-35,5.580685317283870543e-36,1.108099783078267464e-36,1.922358968348415805e-37,2.915873809954427506e-38,3.869342248055348767e-39,4.494178702334520813e-40,4.570712294149822550e-41,4.071793278800829865e-42,3.178203070349977370e-43,2.174100024325655978e-44,1.303684646353199635e-45,6.853963702510527563e-47,3.159790037607126692e-48,1.277568770193631978e-49,4.530803770505463391e-51,1.409549280087132814e-52,3.847186189541450574e-54,9.213050050547191793e-56,1.935959941784846591e-57,3.569883291946672860e-59,5.777040258571632688e-61,8.204967608592365093e-63,1.022804198491355098e-64,1.119113881080919232e-66,1.074836429325446455e-68,9.061817666583533946e-71,6.706720077320026325e-73,4.357553426978106060e-75,2.485578712081854515e-77,1.244738422882786756e-79,5.472767476207510432e-82,2.112641952999030832e-84,7.160538549762568478e-87,2.130965976499836907e-89,5.568367384539697264e-92,1.277640509551586798e-94,2.574110747816302691e-97,4.553982637476731301e-100,7.074706991149758464e-103,9.651291077111500169e-106,1.156188817392696781e-108,1.216311089223093137e-111
1.084325896275639772e-180,1.358594908863255533e-176,1.495089132268224561e-172,1.445069720129422783e-168,1.226740482407317546e-164,9.146527256023198789e-161,5.989585313451502919e-157,3.444859332441328410e-153,1.740113383467599266e-149,7.719903782610854844e-146,3.007955032477993219e-142,1.029325134880245726e-138,3.093514217486647900e-135,8.165190035659949175e-132,1.892741386370284956e-128,3.853213065662479809e-125,6.889017509286286603e-122,1.081657091460417663e-118,1.491472516572456523e-115,1.806047970319195709e-112,1.920553626851928954e-109,1.793499193729960751e-106,1.470779824545993050e-103,1.059155356986749742e-100,6.697775980530103204e-98,3.719234261884609698e-95,1.813514354434814473e-92,7.764707771631937105e-90,2.919157178180441761e-87,9.636273549471378712e-85,2.792996903263783617e-82,7.107735038823670360e-80,1.588109564158536097e-77,3.115346497236414023e-75,5.365327545906844459e-73,8.112159035731216042e-71,1.076743529851674015e-68,1.254607132251950473e-66,1.283233350405023727e-64,1.152092060550605451e-62,9.078873945799563012e-61,6.279394721168686590e-59,3.811713247432398110e-57,2.030544834189669129e-55,9.492169233138902544e-54,3.893556173067663713e-52,1.401262721702040809e-50,4.424303470175504955e-49,1.225400085943498295e-47,2.976930125247264385e-46,6.342506607209162861e-45,1.184926004016051192e-43,1.940829177344557200e-42,2.786548325503493049e-41,3.506178269172671981e-40,3.865266532545975811e-39,3.732281467209918184e-38,3.155494803867497459e-37,2.334956560444084238e-36,1.511444905968053302e-35,8.553529163727417870e-35,4.228770722635165565e-34,1.824708216571106534e-33,6.863828401720302111e-33,2.247293276552379323e-32,6.391062830523054049e-32,1.574214808489000171e-31,3.344638539448399665e-31,6.091671282290421435e-31,9.416249657232912528e-31,1.213538140083235643e-30,1.257245228509465551e-30,9.507285741774215942e-31,3.234462074519942218e-31,4.220660371198346353e-31,1.014168524937866012e-30,1.270399940176043815e-30,1.186043053590076632e-30,8.963304371665368026e-31,5.665529036911333674e-31,3.044422741608496981e-31,1.403829076662562220e-31,5.587329001199442740e-32,1.926938302283936267e-32,5.774193806687830907e-33,1.506394469815246381e-33,3.426560475885885812e-34,6.803771766657701026e-35,1.180335189480529225e-35,1.790356807777055552e-36,2.375789793019590001e-37,2.759441580641323811e-38,2.806433476060363948e-39,2.500095440233708748e-40,1.951427899271112446e-41,1.334905086102309266e-42,8.004669728246414696e-44,4.208357897091412834e-45,1.940122232197420804e-46,7.844317327147285365e-48,2.781929501727972082e-49,8.654682314738817522e-51,2.362185894917163740e-52,5.656845238664742867e-54,1.188686235160843407e-55,2.191920937348489768e-57,3.547123102661752201e-59,5.037879062354922260e-61,6.280053867696509984e-63,6.871398717018943317e-65,6.599533600940175106e-67,5.563988021297652072e-69,4.117949791686218301e-71,2.675553179500126044e-73,1.526154099415500303e-75,7.642737836258089807e-78,3.360298540685025831e-80,1.297169613456726072e-82,4.396595935033967764e-85,1.308420628541307813e-87,3.418997221718011917e-90,7.844757809334746711e-93,1.580513081736584502e-95,2.796161407833439681e-98,4.343895055193788684e-101,5.925926775277982165e-104,7.099040134136084345e-107,7.468193004550357061e-110
5.848711513350943996e-179,7.328082555937211058e-175,8.064314475396609798e-171,7.794516333830419550e-167,6.616877092019116800e-163,4.933516708696440743e-159,3.230703675280212152e-155,1.858111893178929416e-151,9.385943114869482127e-148,4.164014738593217760e-144,1.622451450299296495e-140,5.552044627942042862e-137,1.668600951307509249e-133,4.404196296915060050e-130,1.020919852258252888e-126,2.078372535224994004e-123,3.715845592235102816e-120,5.834316330591819006e-117,8.044806925192497805e-114,9.741585619184087357e-111,1.035921409601878305e-107,9.673899165906449533e-105,7.933193261334534362e-102,5.712944929297857268e-99,3.612692422612198537e-96,2.006106127599936538e-93,9.781858314775089041e-91,4.188181422000763741e-88,1.574555053600320407e-85,5.197679429050913977e-83,1.506505857785344641e-80,3.833818955924705323e-78,8.566054471501230848e-76,1.680376996348374829e-73,2.893987231923105016e-71,4.375592071846469690e-69,5.807813224420630933e-67,6.767186142413269752e-65,6.921592204528437791e-63,6.214233305800406057e-61,4.897025401442891758e-59,3.387023064625325332e-57,2.055988078161951372e-55,1.095249222663692663e-53,5.119951452899817844e-52,2.100133077658239701e-50,7.558227136136768399e-49,2.386411201047380085e-47,6.609647169489121672e-46,1.605717022693407902e-44,3.421064787303304724e-43,6.391335285785522734e-42,1.046857775321426068e-40,1.503027579610428860e-39,1.891186522538966907e-38,2.084874017002334335e-37,2.013143618843112970e-36,1.702032465800963718e-35,1.259444910902214750e-34,8.152535371236003792e-34,4.613661323731560079e-33,2.280943404354622677e-32,9.842236537397725821e-32,3.702258918348556513e-31,1.212160486583705982e-30,3.447255376617361525e-30,8.491107983787494132e-30,1.804054113330510380e-29,3.285767506488241960e-29,5.079001430471182961e-29,6.545665390985573399e-29,6.781415687244301382e-29,5.128105099189058443e-29,1.744626374756459422e-29,2.276568787276773939e-29,5.470291863963842799e-29,6.852370474777565487e-29,6.397360504525065534e-29,4.834688690576168714e-29,3.055911974545957609e-29,1.642121653787519870e-29,7.572069717834865178e-30,3.013731902044995694e-30,1.039365219700807092e-30,3.114524324604793811e-31,8.125293981738958333e-32,1.848241730216135104e-32,3.669865157931275659e-33,6.366573034948877313e-34,9.656949548671246007e-35,1.281469820416694748e-35,1.488406557341260518e-36,1.513753368730305645e-37,1.348518654399587696e-38,1.052574586767660931e-39,7.200302762418341564e-41,4.317613750716520101e-42,2.269932994274144989e-43,1.046476458391160707e-44,4.231121770977363584e-46,1.500536246710719921e-47,4.668222005254002396e-49,1.274132056397888608e-50,3.051228047790910848e-52,6.411617478865055845e-54,1.182293373851899841e-55,1.913271628121667098e-57,2.717365819266988084e-59,3.387378599610160572e-61,3.706342247021046136e-63,3.559701772976309177e-65,3.001142083951302158e-67,2.221168049269440713e-69,1.443158255214390635e-71,8.231874829382394180e-74,4.122392440314955481e-76,1.812500912382980221e-78,6.996762577608444519e-81,2.371466120388670425e-83,7.057449075725215404e-86,1.844162210222516595e-88,4.231359361285719216e-91,8.525080042727711459e-94,1.508212750000507356e-96,2.343039957762089162e-99,3.196367095619431125e-102,3.829129038499655143e-105,4.028245249852975891e-108
2.771341687052796210e-177,3.472323883144929329e-173,3.821178533451954319e-169,3.693337925293225287e-165,3.135327718140599417e-161,2.337687623568305402e-157,1.530830124443304672e-153,8.804439981391599999e-150,4.447416386868589887e-146,1.973068359454496741e-142,7.687791283892249307e-139,2.630769647412093637e-135,7.906465150244762165e-132,2.086875505441242394e-128,4.837506071629106624e-125,9.848118572695601233e-122,1.760708793536782595e-118,2.764520702639199698e-115,3.811935115141980123e-112,4.615933315024776639e-109,4.908589148886601841e-106,4.583860902291006461e-103,3.759048321395510233e-100,2.707010322232402574e-97,1.711830903341814888e-94,9.505692881889819358e-92,4.635016048013290584e-89,1.984519452059359042e-86,7.460839962171861804e-84,2.462857955087185853e-81,7.138397022897142131e-79,1.816609054646347369e-76,4.058922002949428059e-74,7.962264524954893433e-72,1.371281082905074899e-69,2.073321737029667149e-67,2.751962524175212156e-65,3.206549855930820868e-63,3.279713313505480969e-61,2.944539797206708811e-59,2.320396656015329918e-57,1.604900189140625950e-55,9.742052512057495726e-54,5.189706863727916425e-52,2.426027487373699697e-50,9.951228288807179126e-49,3.581375127628650298e-47,1.130772278443601884e-45,3.131901906205914596e-44,7.608497209075286795e-43,1.621030450470645607e-41,3.028457442804689952e-40,4.960409804007403779e-39,7.121915619632305497e-38,8.961160139190226209e-37,9.878925063034737722e-36,9.539039188698154086e-35,8.064876365374326896e-34,5.967728406782294459e-33,3.862980945103038521e-32,2.186127991988310984e-31,1.080797630019314288e-30,4.663625543448571550e-30,1.754270911337666200e-29,5.743676842669366306e-29,1.633440546576080325e-28,4.023409510116965276e-28,8.548293685809639443e-28,1.556921459351921225e-27,2.406623811199345811e-27,3.101584909108405090e-27,3.213292354802149007e-27,2.429890994709232658e-27,8.266702485937261923e-28,1.078724770271554029e-27,2.592032082343374963e-27,3.246913428458903851e-27,3.031312420321101571e-27,2.290859154453433396e-27,1.448007176912584439e-27,7.780996180036054388e-28,3.587934268668311030e-28,1.428020656288672385e-28,4.924907229315141662e-29,1.475779934848351027e-29,3.850072939954589862e-30,8.757671399942481280e-31,1.738921517128318588e-31,3.016724147728041153e-32,4.575829529787517204e-33,6.072090794554236573e-34,7.052635662103478218e-35,7.172738482829091525e-36,6.389793639464252196e-37,4.987498228257107001e-38,3.411776963070712976e-39,2.045849406085352649e-40,1.075580479476320758e-41,4.958602979544049657e-43,2.004866220557676177e-44,7.110110737980082610e-46,2.211980915462047648e-47,6.037321681273202209e-49,1.445787754490094668e-50,3.038067916335844511e-52,5.602155117076287149e-54,9.065807758793690197e-56,1.287591148360906028e-57,1.605068655121447716e-59,1.756205747574937815e-61,1.686721920615497066e-63,1.422055122232854998e-65,1.052473796123949417e-67,6.838232018384506174e-70,3.900574994200396602e-72,1.953346133444564406e-74,8.588317828366302835e-77,3.315331891729581399e-79,1.123690731516863292e-81,3.344087459804325406e-84,8.738341084548299014e-87,2.004978799871477755e-89,4.039506762121600162e-92,7.146484926601263771e-95,1.110221335853920771e-97,1.514560148674711342e-100,1.814386793616851654e-103,1.908735618281854936e-106
1.153584607042411041e-175,1.445371893684284807e-171,1.590584357586586329e-167,1.537370075703778853e-163,1.305095582611727187e-159,9.730739703524266580e-156,6.372155681146295007e-152,3.664891443597528560e-148,1.851258943986667578e-144,8.212994084210421314e-141,3.200080931444671458e-137,1.095070804190952773e-133,3.291105003779675460e-130,8.686721926561940216e-127,2.013635693777430773e-123,4.099327790170412630e-120,7.329036946967337378e-117,1.150745338734046286e-113,1.586736739253879090e-110,1.921404944119654986e-107,2.043224374282840125e-104,1.908054644583121016e-101,1.564722351253347028e-98,1.126806360046997030e-95,7.125580325158829578e-93,3.956791412278916744e-90,1.929348225576977719e-87,8.260659820359910809e-85,3.105611327603414604e-82,1.025176736450491989e-79,2.971392868315380420e-77,7.561724533083700607e-75,1.689546246016650059e-72,3.314331767929961257e-70,5.708024948920862234e-68,8.630303698956903466e-66,1.145517935185775445e-63,1.334742147746723454e-61,1.365196796789224512e-59,1.225679172204386412e-57,9.658765200688314314e-56,6.680475968306647707e-54,4.055177270784259335e-52,2.160241005658260256e-50,1.009845873127822279e-48,4.142247716608402808e-47,1.490765010528778270e-45,4.706895221825424845e-44,1.303669571545727394e-42,3.167074382823132443e-41,6.747618974400494444e-40,1.260610304902388677e-38,2.064794976836353961e-37,2.964532403147942524e-36,3.730126980049562953e-35,4.112151143284266596e-34,3.970671976488880974e-33,3.357044451163394348e-32,2.484096299363879211e-31,1.607984817025323471e-30,9.099865283177717822e-30,4.498873289940200756e-29,1.941257068757008094e-28,7.302238945690944037e-28,2.390833733885549787e-27,6.799276609783526503e-27,1.674763996220224114e-26,3.558269288301778909e-26,6.480762145908015895e-26,1.001768997490329542e-25,1.291049972401104153e-25,1.337548746062409573e-25,1.011454077057266718e-25,3.441055566453888986e-26,4.490244909296183607e-26,1.078946102215232142e-25,1.351543683323194705e-25,1.261798703333428218e-25,9.535813897746914694e-26,6.027401088712850030e-26,3.238877927856553218e-26,1.493495285245194345e-26,5.944206213655593493e-27,2.050016855515634667e-27,6.143006559519741595e-28,1.602611796399067449e-28,3.645423791555544133e-29,7.238346337392656215e-30,1.255726263121081044e-30,1.904711546279242512e-31,2.527537656539496311e-32,2.935694280100768848e-33,2.985687669906761273e-34,2.659783028236582491e-35,2.076070666655622583e-36,1.420168940426056299e-37,8.515948770275217141e-39,4.477156644221006963e-40,2.064042877267888016e-41,8.345354244913714473e-43,2.959618563103107398e-44,9.207479348612542019e-46,2.513064842137387279e-47,6.018162633725255493e-49,1.264610711774926825e-50,2.331924619586527291e-52,3.773687066380075809e-54,5.359661480405374741e-56,6.681177216238380863e-58,7.310292796688145198e-60,7.021062949667679395e-62,5.919374384753880653e-64,4.380973938351058477e-66,2.846447708937749956e-68,1.623633524853893997e-70,8.130899348480514307e-73,3.574929534485706015e-75,1.380023205151318319e-77,4.677417934462526110e-80,1.391992851786265523e-82,3.637377452703821842e-85,8.345822861844324202e-88,1.681464556535834596e-90,2.974759498010178406e-93,4.621350912572614835e-96,6.304431106830190728e-99,7.552474262253132506e-102,7.945205885116779300e-105
4.218308458741337446e-174,5.285285923489491645e-170,5.816283789664146872e-166,5.621695326867902175e-162,4.772338068651277615e-158,3.558235897964171693e-154,2.330103751913870088e-150,1.340139464632075831e-146,6.769491561404322387e-143,3.003242432806114551e-139,1.170172380886635670e-135,4.004341257710243197e-132,1.203457118905889105e-128,3.176470313304291384e-125,7.363254006716251443e-122,1.498999638766910083e-118,2.680006161585032073e-115,4.207926117083387314e-112,5.802214218298303515e-109,7.025994174129820892e-106,7.471450822529184663e-103,6.977176184432165126e-100,5.721714289163351390e-97,4.120388544481445741e-94,2.605608255826847968e-91,1.446878415506225095e-88,7.055040341320682213e-86,3.020672344472060961e-83,1.135627716668272467e-80,3.748759885207942525e-78,1.086548103549810245e-75,2.765092942976058427e-73,6.178157351871525352e-71,1.211950440946214088e-68,2.087251318867063497e-66,3.155839881407960098e-64,4.188811090346872390e-62,4.880746550973835231e-60,4.992109950658355251e-58,4.481936381822441059e-56,3.531917008802695038e-54,2.442847114419366593e-52,1.482855135082082134e-50,7.899345094809556718e-49,3.692699575423146631e-47,1.514694151993751007e-45,5.451274761747333208e-44,1.721168591139996429e-42,4.767123579391641039e-41,1.158102888766417951e-39,2.467399272001393010e-38,4.609668922316701711e-37,7.550327963101316351e-36,1.084039439852911493e-34,1.363994118512376573e-33,1.503688749437906654e-32,1.451954116157855132e-31,1.227569171629285363e-30,9.083585519398168378e-30,5.879911983721755029e-29,3.327544287874167388e-28,1.645101290179318751e-27,7.098587363024795961e-27,2.670206946618426056e-26,8.742552649825665653e-26,2.486288899945247003e-25,6.124103155087377787e-25,1.301150981531590780e-24,2.369817836705036907e-24,3.663164894903083371e-24,4.720977539046775639e-24,4.891009428393410466e-24,3.698580288641660473e-24,1.258289484304646030e-24,1.641946153500333403e-24,3.945378121125646386e-24,4.942184662418410629e-24,4.614014534357318252e-24,3.486957452473263812e-24,2.204037470812933980e-24,1.184359263855659213e-24,5.461258546949908492e-25,2.173615632392713407e-25,7.496288862897039610e-26,2.246310879490285680e-26,5.860264479569655682e-27,1.333020735690784262e-27,2.646843360766771614e-28,4.591809465250223951e-29,6.964951489541418488e-30,9.242437365473918046e-31,1.073494214332942955e-31,1.091775278228217800e-32,9.726018514746249368e-34,7.591559735309386951e-35,5.193126379866121184e-36,3.114023757993027192e-37,1.637160172572328953e-38,7.547577763459133139e-40,3.051642522587344195e-41,1.082242597827256914e-42,3.366895482381111397e-44,9.189514679926767022e-46,2.200659248480331831e-47,4.624297194959981992e-49,8.527139914918870466e-51,1.379922718764748094e-52,1.959865381418074127e-54,2.443103539484710992e-56,2.673151995258261004e-58,2.567389426760143770e-60,2.164535386934714487e-62,1.601989078985505406e-64,1.040859454493012679e-66,5.937134554306330105e-69,2.973222881918849613e-71,1.307243127436004676e-73,5.046325621901374948e-76,1.710389642645575120e-78,5.090094983368466096e-81,1.330078434013599589e-83,3.051813881561220980e-86,6.148605068588928573e-89,1.087779177753551129e-91,1.689887636009775273e-94,2.305338932501559519e-97,2.761710399948549936e-100,2.905320423576344589e-103
1.355054363161851327e-172,1.697801339383157373e-168,1.868374682330910744e-164,1.805866701201815515e-160,1.533026232116030228e-156,1.143018137686371022e-152,7.485031705321995853e-149,4.304952676070850287e-145,2.174575227579565885e-141,9.647366478792345500e-138,3.758964537280551954e-134,1.286321317163304987e-130,3.865885664363314208e-127,1.020382933016089003e-123,2.365310542473578919e-120,4.815261901201068943e-117,8.609029135907485904e-114,1.351719225984922572e-110,1.863855090116150538e-107,2.256971995842906473e-104,2.400066788676293105e-101,2.241290110417134985e-98,1.837995961682217820e-95,1.323599383433655118e-92,8.370039484507167385e-90,4.647832013880265601e-87,2.266302545272432189e-84,9.703356878931515058e-82,3.647996127950375684e-79,1.204220480455721713e-76,3.490336856350618171e-74,8.882354843355136606e-72,1.984619938972394677e-69,3.893168906453360164e-67,6.704912725820964732e-65,1.013755784473073408e-62,1.345578873605869958e-60,1.567850472308872547e-58,1.603623925605644533e-56,1.439740006925077696e-54,1.134563676391667751e-52,7.847199116205900747e-51,4.763400638864464071e-49,2.537519989715220003e-47,1.186212132295123254e-45,4.865677651575275297e-44,1.751122214733403668e-42,5.528938985785566028e-41,1.531351172908862156e-39,3.720193503540618653e-38,7.926068427401603778e-37,1.480771747019330952e-35,2.425404625994590338e-34,3.482278233513806164e-33,4.381581384328964343e-32,4.830324810743140772e-31,4.664136772960410966e-30,3.943341219280037975e-29,2.917935544923326910e-28,1.888814074760008096e-27,1.068912681469389263e-26,5.284586707927280126e-26,2.280291228731088873e-25,8.577550951878603683e-25,2.808384979236385856e-24,7.986747898841330679e-24,1.967256017885813882e-23,4.179709312158806749e-23,7.612605931819653535e-23,1.176724656902136746e-22,1.516527602294693931e-22,1.571147233786647412e-22,1.188101203749745360e-22,4.042024599444394589e-23,5.274451408992480156e-23,1.267380489040642676e-22,1.587586340794212871e-22,1.482167695326325902e-22,1.120121242044860075e-22,7.080066857624709553e-23,3.804537301466749715e-23,1.754329322945608792e-23,6.982342271364730188e-24,2.408045554407877331e-24,7.215862443545237160e-25,1.882502673759587002e-25,4.282085062651856347e-26,8.502499709759108871e-27,1.475034723410007926e-27,2.237363150993896367e-28,2.968963792199864545e-29,3.448403627159037918e-30,3.507128198008442248e-31,3.124305382954336733e-32,2.438649577941745226e-33,1.668196773261061232e-34,1.000323120400317441e-35,5.259077321483696809e-37,2.424521174710497969e-38,9.802842906076103522e-40,3.476506207473306584e-41,1.081553532259172800e-42,2.951963348382656500e-44,7.069214936869664451e-46,1.485470811790120737e-47,2.739187581946080504e-49,4.432749096415296243e-51,6.295708723709487290e-53,7.848022834782893562e-55,8.587011381455302292e-57,8.247268493269180565e-59,6.953173645246403702e-61,5.146096622494658752e-63,3.343570435979602447e-65,1.907195777924362290e-67,9.550934167576353255e-70,4.199279215522436339e-72,1.621039717407269183e-74,5.494313587171590067e-77,1.635099823444328091e-79,4.272633457193521201e-82,9.803393365409482016e-85,1.975126809014043502e-87,3.494291456843963071e-90,5.428454644380299944e-93,7.405479256929304830e-96,8.871489043161065087e-99,9.332809951798257427e-102
3.823883106254193476e-171,4.791094760430352783e-167,5.272442625285616505e-163,5.096048807043988109e-159,4.326109173033176554e-155,3.225529444176423167e-151,2.112231587592123452e-147,1.214832132109842276e-143,6.136522417165544389e-140,2.722429645702147274e-136,1.060757515113428816e-132,3.629922523874542260e-129,1.090930023513643968e-125,2.879460164509273995e-122,6.674766171967962905e-119,1.358838371120042665e-115,2.429417001192187881e-112,3.814471546795817906e-109,5.259688603908644615e-106,6.369041214001297426e-103,6.772846238938908596e-100,6.324787862708532673e-97,5.186715675995827895e-94,3.735119017623123818e-91,2.361975537925765919e-88,1.311590649183157560e-85,6.395371471521285676e-83,2.738229804796368048e-80,1.029442887648939430e-77,3.398238828347774057e-75,9.849523755629038683e-73,2.506547895982427803e-70,5.600479850316655653e-68,1.098629192738803826e-65,1.892086634911856529e-63,2.860758744075539900e-61,3.797143836287186847e-59,4.424381115017689540e-57,4.525331680124136027e-55,4.062860974101791663e-53,3.201671455454221759e-51,2.214433084577668972e-49,1.344203430242278531e-47,7.160731026178443192e-46,3.347420337093878079e-44,1.373065397089869856e-42,4.941563110632514832e-41,1.560233814820354337e-39,4.321382255221697841e-38,1.049816559166526129e-36,2.236689536781843102e-35,4.178650112922735292e-34,6.844348114221001886e-33,9.826782799576519185e-32,1.236456299444222508e-30,1.363089034924038838e-29,1.316191755566456215e-28,1.112787522074903947e-27,8.234241177846424407e-27,5.330121379393393123e-26,3.016408238554414635e-25,1.491279050149762280e-24,6.434846707209500715e-24,2.420534044212715673e-23,7.925095973937312670e-23,2.253812924008410206e-22,5.551479894072555486e-22,1.179489197062618447e-21,2.148232278247767710e-21,3.320647243805185784e-21,4.279551017458828406e-21,4.433684380525117329e-21,3.352751184784022230e-21,1.140635387115409933e-21,1.488418928856619783e-21,3.576472629423223865e-21,4.480074566245251524e-21,4.182589396319149292e-21,3.160915761649755989e-21,1.997952907574961999e-21,1.073617879082617640e-21,4.950613379940756497e-22,1.970375608490777317e-22,6.795361842976014530e-23,2.036273617136264134e-23,5.312310979811068108e-24,1.208379027126440268e-24,2.399355028473225870e-25,4.162460572299182721e-26,6.313706215945288761e-27,8.378239867499763720e-28,9.731190668003165489e-29,9.896907926659118435e-30,8.816604630366675586e-31,6.881724583657167709e-32,4.707552429331608859e-33,2.822852562142733918e-34,1.484080452476137697e-35,6.841855067052530441e-37,2.766304172057200792e-38,9.810494484161619244e-40,3.052079970329147228e-41,8.330265622566992938e-43,1.994890559851251828e-44,4.191910595219286451e-46,7.729825019730731441e-48,1.250895524552436593e-49,1.776611690641344383e-51,2.214665533078347882e-53,2.423203721371904340e-55,2.327330291794279808e-57,1.962144395067827755e-59,1.452197968794500141e-61,9.435357615377619435e-64,5.381993456341583357e-66,2.695217018977181401e-68,1.185011707811329594e-70,4.574478012450508175e-73,1.550462732537063346e-75,4.614154798422246935e-78,1.205711840080825495e-80,2.766459508419430573e-83,5.573690800178149188e-86,9.860683403854209817e-89,1.531877729190990377e-91,2.089782358119139256e-94,2.503481631563257549e-97,2.633663657986388751e-100
9.479425114822306529e-170,1.187714758467249510e-165,1.307041132006549934e-161,1.263313017305442866e-157,1.072444601594673008e-153,7.996103429970340951e-150,5.236232542516641390e-146,3.011574858179100222e-142,1.521246939369233341e-138,6.748916543653469739e-135,2.629623121338615508e-131,8.998595872712865106e-128,2.704420918750089873e-124,7.138195975691796085e-121,1.654677832139602214e-117,3.368567036244352244e-114,6.022536750093310352e-111,9.456093812420432022e-108,1.303879403805159432e-104,1.578888463996030364e-101,1.678991929204580946e-98,1.567918036343905931e-95,1.285789378918518691e-92,9.259378500505868032e-90,5.855349029416795161e-87,3.251439700104879217e-84,1.585415747845388328e-81,6.788085216123043314e-79,2.551994005123642702e-76,8.424250846717572800e-74,2.441701805828289945e-71,6.213744619396117452e-69,1.388361722179791440e-66,2.723507197302012003e-64,4.690492117049238624e-62,7.091835062031832835e-60,9.413138332448110874e-58,1.096806264570356131e-55,1.121831959541686042e-53,1.007185243004905453e-51,7.936959358038973634e-50,5.489590558534120391e-48,3.332286945495267698e-46,1.775148759622016724e-44,8.298271555796502957e-43,3.403835903921517393e-41,1.225015936831409212e-39,3.867827336306063118e-38,1.071272796333545233e-36,2.602500437484114847e-35,5.544764413524198656e-34,1.035889427731649380e-32,1.696717279416347216e-31,2.436064311585571881e-30,3.065181275850105064e-29,3.379104452817602610e-28,3.262845865563197332e-27,2.758605765685241885e-26,2.041272456658740524e-25,1.321339723649580552e-24,7.477690927930325977e-24,3.696888133969544347e-23,1.595201678278293320e-22,6.000515855849168945e-22,1.964635207855722781e-21,5.587213375066970010e-21,1.376214608815055621e-20,2.923959547562984437e-20,5.325478432535450961e-20,8.231900925242004326e-20,1.060902811822620922e-19,1.099112548686530481e-19,8.311486753559495201e-20,2.827640760721023397e-20,3.689797879151884607e-20,8.866093320263347765e-20,1.110612698649907132e-19,1.036865978031846851e-19,7.835925791719963788e-20,4.952935130083163949e-20,2.661504027164552792e-20,1.227259503064554502e-20,4.884570869389580372e-21,1.684573558570703647e-21,5.047932358433029968e-22,1.316924516792971279e-22,2.995577579040474249e-23,5.948012971182050831e-24,1.031876032611298089e-24,1.565170890636047314e-25,2.076969802975491965e-26,2.412366974934526771e-27,2.453448365239278204e-28,2.185640644292932856e-29,1.705982924658291546e-30,1.167004573307634811e-31,6.997865449714242025e-33,3.679042774765427108e-34,1.696099251791912846e-35,6.857681711284058557e-37,2.432026430146882262e-38,7.566121327262694573e-40,2.065076963951839863e-41,4.945343554944433408e-43,1.039176707844931536e-44,1.916227441821071060e-46,3.100976186239233680e-48,4.404229159624577377e-50,5.490166799515127631e-52,6.007133998717030421e-54,5.769463293069300413e-56,4.864165650642493685e-58,3.600005940185036568e-60,2.339029815013182320e-62,1.334198837155370200e-64,6.681456307542515688e-67,2.937649878996618546e-69,1.134015359608906859e-71,3.843604775042753041e-74,1.143851254456542632e-76,2.988965609174601116e-79,6.858066790890375019e-82,1.381720703413575468e-84,2.444468288137321697e-87,3.797532459917281135e-90,5.180580791724943246e-93,6.206143334748369892e-96,6.528865221502794020e-99
2.064376450345352505e-168,2.586539106969220379e-164,2.846401442982057113e-160,2.751172788170687226e-156,2.335510173892596927e-152,1.741346908215530126e-148,1.140317584491269124e-144,6.558440137849963666e-141,3.312886930118097517e-137,1.469741488466919327e-133,5.726646900229399984e-130,1.959664133720154653e-126,5.889537381081864592e-123,1.554516596911197844e-119,3.603465303222816142e-116,7.335877837313329018e-113,1.311554539186868990e-109,2.059295489142441363e-106,2.839516007248571654e-103,3.438415434812323803e-100,3.656415190780798406e-97,3.414524647955404783e-94,2.800120557725747921e-91,2.016455923197106738e-88,1.275145327745933805e-85,7.080804442577417516e-83,3.452630190348114565e-80,1.478271423990395765e-77,5.557590530845728811e-75,1.834586470077478887e-72,5.317402316765654842e-70,1.353194724929094573e-67,3.023496898928352229e-65,5.931102416393855196e-63,1.021469271572826972e-60,1.544420375123345923e-58,2.049940883753273475e-56,2.388563647841755104e-54,2.443063213718998321e-52,2.193391974311686300e-50,1.728466841355878425e-48,1.195492483331922144e-46,7.256869074599606330e-45,3.865820185121419208e-43,1.807151401150966962e-41,7.412684414699555442e-40,2.667771537471956851e-38,8.423139135924168908e-37,2.332958281603573597e-35,5.667580628656717017e-34,1.207507938439357423e-32,2.255902350478135119e-31,3.695016472090879801e-30,5.305125295518664028e-29,6.675181211158351641e-28,7.358825636742679975e-27,7.105644154983688576e-26,6.007538125453309766e-25,4.445369563260789673e-24,2.877540120173353394e-23,1.628449918386517138e-22,8.050877253512207778e-22,3.473941445076735852e-21,1.306758951380522013e-20,4.278473227531235717e-20,1.216752237064618020e-19,2.997043591405901524e-19,6.367636390009658444e-19,1.159753057783243568e-18,1.792697574569624079e-18,2.310375106407094330e-18,2.393586145049669654e-18,1.810029333383266721e-18,6.157878696019108917e-19,8.035436491127623920e-19,1.930808465198697291e-18,2.418630531676273731e-18,2.258029027375200143e-18,1.706464313514803228e-18,1.078622650506943493e-18,5.796075362823798461e-19,2.672657451164928936e-19,1.063734662247295822e-19,3.668570552605670589e-20,1.099310618256152547e-20,2.867924928378698646e-21,6.523602153559789509e-22,1.295325165326433497e-22,2.247162201923120208e-23,3.408542066905337393e-24,4.523109257581421984e-25,5.253518554473838632e-26,5.342983320178233687e-27,4.759766568483294040e-28,3.715194678683159928e-29,2.541437618210851520e-30,1.523956195876313293e-31,8.012014623297203314e-33,3.693670565922297103e-34,1.493427761415232610e-35,5.296331822021714468e-37,1.647707798654447879e-38,4.497209694569875376e-40,1.076969399518887716e-41,2.263061206178054364e-43,4.173053488461221425e-45,6.753133375087657783e-47,9.591285177023682499e-49,1.195617973886267568e-50,1.308200213706173983e-52,1.256441610021320648e-54,1.059290927259426763e-56,7.839892603190230307e-59,5.093808968666953365e-61,2.905543981982342995e-63,1.455050373648868363e-65,6.397450431967137639e-68,2.469595544402831511e-70,8.370388589945446599e-73,2.491015608853485432e-75,6.509202973528047817e-78,1.493511621909721792e-80,3.009034457820477164e-83,5.323427007990342617e-86,8.270054865896164440e-89,1.128198055895390521e-91,1.351539359458251856e-94,1.421819936071005783e-97
3.949347019906174765e-167,4.948293472477236132e-163,5.445434651427546007e-159,5.263253245498992496e-155,4.468051427190069200e-151,3.331361012880040695e-147,2.181535181388573922e-143,1.254691507904232257e-139,6.337865423025365646e-136,2.811754206234045004e-132,1.095561609690840680e-128,3.749022473701232089e-125,1.126724096310492317e-121,2.973936991182459086e-118,6.893769280424359928e-115,1.403422678570196272e-111,2.509127639931209876e-108,3.939626661500062855e-105,5.432262162907599211e-102,6.578013301986584320e-99,6.995067413619478991e-96,6.532307971516852419e-93,5.356894949167460875e-90,3.857670527930573410e-87,2.439473381532971093e-84,1.354624730347407014e-81,6.605207471154533596e-79,2.828072778089417997e-76,1.063219530390816515e-73,3.509737096231071376e-71,1.017269257739010295e-68,2.588789245953859036e-66,5.784234975885484388e-64,1.134675879926448491e-61,1.954167139882954618e-59,2.954621965851795174e-57,3.921730418346316599e-55,4.569547730930904229e-53,4.673810545035159959e-51,4.196165895899142235e-49,3.306720229140126461e-47,2.287089971201076336e-45,1.388307556445581198e-43,7.395678934939433990e-42,3.457251219593033653e-40,1.418116501852635944e-38,5.103698780106642483e-37,1.611426028385560867e-35,4.463169416352233765e-34,1.084261674372682928e-32,2.310076671041369985e-31,4.315754146279928765e-30,7.068915308600436391e-29,1.014920547683657709e-27,1.277025177225948164e-26,1.407812809220213999e-25,1.359376801809411472e-24,1.149298752597652306e-23,8.504411602888902700e-23,5.505005880282677543e-22,3.115378414228130993e-21,1.540208816249533815e-20,6.645977913161749234e-20,2.499953227770028234e-19,8.185123158173012532e-19,2.327761886943836336e-18,5.733627301489103285e-18,1.218188949817332130e-17,2.218717076441369988e-17,3.429599684947425195e-17,4.419965670423406797e-17,4.579156242197102192e-17,3.462756975614966023e-17,1.178060322905011837e-17,1.537254852649581237e-17,3.693818855946711131e-17,4.627068517922104815e-17,4.319822679939874170e-17,3.264627316413423432e-17,2.063506948877334215e-17,1.108843929967180399e-17,5.113045994215590694e-18,2.035024821958063111e-18,7.018321768216837115e-19,2.103084984057098387e-19,5.486611110737923219e-20,1.248026672650073440e-20,2.478079315736316711e-21,4.299033417053739101e-22,6.520862729232088088e-23,8.653134976500601770e-24,1.005047690970553919e-24,1.022163145167995257e-25,9.105882751930573755e-27,7.107518122568357162e-28,4.862010067050051990e-29,2.915472059200522912e-30,1.532774028238504259e-31,7.066340463049276297e-33,2.857068282292589569e-34,1.013238273196106843e-35,3.152220557063005130e-37,8.603586667623822359e-39,2.060344123674615052e-40,4.329449713007590290e-42,7.983445246050493603e-44,1.291938162028415191e-45,1.834903392965120511e-47,2.287330046477440882e-49,2.502710498648775098e-51,2.403691403956107404e-53,2.026523537452204112e-55,1.499845461017153320e-57,9.744937395992327771e-60,5.558579911397516660e-62,2.783648716795530195e-64,1.223892657478284488e-66,4.724569398198770014e-69,1.601334350991920621e-71,4.765548003477023765e-74,1.245271973586694696e-76,2.857228715334011561e-79,5.756566960837484412e-82,1.018421838041164391e-84,1.582139562464025163e-87,2.158349379141229509e-90,2.585622375546905664e-93,2.720075752863480149e-96
6.637296200678480930e-166,8.316131577998318018e-162,9.151630013974302926e-158,8.845454854556965525e-154,7.509033927038714821e-150,5.598705224539756890e-146,3.666301061439979203e-142,2.108642045497980979e-138,1.065145450137150273e-134,4.725450920421355435e-131,1.841207387691895367e-127,6.300629571302287595e-124,1.893579248913962551e-120,4.998016277916612023e-117,1.158570984587766699e-113,2.358600539650634170e-110,4.216854904770671883e-107,6.620960108257720555e-104,9.129492251053860656e-101,1.105504846173921174e-97,1.175595209382209688e-94,1.097823581024333275e-91,9.002829661291357540e-89,6.483224140458346324e-86,4.099793541893828158e-83,2.276590416279387638e-80,1.110075114493431543e-77,4.752876009792010225e-75,1.786853095962677822e-72,5.898485136094113371e-70,1.709628793172042105e-67,4.350734675863145102e-65,9.721019863733873480e-63,1.906943063974221237e-60,3.284184972265116140e-58,4.965555330931190060e-56,6.590883575076070482e-54,7.679609221589038585e-52,7.854833929987198985e-50,7.052101478520960666e-48,5.557293776149315532e-46,3.843697071934212690e-44,2.333197975089156210e-42,1.242922221038341486e-40,5.810277058192079196e-39,2.383295066861350393e-37,8.577306666611259631e-36,2.708172212259019120e-34,7.500829190454295558e-33,1.822216648873885971e-31,3.882328657040398089e-30,7.253082206703007895e-29,1.188006130740229287e-27,1.705681537017592299e-26,2.146176143612585379e-25,2.365978619454371860e-24,2.284576775973343780e-23,1.931518351162977565e-22,1.429256495728549480e-21,9.251745777150808419e-21,5.235723578660800518e-20,2.588484139989564357e-19,1.116927019339758361e-18,4.201436332870466200e-18,1.375596688920540006e-17,3.912050536560157071e-17,9.635968303738576483e-17,2.047295628258864820e-16,3.728789176444282579e-16,5.763805723837696341e-16,7.428220716880835801e-16,7.695757343029192671e-16,5.819530064666188093e-16,1.979855218090898887e-16,2.583519691112965077e-16,6.207854041438725456e-16,7.776278999917441366e-16,7.259919808680430433e-16,5.486552175496092914e-16,3.467942108611910607e-16,1.863529734515810369e-16,8.593015650498111373e-17,3.420074875919546252e-17,1.179503350111913848e-17,3.534457191031499887e-18,9.220831417535496504e-19,2.097441083544624744e-19,4.164674905600980335e-20,7.224981249249338550e-21,1.095900086766904595e-21,1.454251034765755351e-22,1.689089155031785658e-23,1.717853489628089182e-24,1.530340096440983201e-25,1.194493742722650607e-26,8.171123171258505716e-28,4.899759763874993451e-29,2.575989190833400890e-30,1.187573400658577364e-31,4.801606027415145860e-33,1.702854296461978950e-34,5.297640704054304358e-36,1.445923916368965949e-37,3.462626645677957514e-39,7.276099057979579434e-41,1.341702578498521885e-42,2.171238994983645688e-44,3.083749606544045975e-46,3.844100543876940280e-48,4.206070218785633744e-50,4.039658136565310985e-52,3.405787566380168977e-54,2.520649243998102446e-56,1.637740001784972741e-58,9.341782613965438792e-61,4.678216666926238970e-63,2.056881313436503980e-65,7.940139561919443591e-68,2.691212078928507493e-70,8.009008450814854587e-73,2.092811519838270969e-75,4.801875652145443518e-78,9.674520832313608225e-81,1.711565826515356704e-83,2.658953202631681555e-86,3.627334863636508579e-89,4.345412414534047348e-92,4.571375563870148807e-95
9.799109398369261792e-165,1.227769269898011513e-160,1.351119807959467938e-156,1.305917005621652363e-152,1.108611740419193307e-148,8.265764149398363780e-145,5.412819332175531771e-141,3.113137256662383283e-137,1.572549495381286036e-133,6.976517112661042091e-130,2.718304573364414158e-126,9.302064663240477972e-123,2.795624852887089200e-119,7.378924610465443800e-116,1.710480213704190187e-112,3.482168644625425433e-109,6.225640875372564673e-106,9.774991270756868129e-103,1.347851453585856307e-99,1.632134923702602287e-96,1.735614279766572271e-93,1.620794529173982305e-90,1.329151360411783608e-87,9.571641928532208928e-85,6.052814913342290825e-82,3.361091304335787380e-79,1.638882333776503053e-76,7.017006710063027816e-74,2.638057491597740828e-71,8.708350416442264291e-69,2.524045796416054974e-66,6.423297041904424351e-64,1.435182855010855406e-61,2.815354797400062744e-59,4.848674347910105177e-57,7.331000220612369735e-55,9.730587159494924469e-53,1.133794976505414930e-50,1.159664638412557560e-48,1.041151574181147688e-46,8.204625501841823206e-45,5.674721597963129766e-43,3.444665043518097559e-41,1.835013904663394913e-39,8.578122597908092324e-38,3.518626920157817293e-36,1.266328393795530343e-34,3.998266006998073660e-33,1.107400417179371227e-31,2.690267203687548359e-30,5.731756136915321997e-29,1.070823779290822429e-27,1.753937399971249240e-26,2.518218183228016628e-25,3.168551498015654011e-24,3.493061425203528114e-23,3.372882131500406202e-22,2.851637030463193661e-21,2.110112361497812807e-20,1.365900605534491691e-19,7.729868695880071473e-19,3.821562048280270156e-18,1.648998285082725168e-17,6.202877348141294624e-17,2.030890596895336187e-16,5.775636647916507833e-16,1.422626092201799848e-15,3.022567205914551924e-15,5.505074952011082579e-15,8.509513683153379003e-15,1.096680715145852033e-14,1.136179037782545552e-14,8.591783465220866382e-15,2.923000162780366626e-15,3.814232681595568967e-15,9.165093592621462235e-15,1.148067018986522431e-14,1.071833262788178490e-14,8.100184677921821438e-15,5.119967993296159659e-15,2.751260631364347110e-15,1.268647622092315747e-15,5.049298215185699979e-16,1.741384144089416231e-16,5.218168909686675834e-17,1.361336500171796539e-17,3.096600485026233549e-18,6.148603855356691700e-19,1.066675036369642932e-19,1.617954738680148881e-20,2.147013565691046834e-21,2.493721677218676299e-22,2.536188496984009047e-23,2.259349224191824260e-24,1.763515519980686354e-25,1.206360654124913603e-26,7.233861575596345040e-28,3.803114871897734116e-29,1.753298529972913474e-30,7.088950278536891482e-32,2.514044128211756126e-33,7.821281323408031999e-35,2.134719652373955723e-36,5.112120399755278050e-38,1.074221919691140640e-39,1.980850326588909696e-41,3.205553556533375845e-43,4.552757453948595477e-45,5.675317272104096762e-47,6.209718681365609150e-49,5.964032765053293098e-51,5.028204850516396322e-53,3.721412597848136849e-55,2.417911293748140580e-57,1.379193379989985291e-59,6.906781846473038496e-62,3.036719230303504117e-64,1.172258911658004945e-66,3.973226563693872779e-69,1.182426512380127378e-71,3.089765532984097881e-74,7.089348344574173892e-77,1.428317874422346196e-79,2.526905575618689173e-82,3.925600505078382589e-85,5.355290780856815491e-88,6.415439411413935475e-91,6.749044776215909759e-94
1.270900401372996689e-163,1.592361503960814355e-159,1.752341602109150043e-155,1.693715601215885396e-151,1.437819549295026261e-147,1.072032421320498855e-143,7.020183143341886974e-140,4.037598957389724837e-136,2.039525944255997579e-132,9.048228811633033669e-129,3.525518731239852713e-125,1.206435935502252628e-121,3.625799655031928208e-118,9.570133231396384894e-115,2.218415880221042522e-111,4.516216064327283379e-108,8.074376114863490899e-105,1.267772388732190487e-101,1.748102693534568253e-98,2.116805563955725423e-95,2.251013633085902487e-92,2.102097582472690296e-89,1.723849514031755454e-86,1.241398893943451296e-83,7.850228617797671846e-81,4.359184201414471656e-78,2.125556651245936991e-75,9.100741997775311057e-73,3.421441876618659061e-70,1.129433868897474528e-67,3.273573837518174133e-65,8.330727270021456295e-63,1.861367592018029183e-60,3.651388505385487290e-58,6.288512480439922235e-56,9.507977453940458874e-54,1.262013375281987629e-51,1.470481073468572348e-49,1.504032861049014012e-47,1.350326748813281879e-45,1.064103013804309774e-43,7.359858598710460482e-42,4.467575581030999986e-40,2.379930474447014912e-38,1.112543906747410198e-36,4.563500807382853288e-35,1.642370952826012236e-33,5.185571123364440394e-32,1.436248517551372693e-30,3.489155524211463767e-29,7.433829829665820204e-28,1.388810263845534600e-26,2.274777895608428443e-25,3.266015685405985842e-24,4.109468735258186659e-23,4.530343510654634887e-22,4.374476373760120858e-21,3.698444929278785367e-20,2.736720795887500103e-19,1.771511631554777070e-18,1.002529192069688495e-17,4.956394039071495848e-17,2.138676584959523644e-16,8.044852844208213249e-16,2.633973731498191814e-15,7.490740878187368580e-15,1.845082035601806705e-14,3.920133676445956825e-14,7.139834531557898871e-14,1.103645639184501168e-13,1.422345546308944158e-13,1.473573093683506997e-13,1.114315659775437872e-13,3.790999701152184369e-14,4.946888180241059067e-14,1.188671403895012582e-13,1.488991270446913190e-13,1.390119518524052932e-13,1.050557508836089604e-13,6.640368132616130624e-14,3.568261255725438752e-14,1.645378887581528350e-14,6.548712609941331815e-15,2.258496887518968245e-15,6.767730302976612770e-16,1.765592192245000279e-16,4.016151508590573889e-17,7.974462565905526871e-18,1.383429530934926307e-18,2.098414501968444646e-19,2.784579997486688324e-20,3.234244819245280720e-21,3.289322373837829572e-22,2.930274292421063322e-23,2.287200286327664957e-24,1.564595492507750405e-25,9.381993001761346137e-27,4.932468881269921672e-28,2.273949309964771424e-29,9.194049569239849827e-31,3.260602123845908249e-32,1.014384998581765560e-33,2.768635345036659706e-35,6.630190156868116467e-37,1.393217499057538328e-38,2.569073752293685410e-40,4.157458740380734434e-42,5.904721582696493886e-44,7.360631161271073938e-46,8.053725745597680912e-48,7.735082165904111119e-50,6.521355464985964334e-52,4.826504707729284631e-54,3.135922162701559171e-56,1.788751761962122863e-58,8.957785308873494381e-61,3.938488215358546308e-63,1.520367066813957468e-65,5.153096091960351835e-68,1.533553987495285060e-70,4.007286883306177079e-73,9.194565842982601136e-76,1.852464021060038229e-78,3.277282842478435356e-81,5.091327236700608843e-84,6.945571200571780244e-87,8.320536276801326113e-90,8.753207425566573459e-93
1.447991228874172806e-162,1.814245623372089102e-158,1.996517797227972101e-154,1.929722684892098148e-150,1.638169359167571622e-146,1.221412426547216203e-142,7.998395158005764413e-139,4.600209323795748221e-135,2.323719211320150299e-131,1.030903439949891506e-127,4.016774402266246842e-124,1.374544103470753289e-120,4.131028751322508673e-117,1.090366244533637534e-113,2.527536172845803229e-110,5.145518281197779289e-107,9.199482335771054750e-104,1.444427350175851524e-100,1.991688227240459033e-97,2.411767190039831013e-94,2.564676188049896498e-91,2.395009757152981490e-88,1.964055541661855722e-85,1.414378898631081444e-82,8.944101497605541577e-80,4.966605157947129294e-77,2.421737678384064456e-74,1.036886492032629190e-71,3.898195186731705807e-69,1.286812352872774708e-66,3.729722800211988144e-64,9.491554180095516485e-62,2.120735774449100115e-59,4.160183223877162110e-57,7.164771452195683336e-55,1.083284570747431228e-52,1.437865859634608519e-50,1.675382031752956834e-48,1.713609019546003062e-46,1.538485066401522154e-44,1.212378113140937440e-42,8.385401944301432606e-41,5.090100096497535672e-39,2.711556663768419983e-37,1.267568896010449442e-35,5.199391813010392185e-34,1.871223529145609759e-32,5.908143152069842663e-31,1.636379415453105937e-29,3.975344243952723106e-28,8.469680534108115480e-27,1.582330982385344313e-25,2.591751829584199060e-24,3.721111473979217944e-23,4.682093638147826088e-22,5.161614285532425171e-21,4.984028184490102593e-20,4.213796621894353396e-19,3.118063149591782774e-18,2.018359032359351328e-17,1.142224422338297165e-16,5.647031889884500738e-16,2.436685780470237353e-15,9.165845209752066250e-15,3.000999020988506919e-14,8.534521727795990484e-14,2.102180942910902185e-13,4.466376101051453560e-13,8.134719106341298026e-13,1.257430718881583954e-12,1.620539165192282861e-12,1.678904902738470726e-12,1.269587530076193587e-12,4.319248235362271655e-13,5.636201458014833042e-13,1.354304212190028609e-12,1.696471491509520922e-12,1.583822672283525883e-12,1.196945139507907513e-12,7.565655658095562340e-13,4.065472790032275754e-13,1.874650597968139309e-13,7.461228597747101814e-14,2.573202180150026519e-14,7.710764830593856665e-15,2.011614761768236742e-15,4.575773327309933819e-16,9.085646552590980768e-17,1.576200483054633475e-17,2.390813465878212872e-18,3.172591186614209295e-19,3.684913566191838182e-20,3.747665781764734530e-21,3.338586933355748442e-22,2.605905191077516128e-23,1.782610617983452356e-24,1.068930622827130057e-25,5.619772933471025188e-27,2.590807786492034939e-28,1.047517423057768395e-29,3.714943571562832051e-31,1.155732250191113830e-32,3.154424761557856292e-34,7.554059454651949994e-36,1.587352334116690232e-37,2.927055696601572547e-39,4.736770705221119614e-41,6.727502054017336134e-43,8.386282157896702627e-45,9.175954486115826890e-47,8.812910216056083514e-49,7.430059431461939894e-51,5.499043414702361333e-53,3.572890354835831324e-55,2.038001450904708075e-57,1.020598824531795324e-59,4.487288212909738882e-62,1.732219279367792656e-64,5.871142958679765484e-67,1.747243702574250261e-69,4.565673480267252173e-72,1.047576244335217927e-74,2.110591554933293427e-77,3.733948628328190700e-80,5.800767057832388777e-83,7.913386577803962335e-86,9.479943145286129750e-89,9.972903905800597989e-92
1.449271824478306061e-161,1.815850132379493895e-157,1.998283506759718460e-153,1.931429321188089308e-149,1.639618147280610319e-145,1.222492637085154027e-141,8.005468895384296062e-138,4.604277724018535729e-134,2.325774296010485339e-130,1.031815165371070751e-126,4.020326815804389271e-123,1.375759742834785919e-119,4.134682210788527106e-116,1.091330558537463414e-112,2.529771512154354163e-109,5.150068949709562062e-106,9.207618308144194742e-103,1.445704793905265633e-99,1.993449665525903696e-96,2.413900143886632693e-93,2.566944373786838979e-90,2.397127890816920854e-87,1.965792541750569332e-84,1.415629767672978537e-81,8.952011612553399383e-79,4.970997596660006396e-76,2.423879450076851686e-73,1.037803508833040540e-70,3.901642729451226427e-68,1.287950402751208539e-65,3.733021346864780862e-63,9.499948459227614893e-61,2.122611341686904257e-58,4.163862467399928568e-56,7.171107937281699363e-54,1.084242621757469440e-51,1.439137500417022752e-49,1.676863730552447469e-47,1.715124526086338290e-45,1.539845694265462035e-43,1.213450333781427759e-41,8.392817948388334264e-40,5.094601753466880500e-38,2.713954749803398880e-36,1.268689927080130804e-34,5.203990126983052076e-33,1.872878429104202024e-31,5.913368281889957494e-30,1.637826620549646230e-28,3.978860016881217262e-27,8.477171073723126302e-26,1.583730387340858476e-24,2.594043960871912888e-23,3.724402404821166466e-22,4.686234456413696125e-21,5.166179189263524315e-20,4.988436032034000200e-19,4.217523280814758074e-18,3.120820747761172873e-17,2.020144058161258103e-16,1.143234599434020898e-15,5.652026094317883388e-15,2.438840772183264403e-14,9.173951433636548868e-14,3.003653088276852039e-13,8.542069612610649090e-13,2.104040100357109831e-12,4.470326139896642520e-12,8.141913407881929339e-12,1.258542783802302007e-11,1.621972361257253011e-11,1.680389717145774231e-11,1.270710346414922873e-11,4.323068155118884253e-12,5.641186084073337549e-12,1.355501951503832473e-11,1.697971841712793271e-11,1.585223396480913815e-11,1.198003711309661398e-11,7.572346683003086567e-12,4.069068272159453256e-12,1.876308528808977764e-12,7.467827267927788061e-13,2.575477906228194472e-13,7.717584189269043993e-14,2.013393822973726935e-14,4.579820116469290825e-15,9.093681849216301743e-16,1.577594466229745451e-16,2.392927888364832944e-17,3.175397009083871211e-18,3.688172483802193164e-19,3.750980197093667821e-20,3.341539561567206202e-21,2.608209839521522188e-22,1.784187149163653777e-23,1.069875979283205229e-24,5.624743030230246478e-26,2.593099082873441547e-27,1.048443841796020302e-28,3.718229047546782415e-30,1.156754373536655766e-31,3.157214517739986974e-33,7.560740223940049542e-35,1.588756179927896229e-36,2.929644368815148644e-38,4.740959879590439567e-40,6.733451820414760206e-42,8.393698940438220902e-44,9.184069650588181152e-46,8.820704306142724636e-48,7.436630535800597202e-50,5.503906738928559343e-52,3.576050199724433659e-54,2.039803848355814371e-56,1.021501436607242928e-58,4.491256746315845086e-61,1.733751244721586729e-63,5.876335365729069012e-66,1.748788955446174455e-68,4.569711337177117008e-71,1.048502715094698176e-73,2.112458150679849427e-76,3.737250912282293303e-79,5.805897224814761438e-82,7.920385134051135874e-85,9.488327155682384221e-88,9.981723888029214939e-91
1.274275316675782691e-160,1.596590069159195870e-156,1.756994999403129816e-152,1.698213315351616997e-148,1.441637723554531128e-144,1.074879236555034592e-140,7.038825456691315908e-137,4.048320926232604282e-133,2.044941968448827893e-129,9.072256662943932731e-126,3.534880855213697120e-122,1.209639663423148187e-118,3.635428078097627256e-115,9.595547016027290777e-112,2.224306952168150681e-108,4.528209015694458575e-105,8.095817870237122333e-102,1.271138997500712511e-98,1.752744834275790526e-95,2.122426806566946383e-92,2.256991269373428090e-89,2.107679767583999830e-86,1.728427249705076999e-83,1.244695467081287502e-80,7.871075142563842233e-78,4.370760149815400974e-75,2.131201132639976315e-72,9.124909299478751679e-70,3.430527621287963316e-67,1.132433115450162307e-64,3.282266914038655124e-62,8.352849773810032210e-60,1.866310511198497905e-57,3.661084880436230229e-55,6.305211819725577359e-53,9.533226181987790234e-51,1.265364690812249884e-48,1.474385981415683235e-46,1.508026866805198438e-44,1.353912583236955940e-42,1.066928772251557915e-40,7.379402930733520582e-39,4.479439366092767827e-37,2.386250453391060082e-35,1.115498301483275285e-33,4.575619324846836975e-32,1.646732319661008811e-30,5.199341567782981179e-29,1.440062519888179277e-27,3.498421084564363194e-26,7.453570594579033077e-25,1.392498292433025936e-23,2.280818638629665069e-22,3.274688691019882460e-21,4.120381556520550949e-20,4.542373977892227228e-19,4.386092930998158334e-18,3.708266264117338098e-17,2.743988242559354451e-16,1.776215935454541890e-15,1.005191439330296345e-14,4.969555896658203792e-14,2.144355906742590722e-13,8.066216199623979529e-13,2.640968330165360886e-12,7.510632772148297527e-12,1.849981707983417856e-11,3.930543712605597980e-11,7.158794582866044317e-11,1.106576404296354810e-10,1.426122628875662573e-10,1.477486212585897190e-10,1.117274759456527363e-10,3.801066818049117568e-11,4.960024794725162582e-11,1.191827957551949485e-10,1.492945332794312868e-10,1.393811023877820812e-10,1.053347296776347549e-10,6.658001835462245038e-11,3.577736883794537051e-11,1.649748242080562347e-11,6.566102918715276923e-12,2.264494395819969086e-12,6.785702220003932222e-13,1.770280776890686533e-13,4.026816523071620267e-14,7.995638997762891523e-15,1.387103270819696098e-15,2.103986906546021694e-16,2.791974535749304124e-17,3.242833456341424590e-18,3.298057271082343777e-19,2.938055726387205849e-20,2.293274017391164578e-21,1.568750324203334259e-22,9.406907174200009415e-24,4.945567204858764081e-25,2.279987852650986667e-26,9.218464652084646868e-28,3.269260753580063149e-29,1.017078729302657875e-30,2.775987541781348290e-32,6.647796831786637697e-34,1.396917231194375502e-35,2.575896007060767842e-37,4.168499000584690223e-39,5.920401753390039285e-41,7.380177544856578194e-43,8.075112663277265932e-45,7.755622915707691145e-47,6.538673126015827062e-49,4.839321640180866816e-51,3.144249700943911399e-53,1.793501847561098761e-55,8.981572984667825406e-58,3.948946992564756749e-60,1.524404448558505029e-62,5.166780297927350586e-65,1.537626387515344629e-67,4.017928357499872276e-70,9.218982296807320703e-73,1.857383296532594538e-75,3.285985768376233770e-78,5.104847413564252532e-81,6.964015379601127482e-84,8.342631718094706416e-87,8.776451838472239523e-90
9.842517506811830790e-160,1.233208043917521685e-155,1.357105000364052264e-151,1.311701958589567774e-147,1.113522670248880012e-143,8.302379842924292300e-140,5.436797046781945057e-136,3.126927836412037445e-132,1.579515577322614708e-128,7.007421697870406523e-125,2.730346122744418984e-121,9.343270962224024711e-118,2.808008915749811920e-114,7.411611780968086350e-111,1.718057301333930662e-107,3.497593960130671537e-104,6.253219227981409533e-101,9.818292540683911883e-98,1.353822167829651650e-94,1.639364957257724988e-91,1.743302706317114970e-88,1.627974327033651351e-85,1.335039236956826335e-82,9.614042401260235093e-80,6.079627681264169353e-77,3.375980271270606549e-74,1.646142257018157286e-71,7.048090656147071842e-69,2.649743562343244073e-66,8.746926679231623836e-64,2.535226817995735244e-61,6.451750972076491871e-59,1.441540430018376010e-56,2.827826259998194225e-54,4.870153012280546184e-52,7.363475095587418241e-50,9.773691728026896715e-48,1.138817463069346158e-45,1.164801722440768053e-43,1.045763668872586419e-41,8.240970363300330114e-40,5.699859487589778418e-38,3.459924225519037626e-36,1.843142651810932401e-34,8.616121977325262547e-33,3.534213738582823989e-31,1.271937977075826875e-29,4.015977531316190476e-28,1.112305981087426472e-26,2.702184553088939113e-25,5.757146678223573255e-24,1.075567315957598487e-22,1.761706994305187062e-21,2.529373389639015749e-20,3.182587551849128933e-19,3.508534993562845044e-18,3.387823329457856218e-17,2.864269216146586095e-16,2.119459740171915646e-15,1.371951273937113256e-14,7.764110478982153688e-14,3.838490809156686819e-13,1.656303019979574139e-12,6.230354862845614461e-12,2.039887038886234518e-11,5.801221571171812299e-11,1.428928043244048820e-10,3.035956578328030989e-10,5.529461340690442926e-10,8.547209138702856921e-10,1.101538792903621592e-09,1.141212085264425772e-09,8.629843359574014109e-10,2.935948472967174186e-10,3.831128974828848750e-10,9.205693136961476728e-10,1.153152727864046628e-09,1.076581271266912814e-09,8.136066887271977375e-10,5.142648434634166943e-10,2.763448169536450385e-10,1.274267479093221377e-10,5.071665603442378259e-11,1.749098129993008082e-11,5.241284361581393869e-12,1.367366950493734248e-12,3.110317810162174299e-13,6.175840949266595950e-14,1.071400194929387463e-14,1.625121956831956210e-15,2.156524409370245811e-16,2.504768368972945474e-17,2.547423308315886671e-18,2.269357692527341396e-19,1.771327543483978529e-20,1.211704592228479082e-21,7.265906145665495809e-23,3.819961915446991288e-24,1.761065294240048084e-25,7.120352920339171527e-27,2.525180844387153587e-28,7.855928046293036830e-30,2.144176036460048968e-31,5.134766077812530648e-33,1.078980509445103140e-34,1.989625100120452601e-36,3.219753522136162366e-38,4.572925265250517442e-40,5.700457800449826009e-42,6.237226501817384435e-44,5.990452245691353563e-46,5.050478799356982695e-48,3.737897716550749223e-50,2.428622160559884347e-52,1.385302932742213193e-54,6.937377518302071928e-57,3.050171293373620034e-59,1.177451785815052891e-61,3.990827168252127568e-64,1.187664426988972132e-66,3.103452580639606254e-69,7.120752749731409375e-72,1.434645038929082122e-74,2.538099265452186894e-77,3.942990135655820883e-80,5.379013655406421786e-83,6.443858533841726336e-86,6.778941704152698318e-89
6.678495302432791478e-159,8.367751566126820309e-155,9.208436117653548990e-151,8.900360464245133831e-147,7.555644089289451756e-143,5.633457572373116237e-139,3.689058567797546123e-135,2.121730832793319321e-131,1.071757033296437659e-127,4.754782794035038041e-124,1.852636151486471967e-120,6.339738912060656082e-117,1.905333095931314871e-113,5.029040022370170998e-110,1.165762479804840842e-106,2.373240872203352283e-103,4.243029815313071348e-100,6.662057808428342610e-97,9.186160940957928702e-94,1.112366948642554630e-90,1.182892377564350480e-87,1.104638004255040891e-84,9.058712129702856865e-82,6.523466884334864052e-79,4.125241827789512740e-76,2.290721694645261555e-73,1.116965585585185453e-70,4.782378116737674837e-68,1.797944471168484811e-65,5.935098281260432709e-63,1.720240820792809647e-60,4.377740606470518669e-58,9.781360290676612873e-56,1.918779863019357931e-53,3.304570603214069042e-51,4.996377583418654325e-49,6.631794583842029378e-47,7.727278180781639454e-45,7.903590546015337693e-43,7.095875364391018444e-41,5.591789074358538193e-39,3.867555712859633509e-37,2.347680628548499278e-35,1.250637302225787700e-33,5.846342677156903484e-32,2.398088683568669311e-30,8.630547823771015834e-29,2.724982410140868391e-27,7.547388424167841543e-26,1.833527533135284392e-24,3.906427092388396747e-23,7.298103622473105244e-22,1.195380336136968436e-20,1.716269063184744413e-19,2.159497912996656489e-18,2.380664749308997139e-17,2.298757627363885540e-16,1.943507694214915689e-15,1.438128193181580526e-14,9.309173320555427611e-14,5.268222822620824144e-13,2.604551408685648306e-12,1.123860021654158742e-11,4.227515537076221229e-11,1.384135308600336922e-10,3.936333461903814805e-10,9.695780797655550981e-10,2.060003625364230617e-09,3.751934559752291599e-09,5.799582885396529990e-09,7.474329254439042780e-09,7.743526537029973611e-09,5.855653119002605036e-09,1.992144598298997707e-09,2.599556144423631465e-09,6.246387504847375588e-09,7.824548008876330000e-09,7.304983666897298615e-09,5.520608365626001273e-09,3.489468358983219749e-09,1.875097057839687551e-09,8.646354316643293051e-10,3.441304004250300622e-10,1.186824776950042844e-10,3.556396314591271930e-11,9.278067068970417774e-12,2.110460344099871421e-12,4.190525923849439819e-13,7.269828236432406416e-14,1.102702570462081312e-14,1.463277878610617914e-15,1.699573688773079360e-16,1.728516569680075249e-17,1.539839241189284758e-18,1.201908218099533453e-19,8.221843061525914429e-21,4.930173609358241419e-22,2.591978900735654735e-23,1.194944920008018463e-24,4.831410611891138622e-26,1.713424273348381649e-27,5.330524280712392921e-29,1.454899072028341121e-30,3.484119901846205703e-32,7.321263344216994944e-34,1.350030810263404526e-35,2.184716334788684492e-37,3.102891092771906647e-39,3.867961689239361551e-41,4.232178186501197133e-43,4.064733149278480609e-45,3.426928010357972905e-47,2.536295447142554816e-49,1.647905800467796148e-51,9.399769035067432047e-54,4.707255347537393311e-56,2.069648810917775506e-58,7.989425688054170714e-61,2.707917001674889376e-63,8.058722060713356246e-66,2.105802043711798141e-68,4.831681910236835373e-71,9.734572629931752614e-74,1.722189877711073105e-76,2.675457887707894414e-79,3.649850498561287324e-82,4.372385308739104647e-85,4.599751059148549569e-88
3.980893483695431534e-158,4.987819287771721650e-154,5.488931514624149966e-150,5.305294886074038655e-146,4.503741180925622161e-142,3.357971148435017094e-138,2.198960776114836569e-134,1.264713691323389995e-130,6.388490815287400227e-127,2.834213843688301305e-123,1.104312700560698189e-119,3.778968791691621135e-116,1.135724105862729876e-112,2.997692106933842117e-109,6.948835103172624312e-106,1.414632891925931637e-102,2.529169966886520588e-99,3.971095481330136892e-96,5.475653807335438442e-93,6.630556939549493675e-90,7.050942382251447096e-87,6.584486525549364744e-84,5.399684577852670361e-81,3.888484701260846820e-78,2.458959326501277422e-75,1.365445157062773584e-72,6.657968329405720980e-70,2.850662764493386114e-67,1.071712280266755532e-64,3.537772058379019268e-62,1.025394967544049911e-59,2.609467891256819659e-57,5.830438097133746326e-55,1.143739406473418130e-52,1.969776571671264058e-50,2.978222797681448683e-48,3.953056287156057190e-46,4.606048213490677120e-44,4.711143854660511297e-42,4.229683891359477525e-40,3.333133539857234432e-38,2.305358712993916372e-36,1.399397033727421297e-34,7.454753895063199427e-33,3.484866936788456024e-31,1.429444086045090639e-29,5.144465936789841408e-28,1.624297724033880549e-26,4.498820173721031027e-25,1.092922503992151120e-23,2.328529025236825988e-22,4.350227384821034765e-21,7.125380157012365072e-20,1.023027496539630368e-18,1.287225756791499555e-17,1.419058089916696463e-16,1.370235186964288143e-15,1.158479083244095977e-14,8.572342861226392919e-14,5.548978584575557917e-13,3.140263331110787982e-12,1.552511645401425618e-11,6.699064436204219702e-11,2.519922271658706508e-10,8.250504014805923776e-10,2.346355506522185917e-09,5.779426180426883625e-09,1.227919559307827484e-08,2.236439671482170016e-08,3.456994528126299126e-08,4.455271326335806103e-08,4.615733475302086789e-08,3.490416671510962975e-08,1.187470394275791418e-08,1.549534086228518826e-08,3.723324220298162982e-08,4.664028463125863337e-08,4.354328416980509801e-08,3.290704398751374729e-08,2.079989761582643483e-08,1.117701116916490213e-08,5.153887814266676842e-09,2.051280126070497456e-09,7.074382487217537150e-10,2.119883936886203177e-10,5.530436881897699087e-11,1.257995618917886591e-11,2.497873635911831215e-12,4.333373094304271707e-13,6.572949861337476105e-14,8.722254202492892871e-15,1.013075777747728216e-15,1.030327946205582098e-16,9.178618421661729511e-18,7.164291321263700185e-19,4.900846670607578693e-20,2.938760170697488579e-21,1.545017470036617957e-22,7.122784744197228140e-24,2.879889878027873301e-25,1.021331784435488572e-26,3.177399760397961844e-28,8.672310113271366904e-30,2.076801672469708459e-31,4.364032348543506257e-33,8.047215146513741486e-35,1.302257863042200495e-36,1.849560173731508317e-38,2.305600705935653840e-40,2.522701566974796185e-42,2.422891530825752891e-44,2.042710935284825289e-46,1.511825877092182610e-48,9.822777685321814765e-51,5.602980552567306314e-53,2.805883854148474357e-55,1.233668826856477442e-57,4.762308157716142789e-60,1.614125436672706479e-62,4.803614090545387062e-65,1.255218915960212102e-67,2.880051592571292705e-70,5.802549076427429178e-73,1.026556754388827274e-75,1.594777324646906536e-78,2.175589771081040969e-81,2.606275724626941776e-84,2.741803084194114772e-87
2.084548449603770129e-157,2.611813404657224346e-153,2.874214978535312680e-149,2.778055799471009944e-145,2.358331549077295745e-141,1.758362432944700984e-137,1.151460167262385357e-133,6.622525760205783809e-130,3.345258716129500973e-126,1.484103028102522085e-122,5.782604677215917588e-119,1.978812939377929736e-115,5.947086838042223438e-112,1.569706514251582441e-108,3.638676468034206161e-105,7.407560171354507380e-102,1.324370359280146219e-98,2.079417839924448677e-95,2.867262261951379168e-92,3.472013819249312618e-89,3.692143754000596419e-86,3.447889584207648863e-83,2.827481860846830958e-80,2.036159668306038141e-77,1.287605376203082393e-74,7.149994333764360510e-72,3.486367473889322725e-69,1.492716313663247119e-66,5.611896378040103866e-64,1.852513082690603529e-61,5.369361171252962732e-59,1.366417430983308969e-56,3.053040917991742203e-54,5.989058024988730573e-52,1.031450531233701626e-49,1.559511637502817222e-47,2.069971826258915447e-45,2.411903433627892816e-43,2.466935540555110197e-41,2.214824645311492402e-39,1.745356508856017920e-37,1.207174206151239010e-35,7.327779376626518565e-34,3.903594943641407253e-32,1.824809932722123048e-30,7.485117262153950716e-29,2.693839595682524616e-27,8.505445614653564606e-26,2.355754721041068778e-24,5.722961241150098469e-23,1.219307069956776322e-21,2.277945839946034655e-20,3.731122226698982924e-19,5.356964185422063083e-18,6.740407565788980667e-17,7.430732204589126086e-16,7.175076766755335046e-15,6.066240623532263491e-14,4.488807373025457914e-13,2.905657926477505703e-12,1.644362273199640360e-11,8.129546185217294741e-11,3.507886970972592261e-10,1.319527911515758312e-09,4.320280214217158462e-09,1.228641698998588570e-08,3.026329122683106356e-08,6.429857578647938814e-08,1.171085553761858810e-07,1.810214870960215176e-07,2.332950874951318621e-07,2.416975008030867447e-07,1.827715986591786830e-07,6.218050242930828588e-08,8.113954543836383740e-08,1.949675308466039167e-07,2.442264115213465701e-07,2.280093297612221994e-07,1.723138983903071085e-07,1.089162382881374844e-07,5.852711558174619749e-08,2.698773251950445459e-08,1.074128917042378950e-08,3.704417891619565690e-09,1.110052502553724801e-09,2.895948780093781247e-10,6.587347357481265052e-11,1.307982400526942180e-11,2.269120287262796763e-12,3.441848544526948866e-13,4.567306698691026633e-14,5.304853170486565096e-15,5.395192138756119807e-16,4.806276500173463722e-17,3.751497604097186123e-18,2.566271207908776940e-19,1.538847493075314425e-20,8.090303809850733789e-22,3.729763169044299046e-23,1.508020750834134281e-24,5.348084786734536926e-26,1.663808331329760651e-27,4.541154058791213250e-29,1.087492977195253077e-30,2.285174648212946367e-32,4.213830368987107220e-34,6.819121437202728013e-36,9.685006163546890499e-38,1.207300922932776419e-39,1.320983257097272900e-41,1.268718895601375944e-43,1.069641760217025010e-45,7.916499904030953345e-48,5.143582986734870565e-50,2.933935427273300272e-52,1.469268359449912714e-54,6.459962947717911861e-57,2.493727131199096035e-59,8.452179618127722784e-62,2.515356501235971548e-64,6.572807476249880772e-67,1.508105430768837762e-69,3.038437157526818312e-72,5.375444732585630353e-75,8.350865485779986323e-78,1.139222213017086210e-80,1.364745890153169516e-83,1.435713211540163690e-86
9.588991494376697214e-157,1.201442764591275720e-152,1.322148352437721503e-148,1.277914813498444628e-144,1.084840276527375305e-140,8.088525079255339542e-137,5.296754677059379745e-133,3.046383651960311292e-129,1.538830022471363717e-125,6.826922787984500785e-122,2.660017188649248839e-118,9.102604666379056291e-115,2.735679524127782459e-111,7.220701642454877048e-108,1.673803154318831777e-104,3.407502065530077490e-101,6.092147252783692348e-98,9.565390520947741103e-95,1.318950079919643902e-91,1.597137787201755680e-88,1.698398281885323035e-85,1.586040559662289457e-82,1.300650964448752196e-79,9.366401507382616308e-77,5.923027120274280438e-74,3.289020932297155639e-71,1.603740515589964130e-68,6.866544185126797532e-66,2.581490809033848786e-63,8.521621167655378647e-61,2.469923815452501443e-58,6.285565166864480678e-56,1.404408873307011507e-53,2.754986408297594034e-51,4.744706400445217142e-49,7.173804873780002622e-47,9.521938547110655445e-45,1.109483519786664102e-42,1.134798470146463296e-40,1.018826628350656716e-38,8.028697400275877484e-37,5.553041090129972943e-35,3.370802637305805201e-33,1.795666525246832540e-31,8.394185765774666683e-30,3.443178582626354878e-28,1.239175082504171708e-26,3.912532983838282074e-25,1.083654927147686802e-23,2.632581011704591263e-22,5.608852663066328599e-21,1.047862585686065590e-19,1.716328507649081742e-18,2.464221161157403924e-17,3.100609670611744049e-16,3.418161277103709096e-15,3.300558934046530653e-14,2.790490657723341485e-13,2.064866169363170525e-12,1.336612212005073728e-11,7.564120591385285654e-11,3.739618008784144984e-10,1.613639555093788639e-09,6.069871833647030153e-09,1.987343121496434627e-08,5.651792263967654069e-08,1.392121359526087777e-07,2.957755654153561297e-07,5.387032101052387852e-07,8.327048001181781758e-07,1.073165082873215074e-06,1.111816460708052717e-06,8.407553709250423050e-07,2.860323582424997672e-07,3.732445802419282962e-07,8.968570604936604643e-07,1.123449533267580373e-06,1.048850423282366557e-06,7.926496054060761616e-07,5.010182817977412218e-07,2.692266584692052549e-07,1.241444580630060397e-07,4.941028380196236180e-08,1.704044425597957207e-08,5.106278056201981515e-09,1.332145972704834936e-09,3.030201470894923265e-10,6.016762103003565245e-11,1.043802802397070275e-11,1.583261661521207451e-12,2.100976117599547855e-13,2.440249922730103090e-14,2.481806145542592627e-15,2.210903013003107425e-16,1.725701248331036949e-17,1.180493204155821327e-18,7.078749129123327446e-20,3.721566386923798931e-21,1.715703336653338555e-22,6.936945099954302182e-24,2.460136608528843284e-25,7.653573098976393990e-27,2.088945817147717945e-28,5.002503496861780335e-30,1.051187861287211346e-31,1.938375842242873777e-33,3.136818310598960463e-35,4.455134719603984599e-37,5.553623991497733731e-39,6.076566471233225446e-41,5.836148687737436132e-43,4.920387311076296564e-45,3.641616018060794548e-47,2.366065107281022007e-49,1.349619955464496822e-51,6.758682823804893004e-54,2.971604223036796941e-56,1.147122690044282562e-58,3.888030450075630002e-61,1.157072271468106389e-63,3.023513077660483809e-66,6.937334630443385871e-69,1.397691095415058506e-71,2.472722273693376540e-74,3.841425615656644682e-77,5.240459684640710865e-80,6.277876024016510790e-83,6.604328038738327739e-86
3.874925676544460660e-156,4.855048020580121728e-152,5.342821090271211787e-148,5.164072703750121811e-144,4.383855637925568496e-140,3.268584974066556350e-136,2.140426416325944059e-132,1.231048149381048114e-128,6.218434930731584426e-125,2.758769618103446276e-121,1.074916888849508983e-117,3.678376038384451543e-114,1.105492150770282767e-110,2.917896236889442600e-107,6.763863357218226491e-104,1.376976635586747303e-100,2.461845735178493635e-97,3.865388488197155434e-94,5.329896823619673734e-91,6.454057472295091298e-88,6.863252632285520893e-85,6.409213411315022682e-82,5.255949826755848980e-79,3.784976732856075953e-76,2.393504038946368005e-73,1.329098234023930821e-70,6.480739195583422748e-68,2.774780683418496633e-65,1.043184262448441359e-62,3.443599745363810699e-60,9.980998749676167207e-58,2.540006200960043668e-55,5.675237074444553962e-53,1.113294091281736852e-50,1.917342889450549166e-48,2.898945183153838748e-46,3.847829481161271693e-44,4.483439349220733993e-42,4.585737438865584590e-40,4.117093507129769398e-38,3.244408520308466820e-36,2.243992135738949880e-34,1.362146342241911701e-32,7.256315045506980363e-31,3.392102910567422541e-29,1.391393569028335498e-27,5.007524876568150932e-26,1.581060378277053253e-24,4.379065623510962755e-23,1.063829889078214181e-21,2.266545675091322706e-20,4.234428241119743540e-19,6.935708940374992565e-18,9.957954239138373037e-17,1.252960963896860435e-15,1.381284038783629472e-14,1.333760757633767744e-13,1.127641411102268568e-12,8.344154797699612017e-12,5.401269761181556024e-11,3.056672343199082590e-10,1.511185180547874046e-09,6.520741360951360506e-09,2.452844205286648436e-08,8.030883012155086914e-08,2.283897631464422916e-07,5.625583049119409413e-07,1.195233444094951324e-06,2.176907657178828561e-06,3.364972440376653474e-06,4.336676007307498602e-06,4.492866798065002845e-06,3.397504916337942132e-06,1.155860999486847326e-06,1.508286881325444223e-06,3.624212675476220016e-06,4.539876216713895941e-06,4.238420107488506065e-06,3.203108804810934993e-06,2.024622303288591083e-06,1.087948917593642710e-06,5.016695952133867948e-07,1.996676892474013519e-07,6.886068782721714067e-08,2.063454531495746510e-08,5.383221621966152199e-09,1.224508906025835405e-09,2.431382484409766246e-10,4.218022596670243050e-11,6.397983842735747892e-12,8.490075633778398117e-13,9.861086109331819209e-14,1.002901542169928197e-14,8.934291847538787043e-16,6.973584324401040021e-17,4.770390536325864160e-18,2.860533015837121058e-19,1.503890493396550289e-20,6.933182615115922920e-22,2.803229797455562119e-23,9.941448501421838863e-25,3.092820234110560363e-26,8.441461011327919547e-28,2.021519078242908822e-29,4.247865729113638122e-31,7.833005510853844920e-33,1.267592928987312726e-34,1.800326543993411170e-36,2.244227687045292576e-38,2.455549518258785295e-40,2.358396335579267380e-42,1.988335805846617172e-44,1.471582430829209033e-46,9.561304170466731396e-49,5.453834245313853444e-51,2.731193747427210871e-53,1.200829671308258993e-55,4.635539794152222371e-58,1.571158868064041465e-60,4.675746200168533975e-63,1.221806116405940405e-65,2.803387207303529525e-68,5.648090434406796119e-71,9.992307360908514174e-74,1.552325785393408596e-76,2.117677526444490003e-79,2.536899006937567449e-82,2.668818749983188070e-85
1.375571990245032770e-155,1.723508687877660062e-151,1.896664776089719081e-147,1.833210327069378243e-143,1.556238629635782127e-139,1.160325207081811608e-135,7.598366707523528809e-132,4.370136343985437413e-128,2.207501673039514321e-124,9.793442586971757010e-121,3.815881097006714956e-117,1.305798219206715566e-113,3.924421175973206007e-110,1.035833114994284920e-106,2.401125016759367364e-103,4.888172443152621182e-100,8.739383204466888677e-97,1.372186353912532383e-93,1.892076750231694695e-90,2.291146056312481605e-87,2.436407526496493163e-84,2.275226722791723673e-81,1.865826074441200254e-78,1.343640733282133683e-75,8.496774878655941492e-73,4.718207407367365939e-70,2.300617884748573604e-67,9.850280768706623119e-65,3.703232453655190238e-62,1.222454248351317064e-59,3.543185975883535531e-57,9.016847487525292327e-55,2.014670166414356672e-52,3.952117528710583492e-50,6.806435515367088580e-48,1.029105621132386142e-45,1.365953027063941993e-43,1.591590162898343450e-41,1.627905281823801558e-39,1.461539906148013142e-37,1.151742732115699621e-35,7.966017895352779158e-34,4.835525920780890074e-32,2.575941982426389031e-30,1.204173225837510769e-28,4.939351566271147248e-27,1.777636924072556944e-25,5.612655706943972164e-24,1.554538207431700448e-22,3.776523009614069365e-21,8.046081410384516455e-20,1.503192930497809162e-18,2.462129018015064457e-17,3.535005332984244908e-16,4.447925329870553182e-15,4.903463428536459397e-14,4.734759045817220847e-13,4.003049528258097342e-12,2.962117619820245639e-11,1.917413652657501584e-10,1.085097679192462767e-09,5.364603556186858264e-09,2.314818378595543165e-08,8.707428391855553276e-08,2.850908288467019755e-07,8.107679663240654686e-07,1.997043328600664252e-06,4.242996601079226937e-06,7.727872605895976833e-06,1.194542095335504074e-05,1.539490184941975058e-05,1.594936842461494586e-05,1.206090900768416393e-05,4.103227128036089633e-06,5.354314793091716207e-06,1.286570597535102028e-05,1.611624863076142541e-05,1.504610015630458708e-05,1.137081616887686188e-05,7.187270063235308426e-06,3.862143903605894059e-06,1.780892592883191500e-06,7.088065774995202400e-07,2.444507103129516516e-07,7.325121805177242252e-08,1.911006687246070916e-08,4.346922479393160040e-09,8.631240757395146357e-10,1.497369039442934838e-10,2.271240303105845030e-11,3.013918513993525583e-12,3.500617812491185388e-13,3.560231564525996107e-14,3.171612217633130803e-15,2.475574519099483019e-16,1.693455862655803841e-17,1.015469565668067359e-18,5.338707918023504022e-20,2.461232189906680221e-21,9.951273168776691116e-23,3.529145909506641284e-24,1.097929932090839951e-25,2.996660657058872087e-27,7.176253827548606820e-29,1.507963146405751215e-30,2.780663135137146106e-32,4.499867800567055139e-34,6.391035529281139675e-36,7.966854086308127338e-38,8.717032067023111242e-40,8.372144943983407431e-42,7.058455490591404448e-44,5.224016515823388225e-46,3.394197284019570980e-48,1.936073683348911525e-50,9.695550140830026899e-53,4.262862823164682996e-55,1.645584775754516916e-57,5.577506026028648658e-60,1.659857773628879502e-62,4.337327761951880590e-65,9.951831962918847324e-68,2.005033295727888609e-70,3.547200455169114874e-73,5.510649876584263277e-76,7.517609711537716998e-79,9.005817162242313037e-82,9.474123185741868600e-85
4.289757821969655509e-155,5.374807663638783353e-151,5.914799528184549671e-147,5.716915141940766298e-143,4.853171540040298453e-139,3.618505006211725272e-135,2.369570858446205258e-131,1.362838637136895391e-127,6.884152655104235715e-124,3.054111107191495362e-120,1.189992664845972842e-116,4.072166462008574535e-113,1.223841177031825049e-109,3.230273107342538722e-106,7.487972200086815679e-103,1.524389571891211425e-99,2.725399886477980335e-96,4.279199625056958470e-93,5.900491647571274995e-90,7.144999888077898180e-87,7.598001644706803220e-84,7.095355023268605196e-81,5.818628217228955224e-78,4.190179348219724966e-75,2.649741835085399450e-72,1.471385523619530689e-69,7.174538036868605211e-67,3.071836245272192207e-64,1.154862885934022087e-61,3.812256073148070224e-59,1.104951966347650961e-56,2.811927860803941470e-54,6.282802475154820748e-52,1.232478358265376414e-49,2.122605010776167450e-47,3.209293238879290769e-45,4.259760829564415595e-43,4.963416236359337582e-41,5.076665900186418526e-39,4.557851053220137525e-37,3.591740329860947767e-35,2.484223858793449354e-33,1.507971613925410740e-31,8.033143555129806391e-30,3.755246218427582944e-28,1.540349917498403135e-26,5.543608007243764021e-25,1.750321603786076625e-23,4.847868728188613636e-22,1.177718740656889841e-20,2.509191878808924383e-19,4.687747117025836146e-18,7.678214799828521859e-17,1.102400811110720669e-15,1.387097339191209632e-14,1.529158106335228115e-13,1.476547196073471984e-12,1.248361637730081863e-11,9.237442547048205868e-11,5.979505451381894508e-10,3.383905960521543524e-09,1.672965881111038097e-08,7.218822654458689983e-08,2.715434693210829717e-07,8.890633290659202869e-07,2.528401457725204093e-06,6.227832712812420620e-06,1.323189770302502996e-05,2.409957617152832209e-05,3.725211281908500857e-05,4.800941069993836657e-05,4.973852945550430449e-05,3.761226538683513920e-05,1.279602288547544708e-05,1.669757302986615843e-05,4.012204612649679369e-05,5.025894981498021247e-05,4.692166334686106305e-05,3.546019252247990805e-05,2.241369277000237852e-05,1.204419844076361299e-05,5.553760896983542163e-06,2.210432155972324271e-06,7.623260389769484242e-07,2.284358709211806231e-07,5.959525159413988800e-08,1.355599331747995947e-08,2.691675376854759510e-09,4.669585157940097504e-10,7.082923267495272775e-11,9.398985012685735640e-12,1.091676971423783899e-12,1.110267678482593699e-13,9.890757019865744114e-15,7.720144952416790508e-16,5.281087129213227718e-17,3.166768837392100537e-18,1.664890257504728111e-19,7.675418017528890946e-21,3.103330993728217592e-22,1.100573534321675371e-23,3.423923682338492042e-25,9.345165927024734696e-27,2.237933834614052637e-28,4.702623162153822360e-30,8.671571912490570785e-32,1.403295736770375814e-33,1.993061420749961951e-35,2.484484627165906794e-37,2.718429624843785239e-39,2.610875658621111293e-41,2.201198110060119813e-43,1.629123438814548890e-45,1.058489446694828688e-47,6.037697253182367007e-50,3.023583087608346420e-52,1.329385104475353067e-54,5.131799872030558156e-57,1.739360082345356077e-59,5.176310595357111686e-62,1.352607193606069674e-64,3.103505255167096505e-67,6.252749637717384437e-70,1.106203892385355832e-72,1.718510814399703093e-75,2.344386574551275790e-78,2.808488024540030535e-81,2.954530502986901005e-84
1.175199855113712367e-154,1.472454495035366773e-150,1.620387872003425005e-146,1.566176489521081112e-142,1.329549761874085558e-138,9.913069071760377219e-135,6.491553707919607093e-131,3.733562208814180113e-127,1.885946838636269288e-123,8.366884751140770556e-120,3.260042327218462916e-116,1.115589652088389016e-112,3.352771959676864541e-109,8.849489051073725479e-106,2.051366116654048523e-102,4.176138790048058092e-99,7.466364500375531857e-96,1.172307386122592003e-92,1.616468159068164655e-89,1.957407196801564791e-86,2.081509213943937716e-83,1.943806746530864767e-80,1.594041277302317142e-77,1.147919851724858875e-74,7.259095617785394571e-72,4.030931642151913114e-69,1.965499315196079931e-66,8.415443622224066074e-64,3.163802602737890351e-61,1.044385946888784509e-58,3.027069230130898045e-56,7.703412061360368254e-54,1.721204055086285315e-51,3.376433934444970984e-49,5.814978851145436274e-47,8.792013689056647882e-45,1.166982034297250799e-42,1.359751828405566545e-40,1.390777120285840171e-38,1.248645289471473753e-36,9.839745949393931025e-35,6.805651134833775201e-33,4.131161001969058410e-31,2.200718440036429130e-29,1.028767822092920537e-27,4.219862926988627130e-26,1.518698163695116210e-24,4.795090493541531120e-23,1.328097030979570634e-21,3.226417319636989615e-20,6.874052230473138126e-19,1.284230942951165026e-17,2.103483994849395493e-16,3.020080217255954361e-15,3.800020093671363772e-14,4.189202420258178806e-13,4.045072292911001126e-12,3.419946944969065825e-11,2.530641960093486613e-10,1.638114371895077473e-09,9.270373665752603043e-09,4.583170758552886808e-08,1.977631299875756319e-07,7.439064372560878530e-07,2.435631890813301005e-06,6.926677798851964621e-06,1.706144823441732052e-05,3.624942224906375562e-05,6.602195182218127678e-05,1.020539606302935803e-04,1.315240972572535166e-04,1.362611015249953761e-04,1.030406159684450762e-04,3.505532215371254257e-05,4.574380703954022964e-05,1.099162814116351472e-04,1.376868182121175621e-04,1.285441608953660081e-04,9.714490851047904996e-05,6.140339289313449800e-05,3.299566280888727512e-05,1.521479596831138391e-05,6.055585553418614368e-06,2.088428969036721988e-06,6.258110913267909265e-07,1.632640674497626136e-07,3.713729782375935615e-08,7.373974578922914120e-09,1.279255386620823190e-09,1.940401007048607778e-10,2.574897298061660886e-11,2.990701740965740518e-12,3.041631880028575647e-13,2.709620612423682763e-14,2.114970962480744649e-15,1.446779302390956487e-16,8.675516039211256964e-18,4.561047198002480994e-19,2.102717802843079167e-20,8.501725005366036619e-22,3.015074304319023405e-23,9.380004145684597111e-25,2.560153299846148335e-26,6.130927729121748063e-28,1.288306307296791924e-29,2.375618969205821855e-31,3.844396385475959626e-33,5.460087935274985237e-35,6.806365522373224687e-37,7.447269132287205634e-39,7.152619851913036342e-41,6.030288439062191408e-43,4.463062272309643739e-45,2.899782915540856206e-47,1.654056296796874883e-49,8.283251768397444236e-52,3.641914641822657643e-54,1.405881337915455481e-56,4.765060876618224544e-59,1.418075265352857855e-61,3.705532675553791144e-64,8.502202402986689011e-67,1.712970935253419738e-69,3.030498941921595665e-72,4.707943301021119752e-75,6.422560146947911828e-78,7.693988463930570838e-81,8.094078880765480876e-84
2.828265574330054028e-154,3.543646078541352468e-150,3.899666269961454475e-146,3.769199791306106157e-142,3.199727947978132594e-138,2.385704173601438150e-134,1.562273667422052189e-130,8.985284859303426507e-127,4.538767168428081622e-123,2.013595560199317170e-119,7.845699984398528525e-116,2.684806158161965037e-112,8.068865453710752037e-109,2.129740326690227177e-105,4.936869369778003465e-102,1.005040080810262501e-98,1.796874088260679288e-95,2.821304485594719033e-92,3.890232990074299366e-89,4.710745466458492359e-86,5.009412507013400021e-83,4.678014280244825121e-80,3.836259891487892501e-77,2.762612830996711492e-74,1.746992236870676836e-71,9.700941628243316442e-69,4.730220162424144496e-66,2.025281860432842819e-63,7.614087039206896356e-61,2.513445527623614054e-58,7.285021060408690679e-56,1.853922551404508885e-53,4.142293035703194621e-51,8.125810958226061250e-49,1.399447458114048930e-46,2.115908161288351178e-44,2.808488359748427046e-42,3.272413002075747667e-40,3.347079251034713072e-38,3.005021206729345012e-36,2.368058046273811790e-34,1.637865145387592641e-32,9.942156130335011704e-31,5.296304433381520684e-29,2.475858555072943180e-27,1.015562841746555909e-25,3.654937256404710960e-24,1.153998556898044203e-22,3.196231769213277028e-21,7.764777194146394976e-20,1.654326725364663724e-18,3.090662536787498810e-17,5.062297568281161115e-16,7.268201125972218849e-15,9.145224079057138759e-14,1.008184006963594277e-12,9.734972874556040404e-12,8.230530465437950790e-11,6.090306687448752244e-10,3.942327311125847183e-09,2.231031478257439519e-08,1.102997419654759351e-07,4.759417302357253925e-07,1.790303970732056945e-06,5.861653061436759848e-06,1.666991727213376368e-05,4.106051109489198409e-05,8.723877269917624383e-05,1.588900923329885501e-04,2.456056323685909537e-04,3.165292055209920075e-04,3.279293993157655907e-04,2.479801419590088596e-04,8.436502133059298192e-05,1.100881982973450635e-04,2.645272916109858707e-04,3.313605650084733290e-04,3.093576156085464657e-04,2.337913838791651211e-04,1.477749520739091160e-04,7.940819326900713099e-05,3.661631123453744016e-05,1.457352473165920374e-05,5.026065763928146135e-06,1.506092736423983805e-06,3.929154173087964476e-07,8.937555642262560323e-08,1.774639297035458975e-08,3.078688237590072009e-09,4.669817941816952503e-10,6.196812698583148653e-11,7.197498144895109900e-12,7.320067900483310089e-13,6.521041220577060166e-14,5.089942393936478627e-15,3.481855513171427679e-16,2.087871543421358636e-17,1.097673107843950261e-18,5.060453631298555385e-20,2.046046555440561257e-21,7.256153769800364256e-23,2.257415425714517650e-24,6.161329421081407507e-26,1.475484510955962619e-27,3.100470411279151312e-29,5.717224452586628464e-31,9.252021180746158269e-33,1.314038516338841651e-34,1.638037071692095270e-36,1.792278548875401734e-38,1.721367510846065530e-40,1.451264405902189185e-42,1.074091808804954690e-44,6.978690609403388732e-47,3.980693549168455557e-49,1.993468235902922617e-51,8.764723515998969311e-54,3.383429441654364909e-56,1.146771553645088714e-58,3.412775654587066184e-61,8.917828278501251251e-64,2.046161447154541844e-66,4.122479002122663652e-69,7.293275091197929248e-72,1.133025494024338202e-74,1.545669503245369748e-77,1.851654644709024916e-80,1.947941412243047563e-83
5.979407461562608687e-154,7.491836691533625258e-150,8.244520530120469846e-146,7.968693449723325308e-142,6.764738552402904209e-138,5.043761613543961769e-134,3.302897333534826212e-130,1.899633465102597353e-126,9.595682427957227661e-123,4.257064268115310913e-119,1.658706928149452899e-115,5.676111225430835664e-112,1.705887690962887793e-108,4.502612949851504750e-105,1.043733439120129183e-101,2.124816075586431346e-98,3.798880284915827303e-95,5.964690602472362844e-92,8.224577062061961331e-89,9.959272158635982759e-86,1.059070222907415285e-82,9.890073176458335898e-80,8.110469267045868746e-77,5.840607022549905822e-74,3.693422043263059969e-71,2.050934794898388065e-68,1.000044479229267815e-65,4.281770982876562497e-63,1.609740233322259349e-60,5.313827342985199123e-58,1.540170402722957019e-55,3.919489894314276792e-53,8.757472463144219771e-51,1.717926884796293824e-48,2.958656587647822666e-46,4.473369531636527483e-44,5.937595254986302390e-42,6.918406425307005434e-40,7.076262862200400028e-38,6.353097244031446701e-36,5.006454867539200351e-34,3.462709853080351497e-32,2.101931412993153223e-30,1.119723781779463415e-28,5.234362448964863607e-27,2.147062881483986328e-25,7.727124107735615654e-24,2.439738207180522673e-22,6.757347069232753427e-21,1.641598551190766246e-19,3.497512275822185243e-18,6.534156764260998506e-17,1.070250973853143177e-15,1.536614398563192898e-14,1.933447183753915493e-13,2.131462840186677692e-12,2.058129546692528316e-11,1.740066269741828142e-10,1.287588604855466718e-09,8.334712819761943010e-09,4.716758705104665227e-08,2.331913615547939273e-07,1.006217223329063093e-06,3.784990001723072869e-06,1.239247557610840059e-05,3.524288122914542680e-05,8.680851213006997302e-05,1.844367704183641488e-04,3.359191627147657677e-04,5.192497352848116088e-04,6.691935546902366694e-04,6.932953945097547477e-04,5.242698297524273077e-04,1.783611986856670217e-04,2.327441242800376564e-04,5.592531605239370318e-04,7.005494296085656991e-04,6.540316623196151813e-04,4.942725173702061658e-04,3.124199718309017548e-04,1.678816684158798700e-04,7.741276017280643990e-05,3.081077085286183272e-05,1.062590988763241614e-05,3.184121826363154272e-06,8.306862691191694897e-07,1.889542742396698257e-07,3.751872366790041551e-08,6.508841173455064013e-09,9.872744801217685806e-10,1.310105685410455134e-10,1.521666653328654759e-11,1.547579867341189723e-12,1.378652799983210402e-13,1.076095533794731261e-14,7.361201516751049054e-16,4.414095620588757737e-17,2.320657165638099275e-18,1.069861135973265785e-19,4.325670881596652096e-21,1.534067394065463655e-22,4.772538605592890552e-24,1.302603950913285553e-25,3.119411124012953187e-27,6.554892185449013914e-29,1.208713031106032500e-30,1.956025805524462887e-32,2.778088373556267491e-34,3.463073332887774027e-36,3.789164576907655738e-38,3.639247258765318394e-40,3.068205933738400336e-42,2.270802513830656331e-44,1.475407227684906547e-46,8.415825206132641597e-49,4.214511873399827553e-51,1.853003256333189317e-53,7.153113000671498149e-56,2.424459162112153800e-58,7.215155605924336353e-61,1.885372061003007516e-63,4.325913781124076449e-66,8.715582415298295557e-69,1.541915437338369709e-71,2.395397785341327506e-74,3.267793464904424473e-77,3.914695175480053484e-80,4.118260859505838270e-83
1.110518031094734481e-153,1.391412073093382687e-149,1.531203345027908370e-145,1.479975702788903001e-141,1.256372673442886904e-137,9.367463669917892811e-134,6.134265087843356214e-130,3.528070680964896800e-126,1.782146211878538563e-122,7.906379787063339316e-119,3.080612859807435177e-115,1.054188713992280938e-111,3.168238746087870989e-108,8.362422029262933204e-105,1.938460978366882277e-101,3.946288290047674224e-98,7.055423269761722820e-95,1.107784760702062324e-91,1.527499369170203048e-88,1.849673463439342138e-85,1.966945029745328248e-82,1.836821568341751746e-79,1.506306840534477787e-76,1.084739491793314019e-73,6.859562259058257666e-71,3.809073198264965395e-68,1.857320199735447821e-65,7.952266026473954379e-63,2.989670073455653716e-60,9.869039894747457326e-58,2.860462368850511510e-55,7.279423970201136195e-53,1.626470706279027966e-50,3.190598389443065225e-48,5.494928234145925182e-46,8.308110053656620185e-44,1.102752510912355257e-41,1.284912448454838979e-39,1.314230139316580618e-37,1.179921102241096935e-35,9.298176178834390432e-34,6.431074906693871973e-32,3.903786034416615946e-30,2.079593099324904442e-28,9.721454706385407810e-27,3.987605894245575908e-25,1.435110536505272529e-23,4.531173511157203688e-22,1.254999899402637136e-20,3.048838538994997677e-19,6.495711274475361313e-18,1.213548156963139236e-16,1.987710340700002081e-15,2.853858024250379475e-14,3.590870790342589692e-13,3.958632911123331274e-12,3.822435561756649095e-11,3.231716487411220359e-10,2.391357958988093736e-09,1.547954196104268818e-08,8.760141575923328521e-08,4.330917626317244858e-07,1.868784452118676660e-06,7.029625713663638451e-06,2.301577148845822349e-05,6.545440384233625411e-05,1.612240319674752842e-04,3.425429032276570973e-04,6.238816966113100437e-04,9.643701276117466747e-04,1.242851425585500547e-03,1.287614268516396043e-03,9.736936357686021282e-04,3.312591230174022350e-04,4.322611367528206294e-04,1.038665992744158828e-03,1.301086735190026822e-03,1.214692189120347710e-03,9.179814995762536345e-04,5.802381159380823328e-04,3.117961454618678463e-04,1.437738882344918520e-04,5.722292184298259296e-05,1.973483928442633806e-05,5.913670751005623569e-06,1.542781765534042096e-06,3.509329811431616909e-07,6.968118397132569091e-08,1.208846450274373786e-08,1.833603277352902603e-09,2.433177527439984392e-10,2.826096509896535789e-11,2.874223505070433630e-12,2.560485805395464600e-13,1.998565077127767453e-14,1.367150017359417626e-15,8.198024317881023222e-17,4.310011724400783606e-18,1.986986319134768704e-19,8.033798568627516744e-21,2.849127631752124283e-22,8.863738103946422689e-24,2.419245024132577163e-25,5.793487602045355175e-27,1.217399217333335490e-28,2.244867278389549333e-30,3.632804655453874896e-32,5.159570159151401058e-34,6.431749975056976819e-36,7.037378891624604941e-38,6.758946812791783564e-40,5.698387397801865196e-42,4.217419790965966381e-44,2.740181765641858542e-46,1.563018693412270478e-48,7.827349880000511858e-51,3.441467304349514872e-53,1.328503035922623519e-55,4.502796694299265969e-58,1.340025821796021542e-60,3.501583865165408141e-63,8.034249690761698099e-66,1.618690729123202970e-68,2.863703312736266027e-71,4.448822812905215508e-74,6.069068863425055390e-77,7.270519038143017995e-80,7.648588878801750258e-83
1.811851431538064812e-153,2.270140498311757067e-149,2.498215152733545391e-145,2.414635350941795008e-141,2.049818700087915948e-137,1.528336504675238517e-133,1.000828142329804264e-129,5.756178409433148859e-126,2.907637764349647346e-122,1.289955240200587032e-118,5.026134347908236012e-115,1.719948057642292238e-111,5.169099237313314097e-108,1.364360226543009010e-104,3.162671114103684305e-101,6.438515978471877627e-98,1.151118522481141983e-94,1.807391999331531173e-91,2.492171978492034486e-88,3.017810984399222909e-85,3.209143902316915058e-82,2.996842640006315636e-79,2.457595580566559651e-76,1.769792786807864044e-73,1.119163070819027332e-70,6.214644457691582617e-68,3.030286918797511934e-65,1.297441750660671300e-62,4.877757812790424687e-60,1.610170529475515766e-57,4.666950641722253440e-55,1.187665069083055630e-52,2.653647392489108083e-50,5.205579826270198720e-48,8.965179590484837428e-46,1.355499025914397515e-43,1.799181696814727673e-41,2.096382403479661568e-39,2.144215305485677470e-37,1.925085120941244088e-35,1.517031993051832406e-33,1.049253767139004023e-31,6.369171969142457800e-30,3.392933413529598905e-28,1.586091457608570734e-26,6.505927184969750724e-25,2.341436165083365430e-23,7.392777949445031996e-22,2.047578968232679426e-20,4.974293362855936015e-19,1.059799430713782733e-17,1.979948910209467376e-16,3.243023278721545778e-15,4.656175408108453128e-14,5.858639121362694657e-13,6.458656686449656694e-12,6.236445650237120593e-11,5.272665530940443862e-10,3.901589366397953775e-09,2.525544788680173015e-08,1.429249648397580653e-07,7.066053032367901852e-07,3.048991272540968228e-06,1.146909555347058046e-05,3.755108638641671721e-05,1.067912919750545545e-04,2.630429987981637574e-04,5.588714745715442356e-04,1.017886169755705117e-03,1.573405696549956545e-03,2.027758281795993822e-03,2.100790523302364932e-03,1.588617346543697018e-03,5.404615678842872306e-04,7.052501062514981989e-04,1.694622161144299088e-03,2.122771353280261675e-03,1.981815441183004678e-03,1.497720926235651673e-03,9.466800462114427495e-04,5.087069968114123208e-04,2.345724408982976378e-04,9.336132323379490311e-05,3.219812358509245576e-05,9.648373566066277638e-06,2.517105776011623617e-06,5.725601984430135475e-07,1.136874408110722020e-07,1.972277901044215899e-08,2.991591878674541198e-09,3.969819546227801334e-10,4.610881465898357763e-11,4.689402446792201250e-12,4.177527732138936002e-13,3.260733184535695890e-14,2.230556052870096482e-15,1.337538129074209781e-16,7.031944276585172457e-18,3.241842010635204195e-19,1.310744087865621097e-20,4.648457596979133627e-22,1.446151806880790223e-23,3.947088149388116411e-25,9.452290292860848104e-27,1.986232058298304911e-28,3.662584377809142303e-30,5.927055780438195942e-32,8.418030430145518315e-34,1.049363907050825148e-35,1.148174515139919820e-37,1.102747286901226095e-39,9.297130775974374481e-42,6.880877096723588022e-44,4.470708368290961943e-46,2.550123075793689862e-48,1.277061217209177848e-50,5.614881782541531293e-53,2.167502066640165590e-55,7.346480118333736552e-58,2.186301919947756105e-60,5.712964185279912127e-63,1.310817690118048485e-65,2.640954070676405051e-68,4.672238362097098416e-71,7.258419725321265310e-74,9.901911360646250767e-77,1.186212196329452472e-79,1.247895695636605431e-82
2.596863104773094469e-153,3.253712749347345853e-149,3.580604151640302707e-145,3.460812153356504948e-141,2.937933243905650093e-137,2.190511104600308130e-133,1.434451871602574894e-129,8.250128611959818335e-126,4.167415220064071559e-122,1.848847599630080785e-118,7.203782065419905037e-115,2.465141222548930881e-111,7.408688626803747716e-108,1.955489656744934408e-104,4.532945574779596616e-101,9.228099116160869859e-98,1.649857801925924463e-94,2.590471557010193751e-91,3.571942681968923024e-88,4.325322631951992351e-85,4.599553392058465798e-82,4.295269439414037729e-79,3.522385543614744213e-76,2.536581924520110017e-73,1.604057173919781212e-70,8.907231917890116096e-68,4.343203951123112401e-65,1.859577752478659252e-62,6.991119182055963097e-60,2.307800941956735148e-57,6.688976657982779085e-55,1.702238685272300324e-52,3.803379728979516251e-50,7.460974975371395315e-48,1.284947744663686007e-45,1.942789208696825556e-43,2.578704018395388068e-41,3.004671366720261085e-39,3.073228587390517304e-37,2.759156980038773062e-35,2.174308744604775897e-33,1.503858621076488766e-31,9.128710779881943872e-30,4.862972451924475563e-28,2.273289252841371858e-26,9.324717233935343680e-25,3.355898327782127125e-23,1.059580932770000911e-21,2.934723114797903760e-20,7.129480199906135069e-19,1.518973350781142391e-17,2.837791324808304894e-16,4.648111513914623076e-15,6.673532893593124463e-14,8.396981956482261400e-13,9.256966086453940499e-12,8.938478802470178818e-11,7.557126562793783410e-10,5.592011187681379794e-09,3.619774760235345115e-08,2.048493389043382917e-07,1.012752596417629866e-06,4.370012245274334422e-06,1.643825236964917974e-05,5.382065498509610441e-05,1.530602130030683100e-04,3.770103037467019413e-04,8.010108816667513287e-04,1.458900543988908560e-03,2.255107196478645104e-03,2.906314820153688139e-03,3.010989370244021579e-03,2.276909520854575320e-03,7.746246081531404926e-04,1.010810240113180214e-03,2.428842503423234156e-03,3.042493722857309013e-03,2.840466558182819234e-03,2.146630869887311555e-03,1.356843304721258581e-03,7.291118952498509831e-04,3.362044517350067097e-04,1.338115098724664692e-04,4.614844116114969093e-05,1.382867540829419740e-05,3.607679419382063719e-06,8.206304494494264152e-07,1.629442212421463519e-07,2.826796736438146214e-08,4.287743707372460066e-09,5.689803111205966401e-10,6.608614674942021911e-11,6.721156042674246714e-12,5.987503968552247846e-13,4.673494500729814309e-14,3.196977752150243672e-15,1.917046485247728063e-16,1.007863908090316999e-17,4.646418443800357734e-19,1.878643525804572659e-20,6.662471225609087914e-22,2.072718659941585284e-23,5.657222997436960178e-25,1.354763613057695843e-26,2.846796740577898592e-28,5.249453720816274598e-30,8.495041154169469666e-32,1.206526774678849552e-33,1.504016480748858243e-35,1.645638259466921624e-37,1.580529006626048349e-39,1.332525143736015832e-41,9.862119790802372265e-44,6.407709490818007887e-46,3.655001957053127315e-48,1.830367048744676490e-50,8.047613112721611647e-53,3.106604685352194894e-55,1.052945227030054897e-57,3.133549855679411726e-60,8.188191180250739079e-63,1.878749017331322728e-65,3.785186836052345503e-68,6.696555362126079836e-71,1.040323839778047666e-73,1.419206223623718300e-76,1.700156333715448311e-79,1.788565129677677252e-82
3.269678356056176786e-153,4.096709654741180124e-149,4.508294593851106693e-145,4.357465963994864870e-141,3.699115568116522263e-137,2.758045556674105156e-133,1.806100686925400899e-129,1.038763533881173561e-125,5.247141183799022224e-122,2.327861244993534956e-118,9.070193287335677090e-115,3.103828956241308353e-111,9.328188615444815129e-108,2.462132945859091449e-104,5.707375952082928778e-101,1.161898595739816305e-97,2.077315641171418680e-94,3.261630836975950050e-91,4.497389044050826615e-88,5.445960461550121777e-85,5.791241034574377808e-82,5.408120856916734280e-79,4.434992261422307249e-76,3.193779064333512262e-73,2.019648634462373215e-70,1.121498601938615921e-67,5.468474610315915867e-65,2.341371448307925732e-62,8.802432069736894225e-60,2.905723746520412006e-57,8.422008138421623956e-55,2.143267766346882832e-52,4.788788579900465553e-50,9.394021713044344651e-48,1.617861881770424688e-45,2.446141968122672773e-43,3.246814474017874317e-41,3.783144716703476436e-39,3.869464268998976611e-37,3.474020575828543498e-35,2.737645364727878960e-33,1.893489870476446436e-31,1.149384732711081302e-29,6.122908728968188040e-28,2.862270503750231434e-26,1.174063663968075305e-24,4.225370258179741253e-23,1.334105304203048756e-21,3.695073734088264350e-20,8.976640723459345115e-19,1.912520640516578708e-17,3.573028110982813350e-16,5.852379967832810415e-15,8.402563084860727440e-14,1.057253657646923124e-12,1.165533200421097790e-11,1.125432858697019962e-10,9.515084992705636940e-10,7.040832423385570011e-09,4.557613824765325139e-08,2.579232799898706070e-07,1.275144322571014903e-06,5.502228603351312121e-06,2.069720112917350537e-05,6.776492391533496876e-05,1.927162293266573845e-04,4.746890307404730280e-04,1.008542937029177633e-03,1.836883709253001040e-03,2.839377700487311085e-03,3.659305200136686587e-03,3.791099637136974287e-03,2.866828738623539152e-03,9.753203049828185200e-04,1.272698725667265052e-03,3.058125685991397447e-03,3.830766379550709644e-03,3.576396464379905105e-03,2.702796493511766540e-03,1.708384696078729670e-03,9.180158086343204182e-04,4.233108849776706650e-04,1.684804242537583582e-04,5.810493396935867763e-05,1.741151491286055918e-05,4.542384730045468094e-06,1.033245693218464367e-06,2.051610623834896734e-07,3.559184960158778680e-08,5.398645300377911024e-09,7.163961030034168328e-10,8.320825355195410860e-11,8.462524805412345456e-12,7.538792513470304938e-13,5.884339373952101901e-14,4.025275318434390220e-15,2.413729622036928735e-16,1.268989035300015353e-17,5.850248244101948765e-19,2.365376928717243051e-20,8.388635474921882655e-22,2.609734540163379147e-23,7.122939809995254812e-25,1.705766181915490813e-26,3.584366719080360844e-28,6.609522535293467658e-30,1.069600170472370742e-31,1.519123004180597962e-33,1.893688629645620032e-35,2.072002867222714216e-37,1.990024608761643680e-39,1.677765999049013049e-41,1.241727358116891811e-43,8.067868111917960550e-46,4.601967954472665789e-48,2.304592610953625988e-50,1.013265056760545778e-52,3.911487702931886258e-55,1.325750368821853326e-57,3.945414035073035567e-60,1.030965068128017730e-62,2.365509751799803497e-65,4.765882132453449228e-68,8.431550391479992857e-71,1.309858935559027560e-73,1.786905079298719815e-76,2.140645903144516645e-79,2.251960329426815565e-82
3.616517012700268932e-153,4.531277559770585881e-149,4.986522318541801851e-145,4.819694194647892523e-141,4.091507765361365436e-137,3.050611586622652867e-133,1.997686973954682684e-129,1.148952766407215438e-125,5.803743760942388202e-122,2.574794484029703251e-118,1.003233491495265172e-114,3.433074756103851722e-111,1.031769769125622636e-107,2.723309364585484869e-104,6.312798991482360814e-101,1.285149663342696338e-97,2.297671678661513538e-94,3.607615834512375469e-91,4.974459937446434277e-88,6.023653251153358711e-85,6.405560255610996711e-82,5.981799723372222736e-79,4.905444272498001844e-76,3.532566528928936721e-73,2.233887511497588055e-70,1.240464147220131994e-67,6.048555640067512030e-65,2.589737813254265367e-62,9.736170309956075152e-60,3.213955080331409900e-57,9.315392034597080858e-55,2.370619827301153552e-52,5.296770349706752808e-50,1.039051418619582471e-47,1.789480304319579606e-45,2.705622107082278789e-43,3.591227791754353730e-41,4.184450499273948252e-39,4.279926596740028598e-37,3.842535303719741133e-35,3.028047397365920487e-33,2.094346166273033728e-31,1.271308363493329859e-29,6.772410364007323982e-28,3.165892434828686724e-26,1.298605169180928261e-24,4.673586132825526339e-23,1.475623594732820548e-21,4.087037184486224457e-20,9.928858547557076547e-19,2.115395669044025824e-17,3.952045291026578671e-16,6.473184641923486601e-15,9.293884302227770293e-14,1.169404272605923111e-12,1.289169817080801894e-11,1.244815739318915092e-10,1.052441953186904738e-09,7.787704926871998048e-09,5.041073200381095458e-08,2.852830855142209884e-07,1.410408191277987575e-06,6.085890165596203032e-06,2.289270437267601401e-05,7.495324417773835748e-05,2.131590468806548316e-04,5.250427621528198918e-04,1.115526450193055075e-03,2.031735376221588396e-03,3.140571224773069936e-03,4.047474420975916143e-03,4.193249256200237696e-03,3.170934194957064634e-03,1.078779650991901207e-03,1.407703172054297625e-03,3.382523406278759026e-03,4.237123739606940553e-03,3.955770950262893493e-03,2.989501851931919418e-03,1.889605534489691152e-03,1.015396448309453803e-03,4.682145613336095857e-04,1.863523730069836792e-04,6.426854856618220008e-05,1.925848142910087379e-05,5.024228644389701478e-06,1.142849608097495028e-06,2.269239942452388079e-07,3.936733696119931588e-08,5.971319025367353094e-09,7.923894683845662122e-10,9.203476054772286328e-11,9.360206600286944647e-12,8.338487279545984705e-13,6.508534215599631895e-14,4.452265661836438268e-15,2.669771546790582230e-16,1.403599967743581882e-17,6.470826790691793503e-19,2.616289730245005758e-20,9.278479289010847480e-22,2.886568137703903160e-23,7.878522043482576511e-25,1.886709255410091916e-26,3.964586668073877276e-28,7.310642849758831800e-30,1.183060470194399706e-31,1.680267473045564977e-33,2.094566009279213004e-35,2.291795339989930796e-37,2.201121049092440300e-39,1.855738888705023652e-41,1.373446445411696785e-43,8.923685789743871518e-46,5.090132296475575638e-48,2.549057576081770343e-50,1.120749479642733246e-52,4.326407763141919834e-55,1.466382390352191188e-57,4.363932909045463624e-60,1.140327060451524633e-62,2.616436642841076138e-65,5.271434048128974564e-68,9.325946504109699184e-71,1.448805236732905421e-73,1.976455148070673177e-76,2.367719843925785946e-79,2.490842204161863417e-82
3.514030252587464245e-153,4.402867834434882954e-149,4.845211627934554767e-145,4.683111167108051395e-141,3.975560467622767975e-137,2.964161751939838540e-133,1.941075470411139690e-129,1.116393138971004685e-125,5.639274219529619040e-122,2.501828604512358570e-118,9.748033334678787282e-115,3.335786479084409460e-111,1.002530935062774190e-107,2.646134792315485185e-104,6.133903575367183127e-101,1.248730416649722717e-97,2.232559050870373626e-94,3.505381320666231062e-91,4.833491076935621146e-88,5.852951799015890484e-85,6.224036122033532091e-82,5.812284338505182411e-79,4.766431214178278743e-76,3.432458801754467457e-73,2.170582432963875577e-70,1.205311222171566547e-67,5.877148490942038624e-65,2.516348461817088011e-62,9.460261597936257130e-60,3.122876331863187226e-57,9.051407558524557367e-55,2.303439956528886196e-52,5.146667687311999794e-50,1.009606233345791444e-47,1.738769070823078801e-45,2.628948765613055033e-43,3.489457690878034277e-41,4.065869341486956000e-39,4.158639787116435081e-37,3.733643518469996051e-35,2.942236998539154692e-33,2.034995483729053268e-31,1.235281358830737362e-29,6.580490239223486580e-28,3.076175710872671529e-26,1.261804613290286098e-24,4.541143592342925574e-23,1.433806597650040047e-21,3.971216576418603849e-20,9.647489334973200055e-19,2.055448474625952707e-17,3.840050154193740493e-16,6.289744132938801481e-15,9.030509323580631652e-14,1.136265079636530247e-12,1.252636645157655015e-11,1.209539496566113737e-10,1.022617299905874186e-09,7.567012851080118371e-09,4.898216618209850610e-08,2.771985834790972029e-07,1.370439302578508353e-06,5.913425011061360960e-06,2.224395888271077891e-05,7.282917974537651828e-05,2.071184337640065432e-04,5.101638243724462840e-04,1.083914075275790867e-03,1.974158991157132226e-03,3.051572066577579179e-03,3.932774963296692405e-03,4.074418754614450577e-03,3.081074594952437629e-03,1.048208626186264425e-03,1.367810939611469045e-03,3.286667679982646639e-03,4.117049899847957661e-03,3.843670233740215103e-03,2.904783777032904357e-03,1.836056899590293723e-03,9.866216100184316273e-04,4.549460509795620611e-04,1.810714215053823434e-04,6.244727265442570965e-05,1.871272445922453689e-05,4.881849412100643278e-06,1.110462935169149632e-06,2.204933028146986273e-07,3.825172467311857621e-08,5.802100648028148092e-09,7.699343191133449561e-10,8.942663112564252672e-11,9.094952145495389423e-12,8.102186843928549670e-13,6.324091951815187149e-14,4.326095017196885264e-15,2.594114157343606257e-16,1.363824014061337869e-17,6.287453099734679378e-19,2.542147936627796147e-20,9.015540865725852299e-22,2.804767052505437617e-23,7.655256344502876722e-25,1.833242696789621954e-26,3.852236127105947411e-28,7.103470009874218214e-30,1.149534280719337759e-31,1.632651170168964349e-33,2.035209096708562818e-35,2.226849238972843402e-37,2.138744523793363174e-39,1.803149984615665272e-41,1.334524998095350267e-43,8.670801691136716084e-46,4.945885451851709280e-48,2.476821042589513999e-50,1.088989091771428277e-52,4.203803745792199386e-55,1.424827275377093292e-57,4.240265484386266351e-60,1.108011872804687355e-62,2.542290685937589829e-65,5.122049379166476586e-68,9.061662929930415670e-71,1.407748232376089308e-73,1.920445323169892685e-76,2.300622154406804338e-79,2.420255408479299310e-82
2.999507715038815229e-153,3.758202146368826530e-149,4.135778184688163209e-145,3.997412391592546241e-141,3.393460908725287393e-137,2.530150682972206071e-133,1.656864178867952639e-129,9.529314185312031283e-126,4.813574532048755874e-122,2.135512121846765311e-118,8.320731209497964826e-115,2.847362304968237136e-111,8.557408611013159834e-108,2.258689070402404379e-104,5.235780507031804778e-101,1.065891938746517723e-97,1.905668880464069482e-94,2.992125155367966998e-91,4.125773750855998239e-88,4.995965548097109420e-85,5.312715891665754596e-82,4.961252596646825613e-79,4.068532759387025377e-76,2.929879914902315861e-73,1.852766847698226621e-70,1.028830160828670254e-67,5.016619372593206219e-65,2.147905988967673971e-62,8.075094865331273062e-60,2.665626354137755874e-57,7.726105028197757696e-55,1.966171439659780702e-52,4.393095199868055594e-50,8.617801977777819022e-48,1.484179380289526566e-45,2.244019413063302989e-43,2.978533055423522742e-41,3.470546802819868690e-39,3.549733846582032371e-37,3.186965317276646079e-35,2.511436140907568790e-33,1.737032471197378376e-31,1.054412085191470584e-29,5.616978176767998665e-28,2.625763614523042839e-26,1.077051818108069560e-24,3.876231637534093059e-23,1.223869358654073122e-21,3.389753047881862154e-20,8.234908811528291715e-19,1.754490745480856379e-17,3.277791947055309646e-16,5.368802968750229213e-15,7.708266702275725270e-14,9.698937196653605156e-13,1.069226219246219831e-11,1.032439333418507016e-10,8.728861905332792641e-10,6.459054645275366208e-09,4.181022211016318586e-08,2.366113066701975863e-07,1.169780270972286260e-06,5.047584302929981805e-06,1.898700964016056345e-05,6.216556797293982389e-05,1.767922571367843559e-04,4.354658944703375389e-04,9.252079229639248448e-04,1.685103627189599163e-03,2.604762423418671702e-03,3.356940036368105673e-03,3.477844415188502403e-03,2.629945206466088869e-03,8.947304477248119170e-04,1.167536751585429577e-03,2.805435455661586808e-03,3.514233529634647191e-03,3.280881976380156662e-03,2.479466801207530491e-03,1.567222374228557924e-03,8.421609714074559938e-04,3.883330796127376638e-04,1.545590352782233445e-04,5.330377448292114226e-05,1.597281678025091241e-05,4.167051482972062909e-06,9.478695121796542125e-07,1.882087846056682077e-07,3.265092643584375629e-08,4.952559996994115101e-09,6.572009243668582268e-10,7.633282889177802925e-11,7.763273838702595496e-12,6.915868731964672709e-13,5.398121597307091038e-14,3.692670366317450607e-15,2.214285270570451351e-16,1.164133589663883812e-17,5.366847387471939829e-19,2.169927917686392344e-20,7.695489918471817781e-22,2.394094475049547271e-23,6.534377570890450903e-25,1.564820225583013012e-26,3.288193655958764807e-28,6.063383513124715914e-30,9.812200510170122661e-32,1.393599209137100648e-33,1.737214807071881713e-35,1.900795096345007140e-37,1.825590629133739217e-39,1.539133673150443182e-41,1.139124520840894490e-43,7.401227279983081978e-46,4.221711398074530395e-48,2.114166154531066307e-50,9.295398581034742782e-53,3.588284921204009702e-55,1.216204784219858915e-57,3.619407950419407491e-60,9.457773331305286459e-63,2.170049765714442494e-65,4.372081491986751444e-68,7.734858813293673210e-71,1.201626446082826469e-73,1.639254687382230659e-76,1.963766218703168809e-79,2.065882832042343212e-82
2.249178763230642764e-153,2.818085252177462810e-149,3.101210380556922878e-145,2.997456887331803311e-141,2.544584290113105947e-137,1.897231720853517467e-133,1.242398446246503660e-129,7.145549580120397247e-126,3.609455497790393538e-122,1.601312271676821581e-118,6.239294480599873615e-115,2.135092633851802978e-111,6.416766864671281472e-108,1.693676420440898699e-104,3.926046352977662385e-101,7.992583251272331597e-98,1.428964477804623559e-94,2.243642956023129330e-91,3.093708562840785359e-88,3.746221273669896872e-85,3.983736297362355984e-82,3.720191791291968900e-79,3.050786445403708659e-76,2.196968405974251913e-73,1.389295925517557534e-70,7.714675768646170614e-68,3.761708529529653250e-65,1.610605804273105032e-62,6.055104239647088731e-60,1.998818058168857645e-57,5.793414454242224382e-55,1.474332279521228880e-52,3.294159364503868620e-50,6.462052788518057929e-48,1.112910870752766189e-45,1.682676388140410060e-43,2.233450929381733127e-41,2.602387093910784243e-39,2.661765443317902823e-37,2.389743715221435179e-35,1.883198634569222912e-33,1.302512584205778748e-31,7.906501649642973839e-30,4.211887159142318236e-28,1.968927010735926429e-26,8.076265528648585432e-25,2.906589583615791172e-23,9.177175830062388223e-22,2.541803953251659984e-20,6.174940615478336188e-19,1.315603658972696668e-17,2.457850000066750543e-16,4.025793152904079119e-15,5.780038398020435991e-14,7.272741276595419251e-13,8.017585330289480438e-12,7.741739124080698678e-11,6.545330997556475060e-10,4.843317610375248090e-09,3.135136582069138843e-08,1.774228228968344374e-07,8.771589184206476724e-07,3.784927560895770364e-06,1.423739590526978266e-05,4.661480768591548876e-05,1.325675504224004680e-04,3.265337965438763757e-04,6.937665142417656639e-04,1.263573776828855189e-03,1.953179282267791805e-03,2.517199139506931527e-03,2.607859203443751994e-03,1.972062574531197043e-03,6.709130007397368090e-04,8.754766169767336237e-04,2.103653815208939015e-03,2.635145555472451218e-03,2.460167056395401453e-03,1.859226447544215510e-03,1.175180601704281513e-03,6.314938156734770103e-04,2.911912882724038837e-04,1.158959845545242534e-04,3.996979803250894081e-05,1.197720549642270491e-05,3.124660641411645067e-06,7.107592910729734390e-07,1.411282255638956812e-07,2.448327436236570714e-08,3.713673651519155642e-09,4.928016537015905409e-10,5.723811838188107432e-11,5.821285460815001521e-12,5.185859333930436059e-13,4.047777706031714825e-14,2.768946292717868035e-15,1.660380262178629826e-16,8.729247583890139206e-18,4.024326761650144246e-19,1.627118932127959977e-20,5.770457735616662309e-22,1.795210068456572322e-23,4.899798453490650882e-25,1.173379352221668452e-26,2.465649714216104699e-28,4.546623888537969302e-30,7.357671693055366291e-32,1.044989392736413309e-33,1.302649308634008336e-35,1.425309874190056553e-37,1.368917857025263042e-39,1.154118308837027229e-41,8.541717256153963266e-44,5.549805101858410197e-46,3.165647340539680406e-48,1.585306013007375102e-50,6.970148127778164581e-53,2.690672939672937005e-55,9.119703072249803981e-58,2.714010521372633848e-60,7.091904720755889924e-63,1.627210299786440549e-65,3.278402250339296886e-68,5.799978473876900247e-71,9.010387505643263488e-74,1.229193981366560173e-76,1.472528726268370823e-79,1.549100797393249373e-82
1.481588057968332899e-153,1.856340422655270800e-149,2.042841743036037679e-145,1.974496825750573912e-141,1.676178771717110652e-137,1.249752090303770247e-133,8.183976886535536913e-130,4.706945085286932430e-126,2.377635005593465768e-122,1.054822843599135121e-118,4.109973090499742079e-115,1.406436785142732098e-111,4.226878411302256419e-108,1.115665326211170296e-104,2.586181003791736609e-101,5.264906503202892939e-98,9.412932134101320434e-95,1.477941488836054839e-91,2.037900115575530963e-88,2.467725906144066815e-85,2.624182755392077388e-82,2.450579661089328439e-79,2.009626286186296579e-76,1.447195841982805475e-73,9.151625855088504191e-71,5.081842171363209582e-68,2.477927733454853015e-65,1.060944716673915748e-62,3.988642556060593843e-60,1.316669449955388517e-57,3.816261210796198983e-55,9.711780737595337445e-53,2.169941871797518553e-50,4.256709336733359919e-48,7.331011134577506715e-46,1.108419340805271426e-43,1.471227756159399020e-41,1.714254866522817946e-39,1.753368811052985565e-37,1.574181567049036754e-35,1.240508159409929029e-33,8.579963147705787453e-32,5.208202485243264974e-30,2.774471206339387429e-28,1.296979499275828454e-26,5.320030028665266539e-25,1.914640350913421288e-23,6.045226078945234745e-22,1.674347297065856208e-20,4.067581654297907046e-19,8.666197200586359522e-18,1.619044812224998254e-16,2.651886615994976459e-15,3.807450081380933789e-14,4.790729309846323141e-13,5.281375972994232779e-12,5.099669453425056987e-11,4.311566692679185241e-10,3.190409606291154227e-09,2.065189746598751507e-08,1.168726736674869188e-07,5.778056416491146206e-07,2.493222666944403584e-06,9.378514547020541832e-06,3.070629312394907752e-05,8.732542863679366996e-05,2.150956524182255636e-04,4.570006614512990561e-04,8.323463873640551958e-04,1.286606092404010693e-03,1.658139515448547874e-03,1.717859476466965241e-03,1.299044970438034685e-03,4.419465033556058131e-04,5.766974692931192692e-04,1.385727280403203920e-03,1.735833651740181782e-03,1.620571112865204499e-03,1.224717104203354445e-03,7.741196804382510788e-04,4.159801396303869359e-04,1.918146935857619612e-04,7.634346788681434584e-05,2.632906570720645184e-05,7.889672853676982320e-06,2.058288992942504717e-06,4.681942115756303441e-07,9.296455090894527979e-08,1.612772070777020962e-08,2.446286005909814431e-09,3.246202823035272636e-10,3.770412296323530337e-11,3.834620512056496255e-12,3.416050064609580572e-13,2.666368369026854831e-14,1.823971410148074001e-15,1.093732347266137941e-16,5.750164987668516101e-18,2.650920668865442282e-19,1.071822310500353294e-20,3.801139069007469715e-22,1.182547978155608810e-23,3.227614893853014996e-25,7.729331541529499960e-27,1.624182671219642312e-28,2.994970327593004161e-30,4.846675014493344077e-32,6.883596049775576118e-34,8.580863784344405772e-36,9.388858382561190184e-38,9.017390624809140995e-40,7.602454423848984362e-42,5.626634257864898022e-44,3.655789880903893748e-46,2.085287915818878478e-48,1.044279136675946763e-50,4.591403936941851661e-53,1.772410873020458024e-55,6.007367393356428816e-58,1.787783898461316187e-60,4.671607928319133960e-63,1.071882496570876033e-65,2.159562282342031970e-68,3.820585088142841702e-71,5.935358604776211537e-74,8.096995905751920568e-77,9.699900299254930644e-80,1.020429891802002826e-82
8.573545697854674155e-154,1.074213534512028274e-149,1.182136758136839905e-145,1.142587419951250680e-141,9.699589045558271847e-138,7.231974231691301327e-134,4.735844045823293510e-130,2.723780646650466680e-126,1.375872481128588010e-122,6.103971886181674397e-119,2.378329247380951280e-115,8.138665794258703184e-112,2.445979165645318539e-108,6.456050726343633014e-105,1.496552358105832962e-101,3.046657689861278273e-98,5.447006903742952899e-95,8.552443997605681503e-92,1.179277173205280173e-88,1.428005626282519665e-85,1.518542934514160570e-82,1.418083562269011577e-79,1.162915879860763106e-76,8.374527331168725676e-74,5.295796092329991800e-71,2.940723357694878891e-68,1.433909145291794391e-65,6.139397494725935417e-63,2.308118578770605722e-60,7.619206727168927667e-58,2.208366199345922130e-55,5.619942433629348137e-53,1.255686133503391463e-50,2.463241507968855746e-48,4.242256046528292249e-46,6.414120186561486900e-44,8.513593459092670445e-42,9.919925013476442127e-40,1.014626673447592747e-37,9.109359061876750572e-36,7.178482126705616079e-34,4.964990486874021448e-32,3.013844622381205160e-30,1.605510759013501502e-28,7.505266356880584273e-27,3.078556169471441878e-25,1.107950111721773224e-23,3.498207329829237865e-22,9.688990801642390422e-21,2.353798480308731905e-19,5.014891779551023760e-18,9.368970416461878762e-17,1.534574402479043518e-15,2.203267439249732056e-14,2.772264290545061250e-13,3.056188122501800908e-12,2.951039519234972196e-11,2.494985962544504839e-10,1.846202958191344410e-09,1.195068937818730270e-08,6.763102625793518448e-08,3.343603538457016176e-07,1.442759905833351363e-06,5.427090385512456892e-06,1.776889371469354221e-05,5.053284203904856442e-05,1.244699831035997115e-04,2.644538091294140747e-04,4.816561358018667249e-04,7.445238282693389387e-04,9.595200793272862239e-04,9.940783907358974325e-04,7.517218674734371664e-04,2.557423787366841506e-04,3.337190847504667435e-04,8.018825542908392112e-04,1.004479555368503751e-03,9.377802701670268082e-04,7.087103600331365327e-04,4.479619297788409171e-04,2.407163527905955419e-04,1.109979276718194019e-04,4.417788110131631862e-05,1.523591168331710904e-05,4.565538334920011708e-06,1.191075660031133254e-06,2.709312110628422780e-07,5.379604818032937330e-08,9.332671773823617584e-09,1.415598941210267585e-09,1.878488969867683730e-10,2.181834683968876960e-11,2.218990225875494087e-12,1.976774932653218292e-13,1.542954597684968078e-14,1.055482470473892307e-15,6.329130563707445348e-17,3.327463529882918834e-18,1.534015435240244918e-19,6.202343161201074766e-21,2.199615428645942667e-22,6.843082377789997586e-24,1.867732642599953064e-25,4.472753194033337327e-27,9.398701804106718144e-29,1.733107582046586751e-30,2.804638542808176219e-32,3.983349148972022768e-34,4.965511660713498367e-36,5.433076080808254460e-38,5.218117828463676906e-40,4.399332869092397242e-42,3.255979668267982165e-44,2.115505820739361725e-46,1.206699199774825617e-48,6.042958332080334082e-51,2.656920137752305966e-53,1.025645794962629242e-55,3.476299541816468679e-58,1.034541745184584217e-60,2.703331998426093126e-63,6.202691441564287520e-66,1.249679748392022201e-68,2.210868309148702835e-71,3.434630021317331926e-74,4.685510526355309653e-77,5.613067548233544733e-80,5.904949261551953984e-83
4.358358683655645246e-154,5.460760403261314937e-150,6.009387698699738708e-146,5.808338788962105334e-142,4.930782389737121571e-138,3.676371340802893955e-134,2.407464513394022371e-130,1.384632852271311363e-126,6.994242507190982441e-123,3.102951778933108788e-119,1.209022765284359755e-115,4.137287650620975703e-112,1.243412575417137682e-108,3.281930922967901874e-105,7.607718201264369532e-102,1.548767273970640099e-98,2.768983880821811310e-95,4.347631642385718758e-92,5.994851009612952916e-89,7.259261151628060659e-86,7.719507212515315186e-83,7.208822377081728116e-80,5.911678437334156496e-77,4.257187772899340646e-74,2.692115922545268035e-71,1.494915596640354136e-68,7.289271667985831355e-66,3.120960373516605768e-63,1.173331198689890740e-60,3.873220832102679148e-58,1.122622114677456100e-55,2.856895591444169745e-53,6.383275667695323214e-51,1.252187880549687039e-48,2.156549242316233144e-46,3.260615549071905028e-44,4.327881985958832845e-42,5.042790094943372065e-40,5.157850822436582386e-38,4.630739202776325651e-36,3.649178649647161590e-34,2.523951019254931182e-32,1.532086763639361493e-30,8.161607816469670155e-29,3.815299288348673141e-27,1.564982853907354973e-25,5.632260164761552698e-24,1.778312361127117550e-22,4.925394776487002487e-21,1.196552559204520473e-19,2.549318322343865133e-18,4.762712535807133266e-17,7.801003118735700300e-16,1.120030161928285433e-14,1.409279494142716254e-13,1.553612065766462992e-12,1.500159813422748159e-11,1.268325161919025366e-10,9.385165692456869726e-10,6.075128384760607760e-09,3.438020638876443263e-08,1.699719582783386146e-07,7.334264475420785862e-07,2.758859326380455872e-06,9.032810338870946552e-06,2.568835096612774420e-05,6.327426841027826085e-05,1.344349929496661822e-04,2.448497128245061272e-04,3.784784039743763207e-04,4.877716661524922337e-04,5.053393705688052906e-04,3.821375244568575580e-04,1.300065406340117358e-04,1.696459693785179468e-04,4.076366904580686068e-04,5.106267986405149673e-04,4.767202424622446477e-04,3.602726410636657162e-04,2.277212760511439227e-04,1.223680660785396446e-04,5.642575417276300687e-05,2.245780899862159785e-05,7.745169889861592931e-06,2.320889670248812639e-06,6.054828572366960848e-07,1.377277777505862149e-07,2.734720056273909449e-08,4.744260134674079046e-09,7.196191815411372700e-10,9.549291509602316501e-11,1.109134828960388119e-11,1.128022834509344546e-12,1.004892782634222902e-13,7.843603809083874529e-15,5.365541110704847032e-16,3.217411106727894649e-17,1.691514815584101402e-18,7.798161610910831269e-20,3.152958779048953605e-21,1.118173663731465604e-22,3.478678315281325326e-24,9.494611760985222736e-26,2.273722379287724746e-27,4.777826475370295144e-29,8.810245779421418001e-31,1.425736932925965575e-32,2.024934019747614161e-34,2.524215957777729732e-36,2.761902152300256938e-38,2.652628206753142518e-40,2.236399185122791300e-42,1.655176021811949774e-44,1.075416576650037644e-46,6.134250777030854243e-49,3.071935561989771953e-51,1.350644338088344677e-53,5.213866484606844745e-56,1.767175545451036982e-58,5.259089013611360305e-61,1.374237789750095675e-63,3.153135827238342158e-66,6.352742231904722031e-69,1.123894061240431618e-71,1.745992860607343972e-74,2.381877487980829663e-77,2.853400746076860005e-80,3.001778703653914841e-83
1.946323267134282138e-154,2.438625592926481121e-150,2.683627472672052552e-146,2.593844552251598149e-142,2.201951970201687580e-138,1.641766453520330133e-134,1.075107520359013020e-130,6.183389969534305768e-127,3.123436576888393058e-123,1.385693028612618048e-119,5.399163559881418501e-116,1.847599016444494821e-112,5.552739005301251256e-109,1.465620197909892985e-105,3.397397970125031070e-102,6.916369210295581573e-99,1.236552139174865402e-95,1.941532865167800034e-92,2.677135786637391505e-89,3.241786623622612031e-86,3.447319871785081843e-83,3.219262052427187845e-80,2.639993200548564591e-77,1.901143117483774317e-74,1.202225020516252423e-71,6.675882412007879758e-69,3.255188495860017293e-66,1.393735172270435258e-63,5.239774827688982561e-61,1.729674029019488379e-58,5.013321987909616112e-56,1.275811094266940008e-53,2.850595569190250983e-51,5.591927107508775636e-49,9.630556527581053095e-47,1.456101337445925770e-44,1.932713211116390004e-42,2.251971534576086230e-40,2.303354494838929062e-38,2.067960924876643613e-36,1.629622944613262183e-34,1.127127194075729880e-32,6.841878633173651104e-31,3.644749857324781734e-29,1.703807858642630823e-27,6.988783535989392641e-26,2.515212675437057186e-24,7.941454515147908314e-23,2.199546010118666981e-21,5.343475045004921387e-20,1.138455534813787514e-18,2.126896590195450674e-17,3.483713704869089405e-16,5.001747038922698626e-15,6.293455101876664523e-14,6.938004719626077387e-13,6.699301643609760856e-12,5.663991773308896806e-11,4.191157194483355238e-10,2.712985457216398476e-09,1.535325577362122752e-08,7.590480755937055785e-08,3.275281047740281567e-07,1.232030791275356659e-06,4.033804972521277694e-06,1.147171190090355564e-05,2.825655017328013857e-05,6.003497501852429405e-05,1.093431559014979015e-04,1.690180586847670613e-04,2.178254273660189255e-04,2.256706815861181381e-04,1.706521213788100844e-04,5.805734986076560578e-05,7.575922987137356790e-05,1.820393484711843590e-04,2.280319017210832855e-04,2.128901651206362156e-04,1.608878650680867911e-04,1.016940665443891861e-04,5.464621694770219890e-05,2.519819183857772288e-05,1.002904059888476331e-05,3.458780118552649092e-06,1.036445573559170469e-06,2.703920118622675929e-07,6.150544226018629583e-08,1.221250856334146334e-08,2.118656254723754936e-09,3.213621590536974390e-10,4.264451276002811411e-11,4.953091474757870234e-12,5.037440119139158043e-13,4.487575130407384033e-14,3.502738002968183979e-15,2.396103272476373840e-16,1.436807420290139138e-17,7.553840519415786721e-19,3.482444765528685865e-20,1.408024781207921369e-21,4.993456427942451505e-23,1.553482178807348216e-24,4.240032802283530852e-26,1.015381957067590492e-27,2.133646060435291200e-29,3.934413753960270362e-31,6.366949502741789833e-33,9.042799097346862151e-35,1.127245508342341633e-36,1.233389633746882199e-38,1.184590891342418488e-40,9.987144437948773083e-43,7.391561448435139210e-45,4.802515022101760826e-47,2.739387893554564648e-49,1.371842038118911461e-51,6.031606601593973770e-54,2.328369550854118763e-56,7.891720555543868728e-59,2.348564690077112635e-61,6.136968475765023895e-64,1.408103846065937612e-66,2.836960175497813868e-69,5.019002151865415677e-72,7.797124503763223836e-75,1.063681057666925189e-77,1.274250392326793672e-80,1.340511912344413968e-83
7.635482455239500132e-155,9.566798714325996344e-151,1.052794817283544879e-146,1.017572717994114209e-142,8.638321248920953531e-139,6.440697269115290006e-135,4.217677889285928892e-131,2.425761764425984984e-127,1.225333200583510652e-123,5.436113818799565359e-120,2.118107476315102463e-116,7.248184365152585833e-113,2.178355567619264826e-109,5.749670415058625187e-106,1.332809047314252827e-102,2.713311639998545798e-99,4.851029797098225481e-96,7.616689569807371082e-93,1.050248110081657785e-89,1.271762266128489795e-86,1.352393553685560065e-83,1.262925811718342610e-80,1.035676966160589529e-77,7.458239421766486605e-75,4.716363518026869814e-72,2.618967973658604707e-69,1.277019859358967186e-66,5.467663380907248798e-64,2.055578815800236716e-61,6.785561229663148124e-59,1.966740711962777922e-56,5.005043813104765413e-54,1.118296884339065002e-51,2.193729173428661574e-49,3.778095172688070412e-47,5.712327650218999164e-45,7.582089811941885266e-43,8.834549446283176175e-41,9.036126285141365519e-39,8.112670503735454890e-37,6.393057932543351283e-35,4.421752573434226793e-33,2.684088771202841091e-31,1.429845907884918235e-29,6.684087495350001285e-28,2.741719989355484206e-26,9.867252053542228089e-25,3.115455569144078231e-23,8.628882597943698202e-22,2.096260710904934329e-20,4.466193981710002619e-19,8.343876822914640861e-18,1.366670959637766515e-16,1.962199826006150518e-15,2.468940634098858437e-14,2.721799312868328806e-13,2.628155405932917150e-12,2.222000350197939861e-11,1.644203086198661801e-10,1.064312039509840901e-09,6.023126634192659796e-09,2.977767548558728887e-08,1.284902225559551761e-07,4.833292418554132534e-07,1.582473354536014518e-06,4.500385749375368592e-06,1.108512633727428039e-05,2.355189429191929112e-05,4.289563622775867044e-05,6.630627314063979733e-05,8.545354500162465061e-05,8.853126091685169230e-05,6.694732066042652363e-05,2.277606622419492410e-05,2.972056493764224649e-05,7.141456277513086315e-05,8.945757440330902310e-05,8.351742735235832826e-05,6.311677467622268944e-05,3.989487635548769756e-05,2.143786891905348144e-05,9.885323519275230134e-06,3.934421626085017826e-06,1.356889441629836554e-06,4.066005954073247927e-07,1.060755680966833294e-07,2.412876284270561551e-08,4.791002422075763555e-09,8.311549748587641867e-10,1.260713042209324329e-10,1.672956566309535768e-11,1.943112107496025607e-12,1.976202324582653585e-13,1.760488699559010912e-14,1.374134246791122225e-15,9.399982421660982638e-17,5.636637055329947541e-18,2.963393477825572987e-19,1.366173151065206845e-20,5.523721929954870518e-22,1.958947395346276615e-23,6.094355506664114366e-25,1.663377128463184228e-26,3.983372777518697258e-28,8.370355189827499855e-30,1.543481892103118361e-31,2.497772700068736033e-33,3.547516233297677125e-35,4.422216723722542938e-37,4.838623196860014408e-39,4.647184319384131699e-41,3.917985641005863086e-43,2.899730929047162373e-45,1.884040529724933237e-47,1.074669791628293297e-49,5.381775982587095315e-52,2.366216710298724554e-54,9.134261073203697679e-57,3.095944792984504084e-59,9.213487188321549963e-62,2.407550478191688836e-64,5.524032103679654786e-67,1.112947679966548491e-69,1.968969056707168980e-72,3.058834488344862901e-75,4.172851545745787969e-78,4.998921134265537865e-81,5.258866993257819324e-84
2.631403793116484000e-155,3.296990147307825049e-151,3.628229508499866325e-147,3.506844165510654990e-143,2.977010481501568544e-139,2.219646934377422879e-135,1.453531412202348221e-131,8.359862975950283069e-128,4.222845708505901142e-124,1.873438987838445886e-120,7.299599049670163296e-117,2.497929887663112948e-113,7.507231058407224642e-110,1.981499483241273165e-106,4.593237956032575283e-103,9.350841395097306823e-100,1.671802441225995927e-96,2.624927231838316350e-93,3.619452833246807460e-90,4.382853435458458241e-87,4.660731719071884275e-84,4.352400507580132615e-81,3.569236538980248035e-78,2.570320817244499883e-75,1.625392622379200105e-72,9.025706365426608009e-70,4.400972592761797508e-67,1.884311861672943417e-64,7.084107552674892562e-62,2.338496835378348122e-59,6.777946252741282451e-57,1.724880038913685731e-54,3.853968207681428015e-52,7.560212863914854505e-50,1.302038741683709168e-47,1.968630107452638010e-45,2.613003174043503365e-43,3.044636283261048423e-41,3.114105378565157096e-39,2.795856327478268887e-37,2.203229067963431109e-35,1.523861335831301458e-33,9.250131101744341477e-32,4.927654496800462591e-30,2.303526108781671922e-28,9.448744623468795235e-27,3.400534888730390821e-25,1.073674342124305087e-23,2.973757654698748964e-22,7.224308900416155675e-21,1.539177105462783530e-19,2.875536581981276924e-18,4.709935708994076674e-17,6.762297071957907791e-16,8.508669606187288065e-15,9.380092322874780750e-14,9.057368862560851046e-13,7.657643356648529593e-12,5.666390124055325776e-11,3.667921122526731864e-10,2.075740251457196715e-09,1.026223145456894667e-08,4.428137462094686164e-08,1.665689637554792593e-07,5.453651962456118770e-07,1.550960558264084040e-06,3.820248905301752229e-06,8.116650694720071828e-06,1.478305274611995540e-05,2.285102214202080345e-05,2.944971503381944855e-05,3.051038322092816668e-05,2.307194529717077752e-05,7.849278340423503086e-06,1.024254954011625390e-05,2.461148361899371390e-05,3.082961711821374795e-05,2.878247398441051430e-05,2.175183051836022258e-05,1.374890579385913952e-05,7.388097598367150253e-06,3.406762828320734513e-06,1.355913270875743208e-06,4.676225823942120423e-07,1.401260961976292485e-07,3.655664902419716208e-08,8.315455957067385760e-09,1.651115305442197990e-09,2.864395755385731241e-10,4.344774676320110694e-11,5.765482770882815708e-12,6.696515380776068912e-13,6.810553653101147758e-14,6.067143325801431017e-15,4.735656313080768466e-16,3.239500522014948942e-17,1.942544981900484642e-18,1.021269433039698304e-19,4.708220119477200219e-21,1.903631227471657060e-22,6.751088273528494094e-24,2.100287740931230727e-25,5.732469311375829259e-27,1.372783225893886986e-28,2.884661778134331370e-30,5.319276325098598806e-32,8.608033082171085336e-34,1.222574700048556695e-35,1.524021295183993175e-37,1.667526774937988495e-39,1.601551508634231502e-41,1.350248964300140453e-43,9.993295132878087327e-46,6.492937971327279097e-48,3.703616873741834391e-50,1.854712628481715923e-52,8.154653832703417348e-55,3.147925409591946545e-57,1.066950375342503001e-59,3.175228975680785411e-62,8.297101718943432198e-65,1.903738122133359246e-67,3.835533332401988462e-70,6.785625760678546306e-73,1.054161111931166883e-75,1.438082982962632824e-78,1.722769990149087092e-81,1.812354705112034817e-84
7.966508298013527466e-156,9.981554117880898046e-152,1.098437288954770943e-147,1.061688183982345986e-143,9.012823788654336893e-140,6.719924843019058002e-136,4.400529514711669357e-132,2.530927330209861594e-128,1.278455836616001601e-124,5.671789058552747215e-121,2.209935113474043973e-117,7.562419431777694959e-114,2.272795177933389893e-110,5.998939469892431390e-107,1.390591150898217358e-103,2.830943535246078555e-100,5.061339523604691874e-97,7.946900672874409990e-94,1.095780172763962741e-90,1.326897770455733473e-87,1.411024716614069719e-84,1.317678223715080199e-81,1.080577316934061700e-78,7.781581136538459142e-76,4.920834973174308026e-73,2.732509728978021396e-70,1.332383299411584193e-67,5.704706408545605589e-65,2.144695608862348081e-62,7.079739906375663408e-60,2.052006051188719436e-57,5.222030605500194038e-55,1.166779108059715385e-52,2.288835285283009567e-50,3.941889293878904367e-48,5.959977760830973094e-46,7.910800890082729473e-44,9.217559189692258058e-42,9.427875115223466151e-40,8.464384178199345655e-38,6.670220168515992607e-36,4.613451576180988849e-34,2.800453749156306749e-32,1.491834911129744117e-30,6.973866917842280834e-29,2.860583489526867792e-27,1.029503319848548718e-25,3.250521861476522681e-24,9.002975937942569651e-23,2.187141211589403928e-21,4.659819680604507858e-20,8.705614129431764674e-19,1.425921099869376767e-17,2.047268301364952757e-16,2.575978160404690414e-15,2.839799179502295611e-14,2.742095469745332343e-13,2.318332120047524969e-12,1.715485250160317294e-11,1.110453824513981765e-10,6.284251007394619959e-10,3.106864566085193682e-09,1.340607394760260624e-08,5.042833165403070950e-08,1.651079310862114233e-07,4.695493785341115400e-07,1.156570674716419828e-06,2.457295428421479465e-06,4.475531755331594620e-06,6.918089043905133531e-06,8.915826594336345723e-06,9.236941200012165065e-06,6.984972969260091341e-06,2.376349125741451795e-06,3.100905916363430603e-06,7.451064294654351564e-06,9.333588453406919949e-06,8.713821057565397828e-06,6.585311565438845861e-06,4.162446386293859948e-06,2.236727824816959294e-06,1.031388812776541652e-06,4.104993065707303237e-07,1.415715517598379773e-07,4.242282051302158916e-08,1.106743284936515437e-08,2.517483217780482665e-09,4.998709744278318830e-10,8.671885559247995625e-11,1.315369522626917703e-11,1.745485297864150370e-12,2.027353061064990262e-13,2.061877859013124003e-14,1.836812266390724255e-15,1.433707947574876463e-16,9.807505734224853707e-18,5.881005704277140863e-19,3.091867327280275840e-20,1.425401709490826345e-21,5.763195298905287901e-23,2.043874866045885614e-24,6.358567909689045536e-26,1.735490556662021216e-27,4.156066427002054973e-29,8.733240429532341206e-31,1.610397427190159207e-32,2.606060200949718180e-34,3.701313921624705164e-36,4.613935849067544011e-38,5.048395052273523074e-40,4.848656605499429230e-42,4.087844521095492354e-44,3.025444776237968776e-46,1.965720516264963885e-48,1.121260622733347929e-50,5.615095480169739876e-53,2.468800782137619217e-55,9.530264402084430513e-58,3.230165222444137154e-60,9.612925256483032716e-63,2.511926518701507933e-65,5.763518919784712664e-68,1.161197996286970376e-70,2.054331002755381706e-73,3.191446051575745808e-76,4.353759786685239836e-79,5.215642486338945521e-82,5.486857940613672786e-85
2.118741791294407888e-156,2.654655598224936076e-152,2.921361407236499618e-148,2.823624906394394319e-144,2.397015819760829141e-140,1.787205268186593330e-136,1.170347840969297365e-132,6.731156617990265360e-129,3.400131786768935437e-125,1.508447121401716052e-121,5.877458110640712208e-118,2.011271876463738804e-114,6.044638311291911074e-111,1.595454781798939744e-107,3.698362539516624629e-104,7.529068134424998179e-101,1.346094319799719360e-97,2.113527023009897277e-94,2.914294643597079258e-91,3.528966083850677021e-88,3.752706862032587801e-85,3.504446133270738800e-82,2.873861715155516911e-79,2.069559277361565468e-76,1.308726272001683289e-73,7.267277383429284216e-71,3.543555184884778492e-68,1.517201692724933583e-65,5.703949642825593827e-63,1.882900293328856637e-60,5.457436073625231029e-58,1.388831099573519508e-55,3.103120670911401642e-53,6.087297961552647262e-51,1.048369658471145353e-48,1.585092676073204855e-46,2.103926064146127347e-44,2.451466456615663101e-42,2.507401268220499473e-40,2.251154938280401665e-38,1.773986004846493830e-36,1.226975770426916831e-34,7.447978676434707354e-33,3.967626535594380098e-31,1.854742722033056368e-29,7.607897412544782064e-28,2.738027284278806626e-26,8.644962452551145604e-25,2.394396723404315229e-23,5.816836329176690892e-22,1.239307652469722587e-20,2.315311524812810968e-19,3.792324707846062828e-18,5.444835737101022473e-17,6.850972066736454624e-16,7.552620264006260083e-15,7.292771249504203116e-14,6.165746604531948206e-13,4.562438342993717559e-12,2.953320121297226006e-11,1.671335136833981924e-10,8.262897055787723566e-10,3.565427671374069754e-09,1.341172440218237981e-08,4.391146793303908642e-08,1.248795399641418821e-07,3.075970715700170597e-07,6.535328054640978887e-07,1.190295147329557368e-06,1.839908254017819491e-06,2.371218820428880238e-06,2.456621221254143891e-06,1.857696444592174534e-06,6.320046393060597262e-07,8.247049661022761921e-07,1.981656294093906388e-06,2.482325151648547088e-06,2.317494207735280604e-06,1.751404040571674517e-06,1.107028171283300721e-06,5.948714971365631613e-07,2.743041868478153993e-07,1.091748107945419405e-07,3.765182335236646550e-08,1.128260956533903177e-08,2.943451713486923802e-09,6.695401175599618078e-10,1.329437545479338380e-10,2.306341204500389952e-11,3.498306000986069142e-12,4.642225311680011397e-13,5.391869932851361371e-14,5.483690752603681599e-15,4.885114991388615388e-16,3.813034307383677696e-17,2.608366362041346443e-18,1.564089572793301504e-19,8.223010978448274526e-21,3.790943357246510886e-22,1.532757172201383380e-23,5.435810687534225202e-25,1.691100173259223833e-26,4.615643683837630682e-28,1.105331381940642430e-29,2.322658908933286257e-31,4.282950826062068293e-33,6.930977100416784857e-35,9.843871612363434955e-37,1.227104565774042402e-38,1.342651658177672666e-40,1.289529991987700604e-42,1.087187347224432163e-44,8.046356126017013391e-47,5.227954396098375229e-49,2.982061464632232496e-51,1.493369116167496726e-53,6.565927249205931001e-56,2.534632327667462403e-58,8.590822721272670676e-61,2.556616489381951660e-63,6.680622793251205643e-66,1.532843241161441483e-68,3.088277361505297512e-71,5.463619425055743307e-74,8.487846709230140947e-77,1.157909144663406646e-79,1.387132140063444265e-82,1.459263555223086183e-85
4.950140853391322800e-157,6.202227747831894531e-153,6.825348189619359553e-149,6.597000663897288871e-145,5.600288805543554488e-141,4.175552607588762620e-137,2.734352380296775314e-133,1.572639644065378068e-129,7.943927539332983852e-126,3.524273581383092792e-122,1.373185049123594353e-118,4.699052581049852461e-115,1.412244341035072867e-111,3.727554687207941720e-108,8.640701558224673412e-105,1.759060396756253970e-101,3.144959198112734061e-98,4.937957284052107758e-95,6.808837694787184893e-92,8.244930672380552288e-89,8.767669389860165532e-86,8.187643272100006805e-83,6.714371869965824604e-80,4.835232858235044929e-77,3.057654033898413422e-74,1.697896686441132660e-71,8.279016045760000464e-69,3.544727400408636204e-66,1.332647246995958208e-63,4.399130513762572876e-61,1.275052834367606507e-58,3.244807646078575919e-56,7.250003029721316586e-54,1.422211165610617133e-51,2.449367590320740953e-49,3.703345091167392969e-47,4.915526000118131852e-45,5.727505025611416824e-43,5.858188810294162147e-41,5.259505463611717146e-39,4.144667666450376414e-37,2.866655536917012579e-35,1.740114990551813437e-33,9.269798842664090230e-32,4.333344326614568282e-30,1.777477743866088594e-28,6.397013913303740550e-27,2.019773338508512501e-25,5.594169656939348987e-24,1.359021626366282147e-22,2.895467237026356646e-21,5.409398263816564772e-20,8.860230889279378665e-19,1.272108943759777802e-17,1.600632830878156431e-16,1.764563019081588285e-15,1.703852968065077441e-14,1.440539582697590103e-13,1.065949259392014145e-12,6.900015209801940789e-12,3.904838416150616920e-11,1.930509156485401153e-10,8.330118020232692570e-10,3.133459921848617673e-09,1.025929408863476556e-08,2.917634017836566870e-08,7.186570995195758492e-08,1.526887066961964340e-07,2.780956443394160644e-07,4.298685687953158856e-07,5.540017761280135664e-07,5.739548404909178584e-07,4.340245282062919416e-07,1.476589548293793554e-07,1.926806636595105714e-07,4.629859957018707395e-07,5.799602006750022472e-07,5.414497794090235945e-07,4.091908097368079640e-07,2.586414918061977013e-07,1.389833207894138658e-07,6.408729780811128250e-08,2.550715208884011118e-08,8.796816570429802270e-09,2.636022320970348782e-09,6.876959069191043824e-10,1.564285890114233927e-10,3.106042998231037744e-11,5.388440377759347522e-12,8.173297720514282558e-13,1.084590357372288130e-13,1.259734231912869690e-14,1.281186869176894239e-15,1.141338099420304056e-16,8.908615942685708834e-18,6.094079487367599566e-19,3.654274307733050485e-20,1.921190338037280962e-21,8.857003558766735364e-23,3.581070580481782480e-24,1.270000368436823618e-25,3.951016631296639379e-27,1.078379935579965575e-28,2.582450609489816204e-30,5.426564388755296897e-32,1.000650949741239107e-33,1.619324876663338231e-35,2.299881525163149442e-37,2.866956449049433680e-39,3.136915905623144239e-41,3.012804637751955505e-43,2.540059635817126286e-45,1.879917427597375632e-47,1.221437682596821478e-49,6.967165297844819644e-52,3.489045952417032311e-54,1.534036136457802615e-56,5.921810333410600519e-59,2.007124355197275043e-61,5.973173221269118882e-64,1.560833129872163036e-66,3.581271668446438928e-69,7.215323734401198811e-72,1.276497487068858597e-74,1.983065464858473095e-77,2.705291123753207485e-80,3.240838267217650441e-83,3.409363127803199674e-86
1.015983334449407366e-157,1.272965803375036983e-153,1.400857110503620297e-149,1.353990306615113364e-145,1.149421857488715310e-141,8.570042726199539264e-138,5.612075557386433264e-134,3.227737789260733358e-130,1.630438047940416716e-126,7.233336041890273532e-123,2.818370560241612887e-119,9.644491442657351424e-116,2.898537147037199578e-112,7.650556928813126010e-109,1.773446259634154695e-105,3.610353927949196179e-102,6.454818615144985554e-99,1.013482738250386450e-95,1.397468441758707224e-92,1.692216929765217507e-89,1.799505558707369670e-86,1.680459073638953020e-83,1.378079962413160747e-80,9.923992362327607038e-78,6.275630599127834393e-75,3.484819499346761909e-72,1.699212724900351310e-69,7.275316138758416587e-67,2.735169430017713123e-64,9.028921439659522121e-62,2.616960746424399505e-59,6.659750882949924790e-57,1.488014678988059913e-54,2.918993388518164439e-52,5.027163317992398770e-50,7.600868350571265638e-48,1.008878867103649320e-45,1.175532136627987014e-43,1.202354110234956196e-41,1.079478353593595268e-39,8.506653448174380173e-38,5.883618946154948061e-36,3.571469747603402950e-34,1.902564273780848546e-32,8.893899686218433650e-31,3.648154302287221931e-29,1.312944362321429602e-27,4.145449820653721259e-26,1.148165943124619101e-24,2.789301081399363927e-23,5.942753035496817695e-22,1.110242849286227954e-20,1.818503187988053639e-19,2.610918607656510188e-18,3.285191934752642101e-17,3.621647692599974721e-16,3.497044369395352045e-15,2.956611239926018720e-14,2.187789630610136517e-13,1.416182017488323266e-12,8.014419936776180672e-12,3.962241051479326584e-11,1.709701063709160344e-10,6.431217118967351900e-10,2.105651561435550016e-09,5.988248871977339693e-09,1.474995677739910544e-08,3.133833681836783064e-08,5.707727282917451108e-08,8.822765146178361453e-08,1.137051628371008011e-07,1.178003959757402516e-07,8.908063436174190868e-08,3.030601385536695839e-08,3.954641876793344693e-08,9.502478205126692942e-08,1.190329560271149577e-07,1.111289493801004920e-07,8.398367957908015556e-08,5.308443800991542201e-08,2.852539793726454461e-08,1.315348965844835307e-08,5.235172533278254211e-09,1.805487822764277077e-09,5.410259680808468660e-10,1.411449898683652577e-10,3.210592267454047422e-11,6.374945715179328035e-12,1.105941383208679095e-12,1.677514745029343365e-13,2.226049238659302267e-14,2.585520338440687237e-15,2.629550443008743321e-16,2.342520187458510271e-17,1.828433896901827533e-18,1.250769095536562276e-19,7.500153846369811220e-21,3.943114799276731006e-22,1.817840799964200575e-23,7.349908087492262057e-25,2.606590897696615607e-26,8.109197637840699034e-28,2.213302762896523111e-29,5.300307322533933145e-31,1.113766081729586153e-32,2.053769213135826117e-34,3.323556109766484876e-36,4.720353157573457730e-38,5.884236548199575924e-40,6.438310294744508750e-42,6.183580210269991503e-44,5.213302681538651345e-46,3.858404908360285404e-48,2.506919229857331016e-50,1.429964124377449404e-52,7.161033687264522672e-55,3.148506669293190023e-57,1.215412002749841479e-59,4.119488627584174872e-62,1.225953892287992945e-64,3.203505707763073540e-67,7.350320807103457192e-70,1.480896985342728279e-72,2.619925799565346151e-75,4.070109362722619748e-78,5.552429270138430360e-81,6.651603998062496814e-84,6.997490013967183057e-87
1.831829780489893862e-158,2.295172163853793091e-154,2.525761679567531702e-150,2.441260286513941646e-146,2.072420991072810686e-142,1.545188681115079362e-138,1.011863756795829567e-134,5.819648812627941698e-131,2.939698782638576506e-127,1.304178909686667033e-123,5.081554932694000694e-120,1.738913035607421903e-116,5.226096222016643111e-113,1.379404321344275789e-109,3.197544253279223483e-106,6.509510165252762224e-103,1.163811311264337852e-99,1.827321176430082687e-96,2.519651870368171021e-93,3.051086825821723836e-90,3.244529472900202928e-87,3.029887274335879079e-84,2.484694216379846165e-81,1.789307376829883605e-78,1.131503503358708389e-75,6.283170128961390034e-73,3.063700325898173579e-70,1.311747970027325907e-67,4.931542326239031861e-65,1.627925047395623213e-62,4.718410693489311707e-60,1.200760837739775411e-57,2.682907790267209895e-55,5.262979063566542400e-53,9.064033990551463125e-51,1.370445412838061592e-48,1.819020343152409316e-46,2.119498128347728754e-44,2.167858459033029968e-42,1.946312039240773314e-40,1.533759520486081101e-38,1.060823345932489124e-36,6.439401535385490807e-35,3.430345536028413393e-33,1.603580468052970250e-31,6.577664680270956518e-30,2.367253971080162299e-28,7.474294289595798219e-27,2.070156562853148100e-25,5.029142323903229813e-24,1.071485291087003616e-22,2.001780783146965310e-21,3.278782419671740690e-20,4.707516646945945870e-19,5.923239305855517394e-18,6.529872954403497307e-17,6.305211711985199474e-16,5.330804487617437867e-15,3.944610175097734329e-14,2.553392665279454702e-13,1.445009245303777483e-12,7.143966745786624328e-12,3.082610922879803589e-11,1.159555934025711377e-10,3.796514280091880113e-10,1.079688243372358735e-09,2.659434379444830140e-09,5.650338613676491461e-09,1.029109874270605058e-08,1.590754827665852402e-08,2.050117323954724207e-08,2.123954854228594965e-08,1.606134208659249304e-08,5.464209581575646185e-09,7.130265345363595792e-09,1.713307883542450994e-08,2.146178055453762753e-08,2.003667895392562590e-08,1.514235520520843034e-08,9.571185976179381989e-09,5.143162458478433988e-09,2.371589499227965371e-09,9.439077027436691611e-10,3.255315564642803018e-10,9.754761192868641329e-11,2.544860599981448845e-11,5.788735237196819633e-12,1.149410134409345992e-12,1.994025189729592827e-13,3.024578615574304018e-14,4.013592693843754850e-15,4.661723271852809984e-16,4.741110063004458238e-17,4.223591170528961068e-18,3.296687603460510845e-19,2.255151241198136212e-20,1.352286470474553077e-21,7.109481890388341404e-23,3.277588126353338648e-24,1.325196985227050010e-25,4.699713735503351458e-27,1.462097775149492880e-28,3.990610649644028978e-30,9.556515810791118964e-32,2.008133212261179876e-33,3.702969802073442006e-35,5.992410360057321873e-37,8.510851699312907846e-39,1.060934700299981600e-40,1.160834841876306709e-42,1.114906711079119864e-44,9.399645430134382480e-47,6.956748970841027089e-49,4.520004557971737305e-51,2.578241964457615155e-53,1.291142710971016802e-55,5.676794180889264770e-58,2.191401991263051354e-60,7.427485956239085481e-63,2.210409140832692188e-65,5.775958087568888269e-68,1.325271399053321135e-70,2.670074505758072772e-73,4.723756718822878120e-76,7.338454566802832752e-79,1.001109461762287430e-81,1.199291944909681103e-84,1.261655596271647067e-87
2.901437032525760894e-159,3.635325499754950600e-155,4.000556465716947645e-151,3.866714624234232349e-147,3.282509693053636536e-143,2.447425906804481599e-139,1.602692022537657564e-135,9.217747610120620818e-132,4.656191859779364083e-128,2.065690287332265056e-124,8.048679971012000925e-121,2.754266106811468246e-117,8.277619064609214362e-114,2.184839892549409899e-110,5.064593560174114690e-107,1.031041970068652386e-103,1.843361906951670894e-100,2.894295850018819397e-97,3.990879132778315160e-94,4.832619493457061064e-91,5.139013496808834907e-88,4.799041502528360017e-85,3.935509669451425049e-82,2.834085754582147384e-79,1.792189537501466069e-76,9.951919489458698003e-74,4.852598028919988263e-71,2.077678929621908346e-68,7.811074852703596719e-66,2.578472120607184195e-63,7.473495445136076044e-61,1.901886299115624253e-58,4.249460348576961529e-56,8.336037834453239461e-54,1.435653255796803891e-51,2.170649868351561269e-49,2.881148151837958724e-47,3.357075218152919755e-45,3.433673194586129267e-43,3.082765597354661872e-41,2.429323247784483644e-39,1.680239165034626089e-37,1.019937457129390539e-35,5.433327746168878217e-34,2.539912716889914418e-32,1.041836970560180031e-30,3.749495946751977713e-29,1.183854224601153508e-27,3.278923062918065324e-26,7.965663587210184778e-25,1.697126630693126215e-23,3.170622596640930661e-22,5.193266773666044009e-21,7.456240353853164967e-20,9.381824696573591199e-19,1.034267234291178447e-17,9.986831174989513276e-17,8.443466591853774749e-16,6.247872025448681133e-15,4.044321211788720165e-14,2.288751597621300816e-13,1.131533611699035309e-12,4.882550542507308291e-12,1.836621810661627661e-11,6.013302788333159646e-11,1.710119295072008706e-10,4.212280789554821589e-10,8.949577015636861723e-10,1.630008165359199286e-09,2.519598172175430604e-09,3.247182892263157678e-09,3.364134230760109983e-09,2.543957589205728963e-09,8.654767054406774704e-10,1.129363445507437109e-09,2.713710080693825113e-09,3.399333581541752485e-09,3.173611595625592081e-09,2.398399164593864879e-09,1.515981109830628724e-09,8.146260193094768225e-10,3.756362994147740766e-10,1.495056360146308318e-10,5.156097598373082632e-11,1.545057606873571552e-11,4.030807264978124772e-12,9.168783566886901560e-13,1.820551868440439390e-13,3.158338504423403652e-14,4.790633112573357889e-15,6.357133506301527585e-16,7.383708180967547920e-17,7.509448999352471769e-18,6.689750304826052900e-19,5.221626812286187993e-20,3.571936320092417618e-21,2.141887901270577880e-22,1.126071551982724239e-23,5.191375131276720238e-25,2.098980838329334334e-26,7.443881314568875794e-28,2.315818137238607147e-29,6.320732223368777836e-31,1.513657500858343764e-32,3.180684215506850172e-34,5.865137595473162890e-36,9.491384798924246952e-38,1.348034657025914614e-39,1.680415539329644661e-41,1.838647474093037046e-43,1.765901861509969074e-45,1.488810785481926915e-47,1.101880169487450366e-49,7.159239767451182903e-52,4.083680041760075203e-54,2.045042239069407067e-56,8.991480015162448636e-59,3.470963818974142802e-61,1.176440247971048145e-63,3.501069262303544075e-66,9.148545826736713531e-69,2.099098702463608580e-71,4.229133696329338870e-74,7.481963020040919725e-77,1.162338557239489304e-79,1.585658283812935830e-82,1.899559718283493452e-85,1.998337568426329703e-88
4.037110979186961599e-160,5.058256416892862672e-156,5.566445264725857543e-152,5.380215351180845828e-148,4.567342241986587480e-144,3.405391841470642201e-140,2.230014123315308631e-136,1.282573761313017617e-132,6.478707987659675731e-129,2.874238125832880298e-125,1.119907615249468969e-121,3.832334741290548305e-118,1.151762607033744266e-114,3.040025001093599327e-111,7.046965361538794089e-108,1.434610095171821036e-104,2.564886471684991296e-101,4.027174611111432904e-98,5.552980051931529987e-95,6.724192528240138501e-92,7.150514582112599017e-89,6.677471515749552075e-86,5.475937998009327096e-83,3.943397215764670849e-80,2.493684328669692719e-77,1.384727739547510003e-74,6.751991017042904211e-72,2.890919335478558466e-69,1.086846817408199098e-66,3.587731869047747490e-64,1.039875419533236694e-61,2.646318349579712699e-59,5.912774544661853625e-57,1.159891098346292094e-54,1.997593418816104179e-52,3.020280749593127729e-50,4.008880670528896813e-48,4.671094036931676545e-46,4.777673820733027428e-44,4.289414762348417127e-42,3.380203480441306516e-40,2.337914593623779030e-38,1.419159078795046661e-36,7.560028651900366949e-35,3.534079630398401488e-33,1.449630450435784667e-31,5.217115203038076429e-30,1.647235778104455905e-28,4.562351741161984402e-27,1.108356568277407608e-25,2.361412113044625877e-24,4.411660550363976579e-23,7.226003554370697039e-22,1.037474515509075014e-20,1.305403738311280124e-19,1.439097785050124872e-18,1.389585413429644575e-17,1.174838926305830814e-16,8.693400017899562006e-16,5.627340309107985662e-15,3.184609591662965220e-14,1.574435948772795963e-13,6.793667476020412737e-13,2.555508182089575643e-12,8.367016218450311075e-12,2.379490336843402149e-11,5.861042246409357596e-11,1.245260028871090606e-10,2.268022289219755122e-10,3.505813612358182808e-10,4.518187904416416387e-10,4.680916072348366660e-10,3.539707737521711706e-10,1.204239647661093736e-10,1.571416341019681433e-10,3.775904366794981169e-10,4.729893073714285296e-10,4.415819496594992076e-10,3.337175162276714337e-10,2.109363020506243276e-10,1.133485100526665969e-10,5.226670134654338166e-11,2.080247952441938803e-11,7.174285704223572959e-12,2.149820574515696405e-12,5.608536763681551976e-13,1.275760817440652331e-13,2.533148179287847540e-14,4.394568246445629671e-15,6.665771932741304947e-16,8.845428381431810291e-17,1.027382260250090728e-17,1.044878060873984479e-18,9.308237297889006315e-20,7.265464215414588686e-21,4.970055587333100429e-22,2.980260838154289673e-23,1.566835941947727950e-24,7.223371489579812988e-26,2.920559189301348822e-27,1.035754856849330498e-28,3.222270455240049765e-30,8.794778990343754481e-32,2.106129909745289917e-33,4.425660465418134894e-35,8.160856539600495312e-37,1.320648125390086749e-38,1.875679345509126345e-40,2.338160003947578285e-42,2.558326726137380226e-44,2.457107189764696449e-46,2.071557749012667811e-48,1.533175623016622236e-50,9.961493268268081574e-53,5.682104883636581802e-55,2.845508065036332490e-57,1.251090486590846012e-59,4.829560657308599375e-62,1.636919839444395562e-64,4.871449905440658479e-67,1.272944902359758036e-69,2.920723187550272942e-72,5.884491679984589240e-75,1.041053612932997385e-77,1.617298496696686508e-80,2.206313076954430832e-83,2.643081103720530065e-86,2.780522357431475853e-89
4.934665627223328351e-161,6.182838223374728621e-157,6.804010653978025905e-153,6.576376992709175771e-149,5.582781074260913903e-145,4.162498914193048073e-141,2.725804194950774318e-137,1.567723227565632510e-133,7.919093079268965499e-130,3.513255929086063541e-126,1.368892171439339192e-122,4.684362311899535808e-119,1.407829355436015125e-115,3.715901533581791311e-112,8.613688829738285443e-109,1.753561188089965502e-105,3.135127365784448734e-102,4.922520146395046268e-99,6.787551774572491294e-96,8.219155210499356657e-93,8.740259732078778620e-90,8.162046903198651060e-87,6.693381270641451460e-84,4.820116859668681362e-81,3.048095136664728675e-78,1.692588688950159530e-75,8.253134025523102485e-73,3.533645804985697694e-70,1.328481099373454895e-67,4.385377866788220549e-65,1.271066739512567886e-62,3.234663665599521962e-60,7.227337929896887448e-58,1.417765021531671676e-55,2.441710329941862316e-53,3.691767622050309633e-51,4.900158987575443904e-49,5.709599588520768900e-47,5.839874827024871414e-45,5.243063095811788425e-43,4.131710526152875714e-41,2.857693742880997114e-39,1.734675009381516632e-37,9.240819418066809622e-36,4.319797341690884780e-34,1.771920958532767339e-32,6.377015444567909615e-31,2.013459083996795326e-29,5.576681055460091356e-28,1.354773026648275275e-26,2.886415371295846294e-25,5.392487298242187000e-24,8.832531863946790815e-23,1.268132052152849085e-21,1.595628901535378773e-20,1.759046608010896066e-19,1.698526349931434752e-18,1.436036139966307026e-17,1.062616868181437052e-16,6.878444248675981210e-16,3.892631034700106756e-15,1.924473961387372246e-14,8.304076244013810784e-14,3.123664038779803856e-13,1.022722128484446958e-12,2.908512853886849525e-12,7.164104197824064381e-12,1.522113683054156049e-11,2.772262563524202926e-11,4.285247053537916159e-11,5.522698450503676776e-11,5.721605317574522284e-11,4.326676723236480283e-11,1.471973405465072792e-11,1.920783016386409661e-11,4.615385999188961910e-11,5.781471178681095850e-11,5.397570886264110355e-11,4.079115895056962435e-11,2.578329217673680639e-11,1.385488284413773430e-11,6.388694685701035440e-12,2.542741113618321091e-12,8.769315792167838792e-13,2.627781536959386595e-13,6.855460186616830872e-14,1.559395589281670579e-14,3.096332826479622865e-15,5.371594931134276356e-16,8.147746198952293922e-17,1.081199690000324965e-17,1.255796026369781492e-18,1.277181597983885534e-19,1.137770026158400197e-20,8.880765655063641715e-22,6.075028058096413361e-23,3.642850244648549003e-24,1.915184275609680391e-25,8.829314622775256433e-27,3.569875368307002237e-28,1.266030068698891519e-29,3.938664886615175276e-31,1.075008683348837391e-32,2.574377302400360594e-34,5.409599758108516425e-36,9.975226953704161071e-38,1.614262511884885535e-39,2.292691591015818810e-41,2.857993714296113572e-43,3.127109218390941973e-45,3.003385949568543848e-47,2.532118852210257431e-49,1.874040393341887576e-51,1.217619200467140082e-53,6.945384410811340269e-56,3.478138429416090962e-58,1.529240402990150024e-60,5.903297455303694430e-63,2.000849644182382139e-65,5.954499771509107739e-68,1.555953623125518208e-70,3.570075827626201271e-73,7.192767049660236094e-76,1.272506875912584106e-78,1.976865967211732724e-81,2.696833790270563872e-84,3.230706695886732769e-87,3.398704710789961079e-90
5.298760325518011814e-162,6.639026907188577552e-158,7.306031336511672999e-154,7.061602168620407054e-150,5.994695709300147345e-146,4.469620794538163285e-142,2.926922351872268044e-138,1.683394634438899514e-134,8.503387948116311440e-131,3.772474679486458122e-127,1.469893215848221797e-123,5.029988867272400076e-120,1.511703304177361030e-116,3.990072095473240600e-113,9.249233094044211860e-110,1.882944287158468003e-106,3.366446636143915423e-103,5.285718714027068213e-100,7.288358070725146428e-97,8.825589579647606972e-94,9.385142784055240207e-91,8.764267647050628196e-88,7.187239379458614760e-85,5.175759800111024839e-82,3.272992903402640735e-79,1.817473050849024648e-76,8.862075455396118082e-74,3.794368982691763623e-71,1.426500491487514162e-68,4.708944436833562348e-66,1.364849924837952518e-63,3.473327028099564593e-61,7.760592991504598061e-59,1.522372054056728845e-56,2.621867174004076729e-54,3.964157510254408551e-52,5.261707680630093935e-50,6.130871280790381367e-48,6.270758624196138887e-46,5.629912301050234804e-44,4.436560745216300258e-42,3.068543113382948382e-40,1.862664628515432972e-38,9.922635292166558928e-37,4.638525180339020367e-35,1.902658697527584558e-33,6.847531116692457575e-32,2.162018243440546308e-30,5.988145612485238502e-29,1.454732317440729021e-27,3.099383911244551585e-26,5.790361477413829308e-25,9.484223035571411921e-24,1.361698707283061752e-22,1.713359274245864126e-21,1.888834438111877916e-20,1.823848810588255327e-19,1.541991271401736265e-18,1.141019985484839586e-17,7.385956869114018866e-17,4.179841238839264807e-16,2.066467526763216420e-15,8.916776346326599357e-15,3.354137509869486753e-14,1.098181690071647006e-13,3.123111813577188525e-13,7.692693681591162238e-13,1.634419878461658518e-12,2.976808560742601165e-12,4.601425666424733741e-12,5.930180006095777955e-12,6.143762829194207261e-12,4.645912143661675616e-12,1.580580098085430467e-12,2.062504252569507504e-12,4.955923271590698792e-12,6.208045776337335341e-12,5.795820148081678819e-12,4.380085521636281763e-12,2.768566220447995229e-12,1.487713840715165539e-12,6.860072087901077042e-13,2.730352317404164116e-13,9.416342688982177379e-14,2.821667282855734352e-14,7.361276972772860410e-15,1.674452557573325564e-15,3.324789717268863544e-16,5.767927607662485494e-17,8.748911793176702119e-18,1.160973904641158535e-18,1.348452491848849208e-19,1.371415956238861075e-20,1.221718172942478550e-21,9.536015663080493532e-23,6.523262178711467383e-24,3.911630859375618326e-25,2.056492419602435132e-26,9.480768416522186071e-28,3.833271673823694497e-29,1.359441633071376336e-30,4.229271608914671426e-32,1.154326106614060620e-33,2.764322720797713718e-35,5.808736546821593062e-37,1.071122965834572385e-38,1.733367729266468988e-40,2.461853377481395983e-42,3.068865217604515032e-44,3.357836885352440445e-46,3.224984935959347424e-48,2.718946313113656431e-50,2.012312816064918576e-52,1.307458863156125960e-54,7.457836080819831083e-57,3.734766103455186538e-59,1.642072429556877400e-61,6.338860767651693194e-64,2.148478440652882901e-66,6.393840947098019534e-69,1.670756632643955228e-71,3.833486923644089024e-74,7.723471366159689411e-77,1.366396318899106283e-79,2.122725174759200252e-82,2.895814422271094320e-85,3.469078101078677879e-88,3.649471522514973140e-91
4.998277051843787736e-163,6.262539499468721470e-159,6.891719293936044397e-155,6.661151269413787968e-151,5.654747177801842937e-147,4.216156548956645285e-143,2.760941791126726415e-139,1.587932318807975171e-135,8.021175941722056527e-132,3.558544350142743313e-128,1.386538185932072003e-124,4.744747144958071263e-121,1.425977298515561277e-117,3.763802203688262611e-114,8.724725535985131207e-111,1.776165865642079209e-107,3.175541434976152905e-104,4.985975006944337685e-101,6.875048247620915622e-98,8.325106091793487558e-95,8.852928029203330547e-92,8.267261616926499776e-89,6.779663817486038874e-86,4.882251667461284574e-83,3.087387297200923464e-80,1.714407386696170006e-77,8.359522918427687060e-75,3.579197066354612984e-72,1.345606185791212827e-69,4.441908573155434840e-67,1.287451713124541329e-64,3.276360830001653334e-62,7.320503565958763842e-60,1.436041042564976725e-57,2.473185749823879272e-55,3.739357188504890153e-53,4.963325596543398743e-51,5.783200474835233814e-49,5.915155055799428732e-47,5.310649987829609999e-45,4.184971276229836684e-43,2.894531491139189502e-41,1.757036230370911164e-39,9.359940293162753338e-38,4.375482667451108210e-36,1.794762306862566939e-34,6.459219806095728182e-33,2.039414034224492206e-31,5.648568525327569586e-30,1.372237035107975376e-28,2.923623362207574683e-27,5.462000376776143362e-26,8.946389615879935705e-25,1.284479195512940871e-23,1.616197717187216447e-22,1.781721996610558991e-21,1.720421588440782867e-20,1.454547688988942571e-19,1.076314771527961263e-18,6.967112391741112542e-18,3.942809876456047796e-17,1.949281828743059464e-16,8.411121819119570252e-16,3.163930337359706273e-15,1.035905759655424175e-14,2.946005697401910339e-14,7.256454705148082670e-14,1.541734834135839183e-13,2.807999041820580828e-13,4.340487000982856672e-13,5.593890045378727847e-13,5.795360966457954830e-13,4.382450729222156620e-13,1.490948211940750379e-13,1.945543304779966259e-13,4.674881677472878783e-13,5.855998542002544863e-13,5.467149495942091727e-13,4.131698662133420745e-13,2.611565754263151874e-13,1.403348234858370305e-13,6.471049601134954555e-14,2.575518893694048868e-14,8.882358643015039478e-15,2.661655549867741116e-15,6.943832048427140229e-16,1.579497331217270965e-16,3.136246805878758128e-17,5.440838691879235605e-18,8.252776566215618922e-19,1.095137139419198131e-19,1.271984149396073057e-20,1.293645396563400844e-21,1.152436708304841364e-22,8.995245175601455438e-24,6.153339582841556648e-25,3.689809230573961425e-26,1.939872392167379393e-27,8.943130902131648479e-29,3.615893655065307435e-30,1.282350115965457988e-31,3.989437138163897663e-33,1.088866326194423520e-34,2.607562895930535924e-36,5.479333428680473310e-38,1.010381487543287680e-39,1.635071528310392199e-41,2.322246051101179440e-43,2.894835329403249725e-45,3.167419927838705330e-47,3.042101776204979862e-49,2.564759703619684506e-51,1.898198135368998867e-53,1.233315196475180003e-55,7.034915461195000206e-58,3.522974160391755189e-60,1.548953422669644269e-62,5.979395247830255324e-65,2.026642049570483601e-67,6.031257599085119764e-70,1.576010995617025113e-72,3.616096698450777861e-75,7.285487041964663037e-78,1.288910413928944753e-80,2.002349205581369050e-83,2.731597936884767374e-86,3.272352852075720772e-89,3.442516483430348617e-92
4.141864415651532703e-164,5.189506150903174295e-160,5.710881291722518913e-156,5.519819154461799567e-152,4.685853919725872969e-148,3.493753667475784250e-144,2.287877690601093718e-140,1.315853502620837264e-136,6.646815064491507927e-133,2.948817775105512739e-129,1.148966556613251802e-125,3.931774720994235202e-122,1.181648109736885671e-118,3.118906425817459726e-115,7.229817366867009233e-112,1.471834818057218715e-108,2.631439180649122808e-105,4.131670222437638160e-102,5.697066688652682370e-99,6.898669345553927477e-96,7.336053443649214653e-93,6.850736033811442881e-90,5.618025576507258700e-87,4.045719002763040246e-84,2.558389511221238899e-81,1.420658133840603833e-78,6.927189139084714730e-76,2.965931822502288547e-73,1.115047909630437821e-70,3.680824985471419180e-68,1.066857715599418993e-65,2.714984022267486868e-63,6.066196993485659705e-61,1.189987516082714766e-58,2.049426221125092887e-56,3.098649857908618022e-54,4.112901597569141562e-52,4.792297827202285883e-50,4.901643103126999495e-48,4.400714882434227589e-46,3.467911728333295086e-44,2.398577921708281514e-42,1.455982884521935145e-40,7.756193430412409895e-39,3.625780598723697021e-37,1.487244915847200017e-35,5.352486945053135408e-34,1.689977632196531758e-32,4.680733927264006837e-31,1.137115787421034326e-29,2.422685145920745173e-28,4.526132658153812841e-27,7.413501175351943946e-26,1.064394513821274982e-24,1.339275863271042803e-23,1.476438952823698714e-22,1.425641852816841313e-21,1.205323204657265351e-20,8.918973090115890052e-20,5.773356417800210736e-19,3.267242642933010123e-18,1.615288820288803239e-17,6.969947003135645711e-17,2.621817546724471357e-16,8.584120406658468301e-16,2.441232456667860195e-15,6.013122365028102130e-15,1.277571567490954847e-14,2.326872078092048533e-14,3.596781144684261730e-14,4.635424143902046764e-14,4.802374721098504660e-14,3.631554741852748095e-14,1.235486804866173681e-14,1.612190860886366831e-14,3.873880112381655529e-14,4.852622559265131936e-14,4.530399519158951236e-14,3.423766927561080729e-14,2.164095978379114931e-14,1.162896345368616292e-14,5.362289804439254639e-15,2.134225443485095187e-15,7.360441369891333520e-16,2.205603309774962026e-16,5.754064965054371604e-17,1.308863779044421864e-17,2.598877354984168470e-18,4.508596849566038013e-19,6.838732874427603984e-20,9.074946228413038096e-21,1.054040388520386955e-21,1.071990163595112143e-22,9.549763936472920474e-24,7.453985746778949514e-25,5.099016719412153221e-26,3.057591524868321003e-27,1.607491611347004268e-28,7.410800814734332699e-30,2.996340760097500745e-31,1.062630234105618148e-32,3.305880716426556027e-34,9.022982605983338337e-36,2.160778976076780256e-37,4.540495837736007534e-39,8.372611374044014572e-41,1.354915805969093493e-42,1.924348767321662081e-44,2.398829699847246528e-46,2.624709225292958905e-48,2.520863282480434651e-50,2.125309749927487265e-52,1.572957887126928100e-54,1.021997034694329109e-56,5.829542002900463464e-59,2.919342237503191147e-61,1.283553311733815956e-63,4.954876279812279560e-66,1.679394019442149562e-68,4.997852454391357706e-71,1.305974797658639054e-73,2.996509013710526351e-76,6.037180255679163667e-79,1.068066480318145194e-81,1.659263549476615400e-84,2.263561658407826371e-87,2.711662777570971385e-90,2.852670305212115132e-93
3.015094543278380812e-165,3.777731501486654604e-161,4.157269599388801796e-157,4.018184793689979525e-153,3.411094899816686722e-149,2.543298515170034984e-145,1.665474010822410302e-141,9.578832905568766810e-138,4.838588089796468650e-134,2.146609229708904056e-130,8.363969574093514646e-127,2.862158515346166182e-123,8.601876860765038061e-120,2.270426262612517043e-116,5.262988042140710050e-113,1.071430805837043826e-109,1.915571616627190474e-106,3.007673620415805402e-103,4.147213177895135282e-100,5.021926893852505174e-97,5.340323218586040713e-94,4.987033557864668755e-91,4.089674735781903942e-88,2.945104924914903229e-85,1.862394680451265923e-82,1.034176437794093039e-79,5.042688045166318413e-77,2.159067501091334070e-74,8.117056789969577359e-72,2.679478180530624299e-69,7.766253440363888149e-67,1.976388575080078831e-64,4.415923752690843808e-62,8.662584059369787970e-60,1.491891862228242497e-57,2.255680374954614535e-55,2.994010889638818988e-53,3.488581367839271060e-51,3.568179904075263558e-49,3.203526261846081541e-47,2.524486723697142419e-45,1.746058894646609167e-43,1.059891297657803092e-41,5.646166591128942050e-40,2.639408295699064132e-38,1.082648677089246877e-36,3.896374328432802066e-35,1.230229149424082092e-33,3.407367771212892635e-32,8.277701203285179349e-31,1.763607890191409596e-29,3.294824868767448158e-28,5.396701750042440585e-27,7.748322418255275849e-26,9.749337356464925471e-25,1.074782412799213745e-23,1.037804365312623348e-22,8.774221105632833577e-22,6.492618878112822463e-21,4.202748734586710693e-20,2.378408483640686599e-19,1.175858989846959579e-18,5.073813883590616566e-18,1.908567491664892742e-17,6.248860899248441343e-17,1.777109514052856015e-16,4.377287764983769371e-16,9.300157308950140254e-16,1.693860204367609891e-15,2.618297972700549679e-15,3.374384248127862916e-15,3.495916901975317945e-15,2.643611617125193727e-15,8.993798806080216963e-16,1.173603812095620910e-15,2.820013794755146205e-15,3.532495111075323717e-15,3.297930955312174500e-15,2.492351256533486565e-15,1.575366385939929404e-15,8.465372289999305131e-16,3.903510377534017783e-16,1.553621954513371264e-16,5.358076552822070526e-17,1.605581891770608167e-17,4.188705408181862590e-18,9.527950802009654408e-19,1.891868044268022223e-19,3.282059573846897307e-20,4.978295787448112403e-21,6.606160440797817993e-22,7.672948954612376768e-23,7.803615397181969831e-24,6.951806781903749147e-25,5.426172731742228517e-26,3.711859188021771756e-27,2.225791720116450945e-28,1.170182965772860800e-29,5.394736006659573432e-31,2.181203865928322922e-32,7.735479240378741598e-34,2.406535296317351438e-35,6.568333216459040559e-37,1.572951754620171620e-38,3.305280629756863324e-40,6.094891655909648665e-42,9.863189238499715737e-44,1.400840994646780424e-45,1.746242178022847287e-47,1.910672506073853095e-49,1.835077241696393462e-51,1.547131722990724134e-53,1.145043938270911025e-55,7.439687477233775934e-58,4.243649361463453197e-60,2.125152338882371595e-62,9.343701767711470084e-65,3.606931307896833315e-67,1.222524746319249047e-69,3.638216066754382766e-72,9.506920292220992880e-75,2.181326347134756832e-77,4.394800847874149943e-80,7.775052714173216208e-83,1.207870652400218557e-85,1.647773012281021361e-88,1.973970855484160688e-91,2.076618113937454212e-94
1.928126372933217356e-166,2.415825982678314735e-162,2.658537249471124956e-158,2.569593742694299937e-154,2.181365108957068426e-150,1.626416973318332532e-146,1.065055943556534243e-142,6.125579175728591006e-139,3.094234416133812467e-135,1.372737673321584048e-131,5.348684788071233335e-128,1.830325131681945947e-124,5.500824400000870625e-121,1.451917574028834480e-117,3.365634443241012085e-114,6.851705523180286478e-111,1.224991157075781599e-107,1.923380758202430203e-104,2.652106256603835676e-101,3.211477964620948853e-98,3.415089606628283262e-95,3.189163983950677944e-92,2.615310930253818162e-89,1.883368629168810670e-86,1.190984975312604977e-83,6.613467124682568799e-81,3.224754537811009450e-78,1.380704628012168948e-75,5.190786239932865587e-73,1.713502668465989743e-70,4.966450591287819171e-68,1.263883065714944789e-65,2.823944299662745377e-63,5.539646118183084677e-61,9.540516902005708145e-59,1.442487708903299495e-56,1.914643562350241165e-54,2.230917021973232493e-52,2.281819583986001391e-50,2.048626795343585727e-48,1.614386998555125668e-46,1.116589266154204909e-44,6.777911385941427959e-43,3.610673746402482406e-41,1.687878330457129395e-39,6.923442820630465783e-38,2.491697024301926848e-36,7.867206927375540989e-35,2.178981643083119322e-33,5.293516925663989387e-32,1.127811694055951005e-30,2.107011449386574484e-29,3.451143180340803586e-28,4.954983860768834336e-27,6.234615268545506981e-26,6.873138754154078488e-25,6.636667401248143787e-24,5.611037024839995922e-23,4.151972519804121990e-22,2.687620755388363460e-21,1.520971252175773143e-20,7.519514551310570669e-20,3.244659237012450992e-19,1.220512080925660437e-18,3.996091441808895875e-18,1.136445863455763868e-17,2.799236926219087367e-17,5.947368589086879008e-17,1.083208664015273558e-16,1.674378465053649330e-16,2.157888970922733987e-16,2.235608031366252276e-16,1.690566317443689185e-16,5.751455028030711981e-17,7.505092888456107023e-17,1.803373954502555390e-16,2.258999473535586148e-16,2.108997764341234645e-16,1.593836650678664622e-16,1.007432912024823078e-16,5.413530930711012227e-17,2.496260464775569836e-17,9.935275398730614762e-18,3.426442707320300863e-18,1.026755461559052256e-18,2.678640171988985540e-19,6.093040519186061066e-20,1.209832931573232272e-20,2.098848155850503862e-21,3.183576256819433346e-22,4.224581347916998275e-23,4.906783195422106074e-24,4.990343233212637209e-25,4.445619135099597240e-26,3.469989613258883315e-27,2.373701219087664462e-28,1.423374177696307345e-29,7.483216877875006648e-31,3.449886104781607043e-32,1.394860638124753975e-33,4.946770761770680534e-35,1.538958100856640363e-36,4.200391171516175299e-38,1.005888776588363915e-39,2.113697816339091996e-41,3.897629468414314566e-43,6.307422543147052966e-45,8.958254632803922940e-47,1.116706474256921267e-48,1.221858219077893828e-50,1.173515714117287940e-52,9.893770940456979665e-55,7.322455013792688830e-57,4.757614537566929674e-59,2.713776345610500925e-61,1.359016180848161833e-63,5.975214886485341132e-66,2.306600765014498185e-68,7.817937948906073352e-71,2.326607092431425207e-73,6.079591693628743829e-76,1.394938963775919685e-78,2.810436388295437755e-81,4.972077649296046552e-84,7.724226310508903536e-87,1.053736311079214712e-89,1.262336955352766484e-92,1.327978971976637923e-95
1.083177322102842158e-167,1.357155814741752988e-163,1.493505456393426932e-159,1.443539027407653018e-155,1.225441055325773254e-151,9.136838780439544075e-148,5.983240834344016102e-144,3.441210358944978969e-140,1.738270165209855239e-136,7.711726460521003917e-133,3.004768850653687782e-129,1.028234820364421067e-125,3.090237406942853449e-122,8.156541043301440643e-119,1.890736496623514123e-115,3.849131542733414806e-112,6.881720304992481621e-109,1.080511344224722733e-105,1.489892671603926198e-102,1.804134910730334892e-99,1.918519276939088558e-96,1.791599426455453058e-93,1.469221898349025711e-90,1.058033444753680417e-87,6.690681349173766108e-85,3.715294656246468131e-82,1.811593386065382942e-79,7.756482990840591988e-77,2.916065055643781528e-74,9.626066309237621485e-72,2.790038416227763028e-69,7.100206157593392102e-67,1.586427356222513358e-64,3.112046560808444783e-62,5.359644312976419407e-60,8.103566216558385182e-58,1.075602987314932137e-55,1.253278187372011259e-53,1.281874083150995825e-51,1.150871704945336444e-49,9.069257132101603661e-48,6.272743260918154287e-46,3.807675683261766516e-44,2.028393975890917605e-42,9.482114635661055551e-41,3.889431916628904668e-39,1.399778431622376723e-37,4.419617018699628785e-36,1.224102078679752481e-34,2.973776806611640201e-33,6.335788295581029147e-32,1.183670868997000875e-30,1.938773350518039581e-29,2.783596669135282194e-28,3.502464343480313476e-27,3.861172241961514378e-26,3.728328041295884555e-25,3.152152340273376573e-24,2.332483253472119259e-23,1.509843905210429723e-22,8.544468822447507055e-22,4.224291389576758528e-21,1.822775391083808360e-20,6.856557879033911626e-20,2.244912827072892795e-19,6.384293085623091635e-19,1.572547318597099798e-18,3.341095725008749432e-18,6.085218668432067705e-18,9.406275477697747611e-18,1.212252697608140833e-17,1.255913489220699786e-17,9.497215132125884115e-18,3.231035964700432908e-18,4.216189629044266271e-18,1.013094265088212874e-17,1.269054266736444967e-17,1.184786735334225245e-17,8.953809975251443346e-18,5.659527814999617682e-18,3.041197931298559687e-18,1.402342068166735916e-18,5.581410612820217029e-19,1.924897189392608453e-19,5.768077481424439927e-20,1.504798818739957340e-20,3.422930885486473083e-21,6.796564859072734442e-22,1.179084917289650172e-22,1.788460369080933379e-23,2.373273233371973777e-24,2.756518637141774375e-25,2.803460756309522982e-26,2.497447209603455724e-27,1.949360845728919665e-28,1.333491085468345737e-29,7.996190767315313421e-31,4.203900186354498322e-32,1.938067154204269922e-33,7.836008219789966621e-35,2.778982737857224131e-36,8.645514826798509467e-38,2.359683745223287329e-39,5.650853215084936992e-41,1.187427117110129931e-42,2.189599141119751046e-44,3.543365806081894414e-46,5.032542679819209327e-48,6.273401709247041281e-50,6.864120175465279986e-52,6.592543033002808969e-54,5.558094356894715394e-56,4.113587845898782150e-58,2.672719094941682458e-60,1.524537517917436972e-62,7.634642252342033356e-65,3.356739138361559636e-67,1.295795584190447451e-69,4.391938832813727877e-72,1.307034681617246747e-74,3.415375642708487255e-77,7.836448235395757545e-80,1.578838920387895201e-82,2.793199568790286262e-85,4.339293776476371027e-88,5.919649726591155342e-91,7.091520462997398541e-94,7.460282307565551841e-97
5.345558988741424458e-169,6.697662807901920909e-165,7.370558221856221030e-161,7.123970255001861465e-157,6.047640875413035362e-153,4.509096495540525875e-149,2.952772936727439508e-145,1.698262379671180350e-141,8.578489889774791710e-138,3.805793184418324501e-134,1.482875316066909976e-130,5.074413740366732522e-127,1.525054671191582825e-123,4.025312421276992820e-120,9.330922341729829910e-117,1.899574455376834648e-113,3.396179100475393445e-110,5.332402193707841448e-107,7.352728865748666289e-104,8.903537206847094209e-101,9.468032386426376279e-98,8.841673678800225014e-95,7.250717093971145287e-92,5.221472122413380922e-89,3.301899984153636147e-86,1.833524976959367224e-83,8.940345325937254975e-81,3.827880858159122137e-78,1.439099347065782648e-75,4.750533844785501209e-73,1.376904282471679521e-70,3.504003460294415501e-68,7.829134566416093857e-66,1.535817647493811939e-63,2.645023510835909728e-61,3.999168958380915957e-59,5.308179094807443149e-57,6.185019149857981152e-55,6.326141978598218689e-53,5.679635699271709277e-51,4.475744459788016155e-49,3.095644493125225107e-47,1.879115686741948410e-45,1.001027202958728538e-43,4.679492645259295962e-42,1.919462983462746905e-40,6.908008527058740010e-39,2.181113193473862160e-37,6.041032928126373577e-36,1.467580516570258432e-34,3.126757676983563146e-33,5.841501963125111131e-32,9.567987714948488794e-31,1.373725233356525685e-29,1.728491667244933396e-28,1.905516628156199284e-27,1.839957047423085822e-26,1.555610141810724292e-25,1.151097476586277347e-24,7.451189656946422097e-24,4.216757606147958103e-23,2.084718572650225669e-22,8.995529335255255619e-22,3.383761259968852881e-21,1.107880833250477206e-20,3.150695144203968237e-20,7.760635569646121663e-20,1.648855078537619844e-19,3.003099740706963116e-19,4.642065468356196042e-19,5.982555369367389144e-19,6.198024556442956218e-19,4.686944850264232023e-19,1.594539785104343136e-19,2.080720294809641121e-19,4.999693997165295651e-19,6.262875250724773041e-19,5.847008844780141445e-19,4.418770446906446789e-19,2.793018203591682373e-19,1.500853332733130524e-19,6.920660260150911365e-20,2.754466795269207440e-20,9.499507848984229003e-21,2.846588254702826730e-21,7.426291787702970926e-22,1.689241326362809316e-22,3.354154267598291951e-23,5.818869957386327925e-24,8.826182201991975466e-25,1.171227628801888685e-25,1.360362027317528657e-26,1.383528305076945522e-27,1.232508390618913457e-28,9.620237775061380225e-30,6.580875645080956146e-31,3.946178392004088364e-32,2.074655365319636987e-33,9.564502584694934682e-35,3.867127137947975299e-36,1.371448224660859569e-37,4.266624545366641226e-39,1.164521117407949611e-40,2.788737225342169312e-42,5.860039321187684322e-44,1.080583126300007792e-45,1.748676836985689633e-47,2.483596472099544485e-49,3.095969442171492401e-51,3.387493308344826508e-53,3.253468010233705278e-55,2.742960053122453432e-57,2.030085567424195129e-59,1.319006342803129780e-61,7.523703706011228548e-64,3.767751566159977625e-66,1.656575216981844591e-68,6.394845600342626449e-71,2.167453807116758933e-73,6.450311364855512300e-76,1.685512759015267324e-78,3.867344288854728771e-81,7.791685082796114630e-84,1.378464334288695492e-86,2.141473088321209604e-89,2.921390261821414803e-92,3.499717006741407975e-95,3.681703663285997409e-98
2.317481081833358478e-170,2.903663935335297559e-166,3.195386914200961808e-162,3.088482669125321338e-158,2.621857386292054332e-154,1.954846227791693891e-150,1.280127192353442001e-146,7.362543272214425373e-143,3.719066251467568956e-139,1.649940394416789908e-135,6.428767316835437898e-132,2.199930422517573966e-128,6.611629123711162452e-125,1.745109427176521251e-121,4.045271233288935702e-118,8.235299382427019618e-115,1.472358799603566584e-111,2.311777165058525475e-108,3.187657283760123079e-105,3.859985285305393465e-102,4.104713086872295867e-99,3.833165348194604918e-96,3.143431721621553330e-93,2.263685217673212222e-90,1.431485605808624701e-87,7.948952497059635404e-85,3.875942853040362742e-82,1.659516149944711910e-79,6.238983647415898303e-77,2.059517505482603244e-74,5.969346952947409351e-72,1.519104315754140358e-69,3.394195309231625914e-67,6.658290275553970563e-65,1.146707380888885830e-62,1.733775349524387407e-60,2.301275630314901500e-58,2.681415526564393676e-56,2.742597058094955680e-54,2.462314663909528476e-52,1.940386989373461957e-50,1.342066856620829168e-48,8.146603683120784256e-47,4.339792358748788190e-45,2.028718736583126845e-43,8.321522895591704978e-42,2.994855937110536460e-40,9.455865277811400097e-39,2.618992617077550642e-37,6.362459174771086789e-36,1.355555476826717189e-34,2.532489177942108552e-33,4.148047111128071563e-32,5.955564697063311317e-31,7.493597484164337196e-30,8.261060716331049397e-29,7.976837703542298700e-28,6.744097449767918461e-27,4.990397881595855728e-26,3.230343375407477140e-25,1.828107406448518622e-24,9.037961910511746134e-24,3.899866992291967561e-23,1.466975244672602495e-22,4.803039078593690309e-22,1.365933180551384163e-21,3.364498671428514104e-21,7.148345868495529138e-21,1.301945568388779427e-20,2.012492786292625193e-20,2.593640612466162146e-20,2.687053811316673640e-20,2.031949520142335679e-20,6.912870653883327289e-21,9.020628020316383634e-21,2.167536880201455806e-20,2.715168786281412710e-20,2.534876597871954331e-20,1.915686822882525135e-20,1.210868098485345555e-20,6.506708115167638732e-21,3.000340892409176809e-21,1.194154755755363832e-21,4.118358767180038842e-22,1.234092532125665306e-22,3.219549304840306683e-23,7.323433947211757642e-24,1.454139609549138089e-24,2.522677436035604967e-25,3.826449267703735318e-26,5.077668917294661221e-27,5.897630667613367558e-28,5.998064337052836106e-29,5.343341799196866425e-30,4.170699283911971202e-31,2.853032740167779053e-32,1.710802142165249302e-33,8.994334494446839589e-35,4.146536188988379799e-36,1.676530743018039497e-37,5.945693092265491746e-39,1.849726415515997199e-40,5.048593916320351919e-42,1.209012149252973396e-43,2.540525751237376601e-45,4.684694262701469928e-47,7.581107039488838445e-49,1.076723285838186819e-50,1.342207733051164574e-52,1.468593214192207490e-54,1.410488702855757807e-56,1.189166192857473130e-58,8.801109307592736699e-61,5.718339752127421813e-63,3.261780674524100406e-65,1.633448062964838172e-67,7.181815286437260513e-70,2.772382407762581844e-72,9.396647206256245448e-75,2.796428697443112688e-77,7.307269343459959899e-80,1.676624885299418139e-82,3.377959688222559383e-85,5.976110306565301639e-88,9.284011980587354409e-91,1.266521738640618522e-93,1.517245992791363064e-96,1.596143379308480798e-99
8.826098551132328830e-172,1.105856882868559104e-167,1.216959225030980400e-163,1.176244873144419749e-159,9.985312009590017388e-156,7.445008114217102965e-152,4.875348863152061574e-148,2.804015662389576562e-144,1.416401864547959562e-140,6.283777951316403492e-137,2.448388223984320316e-133,8.378408292944801101e-130,2.518030921022676771e-126,6.646228056621779169e-123,1.540636635653824623e-119,3.136403766880303006e-116,5.607460604443642408e-113,8.804375253376303066e-110,1.214015404666418241e-106,1.470070707419236733e-103,1.563274993390368546e-100,1.459856366947138477e-97,1.197172153044270802e-94,8.621217655903131210e-92,5.451795542337262823e-89,3.027348903396099509e-86,1.476148127708782971e-83,6.320247099931254369e-81,2.376109344004423887e-78,7.843647403926256960e-76,2.273418536427392469e-73,5.785490334915200589e-71,1.292675160798328384e-68,2.535801764023889576e-66,4.367221131759610723e-64,6.603062359549298421e-62,8.764380285859329745e-60,1.021213846339897557e-57,1.044514758309821613e-55,9.377695489262754997e-54,7.389940280328518979e-52,5.111245322169016406e-50,3.102624117532661678e-48,1.652804648548005668e-46,7.726350666665950384e-45,3.169241887139131277e-43,1.140587245979234277e-41,3.601254805591697570e-40,9.974401570832085300e-39,2.423134848618937326e-37,5.162616568388038512e-36,9.644954273587143772e-35,1.579778703892250664e-33,2.268169581014437732e-32,2.853927499827010883e-31,3.146214939607263681e-30,3.037968950415079460e-29,2.568481322099230434e-28,1.900586971673072455e-27,1.230272350822361404e-26,6.962324852552092717e-26,3.442096815755890940e-25,1.485259607083210711e-24,5.586957400881278802e-24,1.829231599123590970e-23,5.202139926970585508e-23,1.281365232361695850e-22,2.722438841355695748e-22,4.958443883267895431e-22,7.664554332069939323e-22,9.877848769202788052e-22,1.023361180239153454e-21,7.738655066622522349e-22,2.632758391888237464e-22,3.435495224729618538e-22,8.255037880495685570e-22,1.034068734304939941e-21,9.654046733399040005e-22,7.295869996270125076e-22,4.611576445403273687e-22,2.478071882361161108e-22,1.142676184542483493e-22,4.547923882621477857e-23,1.568471934160197614e-23,4.700026418829346248e-24,1.226161442157748384e-24,2.789120923465282542e-25,5.538073040419817916e-26,9.607586373711640680e-27,1.457298555849828049e-27,1.933824039616774613e-28,2.246105476267365963e-29,2.284355517283412535e-30,2.035005233990750042e-31,1.588405756382736026e-32,1.086574053687036325e-33,6.515569178363502678e-35,3.425481367339142070e-36,1.579203271030601004e-37,6.385046970986543274e-39,2.264409992318087018e-40,7.044660585991196025e-42,1.922750860810346453e-43,4.604508085294811268e-45,9.675561465366784029e-47,1.784160119736726435e-48,2.887255407679290230e-50,4.100687555813383066e-52,5.111781848342916539e-54,5.593119418142599518e-56,5.371829092477951116e-58,4.528925001420862295e-60,3.351891789624683194e-62,2.177822748877110386e-64,1.242245208005969713e-66,6.220967107303357630e-69,2.735185628525474860e-71,1.055858472551855192e-73,3.578701674966934449e-76,1.065016472769407502e-78,2.782964653761159085e-81,6.385405510720249437e-84,1.286491844257725478e-86,2.275994351437732886e-89,3.535804686082086651e-92,4.823532657943665998e-95,5.778412934481770889e-98,6.078892672713659283e-101
2.952914353899025653e-173,3.699823476777953616e-169,4.071534373752273843e-165,3.935317909139880050e-161,3.340748008925792547e-157,2.490848158789235797e-153,1.631126998511119580e-149,9.381288969369538839e-146,4.738802056746955367e-142,2.102339782595685229e-138,8.191479721915301520e-135,2.803132320328066049e-131,8.424480654932748110e-128,2.223603341157541318e-124,5.154449623706426481e-121,1.049334725778923469e-117,1.876066850132689208e-114,2.945646472470159812e-111,4.061685345486285431e-108,4.918359871054564256e-105,5.230189919512215306e-102,4.884186139115197100e-99,4.005333516653601743e-96,2.884368128990187541e-93,1.823986580053589808e-90,1.012848653265368954e-87,4.938692865869566673e-85,2.114541127482373860e-82,7.949659011507917540e-80,2.624219395670910146e-77,7.606090267117346500e-75,1.935629582578033520e-72,4.324854311492647639e-70,8.483935891097033448e-68,1.461124628500482632e-65,2.209161557426062018e-63,2.932265507713685567e-61,3.416636476229391525e-59,3.494593454633218451e-57,3.137460051722410503e-55,2.472424322233498968e-53,1.710049983092849952e-51,1.038033196472914700e-49,5.529725894872301245e-48,2.584975870672918356e-46,1.060321251263791914e-44,3.816019536848717117e-43,1.204858176676089530e-41,3.337097744766711845e-40,8.106990460702907680e-39,1.727237066315731809e-37,3.226875810663872525e-36,5.285405758483932379e-35,7.588529035851017386e-34,9.548277112932826116e-33,1.052617212667410274e-31,1.016401762161477107e-30,8.593270650459418416e-30,6.358721825929196245e-29,4.116075594333315204e-28,2.329358648615820502e-27,1.151609290999507624e-26,4.969176797215908202e-26,1.869207170995029522e-25,6.119990859339813752e-25,1.740460246660396192e-24,4.287015112406415117e-24,9.108360489836868261e-24,1.658927784579410133e-23,2.564300905129363843e-23,3.304794439723348129e-23,3.423820729897799635e-23,2.589092507150799359e-23,8.808320007665960882e-24,1.149400621694412333e-23,2.761856748832298555e-23,3.459644587875739142e-23,3.229917840493109851e-23,2.440951583686670966e-23,1.542877660027744777e-23,8.290791213155498864e-24,3.823008419458763550e-24,1.521581663250175359e-24,5.247577127355710179e-25,1.572470032537027982e-25,4.102321882959056240e-26,9.331456205651178410e-27,1.852852115718133851e-27,3.214373773973691536e-28,4.875628567431537480e-29,6.469921824933332425e-30,7.514709996518751578e-31,7.642681709611497014e-32,6.808439913628256418e-33,5.314268961158907612e-34,3.635309645729875381e-35,2.179889295271276111e-36,1.146050323371370773e-37,5.283480554558098782e-39,2.136220974842060590e-40,7.575950722385018281e-42,2.356905403017775053e-43,6.432874710119776097e-45,1.540512825564513276e-46,3.237115942859937519e-48,5.969196918326466770e-50,9.659781031585230345e-52,1.371951499778210949e-53,1.710229486622427445e-55,1.871268773765728549e-57,1.797232507883199210e-59,1.515225279545118678e-61,1.121429737154872138e-63,7.286259062430423734e-66,4.156132729013818594e-68,2.081325396478737331e-70,9.151006932749125755e-73,3.532545689607459646e-75,1.197312661207459057e-77,3.563185263977346737e-80,9.310859407335089792e-83,2.136340930122405381e-85,4.304167023601339916e-88,7.614708073810925090e-91,1.182960778154829999e-93,1.613791047044221020e-96,1.933261723528297281e-99,2.033792091157972044e-102
8.678855009749625011e-175,1.087408155749774295e-170,1.196657005996458429e-166,1.156621881213293400e-162,9.818729607007326625e-159,7.320804950838450903e-155,4.794014666857275224e-151,2.757236987324465022e-147,1.392772395043912575e-143,6.178947293301835768e-140,2.407542390382450456e-136,8.238633453466150821e-133,2.476023256143810778e-129,6.535350736339388371e-126,1.514934589285354514e-122,3.084079946207046499e-119,5.513912775492601609e-116,8.657494116208680017e-113,1.193762296632879075e-109,1.445545894356578084e-106,1.537195277098192976e-103,1.435501957110238010e-100,1.177200036663029504e-97,8.477392090017494226e-95,5.360844633747045210e-92,2.976844417077463789e-89,1.451521926599764506e-86,6.214808036455410587e-84,2.336469320443627995e-81,7.712793843384439150e-79,2.235491677306284422e-76,5.688972481572598529e-74,1.271109792201500487e-71,2.493497632724747978e-69,4.294363900254124966e-67,6.492905161536974796e-65,8.618166374492557471e-63,1.004177197318459087e-60,1.027089386142705907e-58,9.221249797448911322e-57,7.266655799519996597e-55,5.025975725673689370e-53,3.050863834096601868e-51,1.625231331951580780e-49,7.597453937547577324e-48,3.116370236516909804e-46,1.121559121108426190e-44,3.541175994107582416e-43,9.808001184306924509e-42,2.382710310610429372e-40,5.076489958548726286e-39,9.484049971931710547e-38,1.553423660426198142e-36,2.230330288872088139e-35,2.806316158362607290e-34,3.093727441652553251e-33,2.987287292572046785e-32,2.525632006103097015e-31,1.868879966047125142e-30,1.209748032319954750e-29,6.846174170390378250e-29,3.384673196249642836e-28,1.460481401497957368e-27,5.493751621625613816e-27,1.798714996901344866e-26,5.115353959063695016e-26,1.259988544404158416e-25,2.677021091500575464e-25,4.875723434036892621e-25,7.536688535374335679e-25,9.713059148333975768e-25,1.006288707796624476e-24,7.609553066338059644e-25,2.588836758000444413e-25,3.378181737875251817e-25,8.117321198024721294e-25,1.016817630480603669e-24,9.492990744567761969e-25,7.174154865908287593e-25,4.534642696790327132e-25,2.436730843888927353e-25,1.123613210444929069e-25,4.472052033409226888e-26,1.542305518637085797e-26,4.621617081965614010e-27,1.205705704891621831e-27,2.742590733514529342e-28,5.445682786427269716e-29,9.447305471160562475e-30,1.432986817320244647e-30,1.901562548500147184e-31,2.208634273931614675e-32,2.246246199310912286e-33,2.001055762925604447e-34,1.561906790008964414e-35,1.068447017068912746e-36,6.406871606685259821e-38,3.368334939103713349e-39,1.552857827363146981e-40,6.278526867857063087e-42,2.226633420429876733e-43,6.927136317879697331e-45,1.890674100699357015e-46,4.527692256322266685e-48,9.514146551773039934e-50,1.754395433460623553e-51,2.839088065265894109e-53,4.032276835683197093e-55,5.026503301118743913e-57,5.499810839530624155e-59,5.282212243687687912e-61,4.453370105675830321e-63,3.295973037462940094e-65,2.141490689794126016e-67,1.221521149394262893e-69,6.117184306511452812e-72,2.689555227285101418e-74,1.038243856105895734e-76,3.518999111583990676e-79,1.047249075751328129e-81,2.736537167280377486e-84,6.278879426167104180e-87,1.265029630346326327e-89,2.238024520654578390e-92,3.476817762177953514e-95,4.743062898127161349e-98,5.682013151599357307e-101,5.977480063325449574e-104
2.240802182570074993e-176,2.807589902137215447e-172,3.089660592106529036e-168,2.986293506365538535e-164,2.535107535351721201e-160,1.890165890958616231e-156,1.237771401492010512e-152,7.118937523575618470e-149,3.596012860143285960e-145,1.595348529876663544e-141,6.216057575494753059e-138,2.127140942345959123e-134,6.392869001990071577e-131,1.687368688311320898e-127,3.911424641046645074e-124,7.962816600707272642e-121,1.423642608148278940e-117,2.235286992280467475e-114,3.082186713290987379e-111,3.732269281419644379e-108,3.968899731689676750e-105,3.706336740228652346e-102,3.039424450013230952e-99,2.188786271515803100e-96,1.384121792819865748e-93,7.685944124495791633e-91,3.747698858338122784e-88,1.604607450716895148e-85,6.032553311323884432e-83,1.991373891896230028e-80,5.771838133019947559e-78,1.468841447283590328e-75,3.281890979225626642e-73,6.437986268191828513e-71,1.108766074514045219e-68,1.676409623256034742e-66,2.225132923641980587e-64,2.592695065086156890e-62,2.651852272652214607e-60,2.380843630747629115e-58,1.876185067874759161e-56,1.297661657324242047e-54,7.877055591419735132e-53,4.196200894848586429e-51,1.961594167215095170e-49,8.046187221513370776e-48,2.895764618301771393e-46,9.142997420217903920e-45,2.532337553253747572e-43,6.151943382449077645e-42,1.310703977209653758e-40,2.448696268440139920e-39,4.010799955554855713e-38,5.758511893031329691e-37,7.245655522038972368e-36,7.987725564884118088e-35,7.712906688305253447e-34,6.520954325522522274e-33,4.825279719706315772e-32,3.123460442806434916e-31,1.767620499020579844e-30,8.738921294249295701e-30,3.770831415436053340e-29,1.418437179835388585e-28,4.644120089974749480e-28,1.320738312047864944e-27,3.253176919238257513e-27,6.911827306574475506e-27,1.258867869128035888e-26,1.945905087761082096e-26,2.507824374823791409e-26,2.598146794931526610e-26,1.964718053276938173e-26,6.684143301306319642e-27,8.722160933491265639e-27,2.095819210792734632e-26,2.625331524831296193e-26,2.451004695391930776e-26,1.852302160084347259e-26,1.170803895297856941e-26,6.291419533088466042e-27,2.901068091931902362e-27,1.154643549843056478e-27,3.982093915001893150e-28,1.193259898066914306e-28,3.113023517528992920e-29,7.081122215605056871e-30,1.406026239602000269e-30,2.439209169343548103e-31,3.699842875860004798e-32,4.909663203482587764e-33,5.702494736880974052e-34,5.799605340047384202e-35,5.166545720572741441e-36,4.032702631961511485e-37,2.758633950120802308e-38,1.654196534401248340e-39,8.696737386085013985e-41,4.009339025558486623e-42,1.621059078992185179e-43,5.748966911735577452e-45,1.788524196177581210e-46,4.881550212114467318e-48,1.169009354180237091e-49,2.456466934238230343e-51,4.529690969571570046e-53,7.330269633502035729e-55,1.041097555377130919e-56,1.297797872551220128e-58,1.420001615316095965e-60,1.363819618043325196e-62,1.149820044392648613e-64,8.509905474558543507e-67,5.529136051069771933e-69,3.153857570546385040e-71,1.579401883060783039e-73,6.944189316070540177e-76,2.680652109278529615e-78,9.085738707284520394e-81,2.703902775194521451e-83,7.065492452906617558e-86,1.621150106371930791e-88,3.266192549030820237e-91,5.778377706382800143e-94,8.976830262898129770e-97,1.224616113790090284e-99,1.467044610975270844e-102,1.543331505955010925e-105
5.082461625752604656e-178,6.368017690029487251e-174,7.007794582728838809e-170,6.773343165851911407e-166,5.749988493318718118e-162,4.287168087316533885e-158,2.807443556807784747e-154,1.614677416022729542e-150,8.156274351013399586e-147,3.618479911287493268e-143,1.409891258436994320e-139,4.824661585986514302e-136,1.449994632895795188e-132,3.827194865100776984e-129,8.871673633122731468e-126,1.806081327518147155e-122,3.229026185793954492e-119,5.069952380972754779e-116,6.990842750671736060e-113,8.465323511080583279e-110,9.002035404855451715e-107,8.406504778000435838e-104,6.893851787420507688e-101,4.964482058469425673e-98,3.139387292681460330e-95,1.743282667889697197e-92,8.500320010637405734e-90,3.639480475385649570e-87,1.368269852135938481e-84,4.516722389336564869e-82,1.309135900050068548e-79,3.331543653520331838e-77,7.443800747590885072e-75,1.460227877754376876e-72,2.514840921473409425e-70,3.802338129406633308e-68,5.046921492924867642e-66,5.880605293085412122e-64,6.014782347927602696e-62,5.400095771201815701e-60,4.255457569817824658e-58,2.943283270545342472e-56,1.786629497183038233e-54,9.517587133709602180e-53,4.449177690793055484e-51,1.824990983365251093e-49,6.568010627718123847e-48,2.073763310928056831e-46,5.743705775536214798e-45,1.395349237353879735e-43,2.972865127812878795e-42,5.553995312158074757e-41,9.097071138734999162e-40,1.306113317160922916e-38,1.643418880552853956e-37,1.811731038836796202e-36,1.749398165141676500e-35,1.479046226416200236e-34,1.094442838358190406e-33,7.084457505266630322e-33,4.009217513730705883e-32,1.982113034073084855e-31,8.552787977094248345e-31,3.217219525727028526e-30,1.053353228869982912e-29,2.995624442379696856e-29,7.378673129835484222e-29,1.567701840115277619e-28,2.855293379533393441e-28,4.413592602163286940e-28,5.688106361334553603e-28,5.892970600450949712e-28,4.456263113663603039e-28,1.516059833133474985e-28,1.978311543202063275e-28,4.753619394091963274e-28,5.954629477620555691e-28,5.559231156491985102e-28,4.201287700072637704e-28,2.655551621387730402e-28,1.426984434287369819e-28,6.580039668663832723e-29,2.618897633689162440e-29,9.031961710215690708e-30,2.706485065326184549e-30,7.060785057676316089e-31,1.606100360309342564e-31,3.189069728314645412e-32,5.532477206956778214e-33,8.391775759654750843e-34,1.113582226095551333e-34,1.293407820498558277e-35,1.315433901956198482e-36,1.171846875496303426e-37,9.146749558904997183e-39,6.256978549934567501e-40,3.751955649160689177e-41,1.972545117003985399e-42,9.093757539392456396e-44,3.676795134413872782e-45,1.303948378125547727e-46,4.056630105286123434e-48,1.107205795328422666e-49,2.651481344039245068e-51,5.571620299778907284e-53,1.027399058624493748e-54,1.662610577965335193e-56,2.361358987878724045e-58,2.943592226271351888e-60,3.220767890395997760e-62,3.093339040398411180e-64,2.607957229604407879e-66,1.930168952425430178e-68,1.254087577283991417e-70,7.153402562738675624e-73,3.582310622838342517e-75,1.575042009304062292e-77,6.080104519433743495e-80,2.060776211331004361e-82,6.132840373678446595e-85,1.602555305339614865e-87,3.677001597601949051e-90,7.408194450132582257e-93,1.310619169341616642e-95,2.036074209806264674e-98,2.777605472286360746e-101,3.327468170349078833e-104,3.500497819863238724e-107
1.012684589904373788e-179,1.268832675539299280e-175,1.396308738896571148e-171,1.349594104446704198e-167,1.145689858199191801e-163,8.542217090940392982e-160,5.593853995079730357e-156,3.217257811820070222e-152,1.625144261680062215e-148,7.209850491484228891e-145,2.809219736407958252e-141,9.613177234578780862e-138,2.889126034396296413e-134,7.625716725160730116e-131,1.767688147294240504e-127,3.598631653654297551e-124,6.433860793323411889e-121,1.010192112763768083e-117,1.392931072647623215e-114,1.686722556799513889e-111,1.793662835756488408e-108,1.675002876657472675e-105,1.373605544768217623e-102,9.891770656948951618e-100,6.255254573749342154e-97,3.473504816394679514e-94,1.693695637644041132e-91,7.251694285318035685e-89,2.726288747696461913e-86,8.999605894473753650e-84,2.608463869858149828e-81,6.638127676986296171e-79,1.483183319910563924e-76,2.909515857548056691e-74,5.010840877445710867e-72,7.576189478232718717e-70,1.005603189691956815e-67,1.171715361202721672e-65,1.198450247909808387e-63,1.075973450304312883e-61,8.479033628332203994e-60,5.864515723449798743e-58,3.559873724373322941e-56,1.896386934736724554e-54,8.865022536287963749e-53,3.636309295881990519e-51,1.308681430139077164e-49,4.131990170757000092e-48,1.144438021599724900e-46,2.780244641776678027e-45,5.923457813327620507e-44,1.106638058322919367e-42,1.812598782603013096e-41,2.602441349002591571e-40,3.274525412372126661e-39,3.609888749155784396e-38,3.485689994134734167e-37,2.947011569469773212e-36,2.180686207881479486e-35,1.411583888221394289e-34,7.988398324850959905e-34,3.949376252805817331e-33,1.704149922399954053e-32,6.410335927647105287e-32,2.098814828620329577e-31,5.968805931695801596e-31,1.470206589393895570e-30,3.123658596860334141e-30,5.689195153893134105e-30,8.794118959368760237e-30,1.133359793347718831e-29,1.174179158695688415e-29,8.879140298687005458e-30,3.020761480259710649e-30,3.941801751496626771e-30,9.471625092587013044e-30,1.186464739844844460e-29,1.107681304540621417e-29,8.371099724709302549e-30,5.291208085172856857e-30,2.843278027550032137e-30,1.311078226277533452e-30,5.218174718204930891e-31,1.799625676306545726e-31,5.392693384192296750e-32,1.406867133892146273e-32,3.200167958935237979e-33,6.354247228608530836e-34,1.102350558456544502e-34,1.672068107838789088e-35,2.218821592758014448e-36,2.577125544133014850e-37,2.621012689597973717e-38,2.334914377964704325e-39,1.822497248003566744e-40,1.246708037061539769e-41,7.475801978827423160e-43,3.930312100656095853e-44,1.811938545252840835e-45,7.326044045249731379e-47,2.598127690462864934e-48,8.082868297029112308e-50,2.206116502877968511e-51,5.283098024630753072e-53,1.110149851362427298e-54,2.047100934475614983e-56,3.312765024702044963e-58,4.705026883310924572e-60,5.865131320234664299e-62,6.417406072947894621e-64,6.163503058613218297e-66,5.196375874572401040e-68,3.845877249969632860e-70,2.498779641486555197e-72,1.425321246689648978e-74,7.137782891694599573e-77,3.138283943340353597e-79,1.211465743418812925e-81,4.106113269761957270e-84,1.221973405032458285e-86,3.193104408232975145e-89,7.326455424823511482e-92,1.476088736342457975e-94,2.611419295919047342e-97,4.056894331921810033e-100,5.534401370322912623e-103,6.630007243804681640e-106,6.974770220021525629e-109
1.772571646024272334e-181,2.220925297602372914e-177,2.444055438720252985e-173,2.362287593819952567e-169,2.005379935694709122e-165,1.495203142274997849e-161,9.791308253850526328e-158,5.631388126209033443e-154,2.844602028777836233e-150,1.261989831847365175e-146,4.917170955150835386e-143,1.682660678764261624e-139,5.057036456773763172e-136,1.334781765456567939e-132,3.094106417876957582e-129,6.298933051163928767e-126,1.126163005777875053e-122,1.768208891468959857e-119,2.438143276648955688e-116,2.952386763558686124e-113,3.139571705628086824e-110,2.931872999522074158e-107,2.404316473017310467e-104,1.731424805934668071e-101,1.094900327963032814e-98,6.079914922426826392e-96,2.964592227640757347e-93,1.269314039527499924e-90,4.772011128853020131e-88,1.575263057518382260e-85,4.565774123042503662e-83,1.161917246516896528e-80,2.596118006474866972e-78,5.092726169788497616e-76,8.770820204678306122e-74,1.326112670016494347e-71,1.760176583083277670e-69,2.050934167641632950e-67,2.097730082785424623e-65,1.883350501132507631e-63,1.484143705266332853e-61,1.026506613478588596e-59,6.231092375808558006e-58,3.319376777248337739e-56,1.551706004598821202e-54,6.364882825622482726e-53,2.290675319708931720e-51,7.232507230140004394e-50,2.003188759799779556e-48,4.866453849650541211e-47,1.036823653781178857e-45,1.937024878377770110e-44,3.172716598720917739e-43,4.555232489633075418e-42,5.731627555136863602e-41,6.318637121413901483e-40,6.101243478997845077e-39,5.158357499091488197e-38,3.817005392895176946e-37,2.470792585559351240e-36,1.398264425957300670e-35,6.912865501254455750e-35,2.982891082903078976e-34,1.122045286371428088e-33,3.673700274061808566e-33,1.044761247541486985e-32,2.573403940515887035e-32,5.467554968104531042e-32,9.958190456371266670e-32,1.539295262764242956e-31,1.983797773223877359e-31,2.055246722228084197e-31,1.554177133873587862e-31,5.287447051748936728e-32,6.899607329476174785e-32,1.657883831579417630e-31,2.076751021809140257e-31,1.938850944150715094e-31,1.465251290082752765e-31,9.261566255172690648e-32,4.976785529910031257e-32,2.294870597211807175e-32,9.133730918492844483e-33,3.150008876483022968e-33,9.439202969830501936e-34,2.462536525311301774e-34,5.601474578631693805e-35,1.112227694737940010e-35,1.929520171807493086e-36,2.926736071353045716e-37,3.883756385866027262e-38,4.510920491253671254e-39,4.587739187270997051e-40,4.086961590544805432e-41,3.190042565053135610e-42,2.182199017735573728e-43,1.308541153984202123e-44,6.879496201581532401e-46,3.171560939775820665e-47,1.282327990530955729e-48,4.547681995734542694e-50,1.414800156405283099e-51,3.861517791238207042e-53,9.247370657147509667e-55,1.943171811816463087e-56,3.583181880296922730e-58,5.798560984598567664e-60,8.235532889790578589e-62,1.026614365627094219e-63,1.123282822641275960e-65,1.078840427789401032e-67,9.095574899803092296e-70,6.731704062003733919e-72,4.373786257159002553e-74,2.494838031055530750e-76,1.249375343065714660e-78,5.493154720230796922e-81,2.120512001782883770e-83,7.187213106534260969e-86,2.138904286240538393e-88,5.589110758923096477e-91,1.282399997133282666e-93,2.583699867796812505e-96,4.570947209004893898e-99,7.101061806776415511e-102,9.687244226438370759e-105,1.160495871119468910e-107,1.220842111432674649e-110
2.725604881972709404e-183,3.415018426600080801e-179,3.758115758270825850e-175,3.632384966091839618e-171,3.083583873858699503e-167,2.299107623246878551e-163,1.505566087410451850e-159,8.659136009257991010e-156,4.374018502606792389e-152,1.940505848887982547e-148,7.560915910459062650e-145,2.587352771342132550e-141,7.775980895221771860e-138,2.052434779974337007e-134,4.757670346820854816e-131,9.685590263147820000e-128,1.731650956579681844e-124,2.718896467595355403e-121,3.749024888604960803e-118,4.539754313611212364e-115,4.827580305346865599e-112,4.508211207566565543e-109,3.697010911441409310e-106,2.662335209078791112e-103,1.683579722074227319e-100,9.348815790723923638e-98,4.558522114938164071e-95,1.951767958520803989e-92,7.337710077221789947e-90,2.422212207665711074e-87,7.020588571221318948e-85,1.786628668385288512e-82,3.991935631203285384e-80,7.830859385602276050e-78,1.348650161610902883e-75,2.039104696020974040e-73,2.706545542882670759e-71,3.153630597931821876e-69,3.225586603241040776e-67,2.895944619144653987e-65,2.282102016973976795e-63,1.578413737661762860e-61,9.581274662508044723e-60,5.104058597274201187e-58,2.385989571144748218e-56,9.786998309270526406e-55,3.522269945147351281e-53,1.112110591387984065e-51,3.080214599771086480e-50,7.482930464476494015e-49,1.594277793413369648e-47,2.978477330860985786e-46,4.878545738891538805e-45,7.004379168598601869e-44,8.813269737764732616e-43,9.715888338938042220e-42,9.381611767148449187e-41,7.931777772717095150e-40,5.869240070904502871e-39,3.799228284309129512e-38,2.150049254271859966e-37,1.062960698987339992e-36,4.586659453900541373e-36,1.725319321893769662e-35,5.648886139155769616e-35,1.606483079643057602e-34,3.957009218383362031e-34,8.407217021069041303e-34,1.531226824278087740e-33,2.366906123311011972e-33,3.050397938882630496e-33,3.160261822048356789e-33,2.389789317131738349e-33,8.130273058210244700e-34,1.060922048657116761e-33,2.549254511215705359e-33,3.193328030713335722e-33,2.981285191291025581e-33,2.253051987223583604e-33,1.424110007425119184e-33,7.652582600690209207e-34,3.528720837479606584e-34,1.404453334109568495e-34,4.843629080523348742e-35,1.451424417975186246e-35,3.786533306273949852e-36,8.613139272541026637e-37,1.710223246232984577e-37,2.966937676082635335e-38,4.500312380725141719e-39,5.971880115227803890e-40,6.936242572041700583e-41,7.054363277267547014e-42,6.284339754960910587e-43,4.905187109650065039e-44,3.355470741911325181e-45,2.012085754368149962e-46,1.057829649628197976e-47,4.876768733334642729e-49,1.971778934363441233e-50,6.992769108675787971e-52,2.175475514325318707e-53,5.937684813602687769e-55,1.421927213213867921e-56,2.987929198054525411e-58,5.509700015702178707e-60,8.916190306601291551e-62,1.266341402921888525e-63,1.578579423366786846e-65,1.727222226584763479e-67,1.658885125149951391e-69,1.398586252175197452e-71,1.035104307153971802e-73,6.725377336345862777e-76,3.836201900457807668e-78,1.921109108403647615e-80,8.446580625656247834e-83,3.260617350674831796e-85,1.105145914687278414e-87,3.288898351570255227e-90,8.594127974784502421e-93,1.971889655725882433e-95,3.972840809574998994e-98,7.028542996301146663e-101,1.091898811037970220e-103,1.489564622996049199e-106,1.784443082414265949e-109,1.877234822356628037e-112
3.681726322163582918e-185,4.612980889138844230e-181,5.076434152462007801e-177,4.906597955684717897e-173,4.165281618797159057e-169,3.105617072372027121e-165,2.033707207687412911e-161,1.169669499175738354e-157,5.908390890104869936e-154,2.621220525915982040e-150,1.021322764401033368e-146,3.494976423757593625e-143,1.050373578795088280e-139,2.772413273814946334e-136,6.426624880195253142e-133,1.308322158262641737e-129,2.339100927581060492e-126,3.672664647099657362e-123,5.064154274936260966e-120,6.132265561723036580e-117,6.521058719886942006e-114,6.089657374239169202e-111,4.993894190609280019e-108,3.596262129745734053e-105,2.274166670018310012e-102,1.262830918942563974e-99,6.157616964858694789e-97,2.636433297859591592e-94,9.911722903927733796e-92,3.271905807702602197e-89,9.483357588147242134e-87,2.413364402093931548e-84,5.392276256543354173e-82,1.057786523491526476e-79,1.821746369855120534e-77,2.754407097903367196e-75,3.655981112036217580e-73,4.259900200349744770e-71,4.357097824456420212e-69,3.911819942189367491e-67,3.082646028897089238e-65,2.132109258994303509e-63,1.294231286351796582e-61,6.894523491554659936e-60,3.222976546083943099e-58,1.322020279921612124e-56,4.757855423794581134e-55,1.502230519379539851e-53,4.160730429012875333e-52,1.010788549734684348e-50,2.153538304716661131e-49,4.023304500783611191e-48,6.589902439474716520e-47,9.461462050500643531e-46,1.190489765867007333e-44,1.312414799271306448e-43,1.267260974467448958e-42,1.071418502385018788e-41,7.928124800141555432e-41,5.131968639609121168e-40,2.904270162471865220e-39,1.435839218946671269e-38,6.195624668093543182e-38,2.330548203654635077e-37,7.630472386874438236e-37,2.170025112427692996e-36,5.345097924028901720e-36,1.135640474059062414e-35,2.068369535670674370e-35,3.197198770049641482e-35,4.120454310511682064e-35,4.268857607395770957e-35,3.228109214045724152e-35,1.098231094417578217e-35,1.433085425602015833e-35,3.443513584054050092e-35,4.313523190289141352e-35,4.027097337267520104e-35,3.043405469893516273e-35,1.923676955039376861e-35,1.033705031123235060e-35,4.766569240040759413e-36,1.897124870388103759e-36,6.542737283201971631e-37,1.960573052841986527e-37,5.114820359939641741e-38,1.163456295001873974e-38,2.310156539591613553e-39,4.007716822970462058e-40,6.078987699083726065e-41,8.066770190525162030e-42,9.369423654654885740e-43,9.528980203918094798e-44,8.488838292846352844e-45,6.625889400251375888e-46,4.532544330051059576e-47,2.717910117238331567e-48,1.428908236538837516e-49,6.587502073899922528e-51,2.663463971666868592e-52,9.445779269952499782e-54,2.938615760959801114e-55,8.020579437445844861e-57,1.920728453237602952e-58,4.036072011023394266e-60,7.442460831063147250e-62,1.204392197943464219e-63,1.710564325306843645e-65,2.132333065983133907e-67,2.333118632822793612e-69,2.240809396514549828e-71,1.889199660782931857e-73,1.398211016952508584e-75,9.084588499777857039e-78,5.181912318790489241e-80,2.595019556554621281e-82,1.140957679796067372e-84,4.404417091371450620e-87,1.492822687120705144e-89,4.442618852052016451e-92,1.160888263375076666e-94,2.663613533240200255e-97,5.366483116876066235e-100,9.494102364980845403e-103,1.474928600372615076e-105,2.012092551389120324e-108,2.410412129205044015e-111,2.535754505014811611e-114
4.368874910211848488e-187,5.473936600479143704e-183,6.023887671527657911e-179,5.822353653510352386e-175,4.942679809952827550e-171,3.685242009033906157e-167,2.413273452970358192e-163,1.387973814735974552e-159,7.011118823282238239e-156,3.110438850619613975e-152,1.211940000470977534e-148,4.147270457776282363e-145,1.246412789325876559e-141,3.289849851085800789e-138,7.626074764818714805e-135,1.552504274229967036e-131,2.775665125741792683e-128,4.358121985803156429e-125,6.009315907053558501e-122,7.276776927733412563e-119,7.738133510309989159e-116,7.226216450130579771e-113,5.925942648767459769e-110,4.267459885489167242e-107,2.698611693777173746e-104,1.498522658894055364e-101,7.306859856071203072e-99,3.128490897904715999e-96,1.176162314163851307e-93,3.882566475892670875e-91,1.125330874866940052e-88,2.863788957379638338e-86,6.398677789908291735e-84,1.255209268277824135e-81,2.161752751723309713e-79,3.268483045603222522e-77,4.338324675689577884e-75,5.054957777082118532e-73,5.170296133096089057e-71,4.641912652715397148e-69,3.657983704990490092e-67,2.530041027594299655e-65,1.535783515714732455e-63,8.181300853015905153e-62,3.824505174005976235e-60,1.568758980527610958e-58,5.645850171505858585e-57,1.782603227719783030e-55,4.937279196999449661e-54,1.199439705194815794e-52,2.555469539117518336e-51,4.774204422473529919e-50,7.819826056934429153e-49,1.122732668028677531e-47,1.412679926166764297e-46,1.557360755961219068e-45,1.503779529378428560e-44,1.271385487082060124e-43,9.407811035768815756e-43,6.089786982428315943e-42,3.446316193822902222e-41,1.703820813890897549e-40,7.351961226064630953e-40,2.765516141894955456e-39,9.054605488568527900e-39,2.575033405153926167e-38,6.342694206337684581e-38,1.347593693824755532e-37,2.454405074879407370e-37,3.793916295553805990e-37,4.889486040139711490e-37,5.065586973138428813e-37,3.830595790813982287e-37,1.303202317111707792e-37,1.700553059147741502e-37,4.086202716855296685e-37,5.118588833520833763e-37,4.778705144887497668e-37,3.611419381986479200e-37,2.282707417340800431e-37,1.226633263815964857e-37,5.656190313558504338e-38,2.251199715166302963e-38,7.763858108791260669e-39,2.326489714520136533e-39,6.069438188885131174e-40,1.380600993006683062e-40,2.741318626461482390e-41,4.755707497782724943e-42,7.213555412342033179e-43,9.572332869946923525e-44,1.111811045854697153e-44,1.130744626024725654e-45,1.007317475261348389e-46,7.862529537928505418e-48,5.378487554540766489e-49,3.225174355825487702e-50,1.695596249516368813e-51,7.816977692870806601e-53,3.160566511970388569e-54,1.120871690312070972e-55,3.487071972603766808e-57,9.517521185281340034e-59,2.279208614221221996e-60,4.789354830263664499e-62,8.831503906009123759e-64,1.429177074887692886e-65,2.029819956508225009e-67,2.530306605383816606e-69,2.768566309810377145e-71,2.659028698592499624e-73,2.241795363409875606e-75,1.659169774344831967e-77,1.078011435215288411e-79,6.149052030346596176e-82,3.079347795051388886e-84,1.353903290112322226e-86,5.226446954722933880e-89,1.771439540167085811e-91,5.271778600575709105e-94,1.377553670104582110e-96,3.160743987357088842e-99,6.368070680386560145e-102,1.126605890493241673e-104,1.750205743901129962e-107,2.387624688958777954e-110,2.860285679345865490e-113,3.009021656149872597e-116
4.554253717245158165e-189,5.706205058063247247e-185,6.279491490176776067e-181,6.069406040359633372e-177,5.152406136649653274e-173,3.841613107155048058e-169,2.515672757815285780e-165,1.446867908811658394e-161,7.308612541948998290e-158,3.242420071260687738e-154,1.263364679845091369e-150,4.323246210277228596e-147,1.299300207872972110e-143,3.429443786194232872e-140,7.949662111974038523e-137,1.618379676063549568e-133,2.893441326779559173e-130,4.543044527930746435e-127,6.264301420905647957e-124,7.585542972455277753e-121,8.066475700985387730e-118,7.532837127632355237e-115,6.177390493201862044e-112,4.448535480211587878e-109,2.813118386397102910e-106,1.562107528803889272e-103,7.616902370703959227e-101,3.261238097672904405e-98,1.226068885342529115e-95,4.047310387384889553e-93,1.173080581459125204e-90,2.985304402757414893e-88,6.670184591925246942e-86,1.308469936416111588e-83,2.253479604620545794e-81,3.407170350745853058e-79,4.522407184214302124e-77,5.269448249246670584e-75,5.389680608243671288e-73,4.838876916421335432e-71,3.813198186821400091e-69,2.637394979602507086e-67,1.600949427272223405e-65,8.528447389202524127e-64,3.986785445522276104e-62,1.635324097247536997e-60,5.885413214851761828e-59,1.858242120240141765e-57,5.146776366485990962e-56,1.250333975739770144e-54,2.663902466200020034e-53,4.976782051396383001e-52,8.151634601567789497e-51,1.170372128277353899e-49,1.472622342650370919e-48,1.623442226590135264e-47,1.567587457260660942e-46,1.325332539748600140e-45,9.807000488991448784e-45,6.348187021131859701e-44,3.592549262473387379e-43,1.776116834346720332e-42,7.663917468679280302e-42,2.882861704255685579e-41,9.438807828558732031e-41,2.684296460409312253e-40,6.611825529507311937e-40,1.404774390562690647e-39,2.558549664529741047e-39,3.954898628833695230e-39,5.096955264540927294e-39,5.280528460203811908e-39,3.993134497579813726e-39,1.358499412092447913e-39,1.772710423201606052e-39,4.259587261049155712e-39,5.335779279826231775e-39,4.981473747131712621e-39,3.764658060247724134e-39,2.379566582807777573e-39,1.278681403391242509e-39,5.896192106750165777e-40,2.346721955140684850e-40,8.093291838015142785e-41,2.425206637461774012e-41,6.326974793604117451e-42,1.439182245693583921e-42,2.857637447008120949e-43,4.957500270672071561e-44,7.519638860435930198e-45,9.978503264940104119e-46,1.158987083064011780e-46,1.178724047303611031e-47,1.050059672212314930e-48,8.196150064027441692e-50,5.606705946459852875e-51,3.362023999462545576e-52,1.767543287691068252e-53,8.148665376563284124e-55,3.294674734700457139e-56,1.168432186104860684e-57,3.635034378396075600e-59,9.921365827094681127e-61,2.375919319509848954e-62,4.992575316805460004e-64,9.206239665684743964e-66,1.489819493502783134e-67,2.115948676090097638e-69,2.637671826310182939e-71,2.886041295991745755e-73,2.771855817277047834e-75,2.336918560714141141e-77,1.729571175107033619e-79,1.123753297350402812e-81,6.409966786021339350e-84,3.210009769225329137e-86,1.411351713772345904e-88,5.448214004913536224e-91,1.846604738401584534e-93,5.495469149745280835e-96,1.436005619688085977e-98,3.294859740670232301e-101,6.638278770591788156e-104,1.174409698171089897e-106,1.824469955977530670e-109,2.488935673040261876e-112,2.981652474667060748e-115,3.136699572413992066e-118
4.170559643456154851e-191,5.225459539581211966e-187,5.750446816611571501e-183,5.558060982821187705e-179,4.718317958184536758e-175,3.517958722812353586e-171,2.303728323294470905e-167,1.324969859947988802e-163,6.692864826942049896e-160,2.969247463119394766e-156,1.156926705418701135e-152,3.959014427554863048e-149,1.189834679428616166e-145,3.140514504065586442e-142,7.279906224326252541e-139,1.482031828668182289e-135,2.649670039790392423e-132,4.160294823907957339e-129,5.736536504669586631e-126,6.946463978248738164e-123,7.386878314678142920e-120,6.898198579996030888e-117,5.656947788235041259e-114,4.073748126066638365e-111,2.576114275352702516e-108,1.430500587549943225e-105,6.975181359602551440e-103,2.986480078251921497e-100,1.122773066846232564e-97,3.706326088565017434e-95,1.074249006600216723e-92,2.733793687959906944e-90,6.108224179110492593e-88,1.198231861969478614e-85,2.063624839520376971e-83,3.120117596741369850e-81,4.141396168233280664e-79,4.825499319104624944e-77,4.935602149426194402e-75,4.431203450714410250e-73,3.491937748275739434e-71,2.415195496057079069e-69,1.466070071439610289e-67,7.809929070944824835e-66,3.650900349107083380e-64,1.497548689070340916e-62,5.389569480064007102e-61,1.701685956824074513e-59,4.713162493931465803e-58,1.144993832978027318e-56,2.439469737394965626e-55,4.557490132629857351e-54,7.464862611579568175e-53,1.071768739527668776e-51,1.348554492924650192e-50,1.486667861314341714e-49,1.435518834201441034e-48,1.213673797642144994e-47,8.980764577936440534e-47,5.813354776261403669e-46,3.289878408501987949e-45,1.626479693772841423e-44,7.018235454168273625e-44,2.639981746274865791e-43,8.643592003471762951e-43,2.458145545661620920e-42,6.054781844614891578e-42,1.286422703956711622e-41,2.342992867583176510e-41,3.621699984109911560e-41,4.667538800113460792e-41,4.835646026672591806e-41,3.656714496042247314e-41,1.244046374113815761e-41,1.623360271419746140e-41,3.900718719611289127e-41,4.886241986601838662e-41,4.561786554855683200e-41,3.447487108154428511e-41,2.179089039681643106e-41,1.170953001065771351e-41,5.399440254584646192e-42,2.149011558900528568e-42,7.411435202772895726e-43,2.220883937789704615e-43,5.793929670510270748e-44,1.317931710906288372e-44,2.616882622721828377e-45,4.539832834304511272e-46,6.886112261589012381e-47,9.137818312866427112e-48,1.061342879869060280e-48,1.079417012680083835e-49,9.615925602847741974e-51,7.505627663941654109e-52,5.134343188762294134e-53,3.078774807692480811e-54,1.618628465031892227e-55,7.462143542610345816e-57,3.017099691838544368e-58,1.069992236715670505e-59,3.328784170216102460e-61,9.085494681550178861e-63,2.175749056873523861e-64,4.571952821676815226e-66,8.430617616302239794e-68,1.364302790623130644e-69,1.937680837305182089e-71,2.415449018539119209e-73,2.642893458667428518e-75,2.538328061355279462e-77,2.140034096576314577e-79,1.583855487909515103e-81,1.029077526661576099e-83,5.869929620402288234e-86,2.939567716209909282e-88,1.292445890288272157e-90,4.989204130586557984e-93,1.691029019800387765e-95,5.032478048161524045e-98,1.315022714384929510e-100,3.017269111129131136e-103,6.079006410604149180e-106,1.075466145754836276e-108,1.670759084037886505e-111,2.279243827334904133e-114,2.730449433367036307e-117,2.872433874474451851e-120
3.355065128223718319e-193,4.203694127167354586e-189,4.626027496427385247e-185,4.471260017408804794e-181,3.795716977747879594e-177,2.830071175689267522e-173,1.853266521320804435e-169,1.065890564599011023e-165,5.384168866648043312e-162,2.388652716238940516e-158,9.307058949153779705e-155,3.184884615872909239e-151,9.571791755967948947e-148,2.526430886512612516e-144,5.856422542307796778e-141,1.192241265529446386e-137,2.131564181259175003e-134,3.346807450344033906e-131,4.614837151121850641e-128,5.588180256441716889e-125,5.942477738903766613e-122,5.549352480696407651e-119,4.550810893272009566e-116,3.277183746881818771e-113,2.072391216156461176e-110,1.150786236740183531e-107,5.611282356158634840e-105,2.402515734885082334e-102,9.032305219267307364e-100,2.981605941802345127e-97,8.641946619153113806e-95,2.199238628471878426e-92,4.913846507594555735e-90,9.639344067235910063e-88,1.660111910321805695e-85,2.510022308687577146e-83,3.331604162045713979e-81,3.881940524982740858e-79,3.970514289205246572e-77,3.564743690186331218e-75,2.809138238208977780e-73,1.942937849930561504e-71,1.179400606328456613e-69,6.282806846064728898e-68,2.937017929268283114e-66,1.204724021247466040e-64,4.335714667710405420e-63,1.368945105937152889e-61,3.791569592309367470e-60,9.211063285199936626e-59,1.962465603419619757e-57,3.666336780533005828e-56,6.005213298984606849e-55,8.621993763238985885e-54,1.084863552981437965e-52,1.195970786936076961e-51,1.154823235556896455e-50,9.763568881932748535e-50,7.224701871246037580e-49,4.676634685810176509e-48,2.646588771792255386e-47,1.308444374103564151e-46,5.645917825656881509e-46,2.123770297824692080e-45,6.953458670451114059e-45,1.977489618998256176e-44,4.870854072964285711e-44,1.034880764976582224e-43,1.884853434006438552e-43,2.913527286593546830e-43,3.754866972700659148e-43,3.890103186026570259e-43,2.941695201216136264e-43,1.000790532821054166e-43,1.305934911092783187e-43,3.137987816985674596e-43,3.930805814762120150e-43,3.669793097578795511e-43,2.773379298083501203e-43,1.752998703615637532e-43,9.419895449352551816e-44,4.343655350549482855e-44,1.728802452862587760e-44,5.962232871535261048e-45,1.786621194879134049e-45,4.661007887373213676e-46,1.060228627009288166e-46,2.105187884298575863e-47,3.652132119543859213e-48,5.539629472543622705e-49,7.351045948388704235e-50,8.538121474714756012e-51,8.683521368017545868e-52,7.735666055350431412e-53,6.038007316410465205e-54,4.130394302351676115e-55,2.476763522888386726e-56,1.302128343158843828e-57,6.003025905859537204e-59,2.427148111967325957e-60,8.607702437507363791e-62,2.677887056812279567e-63,7.308953470203659875e-65,1.750311807657650192e-66,3.677971493336523820e-68,6.782128441257181797e-70,1.097532491673727156e-71,1.558794493460417339e-73,1.943141799642689327e-75,2.126112665645648320e-77,2.041993566980825357e-79,1.721580407535102499e-81,1.274154734597475826e-83,8.278558320963545887e-86,4.722147111704697267e-88,2.364776428070041031e-90,1.039726201596192356e-92,4.013635153829974607e-95,1.360371983661356927e-97,4.048447463023345280e-100,1.057888444007150930e-102,2.427284403689545701e-105,4.890341864421734096e-108,8.651738065584424052e-111,1.344065549887578390e-113,1.833569625555911076e-116,2.196548296016299192e-119,2.310769668645922253e-122
2.371030154612753584e-195,2.970757691836296690e-191,3.269221392403829689e-187,3.159846955341636208e-183,2.682439555914248831e-179,2.000016047620576559e-175,1.309706559678910771e-171,7.532666501530505911e-168,3.805001170605719236e-164,1.688064881798185873e-160,6.577314172999454777e-157,2.250763301037590001e-153,6.764401291693925459e-150,1.785432945868883497e-146,4.138743635451156163e-143,8.425589024673994808e-140,1.506379982832580366e-136,2.365194439801870181e-133,3.261313156601940402e-130,3.949176362024613388e-127,4.199558987254185340e-124,3.921736707767688512e-121,3.216065692769653617e-118,2.315991251764666146e-115,1.464562349126477864e-112,8.132625640765286127e-110,3.965502654649152919e-107,1.697861900332179556e-104,6.383145251158570776e-102,2.107105921049648030e-99,6.107278173587476321e-97,1.554205628209452258e-94,3.472623570444157139e-92,6.812140623389586671e-90,1.173203872047817229e-87,1.773836976392165316e-85,2.354450250457033100e-83,2.743373881394690831e-81,2.805969109163053640e-79,2.519210346111688747e-77,1.985222705585163719e-75,1.373077438040975542e-73,8.334843870690273393e-72,4.440070138225112987e-70,2.075595497789950382e-68,8.513804868748687461e-67,3.064056829317207851e-65,9.674358029239097322e-64,2.679508591667069893e-62,6.509473876236526189e-61,1.386877734191837135e-59,2.591006353492659315e-58,4.243894312809350867e-57,6.093177456839813358e-56,7.666748928719239536e-55,8.451945615024788085e-54,8.161155179131920397e-53,6.899930508340634912e-52,5.105708932654988959e-51,3.304985578039768785e-50,1.870348724974240645e-49,9.246798342407624522e-49,3.989979599050337024e-48,1.500872032334901419e-47,4.914020907612394776e-47,1.397495231206065294e-46,3.442240744766319765e-46,7.313519727371760146e-46,1.332029083864777440e-45,2.058994621203526883e-45,2.653570788816825703e-45,2.749142447648167598e-45,2.078900933722182057e-45,7.072603484827088004e-46,9.229063925210748319e-46,2.217621254589238949e-45,2.777907063658788505e-45,2.593448938547299677e-45,1.959951802609544505e-45,1.238847124696547817e-45,6.657055916985612952e-46,3.069668523200951550e-46,1.221747593697457607e-46,4.213519972626423985e-47,1.262608195677951574e-47,3.293942093368672389e-48,7.492653493595614774e-49,1.487739809521924638e-49,2.580967895741743617e-50,3.914865441594567286e-51,5.194996503928019688e-52,6.033904769834589889e-53,6.136659118356262397e-54,5.466808178761111981e-55,4.267069899939844741e-56,2.918956582670307416e-57,1.750332936672609639e-58,9.202162845762824123e-60,4.242348478420274113e-61,1.715269642538995339e-62,6.083077752967516038e-64,1.892467275504269396e-65,5.165249678979809859e-67,1.236948290815511350e-68,2.599228624549447172e-70,4.792941547215430283e-72,7.756280530990497186e-74,1.101602683580927208e-75,1.373221569644713158e-77,1.502527387603519541e-79,1.443080279457934454e-81,1.216643762148730338e-83,9.004472884768566367e-86,5.850471053634147392e-88,3.337149285770645893e-90,1.671191468893134556e-92,7.347762509254029451e-95,2.836442696532728894e-97,9.613771630296285103e-100,2.861044613841913482e-102,7.476115381060548686e-105,1.715365960128508897e-107,3.456012799683844397e-110,6.114197805208025782e-113,9.498533789254103621e-116,1.295786730397913408e-118,1.552304365749485897e-121,1.633024801406675279e-124
1.471982691294794256e-197,1.844305477897591661e-193,2.029597681103747601e-189,1.961695854586507158e-185,1.665311843068970798e-181,1.241649752400615072e-177,8.130918886763283530e-174,4.676429225489942629e-170,2.362220426674015659e-166,1.047984262433597539e-162,4.083327493337987387e-159,1.397318635903209832e-155,4.199474898696834962e-152,1.108432293732619382e-148,2.569414388611207828e-145,5.230773292429651917e-142,9.351906625609797691e-139,1.468359763438933011e-135,2.024688090986448698e-132,2.451727253853821518e-129,2.607169768922352458e-126,2.434692170582125287e-123,1.996597565246617215e-120,1.437813445414282388e-117,9.092294435995388250e-115,5.048895795229670586e-112,2.461862941124587593e-109,1.054066446449505872e-106,3.962783563694650030e-104,1.308133276363067567e-101,3.791519793601939473e-99,9.648817746944022955e-97,2.155873799887782158e-94,4.229112425580487550e-92,7.283483044932081170e-90,1.101233285180925356e-87,1.461689556939689301e-85,1.703141084607105985e-83,1.742001447329000901e-81,1.563975902201477147e-79,1.232465751354433175e-77,8.524337907185340538e-76,5.174436895466633454e-74,2.756483876380671922e-72,1.288570978707341688e-70,5.285539443468848263e-69,1.902227438620273602e-67,6.006033934543091002e-66,1.663492242153246108e-64,4.041210887434297928e-63,8.610012891236579194e-62,1.608548291954182666e-60,2.634694021071499463e-59,3.782765788114151338e-58,4.759670263841264335e-57,5.247135988074286192e-56,5.066607500238903098e-55,4.283614132722839679e-54,3.169725682751748938e-53,2.051800799070037609e-52,1.161149698788667735e-51,5.740596374715796827e-51,2.477058715171840617e-50,9.317712173108794709e-50,3.050721943201989977e-49,8.675928425042532027e-49,2.137011537246145094e-48,4.540378548198105644e-48,8.269501557952740531e-48,1.278264824251380311e-47,1.647389538114882125e-47,1.706722325302060939e-47,1.290623059096260452e-47,4.390812951774774301e-48,5.729586495698830324e-48,1.376743394111799900e-47,1.724579971189480755e-47,1.610064697351803378e-47,1.216777072023811996e-47,7.691009417008116681e-48,4.132832754455287205e-48,1.905711289826415242e-48,7.584852126638175982e-49,2.615837026393356468e-49,7.838522872896497905e-50,2.044944784077633144e-50,4.651588354110928764e-51,9.236184721253403622e-52,1.602316217669549866e-52,2.430426351838913342e-53,3.225157183361729348e-54,3.745968124799539431e-55,3.809760068646217624e-56,3.393903278755249906e-57,2.649081886637085965e-58,1.812146318752141132e-59,1.086641509713799974e-60,5.712885770381688891e-62,2.633734336328073220e-63,1.064873519137281739e-64,3.776495691019669392e-66,1.174881335003652042e-67,3.206689762627393170e-69,7.679221078504329888e-71,1.613652841408022650e-72,2.975553467408892717e-74,4.815253263751795801e-76,6.838968621976330231e-78,8.525232704855942746e-80,9.327988947954902231e-82,8.958929473662661543e-84,7.553166524985708746e-86,5.590155909586828597e-88,3.632088824394318776e-90,2.071768668721866489e-92,1.037508912008494777e-94,4.561637148445927271e-97,1.760920056636259548e-99,5.968420692721694838e-102,1.776193416353055796e-104,4.641321164825742640e-107,1.064933315011877239e-109,2.145561502931998639e-112,3.795815638578105029e-115,5.896878748362076880e-118,8.044501817260124175e-121,9.637014331345847010e-124,1.013814285511894139e-126
8.027823820227973051e-200,1.005837876681466591e-195,1.106891589567676335e-191,1.069859639153075858e-187,9.082192447614635745e-184,6.771645833639261006e-180,4.434398903296984348e-176,2.550407022581875055e-172,1.288295679156092972e-168,5.715442902245016724e-165,2.226944237228397167e-161,7.620624818541613273e-158,2.290288114360741607e-154,6.045111279745781694e-151,1.401294061057986152e-147,2.852732350962345563e-144,5.100294943515686365e-141,8.008065281821792190e-138,1.104214022451380359e-134,1.337110454190387462e-131,1.421884897023946986e-128,1.327819947714375254e-125,1.088894155378393960e-122,7.841473336886941166e-120,4.958708977045135644e-117,2.753540932952638728e-114,1.342638203408565086e-111,5.748613605956509800e-109,2.161202606197107517e-106,7.134230271948521207e-104,2.067799648321066825e-101,5.262222810367271038e-99,1.175759412560032140e-96,2.306451676997777788e-94,3.972228683674127504e-92,6.005849695575862082e-90,7.971687651202353116e-88,9.288503627845600338e-86,9.500438283981151645e-84,8.529531682810157261e-82,6.721558599052263310e-80,4.648959753917674315e-78,2.822007895293645822e-76,1.503317060297973137e-74,7.027542414800234653e-73,2.882600433955989234e-71,1.037427058996858922e-69,3.275540029780851503e-68,9.072268801316821864e-67,2.203974898385337068e-65,4.695684737971772951e-64,8.772618299458623648e-63,1.436895932707524812e-61,2.063025433638839740e-60,2.595804593793999921e-59,2.861656154120372522e-58,2.763200451928246840e-57,2.336175538931738106e-56,1.728688760408709646e-55,1.119000612340299218e-54,6.332618763732736712e-54,3.130777052733313569e-53,1.350925596840498262e-52,5.081646148127586052e-52,1.663787110360918558e-51,4.731633414236411172e-51,1.165472408354909357e-50,2.476208400929166737e-50,4.509978410814676148e-50,6.971335237410323987e-50,8.984448698670325708e-50,9.308034814946187339e-50,7.038733945730857145e-50,2.394639081890812082e-50,3.124772541296525975e-50,7.508412618539015386e-50,9.405425929601555253e-50,8.780888393555342547e-50,6.635996483162749354e-50,4.194483329496611422e-50,2.253943163016378591e-50,1.039327063926538471e-50,4.136587810115672929e-51,1.426611801517625587e-51,4.274933462637067794e-52,1.115261513994014951e-52,2.536859435362511654e-53,5.037183123944148705e-54,8.738630131867468006e-55,1.325493477333858664e-55,1.758919708341677988e-56,2.042956912463338340e-57,2.077747436114144600e-58,1.850949589683452277e-59,1.444742713148206074e-60,9.882990791566700433e-62,5.926269817790559023e-63,3.115664385250143314e-64,1.436372544756059646e-65,5.807552665537253753e-67,2.059605880194028596e-68,6.407507658112486649e-70,1.748848040994173523e-71,4.188054265812489214e-73,8.800457229856940683e-75,1.622792111977829211e-76,2.626118165637934719e-78,3.729801684077214834e-80,4.649447754089020810e-82,5.087250842963284317e-84,4.885975076863792481e-86,4.119307278950169680e-88,3.048730602278061844e-90,1.980850002793918449e-92,1.129890586834036429e-94,5.658312972545447218e-97,2.487802307464483545e-99,9.603615626579733287e-102,3.255026712576999266e-104,9.686912693643033287e-107,2.531259968249307684e-109,5.807878777219826698e-112,1.170135344855803896e-114,2.070142494253262948e-117,3.216009533336313300e-120,4.387269204479595882e-123,5.255785524011772604e-126,5.529088431980402460e-129
3.846116774876865536e-202,4.818952205410556659e-198,5.303098829700160687e-194,5.125679383427316913e-190,4.351262995758932290e-186,3.244284032327194756e-182,2.124512992611677465e-178,1.221895678328505769e-174,6.172202745807312247e-171,2.738258999504339997e-167,1.066925206547623876e-163,3.651028423892719920e-160,1.097273150633207833e-156,2.896202559956759610e-153,6.713576076736926888e-150,1.366739230329319841e-146,2.443542655938845922e-143,3.836650492642023913e-140,5.290270651065342586e-137,6.406073504961726833e-134,6.812226422572668248e-131,6.361562846027653688e-128,5.216873427781259673e-125,3.756836574409266886e-122,2.375709059569449181e-119,1.319216790216260613e-116,6.432556857701817383e-114,2.754151027386844725e-111,1.035428502636073435e-108,3.417997621676435857e-106,9.906793039547483866e-104,2.521122022271666915e-101,5.633043401462866809e-99,1.105017086074370129e-96,1.903088024356799698e-94,2.877392401579568103e-92,3.819222031519139622e-90,4.450106332245861058e-88,4.551643866503765792e-86,4.086484160808272373e-84,3.220287323198239794e-82,2.227308732190613569e-80,1.352019195735034197e-78,7.202366535505744846e-77,3.366883650288159793e-75,1.381048978226541332e-73,4.970295442040756206e-72,1.569305672052843109e-70,4.346508593654129843e-69,1.055920635269902585e-67,2.249694592791796074e-66,4.202946546501542765e-65,6.884144039898344244e-64,9.883919857988448101e-63,1.243645577689453751e-61,1.371014609284583622e-60,1.323844649371801865e-59,1.119257737907097836e-58,8.282118527810672312e-58,5.361112952399869788e-57,3.033946907844354360e-56,1.499949975307115389e-55,6.472261619055830821e-55,2.434608049702220546e-54,7.971175823341966247e-54,2.266917542611343179e-53,5.583758538816595492e-53,1.186347244555899213e-52,2.160723006457485628e-52,3.339954886944812141e-52,4.304434131441311316e-52,4.459463690868556840e-52,3.372245493774331050e-52,1.147267522183389335e-52,1.497073224062905792e-52,3.597267749212870070e-52,4.506123608677724780e-52,4.206908734548286788e-52,3.179294658611402798e-52,2.009569848166536761e-52,1.079860346094743632e-52,4.979398333431647677e-53,1.981832203037816833e-53,6.834872941818100969e-54,2.048113370488607600e-54,5.343198995650719089e-55,1.215405052272627346e-55,2.413305890236135861e-56,4.186662873063453344e-57,6.350416765898134975e-58,8.426954486557723188e-59,9.787771913457000951e-60,9.954452722122061659e-61,8.867868086986737791e-62,6.921737831890221032e-63,4.734924123973925553e-64,2.839265817121462264e-65,1.492709521950441742e-66,6.881636497104462919e-68,2.782388630855155527e-69,9.867536835439356012e-71,3.069826050109571576e-72,8.378701299142385394e-74,2.006489694660929795e-75,4.216284130832901707e-77,7.774769481478950005e-79,1.258168758540157949e-80,1.786941660074368105e-82,2.227542532244880233e-84,2.437293249489613758e-86,2.340862371370243768e-88,1.973553129868901739e-90,1.460641660067755395e-92,9.490218762733904044e-95,5.413286635474062294e-97,2.710888147094275508e-99,1.191901865510512431e-101,4.601075956326762494e-104,1.559477776576736074e-106,4.640983439860986686e-109,1.212722357076397050e-111,2.782544870407792336e-114,5.606098588493607674e-117,9.918017574671739235e-120,1.540784712186370862e-122,2.101933233853172591e-125,2.518037929298924340e-128,2.648976888910965901e-131
1.618738152744050041e-204,2.028181214388762288e-200,2.231946897579080144e-196,2.157275314907255130e-192,1.831342061652229862e-188,1.365441209630926463e-184,8.941564800125339474e-181,5.142665366025267041e-177,2.597731856811103364e-173,1.152467429888266016e-169,4.490431879876639406e-166,1.536630152552052268e-162,4.618159085849377641e-159,1.218942080100271568e-155,2.825582886030467487e-152,5.752277079674629491e-149,1.028428401047474664e-145,1.614754021967285113e-142,2.226547825371687757e-139,2.696162440908820616e-136,2.867102446649423874e-133,2.677428973871208571e-130,2.195656697360504817e-127,1.581162261204197890e-124,9.998788699464678857e-122,5.552266545866079297e-119,2.707308647848878744e-116,1.159156002639411952e-113,4.357869819772795526e-111,1.438553086151817994e-108,4.169531192918252478e-106,1.061079692596281459e-103,2.370812641358490377e-101,4.650751449741155490e-99,8.009640303131174956e-97,1.211025336328574329e-94,1.607418801375945212e-92,1.872942847403228383e-90,1.915677556267496515e-88,1.719903010978221733e-86,1.355341571246918187e-84,9.374207372713920951e-83,5.690323990354180809e-81,3.031303047589474784e-79,1.417040443538772306e-77,5.812503370847004862e-76,2.091877946869683333e-74,6.604830569013989644e-73,1.829341048024321298e-71,4.444116283069350637e-70,9.468424082084393324e-69,1.768919231263456040e-67,2.897370844060012526e-66,4.159904420296497411e-65,5.234205467311789085e-64,5.770271122592798292e-63,5.571744093274120738e-62,4.710686932176077931e-61,3.485744721557293162e-60,2.256363648113777489e-59,1.276915367003744863e-58,6.312929103187889109e-58,2.724019428047756579e-57,1.024668039923490772e-56,3.354876407230158760e-56,9.540911340291917039e-56,2.350069826673916987e-55,4.993050548309217020e-55,9.093964049443888580e-55,1.405706773974967397e-54,1.811632917662258667e-54,1.876881134843502657e-54,1.419297114651083570e-54,4.828573385160125202e-55,6.300821548302169182e-55,1.514003576106849233e-54,1.896519173311698033e-54,1.770586821029755384e-54,1.338088743514498830e-54,8.457796718708394589e-55,4.544872774736509878e-55,2.095709135169611788e-55,8.341055633959148035e-56,2.876633822548632602e-56,8.620017144601908643e-57,2.248824094073182649e-57,5.115347880240037216e-58,1.015702472760179492e-58,1.762065824307670850e-59,2.672737856514254584e-60,3.546702697106467175e-61,4.119438060270955404e-62,4.189590008357604109e-63,3.732272639164148830e-64,2.913193167967373398e-65,1.992815813574126719e-66,1.194978772870794285e-67,6.282455774431528342e-69,2.896315479536961360e-70,1.171040531569435925e-71,4.153009199688082351e-73,1.292016036034338263e-74,3.526394089737740715e-76,8.444833092569011447e-78,1.774532700091844623e-79,3.272213696336062927e-81,5.295330046512830154e-83,7.520808158464341435e-85,9.375191380975193064e-87,1.025798176006544573e-88,9.852127360281178706e-91,8.306211003930222938e-93,6.147489847639504323e-95,3.994205087446314042e-97,2.278322297914912018e-99,1.140947695657575696e-101,5.016428613485265373e-104,1.936482335333818554e-106,6.563467317975063116e-109,1.953278436430029962e-111,5.104057060643206231e-114,1.171106289043717303e-116,2.359472216890318236e-119,4.174255330099123525e-122,6.484792700708653505e-125,8.846532019993852166e-128,1.059781671954772662e-130,1.114890734423434915e-133
5.984946098517991179e-207,7.498776269386060110e-203,8.252157307913523940e-199,7.976074732961957350e-195,6.771004629968983437e-191,5.048433575549655289e-187,3.305956758629479241e-183,1.901393067569410970e-179,9.604570767092247546e-176,4.261007523969224904e-172,1.660243363917077588e-168,5.681368923560330641e-165,1.707467829576079236e-161,4.506783653828303215e-158,1.044700234013768908e-154,2.126784261384026303e-151,3.802399131704917382e-148,5.970215607420359581e-145,8.232195366512287750e-142,9.968497285571976467e-139,1.060051224037533787e-135,9.899234205399200520e-133,8.117981875123164802e-130,5.846017090707417449e-127,3.696843205636455975e-124,2.052834545554263098e-121,1.000970805683873129e-118,4.285737124195560335e-116,1.611231311963057405e-113,5.318749462895016744e-111,1.541597039855338087e-108,3.923120460005918580e-106,8.765584380751177568e-104,1.719518175136601510e-101,2.961397147616539865e-99,4.477513147868684441e-97,5.943095161914232853e-95,6.924814843158830227e-93,7.082817500140903364e-91,6.358982024321712291e-89,5.011092272856346187e-87,3.465917310153870324e-85,2.103878401065282411e-83,1.120760965406423418e-81,5.239210961714856758e-80,2.149051674169869904e-78,7.734281628850839897e-77,2.441998100704668955e-75,6.763606300173986814e-74,1.643119139721775890e-72,3.500751969867436890e-71,6.540209257316961578e-70,1.071242331548242377e-68,1.538037741821923203e-67,1.935238107369275140e-66,2.133437182783961267e-65,2.060035961741637014e-64,1.741678067467213476e-63,1.288781279192592597e-62,8.342433141341397739e-62,4.721127769136141932e-61,2.334073632744761878e-60,1.007149267504230798e-59,3.788495982149275652e-59,1.240395454348965438e-58,3.527552619033816002e-58,8.688892157476682715e-58,1.846076114790315140e-57,3.362303196815230342e-57,5.197307086572360859e-57,6.698134188120262406e-57,6.939375838100379349e-57,5.247554531638748437e-57,1.785264120323357192e-57,2.329597117300709457e-57,5.597711884780509100e-57,7.011983382154505488e-57,6.546374822046187254e-57,4.947303547149926070e-57,3.127093618438644518e-57,1.680371747296435479e-57,7.748446647099463132e-58,3.083931041554005380e-58,1.063575251125809773e-58,3.187071231459812243e-59,8.314557215611081297e-60,1.891292997973713017e-60,3.755347670836119886e-61,6.514870217049461699e-62,9.881889779140572496e-63,1.311319216988046674e-63,1.523076150710050775e-64,1.549013367752167667e-65,1.379929825742197387e-66,1.077092305219324135e-67,7.368020089164431666e-69,4.418184332272113902e-70,2.322806756149789106e-71,1.070852132566762073e-72,4.329677686745629796e-74,1.535488378070738846e-75,4.776959337727326700e-77,1.303810533744135205e-78,3.122300588537283658e-80,6.560963885421103320e-82,1.209832644162042126e-83,1.957837643383315108e-85,2.780661675849218110e-87,3.466281126648485116e-89,3.792674424179061952e-91,3.642618239835709723e-93,3.071047967650154379e-95,2.272905924712914858e-97,1.476773875643100704e-99,8.423620660918606713e-102,4.218415713598530777e-104,1.854719665924340468e-106,7.159738823761048665e-109,2.426704902882163078e-111,7.221838898165302537e-114,1.887118453341237335e-116,4.329920811267129973e-119,8.723655530764658756e-122,1.543343690870764814e-124,2.397616606986649023e-127,3.270820373803119464e-130,3.918321299893079794e-133,4.122075543813441240e-136
1.943897617991428864e-209,2.435586400938652901e-205,2.680282941580031436e-201,2.590611915144236605e-197,2.199207738038798922e-193,1.639720365154634030e-189,1.073767643433197465e-185,6.175683780723778698e-182,3.119543923811077777e-178,1.383966077512167309e-174,5.392434730868686020e-171,1.845296404618726294e-167,5.545818779436648858e-164,1.463793635777183914e-160,3.393163886499768787e-157,6.907749529621765548e-154,1.235011058262015786e-150,1.939113186169768322e-147,2.673799345955926664e-144,3.237746474136048877e-141,3.443023571866471355e-138,3.215249974694757800e-135,2.636703049649718887e-132,1.898773775117907635e-129,1.200726720546740718e-126,6.667562443414856774e-124,3.251131643989493306e-121,1.391998198467589051e-118,5.233244640467638149e-116,1.727518383861368706e-113,5.007074022635977549e-111,1.274221085998235133e-108,2.847042950353392373e-106,5.584958042592379657e-104,9.618554229918396826e-102,1.454286638407185792e-99,1.930304523811063784e-97,2.249164964404455352e-95,2.300483887498512100e-93,2.065383682067016402e-91,1.627591990369465969e-89,1.125722486461804942e-87,6.833351788056845131e-86,3.640207505846995031e-84,1.701684449780909664e-82,6.980073607333510729e-81,2.512078035073701732e-79,7.931557298859227139e-78,2.196804776436888696e-76,5.336815619060001045e-75,1.137036709000125112e-73,2.124245897487392700e-72,3.479372048316625631e-71,4.995513499190868486e-70,6.285611741916362915e-69,6.929358075215311390e-68,6.690952488271595256e-67,5.656932896178889009e-66,4.185933870572397541e-65,2.709604338076990798e-64,1.533412143331859780e-63,7.581020948595140649e-63,3.271199155075820957e-62,1.230495345194745439e-61,4.028777752355531919e-61,1.145741502194347334e-60,2.822133481213499372e-60,5.996015508085336745e-60,1.092068845344712712e-59,1.688074161278867499e-59,2.175539575284397159e-59,2.253894344244445575e-59,1.704394423357474074e-59,5.798499458157142958e-60,7.566481322657572986e-60,1.818124778380082909e-59,2.277477118349812930e-59,2.126248459641417792e-59,1.606873549475833302e-59,1.015673280268368397e-59,5.457811287089616615e-60,2.516678802530185577e-60,1.001654168148530662e-60,3.454469536040492995e-61,1.035153879953819121e-61,2.700550297366436475e-62,6.142878971949692810e-63,1.219728844989825609e-63,2.116015831717820752e-64,3.209616542357168402e-65,4.259136607696223137e-66,4.946918573116283301e-67,5.031162096104785959e-68,4.481982388976740911e-69,3.498372636957526159e-70,2.393117074885935532e-71,1.435016766729241056e-72,7.544426375787556905e-74,3.478104690420512423e-75,1.406269998658301679e-76,4.987233220568910992e-78,1.551546116705482390e-79,4.234748566048415808e-81,1.014116514468183501e-82,2.130986956048294262e-84,3.929510402336456832e-86,6.359014548734679176e-88,9.031529305605715453e-90,1.125840653276586889e-91,1.231852494177359399e-93,1.183114568303260228e-95,9.974697734585830567e-98,7.382349548748837433e-100,4.796529779750802075e-102,2.735973869784480543e-104,1.370132349126728753e-106,6.024089576218343214e-109,2.325467767937852807e-111,7.881885321321124929e-114,2.345637738514260655e-116,6.129320140786329832e-119,1.406348964979915277e-121,2.833424550076673784e-124,5.012747107559869643e-127,7.787407162000654996e-130,1.062355421227430488e-132,1.272662329118428365e-135,1.338841269226810991e-138
5.546461917128590927e-212,6.949382052656015648e-208,7.647566993756855661e-204,7.391711475136689652e-200,6.274930250437039895e-196,4.678562531221079832e-192,3.063747435576832263e-188,1.762088424049540421e-184,8.900896534916014074e-181,3.948826868490804250e-177,1.538606436807708566e-173,5.265126177067217154e-170,1.582371024828788465e-166,4.176596329061472682e-163,9.681607766195197609e-160,1.970966441056072619e-156,3.523818198284996394e-153,5.532810648333694785e-150,7.629067554343380268e-147,9.238160153039032768e-144,9.823870837837689601e-141,9.173971598934207926e-138,7.523221859173114532e-135,5.417711475881586142e-132,3.425995776091289592e-129,1.902434615393730599e-126,9.276351637067496217e-124,3.971744666517685303e-121,1.493185229136875758e-118,4.929073855815691919e-116,1.428652678296636919e-113,3.635694936852696423e-111,8.123378080415865564e-109,1.593538507650336237e-106,2.744431817824743180e-104,4.149470312560328501e-102,5.507677169151407436e-100,6.417471632743191259e-98,6.563898301474827651e-96,5.893094281721057519e-94,4.643957021013189255e-92,3.211988554656196135e-90,1.949738767514779699e-88,1.038648955312876025e-86,4.855362704456342475e-85,1.991602442613351691e-83,7.167633225866960515e-82,2.263086290886534064e-80,6.268073955692511466e-79,1.522736810615392501e-77,3.244271069873022442e-76,6.061043989138317073e-75,9.927582802151178150e-74,1.425354150512599232e-72,1.793453823377182762e-71,1.977131939387154115e-70,1.909108423306467775e-69,1.614074866187667960e-68,1.194359342069246443e-67,7.731228811914007600e-67,4.375236626421854792e-66,2.163068856875851453e-65,9.333609635107947848e-65,3.510933656257432944e-64,1.149518481281822694e-63,3.269108182439904713e-63,8.052304675784903492e-63,1.710824241065837409e-62,3.115965679223392195e-62,4.816528896462013801e-62,6.207398626243606111e-62,6.430965823415729704e-62,4.863094986804620130e-62,1.654467607981157001e-62,2.158920311191943739e-62,5.187598230796991014e-62,6.498253810870826665e-62,6.066757836749342277e-62,4.584841745439797708e-62,2.897988616845376778e-62,1.557260123914725747e-62,7.180760450912058850e-63,2.857988325284269499e-63,9.856529247317888694e-64,2.953571999055432278e-64,7.705395202393025108e-65,1.752728331168202364e-65,3.480213939941029859e-66,6.037561401405776643e-67,9.157897903676278878e-68,1.215246048752192836e-68,1.411488713137621995e-69,1.435525652516342516e-70,1.278829934437551547e-71,9.981796583938686298e-73,6.828205660746826698e-74,4.094488193946243131e-75,2.152627442544591599e-76,9.923966689733065236e-78,4.012465945001371966e-79,1.422991564663683046e-80,4.426977722142199979e-82,1.208287485554705566e-83,2.893546745964583068e-85,6.080278039452017592e-87,1.121194840602066624e-88,1.814397615315628438e-90,2.576937842987697751e-92,3.212325716311281096e-94,3.514805966752733165e-96,3.375743576183225352e-98,2.846049123560114796e-100,2.106382571390323804e-102,1.368578751860160123e-104,7.806468167134327525e-107,3.909355526506270453e-109,1.718834526603793769e-111,6.635184021523401544e-114,2.248913541806739215e-116,6.692734364008056353e-119,1.748859632528532618e-121,4.012691257122801943e-124,8.084521127351947078e-127,1.430271361769857268e-129,2.221956385841366846e-132,3.031185300993078806e-135,3.631247384885839734e-138,3.820073672661444950e-141
1.390234900528899333e-214,1.741880429555326724e-210,1.916882275171987591e-206,1.852751433422153155e-202,1.572827356048662612e-198,1.172693694177885889e-194,7.679361501054545363e-191,4.416719814423022588e-187,2.231032538172567714e-183,9.897835792882699211e-180,3.856556483372804104e-176,1.319717375945033555e-172,3.966253545363108010e-169,1.046874578575928569e-165,2.426719810017821880e-162,4.940277919634036888e-159,8.832540663890832396e-156,1.386813175003793209e-152,1.912245343250204804e-149,2.315568528788730009e-146,2.462378413683279553e-143,2.299479503124346426e-140,1.885714848368205518e-137,1.357963272317546139e-134,8.587346254513745284e-132,4.768501141469036859e-129,2.325141322184601528e-126,9.955279841242784989e-124,3.742707061754317734e-121,1.235484999992980287e-118,3.580954568477159356e-116,9.112962577597316468e-114,2.036145544010591214e-111,3.994245127387010269e-109,6.878988717975469217e-107,1.040075372989852733e-104,1.380513404005205699e-102,1.608555718995534828e-100,1.645257938949195183e-98,1.477119191472810882e-96,1.164019734316532333e-94,8.050931666897448471e-93,4.887070211631922441e-91,2.603400237212524496e-89,1.217009110910471179e-87,4.992002586639572395e-86,1.796585645709103451e-84,5.672483813119962343e-83,1.571108808193412119e-81,3.816778858431466962e-80,8.131848619002032125e-79,1.519216216255137982e-77,2.488374083452286309e-76,3.572686724011064790e-75,4.495337992036635483e-74,4.955731899285934964e-73,4.785229212116276403e-72,4.045720036605645289e-71,2.993692313993720251e-70,1.937852324399405885e-69,1.096664278418892493e-68,5.421787550348303067e-68,2.339493186202931826e-67,8.800245228942032115e-67,2.881297546722817137e-66,8.194103478458019702e-66,2.018330812909841020e-65,4.288224825372222098e-65,7.810247867617939691e-65,1.207275317367700438e-64,1.555900381300614078e-64,1.611938072495315197e-64,1.218947227296970880e-64,4.146965479574411425e-65,5.411389114330079350e-65,1.300284797431984830e-64,1.628803979075405027e-64,1.520648406809017890e-64,1.149202338923479247e-64,7.263882771885655129e-65,3.903312428384297868e-65,1.799876018323394128e-65,7.163621015489442484e-66,2.470564327757820701e-66,7.403203944540469047e-67,1.931377063938081431e-67,4.393258501625047198e-68,8.723245472348525105e-69,1.513330245430022241e-69,2.295450590196401864e-70,3.046045379825008804e-71,3.537932649728263369e-72,3.598181854582545868e-73,3.205420019573696720e-74,2.501962906862880177e-75,1.711507256228725848e-76,1.026293963985877807e-77,5.395615877614018972e-79,2.487467695604316212e-80,1.005734876985174496e-81,3.566764842006510726e-83,1.109633316724174453e-84,3.028603562757783911e-86,7.252749108634411818e-88,1.524037280281932460e-89,2.810303615148308451e-91,4.547834143526868709e-93,6.459160775543450107e-95,8.051776771230495419e-97,8.809951274483671709e-99,8.461387826993208019e-101,7.133695100247246382e-103,5.279701922356933325e-105,3.430377731583368753e-107,1.956711261696841177e-109,9.798899862163539920e-112,4.308302811455012427e-114,1.663125887453417190e-116,5.636959454165745775e-119,1.677551028355952189e-121,4.383561509292187632e-124,1.005791352045576099e-126,2.026405949096313815e-129,3.585011840106977581e-132,5.569390651565545916e-135,7.597743675834702722e-138,9.101814674566043740e-141,9.575112606345745123e-144
3.061186870555311864e-217,3.835482405889416587e-213,4.220822575324716477e-209,4.079611553584742486e-205,3.463240960325979384e-201,2.582178406278423979e-197,1.690934430744961096e-193,9.725266357282194588e-190,4.912556511879621834e-186,2.179424855797347711e-182,8.491831177568978810e-179,2.905912880297937612e-175,8.733375398459597250e-172,2.305134703376801214e-168,5.343444347510548527e-165,1.087809973604073616e-161,1.944855326510809833e-158,3.053652502623595463e-155,4.210612419391193753e-152,5.098698051316686757e-149,5.421961761597552848e-146,5.063271294223257205e-143,4.152194376101377222e-140,2.990127307501488081e-137,1.890865464334772281e-134,1.049986090907347839e-131,5.119776582323810280e-129,2.192073579157203913e-126,8.241143790461774498e-124,2.720439876245162369e-121,7.884977642919902376e-119,2.006602005444544005e-116,4.483430824167667674e-114,8.795010639630027573e-112,1.514698698626642193e-109,2.290163392512440320e-107,3.039780907067309358e-105,3.541911978811987174e-103,3.622727353105660361e-101,3.252499180866198468e-99,2.563079035349672132e-97,1.772751231109823004e-95,1.076094058754975838e-93,5.732480620306439229e-92,2.679757435414693941e-90,1.099199334600615721e-88,3.955938948432776988e-87,1.249035897858285495e-85,3.459456854396178511e-84,8.404244005670192170e-83,1.790568501508223534e-81,3.345193487061562427e-80,5.479202162452046140e-79,7.866772505847203581e-78,9.898377342343943219e-77,1.091212817223538567e-75,1.053669479248093859e-74,8.908354302778722173e-74,6.591872785378579387e-73,4.266996958765549503e-72,2.414767669282788277e-71,1.193834571247804194e-70,5.151378247397943187e-70,1.937744128150984372e-69,6.344388431649651954e-69,1.804276527274959595e-68,4.444204200719112310e-68,9.442330593486111110e-68,1.719754569464416893e-67,2.658324394873735027e-67,3.425969105880914006e-67,3.549359652669921408e-67,2.684025013817261582e-67,9.131288729854262102e-68,1.191544918196890751e-67,2.863123885299589811e-67,3.586497039857877662e-67,3.348347056949704144e-67,2.530452307150191435e-67,1.599449313356325239e-67,8.594784056204860350e-68,3.963184087683913836e-68,1.577372470645619201e-68,5.439986494453106681e-69,1.630126729407309111e-69,4.252738949345647518e-70,9.673606409257716066e-71,1.920789393103670234e-71,3.332233046632776694e-72,5.054399947839345309e-73,6.707150079665389876e-74,7.790246793643910999e-75,7.922910759130027553e-76,7.058080382531874497e-77,5.509123672691056603e-78,3.768603089761526112e-79,2.259817824087509493e-80,1.188071776706807924e-81,5.477206368375246450e-83,2.214548346840748485e-84,7.853732991855959453e-86,2.443324461926913019e-87,6.668744583310408831e-89,1.596997769106277836e-90,3.355809087269612990e-92,6.188065431024119857e-94,1.001396969989116851e-95,1.422255919008882292e-97,1.772937316373541466e-99,1.939881322316211971e-101,1.863130418666229436e-103,1.570783021711929562e-105,1.162548444080636938e-107,7.553419403421199276e-110,4.308522841352439357e-112,2.157639949374431700e-114,9.486540724721152059e-117,3.662071157051363890e-119,1.241213716069138844e-121,3.693834172006572304e-124,9.652254402052353702e-127,2.214672700439800839e-129,4.461985009460543523e-132,7.893911432913777970e-135,1.226335602211743797e-137,1.672962833652182838e-140,2.004147325708004027e-143,2.108363772444726338e-146
5.921353661480114866e-220,7.419098783580481911e-216,8.164474848385552158e-212,7.891325760799904943e-208,6.699060007824375098e-204,4.994791957224733886e-200,3.270829650787747522e-196,1.881190008603289751e-192,9.502518375678379378e-189,4.215732621201013919e-185,1.642602616640213912e-181,5.621002114963115006e-178,1.689325303534586530e-174,4.458897281749349395e-171,1.033599877759409887e-167,2.104186331175933609e-164,3.761997125838796916e-161,5.906779687715710080e-158,8.144725010572004201e-155,9.862578029900555764e-152,1.048787757397404475e-148,9.794050897549733975e-146,8.031725083041504923e-143,5.783900829730711445e-140,3.657562773544284767e-137,2.031022360543646487e-134,9.903350920288745083e-132,4.240199459571843450e-129,1.594111337267300000e-126,5.262235630558209321e-124,1.525216957046648918e-121,3.881435741923060293e-119,8.672446553989197726e-117,1.701247609371039639e-114,2.929931122932478542e-112,4.429937786575448284e-110,5.879947407750255420e-108,6.851235926206181332e-106,7.007559742004772966e-104,6.291415306535491299e-102,4.957847420753070739e-100,3.429090557716131959e-98,2.081523854749206566e-96,1.108852433574520618e-94,5.183542257643058891e-93,2.126217143827397942e-91,7.652101804763587354e-90,2.416050897853817119e-88,6.691740288232243744e-87,1.625660344149392800e-85,3.463555085288994545e-84,6.470716927966794303e-83,1.059859954931161032e-81,1.521695477973391394e-80,1.914675431369603126e-79,2.110768562634225800e-78,2.038147258813977667e-77,1.723172044016817564e-76,1.275087464577446905e-75,8.253791465115004722e-75,4.670963905423376167e-74,2.309273170367110500e-73,9.964479052314799923e-73,3.748241702786773909e-72,1.227215758402452314e-71,3.490070966879099809e-71,8.596569216161414921e-71,1.826460820492139067e-70,3.326577385619810902e-70,5.142083627875008069e-70,6.626963843432245380e-70,6.865642204762902521e-70,5.191797173856501146e-70,1.766294977716797596e-70,2.304844219753352418e-70,5.538233965577917738e-70,6.937478264761429801e-70,6.476816981113956150e-70,4.894736475656498896e-70,3.093867002727762975e-70,1.662517127927202920e-70,7.666116314063691038e-71,3.051163045424064885e-71,1.052274340293759432e-71,3.153207329715182977e-72,8.226211732194890481e-73,1.871197256271599905e-73,3.715445605492513668e-74,6.445647125098654968e-75,9.776890762730528267e-76,1.297385927803423565e-76,1.506892859729611523e-77,1.532554483503870828e-78,1.365267521501192340e-79,1.065647770301563382e-80,7.289731939879013525e-82,4.371239363283696896e-83,2.298126008826315026e-84,1.059473901969875083e-85,4.283673136134235818e-87,1.519173202227878970e-88,4.726202241351803826e-90,1.289957027311390069e-91,3.089124900682023276e-93,6.491251029877517572e-95,1.196977690252123262e-96,1.937034838309826533e-98,2.751116037570590658e-100,3.429450508515457396e-102,3.752375747205062049e-104,3.603913969611165926e-106,3.038416859313690265e-108,2.248755393608592610e-110,1.461082564784120901e-112,8.334116334949429034e-115,4.173593365784918178e-117,1.835012530447635385e-119,7.083663745913333707e-122,2.400920196352490694e-124,7.145103982281134670e-127,1.867067067838371963e-129,4.283913677362960073e-132,8.630963214750479818e-135,1.526945049199400925e-137,2.372140975190660251e-140,3.236066604051999584e-143,3.876687574801299545e-146,4.078276848687783451e-149
1.006193860670528732e-222,1.260700183525769463e-218,1.387359198199122238e-214,1.340943977847677245e-210,1.138346641239371307e-206,8.487466363273794774e-203,5.558000589174587095e-199,3.196637028665890536e-195,1.614728016115404664e-191,7.163639471961521527e-188,2.791214244027432535e-184,9.551562264700240797e-181,2.870608388329781781e-177,7.576840240842806421e-174,1.756358276919647528e-170,3.575566482217343884e-167,6.392623424102639582e-164,1.003717358883783474e-160,1.384003180859100536e-157,1.675911629569111548e-154,1.782166482479546145e-151,1.664267065875847587e-148,1.364801518564597406e-145,9.828370062513586072e-143,6.215161968283391745e-140,3.451241636444920112e-137,1.682840016952976550e-134,7.205215070996085435e-132,2.708814795537600736e-129,8.941923566081790418e-127,2.591745107803714675e-124,6.595581073828182258e-122,1.473676962818072053e-119,2.890867524375443915e-117,4.978724252294127080e-115,7.527630435251362323e-113,9.991578481844745695e-111,1.164205335647974007e-108,1.190768867016884009e-106,1.069077075660468525e-104,8.424687870539407007e-103,5.826927530614588562e-101,3.537056969105813004e-99,1.884232178716609025e-97,8.808202810275818213e-96,3.613002632301353994e-94,1.300293530390851759e-92,4.105506476166620662e-91,1.137102828197014841e-89,2.762424863186623446e-88,5.885491835393702543e-87,1.099545141072735584e-85,1.800981060732116760e-84,2.585761187862159216e-83,3.253537576641266665e-82,3.586751426175226971e-81,3.463348714166263678e-80,2.928122910218748069e-79,2.166709256062457559e-78,1.402536442550092731e-77,7.937197258843806474e-77,3.924063009024547302e-76,1.693227295719862646e-75,6.369249339358797223e-75,2.085362625535148436e-74,5.930549298242200203e-74,1.460783405724773884e-73,3.103637731160083410e-73,5.652730665675686389e-73,8.737753684757784488e-73,1.126095605054956779e-72,1.166653341605363970e-72,8.822230085872536945e-73,3.001400126247039703e-73,3.916537055974950326e-73,9.410917391021584527e-73,1.178860179209947161e-72,1.100581700684108636e-72,8.317445761526456870e-73,5.257294466522193533e-73,2.825054240995589654e-73,1.302674964436683189e-73,5.184729201672103714e-74,1.788091104629739541e-74,5.358129302792333354e-75,1.397849919920043008e-75,3.179656711964309987e-76,6.313520136825244445e-77,1.095285121629028788e-77,1.661351107247763844e-78,2.204600214926087093e-79,2.560607642829351258e-80,2.604213496783668228e-81,2.319948911754726852e-82,1.810816082629693355e-83,1.238717351331176216e-84,7.427886362318687890e-86,3.905121047188662642e-87,1.800325055126395571e-88,7.279088291480250164e-90,2.581475177409699447e-91,8.031061732507052144e-93,2.191976557410316397e-94,5.249236386826053390e-96,1.103034425526762091e-97,2.033980187885262498e-99,3.291532094916950888e-101,4.674870351019946092e-103,5.827539181772102997e-105,6.376274169077159699e-107,6.123998527899076078e-109,5.163070076167320185e-111,3.821227375621947326e-113,2.482763892625605057e-115,1.416185752404305422e-117,7.092033784282481275e-120,3.118169337531674575e-122,1.203700940641126686e-124,4.079795431313420505e-127,1.214141254151393070e-129,3.172638434586434228e-132,7.279497034341156437e-135,1.466627851474690620e-137,2.594681591271336347e-140,4.030891958721650268e-143,5.498929021751143526e-146,6.587512687978828204e-149,6.930065930634289395e-152
1.502006559096688696e-225,1.881923572310620340e-221,2.070995160047513798e-217,2.001708347500936402e-213,1.699279024152345260e-209,1.266975544777628097e-205,8.296764338079533390e-202,4.771813834074885761e-198,2.410402374892434855e-194,1.069359881278426641e-190,4.166614671630847104e-187,1.425819589242862325e-183,4.285131122739854480e-180,1.131040864371541733e-176,2.621822449105328268e-173,5.337464795501327298e-170,9.542656428495676120e-167,1.498309734783962501e-163,2.065985429563685343e-160,2.501734862904490473e-157,2.660347921725002891e-154,2.484352316927407817e-151,2.037321944485511871e-148,1.467140366896322232e-145,9.277748957832099578e-143,5.151877563154041446e-140,2.512077286666123455e-137,1.075566122927343074e-134,4.043612020816266581e-132,1.334815125810513082e-129,3.868855002588506276e-127,9.845623613078267328e-125,2.199846918832562563e-122,4.315373162979893677e-120,7.432043441313255660e-118,1.123695018440954599e-115,1.491503476821856523e-113,1.737879864537165048e-111,1.777532857769725406e-109,1.595876145330281493e-107,1.257604218680057341e-105,8.698207882655485683e-104,5.279979311299739737e-102,2.812707572482284306e-100,1.314853818138080654e-98,5.393348005657347489e-97,1.941026960846246364e-95,6.128538343007507535e-94,1.697422309037874884e-92,4.123639017986379941e-91,8.785630369864432492e-90,1.641357673176486330e-88,2.688433582995711388e-87,3.859922442619161616e-86,4.856752730659306298e-85,5.354161239242838584e-84,5.169950531850602000e-83,4.370986535398176904e-82,3.234378226173600572e-81,2.093651152551421149e-80,1.184833540495530192e-79,5.857686682701112703e-79,2.527583007233574088e-78,9.507764515544587053e-78,3.112947180538878456e-77,8.852890375491547699e-77,2.180599924707083163e-76,4.632988146198008006e-76,8.438173664661771450e-76,1.304337450194282318e-75,1.680991159929992246e-75,1.741534151397114578e-75,1.316947754582232916e-75,4.480371876940369730e-76,5.846452236451911870e-76,1.404824676530603253e-75,1.759756037720073183e-75,1.642905008532066855e-75,1.241595539096446261e-75,7.847882083636579149e-76,4.217129686075445531e-76,1.944581871779295674e-76,7.739559514768248270e-77,2.669191964287425244e-77,7.998404355122577389e-78,2.086655296181370233e-78,4.746466286193607341e-79,9.424574157286466973e-80,1.634998483962124523e-80,2.479999488753128816e-81,3.290940356959938123e-82,3.822374221443220062e-83,3.887467322501572861e-84,3.463128347755732282e-85,2.703114916260654664e-86,1.849108466361535376e-87,1.108805616146520545e-88,5.829410868236581154e-90,2.687454323667576331e-91,1.086593626278405603e-92,3.853524455050785505e-94,1.198845259371898181e-95,3.272096258291734732e-97,7.835853299688081262e-99,1.646566339559140752e-100,3.036245501677361197e-102,4.913469450854908357e-104,6.978462306934616373e-106,8.699120931409371788e-108,9.518250904625223894e-110,9.141663765147817213e-112,7.707227625416076834e-114,5.704177700071402942e-116,3.706172137572223984e-118,2.114026304627678667e-120,1.058670866291298184e-122,4.654680355756318782e-125,1.796837347853244182e-127,6.090157908063100538e-130,1.812422236596235234e-132,4.735989678188907125e-135,1.086654641802586944e-137,2.189324283097496129e-140,3.873238469434646443e-143,6.017156730592521824e-146,8.208584629188037965e-149,9.833579444512223751e-152,1.034492943124047986e-154
1.969661059343435810e-228,2.467866438125224797e-224,2.715806063647575762e-220,2.624946582526260897e-216,2.228354931314575168e-212,1.661452394181429286e-208,1.087998819731027052e-204,6.257533187511755778e-201,3.160888790009974084e-197,1.402308467842509088e-193,5.463903348685044336e-190,1.869753035077983922e-186,5.619320272284712293e-183,1.483194020415807534e-179,3.438135174068579079e-176,6.999301367655750474e-173,1.251379273682711735e-169,1.964813217068904702e-166,2.709236537707974785e-163,3.280657937490952558e-160,3.488655674629750924e-157,3.257863280759347750e-154,2.671648585750318739e-151,1.923939167750820923e-148,1.216640548599599607e-145,6.755930962612546949e-143,3.294220507650693786e-140,1.410447042489535942e-137,5.302603432893133809e-135,1.750414043670946531e-132,5.073435263437958150e-130,1.291108971407116026e-127,2.884776225705780233e-125,5.658978267551219819e-123,9.746033710064662542e-121,1.473561022083591584e-118,1.955887809129476473e-116,2.278974265633388513e-114,2.330973343922040597e-112,2.092757238609978821e-110,1.649163276016273756e-108,1.140642246118289251e-106,6.923917595842239434e-105,3.688452985296779924e-103,1.724237719621963689e-101,7.072583992318519776e-100,2.545371853909625686e-98,8.036678170145678464e-97,2.225920122066546182e-95,5.407547089139838462e-94,1.152106421672057453e-92,2.152399584229677196e-91,3.525485895507209997e-90,5.061721522630838528e-89,6.368918078617969381e-88,7.021196302040294614e-87,6.779631007356917934e-86,5.731907039647626807e-85,4.241412132790261554e-84,2.745516071186593868e-83,1.553735216654594335e-82,7.681495987396399575e-82,3.314553983434242061e-81,1.246803711626061762e-80,4.082173146423737535e-80,1.160926583818753696e-79,2.859536618990079468e-79,6.075483681951714947e-79,1.106542576568215408e-78,1.710447047200679514e-78,2.204373082634215526e-78,2.283766326293756601e-78,1.726983609824620010e-78,5.875349853790347207e-79,7.666763660870083832e-79,1.842221289785619187e-78,2.307661654636319140e-78,2.154428687342037439e-78,1.628170243328412236e-78,1.029134503095243237e-78,5.530146372899118036e-79,2.550033597622969855e-79,1.014929588714256886e-79,3.500253337856224493e-80,1.048873288852325086e-80,2.736342032774173198e-81,6.224293600301588566e-82,1.235894517641406132e-82,2.144060441307670729e-83,3.252155185742689328e-84,4.315585062174813314e-85,5.012482543843435663e-86,5.097842588118876862e-87,4.541384329363351507e-88,3.544738308391876829e-89,2.424834244985518203e-90,1.454035757218850825e-91,7.644416408525951341e-93,3.524201740685166590e-94,1.424907993941299591e-95,5.053331501360532236e-97,1.572109528590894338e-98,4.290873793687163946e-100,1.027557104704124901e-101,2.159229985390347931e-103,3.981590156872357345e-105,6.443293729314447635e-107,9.151228652638825248e-109,1.140761979056628654e-110,1.248178847578718797e-112,1.198794973747328647e-114,1.010689736161956409e-116,7.480191496737485125e-119,4.860100573050378342e-121,2.772235091404864069e-123,1.388291394178902116e-125,6.103929829662140851e-128,2.356288348147220630e-130,7.986347865199194472e-133,2.376725641369026095e-135,6.210555067206561324e-138,1.424988006843535418e-140,2.870977334002532344e-143,5.079183536575402510e-146,7.890617539869322254e-149,1.076435345671450981e-151,1.289529555546840851e-154,1.356585598041862402e-157
2.269032269022006762e-231,2.842960496769600281e-227,3.128584771267189273e-223,3.023915445734873105e-219,2.567045341127128410e-215,1.913978589340738762e-211,1.253365100008867104e-207,7.208623361662658895e-204,3.641316169246559190e-200,1.615447058550837930e-196,6.294368746426068594e-193,2.153939101131126781e-189,6.473407679612676959e-186,1.708626505855240948e-182,3.960701572595267034e-179,8.063133800855417709e-176,1.441577950329036421e-172,2.263447597230959752e-169,3.121016734990609929e-166,3.779289176924791922e-163,4.018900746243270495e-160,3.753029932249155423e-157,3.077715743932303457e-154,2.216361050828280803e-151,1.401559243646387724e-148,7.782773228280780375e-146,3.794913138826231985e-143,1.624822625179818975e-140,6.108552657822290317e-138,2.016461629476750162e-135,5.844552936116743358e-133,1.487346213730343577e-130,3.323236916314523715e-128,6.519093342412387246e-126,1.122734537407388633e-123,1.697529376245632063e-121,2.253165605550127956e-119,2.625358370397293372e-117,2.685260852622094043e-115,2.410837988145928120e-113,1.899821632974524633e-111,1.314009865593692129e-109,7.976292356742747295e-108,4.249065496171459093e-106,1.986306733703301847e-104,8.147554741874299613e-103,2.932246056135564846e-101,9.258182780887133876e-100,2.564240462223481603e-98,6.229446829600217805e-97,1.327216495305427477e-95,2.479545447312730625e-94,4.061328837741305555e-93,5.831058809414949130e-92,7.336937779517772642e-91,8.088356573276579276e-90,7.810075472016750780e-89,6.603106648374263640e-88,4.886069585354692287e-87,3.162810439435374813e-86,1.789889345369532176e-85,8.849016020845168977e-85,3.818337124629289870e-84,1.436306942959974687e-83,4.702627669386416835e-83,1.337377244755390480e-82,3.294161110694444744e-82,6.998903927580402569e-82,1.274727345280858756e-81,1.970420000005071358e-81,2.539418461736578816e-81,2.630878782245888119e-81,1.989469975123487134e-81,6.768351512461646028e-82,8.832044509696792782e-82,2.122222771970781954e-81,2.658405990966314606e-81,2.481882956314588755e-81,1.875637843403401650e-81,1.185553923409593841e-81,6.370680129456149268e-82,2.937616344014728297e-82,1.169189986598734740e-82,4.032261152588526854e-83,1.208292831514849737e-83,3.152242027628534873e-84,7.170331648663879842e-85,1.423739647150517930e-85,2.469938827793060749e-86,3.746454256844070608e-87,4.971516149606678481e-88,5.774335937616166422e-89,5.872669960125974951e-90,5.231634925445074795e-91,4.083507448566057062e-92,2.793387787611828667e-93,1.675036442331400378e-94,8.806300671125676624e-96,4.059849502648563801e-97,1.641481514448650884e-98,5.821393578484312699e-100,1.811056391599324236e-101,4.943048984999558940e-103,1.183736774292367342e-104,2.487414009556499767e-106,4.586756947398501890e-108,7.422617876945725755e-110,1.054213516357849652e-111,1.314147796888326006e-113,1.437891087520815377e-115,1.381001297898834356e-117,1.164305713635738550e-119,8.617115012782493721e-122,5.598793243455570881e-124,3.193590516437840355e-126,1.599299512601088188e-128,7.031673640319692230e-131,2.714423515508755168e-133,9.200202710923546417e-136,2.737967098093515668e-138,7.154504979007524039e-141,1.641573688608899877e-143,3.307340714068656477e-146,5.851174896365900273e-149,9.089922215572805452e-152,1.240044079289226519e-154,1.485526740508710871e-157,1.562774713470126080e-160
2.296250951348472131e-234,2.877063863076166602e-230,3.166114407222560838e-226,3.060189497465866326e-222,2.597838905684679940e-218,1.936938146116621456e-214,1.268400120428689209e-210,7.295096009928217081e-207,3.684996388969210145e-203,1.634825513808212300e-199,6.369874249675894394e-196,2.179777157711153149e-192,6.551060884294113177e-189,1.729122715940865605e-185,4.008213051110246027e-182,8.159856919555765484e-179,1.458870719946181439e-175,2.290599287384434296e-172,3.158455586878722364e-169,3.824624482614393884e-166,4.067110365917993270e-163,3.798050239316153501e-160,3.114635169130993725e-157,2.242947903818282836e-154,1.418371959947136978e-151,7.876133219243674660e-149,3.840435865231560632e-146,1.644313547136189252e-143,6.181829162761841557e-141,2.040650544401372496e-138,5.914662573554889907e-136,1.505188006751045976e-133,3.363101545458845825e-131,6.597294579642623095e-129,1.136202549796587574e-126,1.717892468239814979e-124,2.280193955778373202e-122,2.656851441894056826e-120,2.717472497699402715e-118,2.439757732584636716e-116,1.922611366823565093e-114,1.329772363816603413e-112,8.071973749544368180e-111,4.300036108406909489e-109,2.010133918853941406e-107,8.245290550786089892e-106,2.967420467269200224e-104,9.369241375992226623e-103,2.595000380232911283e-101,6.304173547526482770e-100,1.343137416598234013e-98,2.509289387392016928e-97,4.110047413042196223e-96,5.901006575048361220e-95,7.424949651982493730e-94,8.185382257365625754e-93,7.903762973129551877e-92,6.682315685941702480e-91,4.944681522122157327e-90,3.200750637020635122e-89,1.811360361960466878e-88,8.955166364880937720e-88,3.864140838677215427e-87,1.453536483032792267e-86,4.759039087763523193e-86,1.353420051584756481e-85,3.333676954533544913e-85,7.082860839629849177e-85,1.290018621275249850e-84,1.994056612302174232e-84,2.569880621905493459e-84,2.662438075074977659e-84,2.013335105658845632e-84,6.849542781627739137e-85,8.937991268187362254e-85,2.147680368254285539e-84,2.690295492563221366e-84,2.511654936496310075e-84,1.898137475214994019e-84,1.199775499746049908e-84,6.447101042910306521e-85,2.972855175639287592e-85,1.183215265683811171e-85,4.080631039995356855e-86,1.222787177491754054e-86,3.190055449474384215e-87,7.256344960157692520e-88,1.440818433426498213e-88,2.499567529526671111e-89,3.791395683929458638e-90,5.031153079680825822e-91,5.843603271401764015e-92,5.943116881592443990e-93,5.294392168272682151e-94,4.132492072338573983e-95,2.826896493436509229e-96,1.695129715323551577e-97,8.911938613663056475e-99,4.108550332257703762e-100,1.661172271825138466e-101,5.891225402685817065e-103,1.832781322211229459e-104,5.002344430857660515e-106,1.197936552611559083e-107,2.517252338728000662e-109,4.641778412705143372e-111,7.511657544118876552e-113,1.066859569567439255e-114,1.329911949696347197e-116,1.455139630551892250e-118,1.397567406779206558e-120,1.178272402335800695e-122,8.720483536587880559e-125,5.665954815722669391e-127,3.231899943295579244e-129,1.618484266371685043e-131,7.116023648766088263e-134,2.746984987808484213e-136,9.310565793176463968e-139,2.770810992684277480e-141,7.240328438151067845e-144,1.661265551681855267e-146,3.347014656776108616e-149,5.921363969004176242e-152,9.198962403558982014e-155,1.254919304435299999e-157,1.503346707632994513e-160,1.581521325873173745e-163
2.041397271170275641e-237,2.557747582257053205e-233,2.814717314461410385e-229,2.720548677710832168e-225,2.309512925792119802e-221,1.721963465527350647e-217,1.127624375320573176e-213,6.485436218910698497e-210,3.276010214950375608e-206,1.453381365292822043e-202,5.662901915551832549e-199,1.937850538022446828e-195,5.823979214727249634e-192,1.537212817164684829e-188,3.563354075038305689e-185,7.254220031538665892e-182,1.296955241297435532e-178,2.036372867634778901e-175,2.807908522533030445e-172,3.400141425076948465e-169,3.615714561882959763e-166,3.376516573569701984e-163,2.768951595303725706e-160,1.994010161450487406e-157,1.260951311457730708e-154,7.001985933503342536e-152,3.414197952003440027e-149,1.461816351605236970e-146,5.495727362155641032e-144,1.814165150505192954e-141,5.258212753464113553e-139,1.338131917931360081e-136,2.989841468996544559e-134,5.865081577457685464e-132,1.010098997798711419e-129,1.527228979379350815e-127,2.027122391099642137e-125,2.361975845977313620e-123,2.415868761216921001e-121,2.168976685533394814e-119,1.709226770465813262e-117,1.182185106194697518e-115,7.176090738508537831e-114,3.822788607870748246e-112,1.787035469370775122e-110,7.330171652403147386e-109,2.638075790774281161e-107,8.329378706038852776e-106,2.306989439363954382e-104,5.604493127957028784e-103,1.194066813751309260e-101,2.230791240385812746e-100,3.653886161021395365e-99,5.246072391338889517e-98,6.600877813125920832e-97,7.276912392288730022e-96,7.026549147792106242e-95,5.940666458237645401e-94,4.395886852058991830e-93,2.845509377914358247e-92,1.610323165174331230e-91,7.961260579728103609e-91,3.435271984912675900e-90,1.292213034585165724e-89,4.230848288350591587e-89,1.203208211378010912e-88,2.963682620990443540e-88,6.296756363497680311e-88,1.146843506665588768e-87,1.772742532570300778e-87,2.284657644107933015e-87,2.366942436288641891e-87,1.789881366492292699e-87,6.089333544019656351e-88,7.945991693222177556e-88,1.909316070407428403e-87,2.391708046525094706e-87,2.232894244632556437e-87,1.687469159210261862e-87,1.066616185726078223e-87,5.731557549587489972e-88,2.642907317929767887e-88,1.051893920023922455e-88,3.627734618815380842e-89,1.087073869642335202e-89,2.836001215638456354e-90,6.450986026425179469e-91,1.280906521352732949e-91,2.222148380985206827e-92,3.370600586382312087e-93,4.472761203065939879e-94,5.195040100047228077e-95,5.283509007235213575e-96,4.706784212093287843e-97,3.673839758083068979e-98,2.513148131387819330e-99,1.506992592908349248e-100,7.922830540832231284e-102,3.652555236527024894e-103,1.476803979397050222e-104,5.237376800574706802e-106,1.629366680334346613e-107,4.447149935679222238e-109,1.064981337557180733e-110,2.237870408765989102e-112,4.126602007283565439e-114,6.677962268673564521e-116,9.484521771266229358e-118,1.182309199876892159e-119,1.293638253796359532e-121,1.242455790296100569e-123,1.047499649553195672e-125,7.752624461368549013e-128,5.037108288440916522e-130,2.873201520531056830e-132,1.438853781579400396e-134,6.326238536617887279e-137,2.442105752753955505e-139,8.277215341842118514e-142,2.463287384190082430e-144,6.436747127891311234e-147,1.476886906415479652e-149,2.975540013558535535e-152,5.264170382083033518e-155,8.177998461881026296e-158,1.115639752748842325e-160,1.336494978818531632e-163,1.405993241738088318e-166
1.594282262116989916e-240,1.997539459347677269e-236,2.198226651275467080e-232,2.124683206623543009e-228,1.803674151877124790e-224,1.344812128377369041e-220,8.806475668867911704e-217,5.064969994781714141e-213,2.558485332558591038e-209,1.135055955791464262e-205,4.422590449972511609e-202,1.513414749318180034e-198,4.548387953740499479e-195,1.200526307209236740e-191,2.782893989187387010e-188,5.665371696689380985e-185,1.012890908185429994e-181,1.590358323574070237e-178,2.192909148232397724e-175,2.655428827719978034e-172,2.823786272422460280e-169,2.636978385840209628e-166,2.162484723281329987e-163,1.557274067021530253e-160,9.847727033053301403e-158,5.468382921362659095e-155,2.666406637801480740e-152,1.141643477607373225e-149,4.292031137032754669e-147,1.416819430911717996e-144,4.106537929527357147e-142,1.045048904130100321e-139,2.334994411858426812e-137,4.580487912308543200e-135,7.888630684068026932e-133,1.192729169575629930e-130,1.583133923471657312e-128,1.844646433093119957e-126,1.886735506118454626e-124,1.693918722011052023e-122,1.334865075297375991e-120,9.232581878915302783e-119,5.604354594439963676e-117,2.985506131229869639e-115,1.395631801231416547e-113,5.724688089254736699e-112,2.060273861805903237e-110,6.505044810747563589e-109,1.801703369556632815e-107,4.376974589045655214e-106,9.325375162547912335e-105,1.742194405401636139e-103,2.853597374984295969e-102,4.097056598152111928e-101,5.155127108522640605e-100,5.683093885666847521e-99,5.487566202046727773e-98,4.639517889674337091e-97,3.433082101898934505e-96,2.222274513623617636e-95,1.257623733885506772e-94,6.217553391301708401e-94,2.682864951588665704e-93,1.009187358585856328e-92,3.304190945627392357e-92,9.396767283505827803e-92,2.314564979546279409e-91,4.917615557242762465e-91,8.956572470825805471e-91,1.384469360709698239e-90,1.784262773568412318e-90,1.848525220897225543e-90,1.397854378574965131e-90,4.755623314580563998e-91,6.205628757370295493e-91,1.491130015120600651e-90,1.867866567949849197e-90,1.743836801227297389e-90,1.317872903228483346e-90,8.330016354007716772e-91,4.476208851969990457e-91,2.064047168529676962e-91,8.215038993181569428e-92,2.833173648327995822e-92,8.489785954250240429e-93,2.214848867141450174e-93,5.038065221481029007e-94,1.000357243181150175e-94,1.735444539695354925e-95,2.632358141868600917e-96,3.493119124556293750e-97,4.057201603761856083e-98,4.126293696447545397e-99,3.675885476546652630e-100,2.869180655276138972e-101,1.962708358891528619e-102,1.176925037544657661e-103,6.187540453489306191e-105,2.852557954906387340e-106,1.153348455113818138e-107,4.090265550513717440e-109,1.272496262059679131e-110,3.473117339561547116e-112,8.317248582294006486e-114,1.747723065960362130e-115,3.222777102697477634e-117,5.215328217786308593e-119,7.407183813826167887e-121,9.233551020782932747e-123,1.010300420575942831e-124,9.703281452893771461e-127,8.180720795707417172e-129,6.054613591472154008e-131,3.933860650273562773e-133,2.243901412217249022e-135,1.123710261665891050e-137,4.940640426676727244e-140,1.907225966652517149e-142,6.464306475569441441e-145,1.923768312309863746e-147,5.026944983546673673e-150,1.153413219124431045e-152,2.323825318486125156e-155,4.111190694457062891e-158,6.386820474160117100e-161,8.712878643666578688e-164,1.043770493980570010e-166,1.098046968915867184e-169
1.093786105402409871e-243,1.370447979974590687e-239,1.508133048217774160e-235,1.457677241356772562e-231,1.237443188619901156e-227,9.226326199237178115e-224,6.041841493849223870e-220,3.474914032608389276e-216,1.755295015269629592e-212,7.787256139007921240e-209,3.034197957919324107e-205,1.038305489465964549e-201,3.120503604657776858e-198,8.236427295196035939e-195,1.909254622288348650e-191,3.886830450930784959e-188,6.949120792386245592e-185,1.091094016579906635e-181,1.504484879333717518e-178,1.821804848902103199e-175,1.937309510863278578e-172,1.809146590420436989e-169,1.483611653765665202e-166,1.068395965560594180e-163,6.756210775524776113e-161,3.751682748110352522e-158,1.829336373538741154e-155,7.832451020758065077e-153,2.944625386099654270e-150,9.720345287765530277e-148,2.817364424951791249e-145,7.169746524589649952e-143,1.601965037539912196e-140,3.142526360288938755e-138,5.412137384895702758e-136,8.182933625924335207e-134,1.086137586567703046e-131,1.265552961253535649e-129,1.294428929053125369e-127,1.162143496067828621e-125,9.158082647219344141e-124,6.334179345845147471e-122,3.844968567236707655e-120,2.048260337284812209e-118,9.574983732289849411e-117,3.927525532066675575e-115,1.413488048453547976e-113,4.462903337808860979e-112,1.236091097858517184e-110,3.002902373659684752e-109,6.397841851987507418e-108,1.195263899510224432e-106,1.957761955542391421e-105,2.810859586529725361e-104,3.536767946846900091e-103,3.898989078371773013e-102,3.764843783873487704e-101,3.183024941112818326e-100,2.355327905846646553e-99,1.524631517985056330e-98,8.628154490791699555e-98,4.265664663400883945e-97,1.840627896606213620e-96,6.923711922269960636e-96,2.266899803001314118e-95,6.446821704422958234e-95,1.587949056972845747e-94,3.373818862587839107e-94,6.144818112462010095e-94,9.498401795475753089e-94,1.224125662363503566e-93,1.268214073596547550e-93,9.590232125082397045e-94,3.262681162308969753e-94,4.257483553266081577e-94,1.023016645572299752e-93,1.281483553648773248e-93,1.196390694793209045e-93,9.041504785499462222e-94,5.714957985974424889e-94,3.070983829844670311e-94,1.416076793599739263e-94,5.636075693487305632e-95,1.943749889441194194e-95,5.824570802326580330e-96,1.519537019263417868e-96,3.456455527543524352e-97,6.863131322659387741e-98,1.190633032379161591e-98,1.805976788698551468e-99,2.396517388256813514e-100,2.783516348675261770e-101,2.830918225224073350e-102,2.521907540987087545e-103,1.968453146094496016e-104,1.346551475182804563e-105,8.074506527196806019e-107,4.245073746007188940e-108,1.957048842647699830e-109,7.912755130417981635e-111,2.806200465791182931e-112,8.730190153209766104e-114,2.382794802845316122e-115,5.706198425870679167e-117,1.199056936818192019e-118,2.211044367423764353e-120,3.578070003833302712e-122,5.081832074680159496e-124,6.334844243101355315e-126,6.931348284839755908e-128,6.657111279582708400e-130,5.612531075039494703e-132,4.153876874434431531e-134,2.698896062570526657e-136,1.539469041896970103e-138,7.709416957798497334e-141,3.389615489611828309e-143,1.308486779133456122e-145,4.434954068075509338e-148,1.319835953780610694e-150,3.448826287712195459e-153,7.913199455595655573e-156,1.594302279551817663e-158,2.820556538265051652e-161,4.381793399028032004e-164,5.977627566300271127e-167,7.160975761144638621e-170,7.533349308445982858e-173
6.592180553083841009e-247,8.259604394285655665e-243,9.089423702518379631e-239,8.785329705399486833e-235,7.457992822623693741e-231,5.560649184204478496e-227,3.641380138570358121e-223,2.094308987493504266e-219,1.057905344329093983e-215,4.693330645536104958e-212,1.828692161438969209e-208,6.257802345454566938e-205,1.880708035769920630e-201,4.964043296410589291e-198,1.150695838039985896e-194,2.342568440500862492e-191,4.188191706065759271e-188,6.575955501867172375e-185,9.067436416463975466e-182,1.097990405722264904e-178,1.167604344189277991e-175,1.090361352383408517e-172,8.941634789453038026e-170,6.439155765809913720e-167,4.071926043582618661e-164,2.261115763975884929e-161,1.102529608588721138e-158,4.720569318536948978e-156,1.774707331762136416e-153,5.858391403837880354e-151,1.698007945189924710e-148,4.321161457118254960e-146,9.654943242587243367e-144,1.893981013063655496e-141,3.261861404448961278e-139,4.931802995996287112e-137,6.546083407697703024e-135,7.627408666897217443e-133,7.801442321594849410e-131,7.004166277869016026e-129,5.519519221564864475e-127,3.817570336387274939e-125,2.317338544617245073e-123,1.234473714414555689e-121,5.770782902094639650e-120,2.367095111772898405e-118,8.519004199282280323e-117,2.689763971995669147e-115,7.449843856026686228e-114,1.809830508239495527e-112,3.855939331288288847e-111,7.203780881136315150e-110,1.179930904877602218e-108,1.694087519693158736e-107,2.131587955343114435e-106,2.349896369333786767e-105,2.269047838043112980e-104,1.918389254821478921e-103,1.419541420425533716e-102,9.188858949512642378e-102,5.200134830961363440e-101,2.570889454634527604e-100,1.109334939028780372e-99,4.172877938717363842e-99,1.366246355054436899e-98,3.885459182484345679e-98,9.570469802972008380e-98,2.033379559832473114e-97,3.703443503545445236e-97,5.724627447030120237e-97,7.377728923536580233e-97,7.643447024804252290e-97,5.779973013212493597e-97,1.966397561905143786e-97,2.565958750594574426e-97,6.165657438061542204e-97,7.723421352400077507e-97,7.210572005967478894e-97,5.449258472309456502e-97,3.444369489686159037e-97,1.850862776729859877e-97,8.534606404597920966e-98,3.396827624597146280e-98,1.171485920140997228e-98,3.510432449590389262e-99,9.158154723864912169e-100,2.083184161759672120e-100,4.136366389643788113e-101,7.175870934132454195e-102,1.088450932680204047e-102,1.444366064256290917e-103,1.677607920989695584e-104,1.706176735975079243e-105,1.519937926278021626e-106,1.186374418659632278e-107,8.115581652196161656e-109,4.866454660692347040e-110,2.558479437307598586e-111,1.179501116189133035e-112,4.768968103947982846e-114,1.691279496718597706e-115,5.261631087505159127e-117,1.436095547723772764e-118,3.439090157508681736e-120,7.226641280134611460e-122,1.332582632833394359e-123,2.156480447166375981e-125,3.062788456651306372e-127,3.817971065814170973e-129,4.177480326753062373e-131,4.012199396230470912e-133,3.382637430091059392e-135,2.503515652310775327e-137,1.626607802987799215e-139,9.278283779558753375e-142,4.646417457108052292e-144,2.042900088297428724e-146,7.886168106146676037e-149,2.672919121660977303e-151,7.954568873017372876e-154,2.078586066556056324e-156,4.769235895957872456e-159,9.608760278717027953e-162,1.699931811949166410e-164,2.640879518403509154e-167,3.602678805434880489e-170,4.315875372758997879e-173,4.540302584336848288e-176
3.490239980084567087e-250,4.373060058736383057e-246,4.812409148541385494e-242,4.651406121105698959e-238,3.948645597779794840e-234,2.944094134207563799e-230,1.927934230561570690e-226,1.108835066021617860e-222,5.601095871380580778e-219,2.484891020034614493e-215,9.682038350935803484e-212,3.313202931522279682e-208,9.957437185561902510e-205,2.628220243132719572e-201,6.092376545983014775e-198,1.240276409496469486e-194,2.217444443317817314e-191,3.481649602141291658e-188,4.800767946630915015e-185,5.813326836159242119e-182,6.181898887927055089e-179,5.772934697684335391e-176,4.734162084631697783e-173,3.409220774651182859e-170,2.155887412187623915e-167,1.197151166519199971e-164,5.837359714498795943e-162,2.499312576717109224e-159,9.396214852406399286e-157,3.101734203427727898e-154,8.990128788317756456e-152,2.287845479441701236e-149,5.111824325712971311e-147,1.002771116489525186e-144,1.726997461861653378e-142,2.611150567239050360e-140,3.465833776630917244e-138,4.038343073174912329e-136,4.130485455291644832e-134,3.708366446178826210e-132,2.922317813178031355e-130,2.021218397701141781e-128,1.226918402900077908e-126,6.535939781559747494e-125,3.055349749467037200e-123,1.253262092755069816e-121,4.510399678442095190e-120,1.424099609600663300e-118,3.944331115072973398e-117,9.582175042339114941e-116,2.041532920173952926e-114,3.814052700265356656e-113,6.247162050221999705e-112,8.969372036140772637e-111,1.128572472022065891e-109,1.244156192516956918e-108,1.201350815150587373e-107,1.015694097063896718e-106,7.515783554569080263e-106,4.865055290690327571e-105,2.753219263746788178e-104,1.361161316302671104e-103,5.873390639602454609e-103,2.209336545998482911e-102,7.233612023600081016e-102,2.057162250108197314e-101,5.067099735150499353e-101,1.076575888248484585e-100,1.960793773165052766e-100,3.030912673853997278e-100,3.906149754809051935e-100,4.046834606064668512e-100,3.060215467717817640e-100,1.041112167975215220e-100,1.358550747607438399e-100,3.264416670713665391e-100,4.089177134978251264e-100,3.817648271582779717e-100,2.885118153042149247e-100,1.823626644061706781e-100,9.799421009448620821e-101,4.518660289688277944e-101,1.798455531574561521e-101,6.202449950596704952e-102,1.858603778265032468e-102,4.848798891903629648e-103,1.102945010184178545e-103,2.190005451029041627e-104,3.799275736541417044e-105,5.762819951625781990e-106,7.647218007390333225e-107,8.882120551157043149e-108,9.033378574870237368e-109,8.047334375674686117e-110,6.281277331551422457e-111,4.296806999754794199e-112,2.576551792118817258e-113,1.354590813830030380e-114,6.244886527500027889e-116,2.524937386975103135e-117,8.954504915974049073e-119,2.785778549934695919e-120,7.603429632316788626e-122,1.820831493646457840e-123,3.826156173142485367e-125,7.055378936354700325e-127,1.141751839526658381e-128,1.621597988082790215e-130,2.021430564501919392e-132,2.211773287313497491e-134,2.124265048268957517e-136,1.790942511597100220e-138,1.325490154600738823e-140,8.612099653808481825e-143,4.912401402427268587e-145,2.460052761354761855e-147,1.081616546465243529e-149,4.175343650270869186e-152,1.415181078072807336e-154,4.211558539908413116e-157,1.100510541713074621e-159,2.525079169858125872e-162,5.087372685528483957e-165,9.000314730022850730e-168,1.398217661590594424e-170,1.907443751105632639e-173,2.285046754070091875e-176,2.403870081219719255e-179
1.623345598710142126e-253,2.033954066123561687e-249,2.238299731550964026e-245,2.163415609697462401e-241,1.836554646270109578e-237,1.369327691569085758e-233,8.967015350356848356e-230,5.157303034726989757e-226,2.605125831644255365e-222,1.155747720404914665e-218,4.503213083689908580e-215,1.541003892915073253e-211,4.631303842097588342e-208,1.222411578709978434e-204,2.833625397690497988e-201,5.768649898080925832e-198,1.031355636856669550e-194,1.619350127824769339e-191,2.232885291858876659e-188,2.703836580633632580e-185,2.875263136245535416e-182,2.685049792163533239e-179,2.201906237829590598e-176,1.585662754178117271e-173,1.002724844669868639e-170,5.568070070392282470e-168,2.715014513239834489e-165,1.162455330970727046e-162,4.370273709610737230e-160,1.442647667848451704e-157,4.181399010849487144e-155,1.064099864414015681e-152,2.377560731603281830e-150,4.663988974272011370e-148,8.032438298489435019e-146,1.214472301354963115e-143,1.611994028850480921e-141,1.878273841146313196e-139,1.921130186647358398e-137,1.724798404452167456e-135,1.359199306386831613e-133,9.400889361941288319e-132,5.706520470472698342e-130,3.039931104557586673e-128,1.421073793383397020e-126,5.829047612517588658e-125,2.097832099856002325e-123,6.623630027039391511e-122,1.834547937119067130e-120,4.456765657898483353e-119,9.495374242162476123e-118,1.773954140560586724e-116,2.905617687182733786e-115,4.171744837359232604e-114,5.249103688388781255e-113,5.786695157796500097e-112,5.587603057119923222e-111,4.724095052239212223e-110,3.495666264722527446e-109,2.262785979957758357e-108,1.280549876108778818e-107,6.330897716388154519e-107,2.731772857656831874e-106,1.027584572545380162e-105,3.364425457358686543e-105,9.568067822272684301e-105,2.356758876239252555e-104,5.007262365446961709e-104,9.119848376639510500e-104,1.409707864573916823e-103,1.816789403758658663e-103,1.882223338208319336e-103,1.423336887712759934e-103,4.842317047795629116e-104,6.318755699713772570e-104,1.518312914010754325e-103,1.901917272820930683e-103,1.775626476820952030e-103,1.341897371591658672e-103,8.481870310408608959e-104,4.557808934734136389e-104,2.101674192942755349e-104,8.364796943236702244e-105,2.884821641484040848e-105,8.644552467476392746e-106,2.255224965938157585e-106,5.129907794645006446e-107,1.018593486513164229e-107,1.767081226618443503e-108,2.680345322387779826e-109,3.556797746146078685e-110,4.131163297141892765e-111,4.201514920083615847e-112,3.742895879550224478e-113,2.921485046482159585e-114,1.998488004079844410e-115,1.198380064250904378e-116,6.300337650802210117e-118,2.904559318762016113e-119,1.174373687067131341e-120,4.164829990744107364e-122,1.295693526468640703e-123,3.536431333992303669e-125,8.468869785659196843e-127,1.779583587114260760e-128,3.281527461982055798e-130,5.310402247669494519e-132,7.542214781372479677e-134,9.401876170998001861e-136,1.028717925355389857e-137,9.880169662481057811e-140,8.329853134263368843e-142,6.164987567857113684e-144,4.005573871264836857e-146,2.284807131091832948e-148,1.144195197330027363e-150,5.030706972056900954e-153,1.941994182763509008e-155,6.582149042976992723e-158,1.958838090928176851e-160,5.118584837770232229e-163,1.174439631708226177e-165,2.366188028667968961e-168,4.186136594432000350e-171,6.503250492611551351e-174,8.871712076566226827e-177,1.062798149191015174e-179,1.118064069658250752e-182
6.632789130115389939e-257,8.310484490579273012e-253,9.145415579509199318e-249,8.839448329009502639e-245,7.503934901060079497e-241,5.594903411462144036e-237,3.663811451651618831e-233,2.107210167484185311e-229,1.064422160779770732e-225,4.722242092594686882e-222,1.839957111771188674e-218,6.296351114955402504e-215,1.892293409765861953e-211,4.994622363985268878e-208,1.157784254416021882e-204,2.356998926773251522e-201,4.213991440184768761e-198,6.616464130756879157e-195,9.123292849285009625e-192,1.104754150679806551e-188,1.174796918873225443e-185,1.097078101510339590e-182,8.996716270033873879e-180,6.478821692865786645e-177,4.097009568084274006e-174,2.275044492555843534e-171,1.109321315549837089e-168,4.749648558898177645e-166,1.785639729443155233e-163,5.894479756805734937e-161,1.708467865984578686e-158,4.347780299925389160e-156,9.714418783841585821e-154,1.905648150098757645e-151,3.281954839245311677e-149,4.962183459676649206e-147,6.586408021105242762e-145,7.674394366075962323e-143,7.849500087759691235e-141,7.047312733522982097e-139,5.553520083605418963e-137,3.841087000993817269e-135,2.331613611878752843e-133,1.242078211974435908e-131,5.806331576792821552e-130,2.381676685111512607e-128,8.571482227683413939e-127,2.706333221968295435e-125,7.495735735919329641e-124,1.820979268657802492e-122,3.879692353242417787e-121,7.248156985291701177e-120,1.187199412566853377e-118,1.704523290224655320e-117,2.144718777990288122e-116,2.364371996475808391e-115,2.283025429096144116e-114,1.930206749382273279e-113,1.428285955965645258e-112,9.245463358860316465e-112,5.232168249061631642e-111,2.586726424151265007e-110,1.116168567593242503e-109,4.198583338303959460e-109,1.374662586967563413e-108,3.909394050053490825e-108,9.629424978293723539e-108,2.045905407669378636e-107,3.726257133967054542e-107,5.759891798895930058e-107,7.423176567266532443e-107,7.690531522084721637e-107,5.815578300033509109e-107,1.978510793063091169e-107,2.581765346468465363e-107,6.203638584517207021e-107,7.770998500608248835e-107,7.254989944199923419e-107,5.482826520192363537e-107,3.465587194903494426e-107,1.862264300557361953e-107,8.587180544359657919e-108,3.417752466560952221e-108,1.178702405769987807e-108,3.532057110111873035e-109,9.214569991704354410e-110,2.096016811568168766e-110,4.161846873961562153e-111,7.220075109858925143e-112,1.095155913405975206e-112,1.453263522406239627e-113,1.687942175330346978e-114,1.716686977443927262e-115,1.529300915635742951e-116,1.193682619123087350e-117,8.165574552130705542e-119,4.896432571249284171e-120,2.574239959716630247e-121,1.186766976332742581e-122,4.798345486293859214e-124,1.701697969511828503e-125,5.294043329498440095e-127,1.444942058558596443e-128,3.460275341447606302e-130,7.271158206934468423e-132,1.340791492415662267e-133,2.169764610374370481e-135,3.081655579600547930e-137,3.841490198956866522e-139,4.203214077562735244e-141,4.036914997836118258e-143,3.403474858853203438e-145,2.518937591592936891e-147,1.636627890839129629e-149,9.335439055957913049e-152,4.675039913627131913e-154,2.055484583662866854e-156,7.934747792712505418e-159,2.689384605456095622e-161,8.003569916035036324e-164,2.091390391579530951e-166,4.798614927934710247e-169,9.667951327695300165e-172,1.710403583980429926e-174,2.657147634619837825e-177,3.624871713931085868e-180,4.342461652689662008e-183,4.568271361251870556e-186
