0.000000000000000000e+00,-3.899460780223496653e-02,-3.899460780223510531e-02,0.000000000000000000e+00,0.000000000000000000e+00,0.000000000000000000e+00,0.000000000000000000e+00,0.000000000000000000e+00,0.000000000000000000e+00,0.000000000000000000e+00,6.733574408468277761e-02,6.733574408468279149e-02,2.013383209597210954e-02,2.013383209597217893e-02,-4.438085295618024451e-03,-4.438085295618024451e-03,-3.306769536725388120e-02,-3.442292878394468542e-02,-4.996379551778319661e-02,-4.860856210109238545e-02,1.319603580939671507e-03,1.708286286199611065e-02,3.696393961166915404e-02,5.080163022618444657e-02,3.549279803269052985e-02,2.494215711380295963e-02,1.944015775781958444e-02,7.072970743454365383e-03,6.683121962319044096e-03,1.457701366418132083e-02,1.457701366418136246e-02,-3.525357011084660763e-02,-3.525357011084660763e-02,-7.922306449877290768e-02,-7.922306449877319912e-02,0.000000000000000000e+00,0.000000000000000000e+00,8.986206740139304067e-03,4.016493322989213299e-02,3.565430940301505397e-02,1.184164645800664384e-02,-3.434779095962015028e-03,-5.200657968789836050e-02,-4.120573704719199953e-02,0.000000000000000000e+00,0.000000000000000000e+00,0.000000000000000000e+00,0.000000000000000000e+00,0.000000000000000000e+00,0.000000000000000000e+00,0.000000000000000000e+00,0.000000000000000000e+00,0.000000000000000000e+00,0.000000000000000000e+00,0.000000000000000000e+00,0.000000000000000000e+00,0.000000000000000000e+00,0.000000000000000000e+00,0.000000000000000000e+00,0.000000000000000000e+00,0.000000000000000000e+00,2.296729010023507503e-02,2.296729010023507850e-02,4.950430275480552367e-02,4.950430275480552367e-02,8.336616861744292062e-03,8.336616861744292062e-03,-9.652305748491560311e-03,-1.145647504727513588e-02,-2.079656005203094071e-02,-2.871468601979028368e-02,1.027947893279240743e-02,4.164303808714053812e-02,2.281230340006278751e-02,3.913737317282325878e-03,-6.233658297572539086e-03,-7.599981500199076700e-02,-6.702345889939305412e-02,1.877566862561980479e-02,1.877566862561980479e-02,3.621174034326454794e-02,3.621174034326454794e-02,-2.403103502012421400e-03,-2.441553158044645899e-03,-3.858385382002793573e-02,-4.799280714536736242e-02,1.842953738363323213e-03,1.815032029628264876e-02,-5.843525584791797040e-03,-2.880969863375226064e-02,-1.990064213288517819e-02,-4.087679380154126373e-03,-2.932467196816309577e-04,9.633548596125291949e-03,9.633548596125291949e-03,-9.633548596125291949e-03,-9.633548596125291949e-03,1.061545123537394747e-02,1.061545123537394747e-02,4.135626293936944808e-02,4.376871161083364936e-02,1.192361097110489210e-02,1.245275888715877827e-02,-3.320053649666088180e-03,-1.074634567732903057e-02,-1.176094092712547806e-02,-1.811927797738282359e-02,-7.781623501414550170e-03,1.388567648576666952e-02,1.301640862341597177e-02,5.568038461660102661e-02,5.348824348996369937e-02,1.557753129929070890e-02,1.557753129929070890e-02,-7.212393022388588482e-03,-7.212393022388588482e-03,-1.949804123044086845e-02,-2.153261944579147602e-02,2.171365072840827914e-02,3.278288125931898278e-02,1.505217264521699350e-03,-1.385852538379564458e-02,-2.788521264024809709e-02,-5.951364202285418931e-02,-4.728956510488390580e-02,-5.152912019430550689e-02,-4.219707480478480932e-02,0.000000000000000000e+00
0.000000000000000000e+00,-3.899460780223496653e-02,-3.899460780223510531e-02,0.000000000000000000e+00,0.000000000000000000e+00,0.000000000000000000e+00,0.000000000000000000e+00,0.000000000000000000e+00,0.000000000000000000e+00,0.000000000000000000e+00,6.733574408468277761e-02,6.733574408468279149e-02,2.013383209597210954e-02,2.013383209597217893e-02,-4.438085295618024451e-03,-4.438085295618024451e-03,-3.306769536725388120e-02,-3.442292878394468542e-02,-4.996379551778319661e-02,-4.860856210109238545e-02,1.319603580939671074e-03,1.708286286199611412e-02,3.696393961166916098e-02,5.080163022618443963e-02,3.549279803269052291e-02,2.494215711380295963e-02,1.944015775781957056e-02,7.072970743454365383e-03,6.683121962319058841e-03,1.457701366418132083e-02,1.457701366418136246e-02,-3.525357011084660763e-02,-3.525357011084660763e-02,-7.922306449877290768e-02,-7.922306449877319912e-02,0.000000000000000000e+00,0.000000000000000000e+00,8.986206740139305801e-03,4.016493322989213299e-02,3.565430940301506091e-02,1.184164645800664384e-02,-3.434779095962021533e-03,-5.200657968789836050e-02,-4.120573704719199953e-02,0.000000000000000000e+00,0.000000000000000000e+00,0.000000000000000000e+00,0.000000000000000000e+00,0.000000000000000000e+00,0.000000000000000000e+00,0.000000000000000000e+00,0.000000000000000000e+00,0.000000000000000000e+00,0.000000000000000000e+00,0.000000000000000000e+00,0.000000000000000000e+00,0.000000000000000000e+00,0.000000000000000000e+00,0.000000000000000000e+00,0.000000000000000000e+00,0.000000000000000000e+00,2.296729010023507503e-02,2.296729010023507850e-02,4.950430275480552367e-02,4.950430275480552367e-02,8.336616861744292062e-03,8.336616861744292062e-03,-9.652305748491560311e-03,-1.145647504727513588e-02,-2.079656005203094071e-02,-2.871468601979028368e-02,1.027947893279240743e-02,4.164303808714053812e-02,2.281230340006278751e-02,3.913737317282325878e-03,-6.233658297572539086e-03,-7.599981500199076700e-02,-6.702345889939305412e-02,1.877566862561980479e-02,1.877566862561980479e-02,3.621174034326454794e-02,3.621174034326454794e-02,-2.403103502012421400e-03,-2.441553158044645899e-03,-3.858385382002793573e-02,-4.799280714536736242e-02,1.842953738363323213e-03,1.815032029628264876e-02,-5.843525584791797040e-03,-2.880969863375226064e-02,-1.990064213288517472e-02,-4.087679380154126373e-03,-2.932467196816307951e-04,9.633548596125291949e-03,9.633548596125291949e-03,-9.633548596125291949e-03,-9.633548596125291949e-03,1.061545123537394747e-02,1.061545123537394747e-02,4.135626293936944808e-02,4.376871161083366324e-02,1.192361097110487822e-02,1.245275888715877133e-02,-3.320053649666074302e-03,-1.074634567732903057e-02,-1.176094092712547806e-02,-1.811927797738282359e-02,-7.781623501414549303e-03,1.388567648576666952e-02,1.301640862341598565e-02,5.568038461660102661e-02,5.348824348996368550e-02,1.557753129929070890e-02,1.557753129929071063e-02,-7.212393022388588482e-03,-7.212393022388588482e-03,-1.949804123044085458e-02,-2.153261944579147255e-02,2.171365072840826527e-02,3.278288125931901054e-02,1.505217264521699350e-03,-1.385852538379567234e-02,-2.788521264024809709e-02,-5.951364202285418931e-02,-4.728956510488389886e-02,-5.152912019430550689e-02,-4.219707480478480932e-02,0.000000000000000000e+00
-1.376936759056592942e-17,-3.409221330772030378e-02,-4.163183740462027271e-02,1.425096123856869207e-02,3.416548564943822086e-02,-1.189649672306294925e-03,-2.970168703891481674e-02,7.364951862019082640e-04,6.122717983807879349e-02,4.707589830667696651e-02,2.881154498706172198e-02,2.608919427962297366e-02,-4.422519534947946807e-03,-4.422519534947974562e-03,-1.356740270071250809e-02,-1.356740270071248033e-02,-2.361119796256921227e-02,-2.457887001021553247e-02,-4.325304095235522200e-02,-5.420337813066872235e-02,3.330002945283886198e-03,2.550807220136918838e-02,3.582278872101844758e-02,6.125408573100686593e-02,3.293827470029364601e-02,-1.165471523857287972e-02,-6.908554388039805927e-03,3.616013869436024430e-02,3.416706018364733255e-02,-1.393067023371220847e-02,-1.393067023371220847e-02,-4.760766105361895900e-02,-4.760766105361895900e-02,-4.972925010083206060e-02,-4.972925010083223407e-02,0.000000000000000000e+00,0.000000000000000000e+00,1.846057296010950727e-02,4.760707281980179617e-02,3.168429667662131521e-02,6.714587411458340649e-03,-8.215773620385183329e-03,-5.432166023125983845e-02,-4.192909601634538935e-02,0.000000000000000000e+00,0.000000000000000000e+00,0.000000000000000000e+00,0.000000000000000000e+00,0.000000000000000000e+00,0.000000000000000000e+00,0.000000000000000000e+00,0.000000000000000000e+00,0.000000000000000000e+00,3.699503974937508582e-03,2.567982900113097156e-02,4.229547391403914308e-02,3.928124349660892106e-03,-4.599497788897669026e-02,-2.806404363448700839e-02,2.266473737553108270e-02,2.112082765922608518e-02,1.947229288567351585e-02,1.947229288567352626e-02,3.058981715252581668e-03,3.058981715252581668e-03,4.024501038120735508e-03,4.024501038120735508e-03,2.182222267381937753e-02,2.590114279976721279e-02,6.915739406292725766e-03,4.289000578616877779e-03,-8.116942363769030777e-03,-1.992260172260947038e-02,-1.611781973351376906e-02,-1.926503664379110303e-02,-1.260883179514490221e-02,7.551108220936498215e-03,6.659245045235316629e-03,5.520357859948102353e-03,5.520357859948116230e-03,3.382819340188765456e-02,3.382819340188764068e-02,-5.742541538633702536e-02,-5.834422203251905109e-02,-2.969726212299610840e-02,-2.877845547681407226e-02,4.241455359202205184e-03,1.302350753776430718e-02,1.883191594013354161e-02,2.279165531642098064e-02,-4.930915604074347959e-03,-3.581516285418501894e-02,-1.814245569526101720e-02,0.000000000000000000e+00,0.000000000000000000e+00,0.000000000000000000e+00,0.000000000000000000e+00,3.533916613992135053e-02,3.533916613992135053e-02,1.441873437160141186e-02,1.525982720994516900e-02,2.850538376684046138e-02,3.622025719504212010e-02,1.081315212554900818e-02,3.873818974235720969e-03,-1.227301775044822851e-02,-3.458795411649886326e-02,-2.132258395608005452e-02,-2.831558913150372669e-03,-1.680230552821883327e-03,1.338701043870418883e-02,1.285996278363719242e-02,2.555791536229763683e-02,2.555791536229764724e-02,4.452525792156478146e-02,4.452525792156478146e-02,-7.415466240015135269e-02,-8.189254021582016707e-02,2.760301734714522282e-02,4.878580093127541512e-02,1.299796506032967203e-02,-8.226299990251317862e-04,8.758267709226968956e-04,3.455272605448658774e-03,-3.294165640510549053e-05,-1.235046397411995733e-02,-1.011376577408229505e-02,0.000000000000000000e+00
0.000000000000000000e+00,-2.285889166720330573e-02,-2.791422347821962205e-02,1.550423429614817064e-02,3.223536908160334891e-02,-3.791825077352158069e-03,-3.386877176857722854e-02,1.091603316285424952e-03,7.073082494857341196e-02,5.285498735036697759e-02,1.711229151898797929e-02,1.549538208412307161e-02,-9.853251145632360708e-03,-9.853251145632402341e-03,-1.558638635760847824e-02,-1.558638635760842446e-02,-2.151985719037926431e-02,-2.240181855064074523e-02,-4.031686717653944207e-02,-5.058821251179104056e-02,2.322545903937021233e-03,2.251885894908114971e-02,3.557041881250912890e-02,6.356568646765037300e-02,3.237333204024432642e-02,-1.974825431650241436e-02,-1.273567342029736926e-02,4.259287776042618157e-02,4.024523882874894709e-02,-2.023525417266963666e-02,-2.023525417266966442e-02,-5.033981578134756607e-02,-5.033981578134753831e-02,-4.320657960897952843e-02,-4.320657960897968108e-02,0.000000000000000000e+00,0.000000000000000000e+00,2.055586548952606854e-02,4.925293061372418291e-02,3.080631309289959263e-02,5.580718583856267290e-03,-9.273108947901877175e-03,-5.483364919758016570e-02,-4.208906963452355848e-02,0.000000000000000000e+00,0.000000000000000000e+00,0.000000000000000000e+00,0.000000000000000000e+00,0.000000000000000000e+00,0.000000000000000000e+00,0.000000000000000000e+00,0.000000000000000000e+00,0.000000000000000000e+00,7.362763040511545974e-03,3.440892425665767473e-02,5.204337082500872652e-02,1.058052028074254330e-02,-4.257952429468118971e-02,-2.259591215860880936e-02,3.534995983049617208e-02,2.978303702254374991e-02,-5.800077373762091426e-03,-5.800077373762098365e-03,-7.212579668495054663e-03,-7.212579668495054663e-03,3.070860038665503000e-03,3.070860038665503000e-03,2.878293569029221483e-02,3.416292366978643941e-02,1.304442101726836778e-02,1.158789280711103320e-02,-1.218538168897023710e-02,-3.353807975745849018e-02,-2.472736619574734951e-02,-2.439111165441329790e-02,-1.401872593403113987e-02,2.602871624139218784e-02,2.295445841760559991e-02,2.588894902155240707e-03,2.588894902155226829e-03,3.330106282831388209e-02,3.330106282831389597e-02,-6.959381128383229642e-02,-7.070731226437439176e-02,-2.238126015079766606e-02,-2.126775917025557766e-02,0.000000000000000000e+00,8.628324644001972993e-03,2.371017991737120120e-02,3.420349320924814807e-02,-1.620303006356443171e-03,-4.283181785324979146e-02,-2.208987691101429313e-02,0.000000000000000000e+00,0.000000000000000000e+00,0.000000000000000000e+00,0.000000000000000000e+00,4.080691078227336593e-02,4.080691078227336593e-02,8.461396322960203220e-03,8.954977775133092510e-03,3.217250659666673340e-02,4.147653085928571653e-02,1.393876494122167631e-02,7.107124618331878141e-03,-1.238626550945230720e-02,-3.823006518572658052e-02,-2.431721944124658891e-02,-6.528639818680216644e-03,-4.930448832182278418e-03,4.033668072438212349e-03,3.874862242814698654e-03,2.776511568392424356e-02,2.776511568392424356e-02,5.596723841878564754e-02,5.596723841878564754e-02,-8.624218438960691568e-02,-9.524136884765388444e-02,2.890547342628899119e-02,5.232490816641976322e-02,1.553963043824885260e-02,2.060308403376107100e-03,7.236441256085676677e-03,1.738109026363152121e-02,1.041804237547033773e-02,-3.685953463886310066e-03,-3.018418584599738552e-03,0.000000000000000000e+00
0.000000000000000000e+00,-3.132877582121112656e-03,-3.825725508936388131e-03,1.492177746203476180e-02,2.448219042449317762e-02,7.435684252494083497e-03,-3.135325163102435642e-03,1.537597374547079211e-02,6.197388862653887415e-02,4.485428390373706609e-02,-4.253081555811027981e-04,-3.851215582033329365e-04,-4.885655403709623923e-03,-4.885655403709651678e-03,-2.051775716537505845e-02,-2.051775716537498906e-02,-2.315604285908418741e-02,-2.410506100904668408e-02,-1.554986208771782716e-02,-1.873037555651444960e-02,9.790037757894526349e-05,7.064261362301801905e-03,2.276017541981295925e-02,4.774084809129840873e-02,2.781947130107977756e-02,8.336549369256096575e-06,1.815699433930562101e-03,3.282645468862273319e-02,3.101712254043077766e-02,-1.470672647610866968e-02,-1.470672647610864192e-02,-5.317849745817371937e-02,-5.317849745817371937e-02,-4.110290247196064783e-02,-4.432370896155411050e-02,-3.220806489593315645e-03,0.000000000000000000e+00,1.607748675486866952e-02,3.586156397060698969e-02,2.199912019790219164e-02,5.860634556975455323e-03,-6.032623731718978789e-03,-4.172219852758224379e-02,-3.204398322105171670e-02,0.000000000000000000e+00,0.000000000000000000e+00,0.000000000000000000e+00,0.000000000000000000e+00,0.000000000000000000e+00,0.000000000000000000e+00,0.000000000000000000e+00,0.000000000000000000e+00,8.235459124497409439e-04,1.225904320360553072e-02,2.889308946486567400e-02,3.359263948577525388e-02,1.235441995624584829e-02,-1.116603893463013336e-02,-2.094935321518213989e-03,3.359452423380541314e-02,2.830404797651293880e-02,-4.025580397876526301e-02,-4.025580397876524219e-02,-2.914707214249356859e-04,-2.914707214249322707e-04,1.961493815387287815e-02,1.961493815387287468e-02,2.548244557058462062e-02,3.024551950901197689e-02,-3.834780002177184954e-03,-1.299913631496113497e-02,-6.869133212386385745e-03,-5.137984531635234053e-03,-9.490726195168483481e-03,-2.279513809732914426e-02,-1.329554187425668887e-02,2.268223150878290184e-02,2.000322778727301604e-02,-2.106402048102570812e-03,-2.106402048102570812e-03,2.565567595323066385e-02,2.565567595323066385e-02,-6.533417528846938160e-02,-6.637952209308560503e-02,-1.514135300686479321e-02,-1.651307532814982187e-02,1.100761666941964950e-02,2.221203981073126971e-02,1.290256113116872508e-02,9.332701851809142857e-03,-1.313072346810132546e-02,-3.154474166254025991e-02,-1.319652345838802018e-02,0.000000000000000000e+00,0.000000000000000000e+00,0.000000000000000000e+00,0.000000000000000000e+00,4.166763269740961922e-02,4.166763269740961922e-02,1.519938784700276824e-02,1.608601880474496565e-02,1.868955421049516008e-02,2.330898199071788218e-02,8.345313754606634160e-03,4.872775501533643805e-03,-9.405870430332002874e-03,-2.848632639673456118e-02,-1.666410417363436286e-02,1.736413432153569025e-03,1.200663418393213555e-03,-3.884135129454069357e-03,-3.731216423570091201e-03,3.849665598859854099e-02,3.849665598859853405e-02,1.232211170990261950e-02,1.232211170990264726e-02,-3.244504449156243586e-02,-3.583061435155199259e-02,1.327719536226425016e-02,2.300186068724137389e-02,1.020361890060011989e-02,7.112963424968060666e-03,6.926635322220695001e-03,1.015501754943184953e-02,7.580116383414118621e-03,6.092102573461447013e-03,4.988808406614003710e-03,0.000000000000000000e+00
0.000000000000000000e+00,4.061650777875991034e-03,5.846262834681049611e-03,1.459099950685924588e-02,2.007915069329479704e-02,1.381180066203640047e-02,1.431823710667339683e-02,2.348808534723038910e-02,5.700081367822293354e-02,4.031067453898424385e-02,-1.038493266212647814e-02,-9.403679182240567980e-03,-2.064551649037418835e-03,-2.064551649037432712e-03,-2.331828873521784445e-02,-2.331828873521776813e-02,-2.408523472032401969e-02,-2.507233450394388136e-02,-1.484649321226536034e-03,-6.382706189499431915e-04,-1.165478563315759664e-03,-1.712423686980317494e-03,1.548522238198547785e-02,3.875390284053061019e-02,2.523332816525795247e-02,1.122812889295073113e-02,1.007944204250441067e-02,2.728009096883306228e-02,2.577646390755869432e-02,-1.156706877188883043e-02,-1.156706877188880267e-02,-5.479058828698856604e-02,-5.479058828698855910e-02,-3.588804867268110405e-02,-3.895540326008999077e-02,-9.070079427371969399e-03,-6.002724839963195433e-03,1.353420994259409496e-02,2.825659032142931876e-02,1.699750447975551665e-02,6.019599183685110134e-03,-4.192348176849675784e-03,-3.427618950511426843e-02,-2.633936624549980052e-02,0.000000000000000000e+00,0.000000000000000000e+00,0.000000000000000000e+00,0.000000000000000000e+00,0.000000000000000000e+00,0.000000000000000000e+00,0.000000000000000000e+00,0.000000000000000000e+00,2.211137628032861999e-03,1.503964675301694247e-02,2.484074110175485753e-02,2.311444637954389314e-02,1.336181977196376422e-02,6.673718183423556216e-03,9.547594734113484805e-03,3.259761019124030046e-02,2.746412827135966128e-02,-5.982325365568064851e-02,-5.982325365568064157e-02,3.639035594195139806e-03,3.639035594195132867e-03,2.901034054028694617e-02,2.901034054028694964e-02,2.360809315692349863e-02,2.802082084980669907e-02,-1.342049909964009025e-02,-2.696214050774285026e-02,-3.850029139264680988e-03,1.099046460895576616e-02,-8.378195281730643762e-04,-2.188878274392333512e-02,-1.288484475389096301e-02,2.078175869767147355e-02,1.832722026881253297e-02,-4.772866982816870163e-03,-4.772866982816870163e-03,2.131385130812166878e-02,2.131385130812166878e-02,-6.291512274789291814e-02,-6.392176471185989639e-02,-6.231746491159624937e-03,-6.505767401504587363e-03,1.278950542785320214e-02,2.261913132120215580e-02,6.436197107016355251e-03,-4.791451264761166506e-03,-1.966750545872188866e-02,-2.513479715917434770e-02,-8.145977053192841183e-03,0.000000000000000000e+00,0.000000000000000000e+00,9.896928106506214587e-03,9.896928106506212852e-03,3.225950962912893516e-02,3.225950962912893516e-02,1.902590155201460548e-02,2.013574580921590612e-02,1.103256890476810720e-02,1.299160855918553986e-02,5.168785920232621400e-03,3.603885879648202617e-03,-7.713300385399481617e-03,-2.295284510915884812e-02,-1.231789056486690820e-02,6.430147377071552574e-03,4.682529634769422300e-03,-8.380665342874397961e-03,-8.050717888430591884e-03,4.459111097643826682e-02,4.459111097643826682e-02,-1.246400963094453085e-02,-1.246400963094451697e-02,-1.893582327240891710e-03,-2.091173526605191735e-03,4.401876955534136937e-03,6.349265822522751068e-03,7.173291360700883267e-03,9.982372449575852014e-03,6.750696149902341014e-03,6.051321933960407407e-03,5.968454708913037421e-03,1.164507266874538483e-02,9.536122500389723755e-03,0.000000000000000000e+00
0.000000000000000000e+00,2.814057705255961720e-03,3.436397390072212267e-03,1.640542829299924954e-02,2.474632411406463978e-02,1.643800130529505035e-02,1.636715959526707787e-02,2.351093461658035344e-02,5.304441954949391108e-02,3.667484000254292442e-02,-1.853182651920852464e-02,-1.678078779298418366e-02,-7.139572354694798118e-03,-7.139572354694839751e-03,-2.491684862356879915e-02,-2.491684862356873670e-02,-1.883209717402144212e-02,-1.960390443525186072e-02,1.194587219201008466e-02,1.631459889456112616e-02,-4.622425590693632347e-03,-1.373495814560280782e-02,1.081375879940526391e-02,3.912887231981479474e-02,2.564235046672850432e-02,1.203473192027508520e-02,1.097035410477868733e-02,3.226656786288532863e-02,3.048809561847416749e-02,-7.737628225493468383e-03,-7.737628225493452770e-03,-4.724901679285886669e-02,-4.724901679285886669e-02,-4.102462817920550509e-02,-4.453100665606095354e-02,-1.941741469220209862e-02,-2.096447561340332444e-02,4.289848988646551529e-03,1.713252422760763380e-02,9.519646865017550308e-03,4.578379167965898611e-03,-2.519073551792594401e-03,-2.171090339557345261e-02,-1.634386169992802992e-02,0.000000000000000000e+00,0.000000000000000000e+00,1.320946958989563033e-03,1.320946958989558263e-03,-1.320946958989558263e-03,-1.320946958989558263e-03,0.000000000000000000e+00,0.000000000000000000e+00,9.054805069041731505e-03,2.269926964920621418e-02,1.939620792209443070e-02,1.106774855189562173e-02,9.914468169605936132e-03,1.358150688079821922e-02,1.389170102285033903e-02,3.116997259574557505e-02,2.626131549405309046e-02,-7.599483694774085418e-02,-7.599483694774085418e-02,2.452420600154910785e-02,2.452420600154910438e-02,3.519072383861607950e-02,3.519072383861607950e-02,7.125063314049849550e-03,8.456850849386389479e-03,-1.872702389137646806e-02,-3.032701251419642891e-02,-3.564663597318461219e-03,1.395654526640934846e-02,5.847645043015853306e-03,-4.696870187368473726e-03,-1.387168673306161948e-03,1.612340167772813998e-02,1.421906289689401498e-02,-1.819060901083673076e-02,-1.819060901083673076e-02,1.354108747862349527e-02,1.354108747862349527e-02,-4.665032709790234433e-02,-4.739673233146929343e-02,1.020596739394247568e-03,2.200090691824243758e-03,5.644615251896137158e-03,8.378023667027879179e-03,-4.378054009468314300e-03,-1.710996420035383256e-02,-1.673881501373461825e-02,-7.173401956843929866e-03,0.000000000000000000e+00,0.000000000000000000e+00,0.000000000000000000e+00,2.997961370925696437e-02,2.997961370925696784e-02,3.239707909246020145e-02,3.239707909246021533e-02,5.706822362310111883e-03,6.039720333445013078e-03,-9.090573894942693967e-03,-1.233794770094683718e-02,-7.691064312165624139e-03,-8.197658602927211657e-03,-9.215773153125619843e-03,-1.442994675474181671e-02,-4.534907490329198598e-03,1.859795364602084139e-02,1.450475009166377754e-02,1.811701370506915709e-04,1.740374544896561293e-04,2.689577988261446229e-02,2.689577988261445535e-02,-6.881912622897445875e-03,-6.881912622897445875e-03,1.919726348729904053e-02,2.120045619901740619e-02,1.049952143351384759e-02,1.172862769204364997e-02,1.014705017290733202e-02,1.272715076431490955e-02,6.264185946891889789e-03,1.247323280977971627e-03,1.280934291044075191e-03,2.680237791451253737e-03,2.194840396149019823e-03,0.000000000000000000e+00
0.000000000000000000e+00,-3.438166088890466914e-03,-4.198529743164352429e-03,1.856397288340714061e-02,3.029865111463556429e-02,1.956227448434406935e-02,1.880467083169744952e-02,2.353811736804842236e-02,4.833767481014392131e-02,3.234945064022486105e-02,-2.822382093539212156e-02,-2.555700320921346080e-02,-1.317709698728705692e-02,-1.317709698728711243e-02,-2.681858366315875014e-02,-2.681858366315869463e-02,-1.258267492066159760e-02,-1.309835831904938852e-02,2.792356157844647774e-02,3.648266779856528669e-02,-8.735000502574162551e-03,-2.803762844982582436e-02,5.256327985646166989e-03,3.957495670034251456e-02,2.612894596330549851e-02,1.299431138381614004e-02,1.203023224782912015e-02,3.819875589201632282e-02,3.609331265387354104e-02,-3.181914472023150697e-03,-3.181914472023150697e-03,-3.827714725673926621e-02,-3.827714725673926621e-02,-4.713538655765683871e-02,-5.116405207540559996e-02,-2.906415960465282694e-02,-3.382455052166828680e-02,-9.370768841930830415e-03,-1.040527826903772310e-03,6.235748750708178939e-04,2.863824321679281359e-03,-5.284537392247256118e-04,-6.762545782499304950e-03,-4.452658016403204279e-03,6.936014437604203636e-03,6.936014437604227055e-03,8.550890135900785644e-04,8.550890135900742275e-04,-7.791103451194276129e-03,-7.791103451194276996e-03,0.000000000000000000e+00,0.000000000000000000e+00,1.719640943851764858e-02,3.181157964639671348e-02,1.291909086353301012e-02,-3.263667829271878207e-03,5.813308504732019738e-03,2.179939343457139300e-02,1.905968953876138738e-02,2.947157614593289704e-02,2.483038305208495888e-02,-7.981888139762834122e-02,-7.981888139762834122e-02,3.395579374376854476e-02,3.395579374376854476e-02,4.254324879697299333e-02,4.254324879697299333e-02,-1.248405839557534258e-02,-1.481752725456150777e-02,-2.503995855740749621e-02,-3.433004990118419808e-02,-3.225177004313503626e-03,1.748515846234542301e-02,1.380104255011978254e-02,1.575557750922227523e-02,1.229110114669960778e-02,1.058156315400252123e-02,9.331772230301391136e-03,-3.415309521658418945e-02,-3.415309521658418945e-02,4.294178784910299140e-03,4.294178784910299140e-03,-2.730082882463804456e-02,-2.773764208583254925e-02,9.648384375742663846e-03,1.255705980285318039e-02,-2.855340302259534724e-03,-8.563983714661913688e-03,-1.724328378597568892e-02,-1.757028208125107488e-02,-3.563779541761769552e-03,0.000000000000000000e+00,0.000000000000000000e+00,0.000000000000000000e+00,0.000000000000000000e+00,5.387108451252896335e-02,5.387108451252896335e-02,3.256073931607844640e-02,3.256073931607844640e-02,-1.013828908751045199e-02,-1.072968928428212620e-02,-3.303017481183958409e-02,-4.247138532075896145e-02,-2.298985165760461871e-02,-2.223742703909423885e-02,-1.100319765266185267e-02,-4.290636643452766345e-03,4.724158581103417992e-03,3.307344731080507499e-02,2.618980546279651295e-02,1.036680200109933725e-02,9.958660190032525561e-03,5.844437719272704834e-03,5.844437719272704834e-03,-2.411420443587802560e-04,-2.411420443587802831e-04,4.428809730114782045e-02,4.890946397605067802e-02,1.775361572628268714e-02,1.812821336440460784e-02,1.368479772535978467e-02,1.599249048357340164e-02,5.685406567448425541e-03,-4.467778564811425435e-03,-4.295598619868917778e-03,-7.984824390157102547e-03,-6.538753831309613608e-03,0.000000000000000000e+00
0.000000000000000000e+00,-5.639853976429166915e-03,-6.887129375062588273e-03,1.147571356374564241e-02,1.994839010150778816e-02,1.519946014409644802e-02,1.746043954536009163e-02,2.039360264256850908e-02,3.957763448503899550e-02,2.709797512259096500e-02,-1.664162767121232789e-02,-1.506919041094034739e-02,-1.176111829022537247e-02,-1.176111829022542798e-02,-2.424060840467932160e-02,-2.424060840467925915e-02,-1.047929696073714168e-02,-1.090877634437392718e-02,2.152694209049625662e-02,2.816631845671620921e-02,-1.231846616724374677e-02,-3.096187000036878384e-02,3.385251236341403624e-03,3.790532598177623336e-02,2.501862417697379298e-02,1.241237159414192159e-02,1.105351166134570240e-02,2.854227662273201016e-02,2.696908027344742387e-02,-4.717596332446907792e-03,-4.717596332446935548e-03,-4.084270709824025514e-02,-4.084270709824022738e-02,-4.795676072317013594e-02,-5.205562916104825022e-02,-2.337236549127747268e-02,-1.927349705339946942e-02,0.000000000000000000e+00,0.000000000000000000e+00,1.615350041186551771e-03,7.568470782914367770e-03,5.785954737085024363e-03,-8.492033035854162264e-04,-5.098699426671713525e-04,1.093262712349363924e-02,1.076045976721822471e-02,-3.337052416374256328e-03,-3.337052416374244618e-03,-1.431484218644834064e-02,-1.431484218644834064e-02,0.000000000000000000e+00,0.000000000000000000e+00,1.302578197572021659e-02,2.645716965268389217e-02,1.690655644512269878e-02,6.687067175094003196e-03,1.126354949645485756e-02,2.378045786904758180e-02,1.974231820652987135e-02,2.548579756146279740e-02,2.147228613446056783e-02,-8.241049225828746272e-02,-8.241049225828746272e-02,2.929065946845344284e-02,2.929065946845344631e-02,3.312061763084274413e-02,3.312061763084273719e-02,-6.823360129704893196e-03,-8.098754546472249072e-03,-2.172959379929404258e-02,-3.092480144739110856e-02,4.776783057017064404e-03,3.174455590949087913e-02,2.115205036124606641e-02,1.555709752241821696e-02,1.078926977427494861e-02,-9.562945441559528303e-04,-8.433463696493614936e-04,-4.435418484495976671e-02,-4.435418484495976671e-02,5.457468374762720897e-03,5.457468374762721765e-03,-1.577297819101006193e-02,-1.602534584206639565e-02,1.017745588921498655e-02,1.298615283935746108e-02,-5.661862054348276024e-03,-1.321152280868566689e-02,-1.804221778291385456e-02,-1.458564771159455084e-02,-1.536761383931962597e-03,0.000000000000000000e+00,0.000000000000000000e+00,0.000000000000000000e+00,0.000000000000000000e+00,3.771519907795326670e-02,3.771519907795326670e-02,3.956953178279618705e-02,3.956953178279618705e-02,1.782662037015367296e-03,1.886650655841343388e-03,-4.013115018695177783e-02,-5.267899616838921106e-02,-2.836776493569033789e-02,-2.649238534820154076e-02,-7.311497482726721578e-03,9.357043318761764164e-03,1.526298357807694128e-02,4.156038964526207607e-02,3.273521039485416395e-02,8.578629053116383629e-03,8.240887751812683848e-03,-9.085795934584355027e-03,-9.085795934584368905e-03,-1.269252567452498932e-02,-1.269252567452498065e-02,4.764298472149181701e-02,5.261442660547410027e-02,1.569732223279182715e-02,1.480637830759568008e-02,1.343846865560967274e-02,1.722409099270449939e-02,9.394200660587631591e-03,4.218830572124868117e-03,2.368567311038516094e-04,-1.354975963008203665e-02,-1.109586615376774443e-02,0.000000000000000000e+00
0.000000000000000000e+00,-1.142714785224517755e-02,-1.395430555033794900e-02,-7.156282362221835780e-03,-7.258010275856707771e-03,3.731491021159855093e-03,1.392703159270190089e-02,1.212802107844987431e-02,1.655124277333455685e-02,1.329409661909614071e-02,1.380299462320327963e-02,1.249877465880620819e-02,-8.039117143663288001e-03,-8.039117143663315757e-03,-1.746421629667624376e-02,-1.746421629667618824e-02,-4.950417751792821064e-03,-5.153303725226959786e-03,4.712970865027019118e-03,6.306200186712823674e-03,-2.173786162866096772e-02,-3.864844779036737121e-02,-1.533007647545402141e-03,3.351658237868769541e-02,2.210006405290180359e-02,1.088270128985546759e-02,8.486131834017959785e-03,3.159531114898833648e-03,2.985383730613036524e-03,-8.754245794132323177e-03,-8.754245794132295422e-03,-4.758646439589989813e-02,-4.758646439589989813e-02,-2.244104730952748566e-02,-2.244104730952756546e-02,0.000000000000000000e+00,0.000000000000000000e+00,0.000000000000000000e+00,0.000000000000000000e+00,0.000000000000000000e+00,9.686902212576727761e-03,1.515203340946833822e-02,2.776286648021045189e-02,2.242953972968610155e-02,8.369582344323583945e-03,8.237777897956329032e-03,-1.435639560370910450e-02,-1.435639560370906287e-02,-3.146295543340191930e-02,-3.146295543340191930e-02,0.000000000000000000e+00,0.000000000000000000e+00,2.062989787795517938e-03,1.238272052635298708e-02,2.738789454530135559e-02,3.284328490085583474e-02,2.558989724612633840e-02,2.898782723967072844e-02,2.153665641894988297e-02,1.500889385371277640e-02,1.264528852241929291e-02,-7.455088600257626930e-02,-7.455088600257625542e-02,2.356180283895515856e-03,2.356180283895512387e-03,8.352558565586025441e-03,8.352558565586032380e-03,8.056189597725964269e-03,9.562019429076702715e-03,-1.302806357796716490e-02,-2.197386265456353904e-02,2.581050664680030818e-02,6.922640062770191172e-02,4.047469946477805225e-02,1.503537869996182490e-02,6.841598738187182338e-03,-3.128437763645831871e-02,-2.758937240380561484e-02,-6.594613783321556788e-02,-6.594613783321556788e-02,3.292918404614697796e-03,3.292918404614697796e-03,1.452880061738359187e-02,1.476126142726188681e-02,1.156815815319937879e-02,1.411405453531157719e-02,-1.303900494555298301e-02,-2.542791128440529541e-02,-1.635087222964492007e-02,-6.740323082783094069e-03,0.000000000000000000e+00,0.000000000000000000e+00,0.000000000000000000e+00,0.000000000000000000e+00,0.000000000000000000e+00,0.000000000000000000e+00,0.000000000000000000e+00,5.324094363095128318e-02,5.324094363095128318e-02,3.311773356434050825e-02,3.504960135559449103e-02,-5.879657117296101243e-02,-7.951043039644589694e-02,-2.756210602233123697e-02,-8.780114590099669103e-03,0.000000000000000000e+00,1.633421233454182206e-02,3.041554986118280221e-02,6.386892378154909733e-02,4.994027478769150208e-02,3.878288732704113662e-03,3.725600199920506284e-03,-4.833098153900886734e-02,-4.833098153900886734e-02,-3.575044330978612711e-02,-3.575044330978612711e-02,4.679011231950619409e-02,5.268175189592581853e-02,1.029220790704445110e-02,6.074697586840829833e-03,1.279097510083794000e-02,2.046144090242052460e-02,1.914303084826791956e-02,2.705220316064320396e-02,1.215073936794666687e-02,-2.817758940359910147e-02,-2.307456140137205750e-02,0.000000000000000000e+00
0.000000000000000000e+00,-8.911569727576604261e-03,-1.088239764809845883e-02,-7.193673213789220089e-03,-8.188905583271122168e-03,1.767090393040654734e-03,1.036396787494199556e-02,8.757787911237421841e-03,1.134643661017604999e-02,9.393015535864426835e-03,1.242006707654917663e-02,1.124651743152096928e-02,-3.684149788689278660e-03,-3.684149788689305982e-03,-1.260525584398291925e-02,-1.260525584398290710e-02,-1.866797228243469164e-03,-1.943305311368201393e-03,2.154257114840421594e-03,2.861688688298738570e-03,-2.361122798963084801e-02,-4.050991102573024694e-02,-2.361633633716858638e-03,3.332222624207886730e-02,2.260111636605092317e-02,1.348323455248866265e-02,1.045478871247466912e-02,2.840630698981480573e-03,2.684060502974608409e-03,-1.174513325018229637e-02,-1.174513325018231025e-02,-4.543073791905614944e-02,-4.543073791905613557e-02,-2.240944319198620235e-02,-2.240944319198628215e-02,0.000000000000000000e+00,0.000000000000000000e+00,0.000000000000000000e+00,0.000000000000000000e+00,0.000000000000000000e+00,8.416283514406401253e-03,1.399798407362573896e-02,2.835503884083533446e-02,2.296299757039612505e-02,1.204336483754229331e-02,1.185370554876219451e-02,-1.044298674487969397e-02,-1.044298674487968009e-02,-3.471622053969663363e-02,-3.471622053969663363e-02,-3.655479908207908291e-03,-3.655479908207907858e-03,7.387625774266435782e-03,1.753657888798141815e-02,2.663607367093329820e-02,3.172521682979910496e-02,2.198693601536007292e-02,1.993261970541813227e-02,1.563751372899083170e-02,1.558120941633418799e-02,1.312747564998222038e-02,-6.663989537426956433e-02,-6.663989537426953658e-02,-3.380156523641632271e-04,-3.380156523641597577e-04,8.127341696108021651e-03,8.127341696108018182e-03,6.437899642805125500e-03,7.641245370432346758e-03,-1.250399692719248584e-02,-2.072419663288176811e-02,2.389708791288232617e-02,6.436181344508067059e-02,3.810621961172164923e-02,1.556868956087845320e-02,7.528088226834219431e-03,-2.863641107401837527e-02,-2.525415779755936507e-02,-6.413619617849791732e-02,-6.413619617849790344e-02,8.475289223950495734e-03,8.475289223950495734e-03,1.346779858313413257e-02,1.368328336046442835e-02,9.989805563337277039e-03,1.216998764532244148e-02,-1.105426859959887306e-02,-2.162204814281161111e-02,-1.661555722033192933e-02,-1.270651208692595395e-02,-4.263067550491309379e-03,0.000000000000000000e+00,0.000000000000000000e+00,0.000000000000000000e+00,0.000000000000000000e+00,0.000000000000000000e+00,0.000000000000000000e+00,5.524924665834211879e-02,5.524924665834211879e-02,2.871402169499454038e-02,3.038900629386988989e-02,-5.819908641383939041e-02,-7.839182493417240494e-02,-2.576418193949773366e-02,-7.246428018039445008e-03,0.000000000000000000e+00,1.907391267713698033e-02,3.193697100934018984e-02,5.834315743534915222e-02,4.562162763747902583e-02,3.594824772065491336e-03,3.453296237732259022e-03,-4.893613935648011282e-02,-4.893613935648014057e-02,-3.207575552807147290e-02,-3.207575552807147290e-02,5.006441931522091077e-02,5.585090522872935420e-02,8.551494637648406061e-03,3.816914217019296007e-03,9.674401108727401222e-03,1.587039048134386565e-02,1.542171818373481995e-02,2.256686003079001746e-02,1.024012745388203083e-02,-2.293128155873472296e-02,-1.877837230006589031e-02,-2.753873518113186193e-17
0.000000000000000000e+00,1.519605396716534884e-02,1.855671974836552163e-02,-7.552002207976721282e-03,-1.710998561265994478e-02,-1.705841562643623660e-02,-2.378205942025923142e-02,-2.354027994121713624e-02,-3.853295578676289856e-02,-2.799234484510888105e-02,-8.329885788866095474e-04,-7.542809966296091032e-04,3.805095402981399644e-02,3.805095402981413522e-02,3.395978182766415387e-02,3.395978182766404285e-02,2.768456612243992698e-02,2.881917948811371644e-02,-2.236674965778294444e-02,-3.014821317150517821e-02,-4.156432228225998698e-02,-5.834893369795914053e-02,-1.030263266786058535e-02,3.145964659957747878e-02,2.740286770039725150e-02,3.840501165272516837e-02,2.932108379768599143e-02,-2.154982868933091877e-04,-2.036204285606191267e-04,-4.040780470399660956e-02,-4.040780470399660956e-02,-2.477169251596890442e-02,-2.477169251596890442e-02,-1.251898489008526107e-02,-1.358898359863964199e-02,1.139070488835046586e-02,1.683520592347764744e-02,-4.854026209027677979e-03,-1.650736794396168855e-02,-1.204327548627673501e-02,-8.845424779758524411e-03,-1.142644096709406927e-03,3.026954495376410828e-02,2.807530187720091996e-02,4.725044706422393964e-02,4.650634553565381052e-02,2.706051481890446239e-02,2.706051481890435484e-02,-2.261728376100885507e-02,-2.261728376100885507e-02,-3.834863995217457217e-02,-4.348461851719807869e-02,1.480080418757381833e-02,2.844911696157157582e-02,1.943112362490571204e-02,2.101039781550471941e-02,-1.254144244615224002e-02,-6.684645249784150478e-02,-4.089593704978702199e-02,2.106590022478969232e-02,1.774843562246043727e-02,9.173764813674663288e-03,9.173764813674670227e-03,-2.615739337485432914e-02,-2.615739337485432914e-02,5.969013363610202287e-03,5.969013363610203154e-03,-9.070712425187057310e-03,-1.076617269157727208e-02,-7.481691523934916668e-03,-8.748230591763959951e-03,5.560158379500659137e-03,1.774285294495766066e-02,1.540828768659605399e-02,2.067958531132981989e-02,1.410694582636918409e-02,-3.260064850634097899e-03,-2.875017821031618237e-03,-1.935009800702110422e-03,-1.935009800702110205e-03,1.328376405583790026e-02,1.328376405583790200e-02,3.299862421576149618e-03,3.352660220321421192e-03,-5.136073422842182823e-03,-6.460653383741264688e-03,7.966121382462609812e-03,1.485080696413015183e-02,1.718213433204654472e-02,2.623736296235122667e-02,9.693902548461516555e-03,-1.914324686885829352e-02,-1.864244885557519993e-02,-5.681257989852987050e-02,-5.233914841045604616e-02,6.916606195791097367e-03,6.916606195791097367e-03,4.741485157011963991e-02,4.741485157011963991e-02,-1.348821705290716329e-02,-1.427502971432705742e-02,-5.247319080558977833e-02,-6.022045428984520304e-02,-8.534076145675605074e-03,0.000000000000000000e+00,6.721430233878707659e-03,4.532937429367556864e-02,3.979582677863726520e-02,5.387896617596220350e-03,4.234592447940270510e-03,8.782951492787850452e-04,8.437166000945794941e-04,-5.159556606055057393e-02,-5.159556606055057393e-02,3.564671296415122120e-02,3.564671296415122120e-02,4.579648172667188932e-02,5.057524503728164783e-02,-8.130340860731694042e-03,-1.782017641043856515e-02,-2.019276631566705588e-02,-2.812717605397701409e-02,-2.024086151804286443e-02,-2.041767829697228864e-02,-8.069903389238707037e-03,2.734583528788509313e-02,2.239343992078736412e-02,0.000000000000000000e+00
0.000000000000000000e+00,1.519605396716536272e-02,1.855671974836552163e-02,-7.552002207976735160e-03,-1.710998561265994478e-02,-1.705841562643622272e-02,-2.378205942025922795e-02,-2.354027994121715012e-02,-3.853295578676289856e-02,-2.799234484510888105e-02,-8.329885788866094390e-04,-7.542809966296099705e-04,3.805095402981399644e-02,3.805095402981413522e-02,3.395978182766416775e-02,3.395978182766404285e-02,2.768456612243991311e-02,2.881917948811371297e-02,-2.236674965778294444e-02,-3.014821317150517821e-02,-4.156432228225999392e-02,-5.834893369795914053e-02,-1.030263266786057841e-02,3.145964659957747878e-02,2.740286770039725844e-02,3.840501165272516837e-02,2.932108379768598450e-02,-2.154982868933091877e-04,-2.036204285606191267e-04,-4.040780470399660956e-02,-4.040780470399660956e-02,-2.477169251596890442e-02,-2.477169251596890096e-02,-1.251898489008526280e-02,-1.358898359863964199e-02,1.139070488835046760e-02,1.683520592347764744e-02,-4.854026209027681449e-03,-1.650736794396168855e-02,-1.204327548627672981e-02,-8.845424779758524411e-03,-1.142644096709408662e-03,3.026954495376410828e-02,2.807530187720092690e-02,4.725044706422393964e-02,4.650634553565380358e-02,2.706051481890446586e-02,2.706051481890435484e-02,-2.261728376100885507e-02,-2.261728376100885507e-02,-3.834863995217457217e-02,-4.348461851719807869e-02,1.480080418757381833e-02,2.844911696157157582e-02,1.943112362490571204e-02,2.101039781550471941e-02,-1.254144244615224002e-02,-6.684645249784150478e-02,-4.089593704978702199e-02,2.106590022478969232e-02,1.774843562246043727e-02,9.173764813674663288e-03,9.173764813674670227e-03,-2.615739337485432914e-02,-2.615739337485432914e-02,5.969013363610203154e-03,5.969013363610203154e-03,-9.070712425187057310e-03,-1.076617269157727382e-02,-7.481691523934920138e-03,-8.748230591763959951e-03,5.560158379500662607e-03,1.774285294495766066e-02,1.540828768659605399e-02,2.067958531132981989e-02,1.410694582636918409e-02,-3.260064850634097899e-03,-2.875017821031618237e-03,-1.935009800702110205e-03,-1.935009800702110205e-03,1.328376405583790026e-02,1.328376405583790026e-02,3.299862421576149618e-03,3.352660220321421192e-03,-5.136073422842182823e-03,-6.460653383741264688e-03,7.966121382462609812e-03,1.485080696413016745e-02,1.718213433204654125e-02,2.623736296235121279e-02,9.693902548461516555e-03,-1.914324686885829352e-02,-1.864244885557519993e-02,-5.681257989852986356e-02,-5.233914841045604616e-02,6.916606195791097367e-03,6.916606195791096499e-03,4.741485157011963991e-02,4.741485157011963991e-02,-1.348821705290716155e-02,-1.427502971432705742e-02,-5.247319080558977833e-02,-6.022045428984520304e-02,-8.534076145675601605e-03,0.000000000000000000e+00,6.721430233878707659e-03,4.532937429367556864e-02,3.979582677863726520e-02,5.387896617596220350e-03,4.234592447940277449e-03,8.782951492787849368e-04,8.437166000945724468e-04,-5.159556606055057393e-02,-5.159556606055057393e-02,3.564671296415122120e-02,3.564671296415122120e-02,4.579648172667188932e-02,5.057524503728164783e-02,-8.130340860731694042e-03,-1.782017641043856515e-02,-2.019276631566705588e-02,-2.812717605397701409e-02,-2.024086151804287137e-02,-2.041767829697228864e-02,-8.069903389238700098e-03,2.734583528788509313e-02,2.239343992078736412e-02,0.000000000000000000e+00
0.000000000000000000e+00,2.521603818374353739e-02,3.079266201284088650e-02,8.682818507618372816e-03,4.870206471261406822e-03,-7.711412567838193954e-03,-2.074791196195635568e-02,-2.669111633430081357e-02,-5.594759568803498589e-02,-3.801026583436428047e-02,2.665625352791453975e-02,2.413755240716683112e-02,6.005255784793196716e-03,6.005255784793209727e-03,-6.431111321520237289e-03,-6.431111321520223412e-03,1.996636628139594055e-02,2.078465998145318655e-02,-1.158098926377970628e-03,-2.535372359164345113e-03,-8.961628575116682704e-03,-1.404126846030558269e-02,9.746015004581276564e-03,3.686506786900715232e-02,2.813069671336592900e-02,2.815278200969939526e-02,2.209857263275297537e-02,1.081412420268094976e-02,1.021807011276937294e-02,-3.885482404413209689e-02,-3.885482404413205526e-02,-2.927860769791836709e-02,-2.927860769791836362e-02,9.339825750281215144e-03,1.013810145543350694e-02,-1.829202818543210901e-02,-2.579221908621492920e-02,-3.475157499430657493e-02,-4.248989163660789325e-02,-1.444023183793189877e-02,0.000000000000000000e+00,0.000000000000000000e+00,2.729857365859246141e-02,2.801829239315684408e-02,4.570213964484827474e-02,4.498242091028405165e-02,1.251648790078271900e-02,1.251648790078266349e-02,-2.543264418077000738e-02,-2.543264418077000044e-02,1.336780838102893942e-02,1.515813986063110214e-02,3.800911786686284044e-02,5.168298731665309231e-02,2.656535488351273455e-02,2.136131139656524680e-02,-3.637727155318000449e-02,-1.377431042428942098e-01,-8.961657045484787421e-02,9.455815431878643318e-03,7.966710639456730733e-03,3.351365038098928772e-02,3.351365038098929466e-02,-5.351335716727734920e-02,-5.351335716727734920e-02,0.000000000000000000e+00,0.000000000000000000e+00,7.579042927741657179e-03,9.901078619766533889e-03,8.738666974002180093e-03,9.701335390608467613e-03,-2.440545263488774763e-03,-1.191978147965941197e-02,3.635185146222657659e-03,3.285194976915366272e-02,2.485174237636069913e-02,1.548985015620447936e-02,1.366034029523537086e-02,2.490670852922475392e-02,2.490670852922475392e-02,-1.434411239981531194e-02,-1.434411239981531194e-02,-1.618055988521416300e-02,-1.643944884337776580e-02,2.778968957020553493e-02,3.492323012845969382e-02,3.731188752320298285e-02,4.893074635740862766e-02,1.561532560108792878e-02,-6.527312032454379853e-03,-1.550177854088262419e-02,-4.561474910266134775e-02,-3.751013035615816116e-02,-4.760001395818703324e-02,-4.385198136305368949e-02,1.721597933766209204e-02,1.721597933766209204e-02,2.258628633167895916e-02,2.258628633167895916e-02,-2.601791882087142044e-02,-2.753563075208952105e-02,-1.838655278345272199e-03,-4.202041761357799290e-04,-9.631323176628681093e-03,-1.635907997496957589e-02,-2.772066708473693020e-03,1.009762287641599587e-02,2.695207728190956997e-04,-2.618536430212851235e-02,-2.064032912664573449e-02,-5.794146634663428601e-03,-5.566030625424759314e-03,-7.864943840441215861e-03,-7.864943840441217596e-03,2.805238117071716733e-03,2.805238117071716733e-03,2.210504445348146496e-02,2.441165778775803916e-02,-2.822051170159742967e-03,-7.079786870254404368e-03,-2.195887135202589935e-02,-2.013710903457580428e-02,-1.293600483680063451e-04,0.000000000000000000e+00,0.000000000000000000e+00,2.228347783130339016e-02,2.228347783130339016e-02,0.000000000000000000e+00
1.376936759056593250e-17,2.521603818374353739e-02,3.079266201284087956e-02,8.682818507618372816e-03,4.870206471261434578e-03,-7.711412567838193087e-03,-2.074791196195638343e-02,-2.669111633430081010e-02,-5.594759568803498589e-02,-3.801026583436427353e-02,2.665625352791453975e-02,2.413755240716682418e-02,6.005255784793210594e-03,6.005255784793210594e-03,-6.431111321520250300e-03,-6.431111321520223412e-03,1.996636628139594055e-02,2.078465998145317267e-02,-1.158098926377970628e-03,-2.535372359164345113e-03,-8.961628575116682704e-03,-1.404126846030556708e-02,9.746015004581276564e-03,3.686506786900715232e-02,2.813069671336593247e-02,2.815278200969939526e-02,2.209857263275298578e-02,1.081412420268094976e-02,1.021807011276936079e-02,-3.885482404413209689e-02,-3.885482404413205526e-02,-2.927860769791837056e-02,-2.927860769791836709e-02,9.339825750281215144e-03,1.013810145543350694e-02,-1.829202818543210901e-02,-2.579221908621492226e-02,-3.475157499430657493e-02,-4.248989163660790019e-02,-1.444023183793190050e-02,0.000000000000000000e+00,0.000000000000000000e+00,2.729857365859246141e-02,2.801829239315684408e-02,4.570213964484828861e-02,4.498242091028406553e-02,1.251648790078270512e-02,1.251648790078265135e-02,-2.543264418077002473e-02,-2.543264418077000738e-02,1.336780838102895330e-02,1.515813986063110907e-02,3.800911786686281268e-02,5.168298731665309231e-02,2.656535488351276231e-02,2.136131139656524680e-02,-3.637727155318000449e-02,-1.377431042428942098e-01,-8.961657045484787421e-02,9.455815431878643318e-03,7.966710639456732468e-03,3.351365038098928772e-02,3.351365038098929466e-02,-5.351335716727734920e-02,-5.351335716727734920e-02,0.000000000000000000e+00,0.000000000000000000e+00,7.579042927741658046e-03,9.901078619766533889e-03,8.738666974002180093e-03,9.701335390608471082e-03,-2.440545263488772595e-03,-1.191978147965941544e-02,3.635185146222659827e-03,3.285194976915366272e-02,2.485174237636068179e-02,1.548985015620447936e-02,1.366034029523538473e-02,2.490670852922475392e-02,2.490670852922475392e-02,-1.434411239981531021e-02,-1.434411239981531194e-02,-1.618055988521416300e-02,-1.643944884337776580e-02,2.778968957020553493e-02,3.492323012845969382e-02,3.731188752320298285e-02,4.893074635740859990e-02,1.561532560108792878e-02,-6.527312032454325209e-03,-1.550177854088259644e-02,-4.561474910266137550e-02,-3.751013035615818891e-02,-4.760001395818703324e-02,-4.385198136305368255e-02,1.721597933766207816e-02,1.721597933766208510e-02,2.258628633167896957e-02,2.258628633167895916e-02,-2.601791882087142044e-02,-2.753563075208952105e-02,-1.838655278345271982e-03,-4.202041761357799832e-04,-9.631323176628672419e-03,-1.635907997496957589e-02,-2.772066708473699959e-03,1.009762287641599587e-02,2.695207728190956997e-04,-2.618536430212851235e-02,-2.064032912664573449e-02,-5.794146634663427733e-03,-5.566030625424760181e-03,-7.864943840441215861e-03,-7.864943840441215861e-03,2.805238117071717167e-03,2.805238117071716733e-03,2.210504445348146496e-02,2.441165778775803916e-02,-2.822051170159742967e-03,-7.079786870254404368e-03,-2.195887135202589935e-02,-2.013710903457580428e-02,-1.293600483680074293e-04,0.000000000000000000e+00,0.000000000000000000e+00,2.228347783130339016e-02,2.228347783130339016e-02,0.000000000000000000e+00
0.000000000000000000e+00,5.657941561253696655e-02,7.194353085544706594e-02,1.399065379593830705e-02,-2.153451898338182291e-03,-1.492746201591565319e-02,-3.097808428789187649e-02,-2.193384264491946012e-02,-1.851743428686412896e-02,-9.371889255738011931e-03,4.278116824273334173e-02,3.873885313318393975e-02,-4.205245459084343274e-03,-4.205245459084364090e-03,-3.854702098845191882e-02,-3.854702098845178004e-02,5.378951605268396385e-02,5.599400441549898244e-02,4.285360138675096964e-02,5.214583185898873791e-02,-2.332752411776481405e-03,-2.310977432035943302e-02,-1.344539809579503586e-02,-9.980510713728893424e-03,2.273975761354754543e-03,3.424509048360004082e-02,2.687843464953691697e-02,1.311248908313650263e-02,1.238975346438087044e-02,-3.244030296260845547e-02,-3.244030296260842772e-02,-5.616426110374606040e-02,-5.616426110374608122e-02,1.063680429966537555e-02,1.154593287228642545e-02,5.528951403502291984e-05,-1.153591068515105733e-03,-9.395728128796583534e-03,-1.627026714219960424e-02,-1.706501828128647452e-02,-2.616921587000425875e-02,-2.007073611969520041e-02,-1.926461733883881935e-02,-1.548498880925626431e-02,-8.013051069849274136e-04,-7.886861289221796037e-04,-2.012965264075230673e-03,-2.012965264075223734e-03,4.047549817542697714e-02,4.047549817542697714e-02,6.576484971454277240e-02,7.457264208702645003e-02,2.455062332741095310e-02,2.246448911545818883e-02,-2.417942509288922848e-03,-1.758680734950168745e-02,-3.461299215312013677e-02,-7.728034314248141690e-02,-5.152114666933514664e-02,-2.581840151851942655e-03,-2.175251151560267382e-03,3.474634632212818264e-02,3.474634632212817570e-02,-5.154057633740624644e-02,-5.154057633740623257e-02,2.659737731305952119e-03,2.659737731305952119e-03,1.085120475473547175e-02,1.287946732571421810e-02,1.280049559633629486e-02,1.628659040738569125e-02,-7.882758660649982763e-03,-2.789235635114924172e-02,-1.471202653349302364e-02,-7.245223836258099515e-04,9.346159514189156248e-04,1.221191453152684243e-02,1.076956242150392019e-02,9.907647853932000093e-04,9.907647853932069482e-04,-2.742260826548232472e-02,-2.742260826548232472e-02,1.004059037088733675e-02,1.020123981682164761e-02,4.011205197710122905e-02,4.974341295547268782e-02,3.638014509956155607e-02,4.274295068047455348e-02,7.491883409643296243e-03,-1.964629356496568058e-02,-1.819188634512972080e-02,-2.774190068845162893e-02,-2.348296309942313198e-02,-3.745976489122449654e-02,-3.451017710451352583e-02,-1.102553517610312811e-02,-1.102553517610312464e-02,8.943096214759541085e-03,8.943096214759548024e-03,3.212815462260441846e-02,3.400229697559044306e-02,1.783706063712166973e-02,2.089990332046650495e-02,-2.115865145225472727e-02,-4.478575451419324061e-02,-2.483127812741279389e-02,-1.529269280253429258e-02,-9.741702815386481945e-03,-2.676843020052034616e-03,-2.509168751744644821e-03,-1.073139449728657303e-02,-1.030889865093679962e-02,-6.035508401653889160e-03,-6.035508401653889160e-03,-3.395608906988639621e-03,-3.395608906988639621e-03,1.372825643790680575e-02,1.778708216567162145e-02,3.593988884742232992e-02,4.400972843691822178e-02,-4.724450586546413700e-03,-3.101950318526870004e-02,-1.111871822151126732e-02,8.414216752471431054e-03,3.912217024935389642e-03,-8.030434555798372093e-03,-6.576103888212714993e-03,-1.376936759056592942e-17
0.000000000000000000e+00,5.657941561253696655e-02,7.194353085544706594e-02,1.399065379593830705e-02,-2.153451898338182291e-03,-1.492746201591566707e-02,-3.097808428789186955e-02,-2.193384264491944624e-02,-1.851743428686412896e-02,-9.371889255738011931e-03,4.278116824273334173e-02,3.873885313318393975e-02,-4.205245459084343274e-03,-4.205245459084357151e-03,-3.854702098845191882e-02,-3.854702098845178004e-02,5.378951605268397773e-02,5.599400441549898244e-02,4.285360138675096964e-02,5.214583185898874484e-02,-2.332752411776494849e-03,-2.310977432035941914e-02,-1.344539809579503586e-02,-9.980510713728907302e-03,2.273975761354754543e-03,3.424509048360004082e-02,2.687843464953694472e-02,1.311248908313650263e-02,1.238975346438084268e-02,-3.244030296260845547e-02,-3.244030296260844159e-02,-5.616426110374606040e-02,-5.616426110374606734e-02,1.063680429966537555e-02,1.154593287228642545e-02,5.528951403500903528e-05,-1.153591068515105733e-03,-9.395728128796562717e-03,-1.627026714219960424e-02,-1.706501828128648146e-02,-2.616921587000425875e-02,-2.007073611969519694e-02,-1.926461733883881935e-02,-1.548498880925626604e-02,-8.013051069849278472e-04,-7.886861289221796037e-04,-2.012965264075230239e-03,-2.012965264075223734e-03,4.047549817542697714e-02,4.047549817542697714e-02,6.576484971454274464e-02,7.457264208702645003e-02,2.455062332741098086e-02,2.246448911545818883e-02,-2.417942509288950603e-03,-1.758680734950168745e-02,-3.461299215312013677e-02,-7.728034314248141690e-02,-5.152114666933510501e-02,-2.581840151851942655e-03,-2.175251151560281260e-03,3.474634632212816876e-02,3.474634632212817570e-02,-5.154057633740623257e-02,-5.154057633740623257e-02,2.659737731305952119e-03,2.659737731305952119e-03,1.085120475473546481e-02,1.287946732571421289e-02,1.280049559633629486e-02,1.628659040738569819e-02,-7.882758660649975824e-03,-2.789235635114923825e-02,-1.471202653349302364e-02,-7.245223836258099515e-04,9.346159514189156248e-04,1.221191453152684070e-02,1.076956242150392887e-02,9.907647853932000093e-04,9.907647853932000093e-04,-2.742260826548232472e-02,-2.742260826548232472e-02,1.004059037088733848e-02,1.020123981682164761e-02,4.011205197710125681e-02,4.974341295547270170e-02,3.638014509956152831e-02,4.274295068047453960e-02,7.491883409643296243e-03,-1.964629356496568058e-02,-1.819188634512972080e-02,-2.774190068845162893e-02,-2.348296309942314586e-02,-3.745976489122449654e-02,-3.451017710451350501e-02,-1.102553517610312811e-02,-1.102553517610312464e-02,8.943096214759548024e-03,8.943096214759544554e-03,3.212815462260441152e-02,3.400229697559044306e-02,1.783706063712166973e-02,2.089990332046650495e-02,-2.115865145225474114e-02,-4.478575451419323367e-02,-2.483127812741278001e-02,-1.529269280253429952e-02,-9.741702815386481945e-03,-2.676843020052034616e-03,-2.509168751744644821e-03,-1.073139449728657130e-02,-1.030889865093679962e-02,-6.035508401653890895e-03,-6.035508401653889160e-03,-3.395608906988639621e-03,-3.395608906988639621e-03,1.372825643790680228e-02,1.778708216567162145e-02,3.593988884742234380e-02,4.400972843691822178e-02,-4.724450586546434516e-03,-3.101950318526869310e-02,-1.111871822151125344e-02,8.414216752471431054e-03,3.912217024935389642e-03,-8.030434555798379032e-03,-6.576103888212714993e-03,0.000000000000000000e+00
0.000000000000000000e+00,2.174848196381161392e-02,2.655824239811628920e-02,-3.241415754558440998e-03,-1.262344908624202754e-02,-1.546647857047138593e-02,-2.291534503588949293e-02,-6.784282769169277735e-03,2.147108553771774619e-02,2.126729703023574891e-02,5.326663724504589886e-02,4.823356915890006369e-02,-2.425315821131911881e-02,-2.425315821131920901e-02,-3.582492580312469227e-02,-3.582492580312456737e-02,7.234528423990002621e-02,7.531025490546981727e-02,2.643053792676185176e-02,3.010229335526667938e-02,-2.016996064259712895e-02,-4.479538441522797065e-02,-1.239130760960753530e-02,1.341261393880120723e-02,1.468493255483305227e-02,2.908176676641759106e-02,2.216428444348375604e-02,-8.667502885844475787e-04,-8.189766506310064420e-04,-2.406773865233795273e-02,-2.406773865233791110e-02,-3.898255814316537587e-02,-3.898255814316538281e-02,4.206174820908675088e-02,4.565676942353889128e-02,1.002891875898469232e-02,8.692606256974960699e-03,-9.157932593078635386e-03,-2.042131613804454293e-02,-3.114671372186884543e-02,-5.858414456139275639e-02,-4.659008104634816683e-02,-2.919805121603603892e-02,-1.905007584173533733e-02,0.000000000000000000e+00,0.000000000000000000e+00,0.000000000000000000e+00,0.000000000000000000e+00,5.250188454237429692e-02,5.250188454237428304e-02,4.632614772109166362e-02,5.253054250516666496e-02,-3.209958059754053350e-02,-5.465848172432791197e-02,-1.539431363911086120e-02,1.847643535717903790e-03,1.362933913764410171e-02,3.763301894888457233e-02,2.240028196480307876e-02,-1.581688910881710874e-02,-1.332604043026311587e-02,1.513510777201810924e-02,1.513510777201812485e-02,-1.247516187068033189e-02,-1.247516187068033189e-02,1.625636335600019744e-03,1.625636335600019744e-03,3.558264368386354192e-03,4.223360512010027046e-03,2.132109640510773674e-02,3.122990515724331784e-02,-6.214411252990992285e-03,-3.495272378510286271e-02,-3.549228206842768019e-02,-5.791158033877966821e-02,-4.163049351386557267e-02,-8.862801740628195937e-03,-7.816014133467342681e-03,3.975959116623210485e-03,3.975959116623210485e-03,-1.517101839256382485e-02,-1.517101839256382485e-02,-8.544014647388504516e-04,-8.544014647388506684e-04,0.000000000000000000e+00,1.520668573531436078e-03,3.674634601495463393e-02,5.662862069697141565e-02,3.589937607788301621e-02,3.287583872208076768e-02,1.976646664302884882e-02,5.338082254452300446e-03,4.821151404249268690e-04,-4.405511090844806826e-02,-4.058620453770363928e-02,-4.185587726697025113e-02,-4.185587726697025113e-02,3.441906707172276425e-02,3.441906707172276425e-02,3.555024671085389026e-02,3.762401110232124063e-02,4.350282828044144123e-03,2.980596303559651661e-03,-1.713980459538351486e-02,-3.062396044216833535e-02,-3.716233558325385267e-03,2.257074983387406808e-02,7.961409149331702406e-03,-2.515278662176168717e-02,-2.143320229777011254e-02,-4.637816325249458083e-02,-4.455225131342040179e-02,2.821951084371063928e-02,2.821951084371063581e-02,3.741713611482989921e-03,3.741713611482996860e-03,5.030366371153503768e-02,5.555274166404360059e-02,4.880589354912034938e-03,-5.086744771169299240e-04,-2.740607449380183525e-02,-5.018504136251888958e-02,-3.141221389353628102e-02,-2.344823403158537850e-02,-4.820369795677861835e-03,5.596173880466003003e-02,4.582693571405143523e-02,0.000000000000000000e+00
0.000000000000000000e+00,1.979257872059176498e-02,2.416978362995357565e-02,-3.947648113185393132e-03,-1.305254733164793596e-02,-1.548856941287120141e-02,-2.099424938338041377e-02,-6.163399167704078016e-03,2.151930378179008063e-02,2.252300138621833592e-02,5.369636958120625747e-02,4.862269686487205589e-02,-2.507479397985335617e-02,-2.507479397985346026e-02,-3.571336452503749703e-02,-3.571336452503737907e-02,7.310576654265482643e-02,7.610190451571458015e-02,2.575746155545079186e-02,2.919886964609769153e-02,-2.090099376681112120e-02,-4.568413892731279513e-02,-1.234810717984576034e-02,1.437134855570823544e-02,1.519357832505757733e-02,2.887015513866418581e-02,2.197108156618647612e-02,-1.439669934966483766e-03,-1.360318048787209633e-03,-2.372460077076944673e-02,-2.372460077076944673e-02,-3.827838998904320444e-02,-3.827838998904319057e-02,4.334965574635818442e-02,4.705475452809847886e-02,1.043767405590888264e-02,9.096138934249139996e-03,-9.148186874401664781e-03,-2.059144109689063640e-02,-3.172383238746652456e-02,-5.991262524546613066e-02,-4.767693944498153924e-02,-2.948982021218921057e-02,-1.908136418761573888e-02,0.000000000000000000e+00,0.000000000000000000e+00,0.000000000000000000e+00,0.000000000000000000e+00,5.299476922954427655e-02,5.299476922954427655e-02,4.552947960660596455e-02,5.162717776820517634e-02,-3.442131026659606130e-02,-5.781925921776194521e-02,-1.592613212803800637e-02,2.644137424456453889e-03,1.560648386267552735e-02,4.234258296902276147e-02,2.542984871210395015e-02,-1.635930914803702951e-02,-1.378303999086573361e-02,1.433136848717751766e-02,1.433136848717753153e-02,-1.087412029417511583e-02,-1.087412029417511583e-02,1.583255130857982862e-03,1.583255130857982862e-03,3.259373368945800431e-03,3.868602036038532466e-03,2.167030135628691956e-02,3.184233608961456463e-02,-6.146036359234455237e-03,-3.524208310616656903e-02,-3.634393188543326436e-02,-6.025531222218770411e-02,-4.337496521326256183e-02,-9.726519620634593508e-03,-8.577718090638333445e-03,4.098303146591654803e-03,4.098303146591654803e-03,-1.466890405350976256e-02,-1.466890405350976256e-02,-3.870246190368145656e-04,-3.870246190368144571e-04,0.000000000000000000e+00,0.000000000000000000e+00,3.420352478821418046e-02,5.582155522615294546e-02,3.706361758067976825e-02,3.502838512728769643e-02,2.132213684746164795e-02,6.693819260309069596e-03,1.464290478123700390e-03,-4.432541197472772421e-02,-4.083522205545736528e-02,-4.311941587725174468e-02,-4.311941587725174468e-02,3.546316423799177747e-02,3.546316423799177747e-02,3.569049638660186374e-02,3.777244200915447214e-02,3.797546032590110466e-03,2.246198474997879169e-03,-1.697509775698713419e-02,-3.004355904577385786e-02,-2.850862879264379202e-03,2.412253026979252479e-02,8.686946524934929803e-03,-2.607393185133999314e-02,-2.220877744309907031e-02,-4.783909639819988735e-02,-4.595566740614519252e-02,2.962340507507810194e-02,2.962340507507810194e-02,5.065735987369958393e-03,5.065735987369958393e-03,5.077114665499653928e-02,5.606900543638802109e-02,3.607667244563170228e-03,-2.333199186708628803e-03,-2.833564924409924524e-02,-5.097051423863573766e-02,-3.224391453583241168e-02,-2.475407217847300223e-02,-5.178262698162017230e-03,5.858436886041663849e-02,4.797460127152137349e-02,0.000000000000000000e+00
-6.884683795282966252e-18,3.596578288733574390e-03,4.391975410280461734e-03,4.205808597304145496e-03,5.347188363224349150e-03,-1.453642369245142923e-03,-7.423849062111257703e-03,2.988828037260454068e-03,2.548076417193581578e-02,1.953241900049173391e-02,1.136557577036351185e-02,1.029166309914812671e-02,-1.573536804997683475e-02,-1.573536804997689026e-02,-4.728680019316928995e-03,-4.728680019316922056e-03,5.480428695086144580e-02,5.705036428491323114e-02,4.688246557209549414e-03,3.132883750919579491e-03,-2.603195454198649339e-02,-4.465498647181648240e-02,-1.483320634575477880e-02,7.426171776448789452e-03,1.323207995394676956e-02,3.769791475646847023e-02,2.899784196296022187e-02,3.718313988353705302e-03,3.513367548050747025e-03,1.286097339960938502e-02,1.286097339960941277e-02,-8.575602532457413107e-03,-8.575602532457413107e-03,1.585431798712400031e-03,1.720938790055345780e-03,-1.924203591024657711e-02,-2.618029732448783065e-02,-8.896743244807964190e-03,-3.745585639190404659e-03,-1.557065536870454181e-02,-3.682750908397536965e-02,-3.656576990991923515e-02,-4.671068276488447857e-02,-3.305336338751681952e-02,0.000000000000000000e+00,0.000000000000000000e+00,3.458018198882548220e-03,3.458018198882536077e-03,8.344788063833677438e-02,8.344788063833677438e-02,4.830326184250749444e-03,5.477244869641530699e-03,-4.123636321863306115e-02,-5.976603148102296870e-02,-1.885192376786624241e-02,-1.864926094547612184e-03,1.860690468838419737e-02,5.760086946958702103e-02,3.426418262788499813e-02,-2.434609208519807055e-02,-2.051206183556039675e-02,3.723948442338544107e-02,3.723948442338545495e-02,3.030214789679190612e-02,3.030214789679190612e-02,-3.002631534907082567e-02,-3.002631534907082567e-02,-2.839777375372656495e-02,-3.370576884788141492e-02,1.233457861532089028e-02,2.667389120361148003e-02,1.143400819655546186e-02,5.002323265692928955e-03,-2.081781918815064913e-02,-7.826358874818349631e-02,-5.325482326812178147e-02,1.347312290246830552e-02,1.188180917383025587e-02,1.879118290187832552e-02,1.879118290187830470e-02,-3.256873353015557471e-02,-3.256873353015556083e-02,-2.092470963421675170e-02,-2.092470963421675170e-02,0.000000000000000000e+00,0.000000000000000000e+00,1.749807309541488026e-02,4.392135193337234900e-02,4.975160543828419796e-02,5.290531211145536872e-02,2.250906079501317769e-02,-2.720080118020183624e-02,-2.287448774789942185e-02,-3.481846330442180115e-02,-3.207685202060871904e-02,-2.136941967512318713e-02,-2.136941967512319060e-02,2.989835844857335195e-02,2.989835844857334848e-02,2.322474478997775538e-02,2.457952156939367805e-02,-1.607707833435631506e-02,-2.282315050978395848e-02,-6.635576096332349016e-03,-2.135454715414569771e-03,1.091562565052944106e-02,2.940124622616136635e-02,1.390327546119965452e-02,-1.674209748628371214e-02,-1.422541885209958196e-02,-2.983210861492194971e-02,-2.865761614976781654e-02,6.013045408795419933e-02,6.013045408795419239e-02,4.136647796748438299e-03,4.136647796748452177e-03,1.165983363302341980e-03,1.287651192516461873e-03,-9.433940335379323305e-03,-1.319089387938436608e-02,-2.327950749685628318e-02,-3.615675603365721413e-02,-1.665008987288232184e-02,-3.797731283454314211e-04,8.832803867144856103e-03,5.010990063144644263e-02,4.103487925724669250e-02,0.000000000000000000e+00
0.000000000000000000e+00,-9.841087020949906838e-04,-1.201748126596777211e-03,6.511836757846629214e-03,1.055115401429932917e-02,2.515831946123842089e-03,-2.859352198276605972e-03,5.577336741694860489e-03,2.587477336789525267e-02,1.868659771968017580e-02,-6.067699539152246468e-04,-5.494373598444873830e-04,-1.309391425162791806e-02,-1.309391425162796663e-02,4.034665093412104220e-03,4.034665093412090342e-03,4.962811090469767400e-02,5.166204987620178629e-02,-1.270723341282878338e-03,-4.239314280039888083e-03,-2.748313536728866358e-02,-4.436391305005998875e-02,-1.553606267550679265e-02,5.461879354031980160e-03,1.267731273787502805e-02,4.019465485039289132e-02,3.098520853982552822e-02,5.177137724242247829e-03,4.891783676449323881e-03,2.320840851850444753e-02,2.320840851850444753e-02,-1.748141608978737160e-04,-1.748141608978459605e-04,-1.022667194405607605e-02,-1.110074646918914054e-02,-2.763629731481580254e-02,-3.615747121584776680e-02,-8.825627874821870278e-03,1.018898732684403452e-03,-1.100208005026681590e-02,-3.029838532112950206e-02,-3.342321691010364387e-02,-5.158122974948514683e-02,-3.700503992890297189e-02,0.000000000000000000e+00,0.000000000000000000e+00,1.417250429925297033e-02,1.417250429925291828e-02,8.232442109367245353e-02,8.232442109367245353e-02,-6.680545490758790783e-03,-7.575261404699704104e-03,-4.316385294244150933e-02,-6.031663373729879291e-02,-1.967942039327220602e-02,-3.140216786791188985e-03,1.945550855828160827e-02,6.191634443944359772e-02,3.676278211921699818e-02,-2.660498018863754338e-02,-2.241521952900937809e-02,4.371854751645430637e-02,4.371854751645434106e-02,4.194796112251997222e-02,4.194796112251995834e-02,-3.896639588884868999e-02,-3.896639588884868999e-02,-3.735131031367427967e-02,-4.433286364333351159e-02,9.694172183532551168e-03,2.521210881161059514e-02,1.640614201031422026e-02,1.638457961328951273e-02,-1.642659539497982879e-02,-8.335683867472772068e-02,-5.604912655636477836e-02,2.003463795950749873e-02,1.766834213751833360e-02,2.294674485286847532e-02,2.294674485286848920e-02,-3.763131156395436994e-02,-3.763131156395438381e-02,-2.673334782032824042e-02,-2.673334782032824042e-02,0.000000000000000000e+00,0.000000000000000000e+00,1.277329887926964037e-02,4.055563787076773424e-02,5.334012725659654369e-02,5.796141267263408420e-02,2.284475645694693247e-02,-3.678715847650787518e-02,-2.975818259970392649e-02,-3.212962933706255131e-02,-2.959973726327776514e-02,-1.521790559775352061e-02,-1.521790559775351714e-02,2.832447398287923565e-02,2.832447398287923565e-02,1.969907767174065849e-02,2.084819053592600058e-02,-2.169818421591691165e-02,-2.991347143477277037e-02,-3.711266939783533503e-03,5.757746509333493135e-03,1.480917796198625430e-02,3.089421639563943306e-02,1.537860081691088537e-02,-1.410279079717690481e-02,-1.196749925060479336e-02,-2.473922318126760278e-02,-2.376523801665098717e-02,6.875871037442418676e-02,6.875871037442415901e-02,3.873875379198921109e-03,3.873875379198934987e-03,-1.286375978990411673e-02,-1.420606515928551916e-02,-1.312247581253473024e-02,-1.626175702478763196e-02,-2.184948760874716456e-02,-3.196700623830976695e-02,-1.223971522073481755e-02,6.513968017145176960e-03,1.279552976440333223e-02,4.771308133436398535e-02,3.907212959664378010e-02,0.000000000000000000e+00
0.000000000000000000e+00,3.736489925985687910e-02,4.562829044232555309e-02,1.423441542921399100e-02,9.361976288107032307e-03,3.899790080699253036e-04,-6.571096124621443602e-03,-3.038771549084405554e-03,1.928047024718798847e-03,-1.633954732181211456e-03,-3.207438143843022171e-02,-2.904373122377552560e-02,1.253786793044135359e-02,1.253786793044139175e-02,2.500035498084328400e-02,2.500035498084320074e-02,2.793183711892233134e-02,2.907658454182902863e-02,-5.300619913786455695e-03,-8.268299512727589340e-03,-2.333717853037377277e-02,-3.595143798685670328e-02,-1.728031725328053186e-02,-6.812772713904285439e-03,1.169775655191829244e-03,2.175688963460954348e-02,1.821896448790875922e-02,2.905574220103816774e-02,2.745424459940601358e-02,3.434556312636030673e-02,3.434556312636034836e-02,1.512765141540101110e-02,1.512765141540100937e-02,-3.864116219153466980e-02,-4.194382562670884163e-02,-2.674815065313100593e-02,-3.167634975192039348e-02,7.584037448843117257e-03,2.828862391290778988e-02,8.728812462815316309e-03,-9.908411590527035906e-03,-2.026309095930149684e-02,-7.162592144718901710e-02,-5.789872982822656666e-02,-1.618264465506585176e-02,-1.581024543796802698e-02,4.855736769527808916e-02,4.855736769527791569e-02,3.468423748153998815e-02,3.468423748153998815e-02,-1.134722022540955721e-02,-1.286693721988410588e-02,-2.502685684024993223e-02,-3.354389618442116944e-02,-1.492214112292489236e-02,-9.400664660658503147e-03,1.037246438841942647e-02,4.397077957277847199e-02,2.795934231956387350e-02,-7.135450476440971523e-03,-6.011757488025029628e-03,5.239479510631545045e-02,5.239479510631545045e-02,3.482108092630473162e-02,3.482108092630474550e-02,-4.843355669909318872e-02,-4.843355669909318872e-02,-4.524776979309432651e-02,-5.370529685722467972e-02,1.836894594017257631e-03,1.556418512600815651e-02,1.819891412808811310e-02,2.691806776801376408e-02,-5.789498450257752650e-03,-6.610154673346640974e-02,-4.232721003995792985e-02,3.383213228026618613e-02,2.983621114480152631e-02,1.912625364590990126e-02,1.912625364590989779e-02,-4.892823628074056963e-02,-4.892823628074056963e-02,-2.975331449048539481e-02,-2.975331449048539481e-02,2.295977946264174049e-03,6.450588353389850524e-03,3.058823491306506687e-02,4.249456091461143586e-02,2.231951542473540467e-02,1.419356312571524829e-02,-1.213148943583521044e-03,-3.520645144729964843e-02,-2.661040332023774727e-02,-7.011478562402927855e-03,-6.459393636229392860e-03,-1.200380461578307197e-02,-1.200380461578307023e-02,2.977647837361063060e-02,2.977647837361063060e-02,2.284282397583686786e-02,2.417532204109455046e-02,-8.401954747898891795e-03,-1.274510832237997493e-02,-6.675249455771609108e-03,-6.289235556913276570e-03,3.456741482157722756e-03,1.514383632843994965e-02,5.639646059811313783e-03,-1.552487540590781478e-02,-1.272663942800612846e-02,-1.586410843438722587e-02,-1.523953723618314340e-02,5.968182019193211951e-02,5.968182019193211951e-02,7.407602116635408039e-03,7.407602116635408906e-03,-2.143172559917647102e-02,-2.366807957474299784e-02,-1.628640086474345688e-02,-1.939517342310284609e-02,-7.394199103337975067e-03,-3.771481395874534681e-03,1.420082280000685426e-03,8.676008054800170288e-03,1.464036661385979127e-02,5.028564815309920222e-02,4.117879848757650951e-02,0.000000000000000000e+00
0.000000000000000000e+00,5.886308707451592265e-02,7.281769616429380199e-02,1.941667216921062061e-02,8.563975445530627728e-03,-1.036580200361028603e-03,-9.061871654142364396e-03,-8.820633691581106217e-03,-1.414146670557096808e-02,-1.527011493014109739e-02,-5.319080493461831455e-02,-4.816490210615066714e-02,2.973814281577763508e-02,2.973814281577775304e-02,3.906943635267239034e-02,3.906943635267225157e-02,1.337249549952016121e-02,1.392054859376280762e-02,-8.004892613756003916e-03,-1.097196065571542922e-02,-2.055502328454925087e-02,-3.030622445760174782e-02,-1.845080387783923359e-02,-1.504971028580904396e-02,-6.552387387135219510e-03,9.384178766123109361e-03,9.652142821490801439e-03,4.507954257362519618e-02,4.259484337665352810e-02,4.181918003426372821e-02,4.181918003426376984e-02,2.539641121002284008e-02,2.539641121002281232e-02,-5.770878064707987698e-02,-6.264115506136060108e-02,-2.615215749857935368e-02,-2.866928140112701140e-02,1.859578654761849525e-02,4.658804475753177549e-02,2.196927980712068407e-02,3.774333939219623457e-03,-1.143195380810516082e-02,-7.000122059311103540e-02,-5.660657500224287181e-02,-2.445526239373346788e-02,-2.407014015131263632e-02,5.396888825363098385e-02,5.396888825363077569e-02,2.715166899713669646e-03,2.715166899713669646e-03,-1.447880458682004011e-02,-1.641793020112635587e-02,-1.285597787693690958e-02,-1.557798019498981938e-02,-1.172975634940232048e-02,-1.360175468128006770e-02,4.277263695485478134e-03,3.192836104383190571e-02,2.205177087505969663e-02,5.929628672533264477e-03,4.995828881583098957e-03,5.821701388372237107e-02,5.821701388372237107e-02,3.003856921568658078e-02,3.003856921568658078e-02,-5.478651987438898363e-02,-5.478651987438898363e-02,-5.054670970691576420e-02,-5.999469282970437689e-02,-3.435752209473404151e-03,9.089920547511648463e-03,1.940195857554170150e-02,3.398659271394724457e-02,1.348553446858469229e-03,-5.452233766761975520e-02,-3.311908185131631072e-02,4.309097715340706736e-02,3.800149166284697011e-02,1.656250296755608364e-02,1.656250296755606977e-02,-5.650906734068933401e-02,-5.650906734068932707e-02,-2.230305225568072341e-02,-2.265990109177185019e-02,1.873537884138011880e-02,2.377169524547897983e-02,1.816749695163152184e-02,2.168328774329395664e-02,1.503052221775561187e-03,-1.517696749129664874e-02,-1.735726967288720238e-02,-3.414571383559407425e-02,-2.449807775112221656e-02,9.844122615329516796e-03,9.068994850342838171e-03,-9.846973693671275119e-03,-9.846973693671275119e-03,3.075084974107514246e-02,3.075084974107514246e-02,2.495244320621724243e-02,2.640800239324718468e-02,5.205150266923350144e-04,-1.224233075905668822e-03,-8.664237723079434850e-03,-1.437339457505273227e-02,-4.161340892464220065e-03,4.574502335976955714e-03,-8.957051587688003025e-04,-1.647916902492462671e-02,-1.323606244178859859e-02,-9.908439327927918983e-03,-9.518343291395406358e-03,5.359074914841760462e-02,5.359074914841760462e-02,9.778918743073072850e-03,9.778918743073072850e-03,-2.718128160276725436e-02,-3.001758924827372527e-02,-1.840956109714670524e-02,-2.149786074302496852e-02,2.306060288449950091e-03,1.514919974839158689e-02,1.058652533970495802e-02,1.012685071164762945e-02,1.587834923652136493e-02,5.201197588672415439e-02,4.259248419070243985e-02,2.753873518113186193e-17
-3.442341897641482356e-18,6.709095045821079906e-02,8.192837219416183869e-02,1.010093781817574150e-02,-7.426338982190514026e-03,-1.189371091225238652e-02,-2.015327056336697897e-02,-1.596289357569052880e-02,-1.819176614972524766e-02,-1.786037479639828590e-02,-4.299627714562822417e-02,-3.831418963879467537e-02,3.449699495582222997e-02,3.449699495582234793e-02,4.773997755361771705e-02,4.773997755361752970e-02,-1.719189057311651392e-03,-1.789647625234258577e-03,-1.089313432661487106e-02,-1.388363455913048383e-02,-1.912630810324753711e-02,-2.684604422969465859e-02,-1.488135899458040146e-02,-9.826119558439126017e-03,-4.625797004212141988e-03,4.655220926318318769e-03,5.815638654718135320e-03,4.100423989947403480e-02,3.874416368454221965e-02,3.387090375340109927e-02,3.387090375340109927e-02,1.604049222337101954e-02,1.604049222337101954e-02,-3.484990464056490767e-02,-3.782852896881856719e-02,-1.050843486258344617e-02,-1.017325465808398277e-02,1.802163844126440650e-02,3.696430261630086200e-02,1.284072195948809947e-02,-9.150609534538931000e-03,-1.718739884028833154e-02,-5.839605997952377475e-02,-4.706534097433413832e-02,-1.045009291448272676e-02,-1.028552452212874030e-02,4.672650139912454953e-02,4.672650139912436218e-02,-2.084050435512885269e-02,-2.084050435512883881e-02,-1.764781043563921903e-02,-2.001135647612667379e-02,-1.099584513456829810e-02,-1.231799983087946207e-02,-1.267783444232950876e-02,-1.730304516064293946e-02,1.675878629272885972e-03,2.949586838876527839e-02,2.446174559445202581e-02,3.144943729195373572e-02,2.649677000188203208e-02,3.313356334190890873e-02,3.313356334190892261e-02,3.204991781343388690e-02,3.204991781343388690e-02,-2.950504501304248087e-02,-2.950504501304247740e-02,-4.544984542374062852e-02,-5.394514363378617727e-02,-1.140682820012216270e-02,-4.401956056425786190e-03,7.352738498567352489e-03,1.841117868433357618e-02,5.180119460068410842e-04,-3.024605989534682321e-02,-1.699695008680731506e-02,3.555244464409373917e-02,3.135333700896439368e-02,3.879421743214622742e-04,3.879421743214761520e-04,-3.255785127778904053e-02,-3.255785127778905441e-02,2.271562174828704872e-03,2.307907169625991739e-03,1.742128370435741536e-02,2.164595309915826049e-02,-3.081568213243110477e-04,-7.345376503634759580e-03,-9.324280655591640765e-03,-1.485009948367271154e-02,-1.333670761820925782e-02,-1.937590315672145513e-02,-1.340969942124486253e-02,1.183030702336946779e-02,1.089878678530874917e-02,-2.284513929261177898e-02,-2.284513929261177898e-02,2.134192743660494676e-02,2.134192743660494676e-02,3.121400190032442429e-02,3.303481867784407999e-02,6.649745627919090296e-03,6.322412000007812671e-03,-1.101164869119136691e-02,-2.146151005110152887e-02,-1.352265945039741318e-02,-1.137093563710053767e-02,-1.283415076429454682e-02,-2.734807280877664393e-02,-2.203084681501044084e-02,-1.439232041211639494e-02,-1.368005003859306366e-02,5.433312792579762102e-02,5.433312792579762102e-02,3.084170318895434332e-02,3.084170318895434332e-02,-1.651201792698271664e-02,-1.823501110197243980e-02,-2.455837396851246607e-02,-3.152275392149315320e-02,8.210073488321839585e-05,1.614091566061488098e-02,8.856022814409059141e-03,4.098734545962254283e-03,1.184790900380887184e-02,5.098638892437732523e-02,4.175263344988298930e-02,2.753873518113186193e-17
0.000000000000000000e+00,7.266447476087535551e-02,8.873450283299262609e-02,-2.905936558740621067e-03,-2.975243837183844109e-02,-2.705272360432686707e-02,-3.563937470077470360e-02,-2.593510548935253068e-02,-2.384690122269524787e-02,-2.147696404362523306e-02,-2.179868937710625898e-02,-1.759664590425239275e-02,3.417771123915952503e-02,3.417771123915964299e-02,5.984601621154119616e-02,5.984601621154095330e-02,-2.279059768383116802e-02,-2.372463857251279340e-02,-1.492577369928568126e-02,-1.794899057521934238e-02,-1.713149822746784512e-02,-2.201484919450369393e-02,-9.897605761351190717e-03,-2.532804203243522317e-03,-1.935840620508284815e-03,-1.947474925484471431e-03,4.590101954507520843e-04,3.531419465631969318e-02,3.336774298234916614e-02,2.277331045559304046e-02,2.277331045559306127e-02,2.977510996725371561e-03,2.977510996725399317e-03,-2.933738140903113367e-03,-3.184484990553002482e-03,1.133374391220291766e-02,1.565138645484352720e-02,1.721999768899643013e-02,2.352737962665804594e-02,9.518836090693927332e-05,-2.719675702620154290e-02,-2.522330322484575560e-02,-4.219262817942105726e-02,-3.374361799197125172e-02,9.104294660319825483e-03,8.960919941259720689e-03,3.661448956453081105e-02,3.661448956453070003e-02,-5.372955478641773530e-02,-5.372955478641773530e-02,-2.207246011134895644e-02,-2.502859316197612524e-02,-8.398678664091390952e-03,-7.766329133819768402e-03,-1.400156611924669760e-02,-1.271918911633713144e-02,-1.041406517445993751e-03,1.634786230770901572e-02,2.691177855881809675e-02,6.708086819454014971e-02,5.651695194343091949e-02,-1.888612886282822756e-03,-1.888612886282809095e-03,3.485821585557150049e-02,3.485821585557150049e-02,5.793618000912464927e-03,5.793618000912464927e-03,-3.833346887742079823e-02,-4.549860324703262904e-02,-2.253625505499008697e-02,-2.323967056003618109e-02,-9.470700854188988937e-03,-3.335625809843617562e-03,-6.416120363142915894e-04,3.649120390467587571e-03,5.513196150431269593e-03,2.502694642354328855e-02,2.207100786958134803e-02,-2.219540685774155919e-02,-2.219540685774154531e-02,8.834692628635758575e-04,8.834692628635759659e-04,3.658328798346388577e-02,3.716862059119969974e-02,1.558650936209930900e-02,1.867793576278595213e-02,-2.610435265526214743e-02,-4.787596432010052250e-02,-2.444168882399086473e-02,-1.439371773717892239e-02,-7.723092673942048847e-03,1.246096659062598255e-03,2.072187303489257670e-03,1.460347015912329821e-02,1.345359061903469988e-02,-4.099352144962271211e-02,-4.099352144962271211e-02,8.204941577533611530e-03,8.204941577533611530e-03,3.995655554870029130e-02,4.228735462237542819e-02,1.520753929755633282e-02,1.685923720033963291e-02,-1.428916589195132480e-02,-3.135812411199966065e-02,-2.659317970109638385e-02,-3.363437733535926122e-02,-2.950292387389621962e-02,-2.827413269282984948e-02,-1.889886769678662815e-02,0.000000000000000000e+00,0.000000000000000000e+00,2.046743247869954943e-02,2.046743247869954943e-02,6.025011920773136465e-02,6.025011920773136465e-02,-1.615310153246105052e-03,-1.783864256193548820e-03,-3.314350892098523460e-02,-4.551977458576920293e-02,-3.023050339907989992e-03,1.752557561353038779e-02,6.439849477203489492e-03,-4.317880477824713459e-03,6.220501886436809180e-03,4.955443731657234452e-02,4.058001166081436767e-02,0.000000000000000000e+00
0.000000000000000000e+00,5.675488566372111077e-02,6.930644691627528553e-02,-1.441978274947255945e-03,-2.194048790114386249e-02,-2.171730772713506563e-02,-3.015233858437110087e-02,-2.098662219090363656e-02,-1.670827588351910323e-02,-1.572245075357072905e-02,-2.774931569011067703e-02,-2.413049786003409330e-02,3.628779691085867731e-02,3.628779691085880221e-02,5.933632835191827992e-02,5.933632835191807176e-02,-2.190054343214517529e-02,-2.279810668756099279e-02,-1.558626278037271440e-02,-1.884307918858110081e-02,-1.426200595418294220e-02,-1.689037551185482156e-02,-5.489603429906342313e-03,3.098670103896021544e-03,2.400870337789795257e-04,-6.627017813279206804e-03,-3.739961976010591771e-03,2.397793670496320070e-02,2.265631814642181385e-02,1.479791134965404570e-02,1.479791134965405958e-02,8.237965474223687967e-03,8.237965474223687967e-03,6.126795211652949491e-03,6.650452922050645310e-03,1.210276026489963408e-02,1.564410664278441387e-02,9.828561669194961145e-03,1.030946215177298841e-02,-6.181514262486975664e-03,-2.838296232989866164e-02,-2.598468037983650558e-02,-4.231201536709112282e-02,-3.379605643216881949e-02,1.186320027894696011e-02,1.167637822731005387e-02,2.667265438713176465e-02,2.667265438713166750e-02,-4.889395441570945633e-02,-4.889395441570945633e-02,-2.506009879831846282e-02,-2.841636203023619606e-02,-4.934984499588753945e-03,-2.252782033642929636e-03,-2.133890666317143654e-03,-1.459829900345236894e-03,7.293797284644996026e-04,2.265575862440408553e-02,3.261571333971693271e-02,6.787727371798354947e-02,5.718793927420606771e-02,-1.312394129979474466e-02,-1.312394129979471691e-02,4.208807826892828341e-02,4.208807826892828341e-02,6.914213468235036464e-03,6.914213468235036464e-03,-4.304648056347878948e-02,-5.109255169683982190e-02,-2.405107667217340484e-02,-2.419804408844250521e-02,-5.128404474778934519e-03,6.380467664034106257e-03,4.999050742497360145e-03,5.625488907129633231e-03,5.299411991769482910e-03,1.149045401467826966e-02,1.013331377672410660e-02,-2.435526916525429519e-02,-2.435526916525432295e-02,8.206800020610485746e-03,8.206800020610499624e-03,4.311911552650611601e-02,4.380902137493068726e-02,4.416491539717126713e-03,4.639964537197587523e-03,-2.707546985812621376e-02,-4.499473146091100689e-02,-2.028574407234515903e-02,-7.438256911859085496e-03,-2.629720339381989846e-03,5.883083564863118842e-03,4.901536575969193954e-03,6.948529005094725153e-03,6.401400736976953221e-03,-3.485041431620696656e-02,-3.485041431620696656e-02,7.864166118875783040e-03,7.864166118875783040e-03,3.283064737219630602e-02,3.474576846890851251e-02,1.197641285457515248e-02,1.317303147678988880e-02,-1.205919739226440912e-02,-2.603660828542223721e-02,-2.598787206105458020e-02,-3.765724534561992048e-02,-3.164268540071011465e-02,-2.455503666231290474e-02,-1.544739572039922904e-02,0.000000000000000000e+00,0.000000000000000000e+00,2.312790911130151519e-02,2.312790911130151866e-02,5.715856317980724799e-02,5.715856317980724105e-02,6.110557054440496350e-04,6.748180399251541006e-04,-3.568137165132010541e-02,-4.934382626300779645e-02,-4.068785998696186623e-03,1.754055213580932998e-02,6.456378373741189503e-03,-4.291129791561494600e-03,5.396731792441669673e-03,4.491158481549877707e-02,3.677799071505339495e-02,-2.753873518113185885e-17
0.000000000000000000e+00,5.313880916254551390e-03,6.489066118887837874e-03,3.291486842651375477e-03,3.318151954102441237e-03,-4.466129724214479291e-03,-1.241092180799911737e-02,-4.986526192585181982e-03,6.373279379817665957e-03,2.883808884272587303e-03,-1.834149788671831857e-02,-1.660844296828831862e-02,1.446223103391202844e-02,1.446223103391207701e-02,5.768833760580426018e-02,5.768833760580405201e-02,-1.902270135169378817e-02,-1.980232025955011577e-02,-1.772184414255417728e-02,-2.173396570511747228e-02,-4.983980937228217611e-03,-3.212439379564474562e-04,8.762937441765573932e-03,2.130710369698095297e-02,7.275586449307994141e-03,-2.175753981714918101e-02,-1.731663866373588795e-02,-1.267596400442363297e-02,-1.197728882307740744e-02,-1.098921242621595656e-02,-1.098921242621594269e-02,2.524676828480188623e-02,2.524676828480188623e-02,3.542251971825155499e-02,3.845008550613653736e-02,1.458924647195240787e-02,1.562056858379326681e-02,-1.407041479483026047e-02,-3.242847101702295287e-02,-2.647618607812775304e-02,-3.221835947851945520e-02,-2.844646651430658008e-02,-4.269803394055762813e-02,-3.396560738880767538e-02,2.078366177917484459e-02,2.045636001887302102e-02,-5.472612686459252251e-03,-5.472612686459241843e-03,-2.210920943307138897e-02,-2.210920943307138550e-02,0.000000000000000000e+00,0.000000000000000000e+00,0.000000000000000000e+00,0.000000000000000000e+00,0.000000000000000000e+00,0.000000000000000000e+00,6.045681772507354758e-03,4.305129004838526702e-02,4.810046154261601176e-02,7.045231824378389573e-02,5.935746497704571384e-02,-4.945150317015067909e-02,-4.945150317015065133e-02,6.546463340544912690e-02,6.546463340544912690e-02,1.053747214591141401e-02,1.053747214591141228e-02,-5.828521834840003080e-02,-6.917965168455028624e-02,-2.894899990106616916e-02,-2.729678516362302881e-02,8.911687151980519916e-03,3.779583656290614463e-02,2.323719372732210506e-02,1.201574711100372728e-02,4.608176545429665261e-03,-3.227753810731957135e-02,-2.846523045684856701e-02,-3.133882395954568079e-02,-3.133882395954568079e-02,3.188556947065940284e-02,3.188556947065938896e-02,6.425162458234323637e-02,6.527965057566142981e-02,-3.169989941931948552e-02,-4.074947575887259699e-02,-3.021541548072025074e-02,-3.567874521619809197e-02,-6.848189375357034703e-03,1.505106642334224504e-02,1.383885020902921904e-02,2.087600789361844511e-02,1.404976589032114372e-02,-1.780244739293156131e-02,-1.640067988167694113e-02,-1.498770125149555960e-02,-1.498770125149556133e-02,6.762325469215423046e-03,6.762325469215422179e-03,9.790210934832871414e-03,1.036130657269836858e-02,1.529104022269162089e-03,1.254299637312120130e-03,-4.848965909943117603e-03,-8.830373779488254193e-03,-2.403071069158613238e-02,-5.066451857879629428e-02,-3.856124767074187165e-02,-1.252995949697451560e-02,-4.287636330079739634e-03,0.000000000000000000e+00,0.000000000000000000e+00,3.173011689004807262e-02,3.173011689004807262e-02,4.716253202285231733e-02,4.716253202285231733e-02,7.809638648542324701e-03,8.624557464042476029e-03,-4.388712781273631375e-02,-6.170826001941287497e-02,-7.449997962111438998e-03,1.758897622451120399e-02,6.509821805879716095e-03,-4.204635905977028611e-03,2.733208488524034585e-03,2.989969506202710958e-02,2.448478965709260241e-02,0.000000000000000000e+00
0.000000000000000000e+00,6.935372775961755332e-03,8.469157139876434814e-03,3.707257300175882675e-03,3.407790900063878414e-03,-4.378687376161899403e-03,-1.229054617543963446e-02,-4.732036664808342286e-03,7.059400847847764615e-03,3.439760034461461502e-03,-1.771794613544998634e-02,-1.604380949273036955e-02,1.317664768231703934e-02,1.317664768231707750e-02,5.599058728302933746e-02,5.599058728302910848e-02,-1.910774739172962922e-02,-1.989085179303003159e-02,-1.688784702942444649e-02,-2.065961933102781339e-02,-4.057264456772083361e-03,8.315362534043330145e-04,9.234355975303379371e-03,2.132745018754507449e-02,7.076441995327836798e-03,-2.265077268238993580e-02,-1.805680008860549579e-02,-1.372695158015026923e-02,-1.297034794974823851e-02,-1.122083225892978042e-02,-1.122083225892978042e-02,2.495419225771013799e-02,2.495419225771014493e-02,3.454424147314750365e-02,3.749674074435693089e-02,1.526343502725116541e-02,1.663286001082239784e-02,-1.300356937850451200e-02,-3.099067171024254275e-02,-2.533253973879921739e-02,-3.086989439695651122e-02,-2.761340694143084654e-02,-4.272724096808776240e-02,-3.401205010523353223e-02,1.932410769016980334e-02,1.901979103363182766e-02,-5.242814829860397569e-03,-5.242814829860376752e-03,-2.198349741103883606e-02,-2.198349741103883606e-02,0.000000000000000000e+00,0.000000000000000000e+00,0.000000000000000000e+00,0.000000000000000000e+00,0.000000000000000000e+00,0.000000000000000000e+00,6.743195481586562734e-03,4.180440505927095901e-02,4.580661629747284636e-02,6.823333267065385954e-02,5.748792595086532620e-02,-4.388165255022488664e-02,-4.388165255022485889e-02,6.620140753492369246e-02,6.620140753492366470e-02,9.070394905427714427e-03,9.070394905427742183e-03,-6.058299256343650796e-02,-7.190691640707028154e-02,-2.916601154379527827e-02,-2.697553735619680898e-02,9.371332556869130248e-03,3.852634985309507515e-02,2.366469436466651921e-02,1.217571300022139702e-02,4.887951506873489116e-03,-3.085790770978676795e-02,-2.721327294091415577e-02,-3.024103088687842000e-02,-3.024103088687843388e-02,2.943800101723013235e-02,2.943800101723013235e-02,6.051612129251580929e-02,6.148437923319672455e-02,-3.234314843975416576e-02,-4.147596676779677360e-02,-2.857925193190306162e-02,-3.281855476147799155e-02,-5.586668681106826684e-03,1.546042332232812344e-02,1.371953803115361775e-02,1.953609921427901241e-02,1.309358394750092906e-02,-1.735081648095741780e-02,-1.598461045883460552e-02,-1.155722712900367904e-02,-1.155722712900367211e-02,7.491998824020351666e-03,7.491998824020344727e-03,8.516349520073566992e-03,9.013136575411404006e-03,1.052572508843122034e-03,7.276778618059837056e-04,-4.506762877973136128e-03,-8.029584072388615268e-03,-2.319008554852103332e-02,-4.940339036912989867e-02,-3.754135530169773471e-02,-1.466473458095211325e-02,-6.687612885978242057e-03,0.000000000000000000e+00,0.000000000000000000e+00,3.311917442093827157e-02,3.311917442093826464e-02,4.334266164255219655e-02,4.334266164255220349e-02,7.153235687830092338e-03,7.899660281342854584e-03,-4.342696311522029756e-02,-6.097848085879406521e-02,-6.795048156262853932e-03,1.842428571322299660e-02,6.950941636338442420e-03,-4.039977903303695883e-03,2.838937772049403285e-03,2.990362205294806730e-02,2.448800546068141681e-02,0.000000000000000000e+00
0.000000000000000000e+00,3.473237608522684872e-02,4.241357464253692200e-02,1.083475085773870361e-02,4.944458545116645065e-03,-2.879675695260784651e-03,-1.022696390299111802e-02,-3.693590457769582724e-04,1.882148315693465968e-02,1.297035118055631792e-02,-7.028487542278694968e-03,-6.364378483165775147e-03,-8.861924059310778701e-03,-8.861924059310820334e-03,2.688629603546027064e-02,2.688629603546015961e-02,-2.056567950662962357e-02,-2.140853522411448329e-02,-2.590753661486991377e-03,-2.242252918063340761e-03,1.182930377961836227e-02,2.059348239101730510e-02,1.731581655023665955e-02,2.167624716864431644e-02,3.662537069954160517e-03,-3.796333608651694669e-02,-3.074528165779863431e-02,-3.174388144974907983e-02,-2.999421869267615906e-02,-1.519145796259509240e-02,-1.519145796259509240e-02,1.993860322185155715e-02,1.993860322185155715e-02,1.948804298565006560e-02,2.115368768527839741e-02,2.682095311808670862e-02,3.398642733132127558e-02,5.285209187078948601e-03,-6.342683594007997305e-03,-5.727173921739214801e-03,-7.753350141592355027e-03,-1.333238569213281328e-02,-4.322793286860446976e-02,-3.480821095824822298e-02,-5.696819549915826952e-03,-5.607105856216404449e-03,-1.303423002451422480e-03,-1.303423002451415541e-03,-1.754676688678004012e-02,-1.754676688678004012e-02,-2.281667289415137932e-03,-2.281667289415137932e-03,0.000000000000000000e+00,0.000000000000000000e+00,0.000000000000000000e+00,1.781566382735776111e-02,1.870057335151544334e-02,2.613569989954128703e-03,6.483554952162837171e-03,3.019357998842564852e-02,2.543868550205916415e-02,5.160150093421438794e-02,5.160150093421441569e-02,7.883182118305835651e-02,7.883182118305835651e-02,-1.607950064571991855e-02,-1.607950064571991855e-02,-9.997340767834682340e-02,-1.186600259359829879e-01,-3.288621113343712793e-02,-2.146843208603309294e-02,1.725096806924492077e-02,5.104943482776200941e-02,3.099327671914207244e-02,1.491798538681056441e-02,9.684093703053439639e-03,-6.521386609225757192e-03,-5.751144096325030118e-03,-1.142172106972610957e-02,-1.142172106972612344e-02,-1.252031532727004154e-02,-1.252031532727002766e-02,-3.521077961666056744e-03,-3.577415209052740852e-03,-4.337027450434831344e-02,-5.393009834935434677e-02,-5.307339521806557492e-04,1.621328160515089073e-02,1.603940036318154266e-02,2.247797016208600424e-02,1.167418641042876348e-02,-3.433763860110794486e-03,-3.298106500844819045e-03,-9.608572275686177999e-03,-8.851991781537553450e-03,4.725090068514095631e-02,4.725090068514095631e-02,2.000068490639005103e-02,2.000068490639002328e-02,-1.332127473294246467e-02,-1.409834909236441780e-02,-7.116539149888800875e-03,-8.300124004013365031e-03,1.359574812940925193e-03,5.698239477890457150e-03,-8.779368810262894174e-03,-2.778404963199206448e-02,-2.005748611808434723e-02,-1.556117732018845456e-02,-1.067633164023374520e-02,3.693248727779971374e-02,3.547845234560320637e-02,-1.570059959912264991e-02,-1.570059959912266379e-02,-2.214083059116221663e-02,-2.214083059116220276e-02,-4.099386495807919029e-03,-4.527148564935756098e-03,-3.069137214922782950e-02,-3.026361008010000284e-02,0.000000000000000000e+00,1.453950606590961175e-02,1.409860537962498092e-02,-1.217269286046674184e-03,4.651439775341313990e-03,2.997094189730705599e-02,2.454313352220373681e-02,0.000000000000000000e+00
0.000000000000000000e+00,3.473237608522683484e-02,4.241357464253692200e-02,1.083475085773873137e-02,4.944458545116658943e-03,-2.879675695260812407e-03,-1.022696390299115271e-02,-3.693590457769582724e-04,1.882148315693468049e-02,1.297035118055631618e-02,-7.028487542278694100e-03,-6.364378483165761269e-03,-8.861924059310778701e-03,-8.861924059310827273e-03,2.688629603546027064e-02,2.688629603546015961e-02,-2.056567950662962357e-02,-2.140853522411448329e-02,-2.590753661486991377e-03,-2.242252918063340761e-03,1.182930377961836227e-02,2.059348239101730510e-02,1.731581655023665955e-02,2.167624716864431644e-02,3.662537069954160951e-03,-3.796333608651694669e-02,-3.074528165779863431e-02,-3.174388144974907983e-02,-2.999421869267615906e-02,-1.519145796259509414e-02,-1.519145796259509240e-02,1.993860322185155715e-02,1.993860322185155715e-02,1.948804298565006560e-02,2.115368768527839741e-02,2.682095311808670862e-02,3.398642733132127558e-02,5.285209187078948601e-03,-6.342683594007996438e-03,-5.727173921739214801e-03,-7.753350141592355027e-03,-1.333238569213281155e-02,-4.322793286860446976e-02,-3.480821095824822298e-02,-5.696819549915826952e-03,-5.607105856216404449e-03,-1.303423002451422480e-03,-1.303423002451415541e-03,-1.754676688678004012e-02,-1.754676688678004012e-02,-2.281667289415137932e-03,-2.281667289415137932e-03,0.000000000000000000e+00,0.000000000000000000e+00,0.000000000000000000e+00,1.781566382735776111e-02,1.870057335151544334e-02,2.613569989954128703e-03,6.483554952162840640e-03,3.019357998842565199e-02,2.543868550205916762e-02,5.160150093421439488e-02,5.160150093421440876e-02,7.883182118305835651e-02,7.883182118305835651e-02,-1.607950064571991855e-02,-1.607950064571991855e-02,-9.997340767834682340e-02,-1.186600259359829879e-01,-3.288621113343712793e-02,-2.146843208603308947e-02,1.725096806924492077e-02,5.104943482776200248e-02,3.099327671914207244e-02,1.491798538681056441e-02,9.684093703053439639e-03,-6.521386609225757192e-03,-5.751144096325030985e-03,-1.142172106972612344e-02,-1.142172106972612171e-02,-1.252031532727002766e-02,-1.252031532727002766e-02,-3.521077961666063683e-03,-3.577415209052754730e-03,-4.337027450434830650e-02,-5.393009834935433289e-02,-5.307339521806557492e-04,1.621328160515088726e-02,1.603940036318154266e-02,2.247797016208600770e-02,1.167418641042876348e-02,-3.433763860110801425e-03,-3.298106500844819045e-03,-9.608572275686171060e-03,-8.851991781537553450e-03,4.725090068514095631e-02,4.725090068514095631e-02,2.000068490639002328e-02,2.000068490639002328e-02,-1.332127473294245079e-02,-1.409834909236441780e-02,-7.116539149888800875e-03,-8.300124004013365031e-03,1.359574812940952948e-03,5.698239477890457150e-03,-8.779368810262908052e-03,-2.778404963199206101e-02,-2.005748611808434029e-02,-1.556117732018845456e-02,-1.067633164023374694e-02,3.693248727779971374e-02,3.547845234560319944e-02,-1.570059959912264991e-02,-1.570059959912266379e-02,-2.214083059116221663e-02,-2.214083059116220276e-02,-4.099386495807919029e-03,-4.527148564935756098e-03,-3.069137214922782950e-02,-3.026361008010000284e-02,0.000000000000000000e+00,1.453950606590961175e-02,1.409860537962497745e-02,-1.217269286046674184e-03,4.651439775341315724e-03,2.997094189730705946e-02,2.454313352220373681e-02,0.000000000000000000e+00
0.000000000000000000e+00,2.364010762429208032e-02,2.886820834889532172e-02,-1.176387268297385133e-04,-8.381591485579986678e-03,-1.027753642176378740e-02,-1.585679167633301245e-02,-6.021918130870503039e-03,9.409572087040643518e-03,1.009149916146499099e-02,3.466164679152779204e-02,3.138653055925762214e-02,-2.017658586740161963e-03,-2.017658586740189719e-03,-1.973488194988605449e-02,-1.973488194988599898e-02,-2.426246495581897700e-02,-2.525682827368045530e-02,-1.493237051272543192e-03,-6.399693347798399157e-04,1.338849635229988344e-02,2.260866023836747424e-02,7.000758475468106014e-03,-4.980100863628163232e-03,-5.245417271515673274e-03,-9.921350985800478361e-03,-8.688991056021728998e-03,-2.016154549887153730e-02,-1.905027921153207640e-02,-2.313039753382115787e-02,-2.313039753382115093e-02,-4.500786574351752466e-03,-4.500786574351752466e-03,0.000000000000000000e+00,0.000000000000000000e+00,3.652474474066818438e-02,4.981251454183333732e-02,6.268330437231399432e-03,-1.255589858055791708e-02,-4.750620805836956728e-03,2.079197461874016106e-03,6.142277187960780427e-03,2.463250413531981736e-02,2.052398001688521961e-02,4.701502017089784213e-02,4.627462615245883648e-02,3.181460851106196475e-03,3.181460851106140530e-03,-4.918186333672400212e-02,-4.918186333672400212e-02,-6.498293524374872121e-02,-6.498293524374870733e-02,1.214204479960882127e-02,2.977509342899110900e-02,3.059134146316508374e-02,2.493489681652163656e-02,-1.315555220751107868e-02,-5.470999024551289475e-02,-2.957783405526306919e-02,1.848056931822476476e-02,1.848056931822469884e-02,1.128318748614561551e-01,1.128318748614561551e-01,3.604488817450407501e-02,3.604488817450407501e-02,-4.042424846223910406e-02,-4.042424846223910406e-02,-4.487009468639215071e-02,-5.325702827263421868e-02,-3.554792331750011858e-02,-4.106482971273518051e-02,-8.196130590243821956e-03,1.188326381453457675e-02,1.421730808971878590e-02,2.687638725355392944e-02,2.366629965585859835e-02,4.090810604851276289e-02,3.607643997979058381e-02,-9.341349391207509623e-03,-9.341349391207509623e-03,-7.436525699924345645e-02,-7.436525699924345645e-02,-2.857237663272792216e-02,-2.857237663272792216e-02,0.000000000000000000e+00,0.000000000000000000e+00,0.000000000000000000e+00,0.000000000000000000e+00,0.000000000000000000e+00,9.532258234876094319e-03,1.655733905783741272e-02,2.703591710654796101e-02,2.009831699558035228e-02,1.111005042320603597e-03,1.023524330326840148e-03,4.890850948203868953e-02,4.890850948203868953e-02,-3.950499512432731342e-03,-3.950499512432731342e-03,1.365231084782203563e-02,1.444869564727865874e-02,2.296293501201548959e-02,2.902218429891732787e-02,-1.274367600466119743e-03,-1.395284073279337393e-02,-2.501755555528197006e-02,-4.779860777809440131e-02,-3.135953773348320456e-02,-1.249882503632606529e-02,-9.544041705121172892e-03,5.058076409177290900e-03,4.858939542674307888e-03,-4.298051337228493696e-02,-4.298051337228493696e-02,-1.393535978922540511e-02,-1.393535978922540511e-02,0.000000000000000000e+00,0.000000000000000000e+00,0.000000000000000000e+00,0.000000000000000000e+00,0.000000000000000000e+00,0.000000000000000000e+00,0.000000000000000000e+00,5.078872093091975869e-03,9.110774292076387684e-03,2.226311214221620566e-02,1.823120994323182073e-02,0.000000000000000000e+00
0.000000000000000000e+00,2.364010762429207685e-02,2.886820834889533907e-02,-1.176387268297385269e-04,-8.381591485580000556e-03,-1.027753642176378740e-02,-1.585679167633301245e-02,-6.021918130870503039e-03,9.409572087040629640e-03,1.009149916146497884e-02,3.466164679152780592e-02,3.138653055925763602e-02,-2.017658586740161963e-03,-2.017658586740189719e-03,-1.973488194988605449e-02,-1.973488194988599898e-02,-2.426246495581897700e-02,-2.525682827368045530e-02,-1.493237051272543192e-03,-6.399693347798399157e-04,1.338849635229986956e-02,2.260866023836747424e-02,7.000758475468125096e-03,-4.980100863628163232e-03,-5.245417271515687152e-03,-9.921350985800478361e-03,-8.688991056021722059e-03,-2.016154549887153730e-02,-1.905027921153207640e-02,-2.313039753382115787e-02,-2.313039753382115093e-02,-4.500786574351752466e-03,-4.500786574351752466e-03,0.000000000000000000e+00,0.000000000000000000e+00,3.652474474066818438e-02,4.981251454183333732e-02,6.268330437231398565e-03,-1.255589858055791708e-02,-4.750620805836949789e-03,2.079197461874016106e-03,6.142277187960787366e-03,2.463250413531981736e-02,2.052398001688519186e-02,4.701502017089786989e-02,4.627462615245885036e-02,3.181460851106168719e-03,3.181460851106140963e-03,-4.918186333672400212e-02,-4.918186333672400212e-02,-6.498293524374872121e-02,-6.498293524374870733e-02,1.214204479960881954e-02,2.977509342899110900e-02,3.059134146316508721e-02,2.493489681652163656e-02,-1.315555220751108215e-02,-5.470999024551289475e-02,-2.957783405526306919e-02,1.848056931822476476e-02,1.848056931822469884e-02,1.128318748614561551e-01,1.128318748614561551e-01,3.604488817450407501e-02,3.604488817450407501e-02,-4.042424846223910406e-02,-4.042424846223910406e-02,-4.487009468639215071e-02,-5.325702827263421868e-02,-3.554792331750011858e-02,-4.106482971273518051e-02,-8.196130590243821956e-03,1.188326381453457675e-02,1.421730808971878590e-02,2.687638725355392944e-02,2.366629965585859835e-02,4.090810604851276289e-02,3.607643997979058381e-02,-9.341349391207509623e-03,-9.341349391207509623e-03,-7.436525699924345645e-02,-7.436525699924345645e-02,-2.857237663272792563e-02,-2.857237663272792216e-02,0.000000000000000000e+00,0.000000000000000000e+00,0.000000000000000000e+00,0.000000000000000000e+00,0.000000000000000000e+00,9.532258234876094319e-03,1.655733905783741272e-02,2.703591710654796101e-02,2.009831699558034535e-02,1.111005042320610536e-03,1.023524330326854026e-03,4.890850948203868259e-02,4.890850948203868259e-02,-3.950499512432731342e-03,-3.950499512432731342e-03,1.365231084782203563e-02,1.444869564727865874e-02,2.296293501201548959e-02,2.902218429891732440e-02,-1.274367600466119743e-03,-1.395284073279337740e-02,-2.501755555528197006e-02,-4.779860777809440131e-02,-3.135953773348319068e-02,-1.249882503632606529e-02,-9.544041705121186769e-03,5.058076409177290900e-03,4.858939542674307888e-03,-4.298051337228493696e-02,-4.298051337228493696e-02,-1.393535978922540511e-02,-1.393535978922540511e-02,0.000000000000000000e+00,0.000000000000000000e+00,0.000000000000000000e+00,0.000000000000000000e+00,0.000000000000000000e+00,0.000000000000000000e+00,0.000000000000000000e+00,5.078872093091975869e-03,9.110774292076389419e-03,2.226311214221620566e-02,1.823120994323181726e-02,0.000000000000000000e+00
0.000000000000000000e+00,-4.521321608550774029e-03,-5.521229271980317502e-03,3.647224740950548872e-03,7.286244634027989713e-03,-4.917199953740243601e-04,-6.855442975479120876e-03,2.413110285681759060e-03,2.227115918827548766e-02,1.950944239986412976e-02,3.572937828845151875e-02,3.235337404072398393e-02,-1.009171399144999370e-02,-1.009171399145002146e-02,-4.628317842476734056e-03,-4.628317842476706301e-03,-1.665563403556655220e-04,-1.733824198784442161e-04,2.190354607330054909e-02,2.810724508493509313e-02,-2.975617188927027080e-03,-1.532771375489382255e-02,-1.811526072363851131e-02,-2.865895680004684060e-02,-1.120748690883971443e-02,2.324706552602723991e-02,1.792716836562403826e-02,3.112146629941441988e-03,2.940610988921024682e-03,-2.799139219281444879e-02,-2.799139219281443491e-02,8.228125859089593930e-03,8.228125859089593930e-03,-3.325480817271801726e-02,-3.609709946953174736e-02,-7.192242116778269079e-03,-5.877061214207533919e-03,-9.149904537611136535e-03,-7.622794143368240467e-03,0.000000000000000000e+00,1.097247216055165925e-02,3.125693098512975776e-02,1.030450508288607847e-01,8.342438421335197918e-02,4.215080527591539422e-02,4.148701306684617063e-02,-2.277645745070516758e-02,-2.277645745070511207e-02,-6.249653031753410470e-02,-6.249653031753410470e-02,-5.898571143640653214e-02,-6.688558350378263906e-02,5.326210353800766087e-03,1.887317379201645592e-02,1.168798054459865496e-02,1.162413522829404411e-02,-9.397803057544753397e-03,-3.450706601361670789e-02,-1.952601690153704314e-02,3.716080744342588338e-02,3.716080744342575848e-02,5.928272298739105384e-02,5.928272298739103302e-02,-6.886503486467832058e-02,-6.886503486467829283e-02,7.488773379129641528e-03,7.488773379129641528e-03,5.827558013172581125e-02,6.916821193204913953e-02,-1.423096222070618921e-02,-3.798448143655527853e-02,-2.034006962552530745e-02,-1.557141214212874429e-02,-9.347644869688684355e-03,-4.195728870262628585e-03,-2.169722051331098023e-03,6.524344595622164067e-03,5.753752714249445177e-03,-1.789461513040027651e-02,-1.789461513040027651e-02,-3.511358789359293048e-02,-3.511358789359293048e-02,2.497839425632164892e-03,2.589696121912959600e-03,-2.497839425632109381e-03,-2.589696121912904957e-03,0.000000000000000000e+00,1.786140334583869371e-03,6.954811640377848818e-03,1.172180813992565115e-02,1.546702473773881731e-02,3.430496253812428953e-02,2.544768683749565677e-02,7.189749778280448171e-04,6.623627748494620437e-04,1.385330874324990080e-02,1.385330874324990080e-02,-1.907313881108903958e-02,-1.907313881108903958e-02,9.757086785390028938e-03,1.032625018120467836e-02,2.371690275832469275e-02,3.030683401070904601e-02,-6.062863520488181134e-03,-2.269173901923317305e-02,-8.293051357412199731e-03,2.930287169176107320e-03,3.640324974073308462e-03,8.557837387497130299e-03,5.854987754173257564e-03,-2.072849131644637077e-02,-1.991240898115342189e-02,-3.375364419740220501e-02,-3.375364419740220501e-02,-1.825939013812835285e-02,-1.825939013812835285e-02,0.000000000000000000e+00,0.000000000000000000e+00,3.786688784115120133e-04,6.981279662339861733e-03,5.661419849948909865e-03,-1.732336936454944090e-03,-3.849726599748511200e-03,-5.248942725884892489e-03,-1.729264810001685622e-03,1.699482142104622590e-02,1.653372410243604887e-02,0.000000000000000000e+00
0.000000000000000000e+00,-4.521321608550774029e-03,-5.521229271980317502e-03,3.647224740950548438e-03,7.286244634027995784e-03,-4.917199953740243601e-04,-6.855442975479127815e-03,2.413110285681758626e-03,2.227115918827548766e-02,1.950944239986411588e-02,3.572937828845151875e-02,3.235337404072399781e-02,-1.009171399144999544e-02,-1.009171399145002146e-02,-4.628317842476734056e-03,-4.628317842476706301e-03,-1.665563403556724609e-04,-1.733824198784442161e-04,2.190354607330058379e-02,2.810724508493509660e-02,-2.975617188927068280e-03,-1.532771375489382082e-02,-1.811526072363849049e-02,-2.865895680004684060e-02,-1.120748690883972137e-02,2.324706552602723991e-02,1.792716836562403826e-02,3.112146629941442855e-03,2.940610988921024682e-03,-2.799139219281444879e-02,-2.799139219281443491e-02,8.228125859089593930e-03,8.228125859089593930e-03,-3.325480817271801726e-02,-3.609709946953174042e-02,-7.192242116778270813e-03,-5.877061214207535654e-03,-9.149904537611134800e-03,-7.622794143368240467e-03,0.000000000000000000e+00,1.097247216055165925e-02,3.125693098512975776e-02,1.030450508288607570e-01,8.342438421335199306e-02,4.215080527591541504e-02,4.148701306684615675e-02,-2.277645745070516758e-02,-2.277645745070511207e-02,-6.249653031753410470e-02,-6.249653031753410470e-02,-5.898571143640653214e-02,-6.688558350378263906e-02,5.326210353800766087e-03,1.887317379201646286e-02,1.168798054459865496e-02,1.162413522829403717e-02,-9.397803057544749927e-03,-3.450706601361670789e-02,-1.952601690153704661e-02,3.716080744342589032e-02,3.716080744342575848e-02,5.928272298739104690e-02,5.928272298739105384e-02,-6.886503486467832058e-02,-6.886503486467832058e-02,7.488773379129641528e-03,7.488773379129641528e-03,5.827558013172579043e-02,6.916821193204913953e-02,-1.423096222070617534e-02,-3.798448143655526466e-02,-2.034006962552530051e-02,-1.557141214212876858e-02,-9.347644869688677416e-03,-4.195728870262621646e-03,-2.169722051331104962e-03,6.524344595622164067e-03,5.753752714249452116e-03,-1.789461513040027651e-02,-1.789461513040027651e-02,-3.511358789359293048e-02,-3.511358789359293048e-02,2.497839425632164892e-03,2.589696121912959600e-03,-2.497839425632109381e-03,-2.589696121912904957e-03,0.000000000000000000e+00,1.786140334583869371e-03,6.954811640377847951e-03,1.172180813992565115e-02,1.546702473773881731e-02,3.430496253812428953e-02,2.544768683749567065e-02,7.189749778280449255e-04,6.623627748494480575e-04,1.385330874324988693e-02,1.385330874324990080e-02,-1.907313881108903958e-02,-1.907313881108903958e-02,9.757086785390042816e-03,1.032625018120467836e-02,2.371690275832469275e-02,3.030683401070904948e-02,-6.062863520488182001e-03,-2.269173901923317305e-02,-8.293051357412199731e-03,2.930287169176106887e-03,3.640324974073322339e-03,8.557837387497130299e-03,5.854987754173243686e-03,-2.072849131644637077e-02,-1.991240898115341496e-02,-3.375364419740220501e-02,-3.375364419740220501e-02,-1.825939013812835285e-02,-1.825939013812835285e-02,0.000000000000000000e+00,0.000000000000000000e+00,3.786688784115121759e-04,6.981279662339860866e-03,5.661419849948908130e-03,-1.732336936454943223e-03,-3.849726599748509899e-03,-5.248942725884892489e-03,-1.729264810001684971e-03,1.699482142104622590e-02,1.653372410243604887e-02,0.000000000000000000e+00
0.000000000000000000e+00,1.382979079302103231e-02,2.237195463410994456e-02,9.516113141187713953e-03,1.527056310031513209e-03,6.970486016259005990e-04,3.151824507765694518e-04,-1.994261186329369245e-03,-7.857678850497543804e-03,-3.459224250763483655e-03,2.363208119990216349e-02,2.139912864558080052e-02,5.814130208960169299e-04,5.814130208960099910e-04,2.432799939334284040e-02,2.432799939334273631e-02,2.541443997901660090e-02,2.645601538799274843e-02,1.455058389459623625e-02,1.732973815832077047e-02,-7.405646953366692986e-03,-1.875986620408634509e-02,-1.952917519012160874e-02,-2.874437873088714346e-02,-1.060387185977396118e-02,2.601307666314511824e-02,1.875317968504147670e-02,-2.023065947497584838e-02,-1.911558375588261194e-02,-3.146640361464559527e-02,-3.146640361464558139e-02,2.464229833999406760e-02,2.464229833999406760e-02,-1.339043239468106633e-02,-1.453491379593595950e-02,-1.195566918658140521e-02,-1.460660477379217836e-02,-1.317193031000981132e-02,-1.677207312445226639e-02,3.916284276811461684e-03,2.992925412759139467e-02,3.019296307796409326e-02,5.880380939287099817e-02,4.748863601131771139e-02,1.653410768223008420e-02,1.627372803369112053e-02,-1.488491280549363027e-02,-1.488491280549361639e-02,-2.712466824638995119e-02,-2.712466824638994078e-02,-2.537616579734456451e-02,-2.877475943091757637e-02,-1.622060418487750177e-02,-1.829657685410873355e-02,-1.608676669762153233e-02,-2.042044621426985021e-02,-1.903264684397851583e-02,-9.990044640751774563e-03,-7.656436162257980243e-04,5.209622364742934331e-03,5.209622364742913514e-03,-5.209622364742860605e-03,-5.209622364742858870e-03,0.000000000000000000e+00,0.000000000000000000e+00,3.136354936905476343e-02,3.136354936905476343e-02,7.830736974357295488e-02,9.294426128442870305e-02,-1.359946374966524048e-02,-4.269068002257185579e-02,-2.765970217592310376e-02,-2.749316287494521505e-02,-1.758035602525429009e-02,-1.100411751213009603e-02,-6.187449875885979445e-03,1.290402162280551018e-02,1.137992458074179453e-02,-3.911640161406634841e-02,-3.911640161406634147e-02,-1.690747025257516994e-02,-1.690747025257516994e-02,8.325226266712542050e-04,1.052395476719497668e-03,1.611628179154549895e-02,1.979258760362900132e-02,4.531393000141215044e-03,1.021167353508944248e-03,-2.716371602348378184e-03,-7.035629044047747929e-03,-3.382631834811203331e-03,2.119255124435372173e-03,8.577837992858692445e-04,-9.027143918760577659e-03,-8.316345184999811638e-03,1.056174601108789655e-02,1.056174601108790002e-02,3.062631425178725247e-03,3.062631425178728717e-03,2.101531755861931611e-02,2.224121108287261186e-02,1.101067368932579643e-02,1.281100083468270784e-02,6.961772593190584946e-04,-3.998858285229188458e-03,4.478630416302677164e-03,1.530834415661949666e-02,8.555588897737186060e-03,-2.745513067516996975e-03,-2.675628032473065243e-03,-1.359979328798349707e-02,-1.306436835538583169e-02,1.154805263479488642e-02,1.154805263479489336e-02,-1.831864624933976504e-02,-1.831864624933977892e-02,-1.999649237603548513e-02,-2.208308288483942436e-02,1.569125853563686432e-02,2.454116118091262747e-02,-7.194065768537648590e-04,-1.377254024046913050e-02,-9.487504740375948820e-03,-8.828386262619804942e-03,-6.529120105042595518e-03,-4.960824611661043826e-03,-4.062407556005807885e-03,0.000000000000000000e+00
0.000000000000000000e+00,1.361503639440505425e-02,2.297276190254686490e-02,1.001772753437039573e-02,1.034817991741189547e-03,7.986527552156542920e-04,9.280564188326456687e-04,-2.370959602740595890e-03,-1.043279321278595823e-02,-5.422358152526618458e-03,2.259812418378678162e-02,2.046286835539758153e-02,1.493646098874347461e-03,1.493646098874347461e-03,2.680289830238733600e-02,2.680289830238723192e-02,2.760084992084343991e-02,2.873203229464853237e-02,1.392212558872402139e-02,1.640858372014857014e-02,-7.784281975968406452e-03,-1.905321256726517920e-02,-1.965002258041932681e-02,-2.875167975061711234e-02,-1.055228082993926730e-02,2.624948787144580631e-02,1.882377894311131061e-02,-2.222577110787483934e-02,-2.100072860586589540e-02,-3.176341313787903187e-02,-3.176341313787903187e-02,2.604521906485776639e-02,2.604521906485776639e-02,-1.169262249912229185e-02,-1.269199194349180000e-02,-1.236279970536800082e-02,-1.535271960794475782e-02,-1.244720882110046840e-02,-1.512895455236040569e-02,4.336605995415458714e-03,2.912438367395731378e-02,2.894794470782227278e-02,5.502250670603409805e-02,4.441720454105824167e-02,1.434464634943636956e-02,1.411874640692564915e-02,-1.421042181017639905e-02,-1.421042181017638344e-02,-2.410143217193305362e-02,-2.410143217193302934e-02,-2.250355505896307201e-02,-2.551742404007425330e-02,-1.806221226510651423e-02,-2.147347861873497021e-02,-1.846067671832422180e-02,-2.315929932901902508e-02,-1.901833067397544139e-02,-7.894572728541000839e-03,0.000000000000000000e+00,2.478751845197252855e-03,2.478751845197244182e-03,-2.478751845197217727e-03,-2.478751845197217727e-03,0.000000000000000000e+00,0.000000000000000000e+00,3.104699214031851617e-02,3.104699214031851617e-02,8.001948851381637806e-02,9.497640225471763731e-02,-1.354548952137114848e-02,-4.309291921795790903e-02,-2.828531179561523390e-02,-2.851211592903213354e-02,-1.828400655137105146e-02,-1.158603107126409543e-02,-6.530845416446239005e-03,1.344929316359042004e-02,1.186079397104029820e-02,-4.093022951865325776e-02,-4.093022951865325776e-02,-1.535139182171888113e-02,-1.535139182171888113e-02,6.901878575292896400e-04,9.210022591815889264e-04,1.877934040826668635e-02,2.309473336117679604e-02,4.276646287168780342e-03,-4.333450070757929873e-04,-3.973031286046445343e-03,-8.638828803361794928e-03,-4.993713593148893168e-03,-6.316600391279084126e-04,-1.243917315091130904e-03,-9.860145533853661645e-03,-9.083756121739099826e-03,1.028041586303984900e-02,1.028041586303984900e-02,4.954577599218790845e-03,4.954577599218794315e-03,2.197755950504922534e-02,2.325958380951094473e-02,9.924671204795926238e-03,1.131563047775732689e-02,1.273873052464999378e-03,-2.401176171211702459e-03,5.570227149098869179e-03,1.636629774528991499e-02,8.975696925400795945e-03,-3.711611397005445956e-03,-3.404740492870234059e-03,-1.299050285820029654e-02,-1.247906573779884037e-02,1.541999253498286399e-02,1.541999253498286399e-02,-1.711696948469496049e-02,-1.711696948469496049e-02,-2.148441018707417452e-02,-2.372626168485608006e-02,1.557210139143057857e-02,2.459100018402132770e-02,-1.264776356922403533e-03,-1.480161744594045425e-02,-9.969366119916771296e-03,-8.861210551409932912e-03,-6.939364147353809659e-03,-7.110486610857526951e-03,-5.822760689206053081e-03,0.000000000000000000e+00
0.000000000000000000e+00,0.000000000000000000e+00,2.625936661845241962e-03,9.301597347764556725e-03,1.046677663100925929e-02,6.424528769499938258e-03,5.766266012070071431e-03,3.926028156845774025e-03,2.878092031045168669e-03,2.089487091683724096e-03,4.836614897305024918e-05,4.379611914883188573e-05,-7.794512128500596417e-03,-7.794512128500631978e-03,4.783211563755366408e-02,4.783211563755349754e-02,2.323593529712333211e-02,2.418822772733335985e-02,1.472078087807907054e-02,1.766260639272096422e-02,5.184204184613364075e-03,2.155802005917223374e-03,-1.119559481098734988e-02,-2.890163100560663723e-02,-1.500228853786944594e-02,7.781001670181877071e-03,4.144827315897992026e-03,-3.262344184122804164e-02,-3.082529937753816784e-02,-2.707876455914269911e-02,-2.707876455914268871e-02,2.506615540720703861e-02,2.506615540720703861e-02,1.252444692372891438e-02,1.359491247276564674e-02,8.086380860617914390e-03,9.478949410327744407e-03,1.895374390074033855e-04,-4.066677123758744017e-03,-9.984245305168011619e-03,-2.167219239220520566e-02,-1.346251625987372746e-02,9.454535920992018783e-05,5.103142892195558500e-04,2.758314404574222986e-02,2.714876382454963627e-02,-8.232166924955708343e-03,-8.232166924955680587e-03,-5.755369334068810572e-04,-5.755369334068810572e-04,8.565206087499291354e-03,9.712331902789417271e-03,-1.494889281171117579e-02,-2.296847601830528246e-02,-3.092056273476311706e-02,-4.627438452453533357e-02,-2.897372524612285352e-02,-6.747446065046614622e-03,0.000000000000000000e+00,0.000000000000000000e+00,0.000000000000000000e+00,0.000000000000000000e+00,0.000000000000000000e+00,0.000000000000000000e+00,0.000000000000000000e+00,5.315277992033769910e-02,5.315277992033769910e-02,3.449079595935234527e-02,4.093767370876444378e-02,-7.549800813952762570e-03,-2.116164497080094686e-02,-1.831523378701052640e-02,-2.321449110173601227e-02,-1.503801184132448621e-02,-9.938712924569971519e-03,-4.117397065433174574e-03,2.410906819844926829e-02,2.126154045847483687e-02,-4.977507238038791915e-02,-4.977507238038791915e-02,-1.410960045005635495e-02,-1.410960045005635495e-02,1.798310275306655784e-02,1.827942205289275618e-02,6.241592299920453724e-03,7.402447755019320869e-03,7.442339100179565237e-03,9.621719896801529670e-03,-3.951877491318079444e-03,-1.720948207935484031e-02,-1.492788450507639975e-02,-1.809410762535865191e-02,-1.278727215677194669e-02,0.000000000000000000e+00,0.000000000000000000e+00,0.000000000000000000e+00,0.000000000000000000e+00,0.000000000000000000e+00,0.000000000000000000e+00,7.398616003539235098e-03,9.000266323655709694e-03,8.860961607587841682e-03,9.504459108338841195e-03,1.546413170834892020e-02,2.268663450959617148e-02,1.722542062130803103e-02,1.931836842936401205e-02,7.567863542172884039e-03,-1.810990467056179665e-02,-1.453930829895915683e-02,-1.072231831644484407e-02,-1.030017980004946376e-02,3.821908322126375823e-02,3.821908322126375823e-02,-3.146440363827052167e-03,-3.146440363827052600e-03,-2.397733023164004551e-02,-2.647931251668102920e-02,1.570071018457246115e-02,2.512762982218354896e-02,-2.553343326635523769e-04,-1.321586237716947110e-02,-8.360880642602382118e-03,-6.419822255101147179e-03,-8.981555903494024828e-03,-2.698486943828240850e-02,-2.209784583922296680e-02,-6.884683795282965482e-18
0.000000000000000000e+00,0.000000000000000000e+00,0.000000000000000000e+00,4.270443122516094994e-03,9.260898422138532510e-03,8.399570348982698942e-03,7.464786401185315168e-03,6.136672795849470660e-03,7.551062382602852056e-03,4.726624251885191974e-03,-7.868038267504012806e-03,-7.124601580810747958e-03,-1.105524852747261436e-02,-1.105524852747265599e-02,5.521471321266517573e-02,5.521471321266498145e-02,2.170357165262588525e-02,2.259306229412697681e-02,1.500115986263989010e-02,1.810284839479425756e-02,9.736970602689867804e-03,9.601519887991807889e-03,-8.227551019591050618e-03,-2.895427346746468067e-02,-1.656452528639812405e-02,1.297384173993554324e-03,-1.008421659613012444e-03,-3.627368794974562827e-02,-3.427435081865710942e-02,-2.543415388788421508e-02,-2.543415388788420814e-02,2.472244156994669526e-02,2.472244156994669526e-02,2.102618406153825698e-02,2.282329381038782079e-02,1.526534850612353000e-02,1.819645023589136490e-02,4.625841977130354388e-03,-1.831116435049850999e-04,-1.501177820856428036e-02,-3.950503292607056294e-02,-2.835129511023493087e-02,-1.918867511361111930e-02,-1.490380675663851087e-02,3.223070174763678630e-02,3.172313164137501029e-02,-6.133417869505913833e-03,-6.133417869505899955e-03,7.683553948203288540e-03,7.683553948203289408e-03,1.947232436232103348e-02,2.208022494656058238e-02,-1.385591896105109466e-02,-2.349331553092041946e-02,-3.529477803840652683e-02,-5.438925485913138902e-02,-3.246870419166391492e-02,-6.344731385309229123e-03,0.000000000000000000e+00,0.000000000000000000e+00,0.000000000000000000e+00,0.000000000000000000e+00,0.000000000000000000e+00,9.894651142137561237e-03,9.894651142137562971e-03,5.101867129671742995e-02,5.101867129671742995e-02,1.850731878597688257e-02,2.196663070858961148e-02,-5.444931374114475586e-03,-1.346236784147999965e-02,-1.481510001803231641e-02,-2.135468664108952641e-02,-1.389846050694643585e-02,-9.360399107113531736e-03,-3.270122644332837392e-03,2.785132964685711060e-02,2.456180252321243929e-02,-5.288017678929472776e-02,-5.288017678929472776e-02,-9.576863996390586053e-03,-9.576863996390586053e-03,1.995723126554532420e-02,2.027654696579427041e-02,1.840042432096816727e-03,1.893453872006657657e-03,8.553699343045052111e-03,1.315168949071587184e-02,-3.944451159126217271e-03,-2.021832844220343428e-02,-1.841541259117856350e-02,-1.920015030524637595e-02,-1.208789770931536882e-02,0.000000000000000000e+00,0.000000000000000000e+00,0.000000000000000000e+00,0.000000000000000000e+00,0.000000000000000000e+00,0.000000000000000000e+00,0.000000000000000000e+00,0.000000000000000000e+00,3.856702160794924731e-03,5.951652322446060288e-03,2.044581825775492606e-02,3.149405740817756011e-02,2.131713747857287913e-02,2.035473366951766339e-02,7.073624162954580963e-03,-2.316462464957618622e-02,-1.844825231599031556e-02,-9.926040764551988249e-03,-9.535251758073640116e-03,4.622301931325590446e-02,4.622301931325591140e-02,1.758107093498856299e-03,1.758107093498842421e-03,-2.485250428983867138e-02,-2.744580908530040025e-02,1.574586008003715093e-02,2.531602107813409053e-02,9.904425032095098835e-05,-1.265916112962220397e-02,-7.796199570779274723e-03,-5.562739129801285744e-03,-9.698495562564517225e-03,-3.396204638833572043e-02,-2.781143956210117493e-02,0.000000000000000000e+00
0.000000000000000000e+00,-1.366040052045025197e-02,-1.668145063554993951e-02,1.590649459652069414e-03,7.230689456709448251e-03,5.902746849681885996e-03,7.190295429326953522e-03,4.962694443827152246e-03,3.832337421214034468e-03,8.121218861149165358e-04,-2.078629693459244088e-02,-1.882223738171764915e-02,-5.706333125015880525e-03,-5.706333125015902209e-03,3.491347957624202358e-02,3.491347957624189868e-02,2.769535255900382534e-02,2.883040799174994839e-02,1.760798632984048040e-02,2.113194165586858297e-02,2.009771588196328229e-02,2.579888882427656960e-02,-5.763737297392809711e-03,-3.863656541145225887e-02,-2.588463651654199227e-02,-1.427476657177978274e-02,-1.272769265154193204e-02,-3.310922989759562673e-02,-3.128431171426343527e-02,-5.148333972664842495e-03,-5.148333972664835556e-03,1.616952149718513601e-02,1.616952149718513601e-02,1.092753882421904944e-02,1.186151650150279319e-02,1.962391701134667127e-02,2.525130101517000097e-02,8.996109810271019080e-03,4.355112850758027787e-03,-8.726090667001917822e-03,-2.816874654899367836e-02,-1.954297522630935730e-02,-1.026507505483177651e-02,-7.841026231926950807e-03,2.561366206906795506e-02,2.521029731207492103e-02,-3.555551469628769057e-02,-3.555551469628757955e-02,4.194639958683441666e-03,4.194639958683441666e-03,3.986986162898988051e-02,4.520957524001547462e-02,4.139111493904432115e-03,-1.713218751397599382e-03,-2.687317892289311019e-02,-5.072411228264141203e-02,-3.460194871907777692e-02,-2.573448399287582566e-02,-1.549608526782295451e-02,1.715535131338706554e-02,1.715535131338700309e-02,8.843349078976360522e-04,8.843349078976499300e-04,1.908162135852903285e-02,1.908162135852902591e-02,2.531941315206648335e-02,2.531941315206648335e-02,2.848407893762165688e-03,3.380820584185039845e-03,-1.298326744543591010e-02,-2.043442115778611873e-02,-1.280992406624542612e-02,-1.226524994472743407e-02,-4.231246768094922006e-03,7.161530442209421143e-03,7.618320127436038758e-03,2.201002978851516328e-02,1.941041997097391059e-02,-5.044766681463026814e-02,-5.044766681463026814e-02,5.212034221059851785e-03,5.212034221059850050e-03,2.607141634384984100e-02,2.648855900535172087e-02,2.716124497391114723e-04,-1.811993813124884722e-04,4.770816831799758184e-03,7.726882559131392249e-03,-6.343090745839226330e-03,-2.100826584928373528e-02,-2.766013441807829015e-02,-3.008377418459242530e-02,-1.416841831217660781e-02,0.000000000000000000e+00,0.000000000000000000e+00,0.000000000000000000e+00,0.000000000000000000e+00,0.000000000000000000e+00,0.000000000000000000e+00,0.000000000000000000e+00,0.000000000000000000e+00,0.000000000000000000e+00,0.000000000000000000e+00,1.464221591601735234e-02,3.525425031898349326e-02,2.923068009619981394e-02,2.146211770668024488e-02,9.016218901043197842e-03,-1.735932661697271728e-02,-1.382535509411897401e-02,-7.449352374567203006e-03,-7.156070785017377978e-03,3.568972541335505705e-02,3.568972541335505705e-02,-3.062912091959274496e-03,-3.062912091959288374e-03,-1.979468530586795533e-02,-2.186021768561092343e-02,2.598075872188790325e-02,3.871607575985970551e-02,3.367376807570460207e-03,-1.344066372512510432e-02,-6.371917494622042488e-03,-6.451092556462173500e-04,-1.399529944338524096e-02,-6.730458744899664447e-02,-5.372073564110241978e-02,0.000000000000000000e+00
0.000000000000000000e+00,-2.543547581409588351e-02,-3.106062911913654717e-02,-4.307075020713556357e-03,2.066616569253453689e-03,3.933421272768578003e-03,6.973795507861191983e-03,4.036739687302497159e-03,8.992585784285030137e-04,-2.275372937591207262e-03,-2.824036864842768488e-02,-2.531356429969141425e-02,0.000000000000000000e+00,0.000000000000000000e+00,1.467879131352520065e-02,1.467879131352514688e-02,3.242126425980897814e-02,3.375000459832579180e-02,1.966407481101273280e-02,2.352108563643424272e-02,2.826957131350280039e-02,3.857427840782512440e-02,-3.820447601011134342e-03,-4.627330271938613626e-02,-3.323571016285260804e-02,-2.655702631492491694e-02,-2.197106132123231859e-02,-3.061331932125197289e-02,-2.892597101220646325e-02,1.085174934074757333e-02,1.085174934074757853e-02,9.423556369373239927e-03,9.423556369373239927e-03,2.962410186333475082e-03,3.215607638156866427e-03,2.306166118448041077e-02,3.081569036220661167e-02,1.244308162232564408e-02,7.934557522289401033e-03,-3.768365282107687120e-03,-1.922745025158096449e-02,-1.259556799391737397e-02,-3.226742614104397000e-03,-2.270382437788272256e-03,2.039458851977424270e-02,2.007341389741574417e-02,-5.876167557374931821e-02,-5.876167557374911699e-02,1.442820473991741079e-03,1.442820473991740862e-03,5.595806003650326266e-02,6.345244307710659615e-02,1.833237495133410722e-02,1.546544913104289098e-02,-2.023079088812197723e-02,-4.783329560259300811e-02,-3.052243407581919921e-02,-2.229111850862450575e-02,-1.073182958474570153e-02,2.547557987308808267e-02,2.146367753086928648e-02,1.184588497844980826e-03,1.184588497844994703e-03,1.319899364696919958e-02,1.319899364696919264e-02,5.049575742201016515e-03,5.049575742201016515e-03,-9.502282387421220888e-03,-1.127840993647202805e-02,-1.892899730450633283e-02,-2.593350546360503536e-02,-1.122837683666703251e-02,-5.096116775765793111e-03,3.393597870999204985e-03,2.019291149519648887e-02,1.620638766573258976e-02,1.740280736503422437e-02,1.534735767625057534e-02,-4.852906739799352914e-02,-4.852906739799353608e-02,1.687651732214748290e-02,1.687651732214748290e-02,3.089387218025900841e-02,3.138817413514349841e-02,-9.654590856416137012e-04,-1.817545609282510133e-03,1.787134851099249355e-03,3.448161599008445644e-03,-8.234975490288898303e-03,-2.163131507176959539e-02,-3.495174599985834824e-02,-3.866804090633014362e-02,-1.580939230879953999e-02,0.000000000000000000e+00,0.000000000000000000e+00,0.000000000000000000e+00,0.000000000000000000e+00,0.000000000000000000e+00,0.000000000000000000e+00,0.000000000000000000e+00,0.000000000000000000e+00,0.000000000000000000e+00,0.000000000000000000e+00,7.022820815428391407e-03,3.352577529008424900e-02,3.547234751291961780e-02,2.233554736979439376e-02,1.054840630009902525e-02,-1.278049999970803235e-02,-1.017912629940356806e-02,-5.495908010635534857e-03,-5.279533679508209565e-03,2.738177529512341585e-02,2.738177529512341585e-02,-6.865406097391058005e-03,-6.865406097391058005e-03,-1.580541962836989195e-02,-1.745468080698259900e-02,3.405335483377015804e-02,4.928513297361505896e-02,5.945216571034833697e-03,-1.405706013847947411e-02,-5.248540082441674470e-03,3.233584729602820285e-03,-1.738432785642693434e-02,-7.910826060502297585e-02,-5.966156768483379252e-02,0.000000000000000000e+00
-1.376936759056593096e-17,-2.232788234334833616e-02,-2.726577940005057293e-02,-9.638985003613650265e-03,-7.370841595774797056e-03,-2.834184460005086115e-03,-3.600467761207572226e-04,-5.161335284911174048e-04,-1.163020873315396414e-03,-1.934224084183071984e-03,-1.155404486218670687e-02,-1.046232408780690612e-02,-7.542125963102346356e-03,-7.542125963102373244e-03,5.056743367541812785e-03,5.056743367541794570e-03,3.150727184396601155e-02,3.279855347691548739e-02,2.059389330663138895e-02,2.476193618745057418e-02,2.126407568303406714e-02,2.641057103285159025e-02,-9.970115381888133843e-03,-4.930459955047534343e-02,-3.497956499756405685e-02,-2.646214626518340884e-02,-2.048407919151720019e-02,-4.949981371410031201e-03,-4.677147752513389697e-03,1.866149443691499099e-02,1.866149443691499099e-02,-5.386192358006729880e-03,-5.386192358006736819e-03,-4.153112937414413924e-03,-4.508079855142167053e-03,1.371121696962432704e-02,1.900431227333723022e-02,1.257964767242620088e-02,1.366863308983110037e-02,6.648227318352849767e-03,1.643362841672268981e-03,2.270228654196557172e-03,6.339734983634409682e-03,5.311397829343297849e-03,1.394727799794234085e-02,1.372763582474648830e-02,-6.292123918898560875e-02,-6.292123918898537283e-02,-2.365076832044686432e-03,-2.365076832044685565e-03,5.400361429610055913e-02,6.123624121075709609e-02,1.500109041854087721e-02,1.108533556172268397e-02,-2.045404105945607121e-02,-4.574099948327877557e-02,-2.140247281658816392e-02,1.676440017984559550e-03,3.679810784930230561e-03,1.632575040877126682e-02,1.375476609242921172e-02,-5.680399734017835267e-03,-5.680399734017821389e-03,3.913990618726256865e-04,3.913990618726395643e-04,1.920085620443030827e-02,1.920085620443029439e-02,-1.193659936894379131e-02,-1.416773943790540502e-02,-2.070263773721765094e-02,-2.792714528414867725e-02,-5.698328631844724879e-03,7.822614934001444198e-03,1.143168136409474650e-02,2.461923546305199578e-02,1.685413829649765743e-02,-3.375759503765111968e-03,-2.977047751351880045e-03,-5.186113368632132292e-02,-5.186113368632133680e-02,1.089411475600677269e-02,1.089411475600677269e-02,3.203969284050657562e-02,3.255232792595504077e-02,4.097721692330198728e-03,4.463784304646854773e-03,9.044896564499319003e-03,1.312793995031950184e-02,-5.522672332180136867e-03,-2.377715185361099076e-02,-3.639934259461343607e-02,-3.726101508331710471e-02,-1.415441092654905891e-02,0.000000000000000000e+00,0.000000000000000000e+00,0.000000000000000000e+00,0.000000000000000000e+00,0.000000000000000000e+00,0.000000000000000000e+00,0.000000000000000000e+00,0.000000000000000000e+00,0.000000000000000000e+00,0.000000000000000000e+00,1.882784407715011252e-02,4.421456818563034713e-02,3.073359323004868845e-02,1.331475251841577473e-02,3.730465130039383858e-03,-1.921971856730752409e-02,-1.552590570540535349e-02,-1.380757728461401782e-02,-1.326397187970808703e-02,2.032586802037654808e-02,2.032586802037654808e-02,-9.036973895101427234e-03,-9.036973895101427234e-03,-7.232614588741234640e-03,-7.987322198001269719e-03,3.894904081393516654e-02,5.480843532332334983e-02,2.650396130963378338e-03,-2.292311489397039215e-02,-1.225489547346783614e-02,-4.931110027828242148e-03,-1.666035950921172099e-02,-5.475780718092295579e-02,-4.124248635087734982e-02,0.000000000000000000e+00
0.000000000000000000e+00,-1.721330142274300062e-02,-2.102008923738823282e-02,-1.841442018380340037e-02,-2.290332482571716399e-02,-1.397253556186178573e-02,-1.243032886850776141e-02,-8.009404029484780418e-03,-4.557189137643907241e-03,-1.372749929615525548e-03,2.041017996684002175e-02,1.848165902509144379e-02,-2.445652520821340811e-02,-2.445652520821349485e-02,0.000000000000000000e+00,0.000000000000000000e+00,1.922344878266861803e-02,2.045307962937186266e-02,2.212421958067035260e-02,2.680416938599827770e-02,9.734197457887609761e-03,6.391135978207562740e-03,-2.009144360458162137e-02,-5.364838499357790780e-02,-3.099042221664528168e-02,0.000000000000000000e+00,0.000000000000000000e+00,1.033638222965597118e-02,1.033638222965593476e-02,3.151503324102388620e-02,3.151503324102388620e-02,-2.976057047181968410e-02,-2.976057047181968757e-02,-1.209084499886047340e-02,-1.209084499886051330e-02,0.000000000000000000e+00,0.000000000000000000e+00,7.353123749501386773e-03,1.754158110781354682e-02,2.379220263994421408e-02,3.599324272431830840e-02,2.673685230421748299e-02,2.208456269657962240e-02,1.778974451899732051e-02,3.336079430760640740e-03,3.283542746811668467e-03,-6.976718763906200604e-02,-6.976718763906177012e-02,-8.632241148229653077e-03,-8.632241148229653077e-03,5.078692234835441299e-02,5.758874230572352815e-02,9.518351291652037138e-03,3.876398645549845867e-03,-2.082147363311006444e-02,-4.229742878690740532e-02,-6.392536577437045973e-03,4.112304675969543494e-02,2.739896889335528829e-02,1.266656082083109092e-03,1.067182683329843951e-03,-1.697902619895877430e-02,-1.697902619895876042e-02,-2.068776702609883070e-02,-2.068776702609883070e-02,4.249150529851608571e-02,4.249150529851608571e-02,-1.594307940103310839e-02,-1.892309424234790011e-02,-2.362175428272168115e-02,-3.120834415546007434e-02,3.403209038592026198e-03,2.908469420632672081e-02,2.466102711314784729e-02,3.190422699348090946e-02,1.792022787629851677e-02,-3.757381747533076327e-02,-3.313596501761435081e-02,-4.022182957845332058e-02,-4.022182957845332058e-02,0.000000000000000000e+00,0.000000000000000000e+00,1.785027000232333738e-02,1.839307836515832739e-02,1.243087338940879888e-02,1.480180645465565929e-02,2.098996271780362646e-02,2.905924182018562729e-02,-1.058673384459474232e-03,-2.730884155705828875e-02,-3.878184532348116775e-02,-3.494528508294148655e-02,-1.143058740159512941e-02,0.000000000000000000e+00,0.000000000000000000e+00,0.000000000000000000e+00,0.000000000000000000e+00,0.000000000000000000e+00,0.000000000000000000e+00,0.000000000000000000e+00,0.000000000000000000e+00,0.000000000000000000e+00,5.376378308347697435e-03,3.825694486206716871e-02,5.643016151786898332e-02,2.293439347282360402e-02,-1.531972341144924310e-03,-7.490729712350478742e-03,-2.981759912648172112e-02,-2.432581347778332501e-02,-2.748719963137032790e-02,-2.640502641753709329e-02,8.713020630688976878e-03,8.713020630688976878e-03,-1.168278935790871206e-02,-1.168278935790871206e-02,5.948570501389980128e-03,6.666148975022857803e-03,4.700652398962341244e-02,6.389887044055166110e-02,-2.772329176654278471e-03,-3.751516334571597389e-02,-2.378618872119841327e-02,-1.836883681610022162e-02,-1.546882827108664316e-02,-1.468101925375823666e-02,-1.092774832207395880e-02,0.000000000000000000e+00
0.000000000000000000e+00,-1.817840085855772919e-02,-2.219862412535432428e-02,-1.337542025391936194e-02,-1.466802490573576936e-02,-1.037768369814317214e-02,-1.109028765517815381e-02,-6.269191090724957408e-03,-8.844977232794551392e-04,2.199246323307171153e-03,3.005650613347821132e-02,2.721652130196858949e-02,-3.124507280609772550e-02,-3.124507280609783652e-02,-7.023986551910469008e-03,-7.023986551910445589e-03,1.668769938911453254e-02,1.783697693193275063e-02,2.151193420604486858e-02,2.612179188110900011e-02,9.765303880114560575e-03,6.694518685572289907e-03,-2.009434220300876026e-02,-5.065328749861425922e-02,-2.787059527226551717e-02,0.000000000000000000e+00,0.000000000000000000e+00,1.036398150180051735e-02,1.036398150180048092e-02,2.720572196443823282e-02,2.720572196443823629e-02,-2.873108769289792544e-02,-2.873108769289792891e-02,-8.789384878074627677e-03,-8.838615773341109219e-03,-4.923089526644933432e-05,0.000000000000000000e+00,1.033440228741066939e-02,1.882341714768805130e-02,2.077674629733741729e-02,3.251128942722147919e-02,2.387896260401558071e-02,1.856945543837987961e-02,1.495944527821379405e-02,2.882547809193614086e-03,2.837153355505522834e-03,-5.972487600524242768e-02,-5.972487600524221951e-02,-7.088011013736214387e-03,-7.088011013736213520e-03,4.745614017120207417e-02,5.381187322984538890e-02,3.320155313448626411e-03,-4.331667119547459588e-03,-2.464375048552294722e-02,-4.492656001694887713e-02,-6.599934660082577148e-03,4.424019672566169986e-02,2.954680927128941828e-02,1.813412624906286796e-03,1.527835833582430469e-03,-1.488470126827867723e-02,-1.488470126827867550e-02,-2.057610236061639328e-02,-2.057610236061637940e-02,4.236696813493923131e-02,4.236696813493923131e-02,-1.296947544027246546e-02,-1.539367645714598276e-02,-2.148766388161472626e-02,-2.882214028359647920e-02,6.739312422389887730e-03,3.434827393177250499e-02,2.547330580038440623e-02,2.547694097768127969e-02,1.350057757661812796e-02,-3.685829298554604838e-02,-3.250495129433965402e-02,-4.223834793663176768e-02,-4.223834793663176768e-02,0.000000000000000000e+00,0.000000000000000000e+00,9.568874955336283822e-03,9.920218086907954536e-03,1.324119732682209165e-02,1.604913218428241639e-02,2.211768257405677396e-02,3.047743521896387892e-02,3.050305462589282535e-03,-1.920585887073977122e-02,-3.256006029034476390e-02,-3.724092661941454802e-02,-1.541800002845961255e-02,0.000000000000000000e+00,0.000000000000000000e+00,0.000000000000000000e+00,0.000000000000000000e+00,0.000000000000000000e+00,0.000000000000000000e+00,0.000000000000000000e+00,0.000000000000000000e+00,1.167510055456952300e-02,1.865831246309828523e-02,3.412528095786626636e-02,4.658165904413235497e-02,1.750703872065226263e-02,-4.812431604237728255e-03,-9.540562995260737367e-03,-3.021095351700120099e-02,-2.482546256235066209e-02,-3.021658638599174565e-02,-2.894139467547644437e-02,1.538341860442382419e-03,1.538341860442382419e-03,-1.538341860442382419e-03,-1.538341860442382419e-03,0.000000000000000000e+00,0.000000000000000000e+00,4.382792489010896991e-02,6.088483201666217842e-02,-1.045817806067016187e-03,-3.331950820931610380e-02,-2.021481299918695407e-02,-1.379890814687727806e-02,-1.124823904205562303e-02,-1.351368688886919918e-02,-1.106632627119976189e-02,1.075731843012963357e-18
0.000000000000000000e+00,-2.211600655668206558e-02,-2.480856575373968295e-02,7.183699460008784524e-03,1.673351805327381869e-02,4.289311905829602811e-03,-5.622919504793060311e-03,8.308776994155419151e-04,1.410008324732837937e-02,1.677299103523263030e-02,6.941351689336434927e-02,6.285475939162944725e-02,-5.800580373206092738e-02,-5.800580373206113555e-02,-3.661839495711333159e-02,-3.661839495711319975e-02,6.341841863413256661e-03,7.163277926380566887e-03,1.901380987757274668e-02,2.333769166116057142e-02,9.892218082800462164e-03,7.932320131620557851e-03,-2.010616848459143707e-02,-3.843328971916189218e-02,-1.514170133919533374e-02,0.000000000000000000e+00,0.000000000000000000e+00,1.047658653215027130e-02,1.047658653215023314e-02,9.623731955967733745e-03,9.623731955967737214e-03,-2.010031848811807270e-02,-2.010031848811807270e-02,1.564488391322169797e-02,1.736072693715348322e-02,4.058742636482336186e-03,3.165406923339629964e-03,2.794392172377417605e-03,3.527174329883472209e-03,8.473684419500963905e-03,1.830491997506561441e-02,1.221877262719120102e-02,4.227817824924082202e-03,3.411824375816239607e-03,1.032138793200035320e-03,1.015884638976408127e-03,-1.875224453925619650e-02,-1.875224453925613405e-02,-7.875520650026043845e-04,-7.875520650026043845e-04,3.386654888841966748e-02,3.840224740026172701e-02,-2.196848427762273376e-02,-3.782057544114648950e-02,-3.997645279010485914e-02,-2.866006013842313169e-02,0.000000000000000000e+00,2.996481328970936400e-02,3.060169192272128164e-02,4.044179319624870150e-03,3.407300686613039253e-03,-6.339855551103405241e-03,-6.339855551103393966e-03,-2.012051052544795715e-02,-2.012051052544795715e-02,4.185885650754558873e-02,4.185885650754560261e-02,-8.371712803683581394e-04,-9.936518935213384252e-04,-1.278057504509780284e-02,-1.908642848639246006e-02,2.035061422828596950e-02,5.582367921159255009e-02,2.878740284430970561e-02,-7.463859667827531545e-04,-4.531595646078911965e-03,-3.393895306722417154e-02,-2.993041530337862965e-02,-1.012398250439114356e-02,-1.012398250439114356e-02,-3.769628892107840246e-02,-3.769628892107840246e-02,-2.645471412530794181e-03,-2.645471412530794181e-03,0.000000000000000000e+00,0.000000000000000000e+00,1.904688174266590608e-02,3.275283359878410072e-02,1.981493915854914620e-02,1.385431048944165550e-02,-7.175177355146743208e-03,-4.660714408822518029e-02,-3.168664354606763600e-02,0.000000000000000000e+00,0.000000000000000000e+00,0.000000000000000000e+00,0.000000000000000000e+00,0.000000000000000000e+00,0.000000000000000000e+00,1.685351276629963591e-02,1.858376689554307876e-02,4.317662563426125089e-02,5.426483691894084388e-02,1.654746464538046913e-02,6.399768951284662277e-03,-4.636568668208065902e-03,-1.819670539765722017e-02,-1.790388278953512075e-02,-3.181583943032076367e-02,-2.686403082738546971e-02,-2.923582793779054903e-02,-2.717312076081236649e-02,0.000000000000000000e+00,0.000000000000000000e+00,0.000000000000000000e+00,0.000000000000000000e+00,0.000000000000000000e+00,0.000000000000000000e+00,6.589072918416266286e-03,2.138966742909705759e-02,5.998348585929362889e-03,-1.620123525280364046e-02,-5.643600053379278780e-03,4.846400823553433622e-03,5.971765012391935974e-03,1.590676912460520925e-02,1.302601566109377884e-02,0.000000000000000000e+00
1.376936759056593096e-17,-2.154614520657731000e-02,-2.487579600499104440e-02,6.992071995263929307e-03,1.699858581052250336e-02,4.059139794154717484e-03,-5.731911194511418381e-03,6.431001313942676101e-04,1.363358826023882905e-02,1.644143810825269419e-02,6.948104331718008009e-02,6.291590536595079164e-02,-5.802057978604088784e-02,-5.802057978604110294e-02,-3.636072640738985395e-02,-3.636072640738973599e-02,5.343354717475622129e-03,6.148824042453087703e-03,1.951393800948408169e-02,2.399975275689238824e-02,1.041204857647295978e-02,8.557067000251022959e-03,-1.972665688111879465e-02,-3.870564379959669926e-02,-1.554268442231418121e-02,0.000000000000000000e+00,0.000000000000000000e+00,9.906958595328793638e-03,9.906958595328758943e-03,9.785617083585438844e-03,9.785617083585442313e-03,-1.969257567891430361e-02,-1.969257567891430361e-02,1.598637243901571137e-02,1.769277305805443817e-02,4.016405261512607378e-03,3.120963719087103700e-03,2.833128403836430304e-03,3.617119782497953823e-03,8.581568470862527276e-03,1.848542683290949409e-02,1.227801200473290638e-02,3.958352192049263696e-03,3.198353282687686327e-03,1.219471656153818745e-03,1.200267378104157012e-03,-1.881518213469385997e-02,-1.881518213469379405e-02,-7.242368986113655038e-04,-7.242368986113655038e-04,3.378653983162810404e-02,3.831152284479272252e-02,-2.215225409338427570e-02,-3.806751811833392063e-02,-4.018897394569107689e-02,-2.879869293390602270e-02,0.000000000000000000e+00,2.989479768994338441e-02,3.047528039925491775e-02,3.686065204127453310e-03,3.105582494816010175e-03,-6.225244191379101372e-03,-6.225244191379094433e-03,-2.027154268333043047e-02,-2.027154268333043047e-02,4.230414130307344478e-02,4.230414130307345172e-02,-5.555384118271361471e-05,-6.593773673088665355e-05,-1.256611036189787811e-02,-1.898306263364746282e-02,1.992058310361168733e-02,5.485550405582752947e-02,2.830146080824782334e-02,-6.888880272924863268e-04,-4.333439313116457803e-03,-3.260238388911768093e-02,-2.875170862662332349e-02,-9.838172975359313344e-03,-9.838172975359313344e-03,-3.823610646748396014e-02,-3.823610646748396014e-02,-3.829169648630561910e-03,-3.829169648630561910e-03,0.000000000000000000e+00,0.000000000000000000e+00,1.934023182824647774e-02,3.295857099937032214e-02,1.958992050535512258e-02,1.354269338298883657e-02,-7.291881039534424402e-03,-4.650126438235858278e-02,-3.163827129406650285e-02,0.000000000000000000e+00,0.000000000000000000e+00,0.000000000000000000e+00,0.000000000000000000e+00,0.000000000000000000e+00,0.000000000000000000e+00,1.721321451172118724e-02,1.892984229996587039e-02,4.269402210833443678e-02,5.365081524382888517e-02,1.628888734359305174e-02,6.204922098938123187e-03,-4.466225374940693826e-03,-1.757002929139594993e-02,-1.750488649164338301e-02,-3.170708422473532406e-02,-2.678952774394454880e-02,-2.950846612660154231e-02,-2.743548435311972747e-02,0.000000000000000000e+00,0.000000000000000000e+00,0.000000000000000000e+00,0.000000000000000000e+00,0.000000000000000000e+00,0.000000000000000000e+00,6.660983652082486627e-03,2.136415035955994968e-02,6.003825265800171763e-03,-1.601183134917442963e-02,-5.481304461238884103e-03,5.055664166843354748e-03,5.939534979259248129e-03,1.499183238485162460e-02,1.227677612617747785e-02,6.884683795282965482e-18
0.000000000000000000e+00,1.407018917497790400e-02,1.718186562713660062e-02,-4.984644551292827241e-03,-1.269423169676956592e-02,-1.032661718552923061e-02,-1.254389180191047871e-02,-1.109299786993781650e-02,-1.552234843286527666e-02,-4.280619827997482474e-03,7.370144480566412359e-02,6.673752876103476728e-02,-5.894408315978918317e-02,-5.894408315978938440e-02,-2.025644204966921963e-02,-2.025644204966915024e-02,0.000000000000000000e+00,0.000000000000000000e+00,0.000000000000000000e+00,8.124027537111869549e-03,3.661130878132026756e-02,4.760374628966435040e-02,3.992818335927059148e-03,-3.623968173792690983e-02,-3.318054123488974050e-02,-1.948809208884939165e-02,-7.423585882357865498e-03,0.000000000000000000e+00,0.000000000000000000e+00,0.000000000000000000e+00,0.000000000000000000e+00,2.426927663644949662e-02,2.426927663644949662e-02,1.306012866469713485e-02,1.417637897791918997e-02,1.370319325903444907e-03,3.432634533036132973e-04,5.254142870025263479e-03,9.238710570904154484e-03,1.532432168096141585e-02,2.976710544815553555e-02,1.598047310109066560e-02,-1.288324986263154892e-02,-1.014359003784959246e-02,1.292777559076820071e-02,1.272418857359082500e-02,-2.274878184954889915e-02,-2.274878184954883670e-02,3.232961000841944044e-03,3.232961000841937105e-03,2.878597378215391397e-02,3.264123812797822821e-02,-3.363786757848352682e-02,-5.350143544255180073e-02,-3.937153272178522956e-02,-3.746324265158835348e-02,-1.041596346563363265e-02,2.551882270456863958e-02,1.889051020019208091e-02,-1.869606701446579686e-02,-1.575180449250253648e-02,9.379657913910887518e-04,9.379657913910914623e-04,-7.760721481493967899e-03,-7.760721481493967899e-03,4.818410995407790970e-02,4.818410995407790970e-02,4.879553610793211510e-02,5.791619706268640727e-02,8.379323380995479242e-04,-1.252269683708441550e-02,-6.956362188536430180e-03,-5.655443179500049822e-03,-2.069916445627442703e-03,2.904733190850466995e-03,8.051331497039751484e-03,5.093318974255711673e-02,4.491745867060130404e-02,8.024922589134730888e-03,8.024922589134758644e-03,-7.197470311783871200e-02,-7.197470311783871200e-02,-5.740647675904702457e-02,-5.832498038719239469e-02,2.926983869808951182e-03,4.788008943531384815e-03,1.434379566139119995e-02,2.154382057478982510e-02,5.526254680725851964e-03,-5.933375770316579034e-03,-1.458586131376674727e-02,-3.988378276569493758e-02,-2.861500554399486543e-02,0.000000000000000000e+00,0.000000000000000000e+00,0.000000000000000000e+00,0.000000000000000000e+00,2.486631972934709098e-02,2.486631972934709098e-02,1.482825387122607350e-02,1.569323534704794923e-02,1.253130173790274748e-02,1.527446054932248692e-02,1.278059818750135190e-04,-5.973006172723588358e-03,6.180230454273280549e-03,2.159722734994246746e-02,7.432382126595436789e-03,-2.490988387564394696e-02,-2.213308502888582802e-02,-4.654835292729240376e-02,-4.383320887233354418e-02,0.000000000000000000e+00,0.000000000000000000e+00,0.000000000000000000e+00,0.000000000000000000e+00,0.000000000000000000e+00,0.000000000000000000e+00,1.115540450622228182e-02,1.976933351349033710e-02,6.346117757725611500e-03,-4.174087372346308236e-03,4.662170047538379686e-03,1.813462312246629654e-02,3.925157908465870538e-03,-3.372986926361052490e-02,-2.608885021995244538e-02,0.000000000000000000e+00
0.000000000000000000e+00,1.407018917497790400e-02,1.718186562713659368e-02,-4.984644551292827241e-03,-1.269423169676955898e-02,-1.032661718552923061e-02,-1.254389180191048045e-02,-1.109299786993781303e-02,-1.552234843286527666e-02,-4.280619827997485943e-03,7.370144480566412359e-02,6.673752876103476728e-02,-5.894408315978918317e-02,-5.894408315978938440e-02,-2.025644204966921963e-02,-2.025644204966915024e-02,0.000000000000000000e+00,0.000000000000000000e+00,0.000000000000000000e+00,8.124027537111869549e-03,3.661130878132026756e-02,4.760374628966435040e-02,3.992818335927059148e-03,-3.623968173792690983e-02,-3.318054123488973356e-02,-1.948809208884939165e-02,-7.423585882357867233e-03,0.000000000000000000e+00,0.000000000000000000e+00,0.000000000000000000e+00,0.000000000000000000e+00,2.426927663644949315e-02,2.426927663644949662e-02,1.306012866469713138e-02,1.417637897791918997e-02,1.370319325903437968e-03,3.432634533036132973e-04,5.254142870025277356e-03,9.238710570904154484e-03,1.532432168096140024e-02,2.976710544815553555e-02,1.598047310109066560e-02,-1.288324986263154892e-02,-1.014359003784957858e-02,1.292777559076820071e-02,1.272418857359082500e-02,-2.274878184954889915e-02,-2.274878184954883670e-02,3.232961000841944044e-03,3.232961000841936671e-03,2.878597378215391744e-02,3.264123812797822821e-02,-3.363786757848352682e-02,-5.350143544255180766e-02,-3.937153272178522956e-02,-3.746324265158834654e-02,-1.041596346563363092e-02,2.551882270456864304e-02,1.889051020019207744e-02,-1.869606701446580033e-02,-1.575180449250253301e-02,9.379657913910887518e-04,9.379657913910913539e-04,-7.760721481493967899e-03,-7.760721481493967899e-03,4.818410995407790970e-02,4.818410995407791664e-02,4.879553610793211510e-02,5.791619706268640033e-02,8.379323380995479242e-04,-1.252269683708441550e-02,-6.956362188536430180e-03,-5.655443179500049822e-03,-2.069916445627470458e-03,2.904733190850466995e-03,8.051331497039765361e-03,5.093318974255711673e-02,4.491745867060134567e-02,8.024922589134730888e-03,8.024922589134730888e-03,-7.197470311783871200e-02,-7.197470311783871200e-02,-5.740647675904701069e-02,-5.832498038719239469e-02,2.926983869808948147e-03,4.788008943531384815e-03,1.434379566139120515e-02,2.154382057478981816e-02,5.526254680725838087e-03,-5.933375770316572095e-03,-1.458586131376674033e-02,-3.988378276569493758e-02,-2.861500554399486543e-02,0.000000000000000000e+00,0.000000000000000000e+00,0.000000000000000000e+00,0.000000000000000000e+00,2.486631972934709098e-02,2.486631972934709098e-02,1.482825387122607350e-02,1.569323534704794923e-02,1.253130173790274748e-02,1.527446054932248692e-02,1.278059818750135190e-04,-5.973006172723588358e-03,6.180230454273287488e-03,2.159722734994246746e-02,7.432382126595429850e-03,-2.490988387564394696e-02,-2.213308502888582802e-02,-4.654835292729240376e-02,-4.383320887233354418e-02,0.000000000000000000e+00,0.000000000000000000e+00,0.000000000000000000e+00,0.000000000000000000e+00,0.000000000000000000e+00,0.000000000000000000e+00,1.115540450622228182e-02,1.976933351349033710e-02,6.346117757725611500e-03,-4.174087372346308236e-03,4.662170047538379686e-03,1.813462312246629654e-02,3.925157908465874007e-03,-3.372986926361052490e-02,-2.608885021995244885e-02,0.000000000000000000e+00
0.000000000000000000e+00,2.340980258810575546e-02,2.858697046816778900e-02,4.331815945308126192e-03,-1.325428342144920058e-03,-1.177972318453747447e-02,-2.474233001202735815e-02,-2.401356662442816550e-02,-2.669448290321870323e-02,-1.612359951367145841e-02,4.485412132917138833e-02,4.485412132917139527e-02,-1.077363617322763673e-02,-1.077363617322767836e-02,-3.408048515594434835e-02,-3.408048515594423039e-02,0.000000000000000000e+00,0.000000000000000000e+00,0.000000000000000000e+00,3.008811430652230147e-03,4.454724947162148896e-02,6.941291620004112761e-02,7.968639574785003898e-03,-4.769889623027123715e-02,-3.574603145383978275e-02,-2.472283140042225505e-02,-1.676985759256713338e-02,0.000000000000000000e+00,0.000000000000000000e+00,3.058166213337436962e-02,3.058166213337437309e-02,-3.149877494758417107e-03,-3.149877494758417107e-03,-2.743178463861627517e-02,-2.743178463861636884e-02,0.000000000000000000e+00,0.000000000000000000e+00,2.823398259551889930e-02,5.123933188415061291e-02,3.798106344368648579e-02,3.962324370191604855e-02,2.392452470230553574e-02,-3.672864610342996272e-03,-3.147970813531852496e-03,-1.258005153178053115e-02,-1.238194048403602754e-02,-3.049725084106540141e-02,-3.049725084106531120e-02,1.952537523927170421e-02,1.952537523927170421e-02,1.446258198365758807e-02,1.639953492789750222e-02,-1.986893604644406064e-02,-3.111626855974013173e-02,-1.611316815801312752e-02,-1.309021440602346070e-02,-2.824049053672672560e-03,1.022904299886085756e-02,1.336448926892469524e-03,-3.447552990944787593e-02,-2.904631260087313024e-02,-3.688540520678661779e-03,-3.688540520678662213e-03,-7.895808373018098000e-03,-7.895808373018098000e-03,0.000000000000000000e+00,0.000000000000000000e+00,5.600846583321819616e-02,6.798909523651566755e-02,-4.770085540978470651e-03,-2.532548568955905743e-02,-2.811198907812079498e-02,-4.067584800443110882e-02,-7.500649377140670981e-03,4.557956572093761760e-02,4.324898029594440030e-02,9.573594322809420021e-02,8.442854835863376761e-02,-1.279847945376297313e-02,-1.279847945376294538e-02,-3.273537391869658919e-02,-3.273537391869658919e-02,-1.652263589498368041e-03,-1.678699806930375460e-03,-9.081297731792545291e-03,-1.127419031689992635e-02,-1.859281587382623224e-02,-2.632193491206871738e-02,-1.751880707376710089e-02,-1.716849326052017483e-02,-1.381698195646408056e-02,-1.623617233254549472e-02,-1.276105621179214958e-02,-9.445393963831809347e-03,-8.701662155655976588e-03,1.096810487792083781e-02,1.096810487792083955e-02,2.471243828368275414e-02,2.471243828368276108e-02,1.507972550232807019e-03,1.595937615663088616e-03,-8.342684115922385790e-03,-1.103806645393589497e-02,2.002657991894550571e-03,7.911885926874050179e-03,1.986446167437696392e-02,4.124424859846255453e-02,2.115439715628074369e-02,-1.599837337984107155e-02,-1.362088208423255231e-02,-2.920261201866333062e-02,-2.805290288407053662e-02,1.250970721311674139e-02,1.250970721311674139e-02,-6.577791535126817357e-03,-6.577791535126824296e-03,-2.106883964517191135e-02,-2.326732726032052292e-02,-1.109007770853879735e-02,-1.227426023761463841e-02,5.762684138785272026e-03,1.683275353539499114e-02,1.052062211194744815e-02,7.822158764443212786e-03,-9.224693184148520823e-04,-3.264123753732627725e-02,-2.672983231403045640e-02,0.000000000000000000e+00
0.000000000000000000e+00,2.340980258810575546e-02,2.858697046816779594e-02,4.331815945308126192e-03,-1.325428342144926996e-03,-1.177972318453746059e-02,-2.474233001202735815e-02,-2.401356662442817938e-02,-2.669448290321870323e-02,-1.612359951367145841e-02,4.485412132917138833e-02,4.485412132917139527e-02,-1.077363617322763673e-02,-1.077363617322767836e-02,-3.408048515594434835e-02,-3.408048515594423039e-02,0.000000000000000000e+00,0.000000000000000000e+00,0.000000000000000000e+00,3.008811430652230147e-03,4.454724947162148896e-02,6.941291620004112761e-02,7.968639574785003898e-03,-4.769889623027123715e-02,-3.574603145383978275e-02,-2.472283140042225505e-02,-1.676985759256713338e-02,0.000000000000000000e+00,0.000000000000000000e+00,3.058166213337436962e-02,3.058166213337437309e-02,-3.149877494758417107e-03,-3.149877494758417107e-03,-2.743178463861627517e-02,-2.743178463861637231e-02,0.000000000000000000e+00,0.000000000000000000e+00,2.823398259551889930e-02,5.123933188415061291e-02,3.798106344368648579e-02,3.962324370191604855e-02,2.392452470230552186e-02,-3.672864610342996272e-03,-3.147970813531852929e-03,-1.258005153178053115e-02,-1.238194048403604142e-02,-3.049725084106540141e-02,-3.049725084106529732e-02,1.952537523927170421e-02,1.952537523927170421e-02,1.446258198365758807e-02,1.639953492789750222e-02,-1.986893604644406064e-02,-3.111626855974013173e-02,-1.611316815801312752e-02,-1.309021440602346070e-02,-2.824049053672665621e-03,1.022904299886085583e-02,1.336448926892462585e-03,-3.447552990944786899e-02,-2.904631260087313024e-02,-3.688540520678665249e-03,-3.688540520678662213e-03,-7.895808373018098000e-03,-7.895808373018098000e-03,0.000000000000000000e+00,0.000000000000000000e+00,5.600846583321819616e-02,6.798909523651566755e-02,-4.770085540978470651e-03,-2.532548568955905743e-02,-2.811198907812079498e-02,-4.067584800443110882e-02,-7.500649377140667512e-03,4.557956572093761760e-02,4.324898029594440030e-02,9.573594322809417245e-02,8.442854835863376761e-02,-1.279847945376294538e-02,-1.279847945376294538e-02,-3.273537391869658919e-02,-3.273537391869658919e-02,-1.652263589498367824e-03,-1.678699806930375460e-03,-9.081297731792545291e-03,-1.127419031689992635e-02,-1.859281587382620449e-02,-2.632193491206871738e-02,-1.751880707376713558e-02,-1.716849326052017483e-02,-1.381698195646407362e-02,-1.623617233254549472e-02,-1.276105621179214958e-02,-9.445393963831809347e-03,-8.701662155655976588e-03,1.096810487792083955e-02,1.096810487792083781e-02,2.471243828368275414e-02,2.471243828368275414e-02,1.507972550232799863e-03,1.595937615663095555e-03,-8.342684115922371912e-03,-1.103806645393589497e-02,2.002657991894543632e-03,7.911885926874050179e-03,1.986446167437697780e-02,4.124424859846255453e-02,2.115439715628072981e-02,-1.599837337984107155e-02,-1.362088208423255231e-02,-2.920261201866333062e-02,-2.805290288407053662e-02,1.250970721311674139e-02,1.250970721311674139e-02,-6.577791535126824296e-03,-6.577791535126824296e-03,-2.106883964517190441e-02,-2.326732726032052292e-02,-1.109007770853879735e-02,-1.227426023761463841e-02,5.762684138785272026e-03,1.683275353539499114e-02,1.052062211194744121e-02,7.822158764443212786e-03,-9.224693184148452518e-04,-3.264123753732627725e-02,-2.672983231403045640e-02,0.000000000000000000e+00
0.000000000000000000e+00,1.775469635012677516e-02,2.168121573525111714e-02,1.231967991558464287e-02,1.315964675763531960e-02,-3.472736527070745260e-03,-1.804105672050358017e-02,-1.731302222566812044e-02,-2.725488311271748870e-02,-1.591697815318122294e-02,4.049941840966828077e-02,3.667270170954232272e-02,4.234027233747669761e-02,4.234027233747682251e-02,-5.599837287943448122e-02,-5.599837287943429387e-02,-1.703009642827998243e-02,-1.772805119993083045e-02,1.593022978489925037e-02,2.133110544123100610e-02,9.291675519581266141e-03,7.668050508320430059e-03,-4.260021263801753999e-03,-1.758666559296514359e-02,-1.103274831422158125e-02,-3.324859400891153061e-03,-3.667260706566109751e-03,-2.046153540677830493e-02,-1.933373424262508494e-02,3.239720661288231218e-02,3.239720661288231218e-02,-1.902212299618653499e-02,-1.902212299618652805e-02,-2.293502394990310292e-02,-2.293502394990318966e-02,2.663945754560663112e-02,4.146653229823966252e-02,3.262602235898823949e-02,3.183755416911414338e-02,1.863839231182962131e-02,1.217026646108258781e-02,2.515960717613049957e-03,-2.567696157154773784e-02,-2.060196947764306868e-02,1.299978318612775297e-03,1.279506219107086340e-03,7.232314540994530527e-03,7.232314540994496700e-03,-4.650979987456324571e-03,-4.650979987456324571e-03,-2.557673199845975770e-02,-2.900218717682501515e-02,-1.135186925270920827e-02,-1.131072570159200041e-02,1.835834256295517178e-02,4.183813760842144958e-02,1.690752386705544202e-02,-9.415601465062720110e-03,-1.154754446923716982e-02,-3.378138122639107177e-02,-2.846147867105363466e-02,-4.050598528122575925e-04,-4.050598528122437147e-04,-4.495287602037312952e-03,-4.495287602037319891e-03,-1.710659881274040686e-02,-1.710659881274040686e-02,0.000000000000000000e+00,0.000000000000000000e+00,0.000000000000000000e+00,0.000000000000000000e+00,0.000000000000000000e+00,0.000000000000000000e+00,0.000000000000000000e+00,3.279051248620433456e-02,3.728491296579025671e-02,3.805259072715928836e-02,3.355819024757338009e-02,-1.191305867591261301e-02,-1.191305867591261475e-02,1.054839212444515922e-02,1.054839212444515922e-02,3.104815566011124781e-02,3.154492615067336359e-02,-3.109730198162347081e-02,-3.933771768595666768e-02,-1.890855664444207607e-02,-1.794865508474961097e-02,-7.592864069136256999e-04,1.366260839982051667e-02,7.214651602125067564e-03,-1.629831603556862463e-03,-1.734311156671830556e-03,-6.705334616296507178e-03,-6.177355512651049041e-03,1.020397571797745061e-02,1.020397571797745234e-02,3.703047412109459341e-02,3.703047412109459341e-02,8.065871029680191096e-03,8.536380173078436662e-03,-4.799031221172125883e-02,-6.344870424845515389e-02,-2.407376025421465587e-02,-1.559333006529138935e-02,-7.075251423815515084e-04,1.444295687015643634e-02,7.359577829735182430e-03,-5.821369205554947912e-03,-5.192337661891824330e-03,-1.662226634206942152e-02,-1.596784640734242103e-02,1.359602181068029700e-02,1.359602181068029006e-02,-5.058976563184519604e-03,-5.058976563184512665e-03,2.892978467231023532e-02,3.194854481202990398e-02,-7.399737047274264345e-03,-1.438205589943712670e-02,-1.153332372137425010e-03,5.172445582881761428e-03,-4.527111451511633966e-04,-7.771655635681288567e-03,-8.574590405669102466e-03,-1.997690760998940482e-02,-1.635904245227446860e-02,0.000000000000000000e+00
0.000000000000000000e+00,1.775469635012676822e-02,2.168121573525111714e-02,1.231967991558463767e-02,1.315964675763531960e-02,-3.472736527070731816e-03,-1.804105672050358017e-02,-1.731302222566812737e-02,-2.725488311271748870e-02,-1.591697815318121600e-02,4.049941840966828077e-02,3.667270170954232272e-02,4.234027233747668373e-02,4.234027233747680863e-02,-5.599837287943446040e-02,-5.599837287943428693e-02,-1.703009642827998590e-02,-1.772805119993083739e-02,1.593022978489923996e-02,2.133110544123100610e-02,9.291675519581264406e-03,7.668050508320423120e-03,-4.260021263801733182e-03,-1.758666559296512971e-02,-1.103274831422158819e-02,-3.324859400891153061e-03,-3.667260706566109751e-03,-2.046153540677830146e-02,-1.933373424262508494e-02,3.239720661288231218e-02,3.239720661288231218e-02,-1.902212299618653499e-02,-1.902212299618653499e-02,-2.293502394990310292e-02,-2.293502394990318272e-02,2.663945754560663112e-02,4.146653229823966252e-02,3.262602235898823949e-02,3.183755416911414338e-02,1.863839231182962131e-02,1.217026646108260168e-02,2.515960717613049957e-03,-2.567696157154774478e-02,-2.060196947764304787e-02,1.299978318612768358e-03,1.279506219107065523e-03,7.232314540994530527e-03,7.232314540994495833e-03,-4.650979987456324571e-03,-4.650979987456338449e-03,-2.557673199845975770e-02,-2.900218717682499781e-02,-1.135186925270920827e-02,-1.131072570159200041e-02,1.835834256295517178e-02,4.183813760842144958e-02,1.690752386705544202e-02,-9.415601465062720110e-03,-1.154754446923719063e-02,-3.378138122639107177e-02,-2.846147867105361384e-02,-4.050598528122506536e-04,-4.050598528122437147e-04,-4.495287602037319891e-03,-4.495287602037319891e-03,-1.710659881274040686e-02,-1.710659881274040686e-02,0.000000000000000000e+00,0.000000000000000000e+00,0.000000000000000000e+00,0.000000000000000000e+00,0.000000000000000000e+00,0.000000000000000000e+00,0.000000000000000000e+00,3.279051248620433456e-02,3.728491296579026365e-02,3.805259072715927449e-02,3.355819024757335928e-02,-1.191305867591260087e-02,-1.191305867591260087e-02,1.054839212444515922e-02,1.054839212444515922e-02,3.104815566011125127e-02,3.154492615067336359e-02,-3.109730198162346040e-02,-3.933771768595666768e-02,-1.890855664444207607e-02,-1.794865508474961097e-02,-7.592864069136395777e-04,1.366260839982051667e-02,7.214651602125046748e-03,-1.629831603556862246e-03,-1.734311156671809739e-03,-6.705334616296507178e-03,-6.177355512651049041e-03,1.020397571797745234e-02,1.020397571797745234e-02,3.703047412109459341e-02,3.703047412109459341e-02,8.065871029680191096e-03,8.536380173078436662e-03,-4.799031221172125883e-02,-6.344870424845515389e-02,-2.407376025421465587e-02,-1.559333006529138935e-02,-7.075251423815584473e-04,1.444295687015643634e-02,7.359577829735196308e-03,-5.821369205554947912e-03,-5.192337661891831269e-03,-1.662226634206942152e-02,-1.596784640734242103e-02,1.359602181068029873e-02,1.359602181068029700e-02,-5.058976563184519604e-03,-5.058976563184519604e-03,2.892978467231024919e-02,3.194854481202990398e-02,-7.399737047274278223e-03,-1.438205589943713364e-02,-1.153332372137431949e-03,5.172445582881768367e-03,-4.527111451511564577e-04,-7.771655635681287699e-03,-8.574590405669102466e-03,-1.997690760998940482e-02,-1.635904245227446860e-02,0.000000000000000000e+00
0.000000000000000000e+00,3.700064995319957833e-02,4.518348600054208908e-02,4.496653960721685994e-03,-5.779569444454638050e-03,-1.467070890838413633e-02,-2.753999718827359472e-02,-1.578066375315876485e-02,-2.968128304579813193e-03,9.701788746097965129e-04,3.302337675806719941e-02,2.990305769431297542e-02,6.332669938309250235e-02,6.332669938309271052e-02,-4.197188847249337662e-02,-4.197188847249326560e-02,-2.690305689979621828e-02,-2.800564119896825632e-02,-1.886215541085305147e-02,-2.278248011296455863e-02,-8.167170189776487566e-03,-5.254225933402696669e-03,3.612459446638079108e-03,1.371222400616154379e-02,8.601652293041751884e-03,2.590175492011875802e-03,-1.067355182786181023e-03,-5.525730441985630959e-02,-5.221162622348606702e-02,2.240361218009898070e-02,2.240361218009898764e-02,-4.438944522541211912e-03,-4.438944522541211912e-03,-9.391784364729170720e-03,-1.019450097709924744e-02,2.065863463563970964e-02,2.899565540954489318e-02,2.456777104102053633e-03,-9.082337130901660394e-03,-3.453612467863562130e-03,1.458376998162931593e-03,-3.007553156273275186e-03,-1.988684134806393070e-02,-1.548416350515845544e-02,3.098452617371477702e-02,3.049658087964075143e-02,2.827111396692018330e-02,2.827111396692007228e-02,-2.522352021280441225e-02,-2.522352021280441225e-02,-1.616005060329147452e-02,-1.832434309480378276e-02,2.683036663657308030e-02,4.137440122771750967e-02,1.111508607610031674e-02,-2.433504772553454765e-03,-1.025348379184733150e-02,-2.683136396369463494e-02,-1.922318264185392256e-02,-9.375481128253253249e-03,-7.899027407268430223e-03,1.198116227393099253e-02,1.198116227393099774e-02,3.441621479812407430e-02,3.441621479812408124e-02,-8.728109106215829749e-02,-8.728109106215829749e-02,0.000000000000000000e+00,0.000000000000000000e+00,0.000000000000000000e+00,0.000000000000000000e+00,0.000000000000000000e+00,2.805692800697675432e-02,3.032726032886201226e-02,7.587689602090483265e-03,8.014594421949315650e-03,2.283660780009986319e-02,2.013937065835568613e-02,1.240096889925500906e-02,1.240096889925500906e-02,-1.294197059177396025e-02,-1.294197059177396025e-02,-9.719214325166709856e-03,-9.874721754369500393e-03,-3.435974113720631495e-02,-4.258762432271040455e-02,-1.449899562946310380e-03,1.114624510852636752e-02,6.693138043789823716e-03,5.625156542000769866e-03,-5.243357719866648635e-03,-2.224927929009440364e-02,-1.386114901525089226e-02,1.838892841464626017e-03,1.838892841464626234e-03,4.654892806444253101e-02,4.654892806444253794e-02,3.450423185025276729e-02,3.450423185025276729e-02,6.792629761316892889e-03,7.188866497393879042e-03,-5.178896669066264391e-02,-6.832495706387531342e-02,-2.804801330717556634e-02,-2.043714835263493734e-02,-4.167175277393297961e-03,1.086152161687620361e-02,7.428518840130932978e-03,4.212366064786487313e-03,2.212399261794593258e-03,-1.639270151870619863e-02,-1.532144534417119626e-02,0.000000000000000000e+00,0.000000000000000000e+00,2.507703873739778461e-03,2.507703873739778461e-03,6.019868523191788251e-02,6.648028716916216940e-02,1.066930474642499571e-03,-7.198513866852323563e-03,5.624731561253842882e-04,4.686696756054369029e-03,2.127049300293920586e-03,-3.680762421370831206e-05,-5.097856316142804212e-03,-2.801940585168526815e-02,-2.294502526437175449e-02,0.000000000000000000e+00
0.000000000000000000e+00,3.957823302503972462e-02,4.833111148250076455e-02,3.448927270338270068e-03,-8.316071614377446020e-03,-1.617043735231012136e-02,-2.881217671520707596e-02,-1.557543717201907707e-02,2.845620715100916076e-04,3.231851690831823165e-03,3.202212117972776106e-02,2.899640894227333010e-02,6.613738157670182027e-02,6.613738157670201456e-02,-4.009334145370664626e-02,-4.009334145370647973e-02,-2.822532839151715989e-02,-2.938210414526792880e-02,-2.352184985671279538e-02,-2.869054960683011662e-02,-1.050540845442265309e-02,-6.984887956847797563e-03,4.666809541786283433e-03,1.790403957747321861e-02,1.123125951722884347e-02,3.382367665168542481e-03,-7.191535501370888150e-04,-5.991745205553648118e-02,-5.661491532806572913e-02,2.106518435427976593e-02,2.106518435427976593e-02,-2.485840262677965762e-03,-2.485840262677965762e-03,-5.895632478548597927e-03,-6.399532690390400541e-03,1.817530641131721511e-02,2.523680043767211056e-02,-1.583746813963102240e-03,-1.456267971572529352e-02,-6.412363108001105372e-03,2.374894509332703407e-05,-3.747309478668782445e-03,-1.911137881813305614e-02,-1.479874306241495130e-02,3.496013526145171774e-02,3.440958195024799993e-02,3.108881031860670496e-02,3.108881031860658006e-02,-2.797877113584214953e-02,-2.797877113584214953e-02,-1.489888791643856347e-02,-1.689427469096162898e-02,3.194405894317347422e-02,4.843044501289298781e-02,1.014500708232511650e-02,-8.362742591434102479e-03,-1.389111874616472120e-02,-2.916383215547571628e-02,-2.025116989711513854e-02,-6.106833793681196165e-03,-5.145127684440010951e-03,1.364003130876270502e-02,1.364003130876271369e-02,3.962757672671719800e-02,3.962757672671719800e-02,-9.667946055984832920e-02,-9.667946055984832920e-02,0.000000000000000000e+00,0.000000000000000000e+00,0.000000000000000000e+00,0.000000000000000000e+00,1.767264919222716118e-03,3.426629962407982954e-02,3.302581769586795252e-02,1.760564206799396236e-03,3.690326839071680909e-03,2.079875294379723849e-02,1.834220732051398961e-02,1.565731187807214986e-02,1.565731187807214986e-02,-1.608800131269619987e-02,-1.608800131269619987e-02,-1.517912994819509837e-02,-1.542199602736638205e-02,-3.479667495268615879e-02,-4.097293131268527067e-02,8.883134390397628283e-04,1.299293516410695085e-02,7.691230604151909345e-03,4.548712096757039774e-03,-6.911841111204848447e-03,-1.754164726086388307e-02,-8.086825371156999842e-03,0.000000000000000000e+00,0.000000000000000000e+00,4.693059942815269725e-02,4.693059942815269725e-02,3.416589583183643475e-02,3.416589583183643475e-02,6.622106377161096624e-03,7.008395915828996570e-03,-5.229771505837800538e-02,-6.897802663736909978e-02,-2.858027934105426826e-02,-1.912686453844897327e-02,-4.630521277618090265e-03,8.422855632070966672e-03,7.437752011166079077e-03,5.556169895635806530e-03,3.204105099788322197e-03,-1.397902552770676973e-02,-1.285194307105462334e-02,0.000000000000000000e+00,0.000000000000000000e+00,0.000000000000000000e+00,0.000000000000000000e+00,6.370375650874957052e-02,7.042234618673376412e-02,2.200859160613535814e-03,-6.236432344631115399e-03,7.922685393748490901e-04,4.621641109604265885e-03,2.472552931380322949e-03,9.991095201793004366e-04,-4.632222286295506475e-03,-2.909652615191241770e-02,-2.382707653384908558e-02,0.000000000000000000e+00
-1.376936759056593096e-17,4.372257642431068292e-02,5.339199236430284407e-02,5.916850261324380078e-04,-1.423298550691561026e-02,-1.486103780146587339e-02,-2.125231840462140503e-02,-1.401164700979506267e-02,-8.944834295002972169e-03,-4.931655606952155269e-03,1.638370775477986790e-02,1.483564088031255612e-02,4.187473185370162165e-02,4.187473185370176043e-02,-3.283505320853637166e-02,-3.283505320853624676e-02,-9.477895983804815461e-03,-9.866334343796842599e-03,-1.102112014684326208e-02,-1.363990491848597608e-02,4.785314151829735130e-03,1.302173993421043563e-02,1.124772266676454108e-02,1.442173664215752604e-02,7.650249162958783211e-03,-3.187562260796153457e-03,-5.431173329642033365e-03,-5.436649622390048175e-02,-5.136991769187425338e-02,-3.861629967746478542e-03,-3.861629967746478976e-03,3.078399970248557604e-03,3.078399970248550666e-03,1.154762457792483585e-02,1.253460103757660440e-02,1.707447486168786610e-03,9.734023443368558515e-04,-5.183724361720033064e-03,-9.724722131007921405e-03,-3.653496258923912693e-03,1.678966967773105196e-03,-1.174028610269044204e-03,-1.126960095833021494e-02,-8.678236743703226369e-03,2.368161564969612290e-02,2.330867682056721180e-02,1.976484128233237103e-02,1.976484128233228429e-02,-3.138963781789161356e-02,-3.138963781789160662e-02,3.181377618483334502e-02,3.607454978101651971e-02,3.327036161996060198e-02,4.139570425864885772e-02,-5.199409778740476940e-03,-3.383881520801076959e-02,-1.943082043284852234e-02,-9.384801564723099787e-03,-4.113110389309518333e-03,1.329791559972164083e-02,1.120375566275749746e-02,1.310289346783595488e-02,1.310289346783596875e-02,2.800767689352570700e-02,2.800767689352571047e-02,-8.020299313174197864e-02,-8.020299313174197864e-02,-2.210178695906996754e-02,-2.623296209160668954e-02,-2.700285095363299040e-03,2.163369460964322324e-03,2.010477271070067184e-02,4.033247946618848806e-02,1.830234692312877193e-02,-8.882778566607220372e-03,-3.553350310972175352e-03,2.261945352897302974e-02,1.994786452948790062e-02,1.282968397413813966e-02,1.282968397413813966e-02,-2.602351489269314616e-02,-2.602351489269314616e-02,-2.890415897842538509e-02,-2.936662552208051460e-02,-2.470328092318602176e-02,-2.424081437953089918e-02,0.000000000000000000e+00,5.308011773580091977e-03,0.000000000000000000e+00,-5.308011773580091977e-03,0.000000000000000000e+00,0.000000000000000000e+00,0.000000000000000000e+00,0.000000000000000000e+00,0.000000000000000000e+00,4.259774380468730332e-02,4.259774380468730332e-02,5.657645168241339471e-03,5.657645168241333400e-03,-1.569159954877254182e-02,-1.660694285578463020e-02,-3.048993592546284104e-02,-3.164844611714409672e-02,-2.073853498693455522e-03,2.328548630521097736e-03,9.462328530900848342e-03,1.776451073231847394e-02,1.527190488019071132e-02,2.105103943314243914e-02,1.503209776950275092e-02,-3.499529743085443706e-02,-3.361752981546677066e-02,-6.148801365127559877e-03,-6.148801365127560745e-03,0.000000000000000000e+00,0.000000000000000000e+00,5.650529157515923884e-02,6.282389382192220262e-02,1.540767462103320544e-02,1.254687164709038238e-02,4.264539682727094827e-03,1.484870029828860849e-03,2.243947722090203212e-03,4.323019542942979632e-03,-7.635882227039592941e-03,-5.738789677444704890e-02,-4.699481310663290723e-02,-1.376936759056593250e-17
0.000000000000000000e+00,4.549207135883091835e-02,5.555281790934199493e-02,-6.282611006071386894e-04,-1.675930829249375198e-02,-1.430196833031893711e-02,-1.802451373268589702e-02,-1.334396132255331185e-02,-1.288547544025579750e-02,-8.417198048702681512e-03,9.706632359858205494e-03,8.789470247115738211e-03,3.151539826410587608e-02,3.151539826410599404e-02,-2.973600878925011792e-02,-2.973600878925003466e-02,-1.473374281635395078e-03,-1.533758473505703046e-03,-5.683729933640468968e-03,-7.213786961664768460e-03,1.131393728708366547e-02,2.156389566297697846e-02,1.405755074259798336e-02,1.293491066977553623e-02,6.121278449899666962e-03,-5.992700880871018598e-03,-7.443046943363312851e-03,-5.199642519466260437e-02,-4.913048049889359725e-02,-1.450453945355558751e-02,-1.450453945355558057e-02,5.454142991048677516e-03,5.454142991048675781e-03,1.899530736608213977e-02,2.061883791019184300e-02,-5.323773178501425840e-03,-9.386250774165969674e-03,-6.720793427054469991e-03,-7.659077319555545466e-03,-2.475553109879714830e-03,2.385689269591453193e-03,-7.532441926688671074e-05,-7.921426141785137959e-03,-6.064986854815036105e-03,1.886606795029479450e-02,1.856896451800681830e-02,1.492988821066459221e-02,1.492988821066453670e-02,-3.284596291809252500e-02,-3.284596291809252500e-02,5.175850917189354916e-02,5.869045236455808223e-02,3.383664815611689414e-02,3.839210708267941363e-02,-1.175095855088095775e-02,-4.471623947126839027e-02,-2.179608632154497391e-02,-9.398222113679022272e-04,2.777297040989570864e-03,2.158308949802857646e-02,1.818417776605540936e-02,1.287355371553013106e-02,1.287355371553015881e-02,2.304637134676974786e-02,2.304637134676969235e-02,-6.412613511063253169e-02,-6.412613511063247618e-02,-2.361685752454360798e-02,-2.803122341698196379e-02,-6.588456203069137374e-03,-3.287017493453863858e-03,1.370590153440820469e-02,3.085231552603835345e-02,1.201592119993669106e-02,-1.342712716648875731e-02,-6.646156285148266396e-03,2.339683130691325857e-02,2.063342603444306977e-02,1.162238217245845258e-02,1.162238217245845084e-02,-3.026564428639977322e-02,-3.026564428639975934e-02,-3.476428373290584017e-02,-3.532051227263272725e-02,-1.765299299274239800e-02,-1.709676445301551787e-02,0.000000000000000000e+00,2.026808528186553257e-03,0.000000000000000000e+00,-2.026808528186553257e-03,0.000000000000000000e+00,0.000000000000000000e+00,0.000000000000000000e+00,0.000000000000000000e+00,0.000000000000000000e+00,4.074776050478069733e-02,4.074776050478069733e-02,-6.514416912844378516e-03,-6.514416912844378516e-03,-2.521879983175558115e-02,-2.668989648860857489e-02,-9.014543760180761950e-03,-7.543447103327883575e-03,0.000000000000000000e+00,4.159191418287889151e-03,1.255879165101800657e-02,2.091665155993609540e-02,1.861682408269566685e-02,2.766682642668468958e-02,2.008225194308875527e-02,-3.771396389390583442e-02,-3.622916216579963322e-02,-1.502870551100282843e-02,-1.502870551100283190e-02,0.000000000000000000e+00,0.000000000000000000e+00,5.343178969340152407e-02,5.957961078975541197e-02,2.104653964907763491e-02,2.056670930647723494e-02,5.747082418091020717e-03,1.455745126213436880e-04,2.146341003516905044e-03,5.742217080752246884e-03,-8.918343774773074273e-03,-6.946735838856314682e-02,-5.688665568827107333e-02,0.000000000000000000e+00
0.000000000000000000e+00,1.453962021402274707e-02,1.775511314597021106e-02,7.272188834546028380e-04,-3.901367952575133125e-03,-7.274654196251575944e-04,1.501289957345913750e-03,-1.853282545675446818e-03,-9.684454010218612741e-03,-7.542384353478988335e-03,-5.576086995976788085e-03,-5.049212634152235035e-03,1.874664898832505144e-02,1.874664898832511389e-02,-1.620650564735382632e-02,-1.620650564735377080e-02,-5.309690099154686788e-03,-5.527300349120051193e-03,7.695590134146927490e-03,1.015127726042692677e-02,8.540046764621382624e-03,1.053092336598634299e-02,8.588967617451356840e-03,1.044758105190584513e-02,1.323693629201454225e-02,3.026566370816115292e-02,2.104926104045355684e-02,-3.750188965057876106e-02,-3.543485636275145456e-02,-4.060580776935034109e-02,-4.060580776935033415e-02,7.943034386445694747e-03,7.943034386445696482e-03,3.642711394932622582e-02,3.954054249200392168e-02,-3.059861837692988418e-03,-8.340509343692112387e-03,-1.273055767907580599e-02,-1.889498615353229355e-02,-5.663183194793440511e-03,7.060311642896763273e-03,6.457708741126902408e-03,1.049457561337128336e-02,8.716219942303343737e-03,1.825661005432498846e-02,1.796910438417828604e-02,-1.997535331095629668e-02,-1.997535331095625505e-02,-3.757374988053063802e-02,-3.757374988053063802e-02,4.643888233795657322e-02,5.265837550821880764e-02,3.786350121626361198e-02,4.515493282968759126e-02,8.912019027273038185e-03,-8.849409561582741168e-03,-5.479274976934359054e-03,-3.629161367770125657e-03,-2.614063705058275455e-03,-1.356826782485415217e-03,-1.143153273432631623e-03,1.207534297282221447e-02,1.207534297282222835e-02,2.195576933019888211e-02,2.195576933019888211e-02,-2.756382062066028982e-02,-2.756382062066028982e-02,-3.410788526596987558e-02,-4.048319092316090412e-02,-1.427480277467150886e-02,-1.194328730857180387e-02,7.313615505873463651e-04,9.941709363822381906e-03,2.115804037866493570e-03,-1.019593961061156934e-02,-3.558993613000160927e-03,3.036309576622889944e-02,2.677690335289465914e-02,-6.212719378165185158e-03,-6.212719378165199036e-03,-1.300404659767970955e-02,-1.300404659767971649e-02,-1.592399364951816582e-02,-1.617877754791061107e-02,-2.519869770371497772e-02,-3.105761816937224751e-02,-4.330410987880875875e-03,2.866813402195416902e-03,-1.536680514459171955e-02,-1.645032517061833024e-02,0.000000000000000000e+00,0.000000000000000000e+00,0.000000000000000000e+00,0.000000000000000000e+00,0.000000000000000000e+00,1.839972191686264219e-02,1.839972191686264219e-02,7.795219043885085602e-03,7.795219043885085602e-03,-1.561631447941759163e-02,-1.652726615738397964e-02,-1.057862648133018300e-02,-9.667674803363833155e-03,4.321267286350204996e-03,1.119541709550659139e-02,1.370924000209976581e-02,1.702071479419258598e-02,1.790969939015209927e-02,3.503419636395176118e-02,2.622041688897067124e-02,-2.767849902638934434e-02,-2.658879434031126421e-02,-3.555045072306686760e-02,-3.555045072306686760e-02,-2.137850419470291297e-05,-2.137850419470043624e-05,4.683746734165053494e-02,5.284675594639643564e-02,3.449003407912549363e-02,3.931581168745854060e-02,5.959482384685216294e-04,-1.884591279384843776e-02,-1.128563361573173274e-02,-7.395924503362849567e-03,-1.646393523857045404e-02,-6.486303871851838154e-02,-5.311618918681718787e-02,0.000000000000000000e+00
0.000000000000000000e+00,-1.406794826830045850e-02,-1.717912913532856911e-02,1.980010989935956922e-03,7.982485997955901177e-03,1.181866605844050268e-02,1.954786609510290527e-02,8.766890263257304250e-03,-6.725934203669028076e-03,-6.733844423044935135e-03,-1.970102458243061169e-02,-1.783951044865772842e-02,6.945229203133472529e-03,6.945229203133495947e-03,-3.701964864691870485e-03,-3.701964864691858342e-03,-8.855375930498333298e-03,-9.218301173551560201e-03,2.006132534831431280e-02,2.620080631417862765e-02,5.976299463557668834e-03,3.337823036160466618e-04,3.534671092694560007e-03,8.148685495995906802e-03,1.981352914609051802e-02,6.377718249499454706e-02,4.738306084367870097e-02,-2.410542498104649434e-02,-2.277677950965012466e-02,-6.472970727334291519e-02,-6.472970727334290131e-02,1.024337340340358837e-02,1.024337340340358664e-02,5.253832912474909467e-02,5.702878460549722084e-02,-9.674589317942711153e-04,-7.373990748860193012e-03,-1.828503676048955084e-02,-2.927968977281403956e-02,-8.609326152062252158e-03,1.138079595761843504e-02,1.249581514694551865e-02,2.751542572041008883e-02,2.237763834570083779e-02,1.769332321108019190e-02,1.741468819988220562e-02,-5.223625835366709630e-02,-5.223625835366692977e-02,-4.194337116399624033e-02,-4.194337116399624033e-02,4.152225753689351567e-02,4.708327417129906656e-02,4.158528965064176020e-02,5.140542329283164652e-02,2.800961951617318701e-02,2.430023626403632342e-02,9.601414296115121094e-03,-6.114762709293301325e-03,-7.596988030951115634e-03,-2.255887061750637412e-02,-1.900629256750520357e-02,1.133760274092548981e-02,1.133760274092551756e-02,2.094778867851977699e-02,2.094778867851977699e-02,6.228621559466102076e-03,6.228621559466102076e-03,-4.380413817850034586e-02,-5.199182755765982544e-02,-2.137885036357686785e-02,-1.994377910739306148e-02,-1.126025873748974504e-02,-9.384759967923046731e-03,-7.034304248289449668e-03,-7.209538990785628598e-03,-7.057069008632177454e-04,3.680161291802076795e-02,3.245496572297877635e-02,-2.269667687192369887e-02,-2.269667687192369887e-02,2.949854296440623802e-03,2.949854296440623802e-03,1.489001730582889538e-03,1.512825758272246185e-03,-2.168471728913291124e-02,-2.702926222780820120e-02,-1.358672584674638223e-02,-1.328838768153900972e-02,-3.480353390409918896e-02,-2.978115115832066784e-02,0.000000000000000000e+00,0.000000000000000000e+00,0.000000000000000000e+00,0.000000000000000000e+00,0.000000000000000000e+00,0.000000000000000000e+00,0.000000000000000000e+00,1.876550822586117370e-02,1.876550822586116676e-02,-6.741290138620209538e-03,-7.134532063373203239e-03,-4.142151954710567713e-03,-4.908366740253766215e-03,5.235999670427853719e-03,1.097598595070188240e-02,9.969633210997084702e-03,1.341992475312654004e-02,1.725614475007395190e-02,4.184343221506235666e-02,3.189356933895257096e-02,-1.840329664883606081e-02,-1.767875741069307310e-02,-3.785456747731147376e-02,-3.785456747731147376e-02,-1.670408821497746873e-02,-1.670408821497746873e-02,4.074271486503208001e-02,4.662396586389785935e-02,4.691508196144272835e-02,5.664452752442645372e-02,-4.164948503303914085e-03,-3.639865106194963007e-02,-2.370003440018903645e-02,-1.953875233110578813e-02,-2.343789098541358001e-02,-4.733108999526951244e-02,-3.635492293756896476e-02,0.000000000000000000e+00
-3.442341897641482741e-18,-1.022725398695599648e-02,-1.131934220151807093e-02,8.227533972888986802e-03,1.527652594392066646e-02,1.759966514197031096e-02,2.549363268894095508e-02,9.914551044900320187e-03,-1.428321922384505685e-02,-1.276632350202124011e-02,-2.560557634691391915e-02,-2.318615181019776164e-02,2.607818358008111249e-04,2.607818358008112333e-04,1.059957899594930059e-04,1.059957899594930059e-04,-1.248140687862787576e-03,-1.248140687862787576e-03,7.583128754932992599e-03,1.123612271519777717e-02,2.093138187769899052e-03,-2.606601093511188433e-03,4.430693443835346385e-03,1.312518345539906775e-02,2.323015905531299052e-02,6.596555414417532015e-02,4.966672025531197049e-02,-1.299789708006278410e-02,-1.228147755596479922e-02,-5.077939606688437746e-02,-5.077939606688435664e-02,1.911626561428619864e-02,1.911626561428619517e-02,4.928885269976287370e-02,5.350157515273438330e-02,-1.105052474357272330e-02,-2.062162121235197598e-02,-2.597186288282127969e-02,-3.687201529733380445e-02,-1.058098428712632433e-02,1.502183025386786414e-02,1.622804926816274335e-02,3.496950668004559365e-02,2.812665562816438897e-02,2.597791706098903641e-03,2.556881600491098250e-03,-5.109230475769744456e-02,-5.109230475769727109e-02,-2.762409974154383940e-02,-2.762409974154383940e-02,4.807353536939362043e-02,5.451195528493761600e-02,4.234127992244277050e-02,5.123217102108046372e-02,2.725989111382942642e-02,2.295732837356498357e-02,3.094114661486929707e-03,-2.342894113438723225e-02,-1.993268605387517323e-02,-2.817100367767894076e-02,-2.373462514576078763e-02,4.277577141139782269e-02,4.277577141139786432e-02,2.325931325358038260e-02,2.325931325358038260e-02,-9.078108098100307055e-03,-9.078108098100307055e-03,-5.537389448258681068e-02,-6.572415513353832561e-02,-1.746031061889358194e-02,-1.074971840391278355e-02,-8.619305533627955040e-03,-1.036744117053284286e-02,7.701204429650526651e-04,2.058043193451973563e-02,1.904717417063638008e-02,3.915551183323524864e-02,3.453084508127814145e-02,-3.932233226490196298e-02,-3.932233226490196298e-02,-4.923679194828917138e-03,-4.923679194828917138e-03,5.072508729556529650e-03,5.153668869229494076e-03,-1.082878859017345763e-02,-1.358395577147550326e-02,-1.840377232467597934e-02,-2.528709102464504060e-02,-4.465984931632375338e-02,-4.192962057996415387e-02,-6.827097005238498724e-03,0.000000000000000000e+00,0.000000000000000000e+00,0.000000000000000000e+00,0.000000000000000000e+00,1.462562696158311790e-02,1.462562696158311616e-02,1.778817370495593825e-02,1.778817370495595906e-02,-7.426311203920656079e-03,-7.859512690816212316e-03,-1.466311421782010536e-02,-1.863091666832391441e-02,2.512158336040071216e-03,1.186448119901080227e-02,9.147116294867531708e-03,1.044835815491424943e-02,1.382568240576418500e-02,3.434951591994803155e-02,2.628835321437863679e-02,-1.239624356975018576e-02,-1.190820248432705730e-02,-3.915006976936979272e-02,-3.915006976936979965e-02,-1.103941324215207583e-02,-1.103941324215207583e-02,3.488408769671635240e-02,4.082536234884540788e-02,4.060053786668851861e-02,4.784485248096762705e-02,-7.107919745443364024e-03,-3.735182093485778232e-02,-2.237795127617812213e-02,-1.468683038810455858e-02,-1.240414001351513446e-02,-1.676924001217101542e-02,-1.373229103358860649e-02,0.000000000000000000e+00
0.000000000000000000e+00,0.000000000000000000e+00,0.000000000000000000e+00,0.000000000000000000e+00,1.067476453288366926e-02,2.762200766992796083e-02,3.710861859318304035e-02,1.215649303694719616e-02,-2.904628763535209782e-02,-2.455070123769620416e-02,-1.873709549071456149e-02,-1.522779946917893548e-02,0.000000000000000000e+00,0.000000000000000000e+00,0.000000000000000000e+00,0.000000000000000000e+00,0.000000000000000000e+00,0.000000000000000000e+00,0.000000000000000000e+00,0.000000000000000000e+00,0.000000000000000000e+00,0.000000000000000000e+00,0.000000000000000000e+00,0.000000000000000000e+00,3.757258248196345719e-03,5.740552386491164921e-02,5.412782236175847639e-02,8.700529517208267782e-03,8.220972772165241471e-03,-2.352762533798793965e-02,-2.352762533798790495e-02,3.644935737508061407e-02,3.644935737508061407e-02,4.294103828816173141e-02,4.661121250082540801e-02,-3.074767656193118370e-02,-4.650071328056919195e-02,-4.098798833109763146e-02,-5.170353492662869282e-02,-1.443259552771670312e-02,2.213454841398322659e-02,2.351892522588958090e-02,4.953096715933390237e-02,3.935729404041906493e-02,-2.689115355944661501e-02,-2.646767082622716871e-02,-4.885760470975666903e-02,-4.885760470975650249e-02,3.484304790615823377e-04,3.484304790615823377e-04,6.087138043753369948e-02,6.902379746041793773e-02,4.381809812782148927e-02,5.089372472277588211e-02,2.579530539762298069e-02,2.033397342473700076e-02,-9.617819508484726221e-03,-5.725198736015296719e-02,-4.403032870330896020e-02,-3.913424035336512952e-02,-3.297136785677190485e-02,1.041898683490663641e-01,1.041898683490663918e-01,2.777484963276866115e-02,2.777484963276866115e-02,-3.897962649892847131e-02,-3.897962649892847131e-02,-7.797527889057026540e-02,-9.255009737479000242e-02,-9.805488792070160553e-03,7.210772272653792614e-03,-3.460234158642008350e-03,-1.228709747330550273e-02,1.601597332820674235e-02,7.486781699790837075e-02,5.763419765914826187e-02,4.375382599318924925e-02,3.858605126958403186e-02,-7.180035675351159608e-02,-7.180035675351159608e-02,-2.030453531730937178e-02,-2.030453531730937178e-02,1.207284798336572158e-02,1.226601355109969982e-02,1.037814189151535504e-02,1.268129405019839673e-02,-2.781381660714332335e-02,-4.872641848559695898e-02,-5.961904381199897851e-02,-6.566151433387297509e-02,-2.445875467391061056e-02,0.000000000000000000e+00,0.000000000000000000e+00,1.630453442230648045e-02,1.630453442230648045e-02,3.129775472829247895e-02,3.129775472829247895e-02,1.147329209773018110e-02,1.147329209773018110e-02,-8.764491889623908516e-03,-9.275753916518837683e-03,-3.521569166203462886e-02,-4.543775838827562863e-02,-2.808834038112948198e-03,1.360014633524224067e-02,7.540339063358603156e-03,4.643437358406349996e-03,7.124314105251880642e-03,1.971023757600336504e-02,1.533862869195485625e-02,-6.615352292099960230e-04,-6.354905351466169638e-04,-4.165435498397668246e-02,-4.165435498397668246e-02,0.000000000000000000e+00,0.000000000000000000e+00,2.343932764698299087e-02,2.949785780781242345e-02,2.826514940251719996e-02,3.065478960537313530e-02,-1.285697984636715620e-02,-3.921382719821323026e-02,-1.979527726648227376e-02,-5.208657290148448887e-03,9.150164210659152142e-03,6.886835196763405054e-02,5.639613074514805702e-02,0.000000000000000000e+00
0.000000000000000000e+00,0.000000000000000000e+00,0.000000000000000000e+00,0.000000000000000000e+00,1.912332205747886921e-03,1.839778710535130979e-02,3.609746159051085285e-02,1.252914271666692031e-02,-2.570067784938677782e-02,-2.133070163548908202e-02,-1.230911594687197907e-02,-9.596228186529212265e-03,0.000000000000000000e+00,0.000000000000000000e+00,0.000000000000000000e+00,0.000000000000000000e+00,0.000000000000000000e+00,0.000000000000000000e+00,0.000000000000000000e+00,0.000000000000000000e+00,0.000000000000000000e+00,0.000000000000000000e+00,0.000000000000000000e+00,0.000000000000000000e+00,0.000000000000000000e+00,4.602926750224899805e-02,4.639240753170877085e-02,6.588397677338736491e-03,6.225257647879095524e-03,-1.661312958216662472e-02,-1.661312958216661778e-02,3.524143359101724465e-02,3.524143359101724465e-02,3.769191395387085086e-02,4.091344506103952727e-02,-2.796024786747910995e-02,-4.212857372106627168e-02,-3.600326382140714432e-02,-4.481931792286676652e-02,-9.332343417709445046e-03,2.759737895065516103e-02,2.684560000267112445e-02,4.916793052950081677e-02,3.895876034572343105e-02,-3.368317505113238575e-02,-3.315273134953997114e-02,-5.264345411658315904e-02,-5.264345411658297863e-02,3.443915786102903775e-03,3.443915786102904209e-03,5.663136053354966143e-02,6.421591774786458706e-02,4.491386515690105885e-02,5.326766414279170136e-02,2.736630024917419135e-02,2.199013476089453634e-02,-6.810613880238708395e-03,-5.131037635360308213e-02,-3.664733401031276816e-02,-1.608928397805603483e-02,-1.337289996721335861e-02,1.073701124072025809e-01,1.033947712076648678e-01,1.303498685506573884e-02,1.784382077145113543e-02,-4.516876609181283420e-02,-4.520329364473704703e-02,-7.940295258978823101e-02,-9.772784830803865619e-02,-1.059245149827348076e-02,1.303797689788728509e-02,4.459397638120296548e-03,-6.016557091837737570e-03,1.493018974132163772e-02,7.095547555903149173e-02,5.952628177386750513e-02,3.859275066996722958e-02,3.072691958765474962e-02,-6.947561950187508550e-02,-6.947561950187511326e-02,-2.845725957237247791e-02,-2.845725957237248138e-02,4.881679535244653166e-03,4.959786407808614017e-03,7.822011765899999913e-03,9.641920798565432535e-03,-2.769990542129699418e-02,-4.758146846163101990e-02,-5.246510382676582152e-02,-5.513925251783468456e-02,-2.065769582617346667e-02,0.000000000000000000e+00,0.000000000000000000e+00,2.327338621746317254e-02,2.327338621746317601e-02,2.625106501523265246e-02,2.625106501523264899e-02,1.409947146183484351e-02,1.409947146183484351e-02,-7.798482395637989194e-03,-8.253393868717033566e-03,-3.706486131290715608e-02,-4.793261473874393941e-02,-1.817413354157446786e-03,1.631306684032866189e-02,1.156702646629891376e-02,1.185136899377593409e-02,1.081855989440569897e-02,1.690189510937617490e-02,1.292608088737438876e-02,-6.335068626337245212e-03,-6.085656475694097012e-03,-4.097913513197579821e-02,-4.097913513197581209e-02,-5.190041272237449002e-03,-5.190041272237448135e-03,2.611609607442154368e-02,3.178406779078273015e-02,1.965849647897330646e-02,1.931300700925791397e-02,-1.499698972690079353e-02,-3.739960783536898370e-02,-1.732775410718139994e-02,-6.836416774041141620e-04,1.342969365090445483e-02,7.656287258845366483e-02,6.269715550550417071e-02,0.000000000000000000e+00
0.000000000000000000e+00,-4.071973051228298078e-03,-4.071973051228312823e-03,0.000000000000000000e+00,0.000000000000000000e+00,0.000000000000000000e+00,0.000000000000000000e+00,0.000000000000000000e+00,0.000000000000000000e+00,0.000000000000000000e+00,0.000000000000000000e+00,0.000000000000000000e+00,9.195277549403694378e-03,9.195277549403727338e-03,2.538065733359209236e-03,2.538065733359200563e-03,-1.173334328276289494e-02,-1.173334328276289494e-02,0.000000000000000000e+00,0.000000000000000000e+00,0.000000000000000000e+00,0.000000000000000000e+00,0.000000000000000000e+00,0.000000000000000000e+00,0.000000000000000000e+00,0.000000000000000000e+00,0.000000000000000000e+00,0.000000000000000000e+00,0.000000000000000000e+00,8.342110075199342866e-04,8.342110075199345035e-04,2.877904134627858393e-02,2.877904134627858046e-02,9.609098765415994420e-03,1.043038925818664912e-02,-1.304750435216113849e-02,-1.873762707772684902e-02,-9.334987694564478300e-03,-7.988756952742367273e-03,1.795400537082797454e-02,5.682352232184859075e-02,4.464331005845151301e-02,4.722568455989376024e-02,3.682660507910190395e-02,-7.002049003164928509e-02,-6.891780514926164336e-02,-4.734597443160949715e-02,-4.734597443160933755e-02,0.000000000000000000e+00,0.000000000000000000e+00,2.840024221451510622e-02,3.294674945298438351e-02,5.077621876247646882e-02,6.596824003987569740e-02,3.577112270497247171e-02,3.085059790933692217e-02,8.207936230876955452e-03,-1.952275746856305116e-02,3.069658508685735310e-03,1.325919874303297663e-01,1.513684573141394485e-01,1.060175600276959118e-01,7.577039923509587549e-02,-3.784185898688785521e-03,-6.392552766456693902e-02,-1.456512588725638879e-01,-8.511553135350152788e-02,-8.830584692308662831e-02,-1.242742612224193299e-01,-1.522058395512129736e-02,3.940326641236537031e-02,4.536324055925594623e-02,2.897769311798583172e-02,1.124155457258632640e-02,5.209167902865013272e-02,6.874358305942479541e-02,9.639648795213867638e-03,-1.107787784897473760e-02,-5.703827520562046449e-02,-5.703827520562046449e-02,-7.207433433695779879e-02,-7.207433433695779879e-02,-3.359107166220106494e-02,-3.412852880879665290e-02,-5.853284406141703866e-03,-6.618726097670182829e-03,-2.709048057701907153e-02,-4.030113763544620337e-02,-1.419152490577039322e-02,2.194502819372078951e-03,1.295462952780921349e-02,4.264951599395967047e-02,3.280458069696367412e-02,1.571272450821725730e-02,1.447550210599525371e-02,-7.487249496361605972e-04,-7.487249496361605972e-04,2.814953105979406400e-02,2.814953105979406400e-02,-2.630331602813493208e-03,-2.783767612977661177e-03,-4.695791894507472114e-02,-6.128009621374869847e-02,3.486687305004204651e-03,3.082719154254029426e-02,3.310980407202852166e-02,5.041380324300118870e-02,3.058277486637762943e-02,1.877262912921479066e-03,1.895013286959401633e-05,-3.668847230096643208e-02,-3.524404425762166226e-02,-3.722512947189428323e-02,-3.722512947189428323e-02,-2.695533973790091575e-02,-2.695533973790091575e-02,3.429380536853474104e-02,3.787228940699091662e-02,-2.638709666198419540e-02,-4.136552987995537056e-02,-1.404971049923375674e-02,-2.649761319718736772e-03,0.000000000000000000e+00,0.000000000000000000e+00,1.980233886277211683e-02,1.162099768361796320e-01,9.640763797340765051e-02,0.000000000000000000e+00
0.000000000000000000e+00,-4.071973051228298078e-03,-4.071973051228312823e-03,0.000000000000000000e+00,0.000000000000000000e+00,0.000000000000000000e+00,0.000000000000000000e+00,0.000000000000000000e+00,0.000000000000000000e+00,0.000000000000000000e+00,0.000000000000000000e+00,0.000000000000000000e+00,9.195277549403694378e-03,9.195277549403727338e-03,2.538065733359209236e-03,2.538065733359200563e-03,-1.173334328276289494e-02,-1.173334328276289321e-02,0.000000000000000000e+00,0.000000000000000000e+00,0.000000000000000000e+00,0.000000000000000000e+00,0.000000000000000000e+00,0.000000000000000000e+00,0.000000000000000000e+00,0.000000000000000000e+00,0.000000000000000000e+00,0.000000000000000000e+00,0.000000000000000000e+00,8.342110075199343951e-04,8.342110075199345035e-04,2.877904134627858393e-02,2.877904134627858393e-02,9.609098765415994420e-03,1.043038925818664739e-02,-1.304750435216113502e-02,-1.873762707772684902e-02,-9.334987694564481769e-03,-7.988756952742367273e-03,1.795400537082797454e-02,5.682352232184859075e-02,4.464331005845148526e-02,4.722568455989376024e-02,3.682660507910193171e-02,-7.002049003164928509e-02,-6.891780514926164336e-02,-4.734597443160949715e-02,-4.734597443160933755e-02,0.000000000000000000e+00,0.000000000000000000e+00,2.840024221451511663e-02,3.294674945298438351e-02,5.077621876247646188e-02,6.596824003987569740e-02,3.577112270497247171e-02,3.085059790933691870e-02,8.207936230876955452e-03,-1.952275746856305116e-02,2.043056961874567534e-03,1.675811478782556763e-01,3.802034999635426349e-01,2.055139039641611931e-01,-4.979860820274212285e-02,9.906561838377236917e-03,-1.102278288630146874e-01,-2.315740436465712482e-01,-1.203264956137120589e-01,-1.297216768930927466e-01,-1.261954837630979431e-01,-2.363796071426535472e-02,3.966509428818519589e-02,6.243056250100781357e-02,3.541585992925069815e-02,4.885969226847391988e-03,3.742513702299982148e-02,4.400260007418688168e-02,-1.198749551636457689e-03,-9.468892078047491667e-03,-5.703827520562045755e-02,-5.703827520562049225e-02,-7.207433433695779879e-02,-7.207433433695779879e-02,-3.359107166220106494e-02,-3.412852880879663903e-02,-5.853284406141697795e-03,-6.618726097670196706e-03,-2.709048057701907847e-02,-4.030113763544620337e-02,-1.419152490577039322e-02,2.194502819372078951e-03,1.295462952780921349e-02,4.264951599395967047e-02,3.280458069696366025e-02,1.571272450821725730e-02,1.447550210599526932e-02,-7.487249496361605972e-04,-7.487249496361605972e-04,2.814953105979406400e-02,2.814953105979406400e-02,-2.630331602813493208e-03,-2.783767612977661177e-03,-4.695791894507472114e-02,-6.128009621374869154e-02,3.486687305004204651e-03,3.082719154254029426e-02,3.310980407202852166e-02,5.041380324300118870e-02,3.058277486637762943e-02,1.877262912921479066e-03,1.895013286959401633e-05,-3.668847230096643208e-02,-3.524404425762166226e-02,-3.722512947189428323e-02,-3.722512947189428323e-02,-2.695533973790091575e-02,-2.695533973790091922e-02,3.429380536853473410e-02,3.787228940699091662e-02,-2.638709666198418846e-02,-4.136552987995537056e-02,-1.404971049923375674e-02,-2.649761319718735905e-03,0.000000000000000000e+00,0.000000000000000000e+00,1.980233886277211683e-02,1.162099768361796320e-01,9.640763797340765051e-02,0.000000000000000000e+00
0.000000000000000000e+00,-3.083680868176603973e-02,-3.765648752484920814e-02,-1.605536895797799943e-02,-1.448064993323032804e-02,-9.938411422183105609e-03,-1.027704058083886776e-02,-1.080141717557772489e-02,-1.190839134194603480e-02,-6.690563143359471929e-03,2.121676698144272372e-02,2.121676698144272719e-02,8.248916817786489802e-03,8.248916817786517558e-03,3.114750224996451489e-03,3.114750224996438045e-03,5.391792280694634489e-03,5.612767374165737733e-03,-1.764003575698058074e-02,-2.291260987886230976e-02,-1.532464231676003256e-02,-1.528059151952910685e-02,-2.615842084929909193e-03,8.364637994458483730e-03,-7.682959231163342430e-04,-8.364637994458483730e-03,-1.623410223133410881e-03,0.000000000000000000e+00,0.000000000000000000e+00,0.000000000000000000e+00,0.000000000000000000e+00,9.675406348113159069e-03,9.675406348113157334e-03,4.436409450121718556e-02,4.815589745003946015e-02,6.824322699785959068e-03,4.097127748642591383e-03,-1.378760133298618899e-02,-2.656662795766843999e-02,-1.093975732845733212e-02,2.049624685736620155e-03,5.786537708387884393e-03,2.291879755168356458e-02,1.749497258641758562e-02,-5.792791589836879251e-02,-5.701566525430039334e-02,-2.402309928178139424e-03,-2.402309928178131184e-03,0.000000000000000000e+00,0.000000000000000000e+00,0.000000000000000000e+00,0.000000000000000000e+00,5.944518304752393484e-02,8.616466000935225911e-02,4.822377836286331071e-02,4.137948905956791157e-02,4.038431389718459552e-02,6.057346586764694729e-02,4.662802223919026989e-02,8.835844849741172902e-02,2.813162045540666956e-01,3.113226438068580904e-01,-6.507814879839768363e-02,-2.070269799442390757e-01,2.338345896021881698e-02,-2.958352529588376134e-02,-1.910195503958959096e-01,-2.189636558239783926e-01,-1.395594962247567183e-01,-8.539869361385399316e-03,4.217966143301993265e-02,5.175661102295409099e-02,5.369912242096061550e-02,3.503543527863997586e-02,4.053332289761532592e-02,2.566386251670252361e-02,-7.998145427471953228e-02,-7.598616751476997000e-02,-2.097713228158970544e-02,-2.097713228158970544e-02,-3.686424095587714778e-02,-3.686424095587714778e-02,-1.487066065539573156e-02,-1.510859122588221852e-02,7.005193557534012717e-03,9.018399649594180389e-03,-8.549128810933892542e-03,-1.659746012947417582e-02,1.117963156337156705e-02,3.958020169219558793e-02,1.104077858017663005e-02,-4.266713455949856793e-02,-3.676721736871195467e-02,-6.587259572334765168e-02,-6.068577716245344977e-02,3.122353218704904815e-02,3.122353218704904468e-02,3.581877704823956121e-02,3.581877704823956121e-02,-3.490139690575766018e-03,-3.693731172526110162e-03,-5.919767235589460525e-02,-7.401444264775854098e-02,-1.420650897630605126e-02,3.706709574101291552e-03,4.190308780949440759e-02,9.714312433683522374e-02,6.616033365286652645e-02,3.641017586837275166e-02,2.731935016258773760e-02,-2.700998806405303931e-02,-2.594660270720081097e-02,-2.850154089140402927e-02,-2.850154089140404315e-02,9.316258484234674064e-03,9.316258484234674064e-03,1.528289982567228311e-02,1.687763719878607183e-02,-5.317104750106460553e-02,-7.560059433718044342e-02,-3.456325202612549330e-02,-2.526829283357553274e-02,-9.442548973394037509e-03,5.790375320138374526e-03,1.258965355589091763e-02,4.912459133334089179e-02,4.022801180053035830e-02,0.000000000000000000e+00
0.000000000000000000e+00,-3.083680868176603973e-02,-3.765648752484920814e-02,-1.605536895797799943e-02,-1.448064993323032804e-02,-9.938411422183102140e-03,-1.027704058083886603e-02,-1.080141717557773010e-02,-1.190839134194603480e-02,-6.690563143359470194e-03,2.121676698144272372e-02,2.121676698144272719e-02,8.248916817786489802e-03,8.248916817786517558e-03,3.114750224996451489e-03,3.114750224996437611e-03,5.391792280694633621e-03,5.612767374165737733e-03,-1.764003575698058074e-02,-2.291260987886230976e-02,-1.532464231676003083e-02,-1.528059151952910685e-02,-2.615842084929911361e-03,8.364637994458483730e-03,-7.682959231163338093e-04,-8.364637994458483730e-03,-1.623410223133410881e-03,0.000000000000000000e+00,0.000000000000000000e+00,0.000000000000000000e+00,0.000000000000000000e+00,9.675406348113157334e-03,9.675406348113157334e-03,4.436409450121718556e-02,4.815589745003946015e-02,6.824322699785959068e-03,4.097127748642591383e-03,-1.378760133298620461e-02,-2.656662795766843652e-02,-1.093975732845731130e-02,2.049624685736620155e-03,5.786537708387877454e-03,2.291879755168356458e-02,1.749497258641758562e-02,-5.792791589836879251e-02,-5.701566525430039334e-02,-2.402309928178139424e-03,-2.402309928178131184e-03,0.000000000000000000e+00,0.000000000000000000e+00,0.000000000000000000e+00,0.000000000000000000e+00,5.944518304752393484e-02,8.616466000935223135e-02,4.822377836286331071e-02,4.137948905956793932e-02,4.038431389718459552e-02,6.057346586764694729e-02,5.076115563455568802e-02,1.222000450866177756e-01,2.799099407576171039e-01,2.793176642551419842e-01,1.226175877788727303e-01,-3.817124149522399534e-03,-8.101711174482151279e-02,-2.223010948155587085e-01,-2.315474440700150405e-01,-1.678342554255499164e-01,-1.091813334651279555e-01,1.960365708639943971e-03,2.441432375100471841e-03,-3.341277431172956502e-02,5.998713999971427846e-03,4.424041051357294196e-02,5.016312167278291767e-02,2.561810909176534534e-02,-7.804492012763356024e-02,-7.393454277106792372e-02,-2.097713228158970544e-02,-2.097713228158970544e-02,-3.686424095587714778e-02,-3.686424095587714778e-02,-1.487066065539571595e-02,-1.510859122588222025e-02,7.005193557534025728e-03,9.018399649594180389e-03,-8.549128810933906419e-03,-1.659746012947417582e-02,1.117963156337155317e-02,3.958020169219558793e-02,1.104077858017663005e-02,-4.266713455949856793e-02,-3.676721736871195467e-02,-6.587259572334765168e-02,-6.068577716245344977e-02,3.122353218704904468e-02,3.122353218704904468e-02,3.581877704823956121e-02,3.581877704823956121e-02,-3.490139690575766451e-03,-3.693731172526096285e-03,-5.919767235589460525e-02,-7.401444264775855486e-02,-1.420650897630605126e-02,3.706709574101291118e-03,4.190308780949441453e-02,9.714312433683522374e-02,6.616033365286652645e-02,3.641017586837275166e-02,2.731935016258770985e-02,-2.700998806405302544e-02,-2.594660270720078321e-02,-2.850154089140403968e-02,-2.850154089140403968e-02,9.316258484234674064e-03,9.316258484234674064e-03,1.528289982567228311e-02,1.687763719878607183e-02,-5.317104750106460553e-02,-7.560059433718044342e-02,-3.456325202612550024e-02,-2.526829283357553274e-02,-9.442548973394034040e-03,5.790375320138376261e-03,1.258965355589092457e-02,4.912459133334089179e-02,4.022801180053035136e-02,0.000000000000000000e+00
0.000000000000000000e+00,-9.994778490531375237e-03,-1.220516219516820482e-02,1.452704541520140336e-03,5.743360583480613957e-03,7.812773625974246683e-03,1.255220109756242236e-02,-3.976732601305335568e-03,-3.917562617421663229e-02,-2.835749452168820350e-02,2.296503144608511016e-04,2.079510721495897441e-04,-1.491652293187495024e-02,-1.491652293187500575e-02,9.221016992531382017e-03,9.221016992531343853e-03,4.814195881535779376e-02,5.011498991434795713e-02,5.688477735835320570e-03,4.766280029084246639e-03,2.319176525933108746e-03,2.119468131304522163e-03,-1.178712187117268544e-02,-3.028410098746116275e-02,-3.046046342518033551e-02,-5.383848050911792249e-02,-4.102387120261576786e-02,0.000000000000000000e+00,0.000000000000000000e+00,0.000000000000000000e+00,0.000000000000000000e+00,0.000000000000000000e+00,0.000000000000000000e+00,3.300428792889119334e-02,3.741243002105499454e-02,-9.590395999563353785e-03,-1.891291848563109515e-02,-1.363208242259391322e-02,-1.559363602314942088e-02,5.599962349950341270e-03,3.300914241125136456e-02,2.247958796321035055e-02,9.887416833554533990e-03,7.555220751072927454e-03,-2.450174081816126198e-02,-2.411588663204867339e-02,-7.141024512748086334e-03,-7.141024512748063782e-03,2.924788314992133459e-02,2.924788314992133112e-02,2.200081687865666769e-03,2.494735485347697457e-03,2.605367331679999537e-02,3.675725257251006434e-02,3.454197034238984387e-02,4.530385811709303212e-02,2.993631743537589207e-02,2.414830160814085414e-02,3.410391961506864522e-02,1.178804665054041800e-01,1.644895630589904290e-01,2.064393527690558949e-01,3.796419219674175283e-01,1.343574467410854623e-01,-1.436397149861242672e-01,-2.304251344463372209e-01,-3.152384572206430868e-01,-1.619189520345708511e-01,-3.557411396598303410e-02,-9.907180279721317095e-03,-3.742103810141247933e-02,-3.862099407450383937e-02,4.668859499153993342e-03,2.526466935162599570e-02,-3.304750629742919665e-03,-2.032757969137172216e-02,-8.736427574097556381e-02,-7.835228634557726834e-02,5.013132026736079327e-02,5.013132026736079327e-02,-6.330478356209368052e-03,-6.330478356209368052e-03,-9.202529261298886265e-03,-9.349769729479762148e-03,6.315855257904234854e-03,8.047187815811818190e-03,2.366844739760978755e-02,3.550269777343215138e-02,1.813129829917442537e-02,1.068831055125735174e-02,-1.705901963578371205e-02,-8.864744069344807076e-02,-6.921612869233693954e-02,-4.575889187426399052e-02,-4.215582952195924549e-02,6.822444416374646992e-03,6.822444416374646992e-03,5.816270695456343676e-04,5.816270695456343676e-04,6.053205026303902503e-03,6.406308652838456352e-03,-1.070086619930830235e-02,-1.447272338022714128e-02,-2.438560779875400056e-02,-3.598365525722829750e-02,3.367481573142216272e-03,4.578046840043438481e-02,3.518814526489249389e-02,3.534210179315229461e-02,2.739378004601970493e-02,-3.971602335510110438e-03,-3.815240038836528302e-03,-1.575990108358765740e-02,-1.575990108358767128e-02,2.465490639331591183e-02,2.465490639331592571e-02,1.147681458023466772e-02,1.267439523208534202e-02,-1.184629357957467377e-02,-1.800621768903268305e-02,-1.186532467365719601e-02,-1.270548716577318826e-02,-1.031782325739265087e-02,-1.246620213204334415e-02,-1.137538770390657261e-02,-1.890921155219979499e-02,-1.548470867266725504e-02,0.000000000000000000e+00
2.753873518113185885e-17,-9.994778490531375237e-03,-1.220516219516822043e-02,1.452704541520140336e-03,5.743360583480593140e-03,7.812773625974246683e-03,1.255220109756244318e-02,-3.976732601305335568e-03,-3.917562617421663229e-02,-2.835749452168821044e-02,2.296503144608511016e-04,2.079510721495966830e-04,-1.491652293187495024e-02,-1.491652293187500922e-02,9.221016992531382017e-03,9.221016992531347323e-03,4.814195881535779376e-02,5.011498991434797101e-02,5.688477735835320570e-03,4.766280029084232761e-03,2.319176525933094868e-03,2.119468131304522163e-03,-1.178712187117268717e-02,-3.028410098746116275e-02,-3.046046342518033898e-02,-5.383848050911792249e-02,-4.102387120261576092e-02,0.000000000000000000e+00,0.000000000000000000e+00,0.000000000000000000e+00,0.000000000000000000e+00,0.000000000000000000e+00,0.000000000000000000e+00,3.300428792889119334e-02,3.741243002105499454e-02,-9.590395999563353785e-03,-1.891291848563109515e-02,-1.363208242259391322e-02,-1.559363602314942261e-02,5.599962349950341270e-03,3.300914241125136456e-02,2.247958796321034708e-02,9.887416833554533990e-03,7.555220751072919648e-03,-2.450174081816126198e-02,-2.411588663204866645e-02,-7.141024512748086334e-03,-7.141024512748063782e-03,2.924788314992133459e-02,2.924788314992133459e-02,2.200081687865666769e-03,2.494735485347690518e-03,2.605367331679999537e-02,3.675725257251008515e-02,3.454197034238981612e-02,4.530385811709301824e-02,2.993631743537592330e-02,2.414830160814085414e-02,3.054325006082794433e-02,1.044713264908947725e-01,1.860080399402481433e-01,1.814706423892911147e-01,2.390861338843504047e-01,1.850193234320755553e-01,-4.685993424555112696e-03,-3.385370393533719824e-01,-3.786213562192283222e-01,-6.189935784568675881e-02,-2.399445416088607792e-04,5.365421474235632093e-03,2.368325588710959440e-02,-1.697790670258766954e-02,-3.375143973545821630e-02,-1.220109252311588066e-02,-1.414776876021731078e-02,-2.715146444316043906e-02,-8.751226359571788460e-02,-7.517004442348378113e-02,5.013132026736079327e-02,5.013132026736079327e-02,-6.330478356209368052e-03,-6.330478356209368052e-03,-9.202529261298886265e-03,-9.349769729479789904e-03,6.315855257904234854e-03,8.047187815811845946e-03,2.366844739760978755e-02,3.550269777343215138e-02,1.813129829917439761e-02,1.068831055125735174e-02,-1.705901963578368430e-02,-8.864744069344807076e-02,-6.921612869233693954e-02,-4.575889187426399746e-02,-4.215582952195924549e-02,6.822444416374646992e-03,6.822444416374646992e-03,5.816270695456204898e-04,5.816270695456343676e-04,6.053205026303930258e-03,6.406308652838456352e-03,-1.070086619930831623e-02,-1.447272338022714128e-02,-2.438560779875400056e-02,-3.598365525722829750e-02,3.367481573142216272e-03,4.578046840043437787e-02,3.518814526489249389e-02,3.534210179315230155e-02,2.739378004601970840e-02,-3.971602335510110438e-03,-3.815240038836528735e-03,-1.575990108358764352e-02,-1.575990108358764352e-02,2.465490639331589795e-02,2.465490639331590142e-02,1.147681458023466772e-02,1.267439523208534029e-02,-1.184629357957467204e-02,-1.800621768903268305e-02,-1.186532467365719601e-02,-1.270548716577318826e-02,-1.031782325739265260e-02,-1.246620213204333028e-02,-1.137538770390657261e-02,-1.890921155219980887e-02,-1.548470867266725504e-02,0.000000000000000000e+00
0.000000000000000000e+00,-3.091873696509263303e-02,-3.775653456314223555e-02,5.653628063322417574e-03,1.958532171597810595e-02,1.309715828113543895e-02,1.314507418567590485e-02,4.258262347951707882e-03,-1.046316573205049311e-02,-7.183527819724755403e-03,4.191934520300387434e-03,3.795846219169666646e-03,-5.833437412034903069e-03,-5.833437412034930825e-03,2.557218695276043674e-02,2.557218695276032572e-02,-8.865764991735892997e-03,-9.229116015987373634e-03,1.049904005131877677e-02,1.393458249088313367e-02,5.599703169889141963e-04,-4.198053677462364186e-03,-1.953221755010420280e-02,-4.276397908137020976e-02,-3.008707605151085540e-02,-1.649410898257460192e-02,-1.132462704146827356e-02,0.000000000000000000e+00,0.000000000000000000e+00,0.000000000000000000e+00,0.000000000000000000e+00,4.338867459232383507e-04,4.338867459232383507e-04,-4.338867459232383507e-04,-4.338867459232399228e-04,0.000000000000000000e+00,0.000000000000000000e+00,0.000000000000000000e+00,2.256804462803144520e-02,4.217895285936689581e-02,5.188719469540867962e-02,2.802066501063272402e-02,-2.161855698347815366e-02,-1.806105946076803914e-02,-4.433086960138567928e-02,-4.363274567065550391e-02,-2.435259167820950227e-03,-2.435259167820942421e-03,3.952782265193308803e-02,3.952782265193308803e-02,-8.985796985615024379e-03,-1.018925193904564319e-02,4.092813591227174863e-02,6.012035999937324904e-02,4.536138574732233308e-02,5.267155015051164235e-02,3.434840056389149021e-02,2.672749563797685579e-02,1.955984501381743956e-02,1.254513760667541611e-02,6.683110940658218424e-02,1.413712119604627615e-01,2.400289731750233080e-01,3.632908572122048318e-01,1.294256245195921640e-01,-5.570855422213428776e-01,-4.426703304445128717e-01,8.984419579650390619e-02,7.573675868839152558e-02,5.196141601140313870e-02,1.618997666058344387e-02,-5.121627711250009707e-02,-8.460913341533310428e-02,-5.098801675241765308e-02,-1.269868246178962323e-02,-2.273934013678324817e-02,-6.918612249764796718e-02,-5.605365233044545814e-02,-1.543741913854515535e-02,-1.543741913854518311e-02,1.821547868831695227e-02,1.821547868831695227e-02,-4.555156549824260215e-03,-4.628039054621488346e-03,1.386876749819795918e-02,1.735872108216070589e-02,-3.611868446946928535e-03,-1.129968759261112954e-02,-2.017984619332970075e-02,-3.607956182334902395e-02,-2.671251892966568925e-02,-2.517700044271978244e-02,-1.786886237666825833e-02,9.729251977876933466e-03,8.963169144973137659e-03,-8.580792495985666013e-03,-8.580792495985666013e-03,-2.851679507604339830e-02,-2.851679507604339830e-02,3.553717273988667158e-02,3.761017448304755650e-02,3.468606518279617607e-02,4.269957790550209242e-02,-1.732110098091635408e-02,-4.703739407758644048e-02,-2.846884182553807013e-02,-2.201100050453586032e-02,-6.166699104538788528e-03,3.177375900244001905e-02,2.483477207257833719e-02,1.682782395183581243e-03,1.616531119782674275e-03,1.867358856233139464e-03,1.867358856233146402e-03,-1.918200310595671171e-02,-1.918200310595672559e-02,-1.326324440650141628e-02,-1.464723512717998333e-02,-4.840268383692596793e-03,-4.771165904378038558e-03,-2.405554411139047138e-03,-2.007458022629488720e-03,-3.496729099933530704e-03,-7.122870225631286120e-03,-5.311198931881188148e-03,-4.242164177077217997e-03,-3.473898223748208332e-03,0.000000000000000000e+00
0.000000000000000000e+00,-3.091873696509263303e-02,-3.775653456314223555e-02,5.653628063322410635e-03,1.958532171597809901e-02,1.309715828113543895e-02,1.314507418567591179e-02,4.258262347951700943e-03,-1.046316573205050005e-02,-7.183527819724741525e-03,4.191934520300401312e-03,3.795846219169674018e-03,-5.833437412034910008e-03,-5.833437412034937763e-03,2.557218695276042286e-02,2.557218695276032572e-02,-8.865764991735879119e-03,-9.229116015987366695e-03,1.049904005131877677e-02,1.393458249088312673e-02,5.599703169889072574e-04,-4.198053677462371125e-03,-1.953221755010419586e-02,-4.276397908137019588e-02,-3.008707605151085540e-02,-1.649410898257460192e-02,-1.132462704146827183e-02,0.000000000000000000e+00,0.000000000000000000e+00,0.000000000000000000e+00,0.000000000000000000e+00,4.338867459232383507e-04,4.338867459232383507e-04,-4.338867459232382965e-04,-4.338867459232399228e-04,0.000000000000000000e+00,0.000000000000000000e+00,0.000000000000000000e+00,2.256804462803144520e-02,4.217895285936688193e-02,5.188719469540867962e-02,2.802066501063273790e-02,-2.161855698347817101e-02,-1.806105946076805996e-02,-4.433086960138566540e-02,-4.363274567065549697e-02,-2.435259167820951094e-03,-2.435259167820941553e-03,3.952782265193308803e-02,3.952782265193308803e-02,-8.985796985615024379e-03,-1.018925193904564319e-02,4.092813591227174863e-02,6.012035999937326292e-02,4.536138574732233308e-02,5.267155015051165623e-02,3.434840056389151797e-02,2.672749563797682804e-02,1.770861314839874967e-02,1.402310063180367550e-03,3.326787801919026122e-02,9.911616431692146789e-02,2.056043424454661317e-01,2.346512918424716876e-01,-1.846339353550596751e-02,-2.810556548222974405e-01,-1.714707831642596214e-01,3.387023338417086138e-02,6.323447637223453266e-02,-2.503545765275358437e-02,-8.459728835667379432e-02,-1.714072822592196954e-02,-1.131979475143182756e-02,-3.540584894125398119e-02,-2.148416705456110409e-02,-3.115946378001402048e-02,-7.387186447815086154e-02,-5.831285615074324746e-02,-1.543741913854514147e-02,-1.543741913854515362e-02,1.821547868831693839e-02,1.821547868831695227e-02,-4.555156549824232459e-03,-4.628039054621488346e-03,1.386876749819794530e-02,1.735872108216070242e-02,-3.611868446946914224e-03,-1.129968759261110178e-02,-2.017984619332970075e-02,-3.607956182334903783e-02,-2.671251892966572394e-02,-2.517700044271979631e-02,-1.786886237666824445e-02,9.729251977876933466e-03,8.963169144973130720e-03,-8.580792495985666013e-03,-8.580792495985666013e-03,-2.851679507604339830e-02,-2.851679507604339830e-02,3.553717273988667158e-02,3.761017448304757038e-02,3.468606518279617607e-02,4.269957790550209242e-02,-1.732110098091634021e-02,-4.703739407758644048e-02,-2.846884182553808401e-02,-2.201100050453587767e-02,-6.166699104538795467e-03,3.177375900244001905e-02,2.483477207257834413e-02,1.682782395183581026e-03,1.616531119782667336e-03,1.867358856233153341e-03,1.867358856233153341e-03,-1.918200310595672559e-02,-1.918200310595672559e-02,-1.326324440650141628e-02,-1.464723512717998333e-02,-4.840268383692589854e-03,-4.771165904378038558e-03,-2.405554411139054077e-03,-2.007458022629488720e-03,-3.496729099933530704e-03,-7.122870225631286120e-03,-5.311198931881189883e-03,-4.242164177077217997e-03,-3.473898223748206164e-03,0.000000000000000000e+00
0.000000000000000000e+00,-8.215989399651088543e-02,-1.003298705534323015e-01,-2.560228579529452708e-02,-1.069763821507817292e-02,4.877879309594997104e-03,1.896752011770111435e-02,2.489164994228272934e-02,5.104434114519847826e-02,3.956122165501587545e-02,2.734964706906398493e-02,2.476542844836515656e-02,-5.651211021357835373e-03,-5.651211021357890885e-03,-1.834446277490926758e-02,-1.834446277490917043e-02,-1.820291973475196556e-02,-1.894894103535658264e-02,-1.645335366286103168e-03,-1.153665518601479367e-03,3.719324998070087929e-03,6.640222490470297501e-03,-1.406997970198842207e-02,-4.010450507861292035e-02,-2.032999441745505717e-02,1.286080282668486743e-02,9.669052638879741673e-03,-2.789741292959252439e-03,-2.635976024843379034e-03,-2.424883356726830960e-02,-2.424883356726830613e-02,3.962249199114043635e-02,3.962249199114043635e-02,-4.333619775919946709e-02,-4.524366535119381250e-02,-1.907467591994192746e-03,0.000000000000000000e+00,2.238348835733441552e-02,4.719674769762642608e-02,4.216957137108397202e-02,4.592190891480402853e-02,2.424326240860147363e-02,-2.195745913508619085e-02,-1.792597189205746844e-02,-1.846879925625063285e-02,-1.817795202386887632e-02,3.213934111086849676e-03,3.213934111086828860e-03,-1.808744946779822227e-03,-1.808744946779822227e-03,-1.812856129266483124e-02,-2.055649360864680170e-02,5.442847834126088302e-03,1.123133796700816200e-02,3.204424320789941300e-02,5.519436431298383600e-02,3.495668136865302811e-02,2.494517001690488289e-02,2.136865078463116852e-02,3.439208615977189243e-02,6.394148444324171399e-02,6.689006258193369581e-02,1.298341353690350697e-01,1.060322213455121704e-01,-2.048917284145190809e-02,-5.897778474410043242e-02,-3.230844507812685729e-02,4.138209885755128603e-02,-1.267823752861274578e-04,-9.414154500046936769e-02,-6.457967181834958770e-02,1.619543554142049979e-02,2.690166469662527704e-02,-7.659299250990374806e-03,-2.248236125002706087e-02,-3.836246192902989516e-02,-1.050989535293116450e-01,-8.528943273085631827e-02,-6.156970816653990763e-02,-6.156970816653990763e-02,1.977431592089277934e-02,1.977431592089277934e-02,7.219717689301199080e-03,7.335233172330090333e-03,-9.912310693900583392e-04,-1.378007962325580871e-03,-2.856210811962370255e-03,-4.155551570393434258e-03,4.231088588868420208e-04,4.521451793884190273e-03,1.137528759836781145e-02,3.404964992808874602e-02,2.458272053399121471e-02,-7.866158542343223981e-03,-7.246775979953920532e-03,-7.197044383620124219e-02,-7.197044383620124219e-02,-1.886602801848310043e-02,-1.886602801848310043e-02,4.136868645094581715e-02,4.378185982725196074e-02,2.342801023914593828e-02,2.751427094413076702e-02,-2.545506662399241865e-02,-5.484083229149870620e-02,-4.458972968940199538e-02,-2.170339810318652404e-02,0.000000000000000000e+00,1.385638828308637278e-02,1.556084016245981409e-02,4.329307773609780696e-02,4.158862585672425116e-02,6.403049480309785935e-03,6.403049480309800680e-03,-1.727783227235637348e-02,-1.727783227235637348e-02,-2.412692556528307775e-02,-2.664451779818246754e-02,5.263934917309788519e-04,4.202023772044021638e-03,-8.506048858444539840e-03,-1.778752227600024008e-02,-1.307446992758801683e-02,-6.044666924998328555e-03,-1.093632367552299992e-03,0.000000000000000000e+00,0.000000000000000000e+00,0.000000000000000000e+00
0.000000000000000000e+00,-9.173768035752416505e-02,-1.120258212058235919e-01,-3.063902713425507851e-02,-1.035088628595596041e-02,2.536079932637991686e-03,1.404870949717104862e-02,2.874835790384013684e-02,6.254107140262878117e-02,4.829855800543513683e-02,3.167819147070226327e-02,2.868497652858879518e-02,-5.617150013754665383e-03,-5.617150013754707016e-03,-2.655318235017500861e-02,-2.655318235017493922e-02,-1.994818230354009070e-02,-2.076573075860325274e-02,-3.915312079857236061e-03,-3.973898791402481756e-03,4.309858583318927627e-03,8.666068503168110337e-03,-1.304900066495736678e-02,-3.960740713417228165e-02,-1.850624084099594321e-02,1.935518470407501454e-02,1.495381557924121106e-02,3.097380324048777667e-03,2.926658573904339367e-03,-2.584254147539244428e-02,-2.584254147539244081e-02,3.659262952528719720e-02,3.659262952528719720e-02,-5.073089952561683075e-02,-5.361932490358128217e-02,-2.888425377964266242e-03,0.000000000000000000e+00,2.693202066671402869e-02,5.180024359848553472e-02,4.180311511199458208e-02,4.480690222684050039e-02,2.353720584747411027e-02,-2.202080533164844922e-02,-1.790072187921440405e-02,-1.363476741603821679e-02,-1.342004666932905543e-02,4.269858088452829770e-03,4.269858088452822831e-03,-9.535206180184517544e-03,-9.535206180184517544e-03,-1.983748920052469389e-02,-2.249429578988076245e-02,-1.189916292630446848e-03,2.093203007687116646e-03,2.955505768651183612e-02,5.566591836204408394e-02,3.507037871533744133e-02,2.461202504100357125e-02,2.261251806661834785e-02,4.548824402609243089e-02,7.518260273545686323e-02,3.850309423229184014e-02,4.525286790505586576e-02,5.221007820824025147e-02,8.884141291144953545e-03,3.356198748645428109e-02,7.429796614866196469e-02,1.805856666619909401e-02,-2.606263743803338695e-02,2.588949943839230494e-02,5.178921803041885985e-02,-3.732676677671531440e-02,-1.028867128178541368e-01,-4.614104600764652037e-02,-2.381603430344969574e-02,-4.359617486015882060e-02,-1.173863663093258902e-01,-9.505873881661490443e-02,-7.019256592878236889e-02,-7.019256592878235501e-02,2.006568736623408344e-02,2.006568736623408344e-02,9.420628762035004877e-03,9.571358822227676866e-03,-3.768800895107546345e-03,-4.880200307089507805e-03,-2.714966394208269407e-03,-2.820199042876066209e-03,4.274128494815378210e-03,1.211042630177863039e-02,1.849450377183238514e-02,4.512005186655820843e-02,3.251759584439523065e-02,-1.115502032182381920e-02,-1.027667226498717168e-02,-8.381897679698978310e-02,-8.381897679698978310e-02,-1.706214632548107984e-02,-1.706214632548107984e-02,4.245868901376066706e-02,4.493544587289770992e-02,2.132370090388409356e-02,2.467589581116401420e-02,-2.697543403391326061e-02,-5.629941887353847457e-02,-4.089719072078331491e-02,-1.740215764757489098e-02,0.000000000000000000e+00,6.263602347473704382e-03,8.274259947215933247e-03,5.107070303346535750e-02,4.906004543372308180e-02,7.250842120324159888e-03,7.250842120324160756e-03,-1.692191249037500178e-02,-1.692191249037498790e-02,-2.615752017440124352e-02,-2.888700054042604368e-02,1.529507860969080146e-03,5.879255487263191499e-03,-9.646328194389550484e-03,-2.073706699625661037e-02,-1.338889450306590505e-02,-3.918422961468220542e-03,0.000000000000000000e+00,0.000000000000000000e+00,0.000000000000000000e+00,0.000000000000000000e+00
0.000000000000000000e+00,-9.682395616773778468e-02,-1.182369464740652409e-01,-2.710234423207285095e-02,-8.920345044070437934e-03,6.555388454780715357e-03,2.142879665145499754e-02,2.491083873644770949e-02,4.814541573081355941e-02,3.515623310673745422e-02,2.955279776734071051e-03,2.676040742712007536e-03,-2.102271039388304424e-02,-2.102271039388313445e-02,2.119712949680288561e-03,2.119712949680274683e-03,2.087856747023288800e-02,2.173424646491459861e-02,1.639554399463340195e-02,1.993497833327145807e-02,-6.366105930130996904e-03,-1.798256376918747068e-02,-2.793452020612270659e-02,-4.963345875375445304e-02,-2.308378639658530823e-02,2.470783584704929273e-02,1.830400628245534150e-02,-1.029303989885319015e-02,-9.725706991042346039e-03,-1.694601698951074542e-02,-1.694601698951073154e-02,1.477473911368286374e-02,1.477473911368285681e-02,-4.160859895048706764e-02,-4.160859895048721335e-02,0.000000000000000000e+00,0.000000000000000000e+00,2.816783634617130508e-02,5.052975811797369432e-02,3.445842940832084811e-02,3.200534312162207212e-02,1.875903673132912897e-02,-5.840977669174157727e-03,-5.166274574004467435e-03,-3.016857432140705036e-02,-2.969347866280244025e-02,-1.441486394296559621e-02,-1.441486394296553897e-02,-2.140334939050118901e-02,-2.140334939050119248e-02,2.995867168329642907e-03,3.397099378373804723e-03,3.111981515875640245e-02,4.383438240996032076e-02,3.232422962921556453e-02,3.696167623230142696e-02,2.774189075565076934e-02,2.950134594877353023e-02,2.278694974179684696e-02,2.420977999043696927e-02,4.977145232194274405e-02,2.268503759827666943e-02,2.769025363597307776e-02,3.873634975557962989e-02,1.839442818565309445e-02,7.970765929286346974e-02,7.263613641194974213e-02,7.191882232872759406e-03,6.511496006737549358e-02,1.071948390482305169e-01,2.061506555743874980e-01,8.422074600355528018e-02,-2.546962993459468416e-01,-2.096166868148399698e-01,-6.362300776297544203e-02,-4.850538213553093336e-02,-1.258274941938024027e-01,-1.069388915925464506e-01,-6.532120166751957668e-02,-6.532120166751956281e-02,-1.263577025932619002e-04,-1.263577025932619002e-04,-1.285036637821236616e-02,-1.305597224026390502e-02,2.681349939404352022e-03,3.594543007695065462e-03,-2.738968902069392319e-03,-5.540666148799847091e-03,1.078692061209088338e-02,2.921233737282027954e-02,2.903513842530456440e-02,4.889050383464935146e-02,3.541176104633372845e-02,-9.841370757261755364e-03,-9.066459674012677938e-03,-4.959410548351571996e-02,-4.959410548351571996e-02,-1.473313051927172684e-02,-1.473313051927172858e-02,1.540231673674691271e-02,1.630078521305752121e-02,-3.434185066381809093e-03,-5.672649483731140307e-03,-3.343482386849413318e-02,-5.508166414576691483e-02,-2.530506076166641471e-02,-2.318224543354771138e-03,0.000000000000000000e+00,3.420176905351536567e-02,3.611820758983910057e-02,4.867753882263994858e-02,4.676110028631597776e-02,-2.633716283826334145e-02,-2.633716283826334492e-02,-2.664330274747059996e-02,-2.664330274747059996e-02,-1.198315195012747067e-02,-1.323356780579308667e-02,8.507333585796753722e-03,1.346993672897510083e-02,4.258641308104486878e-03,1.005792182828289111e-03,-7.903359068027504845e-04,-3.450187103651917303e-03,-3.078934810224108476e-03,-4.850415891419559977e-03,-3.971994115808070991e-03,0.000000000000000000e+00
0.000000000000000000e+00,-9.942764497534709034e-02,-1.214164510756650939e-01,-2.487956752415181050e-02,-4.532428405270823649e-03,8.200559737883108408e-03,2.155108264402777821e-02,2.294639440075877876e-02,4.077621104167025723e-02,2.842861440859480171e-02,-1.174811549517783271e-02,-1.063805733815319232e-02,-2.890889011228187783e-02,-2.890889011228198885e-02,1.679750459127250795e-02,1.679750459127245937e-02,4.177797509252086788e-02,4.349018718647671561e-02,2.679276793752717600e-02,3.217404638518751858e-02,-1.183118300249212662e-02,-3.162412552765482554e-02,-3.555448854267144465e-02,-5.476584232092136795e-02,-2.542705376432742581e-02,2.744788345595269852e-02,2.001898485671965711e-02,-1.714765977486233661e-02,-1.620251317309819722e-02,-1.239184374078568934e-02,-1.239184374078568934e-02,3.606057117266643630e-03,3.606057117266657508e-03,-3.546025114116527210e-02,-3.546025114116540394e-02,0.000000000000000000e+00,2.075378895170172048e-03,2.880045627732206667e-02,4.780401165539867325e-02,3.069864982191654670e-02,2.545216405585567360e-02,1.631306920758829326e-02,2.441553158044618144e-03,1.352549641757599952e-03,-3.863230880867897510e-02,-3.802392599279454805e-02,-2.397966212571525993e-02,-2.397966212571516625e-02,-1.516113683007522077e-02,-1.516113683007521903e-02,2.366799439059848100e-03,4.333456272606463731e-03,4.765932054458495853e-02,6.520189091350439559e-02,3.374178193321860503e-02,2.738688561826677081e-02,2.399040287152558182e-02,3.200421260394141487e-02,2.055163671687733340e-02,-3.620310991897468522e-03,1.057794199855383033e-02,2.664282094340744700e-02,5.473103099125667392e-02,4.841578457895084897e-02,2.271939575584530635e-02,4.233415087175773639e-02,3.708290801683283844e-02,5.475851964469932720e-02,1.034388275768537424e-01,9.601887118250290731e-02,2.850238753244321854e-01,1.978827240046399094e-01,-3.025736108462027674e-01,-3.064067844184368283e-01,-8.324749776521728206e-02,-4.395930954800456036e-02,-1.245158747151465795e-01,-1.094459738334636056e-01,-6.282752710520654593e-02,-6.282752710520654593e-02,-1.046276172592126158e-02,-1.046276172592126158e-02,-2.425099484286251383e-02,-2.463901076034857862e-02,5.983212866594880830e-03,7.932804466453724501e-03,-2.751255900141150179e-03,-6.933286214927468494e-03,1.412084991021990421e-02,3.796688708775802779e-02,3.443093949791516811e-02,5.082061615164833179e-02,3.689329799494506235e-02,-9.168907289688332796e-03,-8.446946085775744462e-03,-3.207423088257109478e-02,-3.207423088257109478e-02,-1.354089623752174898e-02,-1.354089623752173510e-02,1.552030928275965893e-03,1.642566065758757632e-03,-1.610786478925571585e-02,-2.120821433706989584e-02,-3.674141628381519947e-02,-4.905497706084043646e-02,-1.732337518735677789e-02,0.000000000000000000e+00,0.000000000000000000e+00,4.850344962922678582e-02,5.037165697832437367e-02,4.745246666709840994e-02,4.558425931800048209e-02,-4.353102251944458018e-02,-4.353102251944456630e-02,-3.161972871241226779e-02,-3.161972871241228167e-02,-4.727225359130369370e-03,-5.220501048778814976e-03,1.207931580207749142e-02,1.735564260270847786e-02,1.137666141057148278e-02,1.213606533402622478e-02,6.414399044400469728e-03,2.407323679680911654e-03,1.326986175789517108e-03,-1.150694509951186162e-03,-9.423010160230019250e-04,0.000000000000000000e+00
0.000000000000000000e+00,-7.514940738577804979e-02,-9.176898786532577956e-02,-1.818635654962369105e-02,-2.456550134563969395e-03,1.081747034804625765e-02,2.563482828261750765e-02,1.869262867465459194e-02,1.729030543372956502e-02,1.077747769260627153e-02,-1.849736941184460665e-02,-1.674958647529242728e-02,-3.267809826908239096e-02,-3.267809826908250892e-02,1.312697152249483676e-02,1.312697152249479166e-02,4.822115413097813330e-02,5.019743093962485136e-02,3.112499697524578890e-02,3.739280263796054826e-02,-1.670028663971491467e-02,-4.168335364614098038e-02,-4.134452247969690186e-02,-5.896043998053333846e-02,-3.011378469757309065e-02,1.795406339892197459e-02,1.398539685060066345e-02,4.943035761547968920e-03,4.670584971541345831e-03,1.550343932474707032e-02,1.550343932474707899e-02,1.152478115994690772e-02,1.152478115994692159e-02,-5.430195463920354376e-02,-5.894314734340934392e-02,-5.251494504783606188e-03,-8.245566880149615696e-04,1.146455456591381587e-02,2.089026479683881582e-02,2.433387601270815478e-02,4.001140468731173572e-02,3.025113212480852465e-02,2.723971238212316570e-02,2.120976669990343177e-02,-4.240514604443498814e-02,-4.173734846893235872e-02,-2.804940352536811760e-02,-2.804940352536803086e-02,-2.967811934499451840e-02,-2.967811934499451840e-02,1.605717235073933144e-02,1.884742349158451472e-02,5.155930183121176791e-02,6.959179143456832584e-02,3.429152626563898576e-02,2.591720850337214666e-02,2.259775734608566664e-02,2.997594102900432225e-02,1.471704216375636920e-02,-3.487216611378679554e-02,-3.072943884508538837e-02,3.258336544522369427e-02,8.030044004103813193e-02,7.442625396506835633e-02,3.424138022927411540e-02,-5.321734907471536991e-03,1.801592378988162158e-02,8.489883605691772583e-02,1.039930982351912059e-01,1.153149675825639875e-01,1.572660854617585757e-01,2.945891753916462727e-02,-2.518541806791042004e-01,-2.168183162139238895e-01,-4.659829192410067100e-02,-3.666072009643744911e-02,-8.982246216489513102e-02,-7.330641361445749959e-02,-2.934028842260458583e-02,-2.934028842260458236e-02,-1.380914246653064392e-02,-1.380914246653064392e-02,-1.150747005308422333e-02,-1.169158957393369447e-02,7.823090722192956037e-03,9.969761773199893595e-03,-1.547884797839101968e-02,-2.803870553905895430e-02,-8.802369411974160507e-03,4.070659831323382438e-03,1.443293224189734492e-02,4.678683474839374912e-02,3.701820744960384463e-02,3.033498797506539724e-02,2.794640624474493962e-02,-2.493654295965172518e-02,-2.493654295965169743e-02,-3.009571949820125103e-02,-3.009571949820125103e-02,-1.030296390053689337e-02,-1.090397012806845756e-02,-1.069545949449769717e-02,-1.321644912272888772e-02,-2.367120839114052536e-02,-3.526689178368828254e-02,-2.261597818321888290e-02,-7.898298934908365779e-03,0.000000000000000000e+00,3.455348857257489054e-02,3.571727736491323718e-02,2.956023532540680288e-02,2.839644653306821337e-02,-4.059081520644558516e-02,-4.059081520644557822e-02,-2.352290869153586886e-02,-2.352290869153587233e-02,0.000000000000000000e+00,0.000000000000000000e+00,1.845951854029211081e-02,2.627807796969190354e-02,2.163553006382681887e-02,2.543123580539513942e-02,1.293005679758685127e-02,3.632729056099501252e-03,-2.703738362174190613e-04,-1.428645785841899801e-02,-1.169914659272084517e-02,0.000000000000000000e+00
0.000000000000000000e+00,-4.888115032165468721e-02,-5.969140471971336182e-02,-1.094452172472453605e-02,-2.105179072418236763e-04,1.364888182789486364e-02,3.005330717027186391e-02,1.409019362673863407e-02,-8.120674404369712662e-03,-8.320473508298967258e-03,-2.579984086266427085e-02,-2.336206062367247177e-02,-3.675625791414515592e-02,-3.675625791414528776e-02,9.155575087423964767e-03,9.155575087423926603e-03,5.519246259881697980e-02,5.745444877089975894e-02,3.581232675376101737e-02,4.303932579669847436e-02,-2.196849713244775071e-02,-5.256710865958481860e-02,-4.760914936238005296e-02,-6.349885712044127384e-02,-3.518467390403552664e-02,7.682061370003654896e-03,7.457252450537573546e-03,2.884444404684394225e-02,2.725459280016737443e-02,4.568522100220821086e-02,4.568522100220822474e-02,2.009258094383030435e-02,2.009258094383030435e-02,-5.665107753216387654e-02,-6.149304997081073143e-02,-2.469300571350895382e-02,-2.682001304156909557e-02,-1.156973889205867301e-02,-8.229526886192651408e-03,1.744739943225329104e-02,5.576402569839505885e-02,4.533165921557113370e-02,5.407050760817483370e-02,4.269462450051984825e-02,-4.648723223394139736e-02,-4.575514983655683265e-02,-3.245273028564817780e-02,-3.245273028564808759e-02,-4.200274854727354540e-02,-4.200274854727353152e-02,2.748743706426714020e-02,3.116879024251729968e-02,5.577895371510301070e-02,7.434151986719478300e-02,3.488633160891348173e-02,2.432706605119107357e-02,2.109096054806873510e-02,2.778141768562975011e-02,9.433156418538618526e-03,-5.766986772165141883e-02,-4.662776536534117555e-02,2.815425471911044142e-02,5.082957148102981715e-02,3.987929499022846436e-02,1.927289175295890389e-02,9.067484321207129909e-04,6.427198142977263995e-03,6.312561336142824553e-02,7.690382606689008527e-02,2.362344946555078318e-02,-2.365148304041295169e-02,-6.351748501217860388e-02,-8.232340722799597055e-02,-3.512059260284605688e-02,-8.017941585218291145e-03,-3.063701657733478023e-02,-4.978360484817731524e-02,-3.465706816935987256e-02,6.891805889718230493e-03,6.891805889718231361e-03,-1.742981671046860137e-02,-1.742981671046860137e-02,2.280605948970754193e-03,2.317095644154290590e-03,9.813778238085907324e-03,1.217368279361374928e-02,-2.924968530895620533e-02,-5.087407726680735071e-02,-3.360454113762631478e-02,-3.260394670842490378e-02,-7.204255936744511507e-03,4.242241552520036041e-02,3.715335538415269478e-02,7.307690744184727749e-02,6.732282024170103962e-02,-1.721379864960784212e-02,-1.721379864960784212e-02,-4.800749548516566878e-02,-4.800749548516566878e-02,-2.312967961695713837e-02,-2.447891092794683698e-02,-4.839414421480926765e-03,-4.569621185901075189e-03,-9.529671982673116465e-03,-1.450242846246532769e-02,-2.135955033204305770e-02,-2.229020654157257142e-02,-6.982850764731486984e-03,1.946008808505017562e-02,1.986171909466540389e-02,1.020142764423260379e-02,9.799796634617240210e-03,-2.966151572928264410e-02,-2.966151572928264757e-02,0.000000000000000000e+00,0.000000000000000000e+00,0.000000000000000000e+00,0.000000000000000000e+00,7.966885100454401680e-03,1.906976500551868167e-02,3.273528959029958774e-02,3.981617434818747470e-02,1.997978485841133550e-02,4.958577496158945996e-03,-1.998664996749478784e-03,-2.849892312069536582e-02,-2.333770082324616163e-02,0.000000000000000000e+00
0.000000000000000000e+00,-3.102238628081458935e-02,-3.788310632368732667e-02,-2.735577225323422568e-03,6.467816516404274740e-03,1.671793714225859595e-02,3.147686995365930190e-02,1.375210190141319677e-02,-1.215391672351437413e-02,-1.013719522051688415e-02,-1.410528787019434127e-02,-1.277250476434926320e-02,-3.607311005921634561e-02,-3.607311005921648439e-02,-3.254372730387301155e-03,-3.254372730387287277e-03,4.256034542013449606e-02,4.430462187177943573e-02,3.744654254273180327e-02,4.579987670270749961e-02,-1.651881766815510577e-02,-4.447745252015174872e-02,-4.574389173157228372e-02,-6.213678950857340344e-02,-3.425392201737716136e-02,3.353858872295997513e-03,5.291750593684296615e-03,3.515889265947261255e-02,3.322100093808420807e-02,5.515484755764701180e-02,5.515484755764704650e-02,1.956309892324578636e-02,1.956309892324577249e-02,-4.964791300176389643e-02,-5.389132436943635390e-02,-2.977915202363168312e-02,-3.450041556709387836e-02,-1.110592823323826653e-02,-3.830129181791104565e-03,1.996356607022677435e-02,5.728875260623141064e-02,4.450148192416695375e-02,4.503506993907845091e-02,3.551575240232437980e-02,-4.153828934543211948e-02,-4.088414305652797454e-02,-2.145789894285697608e-02,-2.145789894285689975e-02,-3.521027558799401380e-02,-3.521027558799401380e-02,1.646497388534701525e-02,1.867010431642034465e-02,3.690648803149495366e-02,4.951766758711870914e-02,2.711075014215627577e-02,2.365748332944457577e-02,1.977588160817243812e-02,2.484722049166945834e-02,9.101790922955405039e-03,-4.541449028885032047e-02,-1.502466646021752283e-02,4.482836211016164030e-02,3.461963557919808809e-02,2.446036442723803495e-02,1.531883340645048656e-02,5.630287426096669545e-03,1.644822231178011407e-03,4.253025021943665496e-02,5.943362289893847072e-02,-8.920763990856089842e-03,-5.000298380250844943e-02,-6.126098711958680165e-02,-5.989570343310156308e-02,-1.537621677647230123e-02,-1.797432825551726005e-03,-2.092825852420272803e-02,-3.097145204601202406e-02,-1.955646306911848487e-02,5.862304958704517288e-03,5.862304958704517288e-03,-1.548034822672017530e-02,-1.548034822672017530e-02,7.957029691771810853e-03,8.084342166840272070e-03,9.112340281108730067e-03,1.118724050359919120e-02,-2.966039967494631113e-02,-5.122217432035648665e-02,-3.607475964789701173e-02,-3.790768049831814979e-02,-8.831537897221096445e-03,4.757090916465166880e-02,4.085956633493902090e-02,7.174994630599187961e-02,6.610034423465319109e-02,-2.228007933925986450e-02,-2.228007933925986450e-02,-4.173662474801023703e-02,-4.173662474801023703e-02,-1.262684748995687029e-02,-1.336341359353797331e-02,-2.699634522888565147e-03,-2.570202981979963219e-03,-1.222789518619013527e-02,-1.994373782684761773e-02,-2.258649469514009689e-02,-2.776122926662596621e-02,-1.349771177481588237e-02,0.000000000000000000e+00,0.000000000000000000e+00,6.559864170088822687e-03,6.559864170088821819e-03,-6.559864170088823554e-03,-6.559864170088821819e-03,0.000000000000000000e+00,0.000000000000000000e+00,0.000000000000000000e+00,0.000000000000000000e+00,1.050256889209676657e-02,1.909612472650992765e-02,2.827018175890525647e-02,3.621639844073248904e-02,1.761895749586710191e-02,2.979488965491092212e-03,-7.840817834265240149e-04,-1.482247794347432007e-02,-1.213809217418346242e-02,0.000000000000000000e+00
0.000000000000000000e+00,1.080471897273417928e-02,1.319422413016586859e-02,1.649063489169599189e-02,2.210917871915512797e-02,2.390598774695291626e-02,3.481100384106684820e-02,1.296025549209833816e-02,-2.160019478677466936e-02,-1.439214870439591704e-02,1.328458624374987025e-02,1.202934974827751802e-02,-3.447310587267247983e-02,-3.447310587267261861e-02,-3.058176136295039441e-02,-3.058176136295029032e-02,1.123658182406440768e-02,1.176832761468383191e-02,4.127404794321619386e-02,5.226537750888690659e-02,-3.755094712311154992e-03,-2.553062629884695137e-02,-4.137526201731174524e-02,-3.850307882472411847e-02,-7.380273037658145394e-03,0.000000000000000000e+00,0.000000000000000000e+00,2.272114405013570676e-02,2.272114405013562696e-02,7.733370975328121566e-02,7.733370975328122954e-02,1.832299629608717673e-02,1.832299629608720448e-02,-3.324576449635247011e-02,-3.608728282937430365e-02,-4.169144206576191891e-02,-5.248872674529764248e-02,-1.001963484810620975e-02,6.473723336413071683e-03,2.585669319600707172e-02,6.085982352195355716e-02,4.255711932061496255e-02,2.387312381935152716e-02,1.870207827760256292e-02,-2.994734415918608172e-02,-2.947573244014402294e-02,4.293153412629133192e-03,4.293153412629119314e-03,-1.930158892020697459e-02,-1.930158892020696071e-02,-9.350795138967249454e-03,-1.060313377365042220e-02,-7.294813174852540251e-03,-8.622407489904664046e-03,8.899519864750342346e-03,2.208925011272236741e-02,1.669582830157306796e-02,1.797502180055160492e-02,8.096360311615938277e-03,-2.181399160822355965e-02,6.454458576804989779e-03,6.001825766268376050e-02,3.935710842891503025e-02,1.841123250300982783e-02,1.668867508105711939e-02,1.080313052990800049e-02,6.809129967880883649e-03,2.012073531306246554e-02,3.115953409315491696e-02,-4.416462454944386495e-02,-8.739700724704752011e-02,-6.402555276600134515e-02,-5.240524958804735484e-02,-1.359287595395382298e-02,2.251771904268845548e-02,8.743443034048906104e-03,-5.517467559609884331e-03,-6.254838548936519915e-04,3.451105409751201170e-03,3.451105409751201170e-03,-1.091448783057227812e-02,-1.091448783057227812e-02,2.125181161570136035e-02,2.159184060155282248e-02,7.469498750293665501e-03,8.876888824354486895e-03,-3.062233595318637064e-02,-5.203745426156363568e-02,-4.186027142195236639e-02,-4.173362523922647532e-02,-1.264280354149543290e-02,5.103326513215639820e-02,4.953990250914959426e-02,6.864206364569883090e-02,6.323717674446198422e-02,-3.414584200712970918e-02,-3.414584200712970918e-02,-2.704958538993484235e-02,-2.704958538993484235e-02,1.197189091275555756e-02,1.267025121599992671e-02,2.311955239604354673e-03,2.112644916677647311e-03,-1.854741795232246748e-02,-3.268785712763841445e-02,-2.546012754555172439e-02,-2.943097589255480595e-02,-2.875620203527720631e-02,-1.114396449327560538e-02,0.000000000000000000e+00,0.000000000000000000e+00,0.000000000000000000e+00,0.000000000000000000e+00,0.000000000000000000e+00,7.998514527676289787e-03,7.998514527676289787e-03,1.179426825163566728e-03,1.302497450398039727e-03,7.263465893366950060e-03,9.856849989704534465e-03,1.781242920642846922e-02,2.778534434169274356e-02,1.208965130464479537e-02,-1.655744698441818930e-03,2.060599953040601062e-03,1.720919628738722118e-02,1.409257018809635491e-02,0.000000000000000000e+00
0.000000000000000000e+00,5.976269329270703784e-03,9.055931273924766253e-03,1.757916525005973757e-02,2.273378913316689148e-02,2.294319423079619127e-02,3.220743736526607282e-02,1.226667249436438206e-02,-1.898416489768776916e-02,-1.192914116621363041e-02,1.929518687317965248e-02,1.747201960957221051e-02,-3.251268217589148302e-02,-3.251268217589160098e-02,-3.179549757195852810e-02,-3.179549757195841708e-02,5.741998116897514999e-03,6.092462024878664978e-03,4.118177371901182021e-02,5.237955905051422389e-02,-2.204720333396421872e-03,-2.298193599678632904e-02,-3.830247564817131078e-02,-3.549008507860691025e-02,-6.416575854342035368e-03,0.000000000000000000e+00,0.000000000000000000e+00,2.083100376042532759e-02,2.083100376042525473e-02,7.465577467305500869e-02,7.465577467305502257e-02,1.989293319569904184e-02,1.989293319569904184e-02,-3.429101183379854034e-02,-3.722186754608924897e-02,-4.174761606458291668e-02,-5.244392090150100383e-02,-7.640372545324194964e-03,1.070876164075149246e-02,2.739669250418465263e-02,5.999352700311187669e-02,4.167703883525182562e-02,2.213981195324643547e-02,1.737933459660727376e-02,-2.554266273102710760e-02,-2.514041607384580324e-02,4.822189923300565506e-03,4.822189923300551628e-03,-1.857285540007753977e-02,-1.857285540007753977e-02,-1.198372559111039737e-02,-1.358868883991987131e-02,-7.527394123703026740e-03,-8.451109225971746575e-03,9.425547522841436210e-03,2.300282857557268967e-02,1.667135520314273756e-02,1.660673413230680240e-02,3.995362311873335015e-03,-4.129180388529574836e-02,-9.367465282284034855e-03,6.997956498604396280e-02,4.754275926956753884e-02,1.561455573128978092e-02,1.515624451066996392e-02,1.750219691074733630e-02,1.556121107463254161e-02,1.383570712879650388e-02,1.664812012820438003e-02,-6.003534925770329100e-02,-9.909307017866013367e-02,-5.903343508208826890e-02,-4.291097218099618193e-02,-1.890521775960604667e-02,2.002304109871173160e-02,1.633563373956879033e-02,1.944716024127754461e-02,2.201655685042584049e-02,7.068763364800890710e-04,7.068763364800751932e-04,-1.070091933010475227e-02,-1.070091933010473839e-02,1.803264725266390256e-02,1.832116960870672218e-02,8.426847332095574461e-03,1.013301247018336126e-02,-2.825126372296290350e-02,-4.862323803254267607e-02,-3.930594317200239440e-02,-4.268777062778617015e-02,-1.200379827918954603e-02,5.114593199960959513e-02,4.661433504046630372e-02,6.634123171782320416e-02,6.111751268492305461e-02,-3.078098495766501408e-02,-3.078098495766501408e-02,-2.561944499163119199e-02,-2.561944499163120587e-02,7.320981201819252993e-03,7.748038438592244614e-03,-6.209348322062379104e-04,-1.372113327426288665e-03,-1.654078259579565974e-02,-2.783129716004358739e-02,-2.252185785646388869e-02,-2.716112153507173332e-02,-2.872413968549075367e-02,-1.247024018418770898e-02,0.000000000000000000e+00,0.000000000000000000e+00,0.000000000000000000e+00,0.000000000000000000e+00,0.000000000000000000e+00,9.277110491227674727e-03,9.277110491227674727e-03,-1.060475048948022678e-03,-1.171133314925224336e-03,5.944431181756933309e-03,8.358656085459005222e-03,1.705567111522555274e-02,2.715242418322638338e-02,1.305875839351435669e-02,1.817863333677324778e-03,5.110204635115044025e-03,2.181517646224801626e-02,1.786439647302165423e-02,0.000000000000000000e+00
0.000000000000000000e+00,0.000000000000000000e+00,0.000000000000000000e+00,0.000000000000000000e+00,0.000000000000000000e+00,0.000000000000000000e+00,0.000000000000000000e+00,0.000000000000000000e+00,0.000000000000000000e+00,6.222919319064595207e-04,5.873291317247850835e-02,5.811062124057206346e-02,-1.787485190659351270e-02,-1.787485190659358208e-02,-4.085806126588575893e-02,-4.085806126588561321e-02,0.000000000000000000e+00,0.000000000000000000e+00,5.208565948338161541e-03,1.694478018233262426e-02,9.371408362500175185e-03,-3.951715074733826508e-03,-1.457997431083842346e-02,-1.299306510759880295e-02,0.000000000000000000e+00,0.000000000000000000e+00,0.000000000000000000e+00,6.717956263921356745e-03,6.717956263921332459e-03,5.466052607403300984e-02,5.466052607403302371e-02,3.161512871280057480e-02,3.161512871280060255e-02,-4.209552528672891314e-02,-4.569343343089410370e-02,-4.216704858911297232e-02,-4.730017761986154284e-02,1.012478598211462300e-02,3.752118799852004194e-02,3.889535400524361114e-02,5.352517966242726494e-02,3.510577121120714988e-02,9.197750019662290222e-03,7.502848445175930303e-03,7.345625265892566369e-03,7.229946127847067250e-03,8.772329202980863605e-03,8.772329202980821972e-03,-1.313164511644492050e-02,-1.313164511644492050e-02,-3.164293963377894092e-02,-3.588083333473159053e-02,-9.263998541786756802e-03,-7.172082188606022923e-03,1.335322070325503652e-02,2.982421443152160484e-02,1.648862273486274843e-02,6.390186209412562768e-03,1.608428152443955317e-03,-1.662526331151339964e-02,-1.400711160891274232e-02,1.847863552280477883e-02,1.847863552280480659e-02,1.051897764310692762e-02,1.051897764310692762e-02,2.497011150281451888e-02,2.497011150281454317e-02,-1.085982978423763456e-02,-1.288970451026349995e-02,-5.680917439307352906e-02,-8.282108402041606088e-02,-1.995214635207478299e-02,1.684236108466099363e-02,2.624996627185117309e-02,5.847762855098856405e-02,3.803664345165397309e-02,-2.492368151187014658e-02,-2.197993960101919664e-02,-1.978336741061072213e-02,-1.978336741061072213e-02,-9.106274526613916676e-03,-9.106274526613916676e-03,-6.003779991348774658e-03,-6.099840471210420112e-03,1.557505007621664411e-02,1.951206902570538221e-02,-1.054725773729470184e-02,-2.313042352251978850e-02,-2.023362557237619319e-02,-2.606089497519343059e-02,-7.232558987305674758e-03,2.823601672275486904e-02,2.477009794096485598e-02,4.916168665635224644e-02,4.529068770703265079e-02,-5.656718988329173525e-03,-5.656718988329187403e-03,-1.494106335096413718e-02,-1.494106335096412157e-02,-2.740581130650442815e-02,-2.900448363271782015e-02,-2.251984736839170859e-02,-2.739164155006866552e-02,-1.557905267062418891e-03,8.431017264663973748e-03,-5.827775112750462061e-04,-1.021287566586508849e-02,-1.503876031888480569e-02,-2.237309867633162710e-02,-1.344598048820073825e-02,0.000000000000000000e+00,0.000000000000000000e+00,0.000000000000000000e+00,0.000000000000000000e+00,1.882396035241123283e-02,1.882396035241123283e-02,-1.778507570898101367e-02,-1.882396035241086160e-02,-1.038884643429837306e-03,0.000000000000000000e+00,8.539734012742621408e-03,1.878181259017563248e-02,2.029475799040693362e-02,2.775413664016661286e-02,2.788058626127061859e-02,5.620649510120805797e-02,4.602736606713012796e-02,0.000000000000000000e+00
0.000000000000000000e+00,0.000000000000000000e+00,0.000000000000000000e+00,0.000000000000000000e+00,0.000000000000000000e+00,0.000000000000000000e+00,0.000000000000000000e+00,0.000000000000000000e+00,0.000000000000000000e+00,6.222919319064598460e-04,5.873291317247850835e-02,5.811062124057205652e-02,-1.787485190659351270e-02,-1.787485190659357862e-02,-4.085806126588575893e-02,-4.085806126588561321e-02,0.000000000000000000e+00,0.000000000000000000e+00,5.208565948338160674e-03,1.694478018233262773e-02,9.371408362500180389e-03,-3.951715074733828242e-03,-1.457997431083842520e-02,-1.299306510759880295e-02,0.000000000000000000e+00,0.000000000000000000e+00,0.000000000000000000e+00,6.717956263921356745e-03,6.717956263921331592e-03,5.466052607403300984e-02,5.466052607403302371e-02,3.161512871280060255e-02,3.161512871280060255e-02,-4.209552528672894089e-02,-4.569343343089410370e-02,-4.216704858911297232e-02,-4.730017761986154284e-02,1.012478598211462300e-02,3.752118799852004194e-02,3.889535400524361114e-02,5.352517966242726494e-02,3.510577121120714988e-02,9.197750019662290222e-03,7.502848445175929436e-03,7.345625265892565502e-03,7.229946127847067250e-03,8.772329202980863605e-03,8.772329202980821972e-03,-1.313164511644492050e-02,-1.313164511644492050e-02,-3.164293963377894092e-02,-3.588083333473159053e-02,-9.263998541786756802e-03,-7.172082188606023791e-03,1.335322070325503652e-02,2.982421443152160484e-02,1.648862273486274843e-02,6.390186209412562768e-03,1.608428152443955317e-03,-1.662526331151339964e-02,-1.400711160891274232e-02,1.847863552280477883e-02,1.847863552280480659e-02,1.051897764310692762e-02,1.051897764310692762e-02,2.497011150281451541e-02,2.497011150281451541e-02,-1.085982978423763456e-02,-1.288970451026347046e-02,-5.680917439307352212e-02,-8.282108402041606088e-02,-1.995214635207478299e-02,1.684236108466099363e-02,2.624996627185117309e-02,5.847762855098857099e-02,3.803664345165397309e-02,-2.492368151187014658e-02,-2.197993960101919664e-02,-1.978336741061072213e-02,-1.978336741061072213e-02,-9.106274526613916676e-03,-9.106274526613916676e-03,-6.003779991348788536e-03,-6.099840471210420112e-03,1.557505007621665799e-02,1.951206902570538221e-02,-1.054725773729470184e-02,-2.313042352251978850e-02,-2.023362557237619319e-02,-2.606089497519343059e-02,-7.232558987305674758e-03,2.823601672275486904e-02,2.477009794096485598e-02,4.916168665635224644e-02,4.529068770703265079e-02,-5.656718988329187403e-03,-5.656718988329187403e-03,-1.494106335096412330e-02,-1.494106335096412330e-02,-2.740581130650442815e-02,-2.900448363271782015e-02,-2.251984736839170859e-02,-2.739164155006866899e-02,-1.557905267062419108e-03,8.431017264663973748e-03,-5.827775112750392672e-04,-1.021287566586508849e-02,-1.503876031888481089e-02,-2.237309867633162710e-02,-1.344598048820073825e-02,0.000000000000000000e+00,0.000000000000000000e+00,0.000000000000000000e+00,0.000000000000000000e+00,1.882396035241123283e-02,1.882396035241123283e-02,-1.778507570898101367e-02,-1.882396035241086160e-02,-1.038884643429837523e-03,0.000000000000000000e+00,8.539734012742619673e-03,1.878181259017563248e-02,2.029475799040693362e-02,2.775413664016661286e-02,2.788058626127062206e-02,5.620649510120805797e-02,4.602736606713012102e-02,0.000000000000000000e+00
0.000000000000000000e+00,2.452126547427418632e-02,3.473258176242759870e-02,-3.257876702688476678e-03,-2.111836431897412547e-02,-1.720244323480468046e-02,-1.361421744345340731e-02,-4.060945536781108978e-03,0.000000000000000000e+00,0.000000000000000000e+00,2.555074627660387787e-02,2.555074627660387787e-02,-1.550268030406845923e-02,-1.550268030406851474e-02,-1.004806597253572395e-02,-1.004806597253568926e-02,0.000000000000000000e+00,0.000000000000000000e+00,0.000000000000000000e+00,0.000000000000000000e+00,1.903338785981446239e-03,1.773233224733507946e-02,1.759395489266649473e-02,4.229247203334538657e-03,4.093339612155855178e-03,6.896327923234795744e-03,4.425403787481987233e-03,-1.527393250622379774e-02,-1.443206221060510698e-02,2.990094370085308317e-02,2.990094370085309011e-02,5.137233731719631491e-02,5.137233731719631491e-02,-3.517711069052270600e-02,-3.818370134783258263e-02,-3.564422450442526064e-02,-4.409552658067705799e-02,1.172944986135232917e-02,4.147595083879008354e-02,2.929101571081520194e-02,2.911053642294338106e-02,1.917117833870300714e-02,5.400290864110257605e-03,4.709224176514495430e-03,2.362090113905108979e-02,2.324891844394806617e-02,-4.724262919123228821e-02,-4.724262919123210780e-02,-2.309004653568682425e-02,-2.309004653568682425e-02,-1.503001472191345389e-03,-1.704296312216961595e-03,-3.653550375251488069e-03,-4.926252280603213296e-03,2.749471229993432492e-02,5.574281892052423276e-02,3.564052858409998137e-02,2.618686455880718522e-02,1.461372942569487583e-02,-1.718764929382862738e-02,-1.448093286960354387e-02,-5.619257460931656456e-03,-5.619257460931642578e-03,1.106251000605841528e-02,1.106251000605842916e-02,4.177599154278928417e-02,4.177599154278927029e-02,-3.994338149240966862e-02,-4.740943410781384149e-02,-3.354406638528158180e-02,-3.942747319969536896e-02,1.929879248417372406e-02,6.797259005044092861e-02,3.829017151990220247e-02,9.912127360487632544e-03,2.071349191220872576e-03,-4.127453251989185445e-02,-3.639958773407768466e-02,4.093229443886930996e-03,4.093229443886930996e-03,-2.300651885912191608e-03,-2.300651885912205485e-03,-1.329415867943810510e-02,-1.350686521830922471e-02,5.978200117340681796e-03,7.708285738616690863e-03,-2.305844014855272517e-02,-3.950796256115966798e-02,-1.988285010162114952e-02,-1.122749571375403210e-02,-4.283369011851986818e-03,7.671646399131336336e-03,9.126418874589641017e-03,4.379204355544831506e-02,4.034385114950705259e-02,2.898607418383515599e-02,2.898607418383515599e-02,-4.548483868733159408e-02,-4.548483868733160795e-02,-6.171051030211218563e-02,-6.531029006973684825e-02,-5.923545498650616137e-03,-3.042456163302571792e-03,1.929338635122860440e-02,3.434505069601444943e-02,9.761374385778578966e-03,-1.138417921362456370e-02,-1.230032838103702411e-02,-2.489086014843627098e-02,-2.036706343727076596e-02,-6.897769114689921398e-03,-5.933817131711819487e-03,0.000000000000000000e+00,0.000000000000000000e+00,0.000000000000000000e+00,0.000000000000000000e+00,0.000000000000000000e+00,0.000000000000000000e+00,1.019041918645912856e-02,1.547633367044250370e-02,-8.458859401845892495e-04,-1.128606744738182115e-02,-2.974499312134464349e-03,6.018054332762558939e-03,1.168410159416868183e-02,4.332254354372040706e-02,3.547672857123492646e-02,0.000000000000000000e+00
0.000000000000000000e+00,2.452126547427418632e-02,3.473258176242760564e-02,-3.257876702688476678e-03,-2.111836431897413241e-02,-1.720244323480468046e-02,-1.361421744345340558e-02,-4.060945536781108978e-03,0.000000000000000000e+00,0.000000000000000000e+00,2.555074627660387787e-02,2.555074627660387787e-02,-1.550268030406845923e-02,-1.550268030406851474e-02,-1.004806597253572395e-02,-1.004806597253568926e-02,0.000000000000000000e+00,0.000000000000000000e+00,0.000000000000000000e+00,0.000000000000000000e+00,1.903338785981446889e-03,1.773233224733507946e-02,1.759395489266649473e-02,4.229247203334538657e-03,4.093339612155851709e-03,6.896327923234794877e-03,4.425403787481990703e-03,-1.527393250622379774e-02,-1.443206221060510698e-02,2.990094370085308317e-02,2.990094370085309011e-02,5.137233731719631491e-02,5.137233731719631491e-02,-3.517711069052271294e-02,-3.818370134783258263e-02,-3.564422450442525370e-02,-4.409552658067705105e-02,1.172944986135232917e-02,4.147595083879007660e-02,2.929101571081521582e-02,2.911053642294338106e-02,1.917117833870299326e-02,5.400290864110257605e-03,4.709224176514523186e-03,2.362090113905106203e-02,2.324891844394803841e-02,-4.724262919123226045e-02,-4.724262919123210780e-02,-2.309004653568682425e-02,-2.309004653568682425e-02,-1.503001472191345389e-03,-1.704296312216961595e-03,-3.653550375251488503e-03,-4.926252280603213296e-03,2.749471229993432492e-02,5.574281892052423276e-02,3.564052858410000912e-02,2.618686455880718522e-02,1.461372942569484634e-02,-1.718764929382862738e-02,-1.448093286960354387e-02,-5.619257460931656456e-03,-5.619257460931642578e-03,1.106251000605841528e-02,1.106251000605841354e-02,4.177599154278928417e-02,4.177599154278928417e-02,-3.994338149240966862e-02,-4.740943410781384149e-02,-3.354406638528159568e-02,-3.942747319969536896e-02,1.929879248417373794e-02,6.797259005044092861e-02,3.829017151990223022e-02,9.912127360487660299e-03,2.071349191220844821e-03,-4.127453251989188221e-02,-3.639958773407768466e-02,4.093229443886930996e-03,4.093229443886930996e-03,-2.300651885912205485e-03,-2.300651885912205485e-03,-1.329415867943808949e-02,-1.350686521830922644e-02,5.978200117340695674e-03,7.708285738616718619e-03,-2.305844014855273905e-02,-3.950796256115969574e-02,-1.988285010162114952e-02,-1.122749571375403210e-02,-4.283369011852001564e-03,7.671646399131336336e-03,9.126418874589654895e-03,4.379204355544831506e-02,4.034385114950705259e-02,2.898607418383516640e-02,2.898607418383516987e-02,-4.548483868733162183e-02,-4.548483868733162183e-02,-6.171051030211217175e-02,-6.531029006973683437e-02,-5.923545498650617872e-03,-3.042456163302576996e-03,1.929338635122860440e-02,3.434505069601444943e-02,9.761374385778578966e-03,-1.138417921362456370e-02,-1.230032838103703452e-02,-2.489086014843627098e-02,-2.036706343727075555e-02,-6.897769114689923133e-03,-5.933817131711820354e-03,0.000000000000000000e+00,0.000000000000000000e+00,0.000000000000000000e+00,0.000000000000000000e+00,0.000000000000000000e+00,0.000000000000000000e+00,1.019041918645912856e-02,1.547633367044250370e-02,-8.458859401845910926e-04,-1.128606744738182115e-02,-2.974499312134461747e-03,6.018054332762558939e-03,1.168410159416868009e-02,4.332254354372040706e-02,3.547672857123492646e-02,0.000000000000000000e+00
0.000000000000000000e+00,1.226472018083062630e-02,2.095326520604918683e-02,1.479686906704604996e-02,9.577248806322151420e-03,3.677927290640058133e-04,-6.790409801718806648e-03,-4.233307821184865288e-03,-1.974051913482360171e-03,-2.160674003208754024e-03,-7.732735197261622964e-03,-7.002083052638504758e-03,7.745460209027764734e-03,7.745460209027788152e-03,-9.157850279835899610e-03,-9.157850279835868385e-03,-1.262092702910040318e-02,-1.262092702910040318e-02,0.000000000000000000e+00,2.109949032210828475e-03,2.806550987352022380e-02,4.337310824797777770e-02,1.972303077205897828e-02,5.524460139709634621e-03,-1.275854555842399762e-03,-1.902811929768343652e-02,-1.585153604808910849e-02,-2.391678660457195738e-02,-2.259853852400490332e-02,3.503657333923092948e-02,3.503657333923092948e-02,6.413500434460381316e-02,6.413500434460384092e-02,-2.095901490326140815e-02,-2.275038369841211883e-02,-3.821745071429415164e-02,-4.921396174182128547e-02,-5.232705765687406529e-03,1.351418458081406898e-02,1.918282105233461848e-02,3.498799869001897184e-02,2.550830198834286994e-02,1.902009824032237228e-02,1.450674186086951638e-02,-4.884690209124548099e-02,-4.807765953862778302e-02,-3.642421685332010439e-02,-3.642421685331997949e-02,1.848684322627238211e-02,1.848684322627238211e-02,7.589046688387710016e-03,8.605436869868247907e-03,-2.274463700561971807e-02,-3.390618486249148689e-02,9.202597237464832380e-03,3.722977081716247194e-02,3.678156036763430281e-02,5.581958481029462155e-02,3.734412679188275908e-02,2.692948925215293832e-03,2.268862480299504991e-03,-5.181484924696860839e-04,-5.181484924696860839e-04,7.048426071669081083e-02,7.048426071669079696e-02,-2.204136475466908496e-02,-2.204136475466905720e-02,-4.227757364459017175e-02,-5.017992385853278781e-02,-2.082013449892052004e-02,-1.953045957371668528e-02,1.442973219450409232e-02,4.380960246511141076e-02,1.426054937713261417e-02,-2.843010504740862976e-02,-2.668944479777589016e-02,-5.728534267320805479e-02,-5.051935731810444641e-02,1.243621589934109511e-02,1.243621589934109511e-02,2.684686881742221615e-02,2.684686881742221615e-02,2.679880349181819332e-02,2.722758434768755842e-02,4.569559832481667749e-03,5.155675784605504020e-03,-3.518117981004481587e-02,-5.818862949988384825e-02,-2.491675315184352368e-02,-6.631668469459103821e-03,-1.596532668025383433e-02,-4.717418263820099406e-02,-3.435045834047028429e-02,7.186495875113984091e-03,6.620630058175800726e-03,4.664299549762871561e-02,4.664299549762871561e-02,-1.141842759285982556e-02,-1.141842759285981168e-02,-2.356436096773999525e-02,-2.493894869085873031e-02,8.975270409374850461e-03,1.355084518377999876e-02,1.888219524916139036e-02,2.691234379905484142e-02,-6.730243397745326595e-03,-4.472735554634438282e-02,-2.670290742721589602e-02,2.860635094932562073e-04,-4.669187916956449996e-04,-1.592380117247406413e-02,-1.523388799148840157e-02,0.000000000000000000e+00,0.000000000000000000e+00,0.000000000000000000e+00,0.000000000000000000e+00,3.971755916253178614e-02,4.633284046474461793e-02,1.223700904752485913e-02,7.760428517985058262e-03,-2.517668682963656798e-02,-5.027614819555618897e-02,-2.677788138042091690e-02,-3.817120787174307743e-03,0.000000000000000000e+00,1.400342655286830607e-02,1.400342655286830780e-02,0.000000000000000000e+00
0.000000000000000000e+00,1.226472018083062630e-02,2.095326520604918683e-02,1.479686906704604996e-02,9.577248806322151420e-03,3.677927290640023439e-04,-6.790409801718806648e-03,-4.233307821184861819e-03,-1.974051913482360171e-03,-2.160674003208754024e-03,-7.732735197261622964e-03,-7.002083052638504758e-03,7.745460209027764734e-03,7.745460209027789020e-03,-9.157850279835899610e-03,-9.157850279835868385e-03,-1.262092702910040491e-02,-1.262092702910040318e-02,0.000000000000000000e+00,2.109949032210828909e-03,2.806550987352022380e-02,4.337310824797779157e-02,1.972303077205897828e-02,5.524460139709620743e-03,-1.275854555842399762e-03,-1.902811929768343652e-02,-1.585153604808910849e-02,-2.391678660457195738e-02,-2.259853852400490332e-02,3.503657333923092254e-02,3.503657333923092948e-02,6.413500434460386868e-02,6.413500434460386868e-02,-2.095901490326144978e-02,-2.275038369841213270e-02,-3.821745071429415164e-02,-4.921396174182127853e-02,-5.232705765687406529e-03,1.351418458081406204e-02,1.918282105233459767e-02,3.498799869001897184e-02,2.550830198834286300e-02,1.902009824032237228e-02,1.450674186086954760e-02,-4.884690209124548099e-02,-4.807765953862778302e-02,-3.642421685332010439e-02,-3.642421685331997949e-02,1.848684322627238558e-02,1.848684322627238211e-02,7.589046688387703077e-03,8.605436869868240968e-03,-2.274463700561971460e-02,-3.390618486249147301e-02,9.202597237464835850e-03,3.722977081716247194e-02,3.678156036763430281e-02,5.581958481029462155e-02,3.734412679188278683e-02,2.692948925215293832e-03,2.268862480299477236e-03,-5.181484924696999617e-04,-5.181484924696860839e-04,7.048426071669082471e-02,7.048426071669082471e-02,-2.204136475466908496e-02,-2.204136475466908496e-02,-4.227757364459017175e-02,-5.017992385853281556e-02,-2.082013449892052004e-02,-1.953045957371664365e-02,1.442973219450410793e-02,4.380960246511139689e-02,1.426054937713258641e-02,-2.843010504740862976e-02,-2.668944479777587975e-02,-5.728534267320805479e-02,-5.051935731810444641e-02,1.243621589934109511e-02,1.243621589934109511e-02,2.684686881742221615e-02,2.684686881742221615e-02,2.679880349181819332e-02,2.722758434768757230e-02,4.569559832481667749e-03,5.155675784605490142e-03,-3.518117981004480199e-02,-5.818862949988385519e-02,-2.491675315184353756e-02,-6.631668469459096882e-03,-1.596532668025384127e-02,-4.717418263820099406e-02,-3.435045834047027735e-02,7.186495875113984959e-03,6.620630058175800726e-03,4.664299549762870173e-02,4.664299549762871561e-02,-1.141842759285979780e-02,-1.141842759285981168e-02,-2.356436096774000913e-02,-2.493894869085873031e-02,8.975270409374850461e-03,1.355084518377999529e-02,1.888219524916139036e-02,2.691234379905484142e-02,-6.730243397745326595e-03,-4.472735554634438282e-02,-2.670290742721589602e-02,2.860635094932562073e-04,-4.669187916956397955e-04,-1.592380117247406413e-02,-1.523388799148840678e-02,0.000000000000000000e+00,0.000000000000000000e+00,0.000000000000000000e+00,0.000000000000000000e+00,3.971755916253178614e-02,4.633284046474463180e-02,1.223700904752486607e-02,7.760428517985043517e-03,-2.517668682963657145e-02,-5.027614819555618897e-02,-2.677788138042092037e-02,-3.817120787174307743e-03,0.000000000000000000e+00,1.400342655286830607e-02,1.400342655286830607e-02,0.000000000000000000e+00
0.000000000000000000e+00,2.230863194059196086e-02,2.955044801322578157e-02,1.338873117605905716e-02,9.637755779444590054e-03,6.042062563219514383e-03,5.586296201283209861e-03,-7.794884282402020359e-04,-1.384141337928703613e-02,-1.050710252457434310e-02,-5.082665810544766821e-03,-4.602413922934256441e-03,3.138375683775539160e-02,3.138375683775548874e-02,2.015508761427829698e-03,2.015508761427822759e-03,-3.280884040464410178e-02,-3.415346501139186752e-02,1.977026352180197982e-02,2.708677568005884995e-02,1.616890063581042508e-02,1.703974554876681868e-02,-7.158025102736559862e-03,-3.354898511386090326e-02,-1.873632539006054448e-02,3.437052462933277985e-03,2.995511073621379139e-03,6.719402492197982212e-03,6.349041724911443085e-03,-1.002133188034414618e-02,-1.002133188034413230e-02,1.793861403394952925e-02,1.793861403394952925e-02,4.120312114425456196e-03,4.472475543008856691e-03,-1.271258972342263760e-02,-1.765131542877400317e-02,-2.697940610644183890e-03,3.378238754897608387e-03,2.150385135896761002e-02,5.295432817322136970e-02,3.051985499702503102e-02,-1.229481364249303266e-02,-1.084148525414734172e-02,-6.139881787122231788e-02,-6.043190735356572529e-02,1.105679788735008592e-02,1.105679788735004082e-02,6.372798841901544664e-02,6.372798841901544664e-02,1.421696932859858875e-03,1.612102772082193991e-03,-2.101797878220229565e-02,-3.026364996540377439e-02,-1.718835530096927966e-02,-1.565003673542068874e-02,1.251092059422843905e-03,2.589630075366027018e-02,1.392136235544198103e-02,-2.036381220831727512e-02,-1.715691264795219523e-02,5.089249185017749588e-02,5.089249185017748894e-02,9.548006802878020172e-02,9.548006802878022947e-02,-3.020345312656219638e-02,-3.020345312656219638e-02,-4.655974434657683680e-02,-5.526250029920855289e-02,-3.968829630739932612e-02,-4.684718601256500359e-02,-1.915444704791982589e-02,-6.855504533533660939e-03,-9.183951896529415904e-03,-1.878680504331701334e-02,-1.332073909731367606e-02,-1.313881100239083777e-03,-1.158698293124219014e-03,-4.079122882588923082e-03,-4.079122882588936960e-03,1.175436941406586555e-02,1.175436941406586555e-02,4.280132074712436618e-03,4.348614187907884343e-03,-1.231970949455742786e-02,-1.542451308024138379e-02,-2.883911488504795062e-04,4.417558874709175132e-03,9.585269416326501479e-03,1.795154267656118990e-02,-2.860709668283792362e-03,-4.963241387599627574e-02,-3.645795731718769195e-02,3.528632506078530073e-03,3.250787426859708812e-03,4.689162520782393095e-02,4.689162520782393095e-02,8.987867672829136234e-03,8.987867672829122356e-03,-8.392232421965684086e-03,-8.881779313247184504e-03,-4.644423450721191769e-04,3.286883885143809803e-05,1.348916548959492971e-02,2.313699935152683032e-02,-1.459605614285014452e-03,-2.767903683617866165e-02,-2.570832168075982971e-02,-4.147678763953128317e-02,-3.208939528045302858e-02,6.169755139205920086e-03,5.926851393567945936e-03,-2.234921336963584595e-02,-2.234921336963584595e-02,2.166241942310657281e-02,2.166241942310657628e-02,5.842444394574156791e-02,6.452090766181957371e-02,-3.728086615606927834e-02,-5.987957493220279204e-02,-4.316224815141225107e-02,-3.032722985561615500e-02,-3.667226764259453025e-03,0.000000000000000000e+00,0.000000000000000000e+00,0.000000000000000000e+00,0.000000000000000000e+00,0.000000000000000000e+00
0.000000000000000000e+00,2.246933452874825404e-02,2.968800293814069513e-02,1.336620096980324635e-02,9.638723891014562561e-03,6.132850880566073637e-03,5.784323497331371466e-03,-7.242273179530606120e-04,-1.403129116274003281e-02,-1.064064538091628181e-02,-5.040264700357267869e-03,-4.564019216858960365e-03,3.176196958381528879e-02,3.176196958381539981e-02,2.194282506088177098e-03,2.194282506088163220e-03,-3.269511446700769375e-02,-3.403507817467200935e-02,1.972559730601125549e-02,2.702349746198792410e-02,1.590281276850136899e-02,1.661841174557912582e-02,-7.588121996733566965e-03,-3.417416023791843699e-02,-1.901569292340823947e-02,3.796495211103388667e-03,3.297063827568960659e-03,7.209581517746622981e-03,6.812203008894408829e-03,-1.074225836385783034e-02,-1.074225836385782340e-02,1.719947178897854312e-02,1.719947178897854312e-02,4.521581346708727911e-03,4.908041290871904827e-03,-1.230451194756840283e-02,-1.714631308776489588e-02,-2.657384368163484556e-03,3.216063621682814511e-03,2.154098784387377397e-02,5.324178944495282229e-02,3.060003984516403153e-02,-1.279585223261843485e-02,-1.124705688798793846e-02,-6.159964852370208854e-02,-6.062957531860485583e-02,1.181649412320133832e-02,1.181649412320129669e-02,6.445184674209981923e-02,6.445184674209981923e-02,1.323019336771327770e-03,1.500209426517504219e-03,-2.099035225062757803e-02,-3.020536940705029205e-02,-1.761061054158451211e-02,-1.649611365626258569e-02,6.826045664910657118e-04,2.541752820875379376e-02,1.354659812445865863e-02,-2.073272038645404547e-02,-1.746772505000444842e-02,5.171506209566042317e-02,5.171506209566044399e-02,9.588000094577386889e-02,9.588000094577386889e-02,-3.033404654051255478e-02,-3.033404654051255478e-02,-4.662825907780862589e-02,-5.534382152225943152e-02,-3.999018689633522528e-02,-4.728425363558685923e-02,-1.969179391579896354e-02,-7.666146245512525659e-03,-9.559063916908271119e-03,-1.863251224325144367e-02,-1.310683980610613530e-02,-4.183377150709586254e-04,-3.689277487239836506e-04,-4.343368303099996719e-03,-4.343368303100010597e-03,1.151288942361199108e-02,1.151288942361200496e-02,3.919833332038505369e-03,3.982550665351157482e-03,-1.258993780379023646e-02,-1.575379610207915809e-02,2.698934697290128470e-04,5.419257888703343795e-03,1.013730177741758304e-02,1.834487405489779177e-02,-2.651035796092097996e-03,-4.967174557580100736e-02,-3.649167730081522010e-02,3.470106692173919455e-03,3.196869944758620481e-03,4.689560328318703730e-02,4.689560328318703036e-02,9.314368397080413642e-03,9.314368397080399764e-03,-8.149478365233123189e-03,-8.624864603205231739e-03,-6.154777491433754966e-04,-1.834187826675742761e-04,1.340287701344181071e-02,2.307659384036635231e-02,-1.375275409749590616e-03,-2.740626373681583766e-02,-2.569240830881652435e-02,-4.214499325791612461e-02,-3.259535490427349635e-02,6.548851938186116967e-03,6.291023121722156414e-03,-2.204153368120852566e-02,-2.204153368120852566e-02,2.169701331994731974e-02,2.169701331994731627e-02,5.834489191586750279e-02,6.443305455056735909e-02,-3.807315215932731423e-02,-6.096181498740656235e-02,-4.345001713256085168e-02,-2.994697322958205996e-02,-3.297456290400615272e-03,0.000000000000000000e+00,0.000000000000000000e+00,0.000000000000000000e+00,0.000000000000000000e+00,0.000000000000000000e+00
0.000000000000000000e+00,8.750485041878423159e-03,1.068568846460160766e-02,-2.283769968958581503e-03,-6.614933589426920391e-03,-3.139543533475463305e-03,-1.628191097202462412e-03,-5.666813220608933610e-03,-1.735257409458191430e-02,-1.089609460428365463e-02,1.771940016312698735e-02,1.604512613196546617e-02,9.136696223490524404e-03,9.136696223490545221e-03,-5.510842359414715175e-03,-5.510842359414687419e-03,-1.526447089379892076e-02,-1.589006396321693965e-02,2.828528000725299280e-02,3.708768566401240280e-02,-7.978679436627597599e-04,-1.499716351891487720e-02,-7.112814684167509394e-03,-2.612681611785100388e-03,8.508508072407952594e-04,1.004654972638939492e-02,8.449478761547675465e-03,1.408121132239616852e-02,1.330508156446875284e-02,-4.043445325858200518e-02,-4.043445325858199824e-02,-6.053820333619816356e-03,-6.053820333619817223e-03,1.768252432128089233e-02,1.919385118634774762e-02,-4.170655693019005572e-03,-7.676721115711626110e-03,9.960871536632630308e-03,2.138538707001175904e-02,3.124441047533970534e-02,5.771788446765595271e-02,3.837902391351843967e-02,1.257692656288113275e-02,9.289785298542727054e-03,-5.152188824949420487e-02,-5.071051993060490815e-02,4.445890239371932950e-03,4.445890239371905195e-03,1.888797063742010673e-02,1.888797063742012061e-02,1.191183477563351190e-02,1.350716979022736908e-02,-1.518628918970919839e-02,-2.394681206681449626e-02,-2.996869685954280799e-02,-4.387947943368188802e-02,-2.271683498335245674e-02,-4.846274358863852938e-03,5.529631923937294857e-04,2.386566857892794338e-02,2.010729557437217208e-02,4.548462612693913304e-02,4.548462612693914692e-02,5.756195674220192238e-02,5.756195674220195013e-02,-1.156331568386873010e-02,-1.156331568386875785e-02,-3.271029088718423183e-02,-3.882436395020970321e-02,-3.945614481813122798e-02,-5.041003705831414300e-02,-2.539135445258083879e-02,-1.732902331098829657e-02,-3.430312283999023548e-03,1.863331259098334469e-02,1.715775155063847812e-02,3.471130842223575652e-02,3.061154758496364980e-02,-2.560158817000271481e-02,-2.560158817000271828e-02,-1.189958309863155955e-02,-1.189958309863155955e-02,-3.556730165848129288e-02,-3.613637848501738414e-02,-1.354608433691960670e-02,-1.532533673775674128e-02,3.591125237361875860e-02,6.201161692411151505e-02,3.490286489727594671e-02,2.528848849853335135e-02,5.858701775138391854e-03,-3.186144115009967998e-02,-2.279993874131062970e-02,9.938324796289074725e-03,9.155779536738628543e-03,1.567587617085644536e-02,1.567587617085644536e-02,-1.067118673370420767e-02,-1.067118673370420767e-02,-1.383795068709187115e-02,-1.464516447717255365e-02,-3.718589023925057691e-03,-3.811800563899431227e-03,1.980806315970277953e-02,3.554024375944857261e-02,1.878310634261576295e-02,9.839638946303505551e-03,-9.527694784695825425e-03,-6.992249277055130607e-02,-5.530949828361113318e-02,-2.039589954682435174e-02,-1.959291137568971650e-02,-6.986203853290617709e-03,-6.986203853290615974e-03,0.000000000000000000e+00,0.000000000000000000e+00,4.420268739413975301e-02,4.903657267203274245e-02,-4.420268739414068976e-02,-4.903657267203365838e-02,0.000000000000000000e+00,0.000000000000000000e+00,0.000000000000000000e+00,0.000000000000000000e+00,0.000000000000000000e+00,0.000000000000000000e+00,0.000000000000000000e+00,0.000000000000000000e+00
0.000000000000000000e+00,2.894982499107988383e-03,3.535219013333819327e-03,-6.119547159831525973e-03,-1.059867316796644574e-02,-5.412189223191494342e-03,-3.444983889980341579e-03,-6.878231334004978464e-03,-1.816661402885687282e-02,-1.095870470805016157e-02,2.329774939437306153e-02,2.109638724687334932e-02,3.591286086156088297e-03,3.591286086156098272e-03,-7.399353355861476578e-03,-7.399353355861452292e-03,-1.099225433173799810e-02,-1.144275655844858956e-02,3.038324145363573495e-02,3.955439845862621095e-02,-4.891172039781364889e-03,-2.274607902491819836e-02,-6.996317793832672501e-03,5.122974914227865911e-03,5.720101721615487855e-03,1.157842583307713141e-02,9.712325559091454508e-03,1.576543431373182008e-02,1.489647336730558908e-02,-4.771195200728881730e-02,-4.771195200728881036e-02,-1.175315663817816554e-02,-1.175315663817816381e-02,2.090824563857794291e-02,2.269527518033688171e-02,-2.177063473766716745e-03,-5.355742691188793841e-03,1.305358131721986135e-02,2.583865262107271077e-02,3.362270033599309288e-02,5.881496658106357550e-02,4.028563765576212430e-02,1.879574489511133539e-02,1.432332505014329016e-02,-4.905184896660011451e-02,-4.827937890413432076e-02,2.639369679609829267e-03,2.639369679609815389e-03,7.720353945096790869e-03,7.720353945096791737e-03,1.450713267731540412e-02,1.645005223231305047e-02,-1.376372471399389674e-02,-2.241285193440376022e-02,-3.299763958453256346e-02,-5.059108869285318388e-02,-2.845199173576501775e-02,-1.226387302739748858e-02,-2.631751251739776476e-03,3.479664626652141657e-02,2.931685945289572159e-02,4.395755848754667738e-02,4.395755848754669820e-02,4.817027924132655237e-02,4.817027924132655237e-02,-6.962646356259982738e-03,-6.962646356259982738e-03,-2.929902417379595669e-02,-3.477547729039369429e-02,-3.932525215190477152e-02,-5.117616044623746197e-02,-2.678830556453716885e-02,-1.969737553291858734e-02,-1.928167275933062369e-03,2.776709318760939293e-02,2.457554354984049089e-02,4.332151580883041031e-02,3.820480134322033761e-02,-3.081193617659645778e-02,-3.081193617659645778e-02,-1.763793420702450265e-02,-1.763793420702450265e-02,-4.524552101890268879e-02,-4.596944935520562436e-02,-5.703592707928826187e-03,-4.979664371625882810e-03,3.657003828648072719e-02,6.564163534222798579e-02,4.097285585802547259e-02,2.699035478373812413e-02,7.944421768087031599e-03,-2.749617045752586475e-02,-1.944412046692232943e-02,1.152367237082707607e-02,1.061629659359646094e-02,8.023982270775512071e-03,8.023982270775512071e-03,-1.556960710889644661e-02,-1.556960710889643273e-02,-1.523218409931213074e-02,-1.612072817177236800e-02,-4.479155512842114550e-03,-4.701109824005261784e-03,2.137796172496279207e-02,3.859505991608633280e-02,2.372388618388172887e-02,1.896853666275423456e-02,-5.565755195450619586e-03,-7.673070343541282812e-02,-6.087669028835070162e-02,-2.700000530295427331e-02,-2.593701296819253543e-02,-2.124917045841996470e-03,-2.124917045841996470e-03,0.000000000000000000e+00,0.000000000000000000e+00,3.424731038724104781e-02,3.877377474434804544e-02,-3.424731038724176946e-02,-3.877377474434874627e-02,0.000000000000000000e+00,0.000000000000000000e+00,0.000000000000000000e+00,0.000000000000000000e+00,0.000000000000000000e+00,3.271787820882270971e-03,3.271787820882270971e-03,0.000000000000000000e+00
0.000000000000000000e+00,-2.392599009845398916e-02,-2.921731483176612937e-02,-1.509823644942719263e-02,-1.537626898699528608e-02,-4.611851887370560857e-03,2.096606615615944497e-03,-9.287658165569832869e-04,-7.503403290863912452e-03,-2.276710361750221290e-03,3.343090723476854070e-02,3.027208135431812969e-02,-8.345382010699661790e-03,-8.345382010699696484e-03,-2.356324853791244220e-02,-2.356324853791236240e-02,4.490407976651872302e-03,4.674441090449090591e-03,2.474912589127069990e-02,3.151279578524385921e-02,4.550389589828472692e-03,-4.006036895771315776e-03,-5.711925729021308240e-03,-9.832201620780401524e-03,-6.966520869108514674e-03,-5.238841014634659093e-03,-2.182558088139593955e-03,3.299752874654793278e-02,3.117876731957269429e-02,-1.872795736580090686e-02,-1.872795736580088605e-02,-1.458466666613586656e-02,-1.458466666613587003e-02,-1.116584844988833918e-02,-1.212019447124639167e-02,-5.329685330653460146e-03,-5.911362683835299885e-03,1.658136075096028686e-02,3.240715188645820061e-02,3.555069929707722898e-02,5.625288135598228295e-02,4.224672739396159032e-02,3.685427007642221031e-02,2.909178477324857182e-02,-3.223944079627444337e-02,-3.173173306719949405e-02,-1.685287095520943135e-02,-1.685287095520938971e-02,1.034443508922150423e-03,1.034443508922150423e-03,1.398211936345802875e-02,1.585472463534980114e-02,-3.466820952211029094e-02,-5.214251099818290047e-02,-4.301063350378729611e-02,-4.814722014083810953e-02,-1.953900784684601752e-02,1.251679973725827039e-02,2.118097593238506965e-02,6.263291505340158605e-02,5.276946386388903232e-02,1.498471558350755739e-02,1.498471558350757127e-02,4.672991987102539935e-03,4.672991987102539935e-03,5.092773635743325089e-02,5.092773635743325089e-02,-5.235761095849472690e-03,-6.214408029653173404e-03,-3.099880180107672523e-02,-4.538761509694778928e-02,-3.275091991483670972e-02,-3.619179311500854423e-02,-1.188621537725388644e-02,2.313444717577195497e-02,2.006839604707080782e-02,3.264803328894969048e-02,2.879196636505784723e-02,-5.622980858212712346e-02,-5.622980858212713734e-02,-2.554515388822038713e-02,-2.554515388822037325e-02,-2.849497753318238832e-02,-2.895089717371362309e-02,1.941714827607041692e-03,2.985289975034919902e-03,3.664582663156686765e-02,5.796693332700145890e-02,1.938360438378882583e-02,-5.726697195622985903e-03,-7.418842621179575804e-03,-1.623022763638092697e-02,-9.600297699794493878e-03,3.064035899458578127e-02,2.822773230209838641e-02,1.581258026820202278e-02,1.581258026820202278e-02,-3.212303278406844487e-02,-3.212303278406844487e-02,-3.151494548165136456e-03,-3.335331730141506690e-03,-6.683395437270547856e-03,-8.509730911570714817e-03,1.574487800931403947e-04,3.720107059715489772e-03,1.180680128952362601e-02,2.553525665891379776e-02,3.477658569954064204e-03,-5.353631670333226789e-02,-4.212431195626534230e-02,-9.938452963173373053e-03,-9.547175287457973850e-03,-2.627984815909311343e-03,-2.627984815909311343e-03,-2.307089306962274190e-03,-2.307089306962274190e-03,3.829824770526827488e-02,4.229458659625322942e-02,-4.362187323931483729e-02,-4.761821213029977101e-02,0.000000000000000000e+00,0.000000000000000000e+00,0.000000000000000000e+00,9.742502381782702781e-03,8.388365992014468892e-03,-7.477187891328240972e-03,-6.123051501560016624e-03,0.000000000000000000e+00
0.000000000000000000e+00,-4.022227724633968549e-02,-4.911758856043438315e-02,-2.055364260006757593e-02,-1.827911201627862095e-02,-4.125570974466706391e-03,5.463648948130134936e-03,2.686099307968363870e-03,-1.024490437399853612e-03,2.998425443596569942e-03,3.958776263146451813e-02,3.584718663479089656e-02,-1.559804110752338602e-02,-1.559804110752346928e-02,-3.301034143528996934e-02,-3.301034143528985138e-02,1.352358722927330011e-02,1.409316080312589432e-02,2.132586580274513019e-02,2.662675871787231752e-02,1.028703463060404166e-02,7.380317815609063747e-03,-4.931535613692875075e-03,-1.891889116103856808e-02,-1.467484851916863939e-02,-1.545692720058610553e-02,-9.409829164938175727e-03,4.346766207281591715e-02,4.107180668297547022e-02,-1.117428976036144439e-03,-1.117428976036123622e-03,-1.630507782236333136e-02,-1.630507782236332442e-02,-3.065390561756400553e-02,-3.327389755068933808e-02,-7.245202408255523203e-03,-6.248954578101532931e-03,1.872482167272661660e-02,3.639813878188228463e-02,3.672214170381188358e-02,5.469617134580629508e-02,4.343827558932329691e-02,4.782653854101616420e-02,3.806502612399606522e-02,-2.202430671810193252e-02,-2.167746724222642529e-02,-2.869625767003629313e-02,-2.869625767003622374e-02,-3.027881819386485374e-03,-3.027881819386513129e-03,1.366312393225359127e-02,1.549300660175192967e-02,-4.736966864602912275e-02,-7.020610131541576981e-02,-4.909447791042304693e-02,-3.070602986812520988e-02,-2.618101957590437349e-03,1.161710292277570895e-02,2.414404639130793284e-02,7.954609102517684605e-02,6.701914755664439838e-02,-2.619037067047802481e-03,-2.619037067047774725e-03,-2.175573950913477217e-02,-2.175573950913475829e-02,8.610163977841128746e-02,8.610163977841128746e-02,9.384955711004033807e-03,1.113915304016385721e-02,-2.593969272715587748e-02,-4.187052425180977366e-02,-3.637377420362633562e-02,-4.621371772184798554e-02,-1.793667498311964092e-02,2.031967491541501747e-02,1.732987604538790971e-02,2.616287935281969013e-02,2.307277549225032753e-02,-7.167357915763940268e-02,-7.167357915763940268e-02,-3.034954052995963297e-02,-3.034954052995963297e-02,-1.831743212413718819e-02,-1.861051103812358387e-02,1.149441283570799485e-02,1.467658286481561027e-02,3.178442738637538012e-02,4.645199628416805254e-02,6.266084500708326253e-03,-2.560541232232331488e-02,-1.675348427541745178e-02,-9.385097821001737312e-03,-3.619240828628245144e-03,4.225556099383152853e-02,3.892835146675775043e-02,2.054489297549914884e-02,2.054489297549913496e-02,-4.218081040948935823e-02,-4.218081040948935823e-02,4.188671255063364240e-03,4.433010411608838408e-03,-8.022680454644749715e-03,-1.082382980021803776e-02,-1.273602743957449185e-02,-1.746973771377558632e-02,4.566040847382019097e-03,2.952516247936516278e-02,8.972390984377152934e-03,-3.944352476485298714e-02,-3.073046183044138291e-02,4.280598508706930788e-04,4.112071008364176342e-04,1.532727194702154794e-03,1.532727194702153059e-03,-2.627103013978653728e-03,-2.627103013978648524e-03,3.521144119367186631e-02,3.888567853562063109e-02,-4.242151747335769219e-02,-5.299204750404213488e-02,-6.896292688735702198e-03,3.536638055330103714e-03,1.107342687087826093e-02,2.080809086031735339e-02,9.161918752895157475e-03,-2.269094252469332912e-02,-1.858155923281937238e-02,0.000000000000000000e+00
0.000000000000000000e+00,-3.381850581548989654e-02,-4.129759844776198507e-02,-1.826623186544951843e-02,-1.691316892115486692e-02,6.588915796644639888e-04,1.485663794811227859e-02,4.142538319493956761e-03,-1.425730433840028712e-02,-7.051871115150630705e-03,3.467369729239311998e-02,3.139744243011990954e-02,-5.461269596289335115e-03,-5.461269596289348993e-03,-2.850291430522452346e-02,-2.850291430522442979e-02,1.807786664736956046e-03,1.881876282144210330e-03,2.439539947432108058e-02,3.120006415987943912e-02,1.810132076223223280e-02,1.875349921482724613e-02,-1.310136160136768368e-04,-1.835975828660219022e-02,-1.586138219811668304e-02,-2.185911419840926018e-02,-1.387708011723495435e-02,5.113498605098161509e-02,4.831652225289578828e-02,2.310799198305527047e-03,2.310799198305554802e-03,-2.772411943310316984e-02,-2.772411943310316984e-02,-3.447239569123243530e-02,-3.741875429732090946e-02,4.719109228190953090e-04,4.618300320970663772e-03,1.520606187665443122e-02,2.505304151750832251e-02,2.675995970699641957e-02,4.157384495433495003e-02,3.548823002739459609e-02,4.890685848346776332e-02,3.903480374091942984e-02,-1.553974510849738533e-02,-1.529502471308810674e-02,-1.337839487824081519e-02,-1.337839487824075968e-02,6.185444155510338993e-03,6.185444155510311237e-03,-3.255197387840635947e-03,-3.691161323712152664e-03,-6.637648017364755626e-02,-9.409489395727625716e-02,-3.259017180533368280e-02,-4.435794085833680289e-03,0.000000000000000000e+00,1.971736006993234092e-02,3.006332175257262623e-02,6.569685668476335505e-02,5.535089500212293095e-02,-1.382410533404590525e-02,-1.382410533404586361e-02,-2.457075911790507911e-02,-2.457075911790508604e-02,1.111581483556532135e-01,1.111581483556532135e-01,8.578260419911359902e-03,1.018167358251170773e-02,-2.627848323131926067e-02,-4.215477192890149105e-02,-3.927225258937266927e-02,-5.204788337553387101e-02,-2.250500473670929980e-02,1.518486055850377936e-02,1.327882930036407283e-02,2.233058209595764620e-02,1.969311176966329069e-02,-7.305078982316137726e-02,-7.305078982316137726e-02,-2.303726987019956429e-02,-2.303726987019956429e-02,3.486527309804633018e-03,3.542311746761547808e-03,8.559093693559879923e-03,1.058745368224097219e-02,1.265849320286977289e-02,1.699926955327131159e-02,-8.589507058391288030e-03,-3.405057741022710083e-02,-1.744898545358488512e-02,6.108177076389230235e-03,8.751488162658320816e-03,5.372703514769468225e-02,4.949655993921422276e-02,5.332881315024365354e-03,5.332881315024365354e-03,-5.702172533461129234e-02,-5.702172533461129927e-02,1.080835333090254466e-02,1.143884060853878754e-02,-2.129847147242572986e-03,-3.614046102676259087e-03,-1.704915859647868764e-02,-2.779488863070905119e-02,-1.185680227079483409e-03,2.593230801153865311e-02,1.248496267788641936e-02,-1.375946959947835745e-02,-1.041686201829872954e-02,7.849202804883041729e-03,7.540179072407404877e-03,3.547866310148250612e-03,3.547866310148244107e-03,7.002008946711556908e-03,7.002008946711563847e-03,4.153138492196241371e-02,4.586509465295025151e-02,-2.919364030321484893e-02,-4.628232015590984932e-02,-1.748487473176438614e-02,-8.705766456192413905e-03,-3.962639152128289571e-03,3.650613345385772535e-05,-7.133862293364514467e-03,-2.232406419737769168e-02,-1.516691846456628100e-02,0.000000000000000000e+00
0.000000000000000000e+00,-2.569943846566243723e-02,-3.138296812633800670e-02,-1.536612182691591763e-02,-1.518134821126583024e-02,6.724906603652210796e-03,2.676560614451825582e-02,5.989094923392484365e-03,-2.906268414141533266e-02,-1.979421139499087587e-02,2.647142663031700621e-02,2.575580245634061585e-02,7.390708569739641055e-03,7.390708569739665341e-03,-2.231395194275254817e-02,-2.231395194275247185e-02,-1.154818325730444691e-02,-1.154818325730444691e-02,2.631494947736297274e-02,3.447206868734634111e-02,2.800871925054653280e-02,3.317306848883606191e-02,5.955362488186753678e-03,-1.765085767794179195e-02,-1.736573739821149764e-02,-2.997617271350648538e-02,-1.954091614603980023e-02,6.085605752329887458e-02,5.750178663618764341e-02,6.657302776488710494e-03,6.657302776488738250e-03,-4.220183290386265995e-02,-4.220183290386265995e-02,-3.931369560606206431e-02,-4.267384052965737806e-02,1.025610818186015530e-02,1.839642706800867153e-02,1.074477713520575681e-02,1.066907891446271239e-02,1.412933610389103048e-02,2.493660970800518767e-02,2.540870797566349704e-02,5.027654983907609010e-02,4.026434321951875839e-02,-7.318247353463064320e-03,-7.202999363644810304e-03,6.042466875642776847e-03,6.042466875642762969e-03,1.786662530225457957e-02,1.786662530225457957e-02,-2.470521191867446065e-02,-2.801394565778271561e-02,-9.047440193187818169e-02,-9.551135834720661522e-02,-8.345690154436381444e-03,0.000000000000000000e+00,0.000000000000000000e+00,2.998732895293452702e-02,3.756811729989039533e-02,4.813800600316761602e-02,4.055721765621170954e-02,-2.803053117256135846e-02,-2.803053117256134458e-02,-2.813980183616749536e-02,-2.813980183616749536e-02,1.429262217303707283e-01,1.429262217303707283e-01,7.555486032990304211e-03,8.967726412988569207e-03,-2.670802119195495039e-02,-4.251515737664274264e-02,-4.294710911415822174e-02,-5.944477197217136466e-02,-2.829699424572476585e-02,8.674649498848469031e-03,8.142680748637248778e-03,1.747177664529331320e-02,1.540818097852630908e-02,-7.479689620266254113e-02,-7.479689620266254113e-02,-1.376635528371802052e-02,-1.376635528371802225e-02,3.113083302069523731e-02,3.162892634902671196e-02,4.837528352622084971e-03,5.403022040048117980e-03,-1.159045906550347504e-02,-2.034258040911574375e-02,-2.742427492796407212e-02,-2.616156337963843753e-02,-6.425822779529119511e-03,7.155159411400620513e-03,1.253084646595029050e-02,6.827122559277122582e-02,6.289553853822159313e-02,-1.395377632593475248e-02,-1.395377632593475248e-02,-6.147260867823724217e-02,-6.147260867823724217e-02,4.835887883473494533e-03,5.955955814635434387e-03,5.341423653213807354e-03,5.526929656707115640e-03,-1.017731153668729668e-02,-1.148288547134253962e-02,0.000000000000000000e+00,0.000000000000000000e+00,0.000000000000000000e+00,1.077850551025888969e-02,1.145796030975833150e-02,1.725815190729158496e-02,1.657869710779207029e-02,6.102774831517412263e-03,6.102774831517412263e-03,1.921034732544382728e-02,1.921034732544383422e-02,4.954417072033081432e-02,5.471399723027891432e-02,-1.242258174821229966e-02,-2.428517226941684370e-02,-2.718498089027539255e-02,-3.771755860341234612e-02,-2.675092607734062128e-02,-2.629889593096243830e-02,-2.779458469130094075e-02,-1.976215000099966132e-02,-8.740876887713957752e-03,0.000000000000000000e+00
2.753873518113186193e-17,-2.110568988921671107e-02,-2.577329438394753217e-02,-1.032105650181146944e-02,-8.864054381472249305e-03,9.437960208442411347e-03,2.769599048310187467e-02,4.764974096405104331e-03,-3.731061808830211934e-02,-2.573370614302874365e-02,1.369968199659628814e-02,1.240522385518567916e-02,8.322683040645994373e-03,8.322683040646022129e-03,-1.866194187051761419e-02,-1.866194187051754480e-02,-8.345178507169101825e-03,-8.345178507169103560e-03,1.770792774635602737e-02,2.430459808894740170e-02,2.805151447712780216e-02,3.585217375113346899e-02,7.137918220181484197e-03,-1.739519334612736612e-02,-1.521630051976663456e-02,-2.150752861323197013e-02,-1.356529062177331754e-02,5.191976664547183484e-02,4.905804722406764684e-02,1.294272320364331375e-03,1.294272320364345252e-03,-3.746274945232075382e-02,-3.746274945232075382e-02,-3.100612637848842654e-02,-3.365622265015431186e-02,1.151012291137033794e-02,1.913135996005929651e-02,8.806887248999549500e-03,6.861123970999891825e-03,1.211913383246008419e-02,2.406056363221746944e-02,2.295841576238963344e-02,4.059737099513362202e-02,3.259257729865373820e-02,-8.372622873207695741e-04,-8.240770544495901184e-04,1.420810649061882147e-02,1.420810649061877984e-02,2.546379631447755199e-02,2.546379631447754158e-02,-3.125982444486646861e-02,-3.544640807587545739e-02,-8.770965959307769344e-02,-9.738776774439339423e-02,-1.386469178232440855e-02,0.000000000000000000e+00,0.000000000000000000e+00,2.640016140575436598e-02,3.257888806009508198e-02,3.923491425506174524e-02,3.305618760072098761e-02,-7.385762382806658477e-03,-7.385762382806644599e-03,-2.680383990436867314e-02,-2.680383990436867314e-02,1.192852551954102502e-01,1.192852551954102780e-01,-1.174854811203301930e-03,-1.394453841334797111e-03,-2.285714720136852729e-02,-3.422581687794114258e-02,-4.069009695946246286e-02,-6.058905226393865306e-02,-2.969773838311592917e-02,5.980649335899999863e-03,6.211676723273121259e-03,1.710701019737182610e-02,1.508649718193413869e-02,-6.019937214715380402e-02,-6.019937214715380402e-02,-2.029069110676025300e-03,-2.029069110676025300e-03,3.267031354512398011e-02,3.319303856184632751e-02,-3.002434310071723511e-03,-4.389168965714208837e-03,-1.721644483984779636e-02,-2.628809203187104301e-02,-2.710884616908956768e-02,-1.789640142553930099e-02,-7.232120873931027240e-04,8.858922253029385616e-03,1.410454327213842007e-02,6.661938694267538486e-02,6.137376592356637295e-02,-1.959821957026133821e-02,-1.959821957026132433e-02,-5.588008962544362135e-02,-5.588008962544362135e-02,5.291829022735040911e-03,6.502139313170654002e-03,9.384213480610876373e-03,1.070191448610577356e-02,-1.467604250334588606e-02,-1.720405379927641629e-02,0.000000000000000000e+00,0.000000000000000000e+00,3.013672695753519693e-03,1.432441579413941575e-02,1.159500809619223687e-02,7.220330944284682195e-03,6.936065946478268962e-03,1.039095111773310001e-02,1.039095111773309654e-02,2.561190151613466220e-02,2.561190151613466220e-02,4.349719521222828594e-02,4.803603297350476226e-02,-6.765414711729145214e-03,-1.560478330512715672e-02,-2.375660954379471557e-02,-3.581046371568892550e-02,-2.564078798286539840e-02,-2.563854735464963022e-02,-2.659030909417194402e-02,-2.852983797033152927e-02,-1.829167325195958302e-02,0.000000000000000000e+00
0.000000000000000000e+00,-8.020466671462098129e-03,-9.794223723804749981e-03,4.049735636365001112e-03,9.130661376121798622e-03,1.716605229481460437e-02,3.034617617482495214e-02,1.278084468016749131e-03,-5.518769796070820133e-02,-4.265226694047011269e-02,-2.480079040770856100e-02,-2.212701332853888800e-02,7.480714520025652167e-03,7.480714520025678188e-03,-7.480714520025678188e-03,-7.480714520025651300e-03,0.000000000000000000e+00,0.000000000000000000e+00,0.000000000000000000e+00,0.000000000000000000e+00,2.136437278663453482e-02,3.882627664027616526e-02,1.050641030525748323e-02,-1.666693737065595357e-02,-9.093662138741791245e-03,2.615275793610854355e-03,3.456188144319319311e-03,2.646487747832783691e-02,2.500618344408917296e-02,-1.398223867586887749e-02,-1.398223867586887575e-02,-2.396354204489824918e-02,-2.396354204489824224e-02,-7.342141306005636574e-03,-7.969674750963429838e-03,1.508216486815695465e-02,2.122480516771868900e-02,3.286837270109081721e-03,-3.985777989167053198e-03,6.393103119899150311e-03,2.156515965876145205e-02,1.597879551851847865e-02,1.302637671238811301e-02,1.073966831194706449e-02,1.762372547684233626e-02,1.734618649295515541e-02,3.746780721206605103e-02,3.746780721206592613e-02,4.710422283414328337e-02,4.710422283414328337e-02,-4.993053891341363293e-02,-5.661766466074595605e-02,-7.983433293103980866e-02,-1.027326914818345732e-01,-2.503571010749501211e-02,1.027608608682599629e-02,7.726009260035013315e-03,5.906082911809011973e-03,6.091360714253538783e-03,1.387459230591139153e-02,1.168961713962602192e-02,5.142054871528313476e-02,5.142054871528316251e-02,-2.299837258348718522e-02,-2.299837258348718522e-02,5.194432021703735552e-02,5.194432021703732777e-02,-2.604309842799758246e-02,-3.091096729304414203e-02,-1.188799098575855917e-02,-1.061375606345746347e-02,-3.426103203396546615e-02,-6.384851733745761093e-02,-3.368773683507872430e-02,-1.693169310074607494e-03,7.112410146600965308e-04,1.606797849723190508e-02,1.417018576133829803e-02,-1.861854604964355633e-02,-1.861854604964355633e-02,3.140441271556520392e-02,3.140441271556520392e-02,3.705550049349678327e-02,3.764838850139313325e-02,-2.533444916744218706e-02,-3.228207667909809009e-02,-3.324198007585906639e-02,-3.757700463479450581e-02,-1.068976406269493348e-02,0.000000000000000000e+00,0.000000000000000000e+00,1.371206489282046463e-02,1.858719478067435288e-02,6.191414957573571076e-02,5.703901968788185894e-02,-3.567633062985853948e-02,-3.567633062985853948e-02,-3.994988383869792908e-02,-3.994988383869792908e-02,6.590570449722494943e-03,8.057934733240686154e-03,2.090003904956022618e-02,2.544278036378698482e-02,-1.599076781609801157e-02,-3.350071509702765710e-02,-5.153594419142829876e-03,2.214797039538743406e-02,1.630372060584365720e-02,2.276917116472546715e-03,9.334924773825443696e-04,-2.137224998064440190e-02,-2.053082281605229931e-02,2.260575629665068781e-02,2.260575629665068781e-02,4.384663163507236672e-02,4.384663163507236672e-02,2.627247709823909982e-02,2.901395296935997681e-02,9.348939877041273494e-03,9.121173138607371889e-03,-1.399094570836476037e-02,-3.037813282338572285e-02,-2.247857644102693730e-02,-2.375755444030400870e-02,-2.315994830234988783e-02,-4.421528368407564441e-02,-3.620779136333682896e-02,-3.442341897641482741e-18
0.000000000000000000e+00,-9.463727402301169711e-03,-1.155666711627169330e-02,3.883043255788150294e-03,9.369751076041293869e-03,1.705600476220545808e-02,2.991558716038252019e-02,2.060339893061258199e-03,-5.150035278993152915e-02,-4.024619323223555672e-02,-2.908912376323687793e-02,-2.615027270953441257e-02,3.788762075778271884e-03,3.788762075778285329e-03,-3.788762075778284895e-03,-3.788762075778272318e-03,0.000000000000000000e+00,0.000000000000000000e+00,0.000000000000000000e+00,0.000000000000000000e+00,1.850103889785410793e-02,3.518608905098228462e-02,1.091991490812456791e-02,-1.381456936066869506e-02,-7.205392863307385348e-03,3.573107968314670480e-03,4.055302145472627212e-03,2.406169993549938171e-02,2.273546450598356791e-02,-1.193132910293149412e-02,-1.193132910293148718e-02,-2.053082165800119985e-02,-2.053082165800120332e-02,-7.936796853955338168e-03,-8.615155559421655909e-03,1.355925067448529760e-02,1.923591905589191325e-02,2.813569922711350174e-03,-3.907914769860413445e-03,6.096320027149753490e-03,2.068908063667093331e-02,1.484858398817344438e-02,1.005331184804122979e-02,8.364844559303273586e-03,1.844872526565327631e-02,1.815819415910767398e-02,3.820132175974122468e-02,3.820132175974109978e-02,4.557237267894730104e-02,4.557237267894730104e-02,-4.814981577137043833e-02,-5.459845181217914956e-02,-7.518817214198816878e-02,-9.808900095336878233e-02,-2.432604494611495180e-02,9.666277698051771797e-03,4.980281821442757162e-03,9.965779474899408991e-04,2.945277962907628250e-03,1.451688768500520449e-02,1.223076364012238085e-02,5.333184047084063573e-02,5.333184047084066348e-02,-2.432908397967353809e-02,-2.432908397967352421e-02,4.752191587322701638e-02,4.752191587322701638e-02,-2.535374354337720237e-02,-3.009276102812093179e-02,-8.804638514980492325e-03,-6.146831795715235192e-03,-3.210993763461685024e-02,-6.251882479312383112e-02,-3.326822533394710457e-02,-2.600583712240778569e-03,-2.102071773283902955e-04,1.365037592458206994e-02,1.203812679963136428e-02,-1.753017527363305919e-02,-1.753017527363305919e-02,3.043937163788202130e-02,3.043937163788202477e-02,3.781948928460139581e-02,3.842460111315542520e-02,-2.334117502365611746e-02,-2.981547480618335078e-02,-3.149326159750719112e-02,-3.904849794485364817e-02,-1.342442430131958811e-02,0.000000000000000000e+00,0.000000000000000000e+00,1.300473051715848351e-02,1.778633619896103496e-02,6.072639215888388925e-02,5.594478647708137076e-02,-3.462831581148490684e-02,-3.462831581148489990e-02,-3.910280686455774174e-02,-3.910280686455774868e-02,8.977854890353931597e-03,1.040880546280836642e-02,1.877433562163031283e-02,2.270731856953956546e-02,-1.567621021452346095e-02,-3.311612403234789892e-02,-3.729929920379253597e-03,2.524392348039649833e-02,1.681882035164044414e-02,-3.585606950960926187e-04,-1.321294989201599740e-03,-2.488536278530040918e-02,-2.384357573952016959e-02,2.251937112595822632e-02,2.251937112595822632e-02,4.455913812447302724e-02,4.455913812447301336e-02,2.405996947393296281e-02,2.657057498425664799e-02,9.826677879597123244e-03,1.009936077062739690e-02,-1.254015406154644630e-02,-2.820401728678820219e-02,-2.002812871816303519e-02,-1.973346401245514026e-02,-2.004894755459073197e-02,-4.120894584452569620e-02,-3.374590840811488024e-02,0.000000000000000000e+00
0.000000000000000000e+00,-2.634987795311589595e-02,-3.217725480813215383e-02,1.932742403039283685e-03,1.216710056509922450e-02,1.576844863067840274e-02,2.487769569140674264e-02,1.121272836608090684e-02,-8.358414291850843614e-03,-1.209513084589526610e-02,-6.392562521487189786e-02,-5.788540865913623101e-02,-1.533699880803916435e-02,-1.533699880803921986e-02,0.000000000000000000e+00,0.000000000000000000e+00,0.000000000000000000e+00,0.000000000000000000e+00,0.000000000000000000e+00,0.000000000000000000e+00,0.000000000000000000e+00,0.000000000000000000e+00,7.579511607966313074e-04,1.215403061242748863e-02,1.488735765927200541e-02,1.477974441234775581e-02,1.106493595896549526e-02,-4.055477315589476467e-03,-3.831947069848313375e-03,1.206431290043237167e-02,1.206431290043238208e-02,1.963200686868839945e-02,1.963200686868839945e-02,-1.489426676496582308e-02,-1.616728101838182247e-02,-4.258845391470533759e-03,-4.034048452478004865e-03,-2.723658041841291177e-03,-2.996915103972819239e-03,2.623957841982368921e-03,1.043895607821332394e-02,1.625109083138377491e-03,-2.473154706481216908e-02,-1.942059334662516248e-02,2.810122279474003629e-02,2.765868385309078539e-02,4.678344196753981415e-02,4.678344196753964068e-02,2.764972586315647685e-02,2.764972586315647338e-02,-2.731535500946823125e-02,-3.097366148395068464e-02,-2.082809091009141245e-02,-2.450070363283535571e-02,-1.602296255796983177e-02,-1.672559858809745392e-02,-2.714472921008197898e-02,-4.741820883742739468e-02,-2.830703485469948655e-02,1.300532232279424938e-02,1.300532232279420254e-02,7.569395401085997344e-02,7.569395401085998731e-02,-3.989840731505157889e-02,-3.989840731505157889e-02,-4.220214949346094702e-03,-4.220214949346094702e-03,-1.728829139332037704e-02,-2.051974772852065490e-02,2.727058539311794788e-02,4.611618213686118767e-02,-6.942133162241743982e-03,-4.696142202442084995e-02,-2.835994077070788308e-02,-1.321733221758342874e-02,-1.099115102359214495e-02,-9.998334235593632491e-03,-8.269723112512863267e-03,0.000000000000000000e+00,0.000000000000000000e+00,9.714913894855143478e-03,9.714913894855143478e-03,4.675815814052387831e-02,4.750628867077276440e-02,-1.986754136251711600e-05,-9.562328930848089078e-04,-1.103325540079304334e-02,-1.743440017181768081e-02,-2.156607938335610222e-02,-3.396501559712463564e-02,-1.902381954009051829e-02,-1.366355816861527725e-04,3.586240623139877459e-03,4.682963038171972237e-02,4.314225791071767818e-02,-2.236654243651537560e-02,-2.236654243651537560e-02,-9.509954615803551531e-03,-9.509954615803551531e-03,1.722703119442229105e-02,1.823194134743066908e-02,-6.096394485146119230e-03,-9.297584423150546951e-03,-1.199588627610167699e-02,-1.681824357257260746e-02,1.292694471515220406e-02,4.966840957197442286e-02,2.284548737746192743e-02,-3.119365109044464068e-02,-2.770230834823218455e-02,-3.027292348455263432e-02,-2.688692582887155721e-02,0.000000000000000000e+00,0.000000000000000000e+00,3.868826956409882056e-02,3.868826956409881362e-02,-1.826369730445316641e-03,-2.016947441448327383e-03,1.541621250950019756e-02,2.154415606525970223e-02,4.434108206225459425e-03,-2.766865508600641066e-03,8.642109639340138372e-03,2.734839399336991272e-02,1.634976119418579676e-02,-6.034793121796458437e-03,-4.941877832022184558e-03,0.000000000000000000e+00
0.000000000000000000e+00,-2.634987795311590636e-02,-3.217725480813215383e-02,1.932742403039276746e-03,1.216710056509922450e-02,1.576844863067841662e-02,2.487769569140674264e-02,1.121272836608090684e-02,-8.358414291850843614e-03,-1.209513084589525223e-02,-6.392562521487189786e-02,-5.788540865913624489e-02,-1.533699880803916261e-02,-1.533699880803921986e-02,0.000000000000000000e+00,0.000000000000000000e+00,0.000000000000000000e+00,0.000000000000000000e+00,0.000000000000000000e+00,0.000000000000000000e+00,0.000000000000000000e+00,0.000000000000000000e+00,7.579511607966310906e-04,1.215403061242748863e-02,1.488735765927200541e-02,1.477974441234775581e-02,1.106493595896549526e-02,-4.055477315589469528e-03,-3.831947069848313375e-03,1.206431290043236473e-02,1.206431290043238208e-02,1.963200686868839945e-02,1.963200686868839945e-02,-1.489426676496583869e-02,-1.616728101838182247e-02,-4.258845391470519881e-03,-4.034048452478004865e-03,-2.723658041841291177e-03,-2.996915103972819239e-03,2.623957841982368921e-03,1.043895607821332394e-02,1.625109083138370769e-03,-2.473154706481216908e-02,-1.942059334662515555e-02,2.810122279474003629e-02,2.765868385309078539e-02,4.678344196753981415e-02,4.678344196753964762e-02,2.764972586315647685e-02,2.764972586315647685e-02,-2.731535500946823125e-02,-3.097366148395068117e-02,-2.082809091009141245e-02,-2.450070363283535224e-02,-1.602296255796983177e-02,-1.672559858809745392e-02,-2.714472921008197551e-02,-4.741820883742739468e-02,-2.830703485469948655e-02,1.300532232279424764e-02,1.300532232279420081e-02,7.569395401085997344e-02,7.569395401085998731e-02,-3.989840731505157889e-02,-3.989840731505157889e-02,-4.220214949346108579e-03,-4.220214949346094702e-03,-1.728829139332036316e-02,-2.051974772852065490e-02,2.727058539311794094e-02,4.611618213686118767e-02,-6.942133162241743982e-03,-4.696142202442084995e-02,-2.835994077070787267e-02,-1.321733221758342874e-02,-1.099115102359214842e-02,-9.998334235593632491e-03,-8.269723112512863267e-03,0.000000000000000000e+00,0.000000000000000000e+00,9.714913894855143478e-03,9.714913894855143478e-03,4.675815814052387831e-02,4.750628867077276440e-02,-1.986754136251711600e-05,-9.562328930848087993e-04,-1.103325540079304334e-02,-1.743440017181768081e-02,-2.156607938335610222e-02,-3.396501559712463564e-02,-1.902381954009051829e-02,-1.366355816861527725e-04,3.586240623139877026e-03,4.682963038171972237e-02,4.314225791071767818e-02,-2.236654243651537560e-02,-2.236654243651537560e-02,-9.509954615803551531e-03,-9.509954615803551531e-03,1.722703119442228412e-02,1.823194134743066908e-02,-6.096394485146115760e-03,-9.297584423150546951e-03,-1.199588627610167699e-02,-1.681824357257260746e-02,1.292694471515220059e-02,4.966840957197442286e-02,2.284548737746193436e-02,-3.119365109044464415e-02,-2.770230834823218455e-02,-3.027292348455263432e-02,-2.688692582887155721e-02,0.000000000000000000e+00,0.000000000000000000e+00,3.868826956409881362e-02,3.868826956409881362e-02,-1.826369730445309703e-03,-2.016947441448327383e-03,1.541621250950019756e-02,2.154415606525970223e-02,4.434108206225459425e-03,-2.766865508600641066e-03,8.642109639340138372e-03,2.734839399336991272e-02,1.634976119418579676e-02,-6.034793121796444559e-03,-4.941877832022184558e-03,-2.753873518113185885e-17
0.000000000000000000e+00,1.086125337704663130e-02,1.326326133543201391e-02,-7.223746641981013995e-03,-1.509223252156205453e-02,-1.803580834286454271e-02,-2.752249937158505327e-02,-6.378539477485289932e-03,3.111365551424938314e-02,1.856568051017960796e-02,-4.205124020984638000e-02,-3.807789467820748425e-02,-4.110950428523512529e-02,-4.110950428523527794e-02,0.000000000000000000e+00,0.000000000000000000e+00,0.000000000000000000e+00,0.000000000000000000e+00,0.000000000000000000e+00,0.000000000000000000e+00,0.000000000000000000e+00,0.000000000000000000e+00,0.000000000000000000e+00,1.976253392495287350e-02,2.284211487411646341e-02,1.303689268479275506e-02,9.446511608084375705e-03,-9.267373742598616904e-03,-8.756573615053764997e-03,3.035718120728041897e-02,3.035718120728042937e-02,2.622402839747789427e-02,2.622402839747789427e-02,-7.735083602645993241e-03,-8.396201859282470537e-03,-1.944906445867608524e-02,-2.538371454956403483e-02,-1.214281532637901534e-02,-9.922182624148297159e-03,-1.395054055625694761e-02,-2.533492549359014218e-02,-2.314029394458597816e-02,-1.107623794532069418e-02,-3.695464583361639677e-03,1.713702921592404754e-02,1.713702921592410652e-02,5.454917926781949894e-03,5.454917926781922138e-03,2.426441911246303429e-02,2.426441911246303776e-02,1.930664795427244201e-02,2.189235973386258194e-02,1.790134248263436367e-02,2.185488875602951964e-02,-3.899635927679626080e-03,-2.008696265976428474e-02,-2.746982485637878418e-02,-5.263634963987241788e-02,-2.704622698783084103e-02,4.932912711473955852e-02,4.156076063997701797e-02,6.049950675729998117e-02,6.049950675729999505e-02,-5.029558301671994969e-02,-5.029558301671994969e-02,-1.172714497820137591e-02,-1.172714497820137591e-02,-1.247410567286341004e-02,-1.480571420984738013e-02,1.201386587898235769e-02,2.168899108128195807e-02,-1.130054397324192772e-02,-3.881632296880015848e-02,-2.168602133765023393e-02,-5.059141945810512880e-03,-4.473891322465794324e-03,-7.861370985067457628e-03,-6.932862601004334546e-03,-1.434787190129557452e-02,-1.434787190129557452e-02,1.707163397234324337e-02,1.707163397234324337e-02,1.030932086031660991e-02,1.047426999408179391e-02,-9.135744780405470611e-03,-1.158027575587919356e-02,3.175722315825905973e-03,8.769919341859125361e-03,-1.036029247396839936e-03,-9.866640050511379240e-03,-6.261521233154602323e-03,-2.869144031040132825e-03,-3.369639565265099279e-04,2.269051164388738093e-02,2.090385718373852925e-02,1.023806343980457334e-02,1.023806343980458722e-02,1.073954608879157391e-02,1.073954608879156003e-02,1.050440492232157519e-03,1.111716187612403484e-03,-1.897961914041493281e-02,-2.492983138294822126e-02,-2.097368730009986290e-02,-2.588869385978640608e-02,1.785390998276595656e-02,7.136367337999958982e-02,4.101740275662720675e-02,-7.658179528157351389e-03,-9.980607859742890442e-03,-7.615134683306115648e-02,-7.214050096770856235e-02,0.000000000000000000e+00,0.000000000000000000e+00,3.273619433465198812e-03,3.273619433465198812e-03,-3.273619433465129423e-03,-3.273619433465129857e-03,0.000000000000000000e+00,0.000000000000000000e+00,0.000000000000000000e+00,0.000000000000000000e+00,2.752441506607277398e-03,2.488702563412158869e-02,2.823159223987366587e-02,3.366608827258991965e-02,2.756908016023057809e-02,0.000000000000000000e+00
0.000000000000000000e+00,1.086125337704663130e-02,1.326326133543202779e-02,-7.223746641981027006e-03,-1.509223252156206840e-02,-1.803580834286452883e-02,-2.752249937158505327e-02,-6.378539477485289932e-03,3.111365551424937967e-02,1.856568051017962184e-02,-4.205124020984638000e-02,-3.807789467820749812e-02,-4.110950428523512529e-02,-4.110950428523527794e-02,0.000000000000000000e+00,0.000000000000000000e+00,0.000000000000000000e+00,0.000000000000000000e+00,0.000000000000000000e+00,0.000000000000000000e+00,0.000000000000000000e+00,0.000000000000000000e+00,0.000000000000000000e+00,1.976253392495287350e-02,2.284211487411646341e-02,1.303689268479275506e-02,9.446511608084375705e-03,-9.267373742598616904e-03,-8.756573615053764997e-03,3.035718120728041897e-02,3.035718120728042591e-02,2.622402839747789427e-02,2.622402839747789427e-02,-7.735083602646006251e-03,-8.396201859282470537e-03,-1.944906445867607137e-02,-2.538371454956403483e-02,-1.214281532637902228e-02,-9.922182624148297159e-03,-1.395054055625693720e-02,-2.533492549359014218e-02,-2.314029394458598510e-02,-1.107623794532069418e-02,-3.695464583361638810e-03,1.713702921592404754e-02,1.713702921592410999e-02,5.454917926781946425e-03,5.454917926781918669e-03,2.426441911246303776e-02,2.426441911246303776e-02,1.930664795427245589e-02,2.189235973386259582e-02,1.790134248263434980e-02,2.185488875602947453e-02,-3.899635927679626080e-03,-2.008696265976425699e-02,-2.746982485637878418e-02,-5.263634963987241788e-02,-2.704622698783084103e-02,4.932912711473955852e-02,4.156076063997701797e-02,6.049950675729995342e-02,6.049950675729996730e-02,-5.029558301671992193e-02,-5.029558301671992193e-02,-1.172714497820137591e-02,-1.172714497820138979e-02,-1.247410567286341004e-02,-1.480571420984736625e-02,1.201386587898235769e-02,2.168899108128194420e-02,-1.130054397324192772e-02,-3.881632296880014460e-02,-2.168602133765023393e-02,-5.059141945810512880e-03,-4.473891322465794324e-03,-7.861370985067457628e-03,-6.932862601004334546e-03,-1.434787190129557452e-02,-1.434787190129557626e-02,1.707163397234325031e-02,1.707163397234324337e-02,1.030932086031660297e-02,1.047426999408179391e-02,-9.135744780405470611e-03,-1.158027575587919009e-02,3.175722315825912911e-03,8.769919341859128831e-03,-1.036029247396843406e-03,-9.866640050511386179e-03,-6.261521233154605792e-03,-2.869144031040132391e-03,-3.369639565265099279e-04,2.269051164388738093e-02,2.090385718373852925e-02,1.023806343980457334e-02,1.023806343980457334e-02,1.073954608879156003e-02,1.073954608879157391e-02,1.050440492232171397e-03,1.111716187612403484e-03,-1.897961914041493281e-02,-2.492983138294822126e-02,-2.097368730009986290e-02,-2.588869385978640608e-02,1.785390998276595656e-02,7.136367337999958982e-02,4.101740275662720675e-02,-7.658179528157352256e-03,-9.980607859742890442e-03,-7.615134683306115648e-02,-7.214050096770856235e-02,0.000000000000000000e+00,0.000000000000000000e+00,3.273619433465199680e-03,3.273619433465198812e-03,-3.273619433465129857e-03,-3.273619433465129857e-03,0.000000000000000000e+00,0.000000000000000000e+00,0.000000000000000000e+00,0.000000000000000000e+00,2.752441506607277398e-03,2.488702563412158869e-02,2.823159223987366587e-02,3.366608827258991965e-02,2.756908016023057809e-02,0.000000000000000000e+00
0.000000000000000000e+00,4.483127813765473008e-02,5.474588772579028900e-02,-4.257763018922985920e-03,-2.222088050736314990e-02,-3.091287829021768102e-02,-5.006508688825735826e-02,-1.962726526136568742e-02,2.748080877417997253e-02,1.809395657651402881e-02,-1.919182683394081435e-02,-1.737842587325358346e-02,-2.371481838844193002e-02,-2.371481838844201329e-02,-7.234002994241825815e-03,-7.234002994241801529e-03,-6.870274105454691419e-04,-6.870274105454691419e-04,1.038133992456138216e-03,5.791166203482055359e-03,1.410157675103813381e-02,1.562190995502051906e-02,9.659599815268159889e-03,8.114184317603780061e-03,2.323722222745544519e-03,-1.017789724046649913e-02,-6.847402738198438837e-03,1.680512636772207857e-02,1.587885956005227403e-02,1.196680330414390953e-02,1.196680330414393728e-02,1.376659626983019885e-02,1.376659626983018497e-02,3.555194332452049633e-03,3.859057095909494695e-03,-7.775934041428581023e-03,-1.091632121511191406e-02,-1.601460327546563173e-02,-2.357205656176691866e-02,-2.264095626547107595e-02,-3.125856849636672596e-02,-1.901158992742282491e-02,0.000000000000000000e+00,0.000000000000000000e+00,5.066648545074121240e-03,5.066648545074138588e-03,-5.066648545074138588e-03,-5.066648545074121240e-03,4.590577054702178056e-02,4.590577054702178056e-02,2.949021311219588576e-02,3.343979522543653188e-02,3.777952403177799179e-02,4.827418678263216412e-02,-2.035263260324424173e-03,-3.171056866365511151e-02,-3.647422870824730545e-02,-6.274145017359247789e-02,-3.377085898470163355e-02,4.906913617623488016e-02,4.134171315635497973e-02,4.112361851105915400e-02,4.112361851105916788e-02,-5.285308357124283984e-02,-5.285308357124282597e-02,-6.089955315393622871e-03,-6.089955315393622004e-03,6.784134098460348206e-04,8.052196546770862273e-04,3.394724906157420286e-02,5.113328854436090254e-02,-2.478520025826769224e-04,-3.656079691369597262e-02,-3.906097192476760266e-02,-6.704554837214925234e-02,-4.819464939677096244e-02,-1.024444455123308187e-02,-9.034470785339358823e-03,2.826765294247808244e-02,2.826765294247808244e-02,1.662282509908439426e-02,1.662282509908439426e-02,-3.383922001407819319e-02,-3.438064753430381676e-02,-1.355642590794490718e-02,-1.301499838771928361e-02,0.000000000000000000e+00,0.000000000000000000e+00,0.000000000000000000e+00,9.385526043872757795e-03,1.204795845624971606e-02,1.024633079914763489e-02,9.983444860099076335e-03,3.047424021126661151e-02,2.807469373793820833e-02,5.151539328868461054e-02,5.151539328868461054e-02,5.106212203778506820e-03,5.106212203778506820e-03,-4.215387562576008995e-02,-4.461285170393040900e-02,-3.050333005711458600e-02,-3.671786551882418037e-02,-1.091050744841002423e-02,-3.839168653828762406e-03,3.039474027136036816e-02,7.967858731599505862e-02,4.683305880169408297e-02,-3.849077435735009933e-03,-5.632583542736089612e-03,-6.685588875795915598e-02,-6.422376715331569452e-02,-3.053143779246802678e-02,-3.053143779246803025e-02,0.000000000000000000e+00,0.000000000000000000e+00,2.684952606416285761e-02,3.150407191683343017e-02,-2.225434299356841839e-02,-3.150407191683397140e-02,-4.595183070595005616e-03,0.000000000000000000e+00,0.000000000000000000e+00,0.000000000000000000e+00,0.000000000000000000e+00,0.000000000000000000e+00,0.000000000000000000e+00,0.000000000000000000e+00
0.000000000000000000e+00,4.483127813765473008e-02,5.474588772579028900e-02,-4.257763018922985920e-03,-2.222088050736314990e-02,-3.091287829021768102e-02,-5.006508688825735826e-02,-1.962726526136569435e-02,2.748080877417996906e-02,1.809395657651402187e-02,-1.919182683394081435e-02,-1.737842587325356958e-02,-2.371481838844193002e-02,-2.371481838844201329e-02,-7.234002994241824948e-03,-7.234002994241801529e-03,-6.870274105454691419e-04,-6.870274105454691419e-04,1.038133992456138216e-03,5.791166203482055359e-03,1.410157675103813034e-02,1.562190995502052079e-02,9.659599815268159889e-03,8.114184317603780061e-03,2.323722222745547988e-03,-1.017789724046649913e-02,-6.847402738198445776e-03,1.680512636772207163e-02,1.587885956005227403e-02,1.196680330414393034e-02,1.196680330414394422e-02,1.376659626983018497e-02,1.376659626983018497e-02,3.555194332452049633e-03,3.859057095909494695e-03,-7.775934041428594033e-03,-1.091632121511191406e-02,-1.601460327546561785e-02,-2.357205656176691866e-02,-2.264095626547107595e-02,-3.125856849636672596e-02,-1.901158992742282491e-02,0.000000000000000000e+00,0.000000000000000000e+00,5.066648545074121240e-03,5.066648545074138588e-03,-5.066648545074138588e-03,-5.066648545074121240e-03,4.590577054702177362e-02,4.590577054702178056e-02,2.949021311219587882e-02,3.343979522543653188e-02,3.777952403177801954e-02,4.827418678263216412e-02,-2.035263260324465806e-03,-3.171056866365511151e-02,-3.647422870824727770e-02,-6.274145017359246401e-02,-3.377085898470163355e-02,4.906913617623487323e-02,4.134171315635497973e-02,4.112361851105915400e-02,4.112361851105918176e-02,-5.285308357124283984e-02,-5.285308357124283984e-02,-6.089955315393622004e-03,-6.089955315393622004e-03,6.784134098460348206e-04,8.052196546770862273e-04,3.394724906157418898e-02,5.113328854436090254e-02,-2.478520025826491668e-04,-3.656079691369597262e-02,-3.906097192476760960e-02,-6.704554837214925234e-02,-4.819464939677096937e-02,-1.024444455123308187e-02,-9.034470785339358823e-03,2.826765294247808244e-02,2.826765294247808244e-02,1.662282509908439426e-02,1.662282509908439426e-02,-3.383922001407819319e-02,-3.438064753430381676e-02,-1.355642590794490544e-02,-1.301499838771928361e-02,0.000000000000000000e+00,0.000000000000000000e+00,0.000000000000000000e+00,9.385526043872759530e-03,1.204795845624971780e-02,1.024633079914763316e-02,9.983444860099067661e-03,3.047424021126660804e-02,2.807469373793821527e-02,5.151539328868461054e-02,5.151539328868461054e-02,5.106212203778506820e-03,5.106212203778506820e-03,-4.215387562576008995e-02,-4.461285170393040900e-02,-3.050333005711458600e-02,-3.671786551882418037e-02,-1.091050744841002076e-02,-3.839168653828766310e-03,3.039474027136035775e-02,7.967858731599505862e-02,4.683305880169407603e-02,-3.849077435735009933e-03,-5.632583542736074866e-03,-6.685588875795915598e-02,-6.422376715331569452e-02,-3.053143779246803025e-02,-3.053143779246803025e-02,0.000000000000000000e+00,0.000000000000000000e+00,2.684952606416286108e-02,3.150407191683343017e-02,-2.225434299356841839e-02,-3.150407191683397140e-02,-4.595183070595006483e-03,0.000000000000000000e+00,0.000000000000000000e+00,0.000000000000000000e+00,0.000000000000000000e+00,0.000000000000000000e+00,0.000000000000000000e+00,0.000000000000000000e+00
0.000000000000000000e+00,3.981944632501143756e-03,4.862567003150465930e-03,2.531412486978711074e-03,2.588275861405345182e-03,-1.209728786552816127e-02,-1.303477361060411364e-02,0.000000000000000000e+00,1.619261692976289163e-02,1.626069088127982815e-02,7.204493202209137637e-04,6.523753687039807181e-04,-1.331448620401970949e-02,-1.331448620401975459e-02,-3.598580045964119324e-03,-3.598580045964107181e-03,0.000000000000000000e+00,0.000000000000000000e+00,0.000000000000000000e+00,2.769645438927486637e-03,2.296132623663822703e-02,3.374136133301683382e-02,4.139657433410545012e-03,-2.254854592340958461e-02,-1.344855463245407320e-02,-1.312467999645718086e-03,1.177208069171683039e-03,3.954497439291929095e-02,3.736533013504167444e-02,-3.488440844523120477e-03,-3.488440844523106599e-03,1.011017058089210691e-02,1.011017058089210691e-02,1.341155783722298295e-02,1.455784483185751377e-02,-7.400580310437596121e-03,-1.154736327387391459e-02,-1.613505488298976054e-02,-2.349421101551929514e-02,-1.219641236266883616e-02,-4.859761524788710520e-03,-5.621882121734871236e-03,-1.320231476008135521e-02,-1.065947467061898607e-02,-3.558588820151975529e-03,-3.502548051330718615e-03,6.265830081908424498e-03,6.265830081908396743e-03,4.179943796813221507e-02,4.179943796813223589e-02,7.022935239293481846e-03,7.963506923127458559e-03,1.886519043743195567e-02,2.557782676075230632e-02,-8.752965485667535406e-03,-3.156945505436935251e-02,-3.749280446467944533e-02,-6.594998624878589677e-02,-3.399795543476254178e-02,6.110292523416019361e-02,5.148041732326833625e-02,4.937448740192876967e-02,4.937448740192877661e-02,-4.864791051589088811e-02,-4.864791051589087423e-02,-3.628863604630375161e-02,-3.628863604630375161e-02,3.566450327648412744e-02,4.233076557115453276e-02,5.244359125868656296e-02,6.921096164797610473e-02,6.440677713651490888e-03,-3.537877510211744070e-02,-4.867701442459906880e-02,-1.012363598732761438e-01,-7.143451846510324998e-02,-1.266921164016205194e-03,-7.775682793994354112e-04,4.447663282507068050e-02,4.447663282507068050e-02,1.023914651927439190e-02,1.023914651927437802e-02,-3.052484689778215549e-02,-3.101324444814698711e-02,-2.419093244656241384e-02,-2.370253489619756834e-02,0.000000000000000000e+00,0.000000000000000000e+00,0.000000000000000000e+00,7.428006681801689777e-03,1.797342096256075369e-02,4.058386708049679936e-02,3.104402153061115721e-02,1.277072288209180062e-02,1.176515415121830166e-02,5.678322245466411317e-02,5.678322245466414092e-02,-5.862011176653678102e-03,-5.862011176653705857e-03,-5.117008282816055964e-02,-5.415500432647111367e-02,-3.182243914104092297e-03,-2.583499670703384710e-04,2.335401060461346837e-02,4.018526818645907356e-02,1.830170743392477151e-02,3.813679024042462840e-03,-6.444176856585520641e-03,-3.958035952191371609e-02,-3.193518207836553574e-02,-2.746250625660680983e-02,-2.638130522288237301e-02,-3.424653506084116700e-02,-3.424653506084116700e-02,0.000000000000000000e+00,0.000000000000000000e+00,7.275313924966202161e-02,8.109950492612844064e-02,-2.607003472210232820e-02,-4.750959620237161368e-02,-2.084189143604160341e-02,-1.426209196078742289e-02,-2.017896950970149428e-02,-1.932781676297087511e-02,-5.662243581818018207e-03,0.000000000000000000e+00,0.000000000000000000e+00,0.000000000000000000e+00
0.000000000000000000e+00,1.599066844699787229e-03,1.952706627662255086e-03,2.927447724823098799e-03,4.035476649583946175e-03,-8.051102728592215291e-03,-9.512771436315538981e-03,0.000000000000000000e+00,1.417223850574685085e-02,1.435006516047572858e-02,1.881998762547368309e-03,1.704172107818493825e-03,-1.270780015992822864e-02,-1.270780015992827028e-02,-3.346437108366023903e-03,-3.346437108366011760e-03,0.000000000000000000e+00,0.000000000000000000e+00,0.000000000000000000e+00,2.593390060995082787e-03,2.341758714040509393e-02,3.479832933006694190e-02,3.817660794468748231e-03,-2.433720518746924563e-02,-1.436860411567432959e-02,-7.953179605976797711e-04,1.645310366268422364e-03,4.087146552772287500e-02,3.861870758524978131e-02,-4.389996753195637980e-03,-4.389996753195624102e-03,9.896879082370642344e-03,9.896879082370642344e-03,1.398651237500146693e-02,1.518194078312132961e-02,-7.378684676129774501e-03,-1.158417406063502048e-02,-1.614208122676202145e-02,-2.348967002532151294e-02,-1.158714730167183932e-02,-3.253045539464927138e-03,-4.681815605978370542e-03,-1.350399937366148287e-02,-1.091812490891238760e-02,-4.596963659196432600e-03,-4.524570530705179783e-03,7.066759444543671553e-03,7.066759444543647267e-03,4.142003379163584909e-02,4.142003379163584909e-02,5.712344030040436560e-03,6.477390105492308869e-03,1.776185431109479629e-02,2.425387242614222838e-02,-9.144831448812673624e-03,-3.156122342716101425e-02,-3.755222138380469310e-02,-6.504846456538769528e-02,-3.401120272768274472e-02,6.071620997475485337e-02,5.207184173300512947e-02,4.985578808722967298e-02,4.985578808722968686e-02,-4.840260875432862708e-02,-4.840260875432862708e-02,-3.805022575560737530e-02,-3.805022575560737530e-02,3.770535851870532307e-02,4.475308908294980959e-02,5.352254455351843770e-02,7.026549257902062195e-02,6.830841947098542644e-03,-3.530982382977532197e-02,-4.923795023708939234e-02,-1.032308238775091480e-01,-7.279017749408969729e-02,-5.970975067347963688e-04,-1.497808401925293390e-04,4.527602185852861588e-02,4.527602185852861588e-02,9.866765268785347709e-03,9.866765268785347709e-03,-3.033150846599815334e-02,-3.081681260145445814e-02,-2.481127866131529677e-02,-2.432597452585899198e-02,0.000000000000000000e+00,0.000000000000000000e+00,0.000000000000000000e+00,7.313818052347507981e-03,1.831907294209567105e-02,4.235355669690937103e-02,3.227255516972474259e-02,1.173801770455628474e-02,1.081376434199266684e-02,5.709051248934638584e-02,5.709051248934638584e-02,-6.501824207179110471e-03,-6.501824207179110471e-03,-5.169602824830074606e-02,-5.471162989611950273e-02,-1.588513889094672615e-03,1.868455106782622444e-03,2.535277415770711973e-02,4.275336033547665754e-02,1.759628051840746166e-02,-6.117739596561422299e-04,-9.552015603319433112e-03,-4.166468431027477159e-02,-3.346950032627771243e-02,-2.516455894402720717e-02,-2.417382827693975722e-02,-3.446324906816300437e-02,-3.446324906816300437e-02,0.000000000000000000e+00,0.000000000000000000e+00,7.543085001881696949e-02,8.399257185167154083e-02,-2.629261673960019835e-02,-4.811414129023602188e-02,-2.122187749061807058e-02,-1.465483327754038903e-02,-2.125561474638388432e-02,-2.122359728389662872e-02,-6.660741042216270814e-03,0.000000000000000000e+00,0.000000000000000000e+00,0.000000000000000000e+00
0.000000000000000000e+00,2.617774670664182839e-03,6.384473667481421581e-03,2.618581167126558720e-03,-1.800135362601416357e-03,-1.793415734622073919e-03,-2.499268476160992382e-03,6.554830182987280915e-04,7.305596233687041210e-03,5.395744417749306562e-03,1.095390629579511693e-03,9.918891527688541293e-04,-1.048605669198559957e-02,-1.048605669198563774e-02,0.000000000000000000e+00,0.000000000000000000e+00,0.000000000000000000e+00,0.000000000000000000e+00,0.000000000000000000e+00,0.000000000000000000e+00,1.538684579474892955e-02,2.955676680154179295e-02,1.431378833355279739e-02,3.447386886512790460e-04,4.540908592628005989e-04,1.071962538872726911e-03,2.439197635610332315e-03,2.939967620740771559e-02,2.777922161329850204e-02,-3.911880381066108747e-03,-3.911880381066094869e-03,8.851398766693018005e-03,8.851398766693018005e-03,-1.249528559412967782e-02,-1.356325872183316433e-02,-5.535859268930590216e-03,-6.036399361019635645e-03,-2.277823399728116927e-03,-1.268766096504558849e-03,1.300676094927490090e-03,4.921599280417653099e-03,-3.937230981299867649e-03,-3.555338711112449729e-02,-2.866611414194497262e-02,-7.075505346142478558e-03,-6.964080065100915207e-03,1.158958083306565676e-02,1.158958083306561512e-02,4.128973627120162415e-02,4.128973627120162415e-02,2.564993512902173645e-03,2.908519429808735512e-03,2.289497438223263293e-02,3.218015679883617919e-02,-6.555015113935622195e-03,-3.114140723978198189e-02,-4.092138482034210489e-02,-6.356353135902367835e-02,-3.759983033101808175e-02,2.463134238283308172e-02,2.463134238283299499e-02,4.124012045092309564e-02,4.124012045092311646e-02,-3.304952541622604989e-02,-3.304952541622605683e-02,-3.282193741753047789e-02,-3.282193741753048483e-02,2.408478280035642252e-02,3.090061761482350289e-02,5.175803674385501263e-02,6.794832910752618416e-02,2.386823323465966928e-02,1.794876543904921906e-03,-2.309863096642535141e-02,-8.031547327983833140e-02,-5.813274845609545105e-02,-1.565212880122340833e-02,-1.380345217115757847e-02,2.757577254306248227e-02,2.757577254306248227e-02,1.372915070399544253e-02,1.372915070399545467e-02,-9.641801163162010135e-03,-9.796069981772709268e-03,-3.425034806934022097e-02,-3.618507445047740995e-02,-2.088995199747870762e-03,0.000000000000000000e+00,2.998189611455348656e-03,3.085023448613207278e-02,3.876091317630517979e-02,4.198261437293354659e-02,3.044687330469184397e-02,-7.961284135985888244e-03,-7.334411369372739742e-03,2.766700762204780950e-02,2.766700762204780950e-02,-6.770512485902158151e-03,-6.770512485902158151e-03,-3.639512535420255657e-02,-3.851817433319856820e-02,4.010397251778229089e-03,8.030388364003049340e-03,2.461179177303090410e-02,3.898359330074029072e-02,7.153500983663407808e-03,-2.269874156890099026e-02,-2.091041322573135297e-02,-3.323279001540611899e-02,-2.484959497034550102e-02,2.682953005826466120e-02,2.577324934730959582e-02,-3.210170303891334703e-02,-3.210170303891334703e-02,4.124075229068872861e-03,4.124075229068872861e-03,3.961608577939866593e-02,4.374993820855375276e-02,-3.719238489024823818e-02,-5.704817543004541552e-02,-2.241424464916290035e-02,-1.231772362887183746e-02,-1.065943503475615985e-02,-1.156827700452128273e-02,-6.534259060116123612e-03,0.000000000000000000e+00,0.000000000000000000e+00,0.000000000000000000e+00
0.000000000000000000e+00,1.842760134652299438e-03,6.665044455342162590e-03,2.523055427632783961e-03,-3.604963819978363078e-03,1.490084317067265698e-03,6.121880068733579275e-03,2.976024590143967405e-03,-1.270131479838017274e-03,-8.395809368546454377e-04,8.521097637131588853e-04,7.715954553308181085e-04,-8.763938987972589786e-03,-8.763938987972621011e-03,0.000000000000000000e+00,0.000000000000000000e+00,0.000000000000000000e+00,0.000000000000000000e+00,0.000000000000000000e+00,0.000000000000000000e+00,1.290311135794801160e-02,2.713358558828807277e-02,1.756001334564070981e-02,7.978329578173227327e-03,5.038429511305283354e-03,1.649471971698630640e-03,2.684729780767634855e-03,2.585170012895966762e-02,2.442680327145783231e-02,-3.764009338139445715e-03,-3.764009338139431837e-03,8.528054339163856912e-03,8.528054339163849973e-03,-2.068553238870647626e-02,-2.245352660996358107e-02,-4.965913266704022333e-03,-4.320592752891122545e-03,2.010091392138105282e-03,5.603678417562651948e-03,5.286600856762399547e-03,7.449839946360767295e-03,-3.706947076760100379e-03,-4.237278538044308290e-02,-3.415518297690360583e-02,-7.842064630764982933e-03,-7.718567549965586923e-03,1.298839157178382012e-02,1.298839157178377154e-02,4.124943806900548127e-02,4.124943806900548127e-02,1.591586136467634804e-03,1.804744994030285654e-03,2.448253729083199604e-02,3.463158495533952275e-02,-5.754040989746855850e-03,-3.101156718182972172e-02,-4.196339413061143248e-02,-6.310427366633376833e-02,-3.603619920573530866e-02,1.347107405543436498e-02,1.347107405543431641e-02,3.857548097577668395e-02,3.857548097577669782e-02,-2.830114912609115255e-02,-2.830114912609115255e-02,-2.374540590512026414e-02,-2.374540590512026414e-02,1.241269848992388250e-02,1.915681296940821912e-02,5.121231267901064921e-02,6.723168061118765804e-02,2.913752950916317919e-02,1.327055707184747468e-02,-1.501430541879715530e-02,-7.322825144550701437e-02,-5.359952298042704177e-02,-1.932166932426435807e-02,-1.703958239620154136e-02,2.111481390838528677e-02,2.111481390838528677e-02,1.492370290045220982e-02,1.492370290045220808e-02,-3.242922615892977756e-03,-3.294809377747308365e-03,-3.203586420296750115e-02,-3.982318759824887699e-02,-7.868859872648440237e-03,-2.964971551279674757e-05,8.423212599958320237e-03,3.812953853781814173e-02,4.058538395450279890e-02,4.186788994283795889e-02,2.988222942890847444e-02,-1.405385171553512336e-02,-1.294724921824873254e-02,1.856695457030581309e-02,1.856695457030582697e-02,-6.853611953548444102e-03,-6.853611953548444102e-03,-3.166288734571853086e-02,-3.350988910755283573e-02,5.742019254110102000e-03,9.936140917782589066e-03,2.438262196333720183e-02,3.781768597040943702e-02,3.923775354361100365e-03,-2.952976247897685230e-02,-2.442331970688975396e-02,-3.062498765616831348e-02,-2.218364486026332821e-02,4.291017614144798653e-02,4.122079912800555301e-02,-2.469435251222541067e-02,-2.469435251222542455e-02,7.696954666127076017e-04,7.696954666127005544e-04,2.649224605194006738e-02,2.925665433562104484e-02,-4.056344720488171823e-02,-5.981127877225454054e-02,-2.278301799716645620e-02,-1.159490621175783033e-02,-7.382266051778455830e-03,-5.761809310736745043e-03,-6.495140921322343011e-03,-2.820286164080829626e-03,0.000000000000000000e+00,0.000000000000000000e+00
0.000000000000000000e+00,6.512932768238733836e-03,1.057898712426879467e-02,9.301303566959306240e-03,8.208353701086607002e-03,8.986414942324338212e-03,1.316707633491730547e-02,1.028359519192141233e-02,1.135680920756378803e-02,6.050804056789343965e-03,-2.303119432363634825e-02,-2.085501848203300673e-02,-2.028003204419998387e-02,-2.028003204420005673e-02,0.000000000000000000e+00,0.000000000000000000e+00,0.000000000000000000e+00,0.000000000000000000e+00,0.000000000000000000e+00,0.000000000000000000e+00,1.230472887949712879e-02,2.724963068887789261e-02,2.591510878392910833e-02,2.628709973146460890e-02,1.533827380242815119e-02,9.051309266702028955e-05,1.444733287176494518e-03,2.495733678324457347e-02,2.358173554322310489e-02,9.308181598610590357e-03,9.308181598610631990e-03,-1.041116245822951147e-02,-1.041116245822952709e-02,-3.369403959412101135e-02,-3.657387203806321263e-02,6.369277782660497621e-03,1.249613828487784739e-02,9.157964674404918404e-03,1.057308380631637179e-02,-1.298204399046321011e-03,-1.577009691317923096e-02,-1.894571310993881097e-02,-4.641071635284460539e-02,-3.735121463537321301e-02,-1.796136223742288845e-03,-1.719670155220978615e-03,5.705046377493237265e-03,5.705046377493218183e-03,3.642649563615331376e-02,3.642649563615329988e-02,1.488568499966862191e-03,1.687930352641017978e-03,1.736327245983999845e-02,2.449232187764125226e-02,1.025731410637630014e-03,-1.212788397271807178e-02,-2.919309056019184223e-02,-5.618391027121075881e-02,-3.281602382389940675e-02,3.469987775740582779e-03,3.469987775740569769e-03,3.586430665728695955e-02,3.586430665728695955e-02,-1.237569914092464390e-02,-1.237569914092465084e-02,-2.695859529210326705e-02,-2.695859529210326011e-02,2.555501495134364885e-03,7.653886038686530044e-03,5.475595940276530710e-02,7.507752389428534734e-02,4.405043811603855802e-02,3.878806743086328501e-02,4.395090628603048888e-03,-5.267989317380109004e-02,-4.260334636738509484e-02,-4.814096641263403142e-02,-4.245502549775577450e-02,1.465868288371673621e-02,1.465868288371674141e-02,1.775274963477092155e-02,1.775274963477090767e-02,1.700767018004104014e-03,1.727979290292183667e-03,-2.848706134745125976e-02,-3.550306617359713646e-02,-1.665672063855404630e-02,-1.554211223742315261e-02,6.061101910034331908e-03,2.706752374947630352e-02,2.385608048782393228e-02,3.357357684063070474e-02,2.403518134300873521e-02,-1.034481924571485634e-02,-9.530266549201783788e-03,1.037099539013085214e-02,1.037099539013085908e-02,-3.322308992442138398e-03,-3.322308992442138398e-03,-2.358059716678005333e-02,-2.495613200150943733e-02,2.613283601438004533e-03,5.222473622610668796e-03,2.073183120029037374e-02,3.346308586160158527e-02,5.532414399059520926e-03,-2.099856709773141594e-02,-1.364096560583109158e-02,-4.875411875461879707e-03,-1.849725533690026180e-03,4.955012657842889495e-02,4.759933419345182409e-02,-6.040713819806849648e-03,-6.040713819806850515e-03,-6.383160108068219873e-03,-6.383160108068247629e-03,-9.217254083476150717e-03,-1.017905450957810876e-02,-3.955784532907627438e-02,-5.327932285519235839e-02,-1.568757319798012861e-02,-1.848485452344717428e-03,-1.121655168367288041e-03,-7.660445684054168229e-04,-1.808767549509322781e-03,-7.289733423775211600e-03,-5.969545480886673944e-03,0.000000000000000000e+00
0.000000000000000000e+00,9.857786140942398703e-03,1.338221633309451437e-02,1.415599480188216644e-02,1.666924327698415809e-02,1.435540849825148180e-02,1.821296014718382442e-02,1.551739575805912048e-02,2.040042888908093210e-02,1.098580952520983138e-02,-4.013680400781843849e-02,-3.634435008582000137e-02,-2.852804463852467651e-02,-2.852804463852478059e-02,0.000000000000000000e+00,0.000000000000000000e+00,0.000000000000000000e+00,0.000000000000000000e+00,0.000000000000000000e+00,0.000000000000000000e+00,1.187615764493096977e-02,2.733274407173276119e-02,3.189916362486516777e-02,3.940013781422684047e-02,2.271518930823208243e-02,-1.026038536909662513e-03,5.566276904152983596e-04,2.431677925185408637e-02,2.297648433246044300e-02,1.867069672898524768e-02,1.867069672898527544e-02,-2.397573665095665066e-02,-2.397573665095664719e-02,-4.301094340340402139e-02,-4.668709241224227452e-02,1.448772542612393466e-02,2.454055375787406873e-02,1.427738743062282462e-02,1.413225253069387566e-02,-6.014348703882121949e-03,-3.240059223149772960e-02,-2.985996445802582139e-02,-4.430370432376068424e-02,-3.459843897036728178e-02,0.000000000000000000e+00,0.000000000000000000e+00,0.000000000000000000e+00,0.000000000000000000e+00,3.099583456887943303e-02,3.099583456887943303e-02,1.414785598148737139e-03,1.604265812186533857e-03,1.226433954034594070e-02,1.723041724091170512e-02,5.881514346047957663e-03,1.396916163537050004e-03,-2.004679205705386935e-02,-5.122743378551474630e-02,-3.050968199636837699e-02,0.000000000000000000e+00,0.000000000000000000e+00,3.022956724784245722e-02,3.022956724784246069e-02,-9.696336110085468363e-04,-9.696336110085468363e-04,-2.925993363683423304e-02,-2.925993363683423304e-02,0.000000000000000000e+00,0.000000000000000000e+00,5.278959381188846195e-02,8.011214732048466125e-02,5.473130509123268206e-02,5.706412214745498757e-02,1.829641482471341951e-02,-3.796282576298531941e-02,-3.472770636074722084e-02,-6.878181432727636935e-02,-6.065797798940876506e-02,1.003469714983269007e-02,1.003469714983269007e-02,1.977895878232342058e-02,1.977895878232342058e-02,5.241517701741055246e-03,5.325381984968971527e-03,-2.594535119417622215e-02,-3.240892515323857970e-02,-1.627277412143144156e-02,-1.590404031127624560e-02,-2.308634974101043263e-03,8.396380236257626473e-03,1.187428205898684308e-02,2.763305529445550177e-02,1.984743068689149431e-02,-7.688350044357228873e-03,-7.082968151100675624e-03,4.500916517843608911e-03,4.500916517843608911e-03,-7.931325473255619292e-04,-7.931325473255618208e-04,-1.779192987645948631e-02,-1.882979245258670220e-02,3.724323907404805678e-04,1.846468667960652482e-03,1.811707565378400941e-02,3.034425064853663728e-02,6.684547768911038024e-03,-1.488838662197479457e-02,-5.918468749667775419e-03,1.356685185936765820e-02,1.271375722723351587e-02,5.430576675626642286e-02,5.216774444302807456e-02,7.319324703140978050e-03,7.319324703140978050e-03,-1.150615126290703560e-02,-1.150615126290703560e-02,-3.479297715343535047e-02,-3.842354868248989974e-02,-3.883761695856699503e-02,-4.860103010378315214e-02,-1.060570057153607110e-02,5.132059145613047241e-03,3.362295869751345118e-03,2.812003152453369792e-03,5.900038279146823522e-03,2.267533070012523605e-02,1.856877474655889426e-02,0.000000000000000000e+00
0.000000000000000000e+00,1.309513377209398045e-03,4.813943492580002176e-03,1.509639747989324418e-02,1.817505994190581758e-02,1.998727570517818200e-02,2.935053891775784435e-02,2.251979153522052496e-02,2.385218113279226337e-02,1.583894141739326800e-02,-1.523792535066303445e-02,-1.379812138052170789e-02,-3.744107706375755795e-02,-3.744107706375768979e-02,-2.351272107061541314e-02,-2.351272107061532640e-02,0.000000000000000000e+00,0.000000000000000000e+00,0.000000000000000000e+00,0.000000000000000000e+00,2.765361392266465004e-03,1.580596490270167603e-02,3.589882681407696036e-02,5.477347848231059468e-02,3.465065373991186443e-02,1.157985390926195846e-02,9.960732945280173500e-03,2.025246497888003039e-02,1.913618738161880495e-02,1.447821010232107353e-02,1.447821010232111516e-02,-3.476637179552780066e-02,-3.476637179552780066e-02,-3.765637700253302023e-02,-4.087487076343353926e-02,1.948706054007939836e-02,3.067665315132354908e-02,1.119392129021594406e-02,5.764766899489515151e-03,-9.589412774708150344e-03,-3.209754934915309832e-02,-2.597287202225506686e-02,-3.051393392973302671e-02,-2.461743221455718611e-02,-6.996315207985055740e-03,-6.886137015733375180e-03,4.461581441554484870e-03,4.461581441554467523e-03,2.629686781721760763e-02,2.629686781721760763e-02,-9.197639158533041370e-03,-1.042946583155088952e-02,3.232573053832638304e-03,6.370547924831618247e-03,1.163486947052116971e-02,1.872041820625142128e-02,-1.209924816152638943e-02,-5.350230093876011395e-02,-3.241135584352244914e-02,0.000000000000000000e+00,0.000000000000000000e+00,2.331749589388509500e-02,2.331749589388509500e-02,-2.156462699276232020e-03,-2.156462699276232020e-03,-2.116103319460910931e-02,-2.116103319460910931e-02,0.000000000000000000e+00,2.995690860944094300e-03,5.794142847079031960e-02,8.307272233869474054e-02,5.802370687561549806e-02,6.224399528916921276e-02,1.875781060921068166e-02,-4.541741425566954427e-02,-3.946549167498192290e-02,-6.466450493120229348e-02,-5.702696497869777503e-02,1.382001876470369262e-02,1.382001876470370649e-02,2.165584970525732955e-02,2.165584970525730180e-02,1.078424343470926533e-03,1.095679132966501101e-03,-2.231324886766897914e-02,-2.780366631823437754e-02,-2.633546166794314969e-02,-3.353812625155587479e-02,-1.336813867812430834e-02,-1.570063429412654971e-03,7.150344192015541805e-03,3.089600654164444127e-02,2.354166172156771722e-02,8.556642372452329115e-03,7.882891004542591507e-03,-5.981323765411487858e-03,-5.981323765411473981e-03,-1.901897672659998845e-02,-1.901897672659998845e-02,-6.398465305300273659e-03,-6.771709114776276045e-03,7.682518000284285775e-03,1.054723453442833747e-02,2.208150719334941656e-02,3.362073483138486307e-02,7.968476480391707695e-03,-1.509612613830630529e-02,-8.964017737153377741e-03,3.169762104577797390e-04,1.981992379643138236e-03,4.406647747588182673e-02,4.233157678785538780e-02,1.844219620514113422e-02,1.844219620514110647e-02,-1.147762002524904679e-02,-1.147762002524903291e-02,-3.575855444774586611e-02,-3.948988186838064962e-02,-2.669892586733802614e-02,-3.170527176881840492e-02,-7.163237812784468451e-03,2.897874053405760653e-03,5.456059247879910257e-03,1.140962672572175957e-02,1.269213442672596781e-02,2.990092640916027639e-02,2.448579800435125159e-02,0.000000000000000000e+00
0.000000000000000000e+00,0.000000000000000000e+00,0.000000000000000000e+00,5.068692690144208784e-03,1.246455893752373978e-02,2.837986213118681017e-02,4.594771512488816934e-02,3.295473426197112476e-02,2.899596879008772138e-02,2.307105953123540776e-02,2.186628598156949155e-02,1.980018021953153240e-02,-3.796096402713834694e-02,-3.796096402713849960e-02,-3.900423307106815757e-02,-3.900423307106803267e-02,-8.475910220363751246e-03,-8.823283590050811503e-03,-2.383342151549908833e-02,-2.348604814581202113e-02,0.000000000000000000e+00,0.000000000000000000e+00,3.104759775884519124e-02,7.631157424634595066e-02,5.243683603025862949e-02,3.036510539767497963e-02,2.397469371723595644e-02,1.419583978778128641e-02,1.341339192546255055e-02,8.230582972390043661e-03,8.230582972390071417e-03,-5.084653397175184497e-02,-5.084653397175184497e-02,-2.967702315025445847e-02,-3.221352085540461763e-02,2.693705012166029700e-02,3.982064440430733987e-02,6.598952139805533412e-03,-6.704427374462432199e-03,-1.491695923319411032e-02,-3.164595603428663195e-02,-2.018034211796912447e-02,-2.514916890937343719e-03,-2.230466699192433511e-03,-1.337387396091738873e-02,-1.316326177255658370e-02,2.557545444092840237e-03,2.557545444092826359e-03,1.634927514785682046e-02,1.634927514785682046e-02,-2.501223291358862719e-02,-2.836208553594433968e-02,-1.022652994567772693e-02,-9.812786742268538726e-03,2.020849671483442717e-02,4.453583301500289859e-02,-2.558494152498577701e-04,-5.689229904947880334e-02,-3.524522275300700364e-02,0.000000000000000000e+00,0.000000000000000000e+00,1.301715426837975025e-02,1.301715426837975025e-02,-3.925070752381076833e-03,-3.925070752381076833e-03,-9.092083515998810456e-03,-9.092083515998810456e-03,4.311203340332118820e-03,8.331170457478784611e-03,6.130746893588082114e-02,8.661324679737054943e-02,6.293003110332337502e-02,6.996302193172390660e-02,1.944538079787316853e-02,-5.652621279378744479e-02,-4.652572077070428469e-02,-5.852890661548395407e-02,-5.161604362940288432e-02,1.946089019078612453e-02,1.946089019078612453e-02,2.445278519825690167e-02,2.445278519825690167e-02,-5.125401053167027987e-03,-5.207407470017744178e-03,-1.690070422424629071e-02,-2.094092766214945833e-02,-4.133083918823546310e-02,-5.981637196648305344e-02,-2.984896772725744232e-02,-7.801288067694576479e-03,1.107505079012725211e-04,2.713771306611073922e-02,2.904679032226181040e-02,3.276486636612992859e-02,3.018495562863903608e-02,-2.160191712869398428e-02,-2.160191712869398428e-02,-3.830066230354724210e-02,-3.830066230354724210e-02,2.701634973278937979e-03,3.318803443518454979e-03,1.857597890862435278e-02,2.351308170798835709e-02,2.798928752681956872e-02,3.850333871170781574e-02,9.881782011225706541e-03,-1.540569875087873658e-02,-1.350248289497520821e-02,-1.942793652125157991e-02,-1.401044151088410433e-02,2.880792874432797079e-02,2.767375832132318997e-02,3.501745569831815619e-02,3.501745569831815619e-02,-1.143510288677829223e-02,-1.143510288677829223e-02,-3.719745394514979014e-02,-4.107892740029628342e-02,-8.609896005898322324e-03,-6.527278955929152748e-03,-2.033293309546643779e-03,-4.314998094914410109e-04,8.576177223130407312e-03,2.422177165843577423e-02,2.281368947017750615e-02,4.066848079909515107e-02,3.330332285910089785e-02,0.000000000000000000e+00
0.000000000000000000e+00,0.000000000000000000e+00,0.000000000000000000e+00,9.986674475699832895e-03,1.631856924028639300e-02,2.091606974285642115e-02,3.193431417655622634e-02,2.513321382117385261e-02,2.824144220304895814e-02,2.329555780929967734e-02,3.002692992504743877e-02,2.718973969590923745e-02,-2.491071737431338473e-02,-2.491071737431349575e-02,-3.752764958515312360e-02,-3.752764958515300564e-02,-1.083931016038954670e-02,-1.128354418335635913e-02,-3.324357842508309652e-02,-3.279934440211627888e-02,0.000000000000000000e+00,0.000000000000000000e+00,2.517766179649380889e-02,6.881348956492730484e-02,5.158295928154885135e-02,3.364285673885518413e-02,2.637473714804841607e-02,1.231921630473832747e-02,1.164020438242983901e-02,1.291903196573844503e-02,1.291903196573845891e-02,-4.464934225486164032e-02,-4.464934225486164032e-02,-3.680644627012564368e-02,-3.995229637868364519e-02,1.996037697500262220e-02,3.121798765544850709e-02,9.796855818113930914e-03,3.014184454516594114e-03,-6.997956813540596489e-03,-2.203197593276221694e-02,-1.380710760618830690e-02,-5.190626919079829871e-04,-7.226000800888073309e-04,-1.941290779833741709e-02,-1.910719271489918353e-02,-1.288100144025451643e-03,-1.288100144025444704e-03,1.721514044405843269e-02,1.721514044405842575e-02,-2.813244461039680899e-02,-3.190018272786076386e-02,-7.697698303187626261e-03,-5.607920714459648306e-03,2.147636734724744575e-02,4.455454000378646084e-02,9.439644659180179698e-06,-5.833465848917038926e-02,-3.694388600602655642e-02,0.000000000000000000e+00,0.000000000000000000e+00,8.534561326954953966e-03,8.534561326954955701e-03,-5.510824742165363992e-03,-5.510824742165364859e-03,-3.023736584789680180e-03,-3.023736584789679747e-03,4.219289371731452243e-03,8.248994304848626322e-03,5.700611403501738145e-02,8.009528518977648837e-02,5.772179738080950723e-02,6.371427875741708657e-02,1.727987314109934169e-02,-5.291048708078817386e-02,-4.260420155891102290e-02,-4.678001651943031192e-02,-4.125481771792256780e-02,2.269978312598377318e-02,2.269978312598378012e-02,1.469494252683051227e-02,1.469494252683048452e-02,-2.114031471793814676e-03,-2.147855975342519153e-03,-1.616399153520171883e-02,-2.008363934333268208e-02,-3.878301113787897131e-02,-5.599179026490262029e-02,-2.694559697706256501e-02,-1.153949472106006145e-02,1.922640797915294150e-03,3.404179283950976159e-02,2.856267825741469826e-02,2.793587756121409388e-02,2.573620216269300459e-02,-3.169851042850136552e-02,-3.169851042850136552e-02,-3.027915997222299649e-02,-3.027915997222299649e-02,2.142332299926694476e-04,9.226757583466566005e-04,2.300875397660964716e-02,2.919731498895320604e-02,2.642787425846750832e-02,3.351919704265844679e-02,4.284792082891550336e-03,-2.416370291634606371e-02,-1.895664016194477386e-02,-2.039470996159459606e-02,-1.448369695331963580e-02,3.592935462525861934e-02,3.451481310457947538e-02,3.477109132082827764e-02,3.477109132082827764e-02,-6.164448710218803362e-03,-6.164448710218803362e-03,-2.874026398894456019e-02,-3.173924805735651999e-02,-1.136888046599737051e-02,-1.155409611405808917e-02,-5.723327892178296794e-03,-4.673467801661244925e-03,3.412878164149618643e-03,1.531514476833366334e-02,1.817866783607872266e-02,4.644191691073440431e-02,3.803117605288414832e-02,0.000000000000000000e+00
0.000000000000000000e+00,1.365655550732805361e-02,2.284982590881570047e-02,1.371869742444259237e-02,7.095422616238050706e-03,-5.473767630167873655e-03,-1.761306774790118157e-02,-2.521447737358312874e-03,2.557365177030487477e-02,2.408931957816978428e-02,5.888063529662893730e-02,5.331711070167213101e-02,2.123122614817307685e-02,2.123122614817314624e-02,-3.230687225995369782e-02,-3.230687225995358680e-02,-1.919561709119474435e-02,-1.998232270968636204e-02,-6.651520464111099207e-02,-6.572849902261936050e-02,0.000000000000000000e+00,0.000000000000000000e+00,4.423245358180800252e-03,4.230240444134100719e-02,4.856389506289657959e-02,4.523204898088467596e-02,3.486060499270637880e-02,5.684011846836770077e-03,5.370719855278802135e-03,2.949604804936234448e-02,2.949604804936237223e-02,-2.273784297014352918e-02,-2.273784297014352918e-02,-6.201404944395491614e-02,-6.731439555027625421e-02,-4.707145936393188068e-03,8.014512934132675404e-04,2.110372953784680344e-02,3.737641913554817785e-02,2.100137317023324096e-02,1.196031085476917388e-02,8.726828703321476421e-03,6.537707511802728910e-03,4.608785466027373601e-03,-4.076520600921455101e-02,-4.012323426103824031e-02,-1.488520418772885934e-02,-1.488520418772881770e-02,2.027659274134252509e-02,2.027659274134254591e-02,-3.916462168125381393e-02,-4.440988351356475738e-02,1.243527861330574052e-03,9.259284169578333584e-03,2.595919565470756682e-02,4.462068257127117799e-02,9.474259636232593151e-04,-6.050089626668510995e-02,-4.122000535651217101e-02,-2.933533098537442849e-03,-1.729868579833248330e-03,0.000000000000000000e+00,0.000000000000000000e+00,0.000000000000000000e+00,0.000000000000000000e+00,0.000000000000000000e+00,0.000000000000000000e+00,3.894307839893392745e-03,7.958442908049144157e-03,4.179775206410799027e-02,5.704963522006978316e-02,3.930697100477910377e-02,4.162050824826173112e-02,9.623256783220665578e-03,-4.012631402411263870e-02,-2.873883006007106611e-02,-5.239297965528084966e-03,-4.620483245190078192e-03,3.415158314686079361e-02,3.415158314686079361e-02,-1.980600120428305244e-02,-1.980600120428305244e-02,8.533310976632554889e-03,8.669843952258768360e-03,-1.355918595607984167e-02,-1.705251278751643285e-02,-2.977461910269033063e-02,-4.246916210574376571e-02,-1.668010753887392075e-02,-1.425962077880191248e-03,8.328967180464625503e-03,3.512188301359071840e-02,2.685099631384819940e-02,1.086195285811954181e-02,1.000668097952733815e-02,-6.739717959567612104e-02,-6.739717959567612104e-02,-1.917419586470513930e-03,-1.917419586470513714e-03,0.000000000000000000e+00,0.000000000000000000e+00,3.010127146178783256e-02,4.174579267528204934e-02,2.090716305965152275e-02,1.589669614137746018e-02,-1.550456516371772481e-02,-5.512950335853290806e-02,-3.550386935772160274e-02,-2.512985458126546813e-03,0.000000000000000000e+00,3.980872267958179139e-02,3.980872267958179139e-02,3.390001727184622365e-02,3.390001727184622365e-02,1.247107855690150757e-02,1.247107855690149369e-02,1.161943356208450240e-03,1.283189619464997211e-03,-2.112386123563292362e-02,-2.932748535172759879e-02,-1.877023588076827398e-02,-1.967185463111815330e-02,-1.484307208010310353e-02,-1.617614316452613624e-02,1.790555629801557358e-03,6.685513744831535210e-02,5.474751413090286206e-02,0.000000000000000000e+00
0.000000000000000000e+00,1.474911278040311018e-02,2.389329205386129737e-02,1.281183378250716660e-02,5.750520032706488843e-03,-6.276693675977405851e-03,-1.830455204057979471e-02,-3.226664230169033320e-03,2.437793524481526863e-02,2.322384027095228745e-02,5.888813932399736967e-02,5.332390568708450518e-02,2.125948183493610311e-02,2.125948183493618637e-02,-2.979772705523522913e-02,-2.979772705523518750e-02,-1.826126682071065044e-02,-1.900967939532993700e-02,-6.780582257379078048e-02,-6.705740999917145229e-02,0.000000000000000000e+00,0.000000000000000000e+00,2.844277761978020267e-03,3.976582330074982657e-02,4.789564992585319120e-02,4.645704190531187855e-02,3.582982788900068022e-02,6.293582441113332315e-03,5.946692070343248537e-03,2.937005457921407214e-02,2.937005457921412419e-02,-2.273288558407197957e-02,-2.273288558407200732e-02,-6.263269525932280146e-02,-6.798591707635935621e-02,-3.597982776914934733e-03,2.371439979738463461e-03,2.206025790935395303e-02,3.835767936840277920e-02,2.104610954336251505e-02,1.093387223700997835e-02,7.861870592412084635e-03,5.387266340502072648e-03,3.688766230032044634e-03,-4.051392775858481121e-02,-3.987591314821371108e-02,-1.525309767066971439e-02,-1.525309767066966582e-02,2.049127391784005478e-02,2.049127391784005131e-02,-3.741144965025586244e-02,-4.242191165698670774e-02,2.563029175023068609e-03,1.080711663014322955e-02,2.534346920292452829e-02,4.254469934584826502e-02,-2.700299742424555616e-04,-6.115163876338616106e-02,-4.163833636980964620e-02,-2.720471535815574549e-03,-1.528888363836652812e-03,0.000000000000000000e+00,0.000000000000000000e+00,0.000000000000000000e+00,0.000000000000000000e+00,0.000000000000000000e+00,0.000000000000000000e+00,3.810161741172867281e-03,7.780577335384011688e-03,4.135840322474684111e-02,5.652707653664241355e-02,3.895739501017944639e-02,4.126106352815059330e-02,9.541939627097456578e-03,-3.977378579517359958e-02,-2.838105191455249365e-02,-4.301777158509330345e-03,-3.793693242149911559e-03,3.321664800139291496e-02,3.321664800139291496e-02,-2.032328252625451026e-02,-2.032328252625450679e-02,9.158504777736525826e-03,9.305040854180407495e-03,-1.279557808970881172e-02,-1.611420097158235143e-02,-2.872143634348579139e-02,-4.107300495358395115e-02,-1.608983355496894363e-02,-1.284011137661252022e-03,7.982368412971278804e-03,3.348259330973625547e-02,2.548520513034899238e-02,8.925728043911777820e-03,8.222914812107608162e-03,-6.501926320253860470e-02,-6.501926320253860470e-02,-2.609401864095100502e-03,-2.609401864095100502e-03,0.000000000000000000e+00,0.000000000000000000e+00,2.968395667428603765e-02,4.114119658203944929e-02,2.052009370879001246e-02,1.555381665853518280e-02,-1.535344287878223635e-02,-5.439685350015162346e-02,-3.485060750429378601e-02,-2.298159740422958761e-03,0.000000000000000000e+00,4.228499804087509223e-02,4.228499804087509223e-02,3.300795417708068252e-02,3.300795417708068252e-02,1.269848841116213989e-02,1.269848841116214162e-02,6.369112252674336005e-04,7.033715270344659265e-04,-2.246891173600354397e-02,-3.110861139996567298e-02,-1.966337768361300226e-02,-2.041228357710292429e-02,-1.521056994520003820e-02,-1.625717251235639718e-02,1.521097435504798140e-03,6.565262381781816758e-02,5.376277855947211859e-02,0.000000000000000000e+00
0.000000000000000000e+00,3.593134773704494828e-02,4.387770348658402708e-02,-9.315639080722325216e-03,-2.706510300547133527e-02,-2.586808919373484797e-02,-2.228876298750834956e-02,-6.223781968983621918e-03,0.000000000000000000e+00,0.000000000000000000e+00,4.138568382021561715e-02,4.138568382021563102e-02,2.194892059195410056e-02,2.194892059195416995e-02,3.142541593990944016e-02,3.142541593990931525e-02,4.536879779106953170e-03,4.722817474971982565e-03,-7.474071580832476747e-02,-9.611803025284976210e-02,-2.455618432286088212e-02,-3.364807574200990616e-03,0.000000000000000000e+00,0.000000000000000000e+00,0.000000000000000000e+00,5.422011273165308620e-02,5.538680355519858683e-02,2.116710494146475940e-02,2.000041411791936286e-02,2.629581390759651305e-02,2.629581390759654080e-02,-2.261192536392653274e-02,-2.261192536392653274e-02,-7.772765315430278654e-02,-7.907110621678831164e-02,2.346559831436083321e-02,3.537922783007989985e-02,4.539955017413410676e-02,6.230042905006114018e-02,2.213767704771685274e-02,-1.411123003632064159e-02,-1.324310731378205985e-02,-2.268349823924042941e-02,-1.875970312825954445e-02,-3.438273844321822204e-02,-3.384127799529376701e-02,-2.422969865442848800e-02,-2.422969865442840126e-02,2.572949462438093790e-02,2.572949462438093790e-02,5.365947906104399229e-03,6.084601643529120862e-03,3.475886122912756615e-02,4.857422866793566912e-02,1.031974377941467791e-02,-8.109291354483183500e-03,-2.997595485817257377e-02,-7.455152508829608615e-02,-4.847058418778885797e-02,0.000000000000000000e+00,0.000000000000000000e+00,1.069000291757562626e-03,1.069000291757562626e-03,-1.069000291757573901e-03,-1.069000291757573901e-03,0.000000000000000000e+00,0.000000000000000000e+00,1.756996932391533157e-03,3.440657362353772165e-03,3.063829154433229951e-02,4.377664466101120061e-02,3.042774074194603412e-02,3.249061235743740117e-02,7.557801017690143897e-03,-3.117209700905919367e-02,-1.965126516389783390e-02,1.857373053275392094e-02,1.637998283203486588e-02,1.040423045197162721e-02,1.040423045197162721e-02,-3.294494678236128266e-02,-3.294494678236128266e-02,2.441323352467674596e-02,2.480384526107185655e-02,5.836453849748832190e-03,6.780607337214916708e-03,-3.023777018888618162e-03,-7.006770440876261552e-03,-1.687148347684158450e-03,2.179591803681629747e-03,-4.746415138680015744e-04,-6.516075464322161094e-03,-7.840099747039551425e-03,-3.831815742276888787e-02,-3.530097967294416883e-02,-6.998103209969513440e-03,-6.998103209969512573e-03,-3.139620228033119381e-03,-3.139620228033119381e-03,-1.635414921010588593e-02,-1.635414921010600042e-02,1.950147585923972179e-02,2.638905190691660449e-02,1.107560154776712075e-02,7.187557277181549215e-03,-1.166605912635594600e-02,-3.357660918409815370e-02,-1.571044062810178846e-02,2.492459111631310092e-02,2.478627825668176105e-02,7.778152574013266762e-02,7.471926094721476064e-02,1.124161466479635385e-02,1.124161466479636599e-02,1.824728885512322263e-02,1.824728885512320875e-02,-1.217387276969645986e-02,-1.344418992827364767e-02,-5.528814394505517094e-02,-7.456808697698530386e-02,-4.145603767302928622e-02,-3.847874985913533885e-02,-2.327696598858408975e-02,-5.703993611970764079e-03,0.000000000000000000e+00,2.378099624623503799e-02,2.378099624623503799e-02,0.000000000000000000e+00
0.000000000000000000e+00,3.593134773704494828e-02,4.387770348658404096e-02,-9.315639080722325216e-03,-2.706510300547134915e-02,-2.586808919373484797e-02,-2.228876298750834956e-02,-6.223781968983622785e-03,0.000000000000000000e+00,0.000000000000000000e+00,4.138568382021561715e-02,4.138568382021562408e-02,2.194892059195410056e-02,2.194892059195416995e-02,3.142541593990944016e-02,3.142541593990931525e-02,4.536879779106953170e-03,4.722817474971982565e-03,-7.474071580832476747e-02,-9.611803025284976210e-02,-2.455618432286088559e-02,-3.364807574200991483e-03,0.000000000000000000e+00,0.000000000000000000e+00,0.000000000000000000e+00,5.422011273165308620e-02,5.538680355519858683e-02,2.116710494146474553e-02,2.000041411791936286e-02,2.629581390759652693e-02,2.629581390759654080e-02,-2.261192536392651886e-02,-2.261192536392653274e-02,-7.772765315430280042e-02,-7.907110621678831164e-02,2.346559831436083321e-02,3.537922783007989985e-02,4.539955017413410676e-02,6.230042905006114018e-02,2.213767704771685274e-02,-1.411123003632064332e-02,-1.324310731378206159e-02,-2.268349823924043634e-02,-1.875970312825953057e-02,-3.438273844321822204e-02,-3.384127799529378089e-02,-2.422969865442848800e-02,-2.422969865442840126e-02,2.572949462438093790e-02,2.572949462438093790e-02,5.365947906104399229e-03,6.084601643529120862e-03,3.475886122912753839e-02,4.857422866793566912e-02,1.031974377941470566e-02,-8.109291354483183500e-03,-2.997595485817258071e-02,-7.455152508829608615e-02,-4.847058418778885103e-02,0.000000000000000000e+00,0.000000000000000000e+00,1.069000291757562626e-03,1.069000291757562626e-03,-1.069000291757573901e-03,-1.069000291757573901e-03,0.000000000000000000e+00,0.000000000000000000e+00,1.756996932391533591e-03,3.440657362353772165e-03,3.063829154433229604e-02,4.377664466101120061e-02,3.042774074194604800e-02,3.249061235743740117e-02,7.557801017690130019e-03,-3.117209700905919367e-02,-1.965126516389783390e-02,1.857373053275392094e-02,1.637998283203486588e-02,1.040423045197162721e-02,1.040423045197164109e-02,-3.294494678236128266e-02,-3.294494678236129653e-02,2.441323352467675983e-02,2.480384526107187043e-02,5.836453849748804434e-03,6.780607337214901963e-03,-3.023777018888603851e-03,-7.006770440876275430e-03,-1.687148347684158667e-03,2.179591803681643625e-03,-4.746415138680015744e-04,-6.516075464322160227e-03,-7.840099747039551425e-03,-3.831815742276888787e-02,-3.530097967294416883e-02,-6.998103209969512573e-03,-6.998103209969512573e-03,-3.139620228033119381e-03,-3.139620228033119381e-03,-1.635414921010588593e-02,-1.635414921010600042e-02,1.950147585923971832e-02,2.638905190691660449e-02,1.107560154776712422e-02,7.187557277181550082e-03,-1.166605912635594600e-02,-3.357660918409815370e-02,-1.571044062810178846e-02,2.492459111631310092e-02,2.478627825668176105e-02,7.778152574013266762e-02,7.471926094721476064e-02,1.124161466479636773e-02,1.124161466479636773e-02,1.824728885512320875e-02,1.824728885512320875e-02,-1.217387276969648761e-02,-1.344418992827364767e-02,-5.528814394505515012e-02,-7.456808697698530386e-02,-4.145603767302928622e-02,-3.847874985913533885e-02,-2.327696598858408975e-02,-5.703993611970763211e-03,0.000000000000000000e+00,2.378099624623503799e-02,2.378099624623503799e-02,0.000000000000000000e+00
0.000000000000000000e+00,0.000000000000000000e+00,2.238612396092789006e-04,-3.156405962198968109e-18,-2.238612396092812859e-04,0.000000000000000000e+00,0.000000000000000000e+00,0.000000000000000000e+00,8.169303393587743281e-03,1.162853016926202430e-02,3.661015004255461364e-02,3.315092326688032914e-02,-1.442615635796397344e-02,-1.442615635796402548e-02,6.286165262877708992e-03,6.286165262877681237e-03,-1.638422250587795101e-02,-1.705570703480740330e-02,-2.025523983517825422e-02,-1.958375530624879846e-02,0.000000000000000000e+00,0.000000000000000000e+00,0.000000000000000000e+00,0.000000000000000000e+00,0.000000000000000000e+00,2.741600241087817358e-02,2.926932569570125237e-02,3.362457959607345614e-02,3.177125631125036348e-02,-2.021385838608339564e-02,-2.021385838608340257e-02,-4.082672362086792878e-02,-4.082672362086791490e-02,0.000000000000000000e+00,0.000000000000000000e+00,1.835976582090657200e-02,4.201133574480236943e-02,5.701056024005012046e-02,5.967030662185355411e-02,1.173753528585466666e-02,-3.855979561500566533e-02,-2.804390521346771664e-02,-2.061408434099865766e-02,-1.652262919782474665e-02,2.131347329069083196e-03,2.097782804201864248e-03,-4.463910973972094048e-02,-4.463910973972078089e-02,1.856615482717867763e-02,1.856615482717867763e-02,3.028870960036333590e-02,3.434523320755497600e-02,2.277875263227695929e-02,2.671598973242526182e-02,-1.083252196874114059e-02,-3.622633181609545561e-02,-2.106509518904652045e-02,-1.082467088900168628e-02,-5.088250050718223783e-03,1.315322991174661116e-02,1.108185512249507121e-02,-2.332003706583520714e-02,-2.332003706583520020e-02,-1.825183923994707497e-02,-1.825183923994707497e-02,1.340028320368033370e-02,1.340028320368033196e-02,1.827918048542976834e-02,2.169584973504303307e-02,-2.641232639548689309e-02,-3.925386160674947111e-02,-9.424865961649660229e-03,0.000000000000000000e+00,0.000000000000000000e+00,0.000000000000000000e+00,0.000000000000000000e+00,0.000000000000000000e+00,0.000000000000000000e+00,2.422867756437592154e-02,2.422867756437592154e-02,9.467777320956194701e-04,9.467777320956195786e-04,3.992927243828026107e-02,4.056814079729317846e-02,-1.020888428919899255e-02,-1.350651555218548849e-02,-8.774103540900086984e-03,-9.830990644173039084e-03,-6.505839823840217639e-03,-6.327751905489342743e-03,-4.916740565825138652e-03,-5.307747471819623114e-03,-2.865988785400036543e-03,1.349476866052195037e-02,1.243218845103188919e-02,7.560296639655898765e-03,7.560296639655905704e-03,-1.303102868939665093e-02,-1.303102868939665787e-02,-3.747309571684997315e-02,-3.879462713087838271e-02,3.875090505719525069e-02,5.273331347349505954e-02,1.506396707275955288e-02,4.124222147998943266e-03,-8.270833345707502560e-03,-2.488195311272176774e-02,-1.781388584320761637e-02,-1.326196662573136953e-02,-9.592956863022101405e-03,1.892583486872153817e-02,1.818072325971693132e-02,6.048264717988464934e-03,6.048264717988457995e-03,-7.166090612327002431e-03,-7.166090612327008502e-03,2.365201803825927457e-02,2.612005470312138422e-02,-3.403056287552116976e-02,-5.038393632205041828e-02,-1.258126906602266212e-02,2.400240578070330852e-03,6.772316347131678016e-03,1.567109179473102215e-02,2.527175045594406283e-03,-3.032907561129684348e-02,-2.286130234686616081e-02,0.000000000000000000e+00
0.000000000000000000e+00,0.000000000000000000e+00,2.238612396092789006e-04,-3.156405962198968494e-18,-2.238612396092812859e-04,0.000000000000000000e+00,0.000000000000000000e+00,0.000000000000000000e+00,8.169303393587741546e-03,1.162853016926202430e-02,3.661015004255462058e-02,3.315092326688032914e-02,-1.442615635796396997e-02,-1.442615635796402722e-02,6.286165262877705523e-03,6.286165262877674298e-03,-1.638422250587795101e-02,-1.705570703480739636e-02,-2.025523983517825422e-02,-1.958375530624879846e-02,0.000000000000000000e+00,0.000000000000000000e+00,0.000000000000000000e+00,0.000000000000000000e+00,0.000000000000000000e+00,2.741600241087817705e-02,2.926932569570124890e-02,3.362457959607345614e-02,3.177125631125037042e-02,-2.021385838608339564e-02,-2.021385838608338870e-02,-4.082672362086792878e-02,-4.082672362086792878e-02,0.000000000000000000e+00,0.000000000000000000e+00,1.835976582090657200e-02,4.201133574480236943e-02,5.701056024005012046e-02,5.967030662185355411e-02,1.173753528585466666e-02,-3.855979561500566533e-02,-2.804390521346771664e-02,-2.061408434099865766e-02,-1.652262919782474665e-02,2.131347329069083196e-03,2.097782804201864248e-03,-4.463910973972094048e-02,-4.463910973972078089e-02,1.856615482717867416e-02,1.856615482717867763e-02,3.028870960036332549e-02,3.434523320755497600e-02,2.277875263227698704e-02,2.671598973242525835e-02,-1.083252196874116835e-02,-3.622633181609545561e-02,-2.106509518904652045e-02,-1.082467088900168628e-02,-5.088250050718209905e-03,1.315322991174661116e-02,1.108185512249507121e-02,-2.332003706583521060e-02,-2.332003706583520020e-02,-1.825183923994707497e-02,-1.825183923994707497e-02,1.340028320368033717e-02,1.340028320368033543e-02,1.827918048542976487e-02,2.169584973504303307e-02,-2.641232639548688962e-02,-3.925386160674947111e-02,-9.424865961649660229e-03,0.000000000000000000e+00,0.000000000000000000e+00,0.000000000000000000e+00,0.000000000000000000e+00,0.000000000000000000e+00,0.000000000000000000e+00,2.422867756437592154e-02,2.422867756437592154e-02,9.467777320956230480e-04,9.467777320956195786e-04,3.992927243828026107e-02,4.056814079729317846e-02,-1.020888428919899255e-02,-1.350651555218548849e-02,-8.774103540900073106e-03,-9.830990644173032145e-03,-6.505839823840224578e-03,-6.327751905489342743e-03,-4.916740565825146458e-03,-5.307747471819630053e-03,-2.865988785400029604e-03,1.349476866052195037e-02,1.243218845103188225e-02,7.560296639655884887e-03,7.560296639655898765e-03,-1.303102868939663705e-02,-1.303102868939665093e-02,-3.747309571684997315e-02,-3.879462713087838271e-02,3.875090505719525763e-02,5.273331347349506648e-02,1.506396707275955288e-02,4.124222147998950205e-03,-8.270833345707495621e-03,-2.488195311272178162e-02,-1.781388584320763371e-02,-1.326196662573136953e-02,-9.592956863022094466e-03,1.892583486872154511e-02,1.818072325971692785e-02,6.048264717988457995e-03,6.048264717988458862e-03,-7.166090612327008502e-03,-7.166090612327008502e-03,2.365201803825928845e-02,2.612005470312138422e-02,-3.403056287552118364e-02,-5.038393632205041828e-02,-1.258126906602266212e-02,2.400240578070334321e-03,6.772316347131674547e-03,1.567109179473102215e-02,2.527175045594409752e-03,-3.032907561129684695e-02,-2.286130234686616081e-02,0.000000000000000000e+00
0.000000000000000000e+00,3.981531041464902651e-03,6.186173745894788314e-03,1.391467589205981278e-02,1.836017549171602495e-02,1.387722368487549762e-02,1.582481612690078698e-02,4.818186342922733956e-03,-1.371436134871318463e-02,-6.560707565671102665e-03,3.570928193678382656e-02,3.233517655693039089e-02,-1.587909942997126761e-02,-1.587909942997131618e-02,-1.827475182147468222e-02,-1.827475182147462324e-02,-2.821223470113673470e-02,-2.821223470113673470e-02,0.000000000000000000e+00,0.000000000000000000e+00,0.000000000000000000e+00,0.000000000000000000e+00,0.000000000000000000e+00,0.000000000000000000e+00,0.000000000000000000e+00,8.435531619701480688e-03,1.083790923802114420e-02,4.358599393236973346e-02,4.118361631404995199e-02,-2.617329609564824147e-02,-2.617329609564824494e-02,-2.584822945642257369e-02,-2.584822945642257369e-02,0.000000000000000000e+00,0.000000000000000000e+00,0.000000000000000000e+00,2.989628522667037505e-03,4.151321609291454967e-02,6.890838903410503868e-02,2.595084094859564233e-02,-1.173152052996349719e-02,-8.174918566265218511e-03,-4.456981441942738098e-03,-4.159142084873654333e-03,-3.679946885040502602e-02,-3.621994965591072979e-02,-1.891004673446115142e-02,-1.891004673446108550e-02,2.290041409149960391e-02,2.290041409149960391e-02,2.421401666432757352e-02,2.745696532472870210e-02,-8.851667973889844332e-03,-1.725861025342647487e-02,1.109799646679121565e-04,1.015032795671264032e-02,2.492615107072447544e-02,5.921979489819941683e-02,3.483262854027589783e-02,-2.753594734168775260e-02,-2.319957768157922262e-02,-7.493294467602561182e-02,-7.493294467602559794e-02,0.000000000000000000e+00,0.000000000000000000e+00,5.587370273073906379e-02,5.587370273073907073e-02,2.272128963893534082e-02,2.696825966490486171e-02,-7.246690543889940106e-02,-8.284196239564385611e-02,-6.128086930775629784e-03,0.000000000000000000e+00,0.000000000000000000e+00,0.000000000000000000e+00,0.000000000000000000e+00,0.000000000000000000e+00,0.000000000000000000e+00,0.000000000000000000e+00,0.000000000000000000e+00,2.099106458652555754e-02,2.099106458652555754e-02,5.459783933836652448e-02,5.547140476778100737e-02,4.003200834879483416e-03,3.896702906804452859e-03,-1.176939594180009818e-02,-2.015355515542685549e-02,-2.041602761465666910e-02,-2.902615820715918893e-02,-1.626397073355740491e-02,-1.414257713177324849e-04,2.024753631618306932e-03,2.704377337193547559e-02,2.491434239776703363e-02,1.486564414829113362e-02,1.486564414829113535e-02,-4.093847738647267420e-02,-4.093847738647267420e-02,9.232513931330704748e-03,9.771077243991892203e-03,2.255582621915314806e-02,2.882672566107712109e-02,-1.164657190224720022e-02,-3.167454596510380083e-02,-3.367821705115367492e-02,-3.893223020092638487e-02,-1.847252445804421078e-02,0.000000000000000000e+00,0.000000000000000000e+00,0.000000000000000000e+00,0.000000000000000000e+00,0.000000000000000000e+00,0.000000000000000000e+00,0.000000000000000000e+00,0.000000000000000000e+00,2.685936917670226146e-02,3.348919737843084055e-02,2.256476188522362619e-02,2.199713671525934527e-02,-3.178587918631611831e-03,-1.700841232898983590e-02,-1.081989693067977876e-02,-8.426934676410667568e-03,-1.055355272744177078e-02,-2.859649946068644477e-02,-2.341760585756955115e-02,0.000000000000000000e+00
0.000000000000000000e+00,3.981531041464902651e-03,6.186173745894790049e-03,1.391467589205980931e-02,1.836017549171602148e-02,1.387722368487550109e-02,1.582481612690078698e-02,4.818186342922733956e-03,-1.371436134871318289e-02,-6.560707565671095726e-03,3.570928193678382656e-02,3.233517655693039783e-02,-1.587909942997126761e-02,-1.587909942997133006e-02,-1.827475182147468222e-02,-1.827475182147462324e-02,-2.821223470113673470e-02,-2.821223470113673470e-02,0.000000000000000000e+00,0.000000000000000000e+00,0.000000000000000000e+00,0.000000000000000000e+00,0.000000000000000000e+00,0.000000000000000000e+00,0.000000000000000000e+00,8.435531619701480688e-03,1.083790923802114420e-02,4.358599393236973346e-02,4.118361631404995199e-02,-2.617329609564824147e-02,-2.617329609564824494e-02,-2.584822945642257369e-02,-2.584822945642257369e-02,0.000000000000000000e+00,0.000000000000000000e+00,0.000000000000000000e+00,2.989628522667038373e-03,4.151321609291454967e-02,6.890838903410502481e-02,2.595084094859564233e-02,-1.173152052996349892e-02,-8.174918566265218511e-03,-4.456981441942738098e-03,-4.159142084873647394e-03,-3.679946885040502602e-02,-3.621994965591072979e-02,-1.891004673446115142e-02,-1.891004673446108550e-02,2.290041409149961085e-02,2.290041409149960391e-02,2.421401666432758046e-02,2.745696532472870210e-02,-8.851667973889851271e-03,-1.725861025342647487e-02,1.109799646679121565e-04,1.015032795671262644e-02,2.492615107072446851e-02,5.921979489819943071e-02,3.483262854027592559e-02,-2.753594734168775260e-02,-2.319957768157925038e-02,-7.493294467602561182e-02,-7.493294467602559794e-02,0.000000000000000000e+00,0.000000000000000000e+00,5.587370273073907073e-02,5.587370273073907073e-02,2.272128963893534775e-02,2.696825966490486171e-02,-7.246690543889941494e-02,-8.284196239564385611e-02,-6.128086930775629784e-03,0.000000000000000000e+00,0.000000000000000000e+00,0.000000000000000000e+00,0.000000000000000000e+00,0.000000000000000000e+00,0.000000000000000000e+00,0.000000000000000000e+00,0.000000000000000000e+00,2.099106458652555754e-02,2.099106458652555754e-02,5.459783933836652448e-02,5.547140476778099349e-02,4.003200834879455661e-03,3.896702906804466737e-03,-1.176939594180005655e-02,-2.015355515542685549e-02,-2.041602761465668298e-02,-2.902615820715918199e-02,-1.626397073355740491e-02,-1.414257713177394238e-04,2.024753631618306932e-03,2.704377337193547559e-02,2.491434239776703363e-02,1.486564414829113362e-02,1.486564414829113188e-02,-4.093847738647266726e-02,-4.093847738647267420e-02,9.232513931330697809e-03,9.771077243991892203e-03,2.255582621915313418e-02,2.882672566107712109e-02,-1.164657190224719502e-02,-3.167454596510380083e-02,-3.367821705115366104e-02,-3.893223020092638487e-02,-1.847252445804421078e-02,0.000000000000000000e+00,0.000000000000000000e+00,0.000000000000000000e+00,0.000000000000000000e+00,0.000000000000000000e+00,0.000000000000000000e+00,0.000000000000000000e+00,0.000000000000000000e+00,2.685936917670225799e-02,3.348919737843084055e-02,2.256476188522363313e-02,2.199713671525934527e-02,-3.178587918631618769e-03,-1.700841232898983590e-02,-1.081989693067977876e-02,-8.426934676410667568e-03,-1.055355272744177425e-02,-2.859649946068644477e-02,-2.341760585756954421e-02,0.000000000000000000e+00
0.000000000000000000e+00,3.393233738953341239e-02,4.143660431221898865e-02,8.671994644598425561e-03,1.830881736826474315e-03,6.196708920850689528e-03,1.211657712162104994e-02,-3.859776167491335563e-03,-3.789243984752135863e-02,-2.571937398267887254e-02,1.831199751431337314e-02,1.658173003264605538e-02,1.654060150824293585e-02,1.654060150824299136e-02,-2.290930821657941735e-02,-2.290930821657932714e-02,-3.899164451392074515e-02,-3.899164451392075903e-02,0.000000000000000000e+00,0.000000000000000000e+00,0.000000000000000000e+00,2.005641087056908231e-02,2.987647690459274696e-02,2.353110162869784944e-02,6.646229323733800209e-03,-2.990767988031499056e-02,-2.125054501883530053e-02,2.888939014264184368e-02,2.729706155210240293e-02,3.421458350956009531e-03,3.421458350956030348e-03,-4.599068111254997482e-02,-4.599068111254997482e-02,0.000000000000000000e+00,0.000000000000000000e+00,0.000000000000000000e+00,0.000000000000000000e+00,2.699634561588821341e-02,6.010749855159150390e-02,4.501499000248172788e-02,3.149556890585163138e-02,1.055054968928312124e-02,-4.592920532093469621e-02,-3.734167135155290473e-02,-2.880665945592752672e-02,-2.835301127551941372e-02,1.598343072472378432e-02,1.598343072472373227e-02,3.971297313393970518e-02,3.971297313393969824e-02,4.542637318089251530e-03,5.151026244619105743e-03,-2.247633960391312927e-02,-3.294112947602546165e-02,1.336916367511813142e-03,2.153865604186325916e-02,3.121285873802049499e-02,6.163197770174370926e-02,3.320808641458390664e-02,-4.798295761471754739e-02,-4.042658633680891456e-02,-7.996117943672644002e-02,-7.996117943672642614e-02,7.117692623942756258e-02,7.117692623942754870e-02,3.114447825934352210e-02,3.114447825934353944e-02,-2.441553661063786129e-03,-2.897918831356108282e-03,-9.191936170813322371e-02,-9.942348566741497640e-02,-7.960489129574708014e-03,0.000000000000000000e+00,0.000000000000000000e+00,1.669577587769883326e-02,1.262145626727284413e-02,-1.669577587769884019e-02,-1.262145626727264117e-02,0.000000000000000000e+00,0.000000000000000000e+00,2.409861761636297034e-02,2.409861761636297034e-02,2.759953991372953580e-02,2.804113255234950974e-02,2.677083256849898535e-02,3.278248501073178361e-02,2.732042414962207455e-03,-5.982186564153169073e-03,-2.026961369310780608e-02,-4.084099971330970580e-02,-2.978228847101051929e-02,-2.674665624767685532e-02,-1.581685534558304601e-02,5.054450583924961077e-02,4.656462348970186182e-02,-1.111250266246270602e-02,-1.111250266246270602e-02,-4.201470740635160350e-02,-4.201470740635160350e-02,1.227470507129312972e-02,1.299072953378552046e-02,2.836498482248052400e-02,3.620018521359272962e-02,-6.525898185096148940e-03,-2.587560305290508011e-02,-2.097446321297759264e-02,-2.534019345576933244e-02,-1.802225480344370190e-02,-6.744806663443706114e-03,-3.886762116996055408e-03,8.696104555293623223e-03,8.696104555293623223e-03,-8.696104555293623223e-03,-8.696104555293623223e-03,0.000000000000000000e+00,0.000000000000000000e+00,4.459913749040041869e-02,5.037504179700037776e-02,3.234909245353394941e-02,3.668255320283252824e-02,-1.975615699395680963e-02,-5.496987391785062432e-02,-3.298056873276426770e-02,-2.174520743099214032e-02,-9.766987525358030928e-03,2.265019070390516739e-02,1.854818766304008881e-02,-1.376936759056593096e-17
0.000000000000000000e+00,3.643287841954602480e-02,4.449014960848438754e-02,8.124932253558904416e-03,1.060858667509059636e-04,5.395263901995871192e-03,1.172963044280921074e-02,-4.765302690317205214e-03,-4.041536977783197204e-02,-2.771853917401897321e-02,1.649662870501196824e-02,1.493789213445975012e-02,1.992352682353511900e-02,1.992352682353517451e-02,-2.339291410128603588e-02,-2.339291410128594914e-02,-4.011645249438525879e-02,-4.011645249438525879e-02,0.000000000000000000e+00,0.000000000000000000e+00,0.000000000000000000e+00,2.933633332221818185e-02,3.792948667193811463e-02,2.059114104555501840e-02,3.564819898936706210e-03,-3.570041034020384613e-02,-2.575944080783892573e-02,2.735583148632228165e-02,2.584802975085558063e-02,6.509606641036717878e-03,6.509606641036731756e-03,-4.809250215492866937e-02,-4.809250215492866937e-02,0.000000000000000000e+00,0.000000000000000000e+00,0.000000000000000000e+00,0.000000000000000000e+00,2.548154174002447564e-02,5.887718352496388446e-02,4.700429251245262507e-02,3.600622171654572351e-02,1.250451159421006597e-02,-5.025674172569943171e-02,-4.080419614459798033e-02,-2.797262717128632184e-02,-2.753211335756548458e-02,2.186625644895800677e-02,2.186625644895792697e-02,3.922555991422332217e-02,3.922555991422330829e-02,2.489971647177277592e-03,2.823449992781376650e-03,-2.389804446965481527e-02,-3.457756626447071324e-02,1.464840166069437954e-03,2.272700332031384746e-02,3.186886301634712232e-02,6.188368373341791850e-02,3.303856897538121062e-02,-5.011655868668603298e-02,-4.222418723996343437e-02,-8.048586480306048341e-02,-8.048586480306046953e-02,7.919578109070110616e-02,7.919578109070112004e-02,2.797234011429979017e-02,2.797234011429977629e-02,-5.067241657585624948e-03,-6.014389630966190947e-03,-9.394918323187956277e-02,-1.011537315740347193e-01,-8.151696315536359136e-03,0.000000000000000000e+00,1.231621158702162107e-04,1.986938527700125856e-02,1.543173042268860401e-02,-1.986938527700127591e-02,-1.555489253855858907e-02,0.000000000000000000e+00,0.000000000000000000e+00,2.442288401947646445e-02,2.442288401947646445e-02,2.478232606072371461e-02,2.517884327769556382e-02,2.914658544505077317e-02,3.579665357809834469e-02,4.245235982624454008e-03,-4.503435058976670846e-03,-2.025433571868532484e-02,-4.207385274003856007e-02,-3.119289553926658798e-02,-2.952285421042758970e-02,-1.767858845624768402e-02,5.299675618366519320e-02,4.882378325581698125e-02,-1.382326580793287463e-02,-1.382326580793287463e-02,-4.212700966929551483e-02,-4.212700966929551483e-02,1.259215110328923068e-02,1.332669325098140636e-02,2.897115789413212336e-02,3.696958968863788692e-02,-5.991567014610767183e-03,-2.527049596641471607e-02,-1.964885411681998456e-02,-2.266800365914128229e-02,-1.671201805144924973e-02,-8.702502886327708256e-03,-5.555589386805717331e-03,1.031537981745865758e-02,1.031537981745865758e-02,-1.031537981745865758e-02,-1.031537981745865758e-02,0.000000000000000000e+00,0.000000000000000000e+00,4.645024374922124971e-02,5.213704295372081909e-02,3.337006607805337310e-02,3.821494448849246245e-02,-2.148599028877348077e-02,-5.893106990973207004e-02,-3.529298665993849810e-02,-2.313494024016597012e-02,-9.684911156444942978e-03,2.799767141673253565e-02,2.292722698693014372e-02,0.000000000000000000e+00
0.000000000000000000e+00,2.314916380315861993e-05,2.826869041346740879e-05,1.509951639146647762e-03,2.359428127063113723e-03,1.324883716443495119e-02,2.713911424204019929e-02,9.786181925611273091e-03,-1.799296508994658456e-02,-1.172152609883224395e-02,1.389324781028334482e-02,1.258049998568974009e-02,2.797511370557942412e-02,2.797511370557949698e-02,-3.615060904607837050e-02,-3.615060904607827336e-02,-6.222778931728569635e-02,-6.222778931728568247e-02,0.000000000000000000e+00,3.332779703212859160e-03,3.838637294977068071e-02,5.857639924095880274e-02,2.346594398723726022e-02,-1.362542435806995966e-04,-1.515053601475603758e-02,-6.177292470059107810e-02,-4.670178092225231448e-02,2.110814958851132614e-02,2.110814958851124981e-02,6.450744006532026231e-03,6.450744006532036640e-03,-2.755889359504334890e-02,-2.755889359504335237e-02,0.000000000000000000e+00,0.000000000000000000e+00,0.000000000000000000e+00,6.826505917878152897e-03,5.163697373403321189e-02,8.015393538946080643e-02,4.779601708986547931e-02,3.294737059589798733e-02,1.200528765415666277e-02,-4.312682979992364662e-02,-3.499855574331360575e-02,-2.293996990429588573e-02,-2.257871053572447356e-02,3.536460567123779486e-02,3.536460567123766302e-02,-1.390830302418356867e-02,-1.390830302418356867e-02,-1.103025743065694231e-02,-1.250752405083423169e-02,-1.464565147490273951e-02,-1.879084130955212956e-02,-1.195245294427917104e-03,8.519027535918759220e-03,3.158038711737858745e-02,8.118717405153705324e-02,4.901178723960214478e-02,-2.976128204498537655e-02,-2.507446597490871343e-02,-6.435541310024692208e-02,-6.435541310024689432e-02,6.933571420893611115e-02,6.933571420893611115e-02,-2.705205868803723865e-02,-2.705205868803724212e-02,-1.473696072108120203e-02,-1.749153281847974639e-02,-5.874623973328108734e-02,-6.440057863032709606e-02,-8.408910994444827175e-03,0.000000000000000000e+00,3.375898528411360681e-03,1.423046469618969440e-02,1.183024824268745501e-02,8.260774900896690823e-03,7.285092825987595118e-03,5.622690796806207453e-03,5.622690796806207453e-03,-7.621220231891177865e-03,-7.621220231891177865e-03,-4.105178842733443051e-03,-4.170861704217227600e-03,3.967037381347329750e-02,4.947528625215258380e-02,2.008039861597037817e-02,1.662441098638500758e-02,-1.222613420919117788e-02,-4.197662092703148551e-02,-3.162813896231939786e-02,-3.140707764834294730e-02,-1.903397592576396014e-02,5.349503563721265398e-02,4.928282810672290903e-02,-1.022552613452849812e-02,-1.022552613452850506e-02,-4.504011447658501366e-02,-4.504011447658501366e-02,-4.874557014143651376e-03,-5.158906173302143898e-03,1.506223528457884507e-02,2.009295076654260548e-02,1.957751400620454107e-03,-4.785866150236260663e-03,-8.730739955442037500e-03,-1.676770722311049164e-02,-8.155499025522870357e-03,8.521334739821861959e-03,7.794070749637383583e-03,2.924696919232496611e-02,2.809551371231243724e-02,6.176990196568900304e-03,6.176990196568907243e-03,-9.055010912169959847e-03,-9.055010912169952908e-03,4.359471596487828060e-03,4.814372980469217023e-03,1.615790096694130068e-02,2.167696681560752486e-02,-2.167962615909138635e-03,-1.498587088067721701e-02,-2.407382155458909212e-04,1.823058168923814143e-02,1.566740933200507641e-02,2.230799427549270963e-02,1.826796381615117260e-02,0.000000000000000000e+00
0.000000000000000000e+00,-1.382837827044645224e-02,-1.688657731102607279e-02,-1.006617072857957096e-03,3.216677900007957735e-03,1.623660960123234076e-02,3.300141786131269295e-02,1.532207281210566652e-02,-9.462702436946968110e-03,-5.635705907185303842e-03,1.290283116554967469e-02,1.168366601604900468e-02,3.103821741070483808e-02,3.103821741070493523e-02,-4.100407994898834507e-02,-4.100407994898820629e-02,-7.063971093469322005e-02,-7.063971093469322005e-02,1.288472920929091721e-02,2.366709250649221691e-02,4.108298275343589406e-02,5.063392988081340251e-02,1.698568170555728868e-02,-8.021676364447324903e-03,-2.227050837322588211e-02,-6.627934602285850962e-02,-4.868288529505875040e-02,1.331884407342106592e-02,1.331884407342102082e-02,6.428350612970467129e-03,6.428350612970465394e-03,-1.974719468639155734e-02,-1.974719468639155387e-02,0.000000000000000000e+00,0.000000000000000000e+00,7.586102533485569906e-03,1.583743363996000658e-02,5.400130728522467560e-02,8.183446443241269852e-02,4.809721665735950530e-02,3.178367723478198181e-02,1.181536550304940376e-02,-4.041436330642199370e-02,-3.278988819934680610e-02,-2.102537203098439611e-02,-2.069426381002413551e-02,4.049984722319191488e-02,4.049984722319174835e-02,-3.412227262031605757e-02,-3.412227262031602981e-02,-1.617382284070238707e-02,-1.833995982829651761e-02,-1.112571935733416145e-02,-1.278502203322458286e-02,-2.207234328312740468e-03,3.113819357072958316e-03,3.147064085146666912e-02,8.853089319429954807e-02,5.508855505751207582e-02,-2.201742680086037074e-02,-1.855011549363810852e-02,-5.203191630620111058e-02,-5.203191630620108976e-02,5.939768990115872060e-02,5.939768990115869285e-02,-4.798525388457791641e-02,-4.798525388457788865e-02,-1.841565819088920170e-02,-2.185783729199020781e-02,-4.535381557620598442e-02,-5.041840088000393988e-02,-8.506764404899133311e-03,1.423115724756311793e-03,4.613352598399802183e-03,1.066210744612470021e-02,1.046011915246967093e-02,2.530050464390215872e-02,2.231225606391359223e-02,9.454251384758464993e-03,9.454251384758471932e-03,-2.784244387462303169e-02,-2.784244387462303169e-02,-1.509499049078747053e-02,-1.533651033864023502e-02,4.367398895363393263e-02,5.467911389989044829e-02,2.610464526996050111e-02,2.466217850364195441e-02,-9.171927113188052538e-03,-4.193963056338751577e-02,-3.179372069935036682e-02,-3.212390178233245214e-02,-1.954961246307990869e-02,5.368459847280136060e-02,4.945746473478493388e-02,-8.856820823994263070e-03,-8.856820823994263070e-03,-4.614836087066251369e-02,-4.614836087066251369e-02,-7.618201822235696856e-03,-7.618201822235750632e-03,5.869498837839499071e-03,9.099220957615096472e-03,4.981948623806155968e-03,3.007199540700975643e-03,-4.577109567961409886e-03,-1.210642049831607212e-02,-4.900301570007431148e-03,1.477667420202661598e-02,1.475420492593009815e-02,3.432980300854966693e-02,3.297823596096927795e-02,1.462385947429990785e-02,1.462385947429990611e-02,-1.161061637992317347e-02,-1.161061637992317347e-02,-1.471515587414876786e-02,-1.625065040014708057e-02,9.609794674670601999e-03,1.538534487483626811e-02,5.181287042245546169e-03,1.732411358636644361e-03,1.309435630134220437e-02,3.396746503194575384e-02,2.531231386565427344e-02,2.014344318915151089e-02,1.649541804465919081e-02,0.000000000000000000e+00
0.000000000000000000e+00,-2.641933330153007145e-02,-3.226207047398407801e-02,4.547939114946698835e-04,9.873906761252680686e-03,1.406131848797799455e-02,2.295840925785477132e-02,1.409061915855126801e-02,5.867954124115483394e-03,3.974807407238017953e-03,-2.920936558283140916e-03,-2.644942552776065759e-03,3.844896105310530166e-02,3.844896105310542656e-02,-2.718344571535356857e-02,-2.718344571535349918e-02,-6.272015002879743895e-02,-6.529064798079745047e-02,3.689848924194925189e-02,5.063193306698556689e-02,2.256976350770124873e-02,1.906139262634819198e-02,-6.654604019224963363e-03,-3.428803272425107185e-02,-3.176378071143268200e-02,-4.079955739447951868e-02,-2.901463039638993435e-02,3.902607803705440085e-03,3.902607803705426207e-03,2.217977515563234955e-02,2.217977515563234955e-02,-2.608238295933800951e-02,-2.608238295933800951e-02,0.000000000000000000e+00,0.000000000000000000e+00,4.962298496023389432e-03,9.608042149026925147e-03,3.774515301259091793e-02,5.920598575588187362e-02,3.812472293889804936e-02,3.179801272730541084e-02,1.399327333065698668e-02,-2.939589169854878517e-02,-2.363924322494165287e-02,-1.901468157795863090e-03,-1.871523777358150009e-03,3.581467760546927503e-02,3.581467760546913626e-02,-3.826599243115588744e-02,-3.826599243115588744e-02,-1.982912762557647451e-02,-2.248481436114482812e-02,-1.001545308037431192e-02,-1.050213849202654565e-02,-7.724473597409374503e-03,-8.817074002636128560e-03,2.630595330644355107e-02,9.020226939719083736e-02,5.908612397143229999e-02,-3.652644249610967342e-03,-3.077424682743093443e-03,-4.146067150259719059e-02,-4.146067150259714895e-02,3.632685576653739423e-02,3.632685576653739423e-02,-5.495940039799435128e-02,-5.495940039799435128e-02,-2.167571072344499222e-02,-2.572724543810788259e-02,-2.781316941620714037e-02,-2.578850266979266365e-02,-2.026867968248430990e-03,0.000000000000000000e+00,0.000000000000000000e+00,0.000000000000000000e+00,1.214348611484440633e-03,4.123525810870324465e-02,4.002090949721852364e-02,6.276163316045635376e-03,6.276163316045642315e-03,-4.056283258704743155e-02,-4.056283258704743155e-02,-6.948588837701197805e-03,-6.948588837701197805e-03,3.417722021214705114e-02,4.389794526892382837e-02,3.217034848457172441e-02,3.608990095354382144e-02,-4.084051297148443005e-03,-4.019624572335635249e-02,-2.984673385662548611e-02,-2.838187131615531322e-02,-1.750221398967433117e-02,4.451147270298855263e-02,4.100663233267402147e-02,-1.266791690255460179e-02,-1.266791690255460005e-02,-2.626680285568834192e-02,-2.626680285568834539e-02,-1.698648212770184282e-02,-1.698648212770195731e-02,0.000000000000000000e+00,0.000000000000000000e+00,0.000000000000000000e+00,0.000000000000000000e+00,0.000000000000000000e+00,8.019147182271819723e-04,4.537115321653254797e-03,1.694180273696808611e-02,1.424984922274212529e-02,2.649847606569100122e-02,2.545522897649080477e-02,2.299607977382572138e-02,2.299607977382570750e-02,-2.806231298806236008e-03,-2.806231298806222130e-03,-3.740920426100661361e-02,-4.131277340128601538e-02,-1.203974924416439246e-03,3.726613754506381132e-03,1.237510797175454813e-03,3.874259396168498737e-04,6.071356800448117486e-03,1.627373063389390972e-02,1.474076805264901147e-02,2.408284179743413328e-02,1.972138225931575201e-02,0.000000000000000000e+00
0.000000000000000000e+00,-3.700303463200659698e-02,-4.518639806023914962e-02,1.683226333124471924e-03,1.546983826780643119e-02,1.223281291451772806e-02,1.451645999697675007e-02,1.305548420338956128e-02,1.875459297254529478e-02,1.205320990342027831e-02,-1.622207464498370832e-02,-1.468928019033965970e-02,4.467828179599288990e-02,4.467828179599303562e-02,-1.556610099722534335e-02,-1.556610099722530172e-02,-3.802101819788538534e-02,-3.957925664861846465e-02,3.904185906953328705e-02,5.208295338458427542e-02,7.007927040271505481e-03,-7.477841587551173341e-03,-2.652614854150652651e-02,-5.636699893973915604e-02,-3.974363282180969764e-02,-1.938176405468184510e-02,-1.248189439460970808e-02,0.000000000000000000e+00,0.000000000000000000e+00,3.140761368152476113e-02,3.140761368152476807e-02,-2.473158073198979123e-02,-2.473158073198979123e-02,-6.676032949535304697e-03,-6.676032949535328116e-03,2.756782058736249527e-03,4.371742055198905852e-03,2.408055956602865241e-02,4.018494570894217549e-02,2.974204705961125406e-02,3.181006285145551032e-02,1.582397846110987494e-02,-2.013398802816217248e-02,-1.594739672471674752e-02,1.417369741676904188e-02,1.395048958343419326e-02,3.187641908622393383e-02,3.187641908622380893e-02,-4.174911922867354658e-02,-4.174911922867354658e-02,-2.290170266213738953e-02,-2.596889498295943538e-02,-9.082185775103682190e-03,-8.583192906671581468e-03,-1.236215298302699786e-02,-1.884594088471083784e-02,2.196462174685871044e-02,9.160719432136039952e-02,6.244639929037991422e-02,1.178441934419346970e-02,9.928605274241608658e-03,-3.257469760971234973e-02,-3.257469760971232198e-02,1.693398069685497775e-02,1.693398069685497775e-02,-6.082172645275046169e-02,-6.082172645275046169e-02,-2.441604473631808422e-02,-2.897979141600401029e-02,-9.648856651039185162e-03,-5.085109971353387465e-03,0.000000000000000000e+00,0.000000000000000000e+00,0.000000000000000000e+00,0.000000000000000000e+00,0.000000000000000000e+00,4.447109516736075241e-02,4.447109516736044016e-02,3.604726968431844203e-03,3.604726968431844203e-03,-4.807582213579228436e-02,-4.807582213579228436e-02,0.000000000000000000e+00,0.000000000000000000e+00,2.291402909061276971e-02,3.175813034428277143e-02,3.726905553453495334e-02,4.569581257809940400e-02,1.927138815517176473e-04,-3.873079179985185888e-02,-2.821013622071176508e-02,-2.523639643154251128e-02,-1.578121237434783677e-02,3.680072930227602096e-02,3.390303408162398391e-02,-1.587144693960543945e-02,-1.587144693960543945e-02,-9.554768582231136509e-03,-9.554768582231136509e-03,-2.486126847142731966e-02,-2.486126847142749313e-02,0.000000000000000000e+00,0.000000000000000000e+00,0.000000000000000000e+00,0.000000000000000000e+00,0.000000000000000000e+00,3.507340227808434727e-03,7.195935348937960649e-03,1.673041358512294963e-02,1.382589805194642599e-02,1.991562153401241556e-02,1.913154194605935082e-02,3.003359828647089030e-02,3.003359828647089030e-02,4.594556160683688217e-03,4.594556160683688217e-03,-5.648536087604730249e-02,-6.237948548920072694e-02,-1.029381023959141661e-02,-6.073479071278564331e-03,-2.077547495782151345e-03,-7.431415140520110331e-04,1.679659156383662977e-04,1.400736502197585248e-03,5.854541137368868449e-03,2.739422033772977161e-02,2.243306232380977427e-02,0.000000000000000000e+00
0.000000000000000000e+00,-1.978619227119257640e-02,-2.416198479270648819e-02,-1.392165074651424694e-03,4.678033157426233352e-03,5.474903264539743991e-03,8.277986023361022516e-03,9.025088724165110377e-03,1.642872092448750820e-02,1.026989297212350938e-02,-1.726382646609804505e-02,-1.563259876851405550e-02,3.996629645514965939e-02,3.996629645514980511e-02,-1.158302307941225240e-02,-1.158302307941221077e-02,-1.508711541966883257e-02,-1.570543982211429490e-02,3.662442332016076912e-02,4.777605010879803354e-02,-1.470327630007225994e-02,-4.217165122573091757e-02,-3.598100811533146148e-02,-4.563837392707124907e-02,-3.214778189905982686e-02,-1.031316545757610982e-02,-4.757821909722959042e-03,0.000000000000000000e+00,0.000000000000000000e+00,3.205120986287370716e-02,3.205120986287372103e-02,-1.111622742242967393e-02,-1.111622742242968087e-02,-2.093498244044437323e-02,-2.093498244044444956e-02,2.654639391950483224e-03,4.245221727907196735e-03,2.020549734804685457e-02,3.329710150049940143e-02,2.524516633310818284e-02,2.794788417243269582e-02,1.707782599183620131e-02,-1.559957946359519232e-03,-9.981542638737295192e-04,1.617505950835683437e-02,1.592033416176863447e-02,1.865493775527232723e-02,1.865493775527225784e-02,-3.590946837835758132e-02,-3.590946837835758132e-02,-2.688943597101592364e-02,-3.049069971713423005e-02,-7.763154737556423463e-03,-5.938878156321859836e-03,-1.747168353896014215e-02,-2.642120046629506044e-02,2.013894147650270583e-02,9.854335810096412351e-02,7.020040532906982045e-02,1.601782925984988892e-02,1.349533646302297774e-02,-2.026296039472599841e-02,-2.026296039472598454e-02,-5.428703041160359843e-03,-5.428703041160359843e-03,-5.586561585518567963e-02,-5.586561585518567269e-02,-3.300390806974173863e-02,-3.300390806974197455e-02,0.000000000000000000e+00,4.408241093849792763e-03,0.000000000000000000e+00,-4.408241093849792763e-03,0.000000000000000000e+00,0.000000000000000000e+00,0.000000000000000000e+00,4.750878363697560308e-02,4.750878363697527001e-02,-3.689782973934394028e-03,-3.689782973934387523e-03,-4.381900066304088293e-02,-4.381900066304088293e-02,0.000000000000000000e+00,0.000000000000000000e+00,1.811449744223614031e-02,2.375610432860475116e-02,3.831550170683796497e-02,5.252638787594439418e-02,3.389155985428056461e-03,-3.733649656957083868e-02,-2.624105703832076142e-02,-2.065827234627877831e-02,-1.331756831527410728e-02,2.505464245103498563e-02,2.308183595882724176e-02,-1.319505019219849827e-02,-1.319505019219850001e-02,-6.040748310169596902e-05,-6.040748310169597580e-05,-2.811301198763544937e-02,-2.975293768691484458e-02,-1.973896076798902031e-03,-3.339703775196992065e-04,0.000000000000000000e+00,0.000000000000000000e+00,0.000000000000000000e+00,2.752617265178886074e-04,5.448753736424472374e-03,2.346548161636179824e-02,1.873015909321808919e-02,1.112950496378286788e-02,1.069133547701985910e-02,4.874239158237264613e-02,4.874239158237265307e-02,-1.369092250069453565e-02,-1.369092250069454952e-02,-4.496682475099880033e-02,-4.965901515979918857e-02,-2.197830329240140629e-02,-2.026270222854052033e-02,1.737798113398279732e-03,1.170299802651734999e-02,1.028948373228903701e-02,9.113280257432401429e-03,7.112758023666426732e-03,7.180198615374201732e-03,5.879847685030723664e-03,0.000000000000000000e+00
0.000000000000000000e+00,1.053042145111000860e-02,1.285926465664404862e-02,-6.807528205735005611e-03,-1.432492801519952980e-02,-6.424894162595257141e-03,-2.707152930179569650e-03,1.928087989009112657e-03,1.233316362247278281e-02,7.129704462666225373e-03,-1.909821554240805422e-02,-1.729365974312547030e-02,3.166910487670845931e-02,3.166910487670857033e-02,-4.569342398045843356e-03,-4.569342398045836418e-03,2.529649599414679484e-02,2.633323763325121081e-02,3.236763428322228520e-02,4.019215521013111414e-02,-5.293387348632934419e-02,-1.032629247190466892e-01,-5.262978258228381834e-02,-2.109121085439418994e-02,-9.929216938814317342e-03,0.000000000000000000e+00,0.000000000000000000e+00,3.504782703627835807e-03,3.504782703627823230e-03,2.967971608727341254e-02,2.967971608727341601e-02,1.285863384005631743e-02,1.285863384005630182e-02,-4.419912603638113252e-02,-4.604313263095799469e-02,6.307728841205711718e-04,4.022435934197884401e-03,1.338201822507898223e-02,2.116850626389380624e-02,1.732674592339632225e-02,2.114709128110998232e-02,1.928568794811517939e-02,3.114648632811868254e-02,2.532551180847991690e-02,1.969919710441352112e-02,1.938897352796621620e-02,-4.626366327489944696e-03,-4.626366327489930819e-03,-2.562660492454051087e-02,-2.562660492454051087e-02,-3.391131418882368381e-02,-3.845300805339840061e-02,-5.440513127962370854e-03,-1.282584791575669403e-03,-2.646890038745100537e-02,-2.719515281472936058e-02,1.692415665261499946e-02,9.819194610243281440e-02,8.385419857111058028e-02,2.347231193741869393e-02,1.977588486065968987e-02,1.416402962097468299e-03,1.416402962097496054e-03,-4.480647223201290885e-02,-4.480647223201290885e-02,-4.713855154208261566e-02,-4.713855154208261566e-02,-3.113563722785344864e-02,-3.113563722785366375e-02,3.323276062232257549e-03,2.585924157670509843e-02,-3.323276062232234564e-03,-2.585924157670509843e-02,0.000000000000000000e+00,0.000000000000000000e+00,3.561214669309236119e-03,5.285775681173200680e-02,4.929654214242243371e-02,-1.653446352462259461e-02,-1.653446352462260155e-02,-3.632329328710914157e-02,-3.632329328710914157e-02,9.413453872136762560e-03,9.653225584705644666e-03,2.496943631756318865e-04,1.235467281428606454e-05,4.015815692328456032e-02,6.455414003084525287e-02,9.017673603123291248e-03,-3.488132453364128915e-02,-2.277376543454538715e-02,-1.259679297874922652e-02,-8.979412472122607486e-03,4.371315604284723572e-03,4.027117525207145332e-03,-8.482264615242866845e-03,-8.482264615242866845e-03,1.665792401753906152e-02,1.665792401753906152e-02,-2.993227555096754366e-02,-3.167832495810801730e-02,-9.356302231587872512e-03,-7.610252824447549802e-03,0.000000000000000000e+00,0.000000000000000000e+00,0.000000000000000000e+00,0.000000000000000000e+00,2.372194810042216676e-03,2.990905099344086035e-02,2.736592310067461134e-02,-4.341700301186364463e-03,-4.170767218462524684e-03,8.168613629906883167e-02,8.168613629906884555e-02,-4.588926536094717346e-02,-4.588926536094718733e-02,-2.468418505254404288e-02,-2.725992610150546058e-02,-3.668003657783144161e-02,-3.410429552887005167e-02,2.582989161132962820e-03,2.247524843658387644e-02,2.811215640943455843e-02,2.269406382643267273e-02,9.328313845190349535e-03,-2.841405702616447981e-02,-2.326820417890590464e-02,0.000000000000000000e+00
-1.376936759056593096e-17,1.279489595679811353e-02,1.562453640878241207e-02,-3.856392921006271401e-03,-1.048303997987402175e-02,-8.049480433435486637e-03,-9.311451309863737202e-03,-3.306433692117263790e-03,6.359230328048630365e-03,3.126777220400028812e-03,-1.566237359914002605e-02,-1.418246428268592554e-02,2.412546865885867309e-02,2.412546865885877023e-02,1.645099216000671383e-02,1.645099216000663750e-02,3.526353323349173952e-02,3.670876000535619466e-02,1.292529534882951026e-02,1.472695665933906883e-02,-5.653752083541749296e-02,-9.990289384946787754e-02,-5.270573009915720253e-02,-1.697973739773463858e-02,-4.392492230253679415e-03,0.000000000000000000e+00,0.000000000000000000e+00,2.575477746426486567e-02,2.575477746426477893e-02,2.323862513348301517e-02,2.323862513348302558e-02,1.024208768835957462e-02,1.024208768835956941e-02,-4.771421279700056861e-02,-5.179235064289836737e-02,-9.373505394072233904e-03,-7.154379559767768369e-03,1.014896784028720619e-02,2.147906255195517963e-02,1.965844389455496943e-02,2.695405982706226486e-02,2.362472538453437576e-02,3.483877589991911383e-02,2.822134973110501308e-02,1.527813702928221273e-02,1.503753644614402862e-02,-1.079013520163697726e-02,-1.079013520163694950e-02,-2.737327284223815826e-02,-2.737327284223815826e-02,-2.936567833166180835e-02,-3.329858167965234206e-02,-7.857035640796553033e-03,-5.599604507711981177e-03,-2.190697970418957821e-02,-2.177720116042102666e-02,2.017943128314959172e-02,9.767333193415944637e-02,8.019051969117435563e-02,2.693868571676485968e-02,2.269637300546309411e-02,7.568918748452987955e-03,7.568918748453002700e-03,-5.217425303999809194e-02,-5.217425303999809194e-02,-5.772184848828726400e-02,-5.772184848828726400e-02,-2.228483487109198316e-02,-2.228483487109213582e-02,0.000000000000000000e+00,2.088870052531722685e-02,1.600410745104408105e-03,-2.088870052531722685e-02,-1.600410745104408105e-03,4.403381342128284519e-03,8.866637356817450716e-03,3.778890092436842235e-02,3.332564490967906967e-02,-1.744864608518595026e-02,-1.744864608518595719e-02,-2.474363618131062217e-02,-2.474363618131062911e-02,1.492788436027920641e-02,1.517199613420735019e-02,3.278775245419938977e-04,1.042965718427261990e-04,3.496735177883744661e-02,5.618033242552258888e-02,3.955115051445523555e-03,-3.918493473020541462e-02,-2.452650375841263289e-02,-1.008289731738831393e-02,-7.320777203156377672e-03,1.805364303363525330e-03,1.663209633807317955e-03,-1.615300518173484051e-02,-1.615300518173484051e-02,1.390264440833585691e-02,1.390264440833585517e-02,-1.988188480602089483e-02,-2.104166141970591555e-02,-1.861911807922414031e-03,-7.021351942375271028e-04,0.000000000000000000e+00,0.000000000000000000e+00,0.000000000000000000e+00,0.000000000000000000e+00,0.000000000000000000e+00,2.458439741842345649e-02,2.513047178552830704e-02,1.387028892447087977e-02,1.332421455736585748e-02,7.624945723894299698e-02,7.624945723894296923e-02,-5.245508780755091249e-02,-5.245508780755088474e-02,-2.642114212586402222e-02,-2.917813086943277234e-02,-3.582791364842165260e-02,-3.307092490485295105e-02,4.264509339922995662e-03,2.175522474873505668e-02,2.191249665051077378e-02,1.220796125425492942e-02,3.369510307677164168e-03,-2.438769793563403537e-02,-1.997102823075504879e-02,0.000000000000000000e+00
0.000000000000000000e+00,2.303425893903881735e-02,2.812837389671105082e-02,9.487870975157061681e-03,6.888975484204709621e-03,-1.539543574506005430e-02,-3.917436572234551245e-02,-2.697557520677316273e-02,-1.915945554751082719e-02,-1.346759085130322213e-02,0.000000000000000000e+00,0.000000000000000000e+00,0.000000000000000000e+00,0.000000000000000000e+00,9.989430035009913555e-02,9.989430035009877473e-02,8.033187553313361762e-02,8.362416551399989850e-02,-7.498788939798059494e-02,-1.004200280920563154e-01,-7.283227406607521714e-02,-8.309843777204142801e-02,-3.240601241917541453e-02,0.000000000000000000e+00,0.000000000000000000e+00,6.789640536247047720e-02,7.111899834231702466e-02,5.846704406292486944e-02,5.524445108307836361e-02,-5.886307874957502628e-03,-5.886307874957447117e-03,-1.589251432354873983e-03,-1.589251432354860105e-03,-6.360851814936502313e-02,-6.904514363221717077e-02,-5.461024195633070594e-02,-4.984274648586577844e-02,-6.691300123871591005e-04,6.289368960604176106e-03,2.640086126819315288e-02,5.321165673049597228e-02,4.324472074921042325e-02,5.153434613762358785e-02,4.131557338123444112e-02,-4.712743310439762578e-03,-4.638526880354126858e-03,-3.866109011082063951e-02,-3.866109011082051461e-02,-3.527124951356579163e-02,-3.527124951356579163e-02,-8.811498803627762499e-03,-9.991610250542230787e-03,-1.878392004665418655e-02,-2.239867864335574540e-02,-1.279164440748878535e-03,9.280268862208548852e-03,3.489893396034791234e-02,8.604802509367169561e-02,6.362431953842090371e-02,4.261272367554584661e-02,3.590205852979028167e-02,3.538899013023130702e-02,3.538899013023133477e-02,-8.548943582392758145e-02,-8.548943582392758145e-02,-8.784057193773013583e-02,-8.784057193773013583e-02,0.000000000000000000e+00,0.000000000000000000e+00,0.000000000000000000e+00,0.000000000000000000e+00,9.780005508305857076e-03,2.207850496725037928e-02,1.708184083596900674e-02,1.598643039163505017e-02,5.994528382142611661e-03,-3.806493535888555435e-02,-3.285637472641728118e-02,0.000000000000000000e+00,0.000000000000000000e+00,2.337917553028340603e-02,2.337917553028340603e-02,1.648352495028943335e-02,1.674726134949424891e-02,6.814013846333233371e-04,5.200338544060628676e-04,1.149588503873133494e-02,1.831615890580665790e-02,-1.893645405179074370e-02,-5.864473735814546007e-02,-3.245192922285505821e-02,1.284283064416366551e-03,1.791387956465922493e-04,-1.602175346261316014e-03,-8.307424249383237687e-04,0.000000000000000000e+00,0.000000000000000000e+00,0.000000000000000000e+00,0.000000000000000000e+00,0.000000000000000000e+00,0.000000000000000000e+00,0.000000000000000000e+00,0.000000000000000000e+00,0.000000000000000000e+00,0.000000000000000000e+00,0.000000000000000000e+00,0.000000000000000000e+00,0.000000000000000000e+00,5.077029922600476315e-04,4.295898002069151525e-03,9.622015324917318480e-02,9.243195823936407873e-02,5.166621279315906229e-02,5.166621279315905535e-02,-8.214402408784274301e-02,-8.214402408784274301e-02,-3.427520889217970657e-02,-3.785175242875539470e-02,-2.126637443957407614e-02,-2.441965787696502924e-02,1.159443315977748759e-03,1.452083082352101720e-02,-6.120747476793766961e-03,-1.849946546454940902e-02,-5.747157454178884739e-03,0.000000000000000000e+00,0.000000000000000000e+00,0.000000000000000000e+00
0.000000000000000000e+00,2.303425893903881735e-02,2.812837389671103694e-02,9.487870975157061681e-03,6.888975484204723498e-03,-1.539543574506005430e-02,-3.917436572234551245e-02,-2.697557520677316273e-02,-1.915945554751082719e-02,-1.346759085130322213e-02,0.000000000000000000e+00,0.000000000000000000e+00,0.000000000000000000e+00,0.000000000000000000e+00,9.989430035009913555e-02,9.989430035009877473e-02,8.033187553313361762e-02,8.362416551399989850e-02,-7.498788939798059494e-02,-1.004200280920563154e-01,-7.283227406607521714e-02,-8.309843777204142801e-02,-3.240601241917541453e-02,0.000000000000000000e+00,0.000000000000000000e+00,6.789640536247046332e-02,7.111899834231701079e-02,5.846704406292488332e-02,5.524445108307837748e-02,-5.886307874957502628e-03,-5.886307874957447117e-03,-1.589251432354860105e-03,-1.589251432354860105e-03,-6.360851814936502313e-02,-6.904514363221717077e-02,-5.461024195633070594e-02,-4.984274648586577844e-02,-6.691300123871602931e-04,6.289368960604176106e-03,2.640086126819315288e-02,5.321165673049597228e-02,4.324472074921042325e-02,5.153434613762358785e-02,4.131557338123444112e-02,-4.712743310439762578e-03,-4.638526880354126858e-03,-3.866109011082063951e-02,-3.866109011082051461e-02,-3.527124951356579163e-02,-3.527124951356579163e-02,-8.811498803627762499e-03,-9.991610250542230787e-03,-1.878392004665418655e-02,-2.239867864335574540e-02,-1.279164440748877668e-03,9.280268862208548852e-03,3.489893396034791234e-02,8.604802509367169561e-02,6.362431953842090371e-02,4.261272367554584661e-02,3.590205852979028167e-02,3.538899013023130702e-02,3.538899013023133477e-02,-8.548943582392758145e-02,-8.548943582392758145e-02,-8.784057193773013583e-02,-8.784057193773013583e-02,0.000000000000000000e+00,0.000000000000000000e+00,0.000000000000000000e+00,0.000000000000000000e+00,9.780005508305857076e-03,2.207850496725037928e-02,1.708184083596900674e-02,1.598643039163505017e-02,5.994528382142611661e-03,-3.806493535888555435e-02,-3.285637472641728118e-02,0.000000000000000000e+00,0.000000000000000000e+00,2.337917553028340603e-02,2.337917553028340603e-02,1.648352495028943335e-02,1.674726134949424891e-02,6.814013846333233371e-04,5.200338544060628676e-04,1.149588503873133494e-02,1.831615890580665790e-02,-1.893645405179074370e-02,-5.864473735814546007e-02,-3.245192922285505821e-02,1.284283064416366551e-03,1.791387956465922493e-04,-1.602175346261316014e-03,-8.307424249383237687e-04,0.000000000000000000e+00,0.000000000000000000e+00,0.000000000000000000e+00,0.000000000000000000e+00,0.000000000000000000e+00,0.000000000000000000e+00,0.000000000000000000e+00,0.000000000000000000e+00,0.000000000000000000e+00,0.000000000000000000e+00,0.000000000000000000e+00,0.000000000000000000e+00,0.000000000000000000e+00,5.077029922600476315e-04,4.295898002069151525e-03,9.622015324917318480e-02,9.243195823936407873e-02,5.166621279315905535e-02,5.166621279315905535e-02,-8.214402408784274301e-02,-8.214402408784274301e-02,-3.427520889217970657e-02,-3.785175242875539470e-02,-2.126637443957407614e-02,-2.441965787696502924e-02,1.159443315977748759e-03,1.452083082352101720e-02,-6.120747476793766961e-03,-1.849946546454940902e-02,-5.747157454178884739e-03,0.000000000000000000e+00,0.000000000000000000e+00,0.000000000000000000e+00
