x0,y0,x_final,y_final,max_deviation,bending_angle
-8.000000000000000000e+00,-3.000000000000000000e+00,-3.260137342907907687e+00,-2.986377322146184010e+00,1.362267785381598983e-02,8.946510485295734727e-02
-8.000000000000000000e+00,-2.996998499249624803e+00,-3.260137342907907687e+00,-2.983375821395808813e+00,1.362267785381598983e-02,8.946510485295734727e-02
-8.000000000000000000e+00,-2.993996998499249607e+00,-3.260137342907907687e+00,-2.980374320645433617e+00,1.362267785381598983e-02,8.946510485295734727e-02
-8.000000000000000000e+00,-2.990995497748874410e+00,-3.260137342907907687e+00,-2.977372819895058420e+00,1.362267785381598983e-02,8.946510485295734727e-02
-8.000000000000000000e+00,-2.987993996998499213e+00,-3.260137342907907687e+00,-2.974371319144683223e+00,1.362267785381598983e-02,8.946510485295734727e-02
-8.000000000000000000e+00,-2.984992496248124016e+00,-3.260137342907907687e+00,-2.971369818394308027e+00,1.362267785381598983e-02,8.946510485295734727e-02
-8.000000000000000000e+00,-2.981990995497748820e+00,-3.260137342907907687e+00,-2.968368317643932830e+00,1.362267785381598983e-02,8.946510485295734727e-02
-8.000000000000000000e+00,-2.978989494747373623e+00,-3.260137342907907687e+00,-2.965366816893557633e+00,1.362267785381598983e-02,8.946510485295734727e-02
-8.000000000000000000e+00,-2.975987993996998426e+00,-3.260137342907907687e+00,-2.962365316143182437e+00,1.362267785381598983e-02,8.946510485295734727e-02
-8.000000000000000000e+00,-2.972986493246623230e+00,-3.260136614426573765e+00,-2.959437411048040811e+00,1.354908219858241836e-02,8.882798486968163099e-02
-8.000000000000000000e+00,-2.969984992496248033e+00,-3.260130012886762518e+00,-2.957676642912912435e+00,1.230834958333559825e-02,8.927720168312358595e-02
-8.000000000000000000e+00,-2.966983491745872836e+00,-3.260132053176334033e+00,-2.954213998498024907e+00,1.276949324784792950e-02,8.917282340055648904e-02
-8.000000000000000000e+00,-2.963981990995497640e+00,-3.260124699137346926e+00,-2.953608343920727908e+00,1.037364707476973180e-02,9.035590211909505509e-02
-8.000000000000000000e+00,-2.960980490245122443e+00,-3.260122265533261121e+00,-2.951355078123493847e+00,9.625412121628595941e-03,9.069036593223381293e-02
-8.000000000000000000e+00,-2.957978989494747246e+00,-3.260114906105856303e+00,-2.955415744979669412e+00,9.307517876364190812e-03,9.219469072233665852e-02
-8.000000000000000000e+00,-2.954977488744372049e+00,-3.260123946386478178e+00,-2.948446595504155443e+00,8.632392500790064815e-03,9.073734591129592464e-02
-8.000000000000000000e+00,-2.951975987993996853e+00,-3.260108947736024110e+00,-2.951504450367640420e+00,9.848948361465659218e-03,9.016033557434549595e-02
-8.000000000000000000e+00,-2.948974487243621656e+00,-3.260114427407516224e+00,-2.946795896855287644e+00,9.745672346708644795e-03,9.073066986027683578e-02
-8.000000000000000000e+00,-2.945972986493246459e+00,-3.260114427407516224e+00,-2.943794396104912447e+00,9.745672346708644795e-03,9.073066986027683578e-02
-8.000000000000000000e+00,-2.942971485742871263e+00,-3.260114427407516224e+00,-2.940792895354537251e+00,9.745672346708644795e-03,9.073066986027683578e-02
-8.000000000000000000e+00,-2.939969984992496066e+00,-3.260114427407516224e+00,-2.937791394604162054e+00,9.745672346708644795e-03,9.073066986027683578e-02
-8.000000000000000000e+00,-2.936968484242120869e+00,-3.260114427407516224e+00,-2.934789893853786857e+00,9.745672346708644795e-03,9.073066986027683578e-02
-8.000000000000000000e+00,-2.933966983491745673e+00,-3.260114427407516224e+00,-2.931788393103411661e+00,9.745672346708644795e-03,9.073066986027683578e-02
-8.000000000000000000e+00,-2.930965482741370476e+00,-3.260114427407516224e+00,-2.928786892353036464e+00,9.745672346708644795e-03,9.073066986027683578e-02
-8.000000000000000000e+00,-2.927963981990995279e+00,-3.260114427407516224e+00,-2.925785391602661267e+00,9.745672346708644795e-03,9.073066986027683578e-02
-8.000000000000000000e+00,-2.924962481240620527e+00,-3.260114427407516224e+00,-2.922783890852286515e+00,9.745672346708644795e-03,9.073066986027683578e-02
-8.000000000000000000e+00,-2.921960980490245330e+00,-3.260114427407516224e+00,-2.919782390101911318e+00,9.745672346708644795e-03,9.073066986027683578e-02
-8.000000000000000000e+00,-2.918959479739870133e+00,-3.260114427407516224e+00,-2.916780889351536121e+00,9.745672346708644795e-03,9.073066986027683578e-02
-8.000000000000000000e+00,-2.915957978989494936e+00,-3.260114427407516224e+00,-2.913779388601160925e+00,9.745672346708644795e-03,9.073066986027683578e-02
-8.000000000000000000e+00,-2.912956478239119740e+00,-3.260114427407516224e+00,-2.910777887850785728e+00,9.745672346708644795e-03,9.073066986027683578e-02
-8.000000000000000000e+00,-2.909954977488744543e+00,-3.260114427407516224e+00,-2.907776387100410531e+00,9.745672346708644795e-03,9.073066986027683578e-02
-8.000000000000000000e+00,-2.906953476738369346e+00,-3.260114427407516224e+00,-2.904774886350035334e+00,9.745672346708644795e-03,9.073066986027683578e-02
-8.000000000000000000e+00,-2.903951975987994150e+00,-3.260114427407516224e+00,-2.901773385599660138e+00,9.745672346708644795e-03,9.073066986027683578e-02
-8.000000000000000000e+00,-2.900950475237618953e+00,-3.260114427407516224e+00,-2.898771884849284941e+00,9.745672346708644795e-03,9.073066986027683578e-02
-8.000000000000000000e+00,-2.897948974487243756e+00,-3.260114427407516224e+00,-2.895770384098909744e+00,9.745672346708644795e-03,9.073066986027683578e-02
-8.000000000000000000e+00,-2.894947473736868560e+00,-3.260114427407516224e+00,-2.892768883348534548e+00,9.745672346708644795e-03,9.073066986027683578e-02
-8.000000000000000000e+00,-2.891945972986493363e+00,-3.260114427407516224e+00,-2.889767382598159351e+00,9.745672346708644795e-03,9.073066986027683578e-02
-8.000000000000000000e+00,-2.888944472236118166e+00,-3.260114427407516224e+00,-2.886765881847784154e+00,9.745672346708644795e-03,9.073066986027683578e-02
-8.000000000000000000e+00,-2.885942971485742969e+00,-3.260114427407516224e+00,-2.883764381097408958e+00,9.745672346708644795e-03,9.073066986027683578e-02
-8.000000000000000000e+00,-2.882941470735367773e+00,-3.260114427407516224e+00,-2.880762880347033761e+00,9.745672346708644795e-03,9.073066986027683578e-02
-8.000000000000000000e+00,-2.879939969984992576e+00,-3.260114427407516224e+00,-2.877761379596658564e+00,9.745672346708644795e-03,9.073066986027683578e-02
-8.000000000000000000e+00,-2.876938469234617379e+00,-3.260114427407516224e+00,-2.874759878846283367e+00,9.745672346708644795e-03,9.073066986027683578e-02
-8.000000000000000000e+00,-2.873936968484242183e+00,-3.260114427407516224e+00,-2.871758378095908171e+00,9.745672346708644795e-03,9.073066986027683578e-02
-8.000000000000000000e+00,-2.870935467733866986e+00,-3.260114427407516224e+00,-2.868756877345532974e+00,9.745672346708644795e-03,9.073066986027683578e-02
-8.000000000000000000e+00,-2.867933966983491789e+00,-3.260114427407516224e+00,-2.865755376595157777e+00,9.745672346708644795e-03,9.073066986027683578e-02
-8.000000000000000000e+00,-2.864932466233116592e+00,-3.260114427407516224e+00,-2.862753875844782581e+00,9.745672346708644795e-03,9.073066986027683578e-02
-8.000000000000000000e+00,-2.861930965482741396e+00,-3.260114427407516224e+00,-2.859752375094407384e+00,9.745672346708644795e-03,9.073066986027683578e-02
-8.000000000000000000e+00,-2.858929464732366199e+00,-3.260114427407516224e+00,-2.856750874344032187e+00,9.745672346708644795e-03,9.073066986027683578e-02
-8.000000000000000000e+00,-2.855927963981991002e+00,-3.260114427407516224e+00,-2.853749373593656991e+00,9.745672346708644795e-03,9.073066986027683578e-02
-8.000000000000000000e+00,-2.852926463231615806e+00,-3.260114427407516224e+00,-2.850747872843281794e+00,9.745672346708644795e-03,9.073066986027683578e-02
-8.000000000000000000e+00,-2.849924962481240609e+00,-3.260114427407516224e+00,-2.847746372092906597e+00,9.745672346708644795e-03,9.073066986027683578e-02
-8.000000000000000000e+00,-2.846923461730865412e+00,-3.260114427407516224e+00,-2.844744871342531400e+00,9.745672346708644795e-03,9.073066986027683578e-02
-8.000000000000000000e+00,-2.843921960980490216e+00,-3.260114427407516224e+00,-2.841743370592156204e+00,9.745672346708644795e-03,9.073066986027683578e-02
-8.000000000000000000e+00,-2.840920460230115019e+00,-3.260114427407516224e+00,-2.838741869841781007e+00,9.745672346708644795e-03,9.073066986027683578e-02
-8.000000000000000000e+00,-2.837918959479739822e+00,-3.260114427407516224e+00,-2.835740369091405810e+00,9.745672346708644795e-03,9.073066986027683578e-02
-8.000000000000000000e+00,-2.834917458729364625e+00,-3.260120036187536652e+00,-2.838176054214333721e+00,9.745672346708644795e-03,9.620732397789748258e-02
-8.000000000000000000e+00,-2.831915957978989429e+00,-3.260185326192888589e+00,-2.857310123858875173e+00,2.539416587988574392e-02,9.700687149101110129e-02
-8.000000000000000000e+00,-2.828914457228614232e+00,-3.260140657362718297e+00,-2.841899684255628777e+00,1.590869707896924723e-02,9.934499811386826584e-02
-8.000000000000000000e+00,-2.825912956478239035e+00,-3.260143806937148891e+00,-2.843924524838192802e+00,1.801156835995376682e-02,1.097869842118202321e-01
-8.000000000000000000e+00,-2.822911455727863839e+00,-3.260189974283976166e+00,-2.849654950017832977e+00,2.674349428996913858e-02,1.134616641908570006e-01
-8.000000000000000000e+00,-2.819909954977488642e+00,-3.260188669157201513e+00,-2.844234488128505323e+00,2.432453315101668068e-02,1.175974692167418567e-01
-8.000000000000000000e+00,-2.816908454227113445e+00,-3.260181650910581652e+00,-2.837440830847979711e+00,2.053237662086626614e-02,1.256902978424992989e-01
-8.000000000000000000e+00,-2.813906953476738249e+00,-3.260192407413324833e+00,-2.835663113257782086e+00,2.175615978104383785e-02,1.223578081812470575e-01
-8.000000000000000000e+00,-2.810905452726363052e+00,-3.260192562064159638e+00,-2.832677220466911283e+00,2.177176774054823127e-02,1.220976627529464092e-01
-8.000000000000000000e+00,-2.807903951975987855e+00,-3.260192562064159638e+00,-2.829675719716536086e+00,2.177176774054823127e-02,1.220976627529464092e-01
-8.000000000000000000e+00,-2.804902451225612658e+00,-3.260192562064159638e+00,-2.826674218966160890e+00,2.177176774054823127e-02,1.220976627529464092e-01
-8.000000000000000000e+00,-2.801900950475237462e+00,-3.260192562064159638e+00,-2.823672718215785693e+00,2.177176774054823127e-02,1.220976627529464092e-01
-8.000000000000000000e+00,-2.798899449724862265e+00,-3.260192562064159638e+00,-2.820671217465410496e+00,2.177176774054823127e-02,1.220976627529464092e-01
-8.000000000000000000e+00,-2.795897948974487068e+00,-3.260192562064159638e+00,-2.817669716715035300e+00,2.177176774054823127e-02,1.220976627529464092e-01
-8.000000000000000000e+00,-2.792896448224111872e+00,-3.260192562064159638e+00,-2.814668215964660103e+00,2.177176774054823127e-02,1.220976627529464092e-01
-8.000000000000000000e+00,-2.789894947473736675e+00,-3.260192562064159638e+00,-2.811666715214284906e+00,2.177176774054823127e-02,1.220976627529464092e-01
-8.000000000000000000e+00,-2.786893446723361478e+00,-3.260192562064159638e+00,-2.808665214463909710e+00,2.177176774054823127e-02,1.220976627529464092e-01
-8.000000000000000000e+00,-2.783891945972986726e+00,-3.260192562064159638e+00,-2.805663713713534957e+00,2.177176774054823127e-02,1.220976627529464092e-01
-8.000000000000000000e+00,-2.780890445222611085e+00,-3.260192562064159638e+00,-2.802662212963159316e+00,2.177176774054823127e-02,1.220976627529464092e-01
-8.000000000000000000e+00,-2.777888944472236332e+00,-3.260192562064159638e+00,-2.799660712212784563e+00,2.177176774054823127e-02,1.220976627529464092e-01
-8.000000000000000000e+00,-2.774887443721861136e+00,-3.260192562064159638e+00,-2.796659211462409367e+00,2.177176774054823127e-02,1.220976627529464092e-01
-8.000000000000000000e+00,-2.771885942971485939e+00,-3.260192562064159638e+00,-2.793657710712034170e+00,2.177176774054823127e-02,1.220976627529464092e-01
-8.000000000000000000e+00,-2.768884442221110742e+00,-3.260192562064159638e+00,-2.790656209961658973e+00,2.177176774054823127e-02,1.220976627529464092e-01
-8.000000000000000000e+00,-2.765882941470735545e+00,-3.260192562064159638e+00,-2.787654709211283777e+00,2.177176774054823127e-02,1.220976627529464092e-01
-8.000000000000000000e+00,-2.762881440720360349e+00,-3.260192562064159638e+00,-2.784653208460908580e+00,2.177176774054823127e-02,1.220976627529464092e-01
-8.000000000000000000e+00,-2.759879939969985152e+00,-3.260192562064159638e+00,-2.781651707710533383e+00,2.177176774054823127e-02,1.220976627529464092e-01
-8.000000000000000000e+00,-2.756878439219609955e+00,-3.260192562064159638e+00,-2.778650206960158187e+00,2.177176774054823127e-02,1.220976627529464092e-01
-8.000000000000000000e+00,-2.753876938469234759e+00,-3.260192562064159638e+00,-2.775648706209782990e+00,2.177176774054823127e-02,1.220976627529464092e-01
-8.000000000000000000e+00,-2.750875437718859562e+00,-3.260192562064159638e+00,-2.772647205459407793e+00,2.177176774054823127e-02,1.220976627529464092e-01
-8.000000000000000000e+00,-2.747873936968484365e+00,-3.260192562064159638e+00,-2.769645704709032596e+00,2.177176774054823127e-02,1.220976627529464092e-01
-8.000000000000000000e+00,-2.744872436218109168e+00,-3.260192562064159638e+00,-2.766644203958657400e+00,2.177176774054823127e-02,1.220976627529464092e-01
-8.000000000000000000e+00,-2.741870935467733972e+00,-3.260192562064159638e+00,-2.763642703208282203e+00,2.177176774054823127e-02,1.220976627529464092e-01
-8.000000000000000000e+00,-2.738869434717358775e+00,-3.260192562064159638e+00,-2.760641202457907006e+00,2.177176774054823127e-02,1.220976627529464092e-01
-8.000000000000000000e+00,-2.735867933966983578e+00,-3.260192562064159638e+00,-2.757639701707531810e+00,2.177176774054823127e-02,1.220976627529464092e-01
-8.000000000000000000e+00,-2.732866433216608382e+00,-3.260192562064159638e+00,-2.754638200957156613e+00,2.177176774054823127e-02,1.220976627529464092e-01
-8.000000000000000000e+00,-2.729864932466233185e+00,-3.260192562064159638e+00,-2.751636700206781416e+00,2.177176774054823127e-02,1.220976627529464092e-01
-8.000000000000000000e+00,-2.726863431715857988e+00,-3.260192562064159638e+00,-2.748635199456406220e+00,2.177176774054823127e-02,1.220976627529464092e-01
-8.000000000000000000e+00,-2.723861930965482792e+00,-3.260192562064159638e+00,-2.745633698706031023e+00,2.177176774054823127e-02,1.220976627529464092e-01
-8.000000000000000000e+00,-2.720860430215107595e+00,-3.260192562064159638e+00,-2.742632197955655826e+00,2.177176774054823127e-02,1.220976627529464092e-01
-8.000000000000000000e+00,-2.717858929464732398e+00,-3.260192562064159638e+00,-2.739630697205280629e+00,2.177176774054823127e-02,1.220976627529464092e-01
-8.000000000000000000e+00,-2.714857428714357201e+00,-3.260192562064159638e+00,-2.736629196454905433e+00,2.177176774054823127e-02,1.220976627529464092e-01
-8.000000000000000000e+00,-2.711855927963982005e+00,-3.260192562064159638e+00,-2.733627695704530236e+00,2.177176774054823127e-02,1.220976627529464092e-01
-8.000000000000000000e+00,-2.708854427213606808e+00,-3.260192562064159638e+00,-2.730626194954155039e+00,2.177176774054823127e-02,1.220976627529464092e-01
-8.000000000000000000e+00,-2.705852926463231611e+00,-3.260187638364416607e+00,-2.726573471377530034e+00,2.072054491429842216e-02,1.218574725801226805e-01
-8.000000000000000000e+00,-2.702851425712856415e+00,-3.260189307008686477e+00,-2.723975042158320647e+00,2.112361644546423278e-02,1.217604764212680546e-01
-8.000000000000000000e+00,-2.699849924962481218e+00,-3.260187064910070820e+00,-2.720356913462890436e+00,2.050698850040921783e-02,1.218399809277868479e-01
-8.000000000000000000e+00,-2.696848424212106021e+00,-3.260187406997089532e+00,-2.717266930805124492e+00,2.041850659301847060e-02,1.217053908389777034e-01
-8.000000000000000000e+00,-2.693846923461730825e+00,-3.260188161496068826e+00,-2.714532892594632152e+00,2.068596913290132733e-02,1.215944370084425658e-01
-8.000000000000000000e+00,-2.690845422711355628e+00,-3.260188649311310805e+00,-2.711887831221651002e+00,2.104240851029537396e-02,1.212166287614763471e-01
-8.000000000000000000e+00,-2.687843921960980431e+00,-3.260188778847793234e+00,-2.708898412529726407e+00,2.105449056874597602e-02,1.211274484277646279e-01
-8.000000000000000000e+00,-2.684842421210605234e+00,-3.260188778847793234e+00,-2.705896911779351210e+00,2.105449056874597602e-02,1.211274484277646279e-01
-8.000000000000000000e+00,-2.681840920460230038e+00,-3.260188778847793234e+00,-2.702895411028976014e+00,2.105449056874597602e-02,1.211274484277646279e-01
-8.000000000000000000e+00,-2.678839419709854841e+00,-3.260188778847793234e+00,-2.699893910278600817e+00,2.105449056874597602e-02,1.211274484277646279e-01
-8.000000000000000000e+00,-2.675837918959479644e+00,-3.260188778847793234e+00,-2.696892409528225620e+00,2.105449056874597602e-02,1.211274484277646279e-01
-8.000000000000000000e+00,-2.672836418209104448e+00,-3.260188778847793234e+00,-2.693890908777850424e+00,2.105449056874597602e-02,1.211274484277646279e-01
-8.000000000000000000e+00,-2.669834917458729251e+00,-3.260188778847793234e+00,-2.690889408027475227e+00,2.105449056874597602e-02,1.211274484277646279e-01
-8.000000000000000000e+00,-2.666833416708354054e+00,-3.260188778847793234e+00,-2.687887907277100030e+00,2.105449056874597602e-02,1.211274484277646279e-01
-8.000000000000000000e+00,-2.663831915957978858e+00,-3.260188778847793234e+00,-2.684886406526724834e+00,2.105449056874597602e-02,1.211274484277646279e-01
-8.000000000000000000e+00,-2.660830415207603661e+00,-3.260188778847793234e+00,-2.681884905776349637e+00,2.105449056874597602e-02,1.211274484277646279e-01
-8.000000000000000000e+00,-2.657828914457228464e+00,-3.260188778847793234e+00,-2.678883405025974440e+00,2.105449056874597602e-02,1.211274484277646279e-01
-8.000000000000000000e+00,-2.654827413706853267e+00,-3.260188778847793234e+00,-2.675881904275599243e+00,2.105449056874597602e-02,1.211274484277646279e-01
-8.000000000000000000e+00,-2.651825912956478071e+00,-3.260188778847793234e+00,-2.672880403525224047e+00,2.105449056874597602e-02,1.211274484277646279e-01
-8.000000000000000000e+00,-2.648824412206102874e+00,-3.260188778847793234e+00,-2.669878902774848850e+00,2.105449056874597602e-02,1.211274484277646279e-01
-8.000000000000000000e+00,-2.645822911455727677e+00,-3.260188778847793234e+00,-2.666877402024473653e+00,2.105449056874597602e-02,1.211274484277646279e-01
-8.000000000000000000e+00,-2.642821410705352925e+00,-3.260188778847793234e+00,-2.663875901274098901e+00,2.105449056874597602e-02,1.211274484277646279e-01
-8.000000000000000000e+00,-2.639819909954977284e+00,-3.260188778847793234e+00,-2.660874400523723260e+00,2.105449056874597602e-02,1.211274484277646279e-01
-8.000000000000000000e+00,-2.636818409204602531e+00,-3.260188778847793234e+00,-2.657872899773348507e+00,2.105449056874597602e-02,1.211274484277646279e-01
-8.000000000000000000e+00,-2.633816908454226891e+00,-3.260188778847793234e+00,-2.654871399022972867e+00,2.105449056874597602e-02,1.211274484277646279e-01
-8.000000000000000000e+00,-2.630815407703852138e+00,-3.260188778847793234e+00,-2.651869898272598114e+00,2.105449056874597602e-02,1.211274484277646279e-01
-8.000000000000000000e+00,-2.627813906953476497e+00,-3.260188778847793234e+00,-2.648868397522222473e+00,2.105449056874597602e-02,1.211274484277646279e-01
-8.000000000000000000e+00,-2.624812406203101744e+00,-3.260188778847793234e+00,-2.645866896771847721e+00,2.105449056874597602e-02,1.211274484277646279e-01
-8.000000000000000000e+00,-2.621810905452726548e+00,-3.260188778847793234e+00,-2.642865396021472524e+00,2.105449056874597602e-02,1.211274484277646279e-01
-8.000000000000000000e+00,-2.618809404702351351e+00,-3.260188778847793234e+00,-2.639863895271097327e+00,2.105449056874597602e-02,1.211274484277646279e-01
-8.000000000000000000e+00,-2.615807903951976154e+00,-3.260188778847793234e+00,-2.636862394520722130e+00,2.105449056874597602e-02,1.211274484277646279e-01
-8.000000000000000000e+00,-2.612806403201600958e+00,-3.260188778847793234e+00,-2.633860893770346934e+00,2.105449056874597602e-02,1.211274484277646279e-01
-8.000000000000000000e+00,-2.609804902451225761e+00,-3.260188778847793234e+00,-2.630859393019971737e+00,2.105449056874597602e-02,1.211274484277646279e-01
-8.000000000000000000e+00,-2.606803401700850564e+00,-3.260188778847793234e+00,-2.627857892269596540e+00,2.105449056874597602e-02,1.211274484277646279e-01
-8.000000000000000000e+00,-2.603801900950475368e+00,-3.260188778847793234e+00,-2.624856391519221344e+00,2.105449056874597602e-02,1.211274484277646279e-01
-8.000000000000000000e+00,-2.600800400200100171e+00,-3.260188778847793234e+00,-2.621854890768846147e+00,2.105449056874597602e-02,1.211274484277646279e-01
-8.000000000000000000e+00,-2.597798899449724974e+00,-3.260188778847793234e+00,-2.618853390018470950e+00,2.105449056874597602e-02,1.211274484277646279e-01
-8.000000000000000000e+00,-2.594797398699349777e+00,-3.260188778847793234e+00,-2.615851889268095753e+00,2.105449056874597602e-02,1.211274484277646279e-01
-8.000000000000000000e+00,-2.591795897948974581e+00,-3.260188778847793234e+00,-2.612850388517720557e+00,2.105449056874597602e-02,1.211274484277646279e-01
-8.000000000000000000e+00,-2.588794397198599384e+00,-3.260188778847793234e+00,-2.609848887767345360e+00,2.105449056874597602e-02,1.211274484277646279e-01
-8.000000000000000000e+00,-2.585792896448224187e+00,-3.260188778847793234e+00,-2.606847387016970163e+00,2.105449056874597602e-02,1.211274484277646279e-01
-8.000000000000000000e+00,-2.582791395697848991e+00,-3.260188778847793234e+00,-2.603845886266594967e+00,2.105449056874597602e-02,1.211274484277646279e-01
-8.000000000000000000e+00,-2.579789894947473794e+00,-3.260193436998618743e+00,-2.568523596404260534e+00,1.252158609257048028e-02,9.975914763516262329e-02
-8.000000000000000000e+00,-2.576788394197098597e+00,-3.260273466920553975e+00,-2.553861443315292412e+00,2.292695088180618512e-02,1.007816812642739618e-01
-8.000000000000000000e+00,-2.573786893446723401e+00,-3.260172133849232878e+00,-2.563801839703967911e+00,1.190069649294089871e-02,9.638861349067846807e-02
-8.000000000000000000e+00,-2.570785392696348204e+00,-3.260172133849232878e+00,-2.560800338953592714e+00,1.190069649294089871e-02,9.638861349067846807e-02
-8.000000000000000000e+00,-2.567783891945973007e+00,-3.260172133849232878e+00,-2.557798838203217517e+00,1.190069649294089871e-02,9.638861349067846807e-02
-8.000000000000000000e+00,-2.564782391195597810e+00,-3.260172133849232878e+00,-2.554797337452842321e+00,1.190069649294089871e-02,9.638861349067846807e-02
-8.000000000000000000e+00,-2.561780890445222614e+00,-3.260172133849232878e+00,-2.551795836702467124e+00,1.190069649294089871e-02,9.638861349067846807e-02
-8.000000000000000000e+00,-2.558779389694847417e+00,-3.260172133849232878e+00,-2.548794335952091927e+00,1.190069649294089871e-02,9.638861349067846807e-02
-8.000000000000000000e+00,-2.555777888944472220e+00,-3.260172133849232878e+00,-2.545792835201716731e+00,1.190069649294089871e-02,9.638861349067846807e-02
-8.000000000000000000e+00,-2.552776388194097024e+00,-3.260172133849232878e+00,-2.542791334451341534e+00,1.190069649294089871e-02,9.638861349067846807e-02
-8.000000000000000000e+00,-2.549774887443721827e+00,-3.260172133849232878e+00,-2.539789833700966337e+00,1.190069649294089871e-02,9.638861349067846807e-02
-8.000000000000000000e+00,-2.546773386693346630e+00,-3.260172133849232878e+00,-2.536788332950591141e+00,1.190069649294089871e-02,9.638861349067846807e-02
-8.000000000000000000e+00,-2.543771885942971434e+00,-3.260172133849232878e+00,-2.533786832200215944e+00,1.190069649294089871e-02,9.638861349067846807e-02
-8.000000000000000000e+00,-2.540770385192596237e+00,-3.260172133849232878e+00,-2.530785331449840747e+00,1.190069649294089871e-02,9.638861349067846807e-02
-8.000000000000000000e+00,-2.537768884442221040e+00,-3.260172133849232878e+00,-2.527783830699465550e+00,1.190069649294089871e-02,9.638861349067846807e-02
-8.000000000000000000e+00,-2.534767383691845843e+00,-3.260172133849232878e+00,-2.524782329949090354e+00,1.190069649294089871e-02,9.638861349067846807e-02
-8.000000000000000000e+00,-2.531765882941470647e+00,-3.260172133849232878e+00,-2.521780829198715157e+00,1.190069649294089871e-02,9.638861349067846807e-02
-8.000000000000000000e+00,-2.528764382191095450e+00,-3.260172133849232878e+00,-2.518779328448339960e+00,1.190069649294089871e-02,9.638861349067846807e-02
-8.000000000000000000e+00,-2.525762881440720253e+00,-3.260172133849232878e+00,-2.515777827697964764e+00,1.190069649294089871e-02,9.638861349067846807e-02
-8.000000000000000000e+00,-2.522761380690345057e+00,-3.260172133849232878e+00,-2.512776326947589567e+00,1.190069649294089871e-02,9.638861349067846807e-02
-8.000000000000000000e+00,-2.519759879939969860e+00,-3.260172133849232878e+00,-2.509774826197214370e+00,1.190069649294089871e-02,9.638861349067846807e-02
-8.000000000000000000e+00,-2.516758379189594663e+00,-3.260172133849232878e+00,-2.506773325446839173e+00,1.190069649294089871e-02,9.638861349067846807e-02
-8.000000000000000000e+00,-2.513756878439219467e+00,-3.260172133849232878e+00,-2.503771824696463977e+00,1.190069649294089871e-02,9.638861349067846807e-02
-8.000000000000000000e+00,-2.510755377688844270e+00,-3.260172133849232878e+00,-2.500770323946088780e+00,1.190069649294089871e-02,9.638861349067846807e-02
-8.000000000000000000e+00,-2.507753876938469073e+00,-3.260172133849232878e+00,-2.497768823195713583e+00,1.190069649294089871e-02,9.638861349067846807e-02
-8.000000000000000000e+00,-2.504752376188093876e+00,-3.260172133849232878e+00,-2.494767322445338387e+00,1.190069649294089871e-02,9.638861349067846807e-02
-8.000000000000000000e+00,-2.501750875437718680e+00,-3.260172133849232878e+00,-2.491765821694963190e+00,1.190069649294089871e-02,9.638861349067846807e-02
-8.000000000000000000e+00,-2.498749374687343483e+00,-3.260172133849232878e+00,-2.488764320944587993e+00,1.190069649294089871e-02,9.638861349067846807e-02
-8.000000000000000000e+00,-2.495747873936968730e+00,-3.260172133849232878e+00,-2.485762820194213241e+00,1.190069649294089871e-02,9.638861349067846807e-02
-8.000000000000000000e+00,-2.492746373186593090e+00,-3.260172133849232878e+00,-2.482761319443837600e+00,1.190069649294089871e-02,9.638861349067846807e-02
-8.000000000000000000e+00,-2.489744872436218337e+00,-3.260172133849232878e+00,-2.479759818693462847e+00,1.190069649294089871e-02,9.638861349067846807e-02
-8.000000000000000000e+00,-2.486743371685842696e+00,-3.260172133849232878e+00,-2.476758317943087206e+00,1.190069649294089871e-02,9.638861349067846807e-02
-8.000000000000000000e+00,-2.483741870935467944e+00,-3.260172133849232878e+00,-2.473756817192712454e+00,1.190069649294089871e-02,9.638861349067846807e-02
-8.000000000000000000e+00,-2.480740370185092303e+00,-3.260172133849232878e+00,-2.470755316442336813e+00,1.190069649294089871e-02,9.638861349067846807e-02
-8.000000000000000000e+00,-2.477738869434717550e+00,-3.260172133849232878e+00,-2.467753815691962060e+00,1.190069649294089871e-02,9.638861349067846807e-02
-8.000000000000000000e+00,-2.474737368684341909e+00,-3.260172133849232878e+00,-2.464752314941586420e+00,1.190069649294089871e-02,9.638861349067846807e-02
-8.000000000000000000e+00,-2.471735867933967157e+00,-3.260172133849232878e+00,-2.461750814191211667e+00,1.190069649294089871e-02,9.638861349067846807e-02
-8.000000000000000000e+00,-2.468734367183591960e+00,-3.260172133849232878e+00,-2.458749313440836470e+00,1.190069649294089871e-02,9.638861349067846807e-02
-8.000000000000000000e+00,-2.465732866433216763e+00,-3.260172202478121672e+00,-2.455744589170715031e+00,1.191013899153237077e-02,9.634697550305822145e-02
-8.000000000000000000e+00,-2.462731365682841567e+00,-3.260172341879497893e+00,-2.452643022585350163e+00,1.193353276193809265e-02,9.636307156559482945e-02
-8.000000000000000000e+00,-2.459729864932466370e+00,-3.260172599111272440e+00,-2.449542889873516316e+00,1.196310384733223486e-02,9.631370276355712134e-02
-8.000000000000000000e+00,-2.456728364182091173e+00,-3.260172877732111729e+00,-2.446468223495894989e+00,1.198962712913465012e-02,9.628036003220251382e-02
-8.000000000000000000e+00,-2.453726863431715977e+00,-3.260172454405580567e+00,-2.443588812040998093e+00,1.191779129240577717e-02,9.630284905492117464e-02
-8.000000000000000000e+00,-2.450725362681340780e+00,-3.260171581717147937e+00,-2.440739625790491196e+00,1.185036854808307893e-02,9.627859852757869596e-02
-8.000000000000000000e+00,-2.447723861930965583e+00,-3.260171786768868873e+00,-2.437706395639386958e+00,1.186458383954214213e-02,9.629091769278418089e-02
-8.000000000000000000e+00,-2.444722361180590386e+00,-3.260171786768868873e+00,-2.434704894889011761e+00,1.186458383954214213e-02,9.629091769278418089e-02
-8.000000000000000000e+00,-2.441720860430215190e+00,-3.260171786768868873e+00,-2.431703394138636565e+00,1.186458383954214213e-02,9.629091769278418089e-02
-8.000000000000000000e+00,-2.438719359679839993e+00,-3.260171786768868873e+00,-2.428701893388261368e+00,1.186458383954214213e-02,9.629091769278418089e-02
-8.000000000000000000e+00,-2.435717858929464796e+00,-3.260171786768868873e+00,-2.425700392637886171e+00,1.186458383954214213e-02,9.629091769278418089e-02
-8.000000000000000000e+00,-2.432716358179089600e+00,-3.260171786768868873e+00,-2.422698891887510975e+00,1.186458383954214213e-02,9.629091769278418089e-02
-8.000000000000000000e+00,-2.429714857428714403e+00,-3.260171786768868873e+00,-2.419697391137135778e+00,1.186458383954214213e-02,9.629091769278418089e-02
-8.000000000000000000e+00,-2.426713356678339206e+00,-3.260171786768868873e+00,-2.416695890386760581e+00,1.186458383954214213e-02,9.629091769278418089e-02
-8.000000000000000000e+00,-2.423711855927964010e+00,-3.260171786768868873e+00,-2.413694389636385385e+00,1.186458383954214213e-02,9.629091769278418089e-02
-8.000000000000000000e+00,-2.420710355177588813e+00,-3.260171786768868873e+00,-2.410692888886010188e+00,1.186458383954214213e-02,9.629091769278418089e-02
-8.000000000000000000e+00,-2.417708854427213616e+00,-3.260171786768868873e+00,-2.407691388135634991e+00,1.186458383954214213e-02,9.629091769278418089e-02
-8.000000000000000000e+00,-2.414707353676838419e+00,-3.260171786768868873e+00,-2.404689887385259794e+00,1.186458383954214213e-02,9.629091769278418089e-02
-8.000000000000000000e+00,-2.411705852926463223e+00,-3.260171786768868873e+00,-2.401688386634884598e+00,1.186458383954214213e-02,9.629091769278418089e-02
-8.000000000000000000e+00,-2.408704352176088026e+00,-3.260171786768868873e+00,-2.398686885884509401e+00,1.186458383954214213e-02,9.629091769278418089e-02
-8.000000000000000000e+00,-2.405702851425712829e+00,-3.260171786768868873e+00,-2.395685385134134204e+00,1.186458383954214213e-02,9.629091769278418089e-02
-8.000000000000000000e+00,-2.402701350675337633e+00,-3.260171786768868873e+00,-2.392683884383759008e+00,1.186458383954214213e-02,9.629091769278418089e-02
-8.000000000000000000e+00,-2.399699849924962436e+00,-3.260171786768868873e+00,-2.389682383633383811e+00,1.186458383954214213e-02,9.629091769278418089e-02
-8.000000000000000000e+00,-2.396698349174587239e+00,-3.260171786768868873e+00,-2.386680882883008614e+00,1.186458383954214213e-02,9.629091769278418089e-02
-8.000000000000000000e+00,-2.393696848424212043e+00,-3.260171786768868873e+00,-2.383679382132633418e+00,1.186458383954214213e-02,9.629091769278418089e-02
-8.000000000000000000e+00,-2.390695347673836846e+00,-3.260171786768868873e+00,-2.380677881382258221e+00,1.186458383954214213e-02,9.629091769278418089e-02
-8.000000000000000000e+00,-2.387693846923461649e+00,-3.260171786768868873e+00,-2.377676380631883024e+00,1.186458383954214213e-02,9.629091769278418089e-02
-8.000000000000000000e+00,-2.384692346173086452e+00,-3.260171786768868873e+00,-2.374674879881507827e+00,1.186458383954214213e-02,9.629091769278418089e-02
-8.000000000000000000e+00,-2.381690845422711256e+00,-3.260171786768868873e+00,-2.371673379131132631e+00,1.186458383954214213e-02,9.629091769278418089e-02
-8.000000000000000000e+00,-2.378689344672336059e+00,-3.260171786768868873e+00,-2.368671878380757434e+00,1.186458383954214213e-02,9.629091769278418089e-02
-8.000000000000000000e+00,-2.375687843921960862e+00,-3.260171786768868873e+00,-2.365670377630382237e+00,1.186458383954214213e-02,9.629091769278418089e-02
-8.000000000000000000e+00,-2.372686343171585666e+00,-3.260171786768868873e+00,-2.362668876880007041e+00,1.186458383954214213e-02,9.629091769278418089e-02
-8.000000000000000000e+00,-2.369684842421210469e+00,-3.260171786768868873e+00,-2.359667376129631844e+00,1.186458383954214213e-02,9.629091769278418089e-02
-8.000000000000000000e+00,-2.366683341670835272e+00,-3.260171786768868873e+00,-2.356665875379256647e+00,1.186458383954214213e-02,9.629091769278418089e-02
-8.000000000000000000e+00,-2.363681840920460075e+00,-3.260171786768868873e+00,-2.353664374628881450e+00,1.186458383954214213e-02,9.629091769278418089e-02
-8.000000000000000000e+00,-2.360680340170084879e+00,-3.260171786768868873e+00,-2.350662873878506254e+00,1.186458383954214213e-02,9.629091769278418089e-02
-8.000000000000000000e+00,-2.357678839419709682e+00,-3.260171786768868873e+00,-2.347661373128131057e+00,1.186458383954214213e-02,9.629091769278418089e-02
-8.000000000000000000e+00,-2.354677338669334929e+00,-3.260171786768868873e+00,-2.344659872377756304e+00,1.186458383954214213e-02,9.629091769278418089e-02
-8.000000000000000000e+00,-2.351675837918959289e+00,-3.260171786768868873e+00,-2.341658371627380664e+00,1.186458383954214213e-02,9.629091769278418089e-02
-8.000000000000000000e+00,-2.348674337168584536e+00,-3.260171786768868873e+00,-2.338656870877005911e+00,1.186458383954214213e-02,9.629091769278418089e-02
-8.000000000000000000e+00,-2.345672836418208895e+00,-3.260171786768868873e+00,-2.335655370126630270e+00,1.186458383954214213e-02,9.629091769278418089e-02
-8.000000000000000000e+00,-2.342671335667834143e+00,-3.260171786768868873e+00,-2.332653869376255518e+00,1.186458383954214213e-02,9.629091769278418089e-02
-8.000000000000000000e+00,-2.339669834917458502e+00,-3.260264892542884319e+00,-2.345236521191933043e+00,1.125827885071428724e-02,1.068118003327733212e-01
-8.000000000000000000e+00,-2.336668334167083749e+00,-3.260290909414091498e+00,-2.344172110171699241e+00,1.134958817668740849e-02,1.107198920486034271e-01
-8.000000000000000000e+00,-2.333666833416708108e+00,-3.260275456890095125e+00,-2.326906512643776015e+00,1.538788146201941487e-02,1.119976906769163533e-01
-8.000000000000000000e+00,-2.330665332666333356e+00,-3.260411062333532062e+00,-2.303669418207638486e+00,2.699591445869486961e-02,1.160541161229846213e-01
-8.000000000000000000e+00,-2.327663831915957715e+00,-3.260261759057066389e+00,-2.329196451404081269e+00,1.047267932722961703e-02,1.088043088395157787e-01
-8.000000000000000000e+00,-2.324662331165582962e+00,-3.260596338863172683e+00,-2.285935819907010558e+00,3.872651125857240473e-02,1.010929743527428093e-01
-8.000000000000000000e+00,-2.321660830415207766e+00,-3.260358932998690396e+00,-2.300877941384666947e+00,2.078288903054081871e-02,9.470881706925783627e-02
-8.000000000000000000e+00,-2.318659329664832569e+00,-3.260358932998690396e+00,-2.297876440634291750e+00,2.078288903054081871e-02,9.470881706925783627e-02
-8.000000000000000000e+00,-2.315657828914457372e+00,-3.260358932998690396e+00,-2.294874939883916554e+00,2.078288903054081871e-02,9.470881706925783627e-02
-8.000000000000000000e+00,-2.312656328164082176e+00,-3.260358932998690396e+00,-2.291873439133541357e+00,2.078288903054081871e-02,9.470881706925783627e-02
-8.000000000000000000e+00,-2.309654827413706979e+00,-3.260358932998690396e+00,-2.288871938383166160e+00,2.078288903054081871e-02,9.470881706925783627e-02
-8.000000000000000000e+00,-2.306653326663331782e+00,-3.260358932998690396e+00,-2.285870437632790964e+00,2.078288903054081871e-02,9.470881706925783627e-02
-8.000000000000000000e+00,-2.303651825912956586e+00,-3.260358932998690396e+00,-2.282868936882415767e+00,2.078288903054081871e-02,9.470881706925783627e-02
-8.000000000000000000e+00,-2.300650325162581389e+00,-3.260358932998690396e+00,-2.279867436132040570e+00,2.078288903054081871e-02,9.470881706925783627e-02
-8.000000000000000000e+00,-2.297648824412206192e+00,-3.260358932998690396e+00,-2.276865935381665373e+00,2.078288903054081871e-02,9.470881706925783627e-02
-8.000000000000000000e+00,-2.294647323661830995e+00,-3.260358932998690396e+00,-2.273864434631290177e+00,2.078288903054081871e-02,9.470881706925783627e-02
-8.000000000000000000e+00,-2.291645822911455799e+00,-3.260358932998690396e+00,-2.270862933880914980e+00,2.078288903054081871e-02,9.470881706925783627e-02
-8.000000000000000000e+00,-2.288644322161080602e+00,-3.260358932998690396e+00,-2.267861433130539783e+00,2.078288903054081871e-02,9.470881706925783627e-02
-8.000000000000000000e+00,-2.285642821410705405e+00,-3.260358932998690396e+00,-2.264859932380164587e+00,2.078288903054081871e-02,9.470881706925783627e-02
-8.000000000000000000e+00,-2.282641320660330209e+00,-3.260358932998690396e+00,-2.261858431629789390e+00,2.078288903054081871e-02,9.470881706925783627e-02
-8.000000000000000000e+00,-2.279639819909955012e+00,-3.260358932998690396e+00,-2.258856930879414193e+00,2.078288903054081871e-02,9.470881706925783627e-02
-8.000000000000000000e+00,-2.276638319159579815e+00,-3.260358932998690396e+00,-2.255855430129038997e+00,2.078288903054081871e-02,9.470881706925783627e-02
-8.000000000000000000e+00,-2.273636818409204619e+00,-3.260358932998690396e+00,-2.252853929378663800e+00,2.078288903054081871e-02,9.470881706925783627e-02
-8.000000000000000000e+00,-2.270635317658829422e+00,-3.260358932998690396e+00,-2.249852428628288603e+00,2.078288903054081871e-02,9.470881706925783627e-02
-8.000000000000000000e+00,-2.267633816908454225e+00,-3.260358932998690396e+00,-2.246850927877913406e+00,2.078288903054081871e-02,9.470881706925783627e-02
-8.000000000000000000e+00,-2.264632316158079028e+00,-3.260358932998690396e+00,-2.243849427127538210e+00,2.078288903054081871e-02,9.470881706925783627e-02
-8.000000000000000000e+00,-2.261630815407703832e+00,-3.260358932998690396e+00,-2.240847926377163013e+00,2.078288903054081871e-02,9.470881706925783627e-02
-8.000000000000000000e+00,-2.258629314657328635e+00,-3.260358932998690396e+00,-2.237846425626787816e+00,2.078288903054081871e-02,9.470881706925783627e-02
-8.000000000000000000e+00,-2.255627813906953438e+00,-3.260358932998690396e+00,-2.234844924876412620e+00,2.078288903054081871e-02,9.470881706925783627e-02
-8.000000000000000000e+00,-2.252626313156578242e+00,-3.260358932998690396e+00,-2.231843424126037423e+00,2.078288903054081871e-02,9.470881706925783627e-02
-8.000000000000000000e+00,-2.249624812406203045e+00,-3.260358932998690396e+00,-2.228841923375662226e+00,2.078288903054081871e-02,9.470881706925783627e-02
-8.000000000000000000e+00,-2.246623311655827848e+00,-3.260358932998690396e+00,-2.225840422625287029e+00,2.078288903054081871e-02,9.470881706925783627e-02
-8.000000000000000000e+00,-2.243621810905452651e+00,-3.260358932998690396e+00,-2.222838921874911833e+00,2.078288903054081871e-02,9.470881706925783627e-02
-8.000000000000000000e+00,-2.240620310155077455e+00,-3.260358932998690396e+00,-2.219837421124536636e+00,2.078288903054081871e-02,9.470881706925783627e-02
-8.000000000000000000e+00,-2.237618809404702258e+00,-3.260358932998690396e+00,-2.216835920374161439e+00,2.078288903054081871e-02,9.470881706925783627e-02
-8.000000000000000000e+00,-2.234617308654327061e+00,-3.260358932998690396e+00,-2.213834419623786243e+00,2.078288903054081871e-02,9.470881706925783627e-02
-8.000000000000000000e+00,-2.231615807903951865e+00,-3.260358932998690396e+00,-2.210832918873411046e+00,2.078288903054081871e-02,9.470881706925783627e-02
-8.000000000000000000e+00,-2.228614307153576668e+00,-3.260358932998690396e+00,-2.207831418123035849e+00,2.078288903054081871e-02,9.470881706925783627e-02
-8.000000000000000000e+00,-2.225612806403201471e+00,-3.260358932998690396e+00,-2.204829917372660653e+00,2.078288903054081871e-02,9.470881706925783627e-02
-8.000000000000000000e+00,-2.222611305652826275e+00,-3.260358775729939040e+00,-2.201821130193622800e+00,2.079017545920347487e-02,9.457174787479387390e-02
-8.000000000000000000e+00,-2.219609804902451078e+00,-3.260358436519253278e+00,-2.198994761884921711e+00,2.061504301752936641e-02,9.472929255680542782e-02
-8.000000000000000000e+00,-2.216608304152075881e+00,-3.260357088726332009e+00,-2.196298660525938473e+00,2.030964362613740803e-02,9.490840417987467248e-02
-8.000000000000000000e+00,-2.213606803401700684e+00,-3.260355847001956686e+00,-2.193520781367245043e+00,2.008602203445564172e-02,9.503289127687450377e-02
-8.000000000000000000e+00,-2.210605302651325488e+00,-3.260352491284578491e+00,-2.191027158782204332e+00,1.957814386912115623e-02,9.501181188253859933e-02
-8.000000000000000000e+00,-2.207603801900950735e+00,-3.260348849456545128e+00,-2.188497907694002986e+00,1.910589420694774887e-02,9.476661039066425207e-02
-8.000000000000000000e+00,-2.204602301150575094e+00,-3.260346289053039026e+00,-2.185791850939839076e+00,1.881045021073601831e-02,9.461724834052874511e-02
-8.000000000000000000e+00,-2.201600800400200342e+00,-3.260344319219020903e+00,-2.183007467629403120e+00,1.859333277079722180e-02,9.451862922278901624e-02
-8.000000000000000000e+00,-2.198599299649824701e+00,-3.260341524983614292e+00,-2.180347724533666653e+00,1.825157511615804751e-02,9.439230199130727028e-02
-8.000000000000000000e+00,-2.195597798899449948e+00,-3.260340724150303071e+00,-2.177429341573520638e+00,1.816845732592931029e-02,9.436064257213236384e-02
-8.000000000000000000e+00,-2.192596298149074308e+00,-3.260340724150303071e+00,-2.174427840823144997e+00,1.816845732592931029e-02,9.436064257213236384e-02
-8.000000000000000000e+00,-2.189594797398699555e+00,-3.260340724150303071e+00,-2.171426340072770245e+00,1.816845732592931029e-02,9.436064257213236384e-02
-8.000000000000000000e+00,-2.186593296648323914e+00,-3.260340724150303071e+00,-2.168424839322394604e+00,1.816845732592931029e-02,9.436064257213236384e-02
-8.000000000000000000e+00,-2.183591795897949162e+00,-3.260340724150303071e+00,-2.165423338572019851e+00,1.816845732592931029e-02,9.436064257213236384e-02
-8.000000000000000000e+00,-2.180590295147573521e+00,-3.260340724150303071e+00,-2.162421837821644210e+00,1.816845732592931029e-02,9.436064257213236384e-02
-8.000000000000000000e+00,-2.177588794397198768e+00,-3.260340724150303071e+00,-2.159420337071269458e+00,1.816845732592931029e-02,9.436064257213236384e-02
-8.000000000000000000e+00,-2.174587293646823571e+00,-3.260340724150303071e+00,-2.156418836320894261e+00,1.816845732592931029e-02,9.436064257213236384e-02
-8.000000000000000000e+00,-2.171585792896448375e+00,-3.260340724150303071e+00,-2.153417335570519064e+00,1.816845732592931029e-02,9.436064257213236384e-02
-8.000000000000000000e+00,-2.168584292146073178e+00,-3.260340724150303071e+00,-2.150415834820143868e+00,1.816845732592931029e-02,9.436064257213236384e-02
-8.000000000000000000e+00,-2.165582791395697981e+00,-3.260340724150303071e+00,-2.147414334069768671e+00,1.816845732592931029e-02,9.436064257213236384e-02
-8.000000000000000000e+00,-2.162581290645322785e+00,-3.260340724150303071e+00,-2.144412833319393474e+00,1.816845732592931029e-02,9.436064257213236384e-02
-8.000000000000000000e+00,-2.159579789894947588e+00,-3.260340724150303071e+00,-2.141411332569018278e+00,1.816845732592931029e-02,9.436064257213236384e-02
-8.000000000000000000e+00,-2.156578289144572391e+00,-3.260340724150303071e+00,-2.138409831818643081e+00,1.816845732592931029e-02,9.436064257213236384e-02
-8.000000000000000000e+00,-2.153576788394197195e+00,-3.260340724150303071e+00,-2.135408331068267884e+00,1.816845732592931029e-02,9.436064257213236384e-02
-8.000000000000000000e+00,-2.150575287643821998e+00,-3.260340724150303071e+00,-2.132406830317892688e+00,1.816845732592931029e-02,9.436064257213236384e-02
-8.000000000000000000e+00,-2.147573786893446801e+00,-3.260340724150303071e+00,-2.129405329567517491e+00,1.816845732592931029e-02,9.436064257213236384e-02
-8.000000000000000000e+00,-2.144572286143071604e+00,-3.260340724150303071e+00,-2.126403828817142294e+00,1.816845732592931029e-02,9.436064257213236384e-02
-8.000000000000000000e+00,-2.141570785392696408e+00,-3.260340724150303071e+00,-2.123402328066767097e+00,1.816845732592931029e-02,9.436064257213236384e-02
-8.000000000000000000e+00,-2.138569284642321211e+00,-3.260340724150303071e+00,-2.120400827316391901e+00,1.816845732592931029e-02,9.436064257213236384e-02
-8.000000000000000000e+00,-2.135567783891946014e+00,-3.260340724150303071e+00,-2.117399326566016704e+00,1.816845732592931029e-02,9.436064257213236384e-02
-8.000000000000000000e+00,-2.132566283141570818e+00,-3.260340724150303071e+00,-2.114397825815641507e+00,1.816845732592931029e-02,9.436064257213236384e-02
-8.000000000000000000e+00,-2.129564782391195621e+00,-3.260340724150303071e+00,-2.111396325065266311e+00,1.816845732592931029e-02,9.436064257213236384e-02
-8.000000000000000000e+00,-2.126563281640820424e+00,-3.260340724150303071e+00,-2.108394824314891114e+00,1.816845732592931029e-02,9.436064257213236384e-02
-8.000000000000000000e+00,-2.123561780890445227e+00,-3.260340724150303071e+00,-2.105393323564515917e+00,1.816845732592931029e-02,9.436064257213236384e-02
-8.000000000000000000e+00,-2.120560280140070031e+00,-3.260340724150303071e+00,-2.102391822814140721e+00,1.816845732592931029e-02,9.436064257213236384e-02
-8.000000000000000000e+00,-2.117558779389694834e+00,-3.260340724150303071e+00,-2.099390322063765524e+00,1.816845732592931029e-02,9.436064257213236384e-02
-8.000000000000000000e+00,-2.114557278639319637e+00,-3.260340724150303071e+00,-2.096388821313390327e+00,1.816845732592931029e-02,9.436064257213236384e-02
-8.000000000000000000e+00,-2.111555777888944441e+00,-3.260340724150303071e+00,-2.093387320563015130e+00,1.816845732592931029e-02,9.436064257213236384e-02
-8.000000000000000000e+00,-2.108554277138569244e+00,-3.260340724150303071e+00,-2.090385819812639934e+00,1.816845732592931029e-02,9.436064257213236384e-02
-8.000000000000000000e+00,-2.105552776388194047e+00,-3.260340724150303071e+00,-2.087384319062264737e+00,1.816845732592931029e-02,9.436064257213236384e-02
-8.000000000000000000e+00,-2.102551275637818851e+00,-3.260340724150303071e+00,-2.084382818311889540e+00,1.816845732592931029e-02,9.436064257213236384e-02
-8.000000000000000000e+00,-2.099549774887443654e+00,-3.260340724150303071e+00,-2.081381317561514344e+00,1.816845732592931029e-02,9.436064257213236384e-02
-8.000000000000000000e+00,-2.096548274137068457e+00,-3.260340724150303071e+00,-2.078379816811139147e+00,1.816845732592931029e-02,9.436064257213236384e-02
-8.000000000000000000e+00,-2.093546773386693260e+00,-3.260456360546512222e+00,-2.063087566168854359e+00,3.045920721783890173e-02,1.084267346436128265e-01
-8.000000000000000000e+00,-2.090545272636318064e+00,-3.260483815631208149e+00,-2.057694332053427555e+00,3.285094058289050878e-02,1.069870397911046045e-01
-8.000000000000000000e+00,-2.087543771885942867e+00,-3.260503299661120291e+00,-2.053246585973460991e+00,3.429718591248187565e-02,1.063858607475219736e-01
-8.000000000000000000e+00,-2.084542271135567670e+00,-3.260542670812088595e+00,-2.047675917498523734e+00,3.686635363704393598e-02,1.063494122398612046e-01
-8.000000000000000000e+00,-2.081540770385192474e+00,-3.260586850004429049e+00,-2.042156517440203878e+00,3.938425294498859586e-02,1.076141889023403547e-01
-8.000000000000000000e+00,-2.078539269634817277e+00,-3.260801793215420741e+00,-2.025282663747261402e+00,5.325660588755587455e-02,1.090454280845682966e-01
-8.000000000000000000e+00,-2.075537768884442080e+00,-3.260868745106496380e+00,-2.018420443741652637e+00,5.711732514278944350e-02,1.091969953225486734e-01
-8.000000000000000000e+00,-2.072536268134066884e+00,-3.260415955714924596e+00,-2.041045251552416673e+00,3.149101658165021078e-02,1.001365486497559076e-01
-8.000000000000000000e+00,-2.069534767383691687e+00,-3.260415955714924596e+00,-2.038043750802041476e+00,3.149101658165021078e-02,1.001365486497559076e-01
-8.000000000000000000e+00,-2.066533266633316934e+00,-3.260415955714924596e+00,-2.035042250051666723e+00,3.149101658165021078e-02,1.001365486497559076e-01
-8.000000000000000000e+00,-2.063531765882941293e+00,-3.260415955714924596e+00,-2.032040749301291083e+00,3.149101658165021078e-02,1.001365486497559076e-01
-8.000000000000000000e+00,-2.060530265132566541e+00,-3.260415955714924596e+00,-2.029039248550916330e+00,3.149101658165021078e-02,1.001365486497559076e-01
-8.000000000000000000e+00,-2.057528764382190900e+00,-3.260415955714924596e+00,-2.026037747800540689e+00,3.149101658165021078e-02,1.001365486497559076e-01
-8.000000000000000000e+00,-2.054527263631816147e+00,-3.260415955714924596e+00,-2.023036247050165937e+00,3.149101658165021078e-02,1.001365486497559076e-01
-8.000000000000000000e+00,-2.051525762881440507e+00,-3.260415955714924596e+00,-2.020034746299790296e+00,3.149101658165021078e-02,1.001365486497559076e-01
-8.000000000000000000e+00,-2.048524262131065754e+00,-3.260415955714924596e+00,-2.017033245549415543e+00,3.149101658165021078e-02,1.001365486497559076e-01
-8.000000000000000000e+00,-2.045522761380690113e+00,-3.260415955714924596e+00,-2.014031744799039902e+00,3.149101658165021078e-02,1.001365486497559076e-01
-8.000000000000000000e+00,-2.042521260630315361e+00,-3.260415955714924596e+00,-2.011030244048665150e+00,3.149101658165021078e-02,1.001365486497559076e-01
-8.000000000000000000e+00,-2.039519759879939720e+00,-3.260415955714924596e+00,-2.008028743298289509e+00,3.149101658165021078e-02,1.001365486497559076e-01
-8.000000000000000000e+00,-2.036518259129564967e+00,-3.260415955714924596e+00,-2.005027242547914756e+00,3.149101658165021078e-02,1.001365486497559076e-01
-8.000000000000000000e+00,-2.033516758379189326e+00,-3.260415955714924596e+00,-2.002025741797539116e+00,3.149101658165021078e-02,1.001365486497559076e-01
-8.000000000000000000e+00,-2.030515257628814574e+00,-3.260415955714924596e+00,-1.999024241047164585e+00,3.149101658164998874e-02,1.001365486497559076e-01
-8.000000000000000000e+00,-2.027513756878439377e+00,-3.260415955714924596e+00,-1.996022740296789388e+00,3.149101658164998874e-02,1.001365486497559076e-01
-8.000000000000000000e+00,-2.024512256128064180e+00,-3.260415955714924596e+00,-1.993021239546414414e+00,3.149101658164976669e-02,1.001365486497559076e-01
-8.000000000000000000e+00,-2.021510755377688984e+00,-3.260415955714924596e+00,-1.990019738796039217e+00,3.149101658164976669e-02,1.001365486497559076e-01
-8.000000000000000000e+00,-2.018509254627313787e+00,-3.260415955714924596e+00,-1.987018238045664242e+00,3.149101658164954465e-02,1.001365486497559076e-01
-8.000000000000000000e+00,-2.015507753876938590e+00,-3.260415955714924596e+00,-1.984016737295288824e+00,3.149101658164976669e-02,1.001365486497559076e-01
-8.000000000000000000e+00,-2.012506253126563394e+00,-3.260415955714924596e+00,-1.981015236544913627e+00,3.149101658164976669e-02,1.001365486497559076e-01
-8.000000000000000000e+00,-2.009504752376188197e+00,-3.260415955714924596e+00,-1.978013735794538208e+00,3.149101658164998874e-02,1.001365486497559076e-01
-8.000000000000000000e+00,-2.006503251625813000e+00,-3.260415955714924596e+00,-1.975012235044163234e+00,3.149101658164976669e-02,1.001365486497559076e-01
-8.000000000000000000e+00,-2.003501750875437804e+00,-3.260415955714924596e+00,-1.972010734293788259e+00,3.149101658164954465e-02,1.001365486497559076e-01
-8.000000000000000000e+00,-2.000500250125062607e+00,-3.260415955714924596e+00,-1.969009233543413062e+00,3.149101658164954465e-02,1.001365486497559076e-01
-8.000000000000000000e+00,-1.997498749374687410e+00,-3.260415955714924596e+00,-1.966007732793037865e+00,3.149101658164954465e-02,1.001365486497559076e-01
-8.000000000000000000e+00,-1.994497248624312213e+00,-3.260415955714924596e+00,-1.963006232042663113e+00,3.149101658164910056e-02,1.001365486497559076e-01
-8.000000000000000000e+00,-1.991495747873937017e+00,-3.260415955714924596e+00,-1.960004731292287916e+00,3.149101658164910056e-02,1.001365486497559076e-01
-8.000000000000000000e+00,-1.988494247123561820e+00,-3.260415955714924596e+00,-1.957003230541912719e+00,3.149101658164910056e-02,1.001365486497559076e-01
-8.000000000000000000e+00,-1.985492746373186623e+00,-3.260415955714924596e+00,-1.954001729791537523e+00,3.149101658164910056e-02,1.001365486497559076e-01
-8.000000000000000000e+00,-1.982491245622811427e+00,-3.260415864187021118e+00,-1.951004503632857379e+00,3.148674198995404794e-02,1.002078081745158000e-01
-8.000000000000000000e+00,-1.979489744872436230e+00,-3.260415237679828326e+00,-1.948030596815870874e+00,3.145914805656535584e-02,1.003904873453392854e-01
-8.000000000000000000e+00,-1.976488244122061033e+00,-3.260413424072131416e+00,-1.945104984002047566e+00,3.138326012001346754e-02,1.006701724905563339e-01
-8.000000000000000000e+00,-1.973486743371685836e+00,-3.260410976154847873e+00,-1.942204068564354236e+00,3.128267480733160077e-02,1.004080204788524444e-01
-8.000000000000000000e+00,-1.970485242621310640e+00,-3.260410959287169952e+00,-1.939223360669701801e+00,3.126188195160883865e-02,1.004677529531783353e-01
-8.000000000000000000e+00,-1.967483741870935443e+00,-3.260408855180613408e+00,-1.936422429500330056e+00,3.106131237060538730e-02,1.006020753175745630e-01
-8.000000000000000000e+00,-1.964482241120560246e+00,-3.260404975493326862e+00,-1.933760590198816853e+00,3.072165092174339307e-02,1.008111894835443806e-01
-8.000000000000000000e+00,-1.961480740370185050e+00,-3.260402589997201783e+00,-1.930954829629702774e+00,3.052591074048227604e-02,1.009254024096255808e-01
-8.000000000000000000e+00,-1.958479239619809853e+00,-3.260396768883814467e+00,-1.928405172314091809e+00,3.007406730571804410e-02,1.007229776651769604e-01
-8.000000000000000000e+00,-1.955477738869434656e+00,-3.260390243892529405e+00,-1.925881531919626299e+00,2.959620694980835687e-02,1.004538056943882485e-01
-8.000000000000000000e+00,-1.952476238119059460e+00,-3.260386903791171687e+00,-1.923123653619208007e+00,2.935258449985145290e-02,1.003370500989319708e-01
-8.000000000000000000e+00,-1.949474737368684263e+00,-3.260386494292237369e+00,-1.920168233611656117e+00,2.930650375702814614e-02,1.003387774233860108e-01
-8.000000000000000000e+00,-1.946473236618309066e+00,-3.260388703994775206e+00,-1.917011382453178703e+00,2.946185416513036337e-02,1.004072024052785617e-01
-8.000000000000000000e+00,-1.943471735867933869e+00,-3.260388703994775206e+00,-1.914009881702803506e+00,2.946185416513036337e-02,1.004072024052785617e-01
-8.000000000000000000e+00,-1.940470235117558673e+00,-3.260388703994775206e+00,-1.911008380952428309e+00,2.946185416513036337e-02,1.004072024052785617e-01
-8.000000000000000000e+00,-1.937468734367183698e+00,-3.260388703994775206e+00,-1.908006880202053335e+00,2.946185416513036337e-02,1.004072024052785617e-01
-8.000000000000000000e+00,-1.934467233616808501e+00,-3.260388703994775206e+00,-1.905005379451678138e+00,2.946185416513036337e-02,1.004072024052785617e-01
-8.000000000000000000e+00,-1.931465732866433305e+00,-3.260388703994775206e+00,-1.902003878701302941e+00,2.946185416513036337e-02,1.004072024052785617e-01
-8.000000000000000000e+00,-1.928464232116058108e+00,-3.260388703994775206e+00,-1.899002377950927745e+00,2.946185416513036337e-02,1.004072024052785617e-01
-8.000000000000000000e+00,-1.925462731365682911e+00,-3.260388703994775206e+00,-1.896000877200552548e+00,2.946185416513036337e-02,1.004072024052785617e-01
-8.000000000000000000e+00,-1.922461230615307715e+00,-3.260388703994775206e+00,-1.892999376450177351e+00,2.946185416513036337e-02,1.004072024052785617e-01
-8.000000000000000000e+00,-1.919459729864932518e+00,-3.260388703994775206e+00,-1.889997875699802155e+00,2.946185416513036337e-02,1.004072024052785617e-01
-8.000000000000000000e+00,-1.916458229114557321e+00,-3.260388703994775206e+00,-1.886996374949426958e+00,2.946185416513036337e-02,1.004072024052785617e-01
-8.000000000000000000e+00,-1.913456728364182124e+00,-3.260388703994775206e+00,-1.883994874199051761e+00,2.946185416513036337e-02,1.004072024052785617e-01
-8.000000000000000000e+00,-1.910455227613806928e+00,-3.260388703994775206e+00,-1.880993373448676564e+00,2.946185416513036337e-02,1.004072024052785617e-01
-8.000000000000000000e+00,-1.907453726863431731e+00,-3.260388703994775206e+00,-1.877991872698301368e+00,2.946185416513036337e-02,1.004072024052785617e-01
-8.000000000000000000e+00,-1.904452226113056534e+00,-3.260388703994775206e+00,-1.874990371947926171e+00,2.946185416513036337e-02,1.004072024052785617e-01
-8.000000000000000000e+00,-1.901450725362681338e+00,-3.260388703994775206e+00,-1.871988871197550974e+00,2.946185416513036337e-02,1.004072024052785617e-01
-8.000000000000000000e+00,-1.898449224612306141e+00,-3.260388703994775206e+00,-1.868987370447175778e+00,2.946185416513036337e-02,1.004072024052785617e-01
-8.000000000000000000e+00,-1.895447723861930944e+00,-3.260388703994775206e+00,-1.865985869696800581e+00,2.946185416513036337e-02,1.004072024052785617e-01
-8.000000000000000000e+00,-1.892446223111555748e+00,-3.260388703994775206e+00,-1.862984368946425384e+00,2.946185416513036337e-02,1.004072024052785617e-01
-8.000000000000000000e+00,-1.889444722361180551e+00,-3.260388703994775206e+00,-1.859982868196050187e+00,2.946185416513036337e-02,1.004072024052785617e-01
-8.000000000000000000e+00,-1.886443221610805354e+00,-3.260388703994775206e+00,-1.856981367445674991e+00,2.946185416513036337e-02,1.004072024052785617e-01
-8.000000000000000000e+00,-1.883441720860430157e+00,-3.260388703994775206e+00,-1.853979866695299794e+00,2.946185416513036337e-02,1.004072024052785617e-01
-8.000000000000000000e+00,-1.880440220110054961e+00,-3.260388703994775206e+00,-1.850978365944924597e+00,2.946185416513036337e-02,1.004072024052785617e-01
-8.000000000000000000e+00,-1.877438719359679764e+00,-3.260388703994775206e+00,-1.847976865194549401e+00,2.946185416513036337e-02,1.004072024052785617e-01
-8.000000000000000000e+00,-1.874437218609304567e+00,-3.260388703994775206e+00,-1.844975364444174204e+00,2.946185416513036337e-02,1.004072024052785617e-01
-8.000000000000000000e+00,-1.871435717858929371e+00,-3.260388703994775206e+00,-1.841973863693799007e+00,2.946185416513036337e-02,1.004072024052785617e-01
-8.000000000000000000e+00,-1.868434217108554174e+00,-3.260388703994775206e+00,-1.838972362943423811e+00,2.946185416513036337e-02,1.004072024052785617e-01
-8.000000000000000000e+00,-1.865432716358179199e+00,-3.260388703994775206e+00,-1.835970862193048836e+00,2.946185416513036337e-02,1.004072024052785617e-01
-8.000000000000000000e+00,-1.862431215607804003e+00,-3.260388703994775206e+00,-1.832969361442673639e+00,2.946185416513036337e-02,1.004072024052785617e-01
-8.000000000000000000e+00,-1.859429714857428806e+00,-3.260388703994775206e+00,-1.829967860692298443e+00,2.946185416513036337e-02,1.004072024052785617e-01
-8.000000000000000000e+00,-1.856428214107053609e+00,-3.260388703994775206e+00,-1.826966359941923246e+00,2.946185416513036337e-02,1.004072024052785617e-01
-8.000000000000000000e+00,-1.853426713356678412e+00,-3.260383067501395615e+00,-1.824255843101327823e+00,2.917087025535058942e-02,1.027556586332722677e-01
-8.000000000000000000e+00,-1.850425212606303216e+00,-3.260366482817961931e+00,-1.822162101227385200e+00,2.826311137891801550e-02,1.071513584534989488e-01
-8.000000000000000000e+00,-1.847423711855928019e+00,-3.260340480985936207e+00,-1.820656246169444659e+00,2.676746568648336044e-02,1.064736370744290561e-01
-8.000000000000000000e+00,-1.844422211105552822e+00,-3.260291000908685621e+00,-1.822171315837508798e+00,2.225089526804402418e-02,9.948541537820917990e-02
-8.000000000000000000e+00,-1.841420710355177626e+00,-3.260683928539964693e+00,-1.792757168431575288e+00,4.866354192360233810e-02,9.789989039874208432e-02
-8.000000000000000000e+00,-1.838419209604802429e+00,-3.260917716621051898e+00,-1.780592134295815754e+00,5.782707530898667514e-02,9.420275208876581485e-02
-8.000000000000000000e+00,-1.835417708854427232e+00,-3.260976352434710179e+00,-1.775571829911205768e+00,5.984587894322146440e-02,9.494667205956819345e-02
-8.000000000000000000e+00,-1.832416208104052036e+00,-3.261125886707028965e+00,-1.767739345413817276e+00,6.467686269023475987e-02,9.764574860131196299e-02
-8.000000000000000000e+00,-1.829414707353676839e+00,-3.260965575303831354e+00,-1.769959409901469716e+00,5.945529745220712314e-02,9.486003752968810709e-02
-8.000000000000000000e+00,-1.826413206603301642e+00,-3.260200737379393310e+00,-1.799027657969062055e+00,2.738554863423958707e-02,8.110795369610440675e-02
-8.000000000000000000e+00,-1.823411705852926445e+00,-3.260200737379393310e+00,-1.796026157218686858e+00,2.738554863423958707e-02,8.110795369610440675e-02
-8.000000000000000000e+00,-1.820410205102551249e+00,-3.260200737379393310e+00,-1.793024656468311662e+00,2.738554863423958707e-02,8.110795369610440675e-02
-8.000000000000000000e+00,-1.817408704352176052e+00,-3.260200737379393310e+00,-1.790023155717936465e+00,2.738554863423958707e-02,8.110795369610440675e-02
-8.000000000000000000e+00,-1.814407203601800855e+00,-3.260200737379393310e+00,-1.787021654967561268e+00,2.738554863423958707e-02,8.110795369610440675e-02
-8.000000000000000000e+00,-1.811405702851425659e+00,-3.260200737379393310e+00,-1.784020154217186072e+00,2.738554863423958707e-02,8.110795369610440675e-02
-8.000000000000000000e+00,-1.808404202101050462e+00,-3.260200737379393310e+00,-1.781018653466810875e+00,2.738554863423958707e-02,8.110795369610440675e-02
-8.000000000000000000e+00,-1.805402701350675265e+00,-3.260200737379393310e+00,-1.778017152716435678e+00,2.738554863423958707e-02,8.110795369610440675e-02
-8.000000000000000000e+00,-1.802401200600300069e+00,-3.260200737379393310e+00,-1.775015651966060481e+00,2.738554863423958707e-02,8.110795369610440675e-02
-8.000000000000000000e+00,-1.799399699849924872e+00,-3.260200737379393310e+00,-1.772014151215685285e+00,2.738554863423958707e-02,8.110795369610440675e-02
-8.000000000000000000e+00,-1.796398199099549675e+00,-3.260200737379393310e+00,-1.769012650465310088e+00,2.738554863423958707e-02,8.110795369610440675e-02
-8.000000000000000000e+00,-1.793396698349174478e+00,-3.260200737379393310e+00,-1.766011149714934891e+00,2.738554863423958707e-02,8.110795369610440675e-02
-8.000000000000000000e+00,-1.790395197598799504e+00,-3.260200737379393310e+00,-1.763009648964559917e+00,2.738554863423958707e-02,8.110795369610440675e-02
-8.000000000000000000e+00,-1.787393696848424307e+00,-3.260200737379393310e+00,-1.760008148214184720e+00,2.738554863423958707e-02,8.110795369610440675e-02
-8.000000000000000000e+00,-1.784392196098049110e+00,-3.260200737379393310e+00,-1.757006647463809523e+00,2.738554863423958707e-02,8.110795369610440675e-02
-8.000000000000000000e+00,-1.781390695347673914e+00,-3.260200737379393310e+00,-1.754005146713434327e+00,2.738554863423958707e-02,8.110795369610440675e-02
-8.000000000000000000e+00,-1.778389194597298717e+00,-3.260200737379393310e+00,-1.751003645963059130e+00,2.738554863423958707e-02,8.110795369610440675e-02
-8.000000000000000000e+00,-1.775387693846923520e+00,-3.260200737379393310e+00,-1.748002145212683933e+00,2.738554863423958707e-02,8.110795369610440675e-02
-8.000000000000000000e+00,-1.772386193096548324e+00,-3.260200737379393310e+00,-1.745000644462308736e+00,2.738554863423958707e-02,8.110795369610440675e-02
-8.000000000000000000e+00,-1.769384692346173127e+00,-3.260200737379393310e+00,-1.741999143711933540e+00,2.738554863423958707e-02,8.110795369610440675e-02
-8.000000000000000000e+00,-1.766383191595797930e+00,-3.260200737379393310e+00,-1.738997642961558343e+00,2.738554863423958707e-02,8.110795369610440675e-02
-8.000000000000000000e+00,-1.763381690845422733e+00,-3.260200737379393310e+00,-1.735996142211183146e+00,2.738554863423958707e-02,8.110795369610440675e-02
-8.000000000000000000e+00,-1.760380190095047537e+00,-3.260200737379393310e+00,-1.732994641460807950e+00,2.738554863423958707e-02,8.110795369610440675e-02
-8.000000000000000000e+00,-1.757378689344672340e+00,-3.260200737379393310e+00,-1.729993140710432753e+00,2.738554863423958707e-02,8.110795369610440675e-02
-8.000000000000000000e+00,-1.754377188594297143e+00,-3.260200737379393310e+00,-1.726991639960057556e+00,2.738554863423958707e-02,8.110795369610440675e-02
-8.000000000000000000e+00,-1.751375687843921947e+00,-3.260200737379393310e+00,-1.723990139209682360e+00,2.738554863423958707e-02,8.110795369610440675e-02
-8.000000000000000000e+00,-1.748374187093546750e+00,-3.260200737379393310e+00,-1.720988638459307163e+00,2.738554863423958707e-02,8.110795369610440675e-02
-8.000000000000000000e+00,-1.745372686343171553e+00,-3.260200737379393310e+00,-1.717987137708931966e+00,2.738554863423958707e-02,8.110795369610440675e-02
-8.000000000000000000e+00,-1.742371185592796357e+00,-3.260200737379393310e+00,-1.714985636958556769e+00,2.738554863423958707e-02,8.110795369610440675e-02
-8.000000000000000000e+00,-1.739369684842421160e+00,-3.260200737379393310e+00,-1.711984136208181573e+00,2.738554863423958707e-02,8.110795369610440675e-02
-8.000000000000000000e+00,-1.736368184092045963e+00,-3.260200737379393310e+00,-1.708982635457806376e+00,2.738554863423958707e-02,8.110795369610440675e-02
-8.000000000000000000e+00,-1.733366683341670766e+00,-3.260200737379393310e+00,-1.705981134707431179e+00,2.738554863423958707e-02,8.110795369610440675e-02
-8.000000000000000000e+00,-1.730365182591295570e+00,-3.260200737379393310e+00,-1.702979633957055983e+00,2.738554863423958707e-02,8.110795369610440675e-02
-8.000000000000000000e+00,-1.727363681840920373e+00,-3.260200771682830734e+00,-1.699975413151630921e+00,2.738826868928945224e-02,8.106261584035802381e-02
-8.000000000000000000e+00,-1.724362181090545176e+00,-3.260200943047978583e+00,-1.696962128665650216e+00,2.740005242489496062e-02,8.098583991544303085e-02
-8.000000000000000000e+00,-1.721360680340169980e+00,-3.260200639701633651e+00,-1.693977670758403553e+00,2.738300958176642652e-02,8.104863225411673699e-02
-8.000000000000000000e+00,-1.718359179589795005e+00,-3.260200086816952947e+00,-1.691003313755724546e+00,2.735586583407045858e-02,8.097865969179750267e-02
-8.000000000000000000e+00,-1.715357678839419808e+00,-3.260199604781089278e+00,-1.688025117195839364e+00,2.733256164358044416e-02,8.093503210382954616e-02
-8.000000000000000000e+00,-1.712356178089044612e+00,-3.260199841810302868e+00,-1.685026847947276751e+00,2.732933014176786024e-02,8.101393255937054672e-02
-8.000000000000000000e+00,-1.709354677338669415e+00,-3.260200395339420520e+00,-1.681976783451713198e+00,2.737789388695621717e-02,8.104264769459561257e-02
-8.000000000000000000e+00,-1.706353176588294218e+00,-3.260204135702807093e+00,-1.678641544236047833e+00,2.771163235224638477e-02,8.113172017887659848e-02
-8.000000000000000000e+00,-1.703351675837919021e+00,-3.260205747810264398e+00,-1.675489357720384653e+00,2.786231811753436816e-02,8.106193062129145310e-02
-8.000000000000000000e+00,-1.700350175087543825e+00,-3.260205889830374737e+00,-1.672485402399527255e+00,2.786477268801657026e-02,8.107562191737728574e-02
-8.000000000000000000e+00,-1.697348674337168628e+00,-3.260205889830374737e+00,-1.669483901649152058e+00,2.786477268801657026e-02,8.107562191737728574e-02
-8.000000000000000000e+00,-1.694347173586793431e+00,-3.260205889830374737e+00,-1.666482400898776861e+00,2.786477268801657026e-02,8.107562191737728574e-02
-8.000000000000000000e+00,-1.691345672836418235e+00,-3.260205889830374737e+00,-1.663480900148401664e+00,2.786477268801657026e-02,8.107562191737728574e-02
-8.000000000000000000e+00,-1.688344172086043038e+00,-3.260205889830374737e+00,-1.660479399398026468e+00,2.786477268801657026e-02,8.107562191737728574e-02
-8.000000000000000000e+00,-1.685342671335667841e+00,-3.260205889830374737e+00,-1.657477898647651271e+00,2.786477268801657026e-02,8.107562191737728574e-02
-8.000000000000000000e+00,-1.682341170585292645e+00,-3.260205889830374737e+00,-1.654476397897276074e+00,2.786477268801657026e-02,8.107562191737728574e-02
-8.000000000000000000e+00,-1.679339669834917448e+00,-3.260205889830374737e+00,-1.651474897146900878e+00,2.786477268801657026e-02,8.107562191737728574e-02
-8.000000000000000000e+00,-1.676338169084542251e+00,-3.260205889830374737e+00,-1.648473396396525681e+00,2.786477268801657026e-02,8.107562191737728574e-02
-8.000000000000000000e+00,-1.673336668334167054e+00,-3.260205889830374737e+00,-1.645471895646150484e+00,2.786477268801657026e-02,8.107562191737728574e-02
-8.000000000000000000e+00,-1.670335167583791858e+00,-3.260205889830374737e+00,-1.642470394895775287e+00,2.786477268801657026e-02,8.107562191737728574e-02
-8.000000000000000000e+00,-1.667333666833416661e+00,-3.260205889830374737e+00,-1.639468894145400091e+00,2.786477268801657026e-02,8.107562191737728574e-02
-8.000000000000000000e+00,-1.664332166083041464e+00,-3.260205889830374737e+00,-1.636467393395024894e+00,2.786477268801657026e-02,8.107562191737728574e-02
-8.000000000000000000e+00,-1.661330665332666268e+00,-3.260205889830374737e+00,-1.633465892644649697e+00,2.786477268801657026e-02,8.107562191737728574e-02
-8.000000000000000000e+00,-1.658329164582291071e+00,-3.260205889830374737e+00,-1.630464391894274501e+00,2.786477268801657026e-02,8.107562191737728574e-02
-8.000000000000000000e+00,-1.655327663831915874e+00,-3.260205889830374737e+00,-1.627462891143899304e+00,2.786477268801657026e-02,8.107562191737728574e-02
-8.000000000000000000e+00,-1.652326163081540678e+00,-3.260205889830374737e+00,-1.624461390393524107e+00,2.786477268801657026e-02,8.107562191737728574e-02
-8.000000000000000000e+00,-1.649324662331165481e+00,-3.260205889830374737e+00,-1.621459889643148911e+00,2.786477268801657026e-02,8.107562191737728574e-02
-8.000000000000000000e+00,-1.646323161580790284e+00,-3.260205889830374737e+00,-1.618458388892773714e+00,2.786477268801657026e-02,8.107562191737728574e-02
-8.000000000000000000e+00,-1.643321660830415309e+00,-3.260205889830374737e+00,-1.615456888142398739e+00,2.786477268801657026e-02,8.107562191737728574e-02
-8.000000000000000000e+00,-1.640320160080040113e+00,-3.260205889830374737e+00,-1.612455387392023543e+00,2.786477268801657026e-02,8.107562191737728574e-02
-8.000000000000000000e+00,-1.637318659329664916e+00,-3.260205889830374737e+00,-1.609453886641648346e+00,2.786477268801657026e-02,8.107562191737728574e-02
-8.000000000000000000e+00,-1.634317158579289719e+00,-3.260205889830374737e+00,-1.606452385891273149e+00,2.786477268801657026e-02,8.107562191737728574e-02
-8.000000000000000000e+00,-1.631315657828914523e+00,-3.260205889830374737e+00,-1.603450885140897952e+00,2.786477268801657026e-02,8.107562191737728574e-02
-8.000000000000000000e+00,-1.628314157078539326e+00,-3.260205889830374737e+00,-1.600449384390522756e+00,2.786477268801657026e-02,8.107562191737728574e-02
-8.000000000000000000e+00,-1.625312656328164129e+00,-3.260205889830374737e+00,-1.597447883640147559e+00,2.786477268801657026e-02,8.107562191737728574e-02
-8.000000000000000000e+00,-1.622311155577788933e+00,-3.260205889830374737e+00,-1.594446382889772362e+00,2.786477268801657026e-02,8.107562191737728574e-02
-8.000000000000000000e+00,-1.619309654827413736e+00,-3.260205889830374737e+00,-1.591444882139397166e+00,2.786477268801657026e-02,8.107562191737728574e-02
-8.000000000000000000e+00,-1.616308154077038539e+00,-3.260205889830374737e+00,-1.588443381389021969e+00,2.786477268801657026e-02,8.107562191737728574e-02
-8.000000000000000000e+00,-1.613306653326663342e+00,-3.260205889830374737e+00,-1.585441880638646772e+00,2.786477268801657026e-02,8.107562191737728574e-02
-8.000000000000000000e+00,-1.610305152576288146e+00,-3.260205889830374737e+00,-1.582440379888271575e+00,2.786477268801657026e-02,8.107562191737728574e-02
-8.000000000000000000e+00,-1.607303651825912949e+00,-3.260205889830374737e+00,-1.579438879137896379e+00,2.786477268801657026e-02,8.107562191737728574e-02
-8.000000000000000000e+00,-1.604302151075537752e+00,-3.260205889830374737e+00,-1.576437378387521182e+00,2.786477268801657026e-02,8.107562191737728574e-02
-8.000000000000000000e+00,-1.601300650325162556e+00,-3.260209032277765484e+00,-1.573221139975007565e+00,2.807951035015499031e-02,8.131957752641499892e-02
-8.000000000000000000e+00,-1.598299149574787359e+00,-3.260231503416891830e+00,-1.569070347832213219e+00,2.922880174257413977e-02,7.472094703314785535e-02
-8.000000000000000000e+00,-1.595297648824412162e+00,-3.260217071099253516e+00,-1.566676549137249408e+00,2.862109968716275432e-02,7.074319797588327075e-02
-8.000000000000000000e+00,-1.592296148074036966e+00,-3.260161541664800211e+00,-1.566488613208432801e+00,2.580753486560416476e-02,6.616876407649630032e-02
-8.000000000000000000e+00,-1.589294647323661769e+00,-3.260080177038326532e+00,-1.570574753758400277e+00,1.871989356526149173e-02,5.525524489675311818e-02
-8.000000000000000000e+00,-1.586293146573286572e+00,-3.260613325950715957e+00,-1.535597467976528296e+00,5.069567859675827570e-02,5.298162465872306021e-02
-8.000000000000000000e+00,-1.583291645822911375e+00,-3.260882890589843264e+00,-1.523618901098680700e+00,5.967274472423067522e-02,5.917296494358000036e-02
-8.000000000000000000e+00,-1.580290145072536179e+00,-3.260477490920600019e+00,-1.537358654396126179e+00,4.293149067641000016e-02,5.855996122244603447e-02
-8.000000000000000000e+00,-1.577288644322160982e+00,-3.260295010886257394e+00,-1.546672306076774195e+00,3.061633824538678716e-02,6.377167044155292175e-02
-8.000000000000000000e+00,-1.574287143571785785e+00,-3.260126258931219212e+00,-1.583636690272866465e+00,1.685938697895705829e-02,8.260906241380001902e-02
-8.000000000000000000e+00,-1.571285642821410811e+00,-3.260574996488332822e+00,-1.533987411102104570e+00,3.729823171930624071e-02,5.679064691609827381e-02
-8.000000000000000000e+00,-1.568284142071035614e+00,-3.260110853314518220e+00,-1.572634376201625717e+00,1.280705785494729021e-02,8.160737717795048252e-02
-8.000000000000000000e+00,-1.565282641320660417e+00,-3.260317747535221411e+00,-1.547749653759368460e+00,1.753298756129195723e-02,5.756851442578720529e-02
-8.000000000000000000e+00,-1.562281140570285221e+00,-3.260141621646999610e+00,-1.586673687476687800e+00,2.569962526157310023e-02,9.759872738052735586e-02
-8.000000000000000000e+00,-1.559279639819910024e+00,-3.260188744718603093e+00,-1.556386610878820909e+00,1.507154583261871572e-02,7.184450074239644157e-02
-8.000000000000000000e+00,-1.556278139069534827e+00,-3.260188744718603093e+00,-1.553385110128445712e+00,1.507154583261871572e-02,7.184450074239644157e-02
-8.000000000000000000e+00,-1.553276638319159630e+00,-3.260188744718603093e+00,-1.550383609378070515e+00,1.507154583261871572e-02,7.184450074239644157e-02
-8.000000000000000000e+00,-1.550275137568784434e+00,-3.260188744718603093e+00,-1.547382108627695319e+00,1.507154583261871572e-02,7.184450074239644157e-02
-8.000000000000000000e+00,-1.547273636818409237e+00,-3.260188744718603093e+00,-1.544380607877320122e+00,1.507154583261871572e-02,7.184450074239644157e-02
-8.000000000000000000e+00,-1.544272136068034040e+00,-3.260188744718603093e+00,-1.541379107126944925e+00,1.507154583261871572e-02,7.184450074239644157e-02
-8.000000000000000000e+00,-1.541270635317658844e+00,-3.260188744718603093e+00,-1.538377606376569728e+00,1.507154583261871572e-02,7.184450074239644157e-02
-8.000000000000000000e+00,-1.538269134567283647e+00,-3.260188744718603093e+00,-1.535376105626194532e+00,1.507154583261871572e-02,7.184450074239644157e-02
-8.000000000000000000e+00,-1.535267633816908450e+00,-3.260188744718603093e+00,-1.532374604875819335e+00,1.507154583261871572e-02,7.184450074239644157e-02
-8.000000000000000000e+00,-1.532266133066533254e+00,-3.260188744718603093e+00,-1.529373104125444138e+00,1.507154583261871572e-02,7.184450074239644157e-02
-8.000000000000000000e+00,-1.529264632316158057e+00,-3.260188744718603093e+00,-1.526371603375068942e+00,1.507154583261871572e-02,7.184450074239644157e-02
-8.000000000000000000e+00,-1.526263131565782860e+00,-3.260188744718603093e+00,-1.523370102624693745e+00,1.507154583261871572e-02,7.184450074239644157e-02
-8.000000000000000000e+00,-1.523261630815407663e+00,-3.260188744718603093e+00,-1.520368601874318548e+00,1.507154583261871572e-02,7.184450074239644157e-02
-8.000000000000000000e+00,-1.520260130065032467e+00,-3.260188744718603093e+00,-1.517367101123943351e+00,1.507154583261871572e-02,7.184450074239644157e-02
-8.000000000000000000e+00,-1.517258629314657270e+00,-3.260188744718603093e+00,-1.514365600373568155e+00,1.507154583261871572e-02,7.184450074239644157e-02
-8.000000000000000000e+00,-1.514257128564282073e+00,-3.260188744718603093e+00,-1.511364099623192958e+00,1.507154583261871572e-02,7.184450074239644157e-02
-8.000000000000000000e+00,-1.511255627813906877e+00,-3.260188744718603093e+00,-1.508362598872817761e+00,1.507154583261871572e-02,7.184450074239644157e-02
-8.000000000000000000e+00,-1.508254127063531680e+00,-3.260188744718603093e+00,-1.505361098122442565e+00,1.507154583261871572e-02,7.184450074239644157e-02
-8.000000000000000000e+00,-1.505252626313156483e+00,-3.260188744718603093e+00,-1.502359597372067368e+00,1.507154583261871572e-02,7.184450074239644157e-02
-8.000000000000000000e+00,-1.502251125562781287e+00,-3.260188744718603093e+00,-1.499358096621692171e+00,1.507154583261871572e-02,7.184450074239644157e-02
-8.000000000000000000e+00,-1.499249624812406312e+00,-3.260188744718603093e+00,-1.496356595871317197e+00,1.507154583261871572e-02,7.184450074239644157e-02
-8.000000000000000000e+00,-1.496248124062031115e+00,-3.260188744718603093e+00,-1.493355095120942000e+00,1.507154583261871572e-02,7.184450074239644157e-02
-8.000000000000000000e+00,-1.493246623311655918e+00,-3.260188744718603093e+00,-1.490353594370566803e+00,1.507154583261871572e-02,7.184450074239644157e-02
-8.000000000000000000e+00,-1.490245122561280722e+00,-3.260188744718603093e+00,-1.487352093620191607e+00,1.507154583261871572e-02,7.184450074239644157e-02
-8.000000000000000000e+00,-1.487243621810905525e+00,-3.260188744718603093e+00,-1.484350592869816410e+00,1.507154583261871572e-02,7.184450074239644157e-02
-8.000000000000000000e+00,-1.484242121060530328e+00,-3.260188744718603093e+00,-1.481349092119441213e+00,1.507154583261871572e-02,7.184450074239644157e-02
-8.000000000000000000e+00,-1.481240620310155132e+00,-3.260188744718603093e+00,-1.478347591369066016e+00,1.507154583261871572e-02,7.184450074239644157e-02
-8.000000000000000000e+00,-1.478239119559779935e+00,-3.260188744718603093e+00,-1.475346090618690820e+00,1.507154583261871572e-02,7.184450074239644157e-02
-8.000000000000000000e+00,-1.475237618809404738e+00,-3.260188744718603093e+00,-1.472344589868315623e+00,1.507154583261871572e-02,7.184450074239644157e-02
-8.000000000000000000e+00,-1.472236118059029542e+00,-3.260188744718603093e+00,-1.469343089117940426e+00,1.507154583261871572e-02,7.184450074239644157e-02
-8.000000000000000000e+00,-1.469234617308654345e+00,-3.260188744718603093e+00,-1.466341588367565230e+00,1.507154583261871572e-02,7.184450074239644157e-02
-8.000000000000000000e+00,-1.466233116558279148e+00,-3.260188744718603093e+00,-1.463340087617190033e+00,1.507154583261871572e-02,7.184450074239644157e-02
-8.000000000000000000e+00,-1.463231615807903951e+00,-3.260188744718603093e+00,-1.460338586866814836e+00,1.507154583261871572e-02,7.184450074239644157e-02
-8.000000000000000000e+00,-1.460230115057528755e+00,-3.260188744718603093e+00,-1.457337086116439639e+00,1.507154583261871572e-02,7.184450074239644157e-02
-8.000000000000000000e+00,-1.457228614307153558e+00,-3.260188744718603093e+00,-1.454335585366064443e+00,1.507154583261871572e-02,7.184450074239644157e-02
-8.000000000000000000e+00,-1.454227113556778361e+00,-3.260188744718603093e+00,-1.451334084615689246e+00,1.507154583261871572e-02,7.184450074239644157e-02
-8.000000000000000000e+00,-1.451225612806403165e+00,-3.260188744718603093e+00,-1.448332583865314049e+00,1.507154583261871572e-02,7.184450074239644157e-02
-8.000000000000000000e+00,-1.448224112056027968e+00,-3.260188444676406228e+00,-1.446217247410076956e+00,1.569760641159922976e-02,7.199645515883704161e-02
-8.000000000000000000e+00,-1.445222611305652771e+00,-3.260190136533051675e+00,-1.441775787175318291e+00,1.475427285433439373e-02,7.232708239175977827e-02
-8.000000000000000000e+00,-1.442221110555277575e+00,-3.260184821762268204e+00,-1.440651405557356490e+00,1.579514713301977125e-02,7.301777282670555980e-02
-8.000000000000000000e+00,-1.439219609804902378e+00,-3.260181254570123421e+00,-1.438035011190843759e+00,1.589546469954972174e-02,7.277498881310567880e-02
-8.000000000000000000e+00,-1.436218109054527181e+00,-3.260172487807666997e+00,-1.435999086972753913e+00,1.609120455957979701e-02,7.276350895053325385e-02
-8.000000000000000000e+00,-1.433216608304151984e+00,-3.260173167307670816e+00,-1.433098851880083791e+00,1.615939368058905146e-02,7.297522069900599928e-02
-8.000000000000000000e+00,-1.430215107553776788e+00,-3.260181352377478081e+00,-1.429451959339006040e+00,1.615454688068851397e-02,7.347219578846019006e-02
-8.000000000000000000e+00,-1.427213606803401591e+00,-3.260181352377478081e+00,-1.426450458588630843e+00,1.615454688068851397e-02,7.347219578846019006e-02
-8.000000000000000000e+00,-1.424212106053026616e+00,-3.260181352377478081e+00,-1.423448957838255868e+00,1.615454688068851397e-02,7.347219578846019006e-02
-8.000000000000000000e+00,-1.421210605302651420e+00,-3.260181352377478081e+00,-1.420447457087880672e+00,1.615454688068851397e-02,7.347219578846019006e-02
-8.000000000000000000e+00,-1.418209104552276223e+00,-3.260181352377478081e+00,-1.417445956337505475e+00,1.615454688068851397e-02,7.347219578846019006e-02
-8.000000000000000000e+00,-1.415207603801901026e+00,-3.260181352377478081e+00,-1.414444455587130278e+00,1.615454688068851397e-02,7.347219578846019006e-02
-8.000000000000000000e+00,-1.412206103051525830e+00,-3.260181352377478081e+00,-1.411442954836755082e+00,1.615454688068851397e-02,7.347219578846019006e-02
-8.000000000000000000e+00,-1.409204602301150633e+00,-3.260181352377478081e+00,-1.408441454086379885e+00,1.615454688068851397e-02,7.347219578846019006e-02
-8.000000000000000000e+00,-1.406203101550775436e+00,-3.260181352377478081e+00,-1.405439953336004688e+00,1.615454688068851397e-02,7.347219578846019006e-02
-8.000000000000000000e+00,-1.403201600800400239e+00,-3.260181352377478081e+00,-1.402438452585629491e+00,1.615454688068851397e-02,7.347219578846019006e-02
-8.000000000000000000e+00,-1.400200100050025043e+00,-3.260181352377478081e+00,-1.399436951835254295e+00,1.615454688068851397e-02,7.347219578846019006e-02
-8.000000000000000000e+00,-1.397198599299649846e+00,-3.260181352377478081e+00,-1.396435451084879098e+00,1.615454688068851397e-02,7.347219578846019006e-02
-8.000000000000000000e+00,-1.394197098549274649e+00,-3.260181352377478081e+00,-1.393433950334503901e+00,1.615454688068851397e-02,7.347219578846019006e-02
-8.000000000000000000e+00,-1.391195597798899453e+00,-3.260181352377478081e+00,-1.390432449584128705e+00,1.615454688068851397e-02,7.347219578846019006e-02
-8.000000000000000000e+00,-1.388194097048524256e+00,-3.260181352377478081e+00,-1.387430948833753508e+00,1.615454688068851397e-02,7.347219578846019006e-02
-8.000000000000000000e+00,-1.385192596298149059e+00,-3.260181352377478081e+00,-1.384429448083378311e+00,1.615454688068851397e-02,7.347219578846019006e-02
-8.000000000000000000e+00,-1.382191095547773863e+00,-3.260181352377478081e+00,-1.381427947333003114e+00,1.615454688068851397e-02,7.347219578846019006e-02
-8.000000000000000000e+00,-1.379189594797398666e+00,-3.260181352377478081e+00,-1.378426446582627918e+00,1.615454688068851397e-02,7.347219578846019006e-02
-8.000000000000000000e+00,-1.376188094047023469e+00,-3.260181352377478081e+00,-1.375424945832252721e+00,1.615454688068851397e-02,7.347219578846019006e-02
-8.000000000000000000e+00,-1.373186593296648272e+00,-3.260181352377478081e+00,-1.372423445081877524e+00,1.615454688068851397e-02,7.347219578846019006e-02
-8.000000000000000000e+00,-1.370185092546273076e+00,-3.260181352377478081e+00,-1.369421944331502328e+00,1.615454688068851397e-02,7.347219578846019006e-02
-8.000000000000000000e+00,-1.367183591795897879e+00,-3.260181352377478081e+00,-1.366420443581127131e+00,1.615454688068851397e-02,7.347219578846019006e-02
-8.000000000000000000e+00,-1.364182091045522682e+00,-3.260181352377478081e+00,-1.363418942830751934e+00,1.615454688068851397e-02,7.347219578846019006e-02
-8.000000000000000000e+00,-1.361180590295147486e+00,-3.260181352377478081e+00,-1.360417442080376738e+00,1.615454688068851397e-02,7.347219578846019006e-02
-8.000000000000000000e+00,-1.358179089544772289e+00,-3.260181352377478081e+00,-1.357415941330001541e+00,1.615454688068851397e-02,7.347219578846019006e-02
-8.000000000000000000e+00,-1.355177588794397092e+00,-3.260181352377478081e+00,-1.354414440579626344e+00,1.615454688068851397e-02,7.347219578846019006e-02
-8.000000000000000000e+00,-1.352176088044022118e+00,-3.260181352377478081e+00,-1.351412939829251370e+00,1.615454688068851397e-02,7.347219578846019006e-02
-8.000000000000000000e+00,-1.349174587293646921e+00,-3.260181352377478081e+00,-1.348411439078876173e+00,1.615454688068851397e-02,7.347219578846019006e-02
-8.000000000000000000e+00,-1.346173086543271724e+00,-3.260181352377478081e+00,-1.345409938328500976e+00,1.615454688068851397e-02,7.347219578846019006e-02
-8.000000000000000000e+00,-1.343171585792896527e+00,-3.260181352377478081e+00,-1.342408437578125779e+00,1.615454688068851397e-02,7.347219578846019006e-02
-8.000000000000000000e+00,-1.340170085042521331e+00,-3.260181352377478081e+00,-1.339406936827750583e+00,1.615454688068851397e-02,7.347219578846019006e-02
-8.000000000000000000e+00,-1.337168584292146134e+00,-3.260181352377478081e+00,-1.336405436077375386e+00,1.615454688068851397e-02,7.347219578846019006e-02
-8.000000000000000000e+00,-1.334167083541770937e+00,-3.260181352377478081e+00,-1.333403935327000189e+00,1.615454688068851397e-02,7.347219578846019006e-02
-8.000000000000000000e+00,-1.331165582791395741e+00,-3.260181352377478081e+00,-1.330402434576624993e+00,1.615454688068851397e-02,7.347219578846019006e-02
-8.000000000000000000e+00,-1.328164082041020544e+00,-3.260181352377478081e+00,-1.327400933826249796e+00,1.615454688068851397e-02,7.347219578846019006e-02
-8.000000000000000000e+00,-1.325162581290645347e+00,-3.260181352377478081e+00,-1.324399433075874599e+00,1.615454688068851397e-02,7.347219578846019006e-02
-8.000000000000000000e+00,-1.322161080540270151e+00,-3.260188047825591795e+00,-1.316440462386369692e+00,1.291639790632115314e-02,7.011963873124553437e-02
-8.000000000000000000e+00,-1.319159579789894954e+00,-3.260274262091735320e+00,-1.298110821016063454e+00,2.104875877383149962e-02,8.282070020783258157e-02
-8.000000000000000000e+00,-1.316158079039519757e+00,-3.260167599441495589e+00,-1.304869338396936085e+00,1.128874064258367227e-02,7.785214032275503127e-02
-8.000000000000000000e+00,-1.313156578289144560e+00,-3.260204391425963522e+00,-1.299655613332094672e+00,1.350096495704988797e-02,7.973314885383239736e-02
-8.000000000000000000e+00,-1.310155077538769364e+00,-3.260204391425963522e+00,-1.296654112581719476e+00,1.350096495704988797e-02,7.973314885383239736e-02
-8.000000000000000000e+00,-1.307153576788394167e+00,-3.260204391425963522e+00,-1.293652611831344279e+00,1.350096495704988797e-02,7.973314885383239736e-02
-8.000000000000000000e+00,-1.304152076038018970e+00,-3.260204391425963522e+00,-1.290651111080969082e+00,1.350096495704988797e-02,7.973314885383239736e-02
-8.000000000000000000e+00,-1.301150575287643774e+00,-3.260204391425963522e+00,-1.287649610330593886e+00,1.350096495704988797e-02,7.973314885383239736e-02
-8.000000000000000000e+00,-1.298149074537268577e+00,-3.260204391425963522e+00,-1.284648109580218689e+00,1.350096495704988797e-02,7.973314885383239736e-02
-8.000000000000000000e+00,-1.295147573786893380e+00,-3.260204391425963522e+00,-1.281646608829843492e+00,1.350096495704988797e-02,7.973314885383239736e-02
-8.000000000000000000e+00,-1.292146073036518183e+00,-3.260204391425963522e+00,-1.278645108079468296e+00,1.350096495704988797e-02,7.973314885383239736e-02
-8.000000000000000000e+00,-1.289144572286142987e+00,-3.260204391425963522e+00,-1.275643607329093099e+00,1.350096495704988797e-02,7.973314885383239736e-02
-8.000000000000000000e+00,-1.286143071535767790e+00,-3.260204391425963522e+00,-1.272642106578717902e+00,1.350096495704988797e-02,7.973314885383239736e-02
-8.000000000000000000e+00,-1.283141570785392593e+00,-3.260204391425963522e+00,-1.269640605828342705e+00,1.350096495704988797e-02,7.973314885383239736e-02
-8.000000000000000000e+00,-1.280140070035017619e+00,-3.260204391425963522e+00,-1.266639105077967731e+00,1.350096495704988797e-02,7.973314885383239736e-02
-8.000000000000000000e+00,-1.277138569284642422e+00,-3.260204391425963522e+00,-1.263637604327592534e+00,1.350096495704988797e-02,7.973314885383239736e-02
-8.000000000000000000e+00,-1.274137068534267225e+00,-3.260204391425963522e+00,-1.260636103577217337e+00,1.350096495704988797e-02,7.973314885383239736e-02
-8.000000000000000000e+00,-1.271135567783892029e+00,-3.260204391425963522e+00,-1.257634602826842141e+00,1.350096495704988797e-02,7.973314885383239736e-02
-8.000000000000000000e+00,-1.268134067033516832e+00,-3.260204391425963522e+00,-1.254633102076466944e+00,1.350096495704988797e-02,7.973314885383239736e-02
-8.000000000000000000e+00,-1.265132566283141635e+00,-3.260204391425963522e+00,-1.251631601326091747e+00,1.350096495704988797e-02,7.973314885383239736e-02
-8.000000000000000000e+00,-1.262131065532766439e+00,-3.260204391425963522e+00,-1.248630100575716551e+00,1.350096495704988797e-02,7.973314885383239736e-02
-8.000000000000000000e+00,-1.259129564782391242e+00,-3.260204391425963522e+00,-1.245628599825341354e+00,1.350096495704988797e-02,7.973314885383239736e-02
-8.000000000000000000e+00,-1.256128064032016045e+00,-3.260204391425963522e+00,-1.242627099074966157e+00,1.350096495704988797e-02,7.973314885383239736e-02
-8.000000000000000000e+00,-1.253126563281640848e+00,-3.260204391425963522e+00,-1.239625598324590960e+00,1.350096495704988797e-02,7.973314885383239736e-02
-8.000000000000000000e+00,-1.250125062531265652e+00,-3.260204391425963522e+00,-1.236624097574215764e+00,1.350096495704988797e-02,7.973314885383239736e-02
-8.000000000000000000e+00,-1.247123561780890455e+00,-3.260204391425963522e+00,-1.233622596823840567e+00,1.350096495704988797e-02,7.973314885383239736e-02
-8.000000000000000000e+00,-1.244122061030515258e+00,-3.260204391425963522e+00,-1.230621096073465370e+00,1.350096495704988797e-02,7.973314885383239736e-02
-8.000000000000000000e+00,-1.241120560280140062e+00,-3.260204391425963522e+00,-1.227619595323090174e+00,1.350096495704988797e-02,7.973314885383239736e-02
-8.000000000000000000e+00,-1.238119059529764865e+00,-3.260204391425963522e+00,-1.224618094572714977e+00,1.350096495704988797e-02,7.973314885383239736e-02
-8.000000000000000000e+00,-1.235117558779389668e+00,-3.260204391425963522e+00,-1.221616593822339780e+00,1.350096495704988797e-02,7.973314885383239736e-02
-8.000000000000000000e+00,-1.232116058029014471e+00,-3.260204391425963522e+00,-1.218615093071964584e+00,1.350096495704988797e-02,7.973314885383239736e-02
-8.000000000000000000e+00,-1.229114557278639275e+00,-3.260204391425963522e+00,-1.215613592321589387e+00,1.350096495704988797e-02,7.973314885383239736e-02
-8.000000000000000000e+00,-1.226113056528264078e+00,-3.260204391425963522e+00,-1.212612091571214190e+00,1.350096495704988797e-02,7.973314885383239736e-02
-8.000000000000000000e+00,-1.223111555777888881e+00,-3.260204391425963522e+00,-1.209610590820838993e+00,1.350096495704988797e-02,7.973314885383239736e-02
-8.000000000000000000e+00,-1.220110055027513685e+00,-3.260204391425963522e+00,-1.206609090070463797e+00,1.350096495704988797e-02,7.973314885383239736e-02
-8.000000000000000000e+00,-1.217108554277138488e+00,-3.260204391425963522e+00,-1.203607589320088600e+00,1.350096495704988797e-02,7.973314885383239736e-02
-8.000000000000000000e+00,-1.214107053526763291e+00,-3.260204391425963522e+00,-1.200606088569713403e+00,1.350096495704988797e-02,7.973314885383239736e-02
-8.000000000000000000e+00,-1.211105552776388095e+00,-3.260204391425963522e+00,-1.197604587819338207e+00,1.350096495704988797e-02,7.973314885383239736e-02
-8.000000000000000000e+00,-1.208104052026012898e+00,-3.260205146492635819e+00,-1.194554673095675312e+00,1.354937893033758556e-02,7.998952257646557706e-02
-8.000000000000000000e+00,-1.205102551275637923e+00,-3.260210424906365922e+00,-1.191222284549099175e+00,1.388026672653874805e-02,8.139954239464772257e-02
-8.000000000000000000e+00,-1.202101050525262727e+00,-3.260202680286570676e+00,-1.188722174920268770e+00,1.337887560499395612e-02,8.258667016006931982e-02
-8.000000000000000000e+00,-1.199099549774887530e+00,-3.260194291546145262e+00,-1.186259565692958207e+00,1.283998408192932317e-02,8.349901543045182284e-02
-8.000000000000000000e+00,-1.196098049024512333e+00,-3.260194902355714852e+00,-1.181606173336430698e+00,1.449187568808163462e-02,8.400263050934192455e-02
-8.000000000000000000e+00,-1.193096548274137136e+00,-3.260216374129748740e+00,-1.173878562391828195e+00,1.921798588230894111e-02,8.613749624749202083e-02
-8.000000000000000000e+00,-1.190095047523761940e+00,-3.260216374129748740e+00,-1.170877061641452999e+00,1.921798588230894111e-02,8.613749624749202083e-02
-8.000000000000000000e+00,-1.187093546773386743e+00,-3.260216374129748740e+00,-1.167875560891077802e+00,1.921798588230894111e-02,8.613749624749202083e-02
-8.000000000000000000e+00,-1.184092046023011546e+00,-3.260216374129748740e+00,-1.164874060140702605e+00,1.921798588230894111e-02,8.613749624749202083e-02
-8.000000000000000000e+00,-1.181090545272636350e+00,-3.260216374129748740e+00,-1.161872559390327408e+00,1.921798588230894111e-02,8.613749624749202083e-02
-8.000000000000000000e+00,-1.178089044522261153e+00,-3.260216374129748740e+00,-1.158871058639952212e+00,1.921798588230894111e-02,8.613749624749202083e-02
-8.000000000000000000e+00,-1.175087543771885956e+00,-3.260216374129748740e+00,-1.155869557889577015e+00,1.921798588230894111e-02,8.613749624749202083e-02
-8.000000000000000000e+00,-1.172086043021510759e+00,-3.260216374129748740e+00,-1.152868057139201818e+00,1.921798588230894111e-02,8.613749624749202083e-02
-8.000000000000000000e+00,-1.169084542271135563e+00,-3.260216374129748740e+00,-1.149866556388826622e+00,1.921798588230894111e-02,8.613749624749202083e-02
-8.000000000000000000e+00,-1.166083041520760366e+00,-3.260216374129748740e+00,-1.146865055638451425e+00,1.921798588230894111e-02,8.613749624749202083e-02
-8.000000000000000000e+00,-1.163081540770385169e+00,-3.260216374129748740e+00,-1.143863554888076228e+00,1.921798588230894111e-02,8.613749624749202083e-02
-8.000000000000000000e+00,-1.160080040020009973e+00,-3.260216374129748740e+00,-1.140862054137701032e+00,1.921798588230894111e-02,8.613749624749202083e-02
-8.000000000000000000e+00,-1.157078539269634776e+00,-3.260216374129748740e+00,-1.137860553387325835e+00,1.921798588230894111e-02,8.613749624749202083e-02
-8.000000000000000000e+00,-1.154077038519259579e+00,-3.260216374129748740e+00,-1.134859052636950638e+00,1.921798588230894111e-02,8.613749624749202083e-02
-8.000000000000000000e+00,-1.151075537768884383e+00,-3.260216374129748740e+00,-1.131857551886575441e+00,1.921798588230894111e-02,8.613749624749202083e-02
-8.000000000000000000e+00,-1.148074037018509186e+00,-3.260216374129748740e+00,-1.128856051136200245e+00,1.921798588230894111e-02,8.613749624749202083e-02
-8.000000000000000000e+00,-1.145072536268133989e+00,-3.260216374129748740e+00,-1.125854550385825048e+00,1.921798588230894111e-02,8.613749624749202083e-02
-8.000000000000000000e+00,-1.142071035517758792e+00,-3.260216374129748740e+00,-1.122853049635449851e+00,1.921798588230894111e-02,8.613749624749202083e-02
-8.000000000000000000e+00,-1.139069534767383596e+00,-3.260216374129748740e+00,-1.119851548885074655e+00,1.921798588230894111e-02,8.613749624749202083e-02
-8.000000000000000000e+00,-1.136068034017008399e+00,-3.260216374129748740e+00,-1.116850048134699458e+00,1.921798588230894111e-02,8.613749624749202083e-02
-8.000000000000000000e+00,-1.133066533266633424e+00,-3.260216374129748740e+00,-1.113848547384324483e+00,1.921798588230894111e-02,8.613749624749202083e-02
-8.000000000000000000e+00,-1.130065032516258228e+00,-3.260216374129748740e+00,-1.110847046633949287e+00,1.921798588230894111e-02,8.613749624749202083e-02
-8.000000000000000000e+00,-1.127063531765883031e+00,-3.260216374129748740e+00,-1.107845545883574090e+00,1.921798588230894111e-02,8.613749624749202083e-02
-8.000000000000000000e+00,-1.124062031015507834e+00,-3.260216374129748740e+00,-1.104844045133198893e+00,1.921798588230894111e-02,8.613749624749202083e-02
-8.000000000000000000e+00,-1.121060530265132638e+00,-3.260216374129748740e+00,-1.101842544382823696e+00,1.921798588230894111e-02,8.613749624749202083e-02
-8.000000000000000000e+00,-1.118059029514757441e+00,-3.260216374129748740e+00,-1.098841043632448500e+00,1.921798588230894111e-02,8.613749624749202083e-02
-8.000000000000000000e+00,-1.115057528764382244e+00,-3.260216374129748740e+00,-1.095839542882073303e+00,1.921798588230894111e-02,8.613749624749202083e-02
-8.000000000000000000e+00,-1.112056028014007047e+00,-3.260216374129748740e+00,-1.092838042131698106e+00,1.921798588230894111e-02,8.613749624749202083e-02
-8.000000000000000000e+00,-1.109054527263631851e+00,-3.260216374129748740e+00,-1.089836541381322910e+00,1.921798588230894111e-02,8.613749624749202083e-02
-8.000000000000000000e+00,-1.106053026513256654e+00,-3.260216374129748740e+00,-1.086835040630947713e+00,1.921798588230894111e-02,8.613749624749202083e-02
-8.000000000000000000e+00,-1.103051525762881457e+00,-3.260216374129748740e+00,-1.083833539880572516e+00,1.921798588230894111e-02,8.613749624749202083e-02
-8.000000000000000000e+00,-1.100050025012506261e+00,-3.260216374129748740e+00,-1.080832039130197320e+00,1.921798588230894111e-02,8.613749624749202083e-02
-8.000000000000000000e+00,-1.097048524262131064e+00,-3.260216374129748740e+00,-1.077830538379822123e+00,1.921798588230894111e-02,8.613749624749202083e-02
-8.000000000000000000e+00,-1.094047023511755867e+00,-3.260216374129748740e+00,-1.074829037629446926e+00,1.921798588230894111e-02,8.613749624749202083e-02
-8.000000000000000000e+00,-1.091045522761380671e+00,-3.260216374129748740e+00,-1.071827536879071729e+00,1.921798588230894111e-02,8.613749624749202083e-02
-8.000000000000000000e+00,-1.088044022011005474e+00,-3.260213941418333317e+00,-1.068977418656010592e+00,1.906660335499488212e-02,8.464083943639064134e-02
-8.000000000000000000e+00,-1.085042521260630277e+00,-3.260207014070638731e+00,-1.066463250166581611e+00,1.857927109404866606e-02,8.300112430735767655e-02
-8.000000000000000000e+00,-1.082041020510255080e+00,-3.260218347368538883e+00,-1.062686390133453340e+00,1.935463037680174025e-02,8.114845670017760415e-02
-8.000000000000000000e+00,-1.079039519759879884e+00,-3.260234438809915147e+00,-1.058756309812618923e+00,2.028320994726096060e-02,7.979459837234714747e-02
-8.000000000000000000e+00,-1.076038019009504687e+00,-3.260261590205802751e+00,-1.054386110790544340e+00,2.165190821896034734e-02,7.822176759673989122e-02
-8.000000000000000000e+00,-1.073036518259129490e+00,-3.260295078559630522e+00,-1.049880132069793026e+00,2.315638618933646420e-02,7.824758581287552528e-02
-8.000000000000000000e+00,-1.070035017508754294e+00,-3.260477963125927747e+00,-1.013237150106729434e+00,5.679786740202485973e-02,7.531920868151568971e-02
-8.000000000000000000e+00,-1.067033516758379097e+00,-3.260477963125927747e+00,-1.010235649356354237e+00,5.679786740202485973e-02,7.531920868151568971e-02
-8.000000000000000000e+00,-1.064032016008003900e+00,-3.260477963125927747e+00,-1.007234148605979041e+00,5.679786740202485973e-02,7.531920868151568971e-02
-8.000000000000000000e+00,-1.061030515257628704e+00,-3.260477963125927747e+00,-1.004232647855603844e+00,5.679786740202485973e-02,7.531920868151568971e-02
-8.000000000000000000e+00,-1.058029014507253729e+00,-3.260477963125927747e+00,-1.001231147105228869e+00,5.679786740202485973e-02,7.531920868151568971e-02
-8.000000000000000000e+00,-1.055027513756878532e+00,-3.260477963125927747e+00,-9.982296463548537835e-01,5.679786740202474871e-02,7.531920868151568971e-02
-8.000000000000000000e+00,-1.052026013006503335e+00,-3.260477963125927747e+00,-9.952281456044786978e-01,5.679786740202463768e-02,7.531920868151568971e-02
-8.000000000000000000e+00,-1.049024512256128139e+00,-3.260477963125927747e+00,-9.922266448541035011e-01,5.679786740202463768e-02,7.531920868151568971e-02
-8.000000000000000000e+00,-1.046023011505752942e+00,-3.260477963125927747e+00,-9.892251441037285264e-01,5.679786740202441564e-02,7.531920868151568971e-02
-8.000000000000000000e+00,-1.043021510755377745e+00,-3.260477963125927747e+00,-9.862236433533533297e-01,5.679786740202441564e-02,7.531920868151568971e-02
-8.000000000000000000e+00,-1.040020010005002549e+00,-3.260477963125927747e+00,-9.832221426029780220e-01,5.679786740202452666e-02,7.531920868151568971e-02
-8.000000000000000000e+00,-1.037018509254627352e+00,-3.260477963125927747e+00,-9.802206418526026033e-01,5.679786740202474871e-02,7.531920868151568971e-02
-8.000000000000000000e+00,-1.034017008504252155e+00,-3.260477963125927747e+00,-9.772191411022274066e-01,5.679786740202474871e-02,7.531920868151568971e-02
-8.000000000000000000e+00,-1.031015507753876959e+00,-3.260477963125927747e+00,-9.742176403518522099e-01,5.679786740202474871e-02,7.531920868151568971e-02
-8.000000000000000000e+00,-1.028014007003501762e+00,-3.260477963125927747e+00,-9.712161396014771242e-01,5.679786740202463768e-02,7.531920868151568971e-02
-8.000000000000000000e+00,-1.025012506253126565e+00,-3.260477963125927747e+00,-9.682146388511021495e-01,5.679786740202441564e-02,7.531920868151568971e-02
-8.000000000000000000e+00,-1.022011005502751368e+00,-3.260477963125927747e+00,-9.652131381007270639e-01,5.679786740202430462e-02,7.531920868151568971e-02
-8.000000000000000000e+00,-1.019009504752376172e+00,-3.260477963125927747e+00,-9.622116373503516451e-01,5.679786740202452666e-02,7.531920868151568971e-02
-8.000000000000000000e+00,-1.016008004002000975e+00,-3.260477963125927747e+00,-9.592101365999763374e-01,5.679786740202463768e-02,7.531920868151568971e-02
-8.000000000000000000e+00,-1.013006503251625778e+00,-3.260477963125927747e+00,-9.562086358496010297e-01,5.679786740202474871e-02,7.531920868151568971e-02
-8.000000000000000000e+00,-1.010005002501250582e+00,-3.260477963125927747e+00,-9.532071350992259440e-01,5.679786740202463768e-02,7.531920868151568971e-02
-8.000000000000000000e+00,-1.007003501750875385e+00,-3.260477963125927747e+00,-9.502056343488508583e-01,5.679786740202452666e-02,7.531920868151568971e-02
-8.000000000000000000e+00,-1.004002001000500188e+00,-3.260477963125927747e+00,-9.472041335984757726e-01,5.679786740202441564e-02,7.531920868151568971e-02
-8.000000000000000000e+00,-1.001000500250124992e+00,-3.260477963125927747e+00,-9.442026328481003539e-01,5.679786740202463768e-02,7.531920868151568971e-02
-8.000000000000000000e+00,-9.979989994997500169e-01,-3.260474738239360626e+00,-9.413521425632763728e-01,5.664685693647364406e-02,7.669472628628135058e-02
-8.000000000000000000e+00,-9.949974987493748202e-01,-3.260464441863127227e+00,-9.388538313810327329e-01,5.614366736834208726e-02,7.884079254450636343e-02
-8.000000000000000000e+00,-9.919959979989996235e-01,-3.260473826281228060e+00,-9.354075496366202058e-01,5.658844836237941767e-02,7.770258237496874276e-02
-8.000000000000000000e+00,-9.889944972486244268e-01,-3.260487458032028218e+00,-9.318146902837087797e-01,5.717980696491564707e-02,7.654581105581394207e-02
-8.000000000000000000e+00,-9.859929964982492301e-01,-3.260501994289052075e+00,-9.282248910810860787e-01,5.776810541716315139e-02,7.753285504853921206e-02
-8.000000000000000000e+00,-9.829914957478740334e-01,-3.260538687187179097e+00,-9.238395109055385079e-01,5.915198484233552545e-02,7.954941656231968861e-02
-8.000000000000000000e+00,-9.799899949974988367e-01,-3.260572837525861356e+00,-9.196308199875347089e-01,6.035917500996412777e-02,8.106863902787411758e-02
-8.000000000000000000e+00,-9.769884942471236400e-01,-3.260612664416179474e+00,-9.152495848784670818e-01,6.173890936865655821e-02,8.251392428377175847e-02
-8.000000000000000000e+00,-9.739869934967484433e-01,-3.260542729163857345e+00,-9.150402835943446389e-01,5.894670990240380437e-02,8.022785475632071561e-02
-8.000000000000000000e+00,-9.709854927463732466e-01,-3.260310548759761229e+00,-9.272864124423588761e-01,4.369908030401437049e-02,8.351753719663947140e-02
-8.000000000000000000e+00,-9.679839919959980499e-01,-3.260317780248481512e+00,-9.235258822744045748e-01,4.445810972159347507e-02,8.314712765487139445e-02
-8.000000000000000000e+00,-9.649824912456228532e-01,-3.260338462019549688e+00,-9.185617770017935335e-01,4.642071424382931966e-02,8.336447228085847039e-02
-8.000000000000000000e+00,-9.619809904952476565e-01,-3.260327085550256410e+00,-9.165750496132391012e-01,4.540594088200855527e-02,8.298423512878479180e-02
-8.000000000000000000e+00,-9.589794897448724598e-01,-3.260234412025774464e+00,-9.237157140398467581e-01,3.526377570502570169e-02,8.203784114507441105e-02
-8.000000000000000000e+00,-9.559779889944972631e-01,-3.260221272922988245e+00,-9.226011764980176499e-01,3.337681249647961312e-02,8.417033224603073793e-02
-8.000000000000000000e+00,-9.529764882441220664e-01,-3.260332610857133773e+00,-9.077294423342622265e-01,4.524704590985983987e-02,8.776134734325942433e-02
-8.000000000000000000e+00,-9.499749874937468697e-01,-3.260707712785484880e+00,-8.794369660171286185e-01,7.053802147661825117e-02,9.198564369219930370e-02
-8.000000000000000000e+00,-9.469734867433716730e-01,-3.260458059530517705e+00,-8.931937119743017517e-01,5.377977476906992127e-02,9.603920846684685375e-02
-8.000000000000000000e+00,-9.439719859929964763e-01,-3.261108583355139423e+00,-8.506106575227112554e-01,9.336132847028522086e-02,1.079596268246427321e-01
-8.000000000000000000e+00,-9.409704852426212796e-01,-3.261108583355139423e+00,-8.476091567723360587e-01,9.336132847028522086e-02,1.079596268246427321e-01
-8.000000000000000000e+00,-9.379689844922460829e-01,-3.261108583355139423e+00,-8.446076560219608620e-01,9.336132847028522086e-02,1.079596268246427321e-01
-8.000000000000000000e+00,-9.349674837418708861e-01,-3.261108583355139423e+00,-8.416061552715856653e-01,9.336132847028522086e-02,1.079596268246427321e-01
-8.000000000000000000e+00,-9.319659829914956894e-01,-3.261108583355139423e+00,-8.386046545212104686e-01,9.336132847028522086e-02,1.079596268246427321e-01
-8.000000000000000000e+00,-9.289644822411204927e-01,-3.261108583355139423e+00,-8.356031537708352719e-01,9.336132847028522086e-02,1.079596268246427321e-01
-8.000000000000000000e+00,-9.259629814907452960e-01,-3.261108583355139423e+00,-8.326016530204600752e-01,9.336132847028522086e-02,1.079596268246427321e-01
-8.000000000000000000e+00,-9.229614807403700993e-01,-3.261108583355139423e+00,-8.296001522700848785e-01,9.336132847028522086e-02,1.079596268246427321e-01
-8.000000000000000000e+00,-9.199599799899949026e-01,-3.261108583355139423e+00,-8.265986515197096818e-01,9.336132847028522086e-02,1.079596268246427321e-01
-8.000000000000000000e+00,-9.169584792396197059e-01,-3.261108583355139423e+00,-8.235971507693344851e-01,9.336132847028522086e-02,1.079596268246427321e-01
-8.000000000000000000e+00,-9.139569784892445092e-01,-3.261108583355139423e+00,-8.205956500189592884e-01,9.336132847028522086e-02,1.079596268246427321e-01
-8.000000000000000000e+00,-9.109554777388693125e-01,-3.261108583355139423e+00,-8.175941492685840917e-01,9.336132847028522086e-02,1.079596268246427321e-01
-8.000000000000000000e+00,-9.079539769884941158e-01,-3.261107750661160321e+00,-8.146231500227512079e-01,9.333082696574290793e-02,1.081470262210760536e-01
-8.000000000000000000e+00,-9.049524762381189191e-01,-3.261104356769453094e+00,-8.117446362136364613e-01,9.320784002448245786e-02,1.087375482571596164e-01
-8.000000000000000000e+00,-9.019509754877437224e-01,-3.261102069560421146e+00,-8.088248232700178120e-01,9.312615221772591045e-02,1.090079641689322559e-01
-8.000000000000000000e+00,-8.989494747373685257e-01,-3.261093538067592057e+00,-8.061249296691542776e-01,9.282454506821424811e-02,1.097740135277716633e-01
-8.000000000000000000e+00,-8.959479739869933290e-01,-3.261088884089593964e+00,-8.032863235519279721e-01,9.266165043506535692e-02,1.101094540568478691e-01
-8.000000000000000000e+00,-8.929464732366181323e-01,-3.261072865634762952e+00,-8.008396059314192295e-01,9.210686730519890286e-02,1.098033120042873206e-01
-8.000000000000000000e+00,-8.899449724862429356e-01,-3.261050240906562259e+00,-7.986294258360769893e-01,9.131554665016594630e-02,1.086108001011183988e-01
-8.000000000000000000e+00,-8.869434717358677389e-01,-3.261038474539083687e+00,-7.960459960710853933e-01,9.089747566478234564e-02,1.080560970329111359e-01
-8.000000000000000000e+00,-8.839419709854925422e-01,-3.261070548116519419e+00,-7.919232327724974319e-01,9.201873821299511036e-02,1.093885118734553991e-01
-8.000000000000000000e+00,-8.809404702351173455e-01,-3.261124645598649341e+00,-7.870587147155729824e-01,9.388175551954436315e-02,1.112737256754894183e-01
-8.000000000000000000e+00,-8.779389694847421488e-01,-3.261199357281230782e+00,-7.814279068260360228e-01,9.651106265870612599e-02,1.141145854236022689e-01
-8.000000000000000000e+00,-8.749374687343673962e-01,-3.261153555009422167e+00,-7.802795329543034120e-01,9.465793578006398423e-02,1.153369541028844564e-01
-8.000000000000000000e+00,-8.719359679839921995e-01,-3.261117536377754256e+00,-7.788959866376524710e-01,9.303998134633972850e-02,1.162670478699337762e-01
-8.000000000000000000e+00,-8.689344672336170028e-01,-3.261091272223631155e+00,-7.771253571451212094e-01,9.180911008849579336e-02,1.169188415381620105e-01
-8.000000000000000000e+00,-8.659329664832418061e-01,-3.261055448682244062e+00,-7.758497366922743055e-01,9.008322979096750061e-02,1.177764594023391204e-01
-8.000000000000000000e+00,-8.629314657328666094e-01,-3.261030053062628387e+00,-7.740956535510628012e-01,8.883581218180380823e-02,1.183602507637559059e-01
-8.000000000000000000e+00,-8.599299649824914127e-01,-3.261007051614285501e+00,-7.722343432577746247e-01,8.769562172471678796e-02,1.178181334482731324e-01
-8.000000000000000000e+00,-8.569284642321162160e-01,-3.260986156286720838e+00,-7.702783708758034198e-01,8.665009335631279619e-02,1.173461284436493057e-01
-8.000000000000000000e+00,-8.539269634817410193e-01,-3.260940293183609562e+00,-7.696210510307827102e-01,8.430591245095830910e-02,1.176299627444310630e-01
-8.000000000000000000e+00,-8.509254627313658226e-01,-3.260869642182235406e+00,-7.704271750212995373e-01,8.049828771006628525e-02,1.185022073915032448e-01
-8.000000000000000000e+00,-8.479239619809906259e-01,-3.260834692091502340e+00,-7.694054844674094173e-01,7.851847751358120853e-02,1.189073214280028518e-01
-8.000000000000000000e+00,-8.449224612306154292e-01,-3.260832165610799027e+00,-7.665467376446083447e-01,7.837572358600708444e-02,1.189567662110656149e-01
-8.000000000000000000e+00,-8.419209604802402325e-01,-3.260816268087728176e+00,-7.644255146895730935e-01,7.749544579066713901e-02,1.187246689882183459e-01
-8.000000000000000000e+00,-8.389194597298650358e-01,-3.260789606664665552e+00,-7.629029378757948843e-01,7.601652185407015150e-02,1.182334392746018092e-01
-8.000000000000000000e+00,-8.359179589794898391e-01,-3.260776968892060701e+00,-7.606050495619366414e-01,7.531290941755319768e-02,1.180065197098797147e-01
-8.000000000000000000e+00,-8.329164582291146424e-01,-3.260733288393705909e+00,-7.600728527730808981e-01,7.284360545603374426e-02,1.172381975167249846e-01
-8.000000000000000000e+00,-8.299149574787394457e-01,-3.260772053596143749e+00,-7.548247386185630292e-01,7.509021886017641645e-02,1.178687239976961426e-01
-8.000000000000000000e+00,-8.269134567283642490e-01,-3.260930881074494359e+00,-7.432243623320952119e-01,8.368909439626903701e-02,1.180051512882174386e-01
-8.000000000000000000e+00,-8.239119559779890523e-01,-3.261011459004748314e+00,-7.361222703386067767e-01,8.778968563938227554e-02,1.170941009067922450e-01
-8.000000000000000000e+00,-8.209104552276138556e-01,-3.261007457169051271e+00,-7.333247158885710659e-01,8.758573933904278963e-02,1.167321001858587920e-01
-8.000000000000000000e+00,-8.179089544772386589e-01,-3.260796489724096858e+00,-7.418658421614899856e-01,7.604311231574867325e-02,1.141210978324573994e-01
-8.000000000000000000e+00,-8.149074537268634622e-01,-3.260796489724096858e+00,-7.388643414111147889e-01,7.604311231574867325e-02,1.141210978324573994e-01
-8.000000000000000000e+00,-8.119059529764882654e-01,-3.260796489724096858e+00,-7.358628406607395922e-01,7.604311231574867325e-02,1.141210978324573994e-01
-8.000000000000000000e+00,-8.089044522261130687e-01,-3.260796489724096858e+00,-7.328613399103643955e-01,7.604311231574867325e-02,1.141210978324573994e-01
-8.000000000000000000e+00,-8.059029514757378720e-01,-3.260796489724096858e+00,-7.298598391599891988e-01,7.604311231574867325e-02,1.141210978324573994e-01
-8.000000000000000000e+00,-8.029014507253626753e-01,-3.260796489724096858e+00,-7.268583384096140021e-01,7.604311231574867325e-02,1.141210978324573994e-01
-8.000000000000000000e+00,-7.998999499749874786e-01,-3.260796489724096858e+00,-7.238568376592388054e-01,7.604311231574867325e-02,1.141210978324573994e-01
-8.000000000000000000e+00,-7.968984492246122819e-01,-3.260796489724096858e+00,-7.208553369088636087e-01,7.604311231574867325e-02,1.141210978324573994e-01
-8.000000000000000000e+00,-7.938969484742370852e-01,-3.260796489724096858e+00,-7.178538361584884120e-01,7.604311231574867325e-02,1.141210978324573994e-01
-8.000000000000000000e+00,-7.908954477238618885e-01,-3.260796489724096858e+00,-7.148523354081132153e-01,7.604311231574867325e-02,1.141210978324573994e-01
-8.000000000000000000e+00,-7.878939469734866918e-01,-3.260796489724096858e+00,-7.118508346577380186e-01,7.604311231574867325e-02,1.141210978324573994e-01
-8.000000000000000000e+00,-7.848924462231114951e-01,-3.260796489724096858e+00,-7.088493339073628219e-01,7.604311231574867325e-02,1.141210978324573994e-01
-8.000000000000000000e+00,-7.818909454727362984e-01,-3.260796489724096858e+00,-7.058478331569876252e-01,7.604311231574867325e-02,1.141210978324573994e-01
-8.000000000000000000e+00,-7.788894447223611017e-01,-3.260796489724096858e+00,-7.028463324066124285e-01,7.604311231574867325e-02,1.141210978324573994e-01
-8.000000000000000000e+00,-7.758879439719859050e-01,-3.260796489724096858e+00,-6.998448316562372318e-01,7.604311231574867325e-02,1.141210978324573994e-01
-8.000000000000000000e+00,-7.728864432216107083e-01,-3.260796489724096858e+00,-6.968433309058620351e-01,7.604311231574867325e-02,1.141210978324573994e-01
-8.000000000000000000e+00,-7.698849424712355116e-01,-3.260796489724096858e+00,-6.938418301554868384e-01,7.604311231574867325e-02,1.141210978324573994e-01
-8.000000000000000000e+00,-7.668834417208603149e-01,-3.260797152871955262e+00,-6.908058113271697831e-01,7.607763039369053182e-02,1.136868101494172972e-01
-8.000000000000000000e+00,-7.638819409704851182e-01,-3.260791044177879350e+00,-6.881226796343653529e-01,7.575926133611976532e-02,1.155131602754586595e-01
-8.000000000000000000e+00,-7.608804402201099215e-01,-3.260782349959764126e+00,-6.855639004654875412e-01,7.531653975462238026e-02,1.168263974110179543e-01
-8.000000000000000000e+00,-7.578789394697347248e-01,-3.260768032051976295e+00,-6.832879934724672699e-01,7.459094599726745489e-02,1.184350387631953883e-01
-8.000000000000000000e+00,-7.548774387193595281e-01,-3.260759415926971272e+00,-6.807201649107461616e-01,7.415727380861336648e-02,1.192347192874477629e-01
-8.000000000000000000e+00,-7.518759379689843314e-01,-3.260721552045251048e+00,-6.796870649127405573e-01,7.218887305624377415e-02,1.203690148499819701e-01
-8.000000000000000000e+00,-7.488744372186091347e-01,-3.260679676837222818e+00,-6.790512759218031436e-01,6.982316129680599115e-02,1.212822880262791475e-01
-8.000000000000000000e+00,-7.458729364682339380e-01,-3.260734980505704428e+00,-6.731474765737364141e-01,7.272545989449752390e-02,1.247041500206450548e-01
-8.000000000000000000e+00,-7.428714357178587413e-01,-3.260899906056867081e+00,-6.620516647178089631e-01,8.081977100004977821e-02,1.234588038391129933e-01
-8.000000000000000000e+00,-7.398699349674835446e-01,-3.260829546711845772e+00,-6.633041754298137915e-01,7.656575953766975307e-02,1.257661111171924639e-01
-8.000000000000000000e+00,-7.368684342171083479e-01,-3.260771219329756221e+00,-6.643327858894158000e-01,7.253564832769254789e-02,1.277787411730853806e-01
-8.000000000000000000e+00,-7.338669334667331512e-01,-3.260734035443727308e+00,-6.641450081790576387e-01,6.972192528767551245e-02,1.291088027710052544e-01
-8.000000000000000000e+00,-7.308654327163583986e-01,-3.260686289323988518e+00,-6.650145443170428772e-01,6.585088839931552140e-02,1.283764607447673012e-01
-8.000000000000000000e+00,-7.278639319659832019e-01,-3.260661471592609661e+00,-6.641610027457021115e-01,6.370292922028109039e-02,1.280482941219591719e-01
-8.000000000000000000e+00,-7.248624312156080052e-01,-3.260525975355390571e+00,-6.765155700252486470e-01,4.834686119035935814e-02,1.340003011287388412e-01
-8.000000000000000000e+00,-7.218609304652328085e-01,-3.260495236561695709e+00,-6.790828780697323319e-01,4.277805239550047656e-02,1.360589858692303200e-01
-8.000000000000000000e+00,-7.188594297148576118e-01,-3.260492981799815393e+00,-6.764936781798798204e-01,4.236575153497779134e-02,1.362033248263893048e-01
-8.000000000000000000e+00,-7.158579289644824151e-01,-3.260491613246506937e+00,-6.737185132537705234e-01,4.213941571071189163e-02,1.362801432796598156e-01
-8.000000000000000000e+00,-7.128564282141072184e-01,-3.260466266376328637e+00,-6.749124669390238473e-01,3.802245773476387036e-02,1.348760574444232974e-01
-8.000000000000000000e+00,-7.098549274637320217e-01,-3.260444977927322796e+00,-6.789450139400260431e-01,3.595840132847927251e-02,1.346348191052797738e-01
-8.000000000000000000e+00,-7.068534267133568250e-01,-3.260423982376163377e+00,-6.811871938762428247e-01,3.386522308284345417e-02,1.330075228833863532e-01
-8.000000000000000000e+00,-7.038519259629816283e-01,-3.260401673387649968e+00,-6.864059000619968653e-01,3.050486464230894867e-02,1.305667827783543733e-01
-8.000000000000000000e+00,-7.008504252126064316e-01,-3.260536093125930623e+00,-6.566886121498629603e-01,4.416181306274347129e-02,1.353612907015424582e-01
-8.000000000000000000e+00,-6.978489244622312349e-01,-3.260732130857386224e+00,-6.368496219671788694e-01,6.099930249505236546e-02,1.345106944402306715e-01
-8.000000000000000000e+00,-6.948474237118560382e-01,-3.260774322711412765e+00,-6.308477047116841652e-01,6.399971900017187298e-02,1.334137805337014260e-01
-8.000000000000000000e+00,-6.918459229614808415e-01,-3.260431893477402365e+00,-6.628254615325125387e-01,3.347803215886524519e-02,1.272399924256529535e-01
-8.000000000000000000e+00,-6.888444222111056447e-01,-3.260431893477402365e+00,-6.598239607821373420e-01,3.347803215886524519e-02,1.272399924256529535e-01
-8.000000000000000000e+00,-6.858429214607304480e-01,-3.260431893477402365e+00,-6.568224600317621453e-01,3.347803215886524519e-02,1.272399924256529535e-01
-8.000000000000000000e+00,-6.828414207103552513e-01,-3.260431893477402365e+00,-6.538209592813869486e-01,3.347803215886524519e-02,1.272399924256529535e-01
-8.000000000000000000e+00,-6.798399199599800546e-01,-3.260431893477402365e+00,-6.508194585310117519e-01,3.347803215886524519e-02,1.272399924256529535e-01
-8.000000000000000000e+00,-6.768384192096048579e-01,-3.260431893477402365e+00,-6.478179577806365552e-01,3.347803215886524519e-02,1.272399924256529535e-01
-8.000000000000000000e+00,-6.738369184592296612e-01,-3.260431893477402365e+00,-6.448164570302613585e-01,3.347803215886524519e-02,1.272399924256529535e-01
-8.000000000000000000e+00,-6.708354177088544645e-01,-3.260431893477402365e+00,-6.418149562798861618e-01,3.347803215886524519e-02,1.272399924256529535e-01
-8.000000000000000000e+00,-6.678339169584792678e-01,-3.260431893477402365e+00,-6.388134555295109651e-01,3.347803215886524519e-02,1.272399924256529535e-01
-8.000000000000000000e+00,-6.648324162081040711e-01,-3.260431893477402365e+00,-6.358119547791357684e-01,3.347803215886524519e-02,1.272399924256529535e-01
-8.000000000000000000e+00,-6.618309154577288744e-01,-3.260431893477402365e+00,-6.328104540287605717e-01,3.347803215886524519e-02,1.272399924256529535e-01
-8.000000000000000000e+00,-6.588294147073536777e-01,-3.260431893477402365e+00,-6.298089532783853750e-01,3.347803215886524519e-02,1.272399924256529535e-01
-8.000000000000000000e+00,-6.558279139569784810e-01,-3.260431893477402365e+00,-6.268074525280101783e-01,3.347803215886524519e-02,1.272399924256529535e-01
-8.000000000000000000e+00,-6.528264132066032843e-01,-3.260431893477402365e+00,-6.238059517776349816e-01,3.347803215886524519e-02,1.272399924256529535e-01
-8.000000000000000000e+00,-6.498249124562280876e-01,-3.260431893477402365e+00,-6.208044510272597849e-01,3.347803215886524519e-02,1.272399924256529535e-01
-8.000000000000000000e+00,-6.468234117058528909e-01,-3.260431893477402365e+00,-6.178029502768845882e-01,3.347803215886524519e-02,1.272399924256529535e-01
-8.000000000000000000e+00,-6.438219109554776942e-01,-3.260431893477402365e+00,-6.148014495265093915e-01,3.347803215886524519e-02,1.272399924256529535e-01
-8.000000000000000000e+00,-6.408204102051024975e-01,-3.260431893477402365e+00,-6.117999487761341948e-01,3.347803215886524519e-02,1.272399924256529535e-01
-8.000000000000000000e+00,-6.378189094547273008e-01,-3.260431893477402365e+00,-6.087984480257589981e-01,3.347803215886524519e-02,1.272399924256529535e-01
-8.000000000000000000e+00,-6.348174087043521041e-01,-3.260431893477402365e+00,-6.057969472753838014e-01,3.347803215886524519e-02,1.272399924256529535e-01
-8.000000000000000000e+00,-6.318159079539769074e-01,-3.260431893477402365e+00,-6.027954465250086047e-01,3.347803215886524519e-02,1.272399924256529535e-01
-8.000000000000000000e+00,-6.288144072036017107e-01,-3.260431893477402365e+00,-5.997939457746334080e-01,3.347803215886524519e-02,1.272399924256529535e-01
-8.000000000000000000e+00,-6.258129064532265140e-01,-3.260431893477402365e+00,-5.967924450242582113e-01,3.347803215886524519e-02,1.272399924256529535e-01
-8.000000000000000000e+00,-6.228114057028513173e-01,-3.260431893477402365e+00,-5.937909442738830146e-01,3.347803215886524519e-02,1.272399924256529535e-01
-8.000000000000000000e+00,-6.198099049524761206e-01,-3.260431893477402365e+00,-5.907894435235078179e-01,3.347803215886524519e-02,1.272399924256529535e-01
-8.000000000000000000e+00,-6.168084042021009239e-01,-3.260431893477402365e+00,-5.877879427731326212e-01,3.347803215886524519e-02,1.272399924256529535e-01
-8.000000000000000000e+00,-6.138069034517257272e-01,-3.260431893477402365e+00,-5.847864420227574245e-01,3.347803215886524519e-02,1.272399924256529535e-01
-8.000000000000000000e+00,-6.108054027013505305e-01,-3.260431893477402365e+00,-5.817849412723822278e-01,3.347803215886524519e-02,1.272399924256529535e-01
-8.000000000000000000e+00,-6.078039019509753338e-01,-3.260431893477402365e+00,-5.787834405220070311e-01,3.347803215886524519e-02,1.272399924256529535e-01
-8.000000000000000000e+00,-6.048024012006001371e-01,-3.260431893477402365e+00,-5.757819397716318344e-01,3.347803215886524519e-02,1.272399924256529535e-01
-8.000000000000000000e+00,-6.018009004502249404e-01,-3.260431893477402365e+00,-5.727804390212566377e-01,3.347803215886524519e-02,1.272399924256529535e-01
-8.000000000000000000e+00,-5.987993996998497437e-01,-3.260430625306063313e+00,-5.691683477789311052e-01,3.348203777086988797e-02,1.269136694361536200e-01
-8.000000000000000000e+00,-5.957978989494745470e-01,-3.260430804625597201e+00,-5.665225607726649404e-01,3.341609286324864758e-02,1.267412616209861176e-01
-8.000000000000000000e+00,-5.927963981990993503e-01,-3.260430040138105223e+00,-5.641734032382813568e-01,3.329295692786249372e-02,1.269786178628627415e-01
-8.000000000000000000e+00,-5.897948974487241536e-01,-3.260428150231480693e+00,-5.616328230837520641e-01,3.316289896521418257e-02,1.278504313982223861e-01
-8.000000000000000000e+00,-5.867933966983489569e-01,-3.260421387451220010e+00,-5.599297972044288141e-01,3.303998117402473511e-02,1.269147711919335342e-01
-8.000000000000000000e+00,-5.837918959479742043e-01,-3.260418101226948639e+00,-5.581710975457291335e-01,3.259669529992814674e-02,1.264259358765191799e-01
-8.000000000000000000e+00,-5.807903951975990076e-01,-3.260413254073839084e+00,-5.566730963241665053e-01,3.202074219886874573e-02,1.258587891641816392e-01
-8.000000000000000000e+00,-5.777888944472238109e-01,-3.260404939515739731e+00,-5.560109889878367406e-01,3.106951582960781888e-02,1.250113553071971473e-01
-8.000000000000000000e+00,-5.747873936968486142e-01,-3.260395444391342323e+00,-5.555693105674612831e-01,2.999772778579212762e-02,1.241284948929155807e-01
-8.000000000000000000e+00,-5.717858929464734175e-01,-3.260388086484911074e+00,-5.544970842674208367e-01,2.912147693202526977e-02,1.235036833271007800e-01
-8.000000000000000000e+00,-5.687843921960982208e-01,-3.260387589445940204e+00,-5.516340788147376939e-01,2.906259488315909856e-02,1.233110402264094851e-01
-8.000000000000000000e+00,-5.657828914457230240e-01,-3.260385684524029770e+00,-5.490839905347939531e-01,2.880159816356953062e-02,1.231077404525243169e-01
-8.000000000000000000e+00,-5.627813906953478273e-01,-3.260385684524029770e+00,-5.460824897844187564e-01,2.880159816356953062e-02,1.231077404525243169e-01
-8.000000000000000000e+00,-5.597798899449726306e-01,-3.260385684524029770e+00,-5.430809890340435597e-01,2.880159816356953062e-02,1.231077404525243169e-01
-8.000000000000000000e+00,-5.567783891945974339e-01,-3.260385684524029770e+00,-5.400794882836683630e-01,2.880159816356953062e-02,1.231077404525243169e-01
-8.000000000000000000e+00,-5.537768884442222372e-01,-3.260385684524029770e+00,-5.370779875332931663e-01,2.880159816356953062e-02,1.231077404525243169e-01
-8.000000000000000000e+00,-5.507753876938470405e-01,-3.260385684524029770e+00,-5.340764867829179696e-01,2.880159816356953062e-02,1.231077404525243169e-01
-8.000000000000000000e+00,-5.477738869434718438e-01,-3.260385684524029770e+00,-5.310749860325427729e-01,2.880159816356953062e-02,1.231077404525243169e-01
-8.000000000000000000e+00,-5.447723861930966471e-01,-3.260385684524029770e+00,-5.280734852821675762e-01,2.880159816356953062e-02,1.231077404525243169e-01
-8.000000000000000000e+00,-5.417708854427214504e-01,-3.260385684524029770e+00,-5.250719845317923795e-01,2.880159816356953062e-02,1.231077404525243169e-01
-8.000000000000000000e+00,-5.387693846923462537e-01,-3.260385684524029770e+00,-5.220704837814171828e-01,2.880159816356953062e-02,1.231077404525243169e-01
-8.000000000000000000e+00,-5.357678839419710570e-01,-3.260385684524029770e+00,-5.190689830310419861e-01,2.880159816356953062e-02,1.231077404525243169e-01
-8.000000000000000000e+00,-5.327663831915958603e-01,-3.260385684524029770e+00,-5.160674822806667894e-01,2.880159816356953062e-02,1.231077404525243169e-01
-8.000000000000000000e+00,-5.297648824412206636e-01,-3.260385684524029770e+00,-5.130659815302915927e-01,2.880159816356953062e-02,1.231077404525243169e-01
-8.000000000000000000e+00,-5.267633816908454669e-01,-3.260385684524029770e+00,-5.100644807799163960e-01,2.880159816356947511e-02,1.231077404525243169e-01
-8.000000000000000000e+00,-5.237618809404702702e-01,-3.260385684524029770e+00,-5.070629800295411993e-01,2.880159816356941960e-02,1.231077404525243169e-01
-8.000000000000000000e+00,-5.207603801900950735e-01,-3.260385684524029770e+00,-5.040614792791660026e-01,2.880159816356941960e-02,1.231077404525243169e-01
-8.000000000000000000e+00,-5.177588794397198768e-01,-3.260385684524029770e+00,-5.010599785287909169e-01,2.880159816356936409e-02,1.231077404525243169e-01
-8.000000000000000000e+00,-5.147573786893446801e-01,-3.260385684524029770e+00,-4.980584777784156092e-01,2.880159816356936409e-02,1.231077404525243169e-01
-8.000000000000000000e+00,-5.117558779389694834e-01,-3.260385684524029770e+00,-4.950569770280403570e-01,2.880159816356947511e-02,1.231077404525243169e-01
-8.000000000000000000e+00,-5.087543771885942867e-01,-3.260385684524029770e+00,-4.920554762776649937e-01,2.880159816356964164e-02,1.231077404525243169e-01
-8.000000000000000000e+00,-5.057528764382190900e-01,-3.260385684524029770e+00,-4.890539755272898526e-01,2.880159816356958613e-02,1.231077404525243169e-01
-8.000000000000000000e+00,-5.027513756878438933e-01,-3.260385684524029770e+00,-4.860524747769148224e-01,2.880159816356941960e-02,1.231077404525243169e-01
-8.000000000000000000e+00,-4.997498749374686966e-01,-3.260385684524029770e+00,-4.830509740265396257e-01,2.880159816356941960e-02,1.231077404525243169e-01
-8.000000000000000000e+00,-4.967483741870934999e-01,-3.260385684524029770e+00,-4.800494732761644290e-01,2.880159816356941960e-02,1.231077404525243169e-01
-8.000000000000000000e+00,-4.937468734367183032e-01,-3.260385684524029770e+00,-4.770479725257892323e-01,2.880159816356941960e-02,1.231077404525243169e-01
-8.000000000000000000e+00,-4.907453726863431065e-01,-3.260385684524029770e+00,-4.740464717754140356e-01,2.880159816356941960e-02,1.231077404525243169e-01
-8.000000000000000000e+00,-4.877438719359679098e-01,-3.260385684524029770e+00,-4.710449710250388389e-01,2.880159816356941960e-02,1.231077404525243169e-01
-8.000000000000000000e+00,-4.847423711855927131e-01,-3.260385684524029770e+00,-4.680434702746636422e-01,2.880159816356941960e-02,1.231077404525243169e-01
-8.000000000000000000e+00,-4.817408704352175164e-01,-3.260385684524029770e+00,-4.650419695242884455e-01,2.880159816356941960e-02,1.231077404525243169e-01
-8.000000000000000000e+00,-4.787393696848423197e-01,-3.260385684524029770e+00,-4.620404687739132488e-01,2.880159816356941960e-02,1.231077404525243169e-01
-8.000000000000000000e+00,-4.757378689344671230e-01,-3.260385684524029770e+00,-4.590389680235380521e-01,2.880159816356941960e-02,1.231077404525243169e-01
-8.000000000000000000e+00,-4.727363681840919263e-01,-3.260385684524029770e+00,-4.560374672731628554e-01,2.880159816356941960e-02,1.231077404525243169e-01
-8.000000000000000000e+00,-4.697348674337167296e-01,-3.260359502375003604e+00,-4.473811027333920443e-01,2.880159816356941960e-02,1.204266891968244629e-01
-8.000000000000000000e+00,-4.667333666833415329e-01,-3.260284725558777019e+00,-4.367607457521627268e-01,3.330314751253077299e-02,9.586246433137612932e-02
-8.000000000000000000e+00,-4.637318659329663362e-01,-3.260329757904079528e+00,-4.230846955343210425e-01,4.163606067362773944e-02,9.424260338752443733e-02
-8.000000000000000000e+00,-4.607303651825911395e-01,-3.260633750480174342e+00,-3.933742396510218620e-01,6.735612553156927751e-02,9.148566188096200757e-02
-8.000000000000000000e+00,-4.577288644322159428e-01,-3.260733610173286667e+00,-3.846530840575004273e-01,7.307578037471551546e-02,9.360615710899282405e-02
-8.000000000000000000e+00,-4.547273636818407461e-01,-3.260848744454066583e+00,-3.757748316845851422e-01,7.895253199725560389e-02,9.569567383290375484e-02
-8.000000000000000000e+00,-4.517258629314655494e-01,-3.260463586886666043e+00,-3.952253322975662897e-01,5.650053063389925967e-02,9.592826009937899245e-02
-8.000000000000000000e+00,-4.487243621810903527e-01,-3.260151829732302886e+00,-4.261641637753920131e-01,2.569887473384091514e-02,9.519972724406794429e-02
-8.000000000000000000e+00,-4.457228614307151560e-01,-3.260136462691830772e+00,-4.348004544182286213e-01,1.092240701248653467e-02,9.792727384581638439e-02
-8.000000000000000000e+00,-4.427213606803399593e-01,-3.260129357096792191e+00,-4.313610950379475062e-01,1.715201119443243716e-02,9.232013391645885192e-02
-8.000000000000000000e+00,-4.397198599299647626e-01,-3.260152851094226811e+00,-4.215642905042877309e-01,2.250536509397466078e-02,9.361956946059836471e-02
-8.000000000000000000e+00,-4.367183591795900099e-01,-3.260152851094226811e+00,-4.185627897539129783e-01,2.250536509397466078e-02,9.361956946059836471e-02
-8.000000000000000000e+00,-4.337168584292148132e-01,-3.260152851094226811e+00,-4.155612890035377816e-01,2.250536509397466078e-02,9.361956946059836471e-02
-8.000000000000000000e+00,-4.307153576788396165e-01,-3.260152851094226811e+00,-4.125597882531625848e-01,2.250536509397466078e-02,9.361956946059836471e-02
-8.000000000000000000e+00,-4.277138569284644198e-01,-3.260152851094226811e+00,-4.095582875027873881e-01,2.250536509397466078e-02,9.361956946059836471e-02
-8.000000000000000000e+00,-4.247123561780892231e-01,-3.260152851094226811e+00,-4.065567867524121914e-01,2.250536509397466078e-02,9.361956946059836471e-02
-8.000000000000000000e+00,-4.217108554277140264e-01,-3.260152851094226811e+00,-4.035552860020369947e-01,2.250536509397466078e-02,9.361956946059836471e-02
-8.000000000000000000e+00,-4.187093546773388297e-01,-3.260152851094226811e+00,-4.005537852516617980e-01,2.250536509397466078e-02,9.361956946059836471e-02
-8.000000000000000000e+00,-4.157078539269636330e-01,-3.260152851094226811e+00,-3.975522845012866013e-01,2.250536509397466078e-02,9.361956946059836471e-02
-8.000000000000000000e+00,-4.127063531765884363e-01,-3.260152851094226811e+00,-3.945507837509114046e-01,2.250536509397466078e-02,9.361956946059836471e-02
-8.000000000000000000e+00,-4.097048524262132396e-01,-3.260152851094226811e+00,-3.915492830005362079e-01,2.250536509397466078e-02,9.361956946059836471e-02
-8.000000000000000000e+00,-4.067033516758380429e-01,-3.260152851094226811e+00,-3.885477822501610112e-01,2.250536509397466078e-02,9.361956946059836471e-02
-8.000000000000000000e+00,-4.037018509254628462e-01,-3.260152851094226811e+00,-3.855462814997858145e-01,2.250536509397466078e-02,9.361956946059836471e-02
-8.000000000000000000e+00,-4.007003501750876495e-01,-3.260152851094226811e+00,-3.825447807494106178e-01,2.250536509397466078e-02,9.361956946059836471e-02
-8.000000000000000000e+00,-3.976988494247124528e-01,-3.260152851094226811e+00,-3.795432799990354211e-01,2.250536509397466078e-02,9.361956946059836471e-02
-8.000000000000000000e+00,-3.946973486743372561e-01,-3.260152851094226811e+00,-3.765417792486602244e-01,2.250536509397466078e-02,9.361956946059836471e-02
-8.000000000000000000e+00,-3.916958479239620594e-01,-3.260152851094226811e+00,-3.735402784982850277e-01,2.250536509397466078e-02,9.361956946059836471e-02
-8.000000000000000000e+00,-3.886943471735868627e-01,-3.260152851094226811e+00,-3.705387777479098310e-01,2.250536509397466078e-02,9.361956946059836471e-02
-8.000000000000000000e+00,-3.856928464232116660e-01,-3.260152851094226811e+00,-3.675372769975346343e-01,2.250536509397466078e-02,9.361956946059836471e-02
-8.000000000000000000e+00,-3.826913456728364693e-01,-3.260152851094226811e+00,-3.645357762471594376e-01,2.250536509397466078e-02,9.361956946059836471e-02
-8.000000000000000000e+00,-3.796898449224612726e-01,-3.260152851094226811e+00,-3.615342754967842409e-01,2.250536509397466078e-02,9.361956946059836471e-02
-8.000000000000000000e+00,-3.766883441720860759e-01,-3.260152851094226811e+00,-3.585327747464090442e-01,2.250536509397466078e-02,9.361956946059836471e-02
-8.000000000000000000e+00,-3.736868434217108792e-01,-3.260152851094226811e+00,-3.555312739960338475e-01,2.250536509397466078e-02,9.361956946059836471e-02
-8.000000000000000000e+00,-3.706853426713356825e-01,-3.260152851094226811e+00,-3.525297732456586508e-01,2.250536509397466078e-02,9.361956946059836471e-02
-8.000000000000000000e+00,-3.676838419209604858e-01,-3.260152851094226811e+00,-3.495282724952834541e-01,2.250536509397466078e-02,9.361956946059836471e-02
-8.000000000000000000e+00,-3.646823411705852891e-01,-3.260152851094226811e+00,-3.465267717449082574e-01,2.250536509397466078e-02,9.361956946059836471e-02
-8.000000000000000000e+00,-3.616808404202100924e-01,-3.260152851094226811e+00,-3.435252709945330607e-01,2.250536509397466078e-02,9.361956946059836471e-02
-8.000000000000000000e+00,-3.586793396698348957e-01,-3.260152851094226811e+00,-3.405237702441578640e-01,2.250536509397466078e-02,9.361956946059836471e-02
-8.000000000000000000e+00,-3.556778389194596990e-01,-3.260152851094226811e+00,-3.375222694937826673e-01,2.250536509397466078e-02,9.361956946059836471e-02
-8.000000000000000000e+00,-3.526763381690845023e-01,-3.260152851094226811e+00,-3.345207687434074706e-01,2.250536509397466078e-02,9.361956946059836471e-02
-8.000000000000000000e+00,-3.496748374187093056e-01,-3.260152851094226811e+00,-3.315192679930322739e-01,2.250536509397466078e-02,9.361956946059836471e-02
-8.000000000000000000e+00,-3.466733366683341089e-01,-3.260152851094226811e+00,-3.285177672426570772e-01,2.250536509397466078e-02,9.361956946059836471e-02
-8.000000000000000000e+00,-3.436718359179589122e-01,-3.260152851094226811e+00,-3.255162664922818805e-01,2.250536509397466078e-02,9.361956946059836471e-02
-8.000000000000000000e+00,-3.406703351675837155e-01,-3.260152851094226811e+00,-3.225147657419066838e-01,2.250536509397466078e-02,9.361956946059836471e-02
-8.000000000000000000e+00,-3.376688344172085188e-01,-3.260152851094226811e+00,-3.195132649915314871e-01,2.250536509397466078e-02,9.361956946059836471e-02
-8.000000000000000000e+00,-3.346673336668333221e-01,-3.260153850732029124e+00,-3.166131575410754961e-01,2.255188211830833067e-02,9.359522780043978696e-02
-8.000000000000000000e+00,-3.316658329164581254e-01,-3.260154145335339315e+00,-3.138188933664147195e-01,2.252233367433642552e-02,9.343837958215807371e-02
-8.000000000000000000e+00,-3.286643321660829287e-01,-3.260154638744959588e+00,-3.104376837077642004e-01,2.281880655326179452e-02,9.357840296128761004e-02
-8.000000000000000000e+00,-3.256628314157077320e-01,-3.260155546540715044e+00,-3.069705753258581971e-01,2.319068730581019810e-02,9.362609715658780363e-02
-8.000000000000000000e+00,-3.226613306653325353e-01,-3.260155233937229724e+00,-3.040698189166864962e-01,2.310739146240226027e-02,9.365415147710076660e-02
-8.000000000000000000e+00,-3.196598299149573386e-01,-3.260154124554640376e+00,-3.013930818321423621e-01,2.283692234066236892e-02,9.361589308705337009e-02
-8.000000000000000000e+00,-3.166583291645821419e-01,-3.260152931150471556e+00,-2.987015013615247350e-01,2.257602560979538042e-02,9.352767034068887320e-02
-8.000000000000000000e+00,-3.136568284142069452e-01,-3.260154013007102058e+00,-2.954447432279408425e-01,2.279486892615395499e-02,9.359319732828925986e-02
-8.000000000000000000e+00,-3.106553276638317485e-01,-3.260154013007102058e+00,-2.924432424775656458e-01,2.279486892615395499e-02,9.359319732828925986e-02
-8.000000000000000000e+00,-3.076538269134565518e-01,-3.260154013007102058e+00,-2.894417417271904491e-01,2.279486892615395499e-02,9.359319732828925986e-02
-8.000000000000000000e+00,-3.046523261630813550e-01,-3.260154013007102058e+00,-2.864402409768152524e-01,2.279486892615395499e-02,9.359319732828925986e-02
-8.000000000000000000e+00,-3.016508254127061583e-01,-3.260154013007102058e+00,-2.834387402264400557e-01,2.279486892615395499e-02,9.359319732828925986e-02
-8.000000000000000000e+00,-2.986493246623309616e-01,-3.260154013007102058e+00,-2.804372394760648590e-01,2.279486892615395499e-02,9.359319732828925986e-02
-8.000000000000000000e+00,-2.956478239119557649e-01,-3.260154013007102058e+00,-2.774357387256896623e-01,2.279486892615395499e-02,9.359319732828925986e-02
-8.000000000000000000e+00,-2.926463231615805682e-01,-3.260154013007102058e+00,-2.744342379753144656e-01,2.279486892615395499e-02,9.359319732828925986e-02
-8.000000000000000000e+00,-2.896448224112058156e-01,-3.260154013007102058e+00,-2.714327372249397130e-01,2.279486892615395499e-02,9.359319732828925986e-02
-8.000000000000000000e+00,-2.866433216608306189e-01,-3.260154013007102058e+00,-2.684312364745645163e-01,2.279486892615395499e-02,9.359319732828925986e-02
-8.000000000000000000e+00,-2.836418209104554222e-01,-3.260154013007102058e+00,-2.654297357241893196e-01,2.279486892615395499e-02,9.359319732828925986e-02
-8.000000000000000000e+00,-2.806403201600802255e-01,-3.260154013007102058e+00,-2.624282349738141229e-01,2.279486892615395499e-02,9.359319732828925986e-02
-8.000000000000000000e+00,-2.776388194097050288e-01,-3.260154013007102058e+00,-2.594267342234389262e-01,2.279486892615395499e-02,9.359319732828925986e-02
-8.000000000000000000e+00,-2.746373186593298321e-01,-3.260154013007102058e+00,-2.564252334730637295e-01,2.279486892615395499e-02,9.359319732828925986e-02
-8.000000000000000000e+00,-2.716358179089546354e-01,-3.260154013007102058e+00,-2.534237327226884218e-01,2.279486892615401050e-02,9.359319732828925986e-02
-8.000000000000000000e+00,-2.686343171585794387e-01,-3.260154013007102058e+00,-2.504222319723131696e-01,2.279486892615403826e-02,9.359319732828925986e-02
-8.000000000000000000e+00,-2.656328164082042420e-01,-3.260154013007102058e+00,-2.474207312219380561e-01,2.279486892615395499e-02,9.359319732828925986e-02
-8.000000000000000000e+00,-2.626313156578290453e-01,-3.260154013007102058e+00,-2.444192304715629704e-01,2.279486892615384397e-02,9.359319732828925986e-02
-8.000000000000000000e+00,-2.596298149074538486e-01,-3.260154013007102058e+00,-2.414177297211876627e-01,2.279486892615395499e-02,9.359319732828925986e-02
-8.000000000000000000e+00,-2.566283141570786519e-01,-3.260154013007102058e+00,-2.384162289708125493e-01,2.279486892615387172e-02,9.359319732828925986e-02
-8.000000000000000000e+00,-2.536268134067034552e-01,-3.260154013007102058e+00,-2.354147282204373248e-01,2.279486892615389948e-02,9.359319732828925986e-02
-8.000000000000000000e+00,-2.506253126563282585e-01,-3.260154013007102058e+00,-2.324132274700621281e-01,2.279486892615389948e-02,9.359319732828925986e-02
-8.000000000000000000e+00,-2.476238119059530618e-01,-3.260154013007102058e+00,-2.294117267196869314e-01,2.279486892615389948e-02,9.359319732828925986e-02
-8.000000000000000000e+00,-2.446223111555778651e-01,-3.260154013007102058e+00,-2.264102259693117347e-01,2.279486892615389948e-02,9.359319732828925986e-02
-8.000000000000000000e+00,-2.416208104052026684e-01,-3.260154013007102058e+00,-2.234087252189365380e-01,2.279486892615389948e-02,9.359319732828925986e-02
-8.000000000000000000e+00,-2.386193096548274717e-01,-3.260154013007102058e+00,-2.204072244685613413e-01,2.279486892615389948e-02,9.359319732828925986e-02
-8.000000000000000000e+00,-2.356178089044522750e-01,-3.260154013007102058e+00,-2.174057237181861446e-01,2.279486892615389948e-02,9.359319732828925986e-02
-8.000000000000000000e+00,-2.326163081540770783e-01,-3.260154013007102058e+00,-2.144042229678109479e-01,2.279486892615389948e-02,9.359319732828925986e-02
-8.000000000000000000e+00,-2.296148074037018816e-01,-3.260154013007102058e+00,-2.114027222174357512e-01,2.279486892615389948e-02,9.359319732828925986e-02
-8.000000000000000000e+00,-2.266133066533266849e-01,-3.260154013007102058e+00,-2.084012214670605545e-01,2.279486892615389948e-02,9.359319732828925986e-02
-8.000000000000000000e+00,-2.236118059029514882e-01,-3.260154013007102058e+00,-2.053997207166853578e-01,2.279486892615389948e-02,9.359319732828925986e-02
-8.000000000000000000e+00,-2.206103051525762915e-01,-3.260154013007102058e+00,-2.023982199663101611e-01,2.279486892615389948e-02,9.359319732828925986e-02
-8.000000000000000000e+00,-2.176088044022010948e-01,-3.260154013007102058e+00,-1.993967192159349644e-01,2.279486892615389948e-02,9.359319732828925986e-02
-8.000000000000000000e+00,-2.146073036518258981e-01,-3.260154013007102058e+00,-1.963952184655597677e-01,2.279486892615389948e-02,9.359319732828925986e-02
-8.000000000000000000e+00,-2.116058029014507014e-01,-3.260193717093319954e+00,-1.805437768435679824e-01,3.106202605788271898e-02,9.149843208996377708e-02
-8.000000000000000000e+00,-2.086043021510755047e-01,-3.260191866978994213e+00,-1.766141648321371271e-01,3.199013731893837753e-02,8.458856336804526643e-02
-8.000000000000000000e+00,-2.056028014007003080e-01,-3.260232827391180255e+00,-1.631310309745984399e-01,4.247177042610186803e-02,6.302147068721060397e-02
-8.000000000000000000e+00,-2.026013006503251113e-01,-3.260179812171158265e+00,-1.663516156307130178e-01,3.624968501961209344e-02,6.067528030136038614e-02
-8.000000000000000000e+00,-1.995997998999499146e-01,-3.260365146113113788e+00,-1.450577571300554203e-01,5.454204276989449429e-02,5.309883884987404157e-02
-8.000000000000000000e+00,-1.965982991495747179e-01,-3.260468369957886470e+00,-1.345948837941063070e-01,6.200341535546841087e-02,5.093557584440588926e-02
-8.000000000000000000e+00,-1.935967983991995212e-01,-3.260438472466989257e+00,-1.336555080016024466e-01,5.994129039759707456e-02,5.015816159505274985e-02
-8.000000000000000000e+00,-1.905952976488243245e-01,-3.260213188426471564e+00,-1.497787903703199919e-01,4.081650727850433258e-02,4.521185476548478938e-02
-8.000000000000000000e+00,-1.875937968984491278e-01,-3.260262119655108481e+00,-2.249934247984776148e-01,3.739962790002848703e-02,9.648673950970335089e-02
-8.000000000000000000e+00,-1.845922961480739311e-01,-3.260645323944235230e+00,-2.537288183976962319e-01,6.913652224962230086e-02,8.929313200173963350e-02
-8.000000000000000000e+00,-1.815907953976987343e-01,-3.260702432001177709e+00,-2.541431415638925051e-01,7.255234616619377075e-02,8.766067951358361143e-02
-8.000000000000000000e+00,-1.785892946473235376e-01,-3.260357035389933156e+00,-2.282568049099936436e-01,4.966751026267010594e-02,8.119853272677579614e-02
-8.000000000000000000e+00,-1.755877938969483409e-01,-3.260413255897121054e+00,-2.292910561782531553e-01,5.370326228130481439e-02,7.621573033318977675e-02
-8.000000000000000000e+00,-1.725862931465731442e-01,-3.260178467688485515e+00,-2.049493595033067272e-01,3.236306635673358301e-02,7.236746387652373547e-02
-8.000000000000000000e+00,-1.695847923961979475e-01,-3.260162675405648525e+00,-1.793718052671349206e-01,2.189411220112877365e-02,6.224658456130251205e-02
-8.000000000000000000e+00,-1.665832916458227508e-01,-3.260251797601673829e+00,-2.060053259870194275e-01,3.942203434119667671e-02,5.480699066335040226e-02
-8.000000000000000000e+00,-1.635817908954475541e-01,-3.260366088947024732e+00,-2.093718883033792166e-01,4.579009740793166250e-02,5.240738529388047628e-02
-8.000000000000000000e+00,-1.605802901450723574e-01,-3.260134269655521777e+00,-1.931171940453064173e-01,3.253690390023405987e-02,3.618996436601699951e-02
-8.000000000000000000e+00,-1.575787893946971607e-01,-3.260122182554748171e+00,-1.870270066832428191e-01,2.982800359798509771e-02,4.584771396652574660e-02
-8.000000000000000000e+00,-1.545772886443219640e-01,-3.260122182554748171e+00,-1.840255059328676224e-01,2.982800359798509771e-02,4.584771396652574660e-02
-8.000000000000000000e+00,-1.515757878939467673e-01,-3.260122182554748171e+00,-1.810240051824924257e-01,2.982800359798509771e-02,4.584771396652574660e-02
-8.000000000000000000e+00,-1.485742871435715706e-01,-3.260122182554748171e+00,-1.780225044321172290e-01,2.982800359798509771e-02,4.584771396652574660e-02
-8.000000000000000000e+00,-1.455727863931968180e-01,-3.260122182554748171e+00,-1.750210036817424764e-01,2.982800359798509771e-02,4.584771396652574660e-02
-8.000000000000000000e+00,-1.425712856428216213e-01,-3.260122182554748171e+00,-1.720195029313672797e-01,2.982800359798509771e-02,4.584771396652574660e-02
-8.000000000000000000e+00,-1.395697848924464246e-01,-3.260122182554748171e+00,-1.690180021809920830e-01,2.982800359798509771e-02,4.584771396652574660e-02
-8.000000000000000000e+00,-1.365682841420712279e-01,-3.260122182554748171e+00,-1.660165014306168862e-01,2.982800359798509771e-02,4.584771396652574660e-02
-8.000000000000000000e+00,-1.335667833916960312e-01,-3.260122182554748171e+00,-1.630150006802416895e-01,2.982800359798509771e-02,4.584771396652574660e-02
-8.000000000000000000e+00,-1.305652826413208345e-01,-3.260122182554748171e+00,-1.600134999298664928e-01,2.982800359798509771e-02,4.584771396652574660e-02
-8.000000000000000000e+00,-1.275637818909456378e-01,-3.260122182554748171e+00,-1.570119991794912961e-01,2.982800359798509771e-02,4.584771396652574660e-02
-8.000000000000000000e+00,-1.245622811405704411e-01,-3.260122182554748171e+00,-1.540104984291160994e-01,2.982800359798509771e-02,4.584771396652574660e-02
-8.000000000000000000e+00,-1.215607803901952444e-01,-3.260122182554748171e+00,-1.510089976787409027e-01,2.982800359798509771e-02,4.584771396652574660e-02
-8.000000000000000000e+00,-1.185592796398200477e-01,-3.260122182554748171e+00,-1.480074969283656505e-01,2.982800359798504219e-02,4.584771396652574660e-02
-8.000000000000000000e+00,-1.155577788894448510e-01,-3.260122182554748171e+00,-1.450059961779905093e-01,2.982800359798509771e-02,4.584771396652574660e-02
-8.000000000000000000e+00,-1.125562781390696543e-01,-3.260122182554748171e+00,-1.420044954276153126e-01,2.982800359798509771e-02,4.584771396652574660e-02
-8.000000000000000000e+00,-1.095547773886944576e-01,-3.260122182554748171e+00,-1.390029946772402270e-01,2.982800359798520873e-02,4.584771396652574660e-02
-8.000000000000000000e+00,-1.065532766383192609e-01,-3.260122182554748171e+00,-1.360014939268650302e-01,2.982800359798520873e-02,4.584771396652574660e-02
-8.000000000000000000e+00,-1.035517758879440642e-01,-3.260122182554748171e+00,-1.329999931764897780e-01,2.982800359798515322e-02,4.584771396652574660e-02
-8.000000000000000000e+00,-1.005502751375688675e-01,-3.260122182554748171e+00,-1.299984924261146368e-01,2.982800359798520873e-02,4.584771396652574660e-02
-8.000000000000000000e+00,-9.754877438719367078e-02,-3.260122182554748171e+00,-1.269969916757394401e-01,2.982800359798520873e-02,4.584771396652574660e-02
-8.000000000000000000e+00,-9.454727363681847407e-02,-3.260122182554748171e+00,-1.239954909253643128e-01,2.982800359798525036e-02,4.584771396652574660e-02
-8.000000000000000000e+00,-9.154577288644327737e-02,-3.260122182554748171e+00,-1.209939901749891161e-01,2.982800359798525036e-02,4.584771396652574660e-02
-8.000000000000000000e+00,-8.854427213606808067e-02,-3.260122182554748171e+00,-1.179924894246139194e-01,2.982800359798525036e-02,4.584771396652574660e-02
-8.000000000000000000e+00,-8.554277138569288397e-02,-3.260122182554748171e+00,-1.149909886742387227e-01,2.982800359798525036e-02,4.584771396652574660e-02
-8.000000000000000000e+00,-8.254127063531768727e-02,-3.260122182554748171e+00,-1.119894879238635260e-01,2.982800359798525036e-02,4.584771396652574660e-02
-8.000000000000000000e+00,-7.953976988494249056e-02,-3.260122182554748171e+00,-1.089879871734883293e-01,2.982800359798525036e-02,4.584771396652574660e-02
-8.000000000000000000e+00,-7.653826913456729386e-02,-3.260122182554748171e+00,-1.059864864231131326e-01,2.982800359798525036e-02,4.584771396652574660e-02
-8.000000000000000000e+00,-7.353676838419209716e-02,-3.260122182554748171e+00,-1.029849856727379359e-01,2.982800359798525036e-02,4.584771396652574660e-02
-8.000000000000000000e+00,-7.053526763381690046e-02,-3.260122182554748171e+00,-9.998348492236273921e-02,2.982800359798525036e-02,4.584771396652574660e-02
-8.000000000000000000e+00,-6.753376688344170375e-02,-3.260122182554748171e+00,-9.698198417198754251e-02,2.982800359798525036e-02,4.584771396652574660e-02
-8.000000000000000000e+00,-6.453226613306650705e-02,-3.260122182554748171e+00,-9.398048342161234581e-02,2.982800359798525036e-02,4.584771396652574660e-02
-8.000000000000000000e+00,-6.153076538269131035e-02,-3.260127792751305709e+00,-9.181683066791511416e-02,3.063312136844999201e-02,4.606742470398952211e-02
-8.000000000000000000e+00,-5.852926463231611365e-02,-3.260139114255891979e+00,-9.046148683661893453e-02,3.221076432910703613e-02,4.637505562399349412e-02
-8.000000000000000000e+00,-5.552776388194091695e-02,-3.260149219387912023e+00,-8.889551067594732292e-02,3.359350318085702058e-02,4.637207994275346912e-02
-8.000000000000000000e+00,-5.252626313156572024e-02,-3.260156372892800913e+00,-8.689812246596910483e-02,3.456465493964332170e-02,4.625007262308726552e-02
-8.000000000000000000e+00,-4.952476238119052354e-02,-3.260164256787553061e+00,-8.500075917337522602e-02,3.562850478620528671e-02,4.607111969063681228e-02
-8.000000000000000000e+00,-4.652326163081532684e-02,-3.260169719670940047e+00,-8.272840620575408477e-02,3.632711237908430035e-02,4.593538638036718386e-02
-8.000000000000000000e+00,-4.352176088044013014e-02,-3.260171481636222168e+00,-7.992705555897455794e-02,3.651613605372698579e-02,4.597689526742793076e-02
-8.000000000000000000e+00,-4.052026013006493343e-02,-3.260172322028502379e+00,-7.701892926090020408e-02,3.660322763882038755e-02,4.595446827527804867e-02
-8.000000000000000000e+00,-3.751875937968973673e-02,-3.260172894186349701e+00,-7.408517443244602707e-02,3.666531563682619288e-02,4.598240827377504669e-02
-8.000000000000000000e+00,-3.451725862931454003e-02,-3.260175486526229793e+00,-7.140777777020498873e-02,3.695573190669827757e-02,4.585959838795834742e-02
-8.000000000000000000e+00,-3.151575787893934333e-02,-3.260177803379286754e+00,-6.870670232345767181e-02,3.722961859915595306e-02,4.618126913626220686e-02
-8.000000000000000000e+00,-2.851425712856414663e-02,-3.260178785150332548e+00,-6.584871954778763470e-02,3.736123224014271937e-02,4.615275951574550339e-02
-8.000000000000000000e+00,-2.551275637818894992e-02,-3.260178820634710206e+00,-6.285022250759789153e-02,3.736459924846925740e-02,4.615881448568713574e-02
-8.000000000000000000e+00,-2.251125562781375322e-02,-3.260178820634710206e+00,-5.984872175722270871e-02,3.736459924846926434e-02,4.615881448568713574e-02
-8.000000000000000000e+00,-1.950975487743855652e-02,-3.260178820634710206e+00,-5.684722100684752588e-02,3.736459924846927821e-02,4.615881448568713574e-02
-8.000000000000000000e+00,-1.650825412706335982e-02,-3.260178820634710206e+00,-5.384572025647232918e-02,3.736459924846927821e-02,4.615881448568713574e-02
-8.000000000000000000e+00,-1.350675337668816312e-02,-3.260178820634710206e+00,-5.084421950609711860e-02,3.736459924846926434e-02,4.615881448568713574e-02
-8.000000000000000000e+00,-1.050525262631296641e-02,-3.260178820634710206e+00,-4.784271875572193577e-02,3.736459924846927821e-02,4.615881448568713574e-02
-8.000000000000000000e+00,-7.503751875937769711e-03,-3.260178820634710206e+00,-4.484121800534673213e-02,3.736459924846927128e-02,4.615881448568713574e-02
-8.000000000000000000e+00,-4.502251125562573009e-03,-3.260178820634710206e+00,-4.183971725497152849e-02,3.736459924846926434e-02,4.615881448568713574e-02
-8.000000000000000000e+00,-1.500750375187376306e-03,-3.260178820634710206e+00,-3.883821650459633179e-02,3.736459924846926434e-02,4.615881448568713574e-02
-8.000000000000000000e+00,1.500750375187376306e-03,-3.260178820634710206e+00,-3.583671575422158612e-02,3.736459924846927128e-02,4.615881448568713574e-02
-8.000000000000000000e+00,4.502251125562573009e-03,-3.260178820634710206e+00,-3.283521500384639635e-02,3.736459924846927821e-02,4.615881448568713574e-02
-8.000000000000000000e+00,7.503751875937769711e-03,-3.260178820634710206e+00,-2.983371425347120312e-02,3.736459924846928515e-02,4.615881448568713574e-02
-8.000000000000000000e+00,1.050525262631296641e-02,-3.260178820634710206e+00,-2.683221350309600642e-02,3.736459924846928515e-02,4.615881448568713574e-02
-8.000000000000000000e+00,1.350675337668816312e-02,-3.260178820634710206e+00,-2.383071275272080972e-02,3.736459924846928515e-02,4.615881448568713574e-02
-8.000000000000000000e+00,1.650825412706335982e-02,-3.260178820634710206e+00,-2.082921200234560608e-02,3.736459924846927128e-02,4.615881448568713574e-02
-8.000000000000000000e+00,1.950975487743855652e-02,-3.260178820634710206e+00,-1.782771125197041631e-02,3.736459924846928515e-02,4.615881448568713574e-02
-8.000000000000000000e+00,2.251125562781375322e-02,-3.260178820634710206e+00,-1.482621050159521787e-02,3.736459924846928515e-02,4.615881448568713574e-02
-8.000000000000000000e+00,2.551275637818894992e-02,-3.260178820634710206e+00,-1.182470975122002117e-02,3.736459924846928515e-02,4.615881448568713574e-02
-8.000000000000000000e+00,2.851425712856414663e-02,-3.260178820634710206e+00,-8.823209000844826205e-03,3.736459924846928515e-02,4.615881448568713574e-02
-8.000000000000000000e+00,3.151575787893934333e-02,-3.260178820634710206e+00,-5.821708250469638177e-03,3.736459924846929209e-02,4.615881448568713574e-02
-8.000000000000000000e+00,3.451725862931454003e-02,-3.260178820634710206e+00,-2.820207500094430199e-03,3.736459924846927821e-02,4.615881448568713574e-02
-8.000000000000000000e+00,3.751875937968973673e-02,-3.260178820634710206e+00,1.812932502807728188e-04,3.736459924846927128e-02,4.615881448568713574e-02
-8.000000000000000000e+00,4.052026013006493343e-02,-3.260178820634710206e+00,3.182794000655983155e-03,3.736459924846925740e-02,4.615881448568713574e-02
-8.000000000000000000e+00,4.352176088044013014e-02,-3.260178820634710206e+00,6.184294751031194602e-03,3.736459924846924352e-02,4.615881448568713574e-02
-8.000000000000000000e+00,4.652326163081532684e-02,-3.260178820634710206e+00,9.185795501406395641e-03,3.736459924846924352e-02,4.615881448568713574e-02
-8.000000000000000000e+00,4.952476238119052354e-02,-3.260178820634710206e+00,1.218729625178159061e-02,3.736459924846924352e-02,4.615881448568713574e-02
-8.000000000000000000e+00,5.252626313156572024e-02,-3.260178820634710206e+00,1.518879700215678558e-02,3.736459924846924352e-02,4.615881448568713574e-02
-8.000000000000000000e+00,5.552776388194091695e-02,-3.260178820634710206e+00,1.819029775253197881e-02,3.736459924846924352e-02,4.615881448568713574e-02
-8.000000000000000000e+00,5.852926463231611365e-02,-3.260178820634710206e+00,2.119179850290716857e-02,3.736459924846925740e-02,4.615881448568713574e-02
-8.000000000000000000e+00,6.153076538269131035e-02,-3.260178820634710206e+00,2.419329925328236527e-02,3.736459924846925740e-02,4.615881448568713574e-02
-8.000000000000000000e+00,6.453226613306650705e-02,-3.260164755817968718e+00,2.943109696007440920e-02,3.513977643726747674e-02,4.598828273812678724e-02
-8.000000000000000000e+00,6.753376688344170375e-02,-3.260482103157042122e+00,4.908978911249602291e-03,6.262478797219210580e-02,5.245838809834021954e-02
-8.000000000000000000e+00,7.053526763381690046e-02,-3.260816785756974312e+00,-1.122865044250499419e-02,8.176391807632189812e-02,5.723343581290678966e-02
-8.000000000000000000e+00,7.353676838419209716e-02,-3.261080537680508762e+00,-2.055494766337589638e-02,9.409171604756799701e-02,6.070764837097242239e-02
-8.000000000000000000e+00,7.653826913456729386e-02,-3.261039441884551415e+00,-1.575314129880604069e-02,9.229141043337332762e-02,6.516940283360381225e-02
-8.000000000000000000e+00,7.953976988494249056e-02,-3.260743446534011269e+00,1.820157639121452574e-03,7.771961224582103755e-02,7.077210833415682745e-02
-8.000000000000000000e+00,8.254127063531768727e-02,-3.260391113183125356e+00,2.878900206113012283e-02,5.375226857418756443e-02,7.748331170634153997e-02
-8.000000000000000000e+00,8.554277138569288397e-02,-3.260649544257507859e+00,1.406579112653221116e-02,7.147698025916067455e-02,9.097127501153114137e-02
-8.000000000000000000e+00,8.854427213606808067e-02,-3.260822220271790250e+00,8.102160175185545501e-03,8.044211196088253690e-02,9.353601169921246794e-02
-8.000000000000000000e+00,9.154577288644327737e-02,-3.260787600812467879e+00,1.276090861655084820e-02,7.878486426989242397e-02,9.321173702027878150e-02
-8.000000000000000000e+00,9.454727363681847407e-02,-3.260925784691001805e+00,9.651669487094746355e-03,8.489560414972373292e-02,9.397200907717080665e-02
-8.000000000000000000e+00,9.754877438719367078e-02,-3.261115800700959078e+00,5.356187301292036559e-03,9.219258708590163942e-02,9.737276463285912675e-02
-8.000000000000000000e+00,1.005502751375688675e-01,-3.261341633653340288e+00,7.946571348251966257e-04,9.975561800274367064e-02,1.011035592669458083e-01
-8.000000000000000000e+00,1.035517758879440642e-01,-3.261357505505614984e+00,3.299049532787220670e-03,1.002527263551568487e-01,1.013600127309388504e-01
-8.000000000000000000e+00,1.065532766383192609e-01,-3.261373007837267135e+00,5.818644361039812182e-03,1.007346322772794539e-01,1.016164774855532332e-01
-8.000000000000000000e+00,1.095547773886944576e-01,-3.261373007837267135e+00,8.820145111415008884e-03,1.007346322772794539e-01,1.016164774855532332e-01
-8.000000000000000000e+00,1.125562781390696543e-01,-3.261373007837267135e+00,1.182164586179019518e-02,1.007346322772794539e-01,1.016164774855532332e-01
-8.000000000000000000e+00,1.155577788894448510e-01,-3.261289641019024632e+00,1.749801663117960329e-02,9.805976225826525117e-02,1.032654423149247519e-01
-8.000000000000000000e+00,1.185592796398200477e-01,-3.261145719990176328e+00,2.554966130195755400e-02,9.300961833786249022e-02,1.064673183189437794e-01
-8.000000000000000000e+00,1.215607803901952444e-01,-3.261003572554594943e+00,3.436946331941693328e-02,8.719131707077831805e-02,1.105444146164576980e-01
-8.000000000000000000e+00,1.245622811405704411e-01,-3.260878420524657706e+00,4.379255040012852013e-02,8.076973074044191403e-02,1.155637616191874384e-01
-8.000000000000000000e+00,1.275637818909456378e-01,-3.260902165247657081e+00,4.543049332078912678e-02,8.213328857015650408e-02,1.221790458574925492e-01
-8.000000000000000000e+00,1.305652826413208345e-01,-3.260977866401274738e+00,4.462267430698663856e-02,8.594260833433420288e-02,1.262620915896517093e-01
-8.000000000000000000e+00,1.335667833916960312e-01,-3.261034413422050360e+00,4.516089457535260587e-02,8.840588881634342533e-02,1.292501498758397704e-01
-8.000000000000000000e+00,1.365682841420712279e-01,-3.261066827837858284e+00,4.684084204999318379e-02,8.972744209207804411e-02,1.311548671760478790e-01
-8.000000000000000000e+00,1.395697848924464246e-01,-3.261081241714192114e+00,4.926880107664419889e-02,9.030098381580223266e-02,1.321049463805823443e-01
-8.000000000000000000e+00,1.425712856428216213e-01,-3.261101548178480858e+00,5.146756342579947296e-02,9.110372221702214834e-02,1.305306096445527086e-01
-8.000000000000000000e+00,1.455727863931968180e-01,-3.261118351516534730e+00,5.380927250483304863e-02,9.176351388836376244e-02,1.288390100422462936e-01
-8.000000000000000000e+00,1.485742871435715706e-01,-3.261123971790293563e+00,5.659151534600975753e-02,9.198277179756181310e-02,1.281083072376226761e-01
-8.000000000000000000e+00,1.515757878939467673e-01,-3.261132612134181485e+00,5.925646749373687100e-02,9.231932040020990327e-02,1.264823353998581756e-01
-8.000000000000000000e+00,1.545772886443219640e-01,-3.261137145700847118e+00,6.208438063955600689e-02,9.249290800476595020e-02,1.249621546995144383e-01
-8.000000000000000000e+00,1.575787893946971607e-01,-3.261137145700847118e+00,6.508588138993116889e-02,9.249290800476599184e-02,1.249621546995144383e-01
-8.000000000000000000e+00,1.605802901450723574e-01,-3.261137145700847118e+00,6.808738214030636560e-02,9.249290800476599184e-02,1.249621546995144383e-01
-8.000000000000000000e+00,1.635817908954475541e-01,-3.261137145700847118e+00,7.108888289068153454e-02,9.249290800476601959e-02,1.249621546995144383e-01
-8.000000000000000000e+00,1.665832916458227508e-01,-3.261137145700847118e+00,7.409038364105673125e-02,9.249290800476601959e-02,1.249621546995144383e-01
-8.000000000000000000e+00,1.695847923961979475e-01,-3.261137145700847118e+00,7.709188439143192795e-02,9.249290800476601959e-02,1.249621546995144383e-01
-8.000000000000000000e+00,1.725862931465731442e-01,-3.261137145700847118e+00,8.009338514180712465e-02,9.249290800476601959e-02,1.249621546995144383e-01
-8.000000000000000000e+00,1.755877938969483409e-01,-3.261137145700847118e+00,8.309488589218232135e-02,9.249290800476601959e-02,1.249621546995144383e-01
-8.000000000000000000e+00,1.785892946473235376e-01,-3.261137145700847118e+00,8.609638664255751805e-02,9.249290800476601959e-02,1.249621546995144383e-01
-8.000000000000000000e+00,1.815907953976987343e-01,-3.261137145700847118e+00,8.909788739293271476e-02,9.249290800476601959e-02,1.249621546995144383e-01
-8.000000000000000000e+00,1.845922961480739311e-01,-3.261137145700847118e+00,9.209938814330789758e-02,9.249290800476603347e-02,1.249621546995144383e-01
-8.000000000000000000e+00,1.875937968984491278e-01,-3.261137145700847118e+00,9.510088889368306653e-02,9.249290800476606123e-02,1.249621546995144383e-01
-8.000000000000000000e+00,1.905952976488243245e-01,-3.261108861686336180e+00,9.940899993259223744e-02,9.118629771623208702e-02,1.246777626060542876e-01
-8.000000000000000000e+00,1.935967983991995212e-01,-3.261078910058452962e+00,1.037630936039031643e-01,8.983370479529635688e-02,1.243650449413842007e-01
-8.000000000000000000e+00,1.965982991495747179e-01,-3.261057910869715748e+00,1.077102759140768501e-01,8.888802323549786777e-02,1.241353236661847798e-01
-8.000000000000000000e+00,1.995997998999499146e-01,-3.261044308903722655e+00,1.113275656950199755e-01,8.827223420492993911e-02,1.239803263265111949e-01
-8.000000000000000000e+00,2.026013006503251113e-01,-3.261033338373717783e+00,1.148308488325720245e-01,8.777045181775308680e-02,1.239764879150678928e-01
-8.000000000000000000e+00,2.056028014007003080e-01,-3.261017218504934867e+00,1.185770656894780811e-01,8.702573571122222684e-02,1.241885714765268017e-01
-8.000000000000000000e+00,2.086043021510755047e-01,-3.260998396380983433e+00,1.224430402684304059e-01,8.616126188264509878e-02,1.244484784131151545e-01
-8.000000000000000000e+00,2.116058029014507014e-01,-3.260982513977766839e+00,1.261306235311696888e-01,8.547517937028101254e-02,1.243018397403082842e-01
-8.000000000000000000e+00,2.146073036518258981e-01,-3.260971360663712737e+00,1.295972375200216964e-01,8.501006613180420168e-02,1.244788066744683952e-01
-8.000000000000000000e+00,2.176088044022010948e-01,-3.260967071557103747e+00,1.327729585424944070e-01,8.483584585970668779e-02,1.245500992465396473e-01
-8.000000000000000000e+00,2.206103051525762915e-01,-3.260965925903396290e+00,1.358193127483600660e-01,8.479099240421622552e-02,1.245295943190066063e-01
-8.000000000000000000e+00,2.236118059029514882e-01,-3.260975237927617343e+00,1.384618700369460720e-01,8.514993586600541620e-02,1.247053933354793920e-01
-8.000000000000000000e+00,2.266133066533266849e-01,-3.260986991519252420e+00,1.410109227513629548e-01,8.560238390196373004e-02,1.249405269372033112e-01
-8.000000000000000000e+00,2.296148074037018816e-01,-3.260992733740287974e+00,1.437906680306602070e-01,8.582413937304167462e-02,1.250613686401366165e-01
-8.000000000000000000e+00,2.326163081540770783e-01,-3.261003724585523678e+00,1.463656012138970508e-01,8.625070694018002748e-02,1.253057797841962417e-01
-8.000000000000000000e+00,2.356178089044522750e-01,-3.261008965308536123e+00,1.491624572311393004e-01,8.645535167331297455e-02,1.254293629536680776e-01
-8.000000000000000000e+00,2.386193096548274717e-01,-3.261018305162725728e+00,1.517968140516601505e-01,8.682249560316732118e-02,1.251969742190781609e-01
-8.000000000000000000e+00,2.416208104052026684e-01,-3.261022588186486715e+00,1.546290725048467540e-01,8.699173790035591436e-02,1.250810134739938351e-01
-8.000000000000000000e+00,2.446223111555778651e-01,-3.261025756711297241e+00,1.575056710783609704e-01,8.711664007721689473e-02,1.249877874721413429e-01
-8.000000000000000000e+00,2.476238119059530618e-01,-3.261017796694381854e+00,1.608124881900044045e-01,8.681132371594865726e-02,1.250638621261848660e-01
-8.000000000000000000e+00,2.506253126563282585e-01,-3.261010525898943246e+00,1.640801714132259226e-01,8.654514124310233592e-02,1.247911261161292890e-01
-8.000000000000000000e+00,2.536268134067034552e-01,-3.261009281488892686e+00,1.671262615873342627e-01,8.650055181936919246e-02,1.247383037978160580e-01
-8.000000000000000000e+00,2.566283141570786519e-01,-3.261006945146961211e+00,1.702114203691260930e-01,8.641689378795255894e-02,1.246273297998638369e-01
-8.000000000000000000e+00,2.596298149074538486e-01,-3.261004981510801759e+00,1.732838800227496090e-01,8.634593488470423961e-02,1.245153608871396034e-01
-8.000000000000000000e+00,2.626313156578290453e-01,-3.261003464715904965e+00,1.763415790089443713e-01,8.628973664888467399e-02,1.246256053358799770e-01
-8.000000000000000000e+00,2.656328164082042420e-01,-3.261003473421043353e+00,1.793427504995366295e-01,8.629006590866761250e-02,1.246248206354187565e-01
-8.000000000000000000e+00,2.686343171585794387e-01,-3.261003502752024996e+00,1.823431194334068084e-01,8.629119772517263032e-02,1.246211978300307832e-01
-8.000000000000000000e+00,2.716358179089546354e-01,-3.261003927112922529e+00,1.853278587450271075e-01,8.630795916392752787e-02,1.245289265281803587e-01
-8.000000000000000000e+00,2.746373186593298321e-01,-3.261004368809071075e+00,1.883118819862047433e-01,8.632543667312508884e-02,1.245589473128654173e-01
-8.000000000000000000e+00,2.776388194097050288e-01,-3.261004368809071075e+00,1.913133827365798567e-01,8.632543667312517210e-02,1.245589473128654173e-01
-8.000000000000000000e+00,2.806403201600802255e-01,-3.261004368809071075e+00,1.943148834869551089e-01,8.632543667312511659e-02,1.245589473128654173e-01
-8.000000000000000000e+00,2.836418209104554222e-01,-3.261004368809071075e+00,1.973163842373302779e-01,8.632543667312514435e-02,1.245589473128654173e-01
-8.000000000000000000e+00,2.866433216608306189e-01,-3.261004368809071075e+00,2.003178849877054746e-01,8.632543667312514435e-02,1.245589473128654173e-01
-8.000000000000000000e+00,2.896448224112058156e-01,-3.261004368809071075e+00,2.033193857380806713e-01,8.632543667312514435e-02,1.245589473128654173e-01
-8.000000000000000000e+00,2.926463231615810123e-01,-3.261004368809071075e+00,2.063208864884558402e-01,8.632543667312517210e-02,1.245589473128654173e-01
-8.000000000000000000e+00,2.956478239119557649e-01,-3.261004368809071075e+00,2.093223872388305928e-01,8.632543667312517210e-02,1.245589473128654173e-01
-8.000000000000000000e+00,2.986493246623309616e-01,-3.261004368809071075e+00,2.123238879892057895e-01,8.632543667312517210e-02,1.245589473128654173e-01
-8.000000000000000000e+00,3.016508254127061583e-01,-3.261004368809071075e+00,2.153253887395809862e-01,8.632543667312517210e-02,1.245589473128654173e-01
-8.000000000000000000e+00,3.046523261630813550e-01,-3.261004368809071075e+00,2.183268894899562107e-01,8.632543667312514435e-02,1.245589473128654173e-01
-8.000000000000000000e+00,3.076538269134565518e-01,-3.261004368809071075e+00,2.213283902403314352e-01,8.632543667312511659e-02,1.245589473128654173e-01
-8.000000000000000000e+00,3.106553276638317485e-01,-3.261004368809071075e+00,2.243298909907066319e-01,8.632543667312511659e-02,1.245589473128654173e-01
-8.000000000000000000e+00,3.136568284142069452e-01,-3.261004368809071075e+00,2.273313917410818286e-01,8.632543667312511659e-02,1.245589473128654173e-01
-8.000000000000000000e+00,3.166583291645821419e-01,-3.260425359351940333e+00,2.658941186660789824e-01,5.076421049850315947e-02,1.158646553835485371e-01
-8.000000000000000000e+00,3.196598299149573386e-01,-3.260460496595887214e+00,2.662904281080092916e-01,5.336940180694804692e-02,1.166364703684903831e-01
-8.000000000000000000e+00,3.226613306653325353e-01,-3.260544251023623552e+00,2.634597015523288399e-01,5.920162911300369535e-02,1.159973606411227320e-01
-8.000000000000000000e+00,3.256628314157077320e-01,-3.260817684258365823e+00,2.508309826151374211e-01,7.483184880057031085e-02,1.113646026974529496e-01
-8.000000000000000000e+00,3.286643321660829287e-01,-3.260519400433753212e+00,2.694637355109000820e-01,5.920059665518284664e-02,1.068163638880557931e-01
-8.000000000000000000e+00,3.316658329164581254e-01,-3.260148077667134991e+00,3.051190788142724708e-01,2.654675410218565457e-02,9.351929931474842195e-02
-8.000000000000000000e+00,3.346673336668333221e-01,-3.260155737110383978e+00,3.074951111221795874e-01,2.717222254465373465e-02,9.462420114932657000e-02
-8.000000000000000000e+00,3.376688344172085188e-01,-3.260144680213054702e+00,3.115988826023258218e-01,2.606995181488269697e-02,9.884179735426024127e-02
-8.000000000000000000e+00,3.406703351675837155e-01,-3.260138212337646557e+00,3.176471168201061013e-01,2.401001972980321142e-02,1.134695547682953998e-01
-8.000000000000000000e+00,3.436718359179589122e-01,-3.260138212337646557e+00,3.206486175704812980e-01,2.401001972980321142e-02,1.134695547682953998e-01
-8.000000000000000000e+00,3.466733366683341089e-01,-3.260138212337646557e+00,3.236501183208564947e-01,2.401001972980321142e-02,1.134695547682953998e-01
-8.000000000000000000e+00,3.496748374187093056e-01,-3.260138212337646557e+00,3.266516190712316914e-01,2.401001972980321142e-02,1.134695547682953998e-01
-8.000000000000000000e+00,3.526763381690845023e-01,-3.260138212337646557e+00,3.296531198216068881e-01,2.401001972980321142e-02,1.134695547682953998e-01
-8.000000000000000000e+00,3.556778389194596990e-01,-3.260138212337646557e+00,3.326546205719820848e-01,2.401001972980321142e-02,1.134695547682953998e-01
-8.000000000000000000e+00,3.586793396698348957e-01,-3.260138212337646557e+00,3.356561213223572815e-01,2.401001972980321142e-02,1.134695547682953998e-01
-8.000000000000000000e+00,3.616808404202100924e-01,-3.260138212337646557e+00,3.386576220727324782e-01,2.401001972980321142e-02,1.134695547682953998e-01
-8.000000000000000000e+00,3.646823411705852891e-01,-3.260138212337646557e+00,3.416591228231076749e-01,2.401001972980321142e-02,1.134695547682953998e-01
-8.000000000000000000e+00,3.676838419209604858e-01,-3.260138212337646557e+00,3.446606235734828716e-01,2.401001972980321142e-02,1.134695547682953998e-01
-8.000000000000000000e+00,3.706853426713356825e-01,-3.260138212337646557e+00,3.476621243238580683e-01,2.401001972980321142e-02,1.134695547682953998e-01
-8.000000000000000000e+00,3.736868434217108792e-01,-3.260138212337646557e+00,3.506636250742332650e-01,2.401001972980321142e-02,1.134695547682953998e-01
-8.000000000000000000e+00,3.766883441720860759e-01,-3.260138212337646557e+00,3.536651258246084617e-01,2.401001972980321142e-02,1.134695547682953998e-01
-8.000000000000000000e+00,3.796898449224612726e-01,-3.260138212337646557e+00,3.566666265749836584e-01,2.401001972980321142e-02,1.134695547682953998e-01
-8.000000000000000000e+00,3.826913456728364693e-01,-3.260138212337646557e+00,3.596681273253588551e-01,2.401001972980321142e-02,1.134695547682953998e-01
-8.000000000000000000e+00,3.856928464232116660e-01,-3.260138212337646557e+00,3.626696280757340518e-01,2.401001972980321142e-02,1.134695547682953998e-01
-8.000000000000000000e+00,3.886943471735868627e-01,-3.260138212337646557e+00,3.656711288261092485e-01,2.401001972980321142e-02,1.134695547682953998e-01
-8.000000000000000000e+00,3.916958479239620594e-01,-3.260138212337646557e+00,3.686726295764844452e-01,2.401001972980321142e-02,1.134695547682953998e-01
-8.000000000000000000e+00,3.946973486743372561e-01,-3.260138212337646557e+00,3.716741303268596419e-01,2.401001972980321142e-02,1.134695547682953998e-01
-8.000000000000000000e+00,3.976988494247124528e-01,-3.260138212337646557e+00,3.746756310772348386e-01,2.401001972980321142e-02,1.134695547682953998e-01
-8.000000000000000000e+00,4.007003501750876495e-01,-3.260138212337646557e+00,3.776771318276100353e-01,2.401001972980321142e-02,1.134695547682953998e-01
-8.000000000000000000e+00,4.037018509254628462e-01,-3.260138212337646557e+00,3.806786325779852320e-01,2.401001972980321142e-02,1.134695547682953998e-01
-8.000000000000000000e+00,4.067033516758380429e-01,-3.260138212337646557e+00,3.836801333283604287e-01,2.401001972980321142e-02,1.134695547682953998e-01
-8.000000000000000000e+00,4.097048524262132396e-01,-3.260138212337646557e+00,3.866816340787356254e-01,2.401001972980321142e-02,1.134695547682953998e-01
-8.000000000000000000e+00,4.127063531765884363e-01,-3.260138212337646557e+00,3.896831348291108221e-01,2.401001972980321142e-02,1.134695547682953998e-01
-8.000000000000000000e+00,4.157078539269636330e-01,-3.260138212337646557e+00,3.926846355794860188e-01,2.401001972980321142e-02,1.134695547682953998e-01
-8.000000000000000000e+00,4.187093546773388297e-01,-3.260138212337646557e+00,3.956861363298612155e-01,2.401001972980321142e-02,1.134695547682953998e-01
-8.000000000000000000e+00,4.217108554277140264e-01,-3.260138212337646557e+00,3.986876370802364122e-01,2.401001972980321142e-02,1.134695547682953998e-01
-8.000000000000000000e+00,4.247123561780892231e-01,-3.260138212337646557e+00,4.016891378306116089e-01,2.401001972980321142e-02,1.134695547682953998e-01
-8.000000000000000000e+00,4.277138569284644198e-01,-3.260138212337646557e+00,4.046906385809868056e-01,2.401001972980321142e-02,1.134695547682953998e-01
-8.000000000000000000e+00,4.307153576788396165e-01,-3.260138212337646557e+00,4.076921393313620023e-01,2.401001972980321142e-02,1.134695547682953998e-01
-8.000000000000000000e+00,4.337168584292148132e-01,-3.260138212337646557e+00,4.106936400817371990e-01,2.401001972980321142e-02,1.134695547682953998e-01
-8.000000000000000000e+00,4.367183591795900099e-01,-3.260138212337646557e+00,4.136951408321123957e-01,2.401001972980321142e-02,1.134695547682953998e-01
-8.000000000000000000e+00,4.397198599299647626e-01,-3.260138212337646557e+00,4.166966415824871484e-01,2.401001972980321142e-02,1.134695547682953998e-01
-8.000000000000000000e+00,4.427213606803399593e-01,-3.260139770825776218e+00,4.194089311524770713e-01,2.428634452135336463e-02,1.135387895047058199e-01
-8.000000000000000000e+00,4.457228614307151560e-01,-3.260141914316715628e+00,4.220143814131306903e-01,2.466251585586981543e-02,1.136455930963199967e-01
-8.000000000000000000e+00,4.487243621810903527e-01,-3.260143277310898924e+00,4.247452495885182810e-01,2.491886941366106001e-02,1.136479279306029794e-01
-8.000000000000000000e+00,4.517258629314655494e-01,-3.260145203329731789e+00,4.273195432083361500e-01,2.532233643568210235e-02,1.135190447834290017e-01
-8.000000000000000000e+00,4.547273636818407461e-01,-3.260146080579901184e+00,4.301070970857801545e-01,2.552313714783877030e-02,1.135040981658395481e-01
-8.000000000000000000e+00,4.577288644322159428e-01,-3.260146613183644959e+00,4.329901299091518663e-01,2.563115497615270355e-02,1.135004854401734375e-01
-8.000000000000000000e+00,4.607303651825911395e-01,-3.260147451567552590e+00,4.358769164136188090e-01,2.572243916525401852e-02,1.136067523928308842e-01
-8.000000000000000000e+00,4.637318659329663362e-01,-3.260147969940239143e+00,4.387914736425283513e-01,2.578315429642880074e-02,1.136568474447219729e-01
-8.000000000000000000e+00,4.667333666833415329e-01,-3.260148040311231288e+00,4.417528212423830758e-01,2.580417730521894493e-02,1.135309751450498672e-01
-8.000000000000000000e+00,4.697348674337167296e-01,-3.260148037995738157e+00,4.447538159884428799e-01,2.580417730521894493e-02,1.135281616479001249e-01
-8.000000000000000000e+00,4.727363681840919263e-01,-3.260148037995738157e+00,4.477553167388180766e-01,2.580417730521894493e-02,1.135281616479001249e-01
-8.000000000000000000e+00,4.757378689344671230e-01,-3.260148037995738157e+00,4.507568174891932733e-01,2.580417730521894493e-02,1.135281616479001249e-01
-8.000000000000000000e+00,4.787393696848423197e-01,-3.260148037995738157e+00,4.537583182395684700e-01,2.580417730521894493e-02,1.135281616479001249e-01
-8.000000000000000000e+00,4.817408704352175164e-01,-3.260148037995738157e+00,4.567598189899436667e-01,2.580417730521894493e-02,1.135281616479001249e-01
-8.000000000000000000e+00,4.847423711855927131e-01,-3.260148037995738157e+00,4.597613197403188634e-01,2.580417730521894493e-02,1.135281616479001249e-01
-8.000000000000000000e+00,4.877438719359679098e-01,-3.260148037995738157e+00,4.627628204906940601e-01,2.580417730521894493e-02,1.135281616479001249e-01
-8.000000000000000000e+00,4.907453726863431065e-01,-3.260148037995738157e+00,4.657643212410692568e-01,2.580417730521894493e-02,1.135281616479001249e-01
-8.000000000000000000e+00,4.937468734367183032e-01,-3.260148037995738157e+00,4.687658219914444535e-01,2.580417730521894493e-02,1.135281616479001249e-01
-8.000000000000000000e+00,4.967483741870934999e-01,-3.260148037995738157e+00,4.717673227418196502e-01,2.580417730521894493e-02,1.135281616479001249e-01
-8.000000000000000000e+00,4.997498749374686966e-01,-3.260148037995738157e+00,4.747688234921948469e-01,2.580417730521894493e-02,1.135281616479001249e-01
-8.000000000000000000e+00,5.027513756878438933e-01,-3.260148037995738157e+00,4.777703242425699326e-01,2.580417730521905595e-02,1.135281616479001249e-01
-8.000000000000000000e+00,5.057528764382190900e-01,-3.260148037995738157e+00,4.807718249929451293e-01,2.580417730521905595e-02,1.135281616479001249e-01
-8.000000000000000000e+00,5.087543771885942867e-01,-3.260148037995738157e+00,4.837733257433204370e-01,2.580417730521894493e-02,1.135281616479001249e-01
-8.000000000000000000e+00,5.117558779389694834e-01,-3.260148037995738157e+00,4.867748264936956337e-01,2.580417730521894493e-02,1.135281616479001249e-01
-8.000000000000000000e+00,5.147573786893446801e-01,-3.260148037995738157e+00,4.897763272440709970e-01,2.580417730521877839e-02,1.135281616479001249e-01
-8.000000000000000000e+00,5.177588794397198768e-01,-3.260148037995738157e+00,4.927778279944463047e-01,2.580417730521866737e-02,1.135281616479001249e-01
-8.000000000000000000e+00,5.207603801900950735e-01,-3.260148037995738157e+00,4.957793287448216124e-01,2.580417730521855635e-02,1.135281616479001249e-01
-8.000000000000000000e+00,5.237618809404702702e-01,-3.260148037995738157e+00,4.987808294951966981e-01,2.580417730521866737e-02,1.135281616479001249e-01
-8.000000000000000000e+00,5.267633816908454669e-01,-3.260148037995738157e+00,5.017823302455719503e-01,2.580417730521866737e-02,1.135281616479001249e-01
-8.000000000000000000e+00,5.297648824412206636e-01,-3.260148037995738157e+00,5.047838309959471470e-01,2.580417730521866737e-02,1.135281616479001249e-01
-8.000000000000000000e+00,5.327663831915958603e-01,-3.260148037995738157e+00,5.077853317463223437e-01,2.580417730521866737e-02,1.135281616479001249e-01
-8.000000000000000000e+00,5.357678839419710570e-01,-3.260148037995738157e+00,5.107868324966975404e-01,2.580417730521866737e-02,1.135281616479001249e-01
-8.000000000000000000e+00,5.387693846923462537e-01,-3.260148037995738157e+00,5.137883332470727371e-01,2.580417730521866737e-02,1.135281616479001249e-01
-8.000000000000000000e+00,5.417708854427214504e-01,-3.260148037995738157e+00,5.167898339974479338e-01,2.580417730521866737e-02,1.135281616479001249e-01
-8.000000000000000000e+00,5.447723861930966471e-01,-3.260148037995738157e+00,5.197913347478231305e-01,2.580417730521866737e-02,1.135281616479001249e-01
-8.000000000000000000e+00,5.477738869434718438e-01,-3.260148037995738157e+00,5.227928354981983272e-01,2.580417730521866737e-02,1.135281616479001249e-01
-8.000000000000000000e+00,5.507753876938470405e-01,-3.260148037995738157e+00,5.257943362485735239e-01,2.580417730521866737e-02,1.135281616479001249e-01
-8.000000000000000000e+00,5.537768884442222372e-01,-3.260148037995738157e+00,5.287958369989487206e-01,2.580417730521866737e-02,1.135281616479001249e-01
-8.000000000000000000e+00,5.567783891945974339e-01,-3.260148037995738157e+00,5.317973377493239173e-01,2.580417730521866737e-02,1.135281616479001249e-01
-8.000000000000000000e+00,5.597798899449726306e-01,-3.260148037995738157e+00,5.347988384996991140e-01,2.580417730521866737e-02,1.135281616479001249e-01
-8.000000000000000000e+00,5.627813906953478273e-01,-3.260148037995738157e+00,5.378003392500743107e-01,2.580417730521866737e-02,1.135281616479001249e-01
-8.000000000000000000e+00,5.657828914457230240e-01,-3.260148037995738157e+00,5.408018400004495074e-01,2.580417730521866737e-02,1.135281616479001249e-01
-8.000000000000000000e+00,5.687843921960982208e-01,-3.260222286944048697e+00,6.038849803026085095e-01,3.510058810651028871e-02,8.088673734469742360e-02
-8.000000000000000000e+00,5.717858929464734175e-01,-3.260222286944048697e+00,6.068864810529837062e-01,3.510058810651028871e-02,8.088673734469742360e-02
-8.000000000000000000e+00,5.747873936968486142e-01,-3.260222286944048697e+00,6.098879818033589029e-01,3.510058810651028871e-02,8.088673734469742360e-02
-8.000000000000000000e+00,5.777888944472238109e-01,-3.260222286944048697e+00,6.128894825537340996e-01,3.510058810651028871e-02,8.088673734469742360e-02
-8.000000000000000000e+00,5.807903951975990076e-01,-3.260222286944048697e+00,6.158909833041092963e-01,3.510058810651028871e-02,8.088673734469742360e-02
-8.000000000000000000e+00,5.837918959479742043e-01,-3.260222286944048697e+00,6.188924840544844930e-01,3.510058810651028871e-02,8.088673734469742360e-02
-8.000000000000000000e+00,5.867933966983489569e-01,-3.260222286944048697e+00,6.218939848048592456e-01,3.510058810651028871e-02,8.088673734469742360e-02
-8.000000000000000000e+00,5.897948974487241536e-01,-3.260222286944048697e+00,6.248954855552344423e-01,3.510058810651028871e-02,8.088673734469742360e-02
-8.000000000000000000e+00,5.927963981990993503e-01,-3.260222286944048697e+00,6.278969863056096390e-01,3.510058810651028871e-02,8.088673734469742360e-02
-8.000000000000000000e+00,5.957978989494745470e-01,-3.260222286944048697e+00,6.308984870559848357e-01,3.510058810651028871e-02,8.088673734469742360e-02
-8.000000000000000000e+00,5.987993996998497437e-01,-3.260222286944048697e+00,6.338999878063600324e-01,3.510058810651028871e-02,8.088673734469742360e-02
-8.000000000000000000e+00,6.018009004502249404e-01,-3.260222286944048697e+00,6.369014885567352291e-01,3.510058810651028871e-02,8.088673734469742360e-02
-8.000000000000000000e+00,6.048024012006001371e-01,-3.260222286944048697e+00,6.399029893071104258e-01,3.510058810651028871e-02,8.088673734469742360e-02
-8.000000000000000000e+00,6.078039019509753338e-01,-3.260222286944048697e+00,6.429044900574856225e-01,3.510058810651028871e-02,8.088673734469742360e-02
-8.000000000000000000e+00,6.108054027013505305e-01,-3.260222286944048697e+00,6.459059908078608192e-01,3.510058810651028871e-02,8.088673734469742360e-02
-8.000000000000000000e+00,6.138069034517257272e-01,-3.260222286944048697e+00,6.489074915582360159e-01,3.510058810651028871e-02,8.088673734469742360e-02
-8.000000000000000000e+00,6.168084042021009239e-01,-3.260222286944048697e+00,6.519089923086112126e-01,3.510058810651028871e-02,8.088673734469742360e-02
-8.000000000000000000e+00,6.198099049524761206e-01,-3.260222286944048697e+00,6.549104930589864093e-01,3.510058810651028871e-02,8.088673734469742360e-02
-8.000000000000000000e+00,6.228114057028513173e-01,-3.260222286944048697e+00,6.579119938093616060e-01,3.510058810651028871e-02,8.088673734469742360e-02
-8.000000000000000000e+00,6.258129064532265140e-01,-3.260222286944048697e+00,6.609134945597368027e-01,3.510058810651028871e-02,8.088673734469742360e-02
-8.000000000000000000e+00,6.288144072036017107e-01,-3.260222286944048697e+00,6.639149953101119994e-01,3.510058810651028871e-02,8.088673734469742360e-02
-8.000000000000000000e+00,6.318159079539769074e-01,-3.260222286944048697e+00,6.669164960604871961e-01,3.510058810651028871e-02,8.088673734469742360e-02
-8.000000000000000000e+00,6.348174087043521041e-01,-3.260222286944048697e+00,6.699179968108623928e-01,3.510058810651028871e-02,8.088673734469742360e-02
-8.000000000000000000e+00,6.378189094547273008e-01,-3.260222286944048697e+00,6.729194975612375895e-01,3.510058810651028871e-02,8.088673734469742360e-02
-8.000000000000000000e+00,6.408204102051024975e-01,-3.260222286944048697e+00,6.759209983116127862e-01,3.510058810651028871e-02,8.088673734469742360e-02
-8.000000000000000000e+00,6.438219109554776942e-01,-3.260222286944048697e+00,6.789224990619879829e-01,3.510058810651028871e-02,8.088673734469742360e-02
-8.000000000000000000e+00,6.468234117058528909e-01,-3.260222286944048697e+00,6.819239998123631796e-01,3.510058810651028871e-02,8.088673734469742360e-02
-8.000000000000000000e+00,6.498249124562280876e-01,-3.260222286944048697e+00,6.849255005627383763e-01,3.510058810651028871e-02,8.088673734469742360e-02
-8.000000000000000000e+00,6.528264132066032843e-01,-3.260222286944048697e+00,6.879270013131135730e-01,3.510058810651028871e-02,8.088673734469742360e-02
-8.000000000000000000e+00,6.558279139569784810e-01,-3.260222286944048697e+00,6.909285020634887697e-01,3.510058810651028871e-02,8.088673734469742360e-02
-8.000000000000000000e+00,6.588294147073536777e-01,-3.260222286944048697e+00,6.939300028138639664e-01,3.510058810651028871e-02,8.088673734469742360e-02
-8.000000000000000000e+00,6.618309154577288744e-01,-3.260222138322862673e+00,6.969253191228305111e-01,3.509440366510163667e-02,8.083049164224684335e-02
-8.000000000000000000e+00,6.648324162081040711e-01,-3.260221546806785220e+00,6.998988433727512115e-01,3.506642716464714038e-02,8.071437253032515136e-02
-8.000000000000000000e+00,6.678339169584792678e-01,-3.260220493960008348e+00,7.028336959136984863e-01,3.499977895521921845e-02,8.067075323323616431e-02
-8.000000000000000000e+00,6.708354177088544645e-01,-3.260219744091140903e+00,7.057814355561864428e-01,3.494601784733197825e-02,8.078772265114961271e-02
-8.000000000000000000e+00,6.738369184592296612e-01,-3.260221707160408489e+00,7.089304408284068382e-01,3.509352236917717693e-02,8.086532816195741991e-02
-8.000000000000000000e+00,6.768384192096048579e-01,-3.260216636729764250e+00,7.115260846947983886e-01,3.468766548519353066e-02,8.114523103118126413e-02
-8.000000000000000000e+00,6.798399199599800546e-01,-3.260210087358930142e+00,7.139899455337193057e-01,3.415002557373925107e-02,8.147150286066907887e-02
-8.000000000000000000e+00,6.828414207103552513e-01,-3.260207008326734268e+00,7.167362885787044169e-01,3.389486786834916554e-02,8.148416267674488123e-02
-8.000000000000000000e+00,6.858429214607304480e-01,-3.260211492149036161e+00,7.201062409299689993e-01,3.426331946923855121e-02,8.167517928745694766e-02
-8.000000000000000000e+00,6.888444222111056447e-01,-3.260204104650270107e+00,7.222831962980013065e-01,3.343877408689566177e-02,8.089320526689015856e-02
-8.000000000000000000e+00,6.918459229614808415e-01,-3.260201351644326451e+00,7.249087492677661615e-01,3.306282630628532004e-02,8.093159373828438807e-02
-8.000000000000000000e+00,6.948474237118560382e-01,-3.260211662683890399e+00,7.292956875130774952e-01,3.444826380122145704e-02,8.125098823470777720e-02
-8.000000000000000000e+00,6.978489244622312349e-01,-3.260211662683890399e+00,7.322971882634526919e-01,3.444826380122145704e-02,8.125098823470777720e-02
-8.000000000000000000e+00,7.008504252126064316e-01,-3.260211662683890399e+00,7.352986890138278886e-01,3.444826380122145704e-02,8.125098823470777720e-02
-8.000000000000000000e+00,7.038519259629816283e-01,-3.260211662683890399e+00,7.383001897642030853e-01,3.444826380122145704e-02,8.125098823470777720e-02
-8.000000000000000000e+00,7.068534267133568250e-01,-3.260211662683890399e+00,7.413016905145782820e-01,3.444826380122145704e-02,8.125098823470777720e-02
-8.000000000000000000e+00,7.098549274637320217e-01,-3.260211662683890399e+00,7.443031912649534787e-01,3.444826380122145704e-02,8.125098823470777720e-02
-8.000000000000000000e+00,7.128564282141072184e-01,-3.260211662683890399e+00,7.473046920153286754e-01,3.444826380122145704e-02,8.125098823470777720e-02
-8.000000000000000000e+00,7.158579289644824151e-01,-3.260211662683890399e+00,7.503061927657038721e-01,3.444826380122145704e-02,8.125098823470777720e-02
-8.000000000000000000e+00,7.188594297148576118e-01,-3.260211662683890399e+00,7.533076935160790688e-01,3.444826380122145704e-02,8.125098823470777720e-02
-8.000000000000000000e+00,7.218609304652328085e-01,-3.260211662683890399e+00,7.563091942664542655e-01,3.444826380122145704e-02,8.125098823470777720e-02
-8.000000000000000000e+00,7.248624312156080052e-01,-3.260211662683890399e+00,7.593106950168294622e-01,3.444826380122145704e-02,8.125098823470777720e-02
-8.000000000000000000e+00,7.278639319659832019e-01,-3.260211662683890399e+00,7.623121957672046589e-01,3.444826380122145704e-02,8.125098823470777720e-02
-8.000000000000000000e+00,7.308654327163583986e-01,-3.260211662683890399e+00,7.653136965175798556e-01,3.444826380122145704e-02,8.125098823470777720e-02
-8.000000000000000000e+00,7.338669334667331512e-01,-3.260211662683890399e+00,7.683151972679546082e-01,3.444826380122145704e-02,8.125098823470777720e-02
-8.000000000000000000e+00,7.368684342171083479e-01,-3.260211662683890399e+00,7.713166980183298049e-01,3.444826380122145704e-02,8.125098823470777720e-02
-8.000000000000000000e+00,7.398699349674835446e-01,-3.260211662683890399e+00,7.743181987687050016e-01,3.444826380122145704e-02,8.125098823470777720e-02
-8.000000000000000000e+00,7.428714357178587413e-01,-3.260211662683890399e+00,7.773196995190801983e-01,3.444826380122145704e-02,8.125098823470777720e-02
-8.000000000000000000e+00,7.458729364682339380e-01,-3.260211662683890399e+00,7.803212002694553950e-01,3.444826380122145704e-02,8.125098823470777720e-02
-8.000000000000000000e+00,7.488744372186091347e-01,-3.260211662683890399e+00,7.833227010198305917e-01,3.444826380122145704e-02,8.125098823470777720e-02
-8.000000000000000000e+00,7.518759379689843314e-01,-3.260211662683890399e+00,7.863242017702057884e-01,3.444826380122145704e-02,8.125098823470777720e-02
-8.000000000000000000e+00,7.548774387193595281e-01,-3.260211662683890399e+00,7.893257025205809851e-01,3.444826380122145704e-02,8.125098823470777720e-02
-8.000000000000000000e+00,7.578789394697347248e-01,-3.260211662683890399e+00,7.923272032709561818e-01,3.444826380122145704e-02,8.125098823470777720e-02
-8.000000000000000000e+00,7.608804402201099215e-01,-3.260211662683890399e+00,7.953287040213313785e-01,3.444826380122145704e-02,8.125098823470777720e-02
-8.000000000000000000e+00,7.638819409704851182e-01,-3.260211662683890399e+00,7.983302047717065753e-01,3.444826380122145704e-02,8.125098823470777720e-02
-8.000000000000000000e+00,7.668834417208603149e-01,-3.260211662683890399e+00,8.013317055220817720e-01,3.444826380122145704e-02,8.125098823470777720e-02
-8.000000000000000000e+00,7.698849424712355116e-01,-3.260211662683890399e+00,8.043332062724569687e-01,3.444826380122145704e-02,8.125098823470777720e-02
-8.000000000000000000e+00,7.728864432216107083e-01,-3.260211662683890399e+00,8.073347070228321654e-01,3.444826380122145704e-02,8.125098823470777720e-02
-8.000000000000000000e+00,7.758879439719859050e-01,-3.260211662683890399e+00,8.103362077732073621e-01,3.444826380122145704e-02,8.125098823470777720e-02
-8.000000000000000000e+00,7.788894447223611017e-01,-3.260211662683890399e+00,8.133377085235825588e-01,3.444826380122145704e-02,8.125098823470777720e-02
-8.000000000000000000e+00,7.818909454727362984e-01,-3.260211662683890399e+00,8.163392092739577555e-01,3.444826380122145704e-02,8.125098823470777720e-02
-8.000000000000000000e+00,7.848924462231114951e-01,-3.260211662683890399e+00,8.193407100243329522e-01,3.444826380122145704e-02,8.125098823470777720e-02
-8.000000000000000000e+00,7.878939469734866918e-01,-3.260206607808502355e+00,8.221150427157443152e-01,3.422109574225762341e-02,7.925151658182250092e-02
-8.000000000000000000e+00,7.908954477238618885e-01,-3.260188462949063837e+00,8.240945218827836483e-01,3.319907415892175973e-02,7.486252128020166874e-02
-8.000000000000000000e+00,7.938969484742370852e-01,-3.260321066465857953e+00,8.339247468751289638e-01,4.002779840089187857e-02,8.198743408708793201e-02
-8.000000000000000000e+00,7.968984492246122819e-01,-3.260383643490226468e+00,8.397009148064318307e-01,4.280246558181954875e-02,7.895146938716617047e-02
-8.000000000000000000e+00,7.998999499749874786e-01,-3.260534723188178940e+00,8.495198060679234331e-01,4.961985609293595445e-02,7.959938231335157710e-02
-8.000000000000000000e+00,8.029014507253626753e-01,-3.260570094931301011e+00,8.539462116094329591e-01,5.104476088407028378e-02,8.027079704283043848e-02
-8.000000000000000000e+00,8.059029514757378720e-01,-3.260524666320165466e+00,8.548114972594407224e-01,4.890854578370285033e-02,8.158806378243813051e-02
-8.000000000000000000e+00,8.089044522261130687e-01,-3.260397977990497687e+00,8.506894833878152484e-01,4.178503116170217968e-02,8.248976138924943302e-02
-8.000000000000000000e+00,8.119059529764882654e-01,-3.260199043746476288e+00,8.363756961033690374e-01,2.446974312688077191e-02,7.877536551569114254e-02
-8.000000000000000000e+00,8.149074537268634622e-01,-3.260441258803338460e+00,8.684835119588728558e-01,5.357605823200939366e-02,7.470466301584278990e-02
-8.000000000000000000e+00,8.179089544772386589e-01,-3.261099529967381283e+00,9.105255891742646268e-01,9.261663469702596796e-02,8.277687080972477573e-02
-8.000000000000000000e+00,8.209104552276138556e-01,-3.260488460866675098e+00,8.767160541442865496e-01,5.580559891667269401e-02,7.404089232571434143e-02
-8.000000000000000000e+00,8.239119559779890523e-01,-3.260488460866675098e+00,8.797175548946617463e-01,5.580559891667269401e-02,7.404089232571434143e-02
-8.000000000000000000e+00,8.269134567283642490e-01,-3.260488460866675098e+00,8.827190556450369430e-01,5.580559891667269401e-02,7.404089232571434143e-02
-8.000000000000000000e+00,8.299149574787394457e-01,-3.260488460866675098e+00,8.857205563954121397e-01,5.580559891667269401e-02,7.404089232571434143e-02
-8.000000000000000000e+00,8.329164582291146424e-01,-3.260488460866675098e+00,8.887220571457873364e-01,5.580559891667269401e-02,7.404089232571434143e-02
-8.000000000000000000e+00,8.359179589794898391e-01,-3.260488460866675098e+00,8.917235578961625331e-01,5.580559891667269401e-02,7.404089232571434143e-02
-8.000000000000000000e+00,8.389194597298650358e-01,-3.260488460866675098e+00,8.947250586465377298e-01,5.580559891667269401e-02,7.404089232571434143e-02
-8.000000000000000000e+00,8.419209604802402325e-01,-3.260488460866675098e+00,8.977265593969129265e-01,5.580559891667269401e-02,7.404089232571434143e-02
-8.000000000000000000e+00,8.449224612306154292e-01,-3.260488460866675098e+00,9.007280601472881232e-01,5.580559891667269401e-02,7.404089232571434143e-02
-8.000000000000000000e+00,8.479239619809906259e-01,-3.260488460866675098e+00,9.037295608976633199e-01,5.580559891667269401e-02,7.404089232571434143e-02
-8.000000000000000000e+00,8.509254627313658226e-01,-3.260488460866675098e+00,9.067310616480385166e-01,5.580559891667269401e-02,7.404089232571434143e-02
-8.000000000000000000e+00,8.539269634817410193e-01,-3.260488460866675098e+00,9.097325623984137133e-01,5.580559891667269401e-02,7.404089232571434143e-02
-8.000000000000000000e+00,8.569284642321162160e-01,-3.260488460866675098e+00,9.127340631487889100e-01,5.580559891667269401e-02,7.404089232571434143e-02
-8.000000000000000000e+00,8.599299649824914127e-01,-3.260488460866675098e+00,9.157355638991641067e-01,5.580559891667269401e-02,7.404089232571434143e-02
-8.000000000000000000e+00,8.629314657328666094e-01,-3.260488460866675098e+00,9.187370646495393034e-01,5.580559891667269401e-02,7.404089232571434143e-02
-8.000000000000000000e+00,8.659329664832418061e-01,-3.260488460866675098e+00,9.217385653999145001e-01,5.580559891667269401e-02,7.404089232571434143e-02
-8.000000000000000000e+00,8.689344672336170028e-01,-3.260488460866675098e+00,9.247400661502896968e-01,5.580559891667269401e-02,7.404089232571434143e-02
-8.000000000000000000e+00,8.719359679839921995e-01,-3.260488460866675098e+00,9.277415669006648935e-01,5.580559891667269401e-02,7.404089232571434143e-02
-8.000000000000000000e+00,8.749374687343673962e-01,-3.260488460866675098e+00,9.307430676510400902e-01,5.580559891667269401e-02,7.404089232571434143e-02
-8.000000000000000000e+00,8.779389694847425929e-01,-3.260488460866675098e+00,9.337445684014152869e-01,5.580559891667269401e-02,7.404089232571434143e-02
-8.000000000000000000e+00,8.809404702351173455e-01,-3.260488460866675098e+00,9.367460691517900395e-01,5.580559891667269401e-02,7.404089232571434143e-02
-8.000000000000000000e+00,8.839419709854925422e-01,-3.260488460866675098e+00,9.397475699021652362e-01,5.580559891667269401e-02,7.404089232571434143e-02
-8.000000000000000000e+00,8.869434717358677389e-01,-3.260488460866675098e+00,9.427490706525404329e-01,5.580559891667269401e-02,7.404089232571434143e-02
-8.000000000000000000e+00,8.899449724862429356e-01,-3.260488460866675098e+00,9.457505714029156296e-01,5.580559891667269401e-02,7.404089232571434143e-02
-8.000000000000000000e+00,8.929464732366181323e-01,-3.260488243976281897e+00,9.487454275286985039e-01,5.579895429208037161e-02,7.393008960121445761e-02
-8.000000000000000000e+00,8.959479739869933290e-01,-3.260481729851921084e+00,9.515392422424359120e-01,5.559126825544258299e-02,7.254479543787208107e-02
-8.000000000000000000e+00,8.989494747373685257e-01,-3.260473263271415068e+00,9.542554638297333636e-01,5.530598909236483784e-02,7.148760937487062816e-02
-8.000000000000000000e+00,9.019509754877437224e-01,-3.260493987208332278e+00,9.579649272350999611e-01,5.601395174735623872e-02,7.330445922147801885e-02
-8.000000000000000000e+00,9.049524762381189191e-01,-3.260544079469329670e+00,9.627659021791770133e-01,5.781342594105809418e-02,7.624094186059071632e-02
-8.000000000000000000e+00,9.079539769884941158e-01,-3.260572060998742305e+00,9.668659600110801611e-01,5.891198302258604524e-02,7.728489492431386831e-02
-8.000000000000000000e+00,9.109554777388693125e-01,-3.260619947855225131e+00,9.727953008974281612e-01,6.183982315855884870e-02,7.491177156014362792e-02
-8.000000000000000000e+00,9.139569784892445092e-01,-3.260551052240554526e+00,9.706347205603740314e-01,5.667774207112952212e-02,7.744195079875776377e-02
-8.000000000000000000e+00,9.169584792396197059e-01,-3.260480615704325125e+00,9.668172553476808151e-01,4.985877610806110916e-02,8.040713311898496640e-02
-8.000000000000000000e+00,9.199599799899949026e-01,-3.260425652632180427e+00,9.627272438186088577e-01,4.276726382861395503e-02,8.320852531560835041e-02
-8.000000000000000000e+00,9.229614807403700993e-01,-3.260417220900374335e+00,9.644272862819911474e-01,4.146580554162104804e-02,8.417661001905288320e-02
-8.000000000000000000e+00,9.259629814907452960e-01,-3.260434159932112941e+00,9.696630447461827007e-01,4.370006325543740466e-02,8.495294704138296737e-02
-8.000000000000000000e+00,9.289644822411204927e-01,-3.260383567432691088e+00,9.658655770249370276e-01,3.690109478381653485e-02,8.716038651518419333e-02
-8.000000000000000000e+00,9.319659829914956894e-01,-3.260359603481667090e+00,9.650591570875654002e-01,3.309317409606971072e-02,8.778350323565628499e-02
-8.000000000000000000e+00,9.349674837418708861e-01,-3.260350080840591858e+00,9.665137987899997674e-01,3.154631504812888121e-02,8.765013335157749441e-02
-8.000000000000000000e+00,9.379689844922460829e-01,-3.260402470250459483e+00,9.764582234251357740e-01,3.848923893288969111e-02,8.970276266762529371e-02
-8.000000000000000000e+00,9.409704852426212796e-01,-3.260519457642514052e+00,9.907922417843209040e-01,4.982175654169962442e-02,9.269009316193388415e-02
-8.000000000000000000e+00,9.439719859929964763e-01,-3.260712423333503640e+00,1.007632271943862401e+00,6.366028595086592468e-02,9.663361181738766570e-02
-8.000000000000000000e+00,9.469734867433716730e-01,-3.260645519667389358e+00,1.005765008773656932e+00,5.879152203028525925e-02,9.556326798098430109e-02
-8.000000000000000000e+00,9.499749874937468697e-01,-3.260645519667389358e+00,1.008766509524032129e+00,5.879152203028525925e-02,9.556326798098430109e-02
-8.000000000000000000e+00,9.529764882441220664e-01,-3.260645519667389358e+00,1.011768010274407326e+00,5.879152203028525925e-02,9.556326798098430109e-02
-8.000000000000000000e+00,9.559779889944972631e-01,-3.260645519667389358e+00,1.014769511024782522e+00,5.879152203028525925e-02,9.556326798098430109e-02
-8.000000000000000000e+00,9.589794897448724598e-01,-3.260645519667389358e+00,1.017771011775157497e+00,5.879152203028503720e-02,9.556326798098430109e-02
-8.000000000000000000e+00,9.619809904952476565e-01,-3.260645519667389358e+00,1.020772512525532916e+00,5.879152203028525925e-02,9.556326798098430109e-02
-8.000000000000000000e+00,9.649824912456228532e-01,-3.260645519667389358e+00,1.023774013275907890e+00,5.879152203028503720e-02,9.556326798098430109e-02
-8.000000000000000000e+00,9.679839919959980499e-01,-3.260645519667389358e+00,1.026775514026282865e+00,5.879152203028481516e-02,9.556326798098430109e-02
-8.000000000000000000e+00,9.709854927463732466e-01,-3.260645519667389358e+00,1.029777014776658062e+00,5.879152203028481516e-02,9.556326798098430109e-02
-8.000000000000000000e+00,9.739869934967484433e-01,-3.260645519667389358e+00,1.032778515527033258e+00,5.879152203028481516e-02,9.556326798098430109e-02
-8.000000000000000000e+00,9.769884942471236400e-01,-3.260645519667389358e+00,1.035780016277408455e+00,5.879152203028481516e-02,9.556326798098430109e-02
-8.000000000000000000e+00,9.799899949974988367e-01,-3.260645519667389358e+00,1.038781517027783652e+00,5.879152203028481516e-02,9.556326798098430109e-02
-8.000000000000000000e+00,9.829914957478740334e-01,-3.260645519667389358e+00,1.041783017778158849e+00,5.879152203028481516e-02,9.556326798098430109e-02
-8.000000000000000000e+00,9.859929964982492301e-01,-3.260645519667389358e+00,1.044784518528534045e+00,5.879152203028481516e-02,9.556326798098430109e-02
-8.000000000000000000e+00,9.889944972486244268e-01,-3.260645519667389358e+00,1.047786019278909020e+00,5.879152203028459311e-02,9.556326798098430109e-02
-8.000000000000000000e+00,9.919959979989996235e-01,-3.260645519667389358e+00,1.050787520029284439e+00,5.879152203028481516e-02,9.556326798098430109e-02
-8.000000000000000000e+00,9.949974987493748202e-01,-3.260645519667389358e+00,1.053789020779659635e+00,5.879152203028481516e-02,9.556326798098430109e-02
-8.000000000000000000e+00,9.979989994997500169e-01,-3.260645519667389358e+00,1.056790521530035054e+00,5.879152203028503720e-02,9.556326798098430109e-02
-8.000000000000000000e+00,1.001000500250125214e+00,-3.260645519667389358e+00,1.059792022280410029e+00,5.879152203028481516e-02,9.556326798098430109e-02
-8.000000000000000000e+00,1.004002001000499966e+00,-3.260645519667389358e+00,1.062793523030784781e+00,5.879152203028481516e-02,9.556326798098430109e-02
-8.000000000000000000e+00,1.007003501750875607e+00,-3.260645519667389358e+00,1.065795023781160422e+00,5.879152203028481516e-02,9.556326798098430109e-02
-8.000000000000000000e+00,1.010005002501250360e+00,-3.260645519667389358e+00,1.068796524531535175e+00,5.879152203028481516e-02,9.556326798098430109e-02
-8.000000000000000000e+00,1.013006503251626000e+00,-3.260645519667389358e+00,1.071798025281910816e+00,5.879152203028481516e-02,9.556326798098430109e-02
-8.000000000000000000e+00,1.016008004002000753e+00,-3.260644074097185374e+00,1.074756507775136649e+00,5.874850377313589611e-02,9.508917385889371909e-02
-8.000000000000000000e+00,1.019009504752376394e+00,-3.260634355692667352e+00,1.077457259607990103e+00,5.844775485561370942e-02,9.509644826018164021e-02
-8.000000000000000000e+00,1.022011005502751146e+00,-3.260621599912275403e+00,1.080047336441481765e+00,5.803633093873061810e-02,9.464638615384494968e-02
-8.000000000000000000e+00,1.025012506253126787e+00,-3.260611472757745766e+00,1.082712008026583739e+00,5.769950177345695153e-02,9.371147221322312371e-02
-8.000000000000000000e+00,1.028014007003501540e+00,-3.260576875311464118e+00,1.084416215225190161e+00,5.640220822168862114e-02,9.100383785051636976e-02
-8.000000000000000000e+00,1.031015507753877181e+00,-3.260697620686034082e+00,1.092354132241723619e+00,6.133862448784643817e-02,9.801057952149144770e-02
-8.000000000000000000e+00,1.034017008504251933e+00,-3.260667767960030883e+00,1.092413357157422382e+00,5.839634865317044898e-02,9.861465031618750487e-02
-8.000000000000000000e+00,1.037018509254627574e+00,-3.260561657175849337e+00,1.085905748305659779e+00,4.888723905103220524e-02,9.834669797440755146e-02
-8.000000000000000000e+00,1.040020010005002327e+00,-3.260627036991465388e+00,1.093643754340509533e+00,5.362374433550720632e-02,1.006840029018494787e-01
-8.000000000000000000e+00,1.043021510755377967e+00,-3.260616495663414938e+00,1.095483269846519780e+00,5.246175909114181302e-02,9.981482241331879335e-02
-8.000000000000000000e+00,1.046023011505752720e+00,-3.260585572277650446e+00,1.094847159841505047e+00,4.882414833575232649e-02,9.855715073400050930e-02
-8.000000000000000000e+00,1.049024512256128361e+00,-3.260619492230167449e+00,1.101433550941981032e+00,5.240903868585267134e-02,9.617738115979537761e-02
-8.000000000000000000e+00,1.052026013006503113e+00,-3.260680298984516501e+00,1.109855487067585855e+00,5.782947406108274180e-02,9.448875498424900987e-02
-8.000000000000000000e+00,1.055027513756878754e+00,-3.260765156669239051e+00,1.119134167919190403e+00,6.410665416231164926e-02,9.615923066069825831e-02
-8.000000000000000000e+00,1.058029014507253507e+00,-3.260812626662731972e+00,1.125251812335157808e+00,6.722279782790430147e-02,9.691740413638108564e-02
-8.000000000000000000e+00,1.061030515257629148e+00,-3.260920509667559308e+00,1.134640791051657827e+00,7.361027579402867893e-02,9.844298741608410730e-02
-8.000000000000000000e+00,1.064032016008003900e+00,-3.261076399843096052e+00,1.145744821123393375e+00,8.171280511538947522e-02,1.006490659347241273e-01
-8.000000000000000000e+00,1.067033516758379541e+00,-3.261131670750954559e+00,1.151405039845409428e+00,8.437152308702988712e-02,1.013512492763627010e-01
-8.000000000000000000e+00,1.070035017508754294e+00,-3.261053486966631887e+00,1.150550959193787470e+00,8.051594168503317661e-02,1.004017036547996816e-01
-8.000000000000000000e+00,1.073036518259129934e+00,-3.260630172054935993e+00,1.126661225051671211e+00,5.362470679254127681e-02,9.694383218366467436e-02
-8.000000000000000000e+00,1.076038019009504687e+00,-3.260630172054935993e+00,1.129662725802045964e+00,5.362470679254127681e-02,9.694383218366467436e-02
-8.000000000000000000e+00,1.079039519759880328e+00,-3.260630172054935993e+00,1.132664226552421605e+00,5.362470679254127681e-02,9.694383218366467436e-02
-8.000000000000000000e+00,1.082041020510255080e+00,-3.260630172054935993e+00,1.135665727302796357e+00,5.362470679254127681e-02,9.694383218366467436e-02
-8.000000000000000000e+00,1.085042521260630721e+00,-3.260630172054935993e+00,1.138667228053171998e+00,5.362470679254127681e-02,9.694383218366467436e-02
-8.000000000000000000e+00,1.088044022011005474e+00,-3.260630172054935993e+00,1.141668728803546751e+00,5.362470679254127681e-02,9.694383218366467436e-02
-8.000000000000000000e+00,1.091045522761381115e+00,-3.260630172054935993e+00,1.144670229553922391e+00,5.362470679254127681e-02,9.694383218366467436e-02
-8.000000000000000000e+00,1.094047023511755867e+00,-3.260630172054935993e+00,1.147671730304297144e+00,5.362470679254127681e-02,9.694383218366467436e-02
-8.000000000000000000e+00,1.097048524262131508e+00,-3.260630172054935993e+00,1.150673231054672785e+00,5.362470679254127681e-02,9.694383218366467436e-02
-8.000000000000000000e+00,1.100050025012506261e+00,-3.260630172054935993e+00,1.153674731805047537e+00,5.362470679254127681e-02,9.694383218366467436e-02
-8.000000000000000000e+00,1.103051525762881013e+00,-3.260630172054935993e+00,1.156676232555422290e+00,5.362470679254127681e-02,9.694383218366467436e-02
-8.000000000000000000e+00,1.106053026513256654e+00,-3.260630172054935993e+00,1.159677733305797931e+00,5.362470679254127681e-02,9.694383218366467436e-02
-8.000000000000000000e+00,1.109054527263631407e+00,-3.260630172054935993e+00,1.162679234056172684e+00,5.362470679254127681e-02,9.694383218366467436e-02
-8.000000000000000000e+00,1.112056028014007047e+00,-3.260630172054935993e+00,1.165680734806548324e+00,5.362470679254127681e-02,9.694383218366467436e-02
-8.000000000000000000e+00,1.115057528764381800e+00,-3.260630172054935993e+00,1.168682235556923077e+00,5.362470679254127681e-02,9.694383218366467436e-02
-8.000000000000000000e+00,1.118059029514757441e+00,-3.260630172054935993e+00,1.171683736307298718e+00,5.362470679254127681e-02,9.694383218366467436e-02
-8.000000000000000000e+00,1.121060530265132194e+00,-3.260630172054935993e+00,1.174685237057673470e+00,5.362470679254127681e-02,9.694383218366467436e-02
-8.000000000000000000e+00,1.124062031015507834e+00,-3.260630172054935993e+00,1.177686737808049111e+00,5.362470679254127681e-02,9.694383218366467436e-02
-8.000000000000000000e+00,1.127063531765882587e+00,-3.260630172054935993e+00,1.180688238558423864e+00,5.362470679254127681e-02,9.694383218366467436e-02
-8.000000000000000000e+00,1.130065032516258228e+00,-3.260630172054935993e+00,1.183689739308799505e+00,5.362470679254127681e-02,9.694383218366467436e-02
-8.000000000000000000e+00,1.133066533266632980e+00,-3.260630172054935993e+00,1.186691240059174257e+00,5.362470679254127681e-02,9.694383218366467436e-02
-8.000000000000000000e+00,1.136068034017008621e+00,-3.260630172054935993e+00,1.189692740809549898e+00,5.362470679254127681e-02,9.694383218366467436e-02
-8.000000000000000000e+00,1.139069534767383374e+00,-3.260630172054935993e+00,1.192694241559924651e+00,5.362470679254127681e-02,9.694383218366467436e-02
-8.000000000000000000e+00,1.142071035517759015e+00,-3.260630172054935993e+00,1.195695742310300291e+00,5.362470679254127681e-02,9.694383218366467436e-02
-8.000000000000000000e+00,1.145072536268133767e+00,-3.260630172054935993e+00,1.198697243060675044e+00,5.362470679254127681e-02,9.694383218366467436e-02
-8.000000000000000000e+00,1.148074037018509408e+00,-3.260625072375576750e+00,1.201531631703657066e+00,5.345759468514765800e-02,9.870029317144948799e-02
-8.000000000000000000e+00,1.151075537768884161e+00,-3.260613669493373834e+00,1.204151918583587610e+00,5.307638081470344993e-02,1.005431122566617375e-01
-8.000000000000000000e+00,1.154077038519259801e+00,-3.260606402700890527e+00,1.206908207894408891e+00,5.283116937514908962e-02,1.013584775555806533e-01
-8.000000000000000000e+00,1.157078539269634554e+00,-3.260584180348004679e+00,1.209138071676978177e+00,5.205953240734362275e-02,9.936234228431509163e-02
-8.000000000000000000e+00,1.160080040020010195e+00,-3.260558731809511279e+00,1.211164215868903327e+00,5.108417584889313190e-02,9.743480984273794610e-02
-8.000000000000000000e+00,1.163081540770384947e+00,-3.260661318483240478e+00,1.218203944004695005e+00,5.512240323431005784e-02,1.038516561899646834e-01
-8.000000000000000000e+00,1.166083041520760588e+00,-3.260552184642985907e+00,1.211992087978970511e+00,4.590904645820992336e-02,1.037790667107946069e-01
-8.000000000000000000e+00,1.169084542271135341e+00,-3.260594163014193470e+00,1.216530687588205151e+00,4.744614531706980998e-02,1.065890049519520599e-01
-8.000000000000000000e+00,1.172086043021510982e+00,-3.260603998978514717e+00,1.220750064889855491e+00,4.866402186834450916e-02,1.061386981605565855e-01
-8.000000000000000000e+00,1.175087543771885734e+00,-3.260572679373371585e+00,1.220005028912176659e+00,4.491748514029092476e-02,1.062679510518856618e-01
-8.000000000000000000e+00,1.178089044522261375e+00,-3.260541403017742645e+00,1.218950892314742074e+00,4.086184779248069887e-02,1.063225839628459957e-01
-8.000000000000000000e+00,1.181090545272636128e+00,-3.260585450343769676e+00,1.227100548854516804e+00,4.601000358188067629e-02,1.067572459113874661e-01
-8.000000000000000000e+00,1.184092046023011768e+00,-3.260644125637075508e+00,1.235503427499180518e+00,5.141138147616874932e-02,1.070347631919990744e-01
-8.000000000000000000e+00,1.187093546773386521e+00,-3.260726664838082378e+00,1.244764185747839313e+00,5.767063897445279252e-02,1.089141393932381435e-01
-8.000000000000000000e+00,1.190095047523762162e+00,-3.260830362382487912e+00,1.254462903022764086e+00,6.436785549900192471e-02,1.108510223361608427e-01
-8.000000000000000000e+00,1.193096548274136914e+00,-3.260993437019962471e+00,1.266531530206342460e+00,7.343498193220554526e-02,1.133683365365005941e-01
-8.000000000000000000e+00,1.196098049024512555e+00,-3.261118207785506318e+00,1.275752143828067231e+00,7.965409480355467586e-02,1.150234120961390050e-01
-8.000000000000000000e+00,1.199099549774887308e+00,-3.260629598900354420e+00,1.247410123598251985e+00,4.831057382336467754e-02,1.108974285473621896e-01
-8.000000000000000000e+00,1.202101050525262949e+00,-3.260629598900354420e+00,1.250411624348627626e+00,4.831057382336467754e-02,1.108974285473621896e-01
-8.000000000000000000e+00,1.205102551275637701e+00,-3.260629598900354420e+00,1.253413125099002379e+00,4.831057382336467754e-02,1.108974285473621896e-01
-8.000000000000000000e+00,1.208104052026013342e+00,-3.260629598900354420e+00,1.256414625849378019e+00,4.831057382336467754e-02,1.108974285473621896e-01
-8.000000000000000000e+00,1.211105552776388095e+00,-3.260629598900354420e+00,1.259416126599752772e+00,4.831057382336467754e-02,1.108974285473621896e-01
-8.000000000000000000e+00,1.214107053526763735e+00,-3.260629598900354420e+00,1.262417627350128413e+00,4.831057382336467754e-02,1.108974285473621896e-01
-8.000000000000000000e+00,1.217108554277138488e+00,-3.260629598900354420e+00,1.265419128100503166e+00,4.831057382336467754e-02,1.108974285473621896e-01
-8.000000000000000000e+00,1.220110055027514129e+00,-3.260629598900354420e+00,1.268420628850878806e+00,4.831057382336467754e-02,1.108974285473621896e-01
-8.000000000000000000e+00,1.223111555777888881e+00,-3.260629598900354420e+00,1.271422129601253559e+00,4.831057382336467754e-02,1.108974285473621896e-01
-8.000000000000000000e+00,1.226113056528264522e+00,-3.260629598900354420e+00,1.274423630351629200e+00,4.831057382336467754e-02,1.108974285473621896e-01
-8.000000000000000000e+00,1.229114557278639275e+00,-3.260629598900354420e+00,1.277425131102003952e+00,4.831057382336467754e-02,1.108974285473621896e-01
-8.000000000000000000e+00,1.232116058029014916e+00,-3.260629598900354420e+00,1.280426631852379593e+00,4.831057382336467754e-02,1.108974285473621896e-01
-8.000000000000000000e+00,1.235117558779389668e+00,-3.260629598900354420e+00,1.283428132602754346e+00,4.831057382336467754e-02,1.108974285473621896e-01
-8.000000000000000000e+00,1.238119059529765309e+00,-3.260629598900354420e+00,1.286429633353129987e+00,4.831057382336467754e-02,1.108974285473621896e-01
-8.000000000000000000e+00,1.241120560280140062e+00,-3.260629598900354420e+00,1.289431134103504739e+00,4.831057382336467754e-02,1.108974285473621896e-01
-8.000000000000000000e+00,1.244122061030515702e+00,-3.260629598900354420e+00,1.292432634853880380e+00,4.831057382336467754e-02,1.108974285473621896e-01
-8.000000000000000000e+00,1.247123561780890455e+00,-3.260629598900354420e+00,1.295434135604255133e+00,4.831057382336467754e-02,1.108974285473621896e-01
-8.000000000000000000e+00,1.250125062531265208e+00,-3.260629598900354420e+00,1.298435636354629885e+00,4.831057382336467754e-02,1.108974285473621896e-01
-8.000000000000000000e+00,1.253126563281640848e+00,-3.260629598900354420e+00,1.301437137105005526e+00,4.831057382336467754e-02,1.108974285473621896e-01
-8.000000000000000000e+00,1.256128064032015601e+00,-3.260629598900354420e+00,1.304438637855380279e+00,4.831057382336467754e-02,1.108974285473621896e-01
-8.000000000000000000e+00,1.259129564782391242e+00,-3.260629598900354420e+00,1.307440138605755919e+00,4.831057382336467754e-02,1.108974285473621896e-01
-8.000000000000000000e+00,1.262131065532765994e+00,-3.260629598900354420e+00,1.310441639356130672e+00,4.831057382336467754e-02,1.108974285473621896e-01
-8.000000000000000000e+00,1.265132566283141635e+00,-3.260629598900354420e+00,1.313443140106506313e+00,4.831057382336467754e-02,1.108974285473621896e-01
-8.000000000000000000e+00,1.268134067033516388e+00,-3.260629598900354420e+00,1.316444640856881065e+00,4.831057382336467754e-02,1.108974285473621896e-01
-8.000000000000000000e+00,1.271135567783892029e+00,-3.260629598900354420e+00,1.319446141607256706e+00,4.831057382336467754e-02,1.108974285473621896e-01
-8.000000000000000000e+00,1.274137068534266781e+00,-3.260629598900354420e+00,1.322447642357631459e+00,4.831057382336467754e-02,1.108974285473621896e-01
-8.000000000000000000e+00,1.277138569284642422e+00,-3.260629623298594293e+00,1.325450049768519545e+00,4.831148048387712279e-02,1.108823120686225350e-01
-8.000000000000000000e+00,1.280140070035017175e+00,-3.260629088462970948e+00,1.328432226224834256e+00,4.829215618981708147e-02,1.110097796432556461e-01
-8.000000000000000000e+00,1.283141570785392815e+00,-3.260628253572563029e+00,1.331404487541735460e+00,4.826291675634264422e-02,1.111308103101562861e-01
-8.000000000000000000e+00,1.286143071535767568e+00,-3.260613181625837687e+00,1.333887218245455752e+00,4.774414670968818442e-02,1.098717145778699972e-01
-8.000000000000000000e+00,1.289144572286143209e+00,-3.260582044029736171e+00,1.335745361449680590e+00,4.660078916353738165e-02,1.072429818702476112e-01
-8.000000000000000000e+00,1.292146073036517961e+00,-3.260554714765890871e+00,1.333486461296633507e+00,4.134038826011554590e-02,1.117287057104305731e-01
-8.000000000000000000e+00,1.295147573786893602e+00,-3.260591831411478569e+00,1.344094385718772378e+00,4.894681193187877533e-02,1.075547502853924642e-01
-8.000000000000000000e+00,1.298149074537268355e+00,-3.260640068719089957e+00,1.351919035768863520e+00,5.376996123159516472e-02,1.056917999195367275e-01
-8.000000000000000000e+00,1.301150575287643996e+00,-3.260677031068804244e+00,1.357966192534302063e+00,5.681561724665806778e-02,1.045798499143738430e-01
-8.000000000000000000e+00,1.304152076038018748e+00,-3.260703644910402321e+00,1.362918522368590457e+00,5.876644633057170886e-02,1.038971286836421620e-01
-8.000000000000000000e+00,1.307153576788394389e+00,-3.260716129153911513e+00,1.366777294554921696e+00,5.962371776652730659e-02,1.036061933779607591e-01
-8.000000000000000000e+00,1.310155077538769142e+00,-3.260747079763969936e+00,1.371779683132952288e+00,6.162460559418314610e-02,1.036842628467816579e-01
-8.000000000000000000e+00,1.313156578289144782e+00,-3.260785283408242918e+00,1.377078461589110292e+00,6.392188329996550955e-02,1.044100898019962309e-01
-8.000000000000000000e+00,1.316158079039519535e+00,-3.260779782263323767e+00,1.379775358836158539e+00,6.361727979663900356e-02,1.043248108679076525e-01
-8.000000000000000000e+00,1.319159579789895176e+00,-3.260732186112648812e+00,1.379999194348048963e+00,6.083961455815378727e-02,1.035100859619839664e-01
-8.000000000000000000e+00,1.322161080540269928e+00,-3.260637343741191518e+00,1.377092555299651577e+00,5.493147475938164881e-02,1.018660462384383958e-01
-8.000000000000000000e+00,1.325162581290645569e+00,-3.260508185296074224e+00,1.371328056020190367e+00,4.616547472954479758e-02,9.898190833348015361e-02
-8.000000000000000000e+00,1.328164082041020322e+00,-3.260508185296074224e+00,1.374329556770565119e+00,4.616547472954479758e-02,9.898190833348015361e-02
-8.000000000000000000e+00,1.331165582791395963e+00,-3.260508185296074224e+00,1.377331057520940760e+00,4.616547472954479758e-02,9.898190833348015361e-02
-8.000000000000000000e+00,1.334167083541770715e+00,-3.260508185296074224e+00,1.380332558271315513e+00,4.616547472954479758e-02,9.898190833348015361e-02
-8.000000000000000000e+00,1.337168584292146356e+00,-3.260508185296074224e+00,1.383334059021691154e+00,4.616547472954479758e-02,9.898190833348015361e-02
-8.000000000000000000e+00,1.340170085042521109e+00,-3.260508185296074224e+00,1.386335559772065906e+00,4.616547472954479758e-02,9.898190833348015361e-02
-8.000000000000000000e+00,1.343171585792896749e+00,-3.260508185296074224e+00,1.389337060522441547e+00,4.616547472954479758e-02,9.898190833348015361e-02
-8.000000000000000000e+00,1.346173086543271502e+00,-3.260508185296074224e+00,1.392338561272816300e+00,4.616547472954479758e-02,9.898190833348015361e-02
-8.000000000000000000e+00,1.349174587293647143e+00,-3.260508185296074224e+00,1.395340062023191940e+00,4.616547472954479758e-02,9.898190833348015361e-02
-8.000000000000000000e+00,1.352176088044021895e+00,-3.260508185296074224e+00,1.398341562773566693e+00,4.616547472954479758e-02,9.898190833348015361e-02
-8.000000000000000000e+00,1.355177588794397536e+00,-3.260508185296074224e+00,1.401343063523942334e+00,4.616547472954479758e-02,9.898190833348015361e-02
-8.000000000000000000e+00,1.358179089544772289e+00,-3.260508185296074224e+00,1.404344564274317086e+00,4.616547472954479758e-02,9.898190833348015361e-02
-8.000000000000000000e+00,1.361180590295147930e+00,-3.260508185296074224e+00,1.407346065024692727e+00,4.616547472954479758e-02,9.898190833348015361e-02
-8.000000000000000000e+00,1.364182091045522682e+00,-3.260508185296074224e+00,1.410347565775067480e+00,4.616547472954479758e-02,9.898190833348015361e-02
-8.000000000000000000e+00,1.367183591795898323e+00,-3.260508185296074224e+00,1.413349066525443121e+00,4.616547472954479758e-02,9.898190833348015361e-02
-8.000000000000000000e+00,1.370185092546273076e+00,-3.260508185296074224e+00,1.416350567275817873e+00,4.616547472954479758e-02,9.898190833348015361e-02
-8.000000000000000000e+00,1.373186593296648716e+00,-3.260508185296074224e+00,1.419352068026193514e+00,4.616547472954479758e-02,9.898190833348015361e-02
-8.000000000000000000e+00,1.376188094047023469e+00,-3.260508185296074224e+00,1.422353568776568267e+00,4.616547472954479758e-02,9.898190833348015361e-02
-8.000000000000000000e+00,1.379189594797399110e+00,-3.260508185296074224e+00,1.425355069526943907e+00,4.616547472954479758e-02,9.898190833348015361e-02
-8.000000000000000000e+00,1.382191095547773863e+00,-3.260508185296074224e+00,1.428356570277318660e+00,4.616547472954479758e-02,9.898190833348015361e-02
-8.000000000000000000e+00,1.385192596298149503e+00,-3.260508185296074224e+00,1.431358071027694301e+00,4.616547472954479758e-02,9.898190833348015361e-02
-8.000000000000000000e+00,1.388194097048524256e+00,-3.260508185296074224e+00,1.434359571778069053e+00,4.616547472954479758e-02,9.898190833348015361e-02
-8.000000000000000000e+00,1.391195597798899009e+00,-3.260508185296074224e+00,1.437361072528443806e+00,4.616547472954479758e-02,9.898190833348015361e-02
-8.000000000000000000e+00,1.394197098549274649e+00,-3.260508185296074224e+00,1.440362573278819447e+00,4.616547472954479758e-02,9.898190833348015361e-02
-8.000000000000000000e+00,1.397198599299649402e+00,-3.260508185296074224e+00,1.443364074029194200e+00,4.616547472954479758e-02,9.898190833348015361e-02
-8.000000000000000000e+00,1.400200100050025043e+00,-3.260508185296074224e+00,1.446365574779569840e+00,4.616547472954479758e-02,9.898190833348015361e-02
-8.000000000000000000e+00,1.403201600800399795e+00,-3.260508185296074224e+00,1.449367075529944593e+00,4.616547472954479758e-02,9.898190833348015361e-02
-8.000000000000000000e+00,1.406203101550775436e+00,-3.260508905188832074e+00,1.452399413738439726e+00,4.619631218766429015e-02,9.857603577242175785e-02
-8.000000000000000000e+00,1.409204602301150189e+00,-3.260509600325007806e+00,1.455429266928773835e+00,4.622466462762364614e-02,9.843101430003858843e-02
-8.000000000000000000e+00,1.412206103051525830e+00,-3.260479614117186564e+00,1.457211991405574780e+00,4.500588835404895072e-02,9.816222327767752664e-02
-8.000000000000000000e+00,1.415207603801900582e+00,-3.260448270874916954e+00,1.458780102294516601e+00,4.357249849261601859e-02,9.790318734634900766e-02
-8.000000000000000000e+00,1.418209104552276223e+00,-3.260363038179564299e+00,1.456630788740366445e+00,3.842168418809022157e-02,9.444485241182049018e-02
-8.000000000000000000e+00,1.421210605302650976e+00,-3.260424896208478529e+00,1.454796073311761528e+00,3.358546800911055286e-02,1.053498557954447995e-01
-8.000000000000000000e+00,1.424212106053026616e+00,-3.260371068321573862e+00,1.453832831533156345e+00,2.962072548012972817e-02,1.074082363522742972e-01
-8.000000000000000000e+00,1.427213606803401369e+00,-3.260496260635433963e+00,1.475141057718414306e+00,4.792745091501293686e-02,1.058885666128074610e-01
-8.000000000000000000e+00,1.430215107553777010e+00,-3.260702597547410875e+00,1.493307003658064236e+00,6.309189610428722617e-02,1.010475550495496672e-01
-8.000000000000000000e+00,1.433216608304151762e+00,-3.260843380414442993e+00,1.503994203807182295e+00,7.077759550303053260e-02,1.004154877187528189e-01
-8.000000000000000000e+00,1.436218109054527403e+00,-3.260977656771906652e+00,1.513369814672749003e+00,7.715170561822159989e-02,1.024793961378297757e-01
-8.000000000000000000e+00,1.439219609804902156e+00,-3.261150348335742244e+00,1.523720313698241347e+00,8.450070389333919074e-02,1.048150133215908497e-01
-8.000000000000000000e+00,1.442221110555277797e+00,-3.261367781472161997e+00,1.535074639123534368e+00,9.285352856825657142e-02,1.074884199593510031e-01
-8.000000000000000000e+00,1.445222611305652549e+00,-3.261311198594206484e+00,1.535924151523117676e+00,9.070154021746512640e-02,1.068738415909349232e-01
-8.000000000000000000e+00,1.448224112056028190e+00,-3.261062708372670649e+00,1.528784309754025905e+00,8.056019769799771524e-02,1.039400488947069962e-01
-8.000000000000000000e+00,1.451225612806402943e+00,-3.260345165274532331e+00,1.489755229980836093e+00,3.852961717443315059e-02,9.250911346612115949e-02
-8.000000000000000000e+00,1.454227113556778583e+00,-3.260345165274532331e+00,1.492756730731211734e+00,3.852961717443315059e-02,9.250911346612115949e-02
-8.000000000000000000e+00,1.457228614307153336e+00,-3.260345165274532331e+00,1.495758231481586487e+00,3.852961717443315059e-02,9.250911346612115949e-02
-8.000000000000000000e+00,1.460230115057528977e+00,-3.260345165274532331e+00,1.498759732231962127e+00,3.852961717443315059e-02,9.250911346612115949e-02
-8.000000000000000000e+00,1.463231615807903729e+00,-3.260345165274532331e+00,1.501761232982336880e+00,3.852961717443315059e-02,9.250911346612115949e-02
-8.000000000000000000e+00,1.466233116558279370e+00,-3.260345165274532331e+00,1.504762733732712521e+00,3.852961717443315059e-02,9.250911346612115949e-02
-8.000000000000000000e+00,1.469234617308654123e+00,-3.260345165274532331e+00,1.507764234483087273e+00,3.852961717443315059e-02,9.250911346612115949e-02
-8.000000000000000000e+00,1.472236118059029764e+00,-3.260345165274532331e+00,1.510765735233462914e+00,3.852961717443315059e-02,9.250911346612115949e-02
-8.000000000000000000e+00,1.475237618809404516e+00,-3.260345165274532331e+00,1.513767235983837667e+00,3.852961717443315059e-02,9.250911346612115949e-02
-8.000000000000000000e+00,1.478239119559780157e+00,-3.260345165274532331e+00,1.516768736734213308e+00,3.852961717443315059e-02,9.250911346612115949e-02
-8.000000000000000000e+00,1.481240620310154910e+00,-3.260345165274532331e+00,1.519770237484588060e+00,3.852961717443315059e-02,9.250911346612115949e-02
-8.000000000000000000e+00,1.484242121060530550e+00,-3.260345165274532331e+00,1.522771738234963701e+00,3.852961717443315059e-02,9.250911346612115949e-02
-8.000000000000000000e+00,1.487243621810905303e+00,-3.260345165274532331e+00,1.525773238985338454e+00,3.852961717443315059e-02,9.250911346612115949e-02
-8.000000000000000000e+00,1.490245122561280944e+00,-3.260345165274532331e+00,1.528774739735714094e+00,3.852961717443315059e-02,9.250911346612115949e-02
-8.000000000000000000e+00,1.493246623311655696e+00,-3.260345165274532331e+00,1.531776240486088847e+00,3.852961717443315059e-02,9.250911346612115949e-02
-8.000000000000000000e+00,1.496248124062031337e+00,-3.260345165274532331e+00,1.534777741236464488e+00,3.852961717443315059e-02,9.250911346612115949e-02
-8.000000000000000000e+00,1.499249624812406090e+00,-3.260345165274532331e+00,1.537779241986839240e+00,3.852961717443315059e-02,9.250911346612115949e-02
-8.000000000000000000e+00,1.502251125562781731e+00,-3.260345165274532331e+00,1.540780742737214881e+00,3.852961717443315059e-02,9.250911346612115949e-02
-8.000000000000000000e+00,1.505252626313156483e+00,-3.260345165274532331e+00,1.543782243487589634e+00,3.852961717443315059e-02,9.250911346612115949e-02
-8.000000000000000000e+00,1.508254127063532124e+00,-3.260345165274532331e+00,1.546783744237965275e+00,3.852961717443315059e-02,9.250911346612115949e-02
-8.000000000000000000e+00,1.511255627813906877e+00,-3.260345165274532331e+00,1.549785244988340027e+00,3.852961717443315059e-02,9.250911346612115949e-02
-8.000000000000000000e+00,1.514257128564282517e+00,-3.260345165274532331e+00,1.552786745738715668e+00,3.852961717443315059e-02,9.250911346612115949e-02
-8.000000000000000000e+00,1.517258629314657270e+00,-3.260345165274532331e+00,1.555788246489090421e+00,3.852961717443315059e-02,9.250911346612115949e-02
-8.000000000000000000e+00,1.520260130065032911e+00,-3.260345165274532331e+00,1.558789747239466061e+00,3.852961717443315059e-02,9.250911346612115949e-02
-8.000000000000000000e+00,1.523261630815407663e+00,-3.260345165274532331e+00,1.561791247989840814e+00,3.852961717443315059e-02,9.250911346612115949e-02
-8.000000000000000000e+00,1.526263131565783304e+00,-3.260345165274532331e+00,1.564792748740216455e+00,3.852961717443315059e-02,9.250911346612115949e-02
-8.000000000000000000e+00,1.529264632316158057e+00,-3.260345165274532331e+00,1.567794249490591207e+00,3.852961717443315059e-02,9.250911346612115949e-02
-8.000000000000000000e+00,1.532266133066533698e+00,-3.260345165274532331e+00,1.570795750240966848e+00,3.852961717443315059e-02,9.250911346612115949e-02
-8.000000000000000000e+00,1.535267633816908450e+00,-3.260345165274532331e+00,1.573797250991341601e+00,3.852961717443315059e-02,9.250911346612115949e-02
-8.000000000000000000e+00,1.538269134567283203e+00,-3.260345305768762358e+00,1.576811983797381078e+00,3.854284923009787533e-02,9.237019117666464552e-02
-8.000000000000000000e+00,1.541270635317658844e+00,-3.260345711880807684e+00,1.579848045453342120e+00,3.857741013568327659e-02,9.221089087934462858e-02
-8.000000000000000000e+00,1.544272136068033596e+00,-3.260345119952250847e+00,1.582808202861887947e+00,3.853606679385435108e-02,9.229774895495775067e-02
-8.000000000000000000e+00,1.547273636818409237e+00,-3.260341327930255773e+00,1.585568633170965525e+00,3.829499635255628753e-02,9.268694208344759045e-02
-8.000000000000000000e+00,1.550275137568783990e+00,-3.260337525846094042e+00,1.588342361468472408e+00,3.806722389968841824e-02,9.298545802065100174e-02
-8.000000000000000000e+00,1.553276638319159630e+00,-3.260333040586185227e+00,1.591147963402081311e+00,3.787132508292168076e-02,9.270430885881213168e-02
-8.000000000000000000e+00,1.556278139069534383e+00,-3.260326603568156401e+00,1.593458695161150906e+00,3.718055609161652342e-02,9.293501135383046285e-02
-8.000000000000000000e+00,1.559279639819910024e+00,-3.260322407980454251e+00,1.595999705682580094e+00,3.672006586267007044e-02,9.313612619644801027e-02
-8.000000000000000000e+00,1.562281140570284776e+00,-3.260316911590022126e+00,1.598418991463714800e+00,3.613785089343002355e-02,9.287010511255966438e-02
-8.000000000000000000e+00,1.565282641320660417e+00,-3.260316246591530298e+00,1.601352037306111642e+00,3.606939598545122472e-02,9.282507373843169873e-02
-8.000000000000000000e+00,1.568284142071035170e+00,-3.260318937373745118e+00,1.604609129453512084e+00,3.632498738247691428e-02,9.280935217672051096e-02
-8.000000000000000000e+00,1.571285642821410811e+00,-3.260322665094369299e+00,1.607949887214037199e+00,3.666424439262638835e-02,9.293362280033314049e-02
-8.000000000000000000e+00,1.574287143571785563e+00,-3.260335212589335896e+00,1.612076000505268780e+00,3.778885693348321695e-02,9.342518938523951266e-02
-8.000000000000000000e+00,1.577288644322161204e+00,-3.260311698892910837e+00,1.612592911279870922e+00,3.530426695770971790e-02,9.295118752037358212e-02
-8.000000000000000000e+00,1.580290145072535957e+00,-3.260311698892910837e+00,1.615594412030245675e+00,3.530426695770971790e-02,9.295118752037358212e-02
-8.000000000000000000e+00,1.583291645822911597e+00,-3.260311698892910837e+00,1.618595912780621315e+00,3.530426695770971790e-02,9.295118752037358212e-02
-8.000000000000000000e+00,1.586293146573286350e+00,-3.260311698892910837e+00,1.621597413530996068e+00,3.530426695770971790e-02,9.295118752037358212e-02
-8.000000000000000000e+00,1.589294647323661991e+00,-3.260311698892910837e+00,1.624598914281371709e+00,3.530426695770971790e-02,9.295118752037358212e-02
-8.000000000000000000e+00,1.592296148074036743e+00,-3.260311698892910837e+00,1.627600415031746461e+00,3.530426695770971790e-02,9.295118752037358212e-02
-8.000000000000000000e+00,1.595297648824412384e+00,-3.260311698892910837e+00,1.630601915782122102e+00,3.530426695770971790e-02,9.295118752037358212e-02
-8.000000000000000000e+00,1.598299149574787137e+00,-3.260311698892910837e+00,1.633603416532496855e+00,3.530426695770971790e-02,9.295118752037358212e-02
-8.000000000000000000e+00,1.601300650325162778e+00,-3.260311698892910837e+00,1.636604917282872496e+00,3.530426695770971790e-02,9.295118752037358212e-02
-8.000000000000000000e+00,1.604302151075537530e+00,-3.260311698892910837e+00,1.639606418033247248e+00,3.530426695770971790e-02,9.295118752037358212e-02
-8.000000000000000000e+00,1.607303651825913171e+00,-3.260311698892910837e+00,1.642607918783622889e+00,3.530426695770971790e-02,9.295118752037358212e-02
-8.000000000000000000e+00,1.610305152576287924e+00,-3.260311698892910837e+00,1.645609419533997642e+00,3.530426695770971790e-02,9.295118752037358212e-02
-8.000000000000000000e+00,1.613306653326663564e+00,-3.260311698892910837e+00,1.648610920284373282e+00,3.530426695770971790e-02,9.295118752037358212e-02
-8.000000000000000000e+00,1.616308154077038317e+00,-3.260311698892910837e+00,1.651612421034748035e+00,3.530426695770971790e-02,9.295118752037358212e-02
-8.000000000000000000e+00,1.619309654827413958e+00,-3.260311698892910837e+00,1.654613921785123676e+00,3.530426695770971790e-02,9.295118752037358212e-02
-8.000000000000000000e+00,1.622311155577788711e+00,-3.260311698892910837e+00,1.657615422535498428e+00,3.530426695770971790e-02,9.295118752037358212e-02
-8.000000000000000000e+00,1.625312656328164351e+00,-3.260311698892910837e+00,1.660616923285874069e+00,3.530426695770971790e-02,9.295118752037358212e-02
-8.000000000000000000e+00,1.628314157078539104e+00,-3.260311698892910837e+00,1.663618424036248822e+00,3.530426695770971790e-02,9.295118752037358212e-02
-8.000000000000000000e+00,1.631315657828914745e+00,-3.260311698892910837e+00,1.666619924786624463e+00,3.530426695770971790e-02,9.295118752037358212e-02
-8.000000000000000000e+00,1.634317158579289497e+00,-3.260311698892910837e+00,1.669621425536999215e+00,3.530426695770971790e-02,9.295118752037358212e-02
-8.000000000000000000e+00,1.637318659329665138e+00,-3.260311698892910837e+00,1.672622926287374856e+00,3.530426695770971790e-02,9.295118752037358212e-02
-8.000000000000000000e+00,1.640320160080039891e+00,-3.260311698892910837e+00,1.675624427037749609e+00,3.530426695770971790e-02,9.295118752037358212e-02
-8.000000000000000000e+00,1.643321660830415532e+00,-3.260311698892910837e+00,1.678625927788125249e+00,3.530426695770971790e-02,9.295118752037358212e-02
-8.000000000000000000e+00,1.646323161580790284e+00,-3.260311698892910837e+00,1.681627428538500002e+00,3.530426695770971790e-02,9.295118752037358212e-02
-8.000000000000000000e+00,1.649324662331165925e+00,-3.260311698892910837e+00,1.684628929288875643e+00,3.530426695770971790e-02,9.295118752037358212e-02
-8.000000000000000000e+00,1.652326163081540678e+00,-3.260311698892910837e+00,1.687630430039250395e+00,3.530426695770971790e-02,9.295118752037358212e-02
-8.000000000000000000e+00,1.655327663831916318e+00,-3.260311698892910837e+00,1.690631930789626036e+00,3.530426695770971790e-02,9.295118752037358212e-02
-8.000000000000000000e+00,1.658329164582291071e+00,-3.260311698892910837e+00,1.693633431540000789e+00,3.530426695770971790e-02,9.295118752037358212e-02
-8.000000000000000000e+00,1.661330665332666712e+00,-3.260311698892910837e+00,1.696634932290376430e+00,3.530426695770971790e-02,9.295118752037358212e-02
-8.000000000000000000e+00,1.664332166083041464e+00,-3.260311698892910837e+00,1.699636433040751182e+00,3.530426695770971790e-02,9.295118752037358212e-02
-8.000000000000000000e+00,1.667333666833417105e+00,-3.260321908326777596e+00,1.703497944107311701e+00,3.616427727389459612e-02,9.339677274184053635e-02
-8.000000000000000000e+00,1.670335167583791858e+00,-3.260337450954976735e+00,1.707513792127622665e+00,3.717862454383080717e-02,9.302163805999960622e-02
-8.000000000000000000e+00,1.673336668334167499e+00,-3.260335949772531716e+00,1.710423489888089676e+00,3.708682155392217794e-02,9.321323557414999683e-02
-8.000000000000000000e+00,1.676338169084542251e+00,-3.260258601219796937e+00,1.707401928839928473e+00,3.106375975538622214e-02,1.024493550826368060e-01
-8.000000000000000000e+00,1.679339669834917892e+00,-3.260302700448786783e+00,1.721419675398226490e+00,4.208000556330859787e-02,7.753272184293627523e-02
-8.000000000000000000e+00,1.682341170585292645e+00,-3.260270484006254854e+00,1.721382105174894983e+00,3.904093458960233853e-02,7.897676862293076527e-02
-8.000000000000000000e+00,1.685342671335667397e+00,-3.260214711539890953e+00,1.718088036189655776e+00,3.274536485398837904e-02,8.180340246427857120e-02
-8.000000000000000000e+00,1.688344172086043038e+00,-3.260147325295822185e+00,1.709274615695661526e+00,2.239014442836051444e-02,8.477155853330431423e-02
-8.000000000000000000e+00,1.691345672836417791e+00,-3.260138114295246581e+00,1.709444191450558703e+00,2.019266158081922669e-02,8.577294156755999044e-02
-8.000000000000000000e+00,1.694347173586793431e+00,-3.260145613020918098e+00,1.714275547231828734e+00,2.163472584377523766e-02,8.641223353685054120e-02
-8.000000000000000000e+00,1.697348674337168184e+00,-3.260187939975415006e+00,1.723806775360668953e+00,2.701136198619780160e-02,8.881070169994774444e-02
-8.000000000000000000e+00,1.700350175087543825e+00,-3.260412813417102651e+00,1.747004194381789999e+00,4.665401929424617400e-02,9.556909297615723275e-02
-8.000000000000000000e+00,1.703351675837918577e+00,-3.260221732591802368e+00,1.678954312148505545e+00,2.539029746154919387e-02,1.015882416644553060e-01
-8.000000000000000000e+00,1.706353176588294218e+00,-3.260338131150598340e+00,1.666652652424742032e+00,3.970052416355218661e-02,1.053111431299419282e-01
-8.000000000000000000e+00,1.709354677338668971e+00,-3.260409908497696296e+00,1.662696434551111713e+00,4.665824278755725807e-02,1.076970278353457100e-01
-8.000000000000000000e+00,1.712356178089044612e+00,-3.260392741016246543e+00,1.667324414999219906e+00,4.503176308982470566e-02,1.082036936232006197e-01
-8.000000000000000000e+00,1.715357678839419364e+00,-3.260308860949460374e+00,1.680541280667690263e+00,3.481639817172910156e-02,1.116107397893641301e-01
-8.000000000000000000e+00,1.718359179589795005e+00,-3.260239786997896516e+00,1.698922399201633793e+00,2.585252149267636135e-02,1.130462233852555232e-01
-8.000000000000000000e+00,1.721360680340169758e+00,-3.260239587841262221e+00,1.705204791521387264e+00,2.467878858141725473e-02,1.146929672199969025e-01
-8.000000000000000000e+00,1.724362181090545398e+00,-3.260214057883630723e+00,1.701213162256209666e+00,2.477204078875527848e-02,1.235653801978020827e-01
-8.000000000000000000e+00,1.727363681840920151e+00,-3.260301831563108710e+00,1.690244364997384618e+00,3.711931684353553251e-02,1.093890364785190944e-01
-8.000000000000000000e+00,1.730365182591295792e+00,-3.260303667102408376e+00,1.693149807679656504e+00,3.721537491163928735e-02,1.095844368502556648e-01
-8.000000000000000000e+00,1.733366683341670544e+00,-3.260283934952962870e+00,1.697162674607939792e+00,3.620400873373075257e-02,1.097562045981040346e-01
-8.000000000000000000e+00,1.736368184092046185e+00,-3.260270236346794359e+00,1.701023631550871107e+00,3.534455254117507828e-02,1.105025648243462000e-01
-8.000000000000000000e+00,1.739369684842420938e+00,-3.260270236346794359e+00,1.704025132301245860e+00,3.534455254117507828e-02,1.105025648243462000e-01
-8.000000000000000000e+00,1.742371185592796579e+00,-3.260270236346794359e+00,1.707026633051621500e+00,3.534455254117507828e-02,1.105025648243462000e-01
-8.000000000000000000e+00,1.745372686343171331e+00,-3.260270236346794359e+00,1.710028133801996253e+00,3.534455254117507828e-02,1.105025648243462000e-01
-8.000000000000000000e+00,1.748374187093546972e+00,-3.260270236346794359e+00,1.713029634552371894e+00,3.534455254117507828e-02,1.105025648243462000e-01
-8.000000000000000000e+00,1.751375687843921725e+00,-3.260270236346794359e+00,1.716031135302746646e+00,3.534455254117507828e-02,1.105025648243462000e-01
-8.000000000000000000e+00,1.754377188594297365e+00,-3.260270236346794359e+00,1.719032636053122287e+00,3.534455254117507828e-02,1.105025648243462000e-01
-8.000000000000000000e+00,1.757378689344672118e+00,-3.260270236346794359e+00,1.722034136803497040e+00,3.534455254117507828e-02,1.105025648243462000e-01
-8.000000000000000000e+00,1.760380190095047759e+00,-3.260270236346794359e+00,1.725035637553872681e+00,3.534455254117507828e-02,1.105025648243462000e-01
-8.000000000000000000e+00,1.763381690845422511e+00,-3.260270236346794359e+00,1.728037138304247433e+00,3.534455254117507828e-02,1.105025648243462000e-01
-8.000000000000000000e+00,1.766383191595798152e+00,-3.260270236346794359e+00,1.731038639054623074e+00,3.534455254117507828e-02,1.105025648243462000e-01
-8.000000000000000000e+00,1.769384692346172905e+00,-3.260270236346794359e+00,1.734040139804997827e+00,3.534455254117507828e-02,1.105025648243462000e-01
-8.000000000000000000e+00,1.772386193096548546e+00,-3.260270236346794359e+00,1.737041640555373467e+00,3.534455254117507828e-02,1.105025648243462000e-01
-8.000000000000000000e+00,1.775387693846923298e+00,-3.260270236346794359e+00,1.740043141305748220e+00,3.534455254117507828e-02,1.105025648243462000e-01
-8.000000000000000000e+00,1.778389194597298939e+00,-3.260270236346794359e+00,1.743044642056123861e+00,3.534455254117507828e-02,1.105025648243462000e-01
-8.000000000000000000e+00,1.781390695347673692e+00,-3.260270236346794359e+00,1.746046142806498613e+00,3.534455254117507828e-02,1.105025648243462000e-01
-8.000000000000000000e+00,1.784392196098049332e+00,-3.260270236346794359e+00,1.749047643556874254e+00,3.534455254117507828e-02,1.105025648243462000e-01
-8.000000000000000000e+00,1.787393696848424085e+00,-3.260270236346794359e+00,1.752049144307249007e+00,3.534455254117507828e-02,1.105025648243462000e-01
-8.000000000000000000e+00,1.790395197598799726e+00,-3.260270236346794359e+00,1.755050645057624648e+00,3.534455254117507828e-02,1.105025648243462000e-01
-8.000000000000000000e+00,1.793396698349174478e+00,-3.260270236346794359e+00,1.758052145807999400e+00,3.534455254117507828e-02,1.105025648243462000e-01
-8.000000000000000000e+00,1.796398199099550119e+00,-3.260270236346794359e+00,1.761053646558375041e+00,3.534455254117507828e-02,1.105025648243462000e-01
-8.000000000000000000e+00,1.799399699849924872e+00,-3.260270236346794359e+00,1.764055147308749794e+00,3.534455254117507828e-02,1.105025648243462000e-01
-8.000000000000000000e+00,1.802401200600300513e+00,-3.260270236346794359e+00,1.767056648059125434e+00,3.534455254117507828e-02,1.105025648243462000e-01
-8.000000000000000000e+00,1.805402701350675265e+00,-3.260270236346794359e+00,1.770058148809500187e+00,3.534455254117507828e-02,1.105025648243462000e-01
-8.000000000000000000e+00,1.808404202101050906e+00,-3.260270236346794359e+00,1.773059649559875828e+00,3.534455254117507828e-02,1.105025648243462000e-01
-8.000000000000000000e+00,1.811405702851425659e+00,-3.260270236346794359e+00,1.776061150310250580e+00,3.534455254117507828e-02,1.105025648243462000e-01
-8.000000000000000000e+00,1.814407203601801299e+00,-3.260270236346794359e+00,1.779062651060626221e+00,3.534455254117507828e-02,1.105025648243462000e-01
-8.000000000000000000e+00,1.817408704352176052e+00,-3.260270236346794359e+00,1.782064151811000974e+00,3.534455254117507828e-02,1.105025648243462000e-01
-8.000000000000000000e+00,1.820410205102551693e+00,-3.260270236346794359e+00,1.785065652561376615e+00,3.534455254117507828e-02,1.105025648243462000e-01
-8.000000000000000000e+00,1.823411705852926445e+00,-3.260270236346794359e+00,1.788067153311751367e+00,3.534455254117507828e-02,1.105025648243462000e-01
-8.000000000000000000e+00,1.826413206603302086e+00,-3.260270236346794359e+00,1.791068654062127008e+00,3.534455254117507828e-02,1.105025648243462000e-01
-8.000000000000000000e+00,1.829414707353676839e+00,-3.260266941565149956e+00,1.794442041285313927e+00,3.497266606836291203e-02,1.103403297621005918e-01
-8.000000000000000000e+00,1.832416208104051591e+00,-3.260265821156668409e+00,1.797578028674056805e+00,3.483817942999478667e-02,1.103047515794538247e-01
-8.000000000000000000e+00,1.835417708854427232e+00,-3.260268847330295650e+00,1.800195356984065853e+00,3.522235187036137916e-02,1.103382822137979474e-01
-8.000000000000000000e+00,1.838419209604801985e+00,-3.260270567596933677e+00,1.802965641014615095e+00,3.545356859018689022e-02,1.102669149393959852e-01
-8.000000000000000000e+00,1.841420710355177626e+00,-3.260274225764553613e+00,1.805471683154242113e+00,3.594902720093551274e-02,1.101084799311991547e-01
-8.000000000000000000e+00,1.844422211105552378e+00,-3.260275935246943035e+00,1.808294385328007792e+00,3.612782577754458657e-02,1.101182577738978180e-01
-8.000000000000000000e+00,1.847423711855928019e+00,-3.260276029898517614e+00,1.811288039121355053e+00,3.613567273457296558e-02,1.101146541514678168e-01
-8.000000000000000000e+00,1.850425212606302772e+00,-3.260274234922666992e+00,1.814455996409845895e+00,3.596921619645687684e-02,1.102486047610079789e-01
-8.000000000000000000e+00,1.853426713356678412e+00,-3.260272666080161752e+00,1.817607742233856127e+00,3.581897112282228512e-02,1.103720871161328471e-01
-8.000000000000000000e+00,1.856428214107053165e+00,-3.260274141079206434e+00,1.820513988605254596e+00,3.591422550179856898e-02,1.105776961664760027e-01
-8.000000000000000000e+00,1.859429714857428806e+00,-3.260275773139327260e+00,1.823408664501410481e+00,3.602105035601832483e-02,1.104732669430692760e-01
-8.000000000000000000e+00,1.862431215607803558e+00,-3.260276091851455060e+00,1.826387240243803278e+00,3.604397536400028024e-02,1.102930490853991641e-01
-8.000000000000000000e+00,1.865432716358179199e+00,-3.260276091851455060e+00,1.829388740994178919e+00,3.604397536400028024e-02,1.102930490853991641e-01
-8.000000000000000000e+00,1.868434217108553952e+00,-3.260276091851455060e+00,1.832390241744553672e+00,3.604397536400028024e-02,1.102930490853991641e-01
-8.000000000000000000e+00,1.871435717858929593e+00,-3.260276091851455060e+00,1.835391742494929312e+00,3.604397536400028024e-02,1.102930490853991641e-01
-8.000000000000000000e+00,1.874437218609304345e+00,-3.260276091851455060e+00,1.838393243245304065e+00,3.604397536400028024e-02,1.102930490853991641e-01
-8.000000000000000000e+00,1.877438719359679986e+00,-3.260276091851455060e+00,1.841394743995679706e+00,3.604397536400028024e-02,1.102930490853991641e-01
-8.000000000000000000e+00,1.880440220110054739e+00,-3.260276091851455060e+00,1.844396244746054458e+00,3.604397536400028024e-02,1.102930490853991641e-01
-8.000000000000000000e+00,1.883441720860430380e+00,-3.260276091851455060e+00,1.847397745496430099e+00,3.604397536400028024e-02,1.102930490853991641e-01
-8.000000000000000000e+00,1.886443221610805132e+00,-3.260276091851455060e+00,1.850399246246804852e+00,3.604397536400028024e-02,1.102930490853991641e-01
-8.000000000000000000e+00,1.889444722361180773e+00,-3.260276091851455060e+00,1.853400746997180493e+00,3.604397536400028024e-02,1.102930490853991641e-01
-8.000000000000000000e+00,1.892446223111555526e+00,-3.260276091851455060e+00,1.856402247747555245e+00,3.604397536400028024e-02,1.102930490853991641e-01
-8.000000000000000000e+00,1.895447723861931166e+00,-3.260276091851455060e+00,1.859403748497930886e+00,3.604397536400028024e-02,1.102930490853991641e-01
-8.000000000000000000e+00,1.898449224612305919e+00,-3.260276091851455060e+00,1.862405249248305639e+00,3.604397536400028024e-02,1.102930490853991641e-01
-8.000000000000000000e+00,1.901450725362681560e+00,-3.260276091851455060e+00,1.865406749998681279e+00,3.604397536400028024e-02,1.102930490853991641e-01
-8.000000000000000000e+00,1.904452226113056312e+00,-3.260276091851455060e+00,1.868408250749056032e+00,3.604397536400028024e-02,1.102930490853991641e-01
-8.000000000000000000e+00,1.907453726863431953e+00,-3.260276091851455060e+00,1.871409751499431673e+00,3.604397536400028024e-02,1.102930490853991641e-01
-8.000000000000000000e+00,1.910455227613806706e+00,-3.260276091851455060e+00,1.874411252249806425e+00,3.604397536400028024e-02,1.102930490853991641e-01
-8.000000000000000000e+00,1.913456728364182347e+00,-3.260276091851455060e+00,1.877412753000182066e+00,3.604397536400028024e-02,1.102930490853991641e-01
-8.000000000000000000e+00,1.916458229114557099e+00,-3.260276091851455060e+00,1.880414253750556819e+00,3.604397536400028024e-02,1.102930490853991641e-01
-8.000000000000000000e+00,1.919459729864932740e+00,-3.260276091851455060e+00,1.883415754500932460e+00,3.604397536400028024e-02,1.102930490853991641e-01
-8.000000000000000000e+00,1.922461230615307493e+00,-3.260276091851455060e+00,1.886417255251307212e+00,3.604397536400028024e-02,1.102930490853991641e-01
-8.000000000000000000e+00,1.925462731365683133e+00,-3.260276091851455060e+00,1.889418756001682853e+00,3.604397536400028024e-02,1.102930490853991641e-01
-8.000000000000000000e+00,1.928464232116057886e+00,-3.260276091851455060e+00,1.892420256752057606e+00,3.604397536400028024e-02,1.102930490853991641e-01
-8.000000000000000000e+00,1.931465732866433527e+00,-3.260276091851455060e+00,1.895421757502433247e+00,3.604397536400028024e-02,1.102930490853991641e-01
-8.000000000000000000e+00,1.934467233616808279e+00,-3.260276091851455060e+00,1.898423258252807999e+00,3.604397536400028024e-02,1.102930490853991641e-01
-8.000000000000000000e+00,1.937468734367183920e+00,-3.260276091851455060e+00,1.901424759003183640e+00,3.604397536400028024e-02,1.102930490853991641e-01
-8.000000000000000000e+00,1.940470235117558673e+00,-3.260276091851455060e+00,1.904426259753558393e+00,3.604397536400028024e-02,1.102930490853991641e-01
-8.000000000000000000e+00,1.943471735867934314e+00,-3.260276091851455060e+00,1.907427760503934033e+00,3.604397536400028024e-02,1.102930490853991641e-01
-8.000000000000000000e+00,1.946473236618309066e+00,-3.260276091851455060e+00,1.910429261254308786e+00,3.604397536400028024e-02,1.102930490853991641e-01
-8.000000000000000000e+00,1.949474737368684707e+00,-3.260276091851455060e+00,1.913430762004684427e+00,3.604397536400028024e-02,1.102930490853991641e-01
-8.000000000000000000e+00,1.952476238119059460e+00,-3.260157166422767983e+00,1.966082129341871987e+00,1.360589122281252727e-02,1.003472816258633576e-01
-8.000000000000000000e+00,1.955477738869435100e+00,-3.260210161108969995e+00,1.982476157888868773e+00,2.699841901943367262e-02,8.854502115363746539e-02
-8.000000000000000000e+00,1.958479239619809853e+00,-3.260102526461400529e+00,1.944144182948475574e+00,1.433505667133427863e-02,7.801478003321937749e-02
-8.000000000000000000e+00,1.961480740370185494e+00,-3.260053399879453639e+00,1.956784103449062062e+00,6.870931339644004154e-03,7.769214579334529636e-02
-8.000000000000000000e+00,1.964482241120560246e+00,-3.260053399879453639e+00,1.959785604199436815e+00,6.870931339644004154e-03,7.769214579334529636e-02
-8.000000000000000000e+00,1.967483741870935887e+00,-3.260053399879453639e+00,1.962787104949812456e+00,6.870931339644004154e-03,7.769214579334529636e-02
-8.000000000000000000e+00,1.970485242621310640e+00,-3.260053399879453639e+00,1.965788605700187208e+00,6.870931339644004154e-03,7.769214579334529636e-02
-8.000000000000000000e+00,1.973486743371686281e+00,-3.260053399879453639e+00,1.968790106450562849e+00,6.870931339644004154e-03,7.769214579334529636e-02
-8.000000000000000000e+00,1.976488244122061033e+00,-3.260053399879453639e+00,1.971791607200937602e+00,6.870931339644004154e-03,7.769214579334529636e-02
-8.000000000000000000e+00,1.979489744872435786e+00,-3.260053399879453639e+00,1.974793107951312354e+00,6.870931339644004154e-03,7.769214579334529636e-02
-8.000000000000000000e+00,1.982491245622811427e+00,-3.260053399879453639e+00,1.977794608701687995e+00,6.870931339644004154e-03,7.769214579334529636e-02
-8.000000000000000000e+00,1.985492746373186179e+00,-3.260053399879453639e+00,1.980796109452062748e+00,6.870931339644004154e-03,7.769214579334529636e-02
-8.000000000000000000e+00,1.988494247123561820e+00,-3.260053399879453639e+00,1.983797610202438388e+00,6.870931339644004154e-03,7.769214579334529636e-02
-8.000000000000000000e+00,1.991495747873936573e+00,-3.260053399879453639e+00,1.986799110952813141e+00,6.870931339644004154e-03,7.769214579334529636e-02
-8.000000000000000000e+00,1.994497248624312213e+00,-3.260053399879453639e+00,1.989800611703188782e+00,6.870931339644004154e-03,7.769214579334529636e-02
-8.000000000000000000e+00,1.997498749374686966e+00,-3.260053399879453639e+00,1.992802112453563534e+00,6.870931339644004154e-03,7.769214579334529636e-02
-8.000000000000000000e+00,2.000500250125062607e+00,-3.260053399879453639e+00,1.995803613203938953e+00,6.870931339644226199e-03,7.769214579334529636e-02
-8.000000000000000000e+00,2.003501750875437359e+00,-3.260053399879453639e+00,1.998805113954312818e+00,6.870931339645114377e-03,7.769214579334529636e-02
-8.000000000000000000e+00,2.006503251625813000e+00,-3.260053399879453639e+00,2.001806614704686016e+00,6.870931339647334823e-03,7.769214579334529636e-02
-8.000000000000000000e+00,2.009504752376187753e+00,-3.260053399879453639e+00,2.004808115455060769e+00,6.870931339646890734e-03,7.769214579334529636e-02
-8.000000000000000000e+00,2.012506253126563394e+00,-3.260053399879453639e+00,2.007809616205436409e+00,6.870931339646890734e-03,7.769214579334529636e-02
-8.000000000000000000e+00,2.015507753876938146e+00,-3.260053399879453639e+00,2.010811116955811162e+00,6.870931339646890734e-03,7.769214579334529636e-02
-8.000000000000000000e+00,2.018509254627313787e+00,-3.260053399879453639e+00,2.013812617706186803e+00,6.870931339646890734e-03,7.769214579334529636e-02
-8.000000000000000000e+00,2.021510755377688540e+00,-3.260053399879453639e+00,2.016814118456561555e+00,6.870931339646890734e-03,7.769214579334529636e-02
-8.000000000000000000e+00,2.024512256128064180e+00,-3.260053399879453639e+00,2.019815619206937196e+00,6.870931339646890734e-03,7.769214579334529636e-02
-8.000000000000000000e+00,2.027513756878438933e+00,-3.260053399879453639e+00,2.022817119957311949e+00,6.870931339646890734e-03,7.769214579334529636e-02
-8.000000000000000000e+00,2.030515257628814574e+00,-3.260053399879453639e+00,2.025818620707687590e+00,6.870931339646890734e-03,7.769214579334529636e-02
-8.000000000000000000e+00,2.033516758379189326e+00,-3.260053399879453639e+00,2.028820121458062342e+00,6.870931339646890734e-03,7.769214579334529636e-02
-8.000000000000000000e+00,2.036518259129564967e+00,-3.260053399879453639e+00,2.031821622208437983e+00,6.870931339646890734e-03,7.769214579334529636e-02
-8.000000000000000000e+00,2.039519759879939720e+00,-3.260053399879453639e+00,2.034823122958812736e+00,6.870931339646890734e-03,7.769214579334529636e-02
-8.000000000000000000e+00,2.042521260630315361e+00,-3.260053399879453639e+00,2.037824623709188376e+00,6.870931339646890734e-03,7.769214579334529636e-02
-8.000000000000000000e+00,2.045522761380690113e+00,-3.260053399879453639e+00,2.040826124459563129e+00,6.870931339646890734e-03,7.769214579334529636e-02
-8.000000000000000000e+00,2.048524262131065754e+00,-3.260053399879453639e+00,2.043827625209938770e+00,6.870931339646890734e-03,7.769214579334529636e-02
-8.000000000000000000e+00,2.051525762881440507e+00,-3.260053399879453639e+00,2.046829125960313522e+00,6.870931339646890734e-03,7.769214579334529636e-02
-8.000000000000000000e+00,2.054527263631816147e+00,-3.260053399879453639e+00,2.049830626710689163e+00,6.870931339646890734e-03,7.769214579334529636e-02
-8.000000000000000000e+00,2.057528764382190900e+00,-3.260053399879453639e+00,2.052832127461063916e+00,6.870931339646890734e-03,7.769214579334529636e-02
-8.000000000000000000e+00,2.060530265132566541e+00,-3.260053399879453639e+00,2.055833628211439557e+00,6.870931339646890734e-03,7.769214579334529636e-02
-8.000000000000000000e+00,2.063531765882941293e+00,-3.260053399879453639e+00,2.058835128961814309e+00,6.870931339646890734e-03,7.769214579334529636e-02
-8.000000000000000000e+00,2.066533266633316934e+00,-3.260053399879453639e+00,2.061836629712189950e+00,6.870931339646890734e-03,7.769214579334529636e-02
-8.000000000000000000e+00,2.069534767383691687e+00,-3.260053399879453639e+00,2.064838130462564703e+00,6.870931339646890734e-03,7.769214579334529636e-02
-8.000000000000000000e+00,2.072536268134067328e+00,-3.260053399879453639e+00,2.067839631212940343e+00,6.870931339646890734e-03,7.769214579334529636e-02
-8.000000000000000000e+00,2.075537768884442080e+00,-3.260053399879453639e+00,2.070841131963315096e+00,6.870931339646890734e-03,7.769214579334529636e-02
-8.000000000000000000e+00,2.078539269634817721e+00,-3.260053415090077067e+00,2.073832442752151728e+00,6.879991330896118029e-03,7.769838847808117899e-02
-8.000000000000000000e+00,2.081540770385192474e+00,-3.260053989121639795e+00,2.076339594378020958e+00,7.306860463224928992e-03,7.785098867987422233e-02
-8.000000000000000000e+00,2.084542271135568114e+00,-3.260054416882931516e+00,2.078950019415346961e+00,7.571921017292648770e-03,7.770275659347601616e-02
-8.000000000000000000e+00,2.087543771885942867e+00,-3.260054222967428306e+00,2.081877889935824122e+00,7.589171838306096873e-03,7.754803043995484035e-02
-8.000000000000000000e+00,2.090545272636318508e+00,-3.260054222967428306e+00,2.084879390686199763e+00,7.589171838306096873e-03,7.754803043995484035e-02
-8.000000000000000000e+00,2.093546773386693260e+00,-3.260054222967428306e+00,2.087880891436574515e+00,7.589171838306096873e-03,7.754803043995484035e-02
-8.000000000000000000e+00,2.096548274137068901e+00,-3.260054222967428306e+00,2.090882392186950156e+00,7.589171838306096873e-03,7.754803043995484035e-02
-8.000000000000000000e+00,2.099549774887443654e+00,-3.260054222967428306e+00,2.093883892937324909e+00,7.589171838306096873e-03,7.754803043995484035e-02
-8.000000000000000000e+00,2.102551275637819295e+00,-3.260054222967428306e+00,2.096885393687700549e+00,7.589171838306096873e-03,7.754803043995484035e-02
-8.000000000000000000e+00,2.105552776388194047e+00,-3.260054222967428306e+00,2.099886894438075302e+00,7.589171838306096873e-03,7.754803043995484035e-02
-8.000000000000000000e+00,2.108554277138569688e+00,-3.260054222967428306e+00,2.102888395188450943e+00,7.589171838306096873e-03,7.754803043995484035e-02
-8.000000000000000000e+00,2.111555777888944441e+00,-3.260054222967428306e+00,2.105889895938825696e+00,7.589171838306096873e-03,7.754803043995484035e-02
-8.000000000000000000e+00,2.114557278639320081e+00,-3.260054222967428306e+00,2.108891396689201336e+00,7.589171838306096873e-03,7.754803043995484035e-02
-8.000000000000000000e+00,2.117558779389694834e+00,-3.260054222967428306e+00,2.111892897439576089e+00,7.589171838306096873e-03,7.754803043995484035e-02
-8.000000000000000000e+00,2.120560280140070475e+00,-3.260054222967428306e+00,2.114894398189951730e+00,7.589171838306096873e-03,7.754803043995484035e-02
-8.000000000000000000e+00,2.123561780890445227e+00,-3.260054222967428306e+00,2.117895898940326482e+00,7.589171838306096873e-03,7.754803043995484035e-02
-8.000000000000000000e+00,2.126563281640819980e+00,-3.260054222967428306e+00,2.120897399690701235e+00,7.589171838306096873e-03,7.754803043995484035e-02
-8.000000000000000000e+00,2.129564782391195621e+00,-3.260054222967428306e+00,2.123898900441076876e+00,7.589171838306096873e-03,7.754803043995484035e-02
-8.000000000000000000e+00,2.132566283141570374e+00,-3.260054222967428306e+00,2.126900401191451628e+00,7.589171838306096873e-03,7.754803043995484035e-02
-8.000000000000000000e+00,2.135567783891946014e+00,-3.260054222967428306e+00,2.129901901941827269e+00,7.589171838306096873e-03,7.754803043995484035e-02
-8.000000000000000000e+00,2.138569284642320767e+00,-3.260054222967428306e+00,2.132903402692202022e+00,7.589171838306096873e-03,7.754803043995484035e-02
-8.000000000000000000e+00,2.141570785392696408e+00,-3.260054222967428306e+00,2.135904903442577663e+00,7.589171838306096873e-03,7.754803043995484035e-02
-8.000000000000000000e+00,2.144572286143071160e+00,-3.260054222967428306e+00,2.138906404192952415e+00,7.589171838306096873e-03,7.754803043995484035e-02
-8.000000000000000000e+00,2.147573786893446801e+00,-3.260054222967428306e+00,2.141907904943328056e+00,7.589171838306096873e-03,7.754803043995484035e-02
-8.000000000000000000e+00,2.150575287643821554e+00,-3.260054222967428306e+00,2.144909405693702809e+00,7.589171838306096873e-03,7.754803043995484035e-02
-8.000000000000000000e+00,2.153576788394197195e+00,-3.260054222967428306e+00,2.147910906444078449e+00,7.589171838306096873e-03,7.754803043995484035e-02
-8.000000000000000000e+00,2.156578289144571947e+00,-3.260054222967428306e+00,2.150912407194453202e+00,7.589171838306096873e-03,7.754803043995484035e-02
-8.000000000000000000e+00,2.159579789894947588e+00,-3.260054222967428306e+00,2.153913907944828843e+00,7.589171838306096873e-03,7.754803043995484035e-02
-8.000000000000000000e+00,2.162581290645322341e+00,-3.260054222967428306e+00,2.156915408695203595e+00,7.589171838306096873e-03,7.754803043995484035e-02
-8.000000000000000000e+00,2.165582791395697981e+00,-3.260054222967428306e+00,2.159916909445579236e+00,7.589171838306096873e-03,7.754803043995484035e-02
-8.000000000000000000e+00,2.168584292146072734e+00,-3.260054222967428306e+00,2.162918410195953989e+00,7.589171838306096873e-03,7.754803043995484035e-02
-8.000000000000000000e+00,2.171585792896448375e+00,-3.260054222967428306e+00,2.165919910946329630e+00,7.589171838306096873e-03,7.754803043995484035e-02
-8.000000000000000000e+00,2.174587293646823127e+00,-3.260054222967428306e+00,2.168921411696704382e+00,7.589171838306096873e-03,7.754803043995484035e-02
-8.000000000000000000e+00,2.177588794397198768e+00,-3.260054222967428306e+00,2.171922912447080023e+00,7.589171838306096873e-03,7.754803043995484035e-02
-8.000000000000000000e+00,2.180590295147573521e+00,-3.260054222967428306e+00,2.174924413197454776e+00,7.589171838306096873e-03,7.754803043995484035e-02
-8.000000000000000000e+00,2.183591795897949162e+00,-3.260054222967428306e+00,2.177925913947830416e+00,7.589171838306096873e-03,7.754803043995484035e-02
-8.000000000000000000e+00,2.186593296648323914e+00,-3.260054222967428306e+00,2.180927414698205169e+00,7.589171838306096873e-03,7.754803043995484035e-02
-8.000000000000000000e+00,2.189594797398699555e+00,-3.260054222967428306e+00,2.183928915448580810e+00,7.589171838306096873e-03,7.754803043995484035e-02
-8.000000000000000000e+00,2.192596298149074308e+00,-3.260054222967428306e+00,2.186930416198955562e+00,7.589171838306096873e-03,7.754803043995484035e-02
-8.000000000000000000e+00,2.195597798899449948e+00,-3.260054222967428306e+00,2.189931916949331203e+00,7.589171838306096873e-03,7.754803043995484035e-02
-8.000000000000000000e+00,2.198599299649824701e+00,-3.260054222967428306e+00,2.192933417699705956e+00,7.589171838306096873e-03,7.754803043995484035e-02
-8.000000000000000000e+00,2.201600800400200342e+00,-3.260054222967428306e+00,2.195934918450081597e+00,7.589171838306096873e-03,7.754803043995484035e-02
-8.000000000000000000e+00,2.204602301150575094e+00,-3.260089683697830143e+00,2.227557767440150549e+00,2.295546628957545465e-02,7.964309402317214237e-02
-8.000000000000000000e+00,2.207603801900950735e+00,-3.260065383168087028e+00,2.225210493970437131e+00,1.760669206948639598e-02,7.844513320386009569e-02
-8.000000000000000000e+00,2.210605302651325488e+00,-3.260065383168087028e+00,2.228211994720811884e+00,1.760669206948639598e-02,7.844513320386009569e-02
-8.000000000000000000e+00,2.213606803401701129e+00,-3.260065383168087028e+00,2.231213495471187525e+00,1.760669206948639598e-02,7.844513320386009569e-02
-8.000000000000000000e+00,2.216608304152075881e+00,-3.260065383168087028e+00,2.234214996221562277e+00,1.760669206948639598e-02,7.844513320386009569e-02
-8.000000000000000000e+00,2.219609804902451522e+00,-3.260065383168087028e+00,2.237216496971937918e+00,1.760669206948639598e-02,7.844513320386009569e-02
-8.000000000000000000e+00,2.222611305652826275e+00,-3.260065383168087028e+00,2.240217997722312671e+00,1.760669206948639598e-02,7.844513320386009569e-02
-8.000000000000000000e+00,2.225612806403201915e+00,-3.260065383168087028e+00,2.243219498472688311e+00,1.760669206948639598e-02,7.844513320386009569e-02
-8.000000000000000000e+00,2.228614307153576668e+00,-3.260065383168087028e+00,2.246220999223063064e+00,1.760669206948639598e-02,7.844513320386009569e-02
-8.000000000000000000e+00,2.231615807903952309e+00,-3.260065383168087028e+00,2.249222499973438705e+00,1.760669206948639598e-02,7.844513320386009569e-02
-8.000000000000000000e+00,2.234617308654327061e+00,-3.260065383168087028e+00,2.252224000723813457e+00,1.760669206948639598e-02,7.844513320386009569e-02
-8.000000000000000000e+00,2.237618809404702702e+00,-3.260065383168087028e+00,2.255225501474189098e+00,1.760669206948639598e-02,7.844513320386009569e-02
-8.000000000000000000e+00,2.240620310155077455e+00,-3.260065383168087028e+00,2.258227002224563851e+00,1.760669206948639598e-02,7.844513320386009569e-02
-8.000000000000000000e+00,2.243621810905453096e+00,-3.260065383168087028e+00,2.261228502974939492e+00,1.760669206948639598e-02,7.844513320386009569e-02
-8.000000000000000000e+00,2.246623311655827848e+00,-3.260065383168087028e+00,2.264230003725314244e+00,1.760669206948639598e-02,7.844513320386009569e-02
-8.000000000000000000e+00,2.249624812406203489e+00,-3.260065383168087028e+00,2.267231504475689885e+00,1.760669206948639598e-02,7.844513320386009569e-02
-8.000000000000000000e+00,2.252626313156578242e+00,-3.260065383168087028e+00,2.270233005226064638e+00,1.760669206948639598e-02,7.844513320386009569e-02
-8.000000000000000000e+00,2.255627813906953882e+00,-3.260065383168087028e+00,2.273234505976440278e+00,1.760669206948639598e-02,7.844513320386009569e-02
-8.000000000000000000e+00,2.258629314657328635e+00,-3.260065383168087028e+00,2.276236006726815031e+00,1.760669206948639598e-02,7.844513320386009569e-02
-8.000000000000000000e+00,2.261630815407704276e+00,-3.260065383168087028e+00,2.279237507477190672e+00,1.760669206948639598e-02,7.844513320386009569e-02
-8.000000000000000000e+00,2.264632316158079028e+00,-3.260065383168087028e+00,2.282239008227565424e+00,1.760669206948639598e-02,7.844513320386009569e-02
-8.000000000000000000e+00,2.267633816908454669e+00,-3.260065383168087028e+00,2.285240508977941065e+00,1.760669206948639598e-02,7.844513320386009569e-02
-8.000000000000000000e+00,2.270635317658829422e+00,-3.260065383168087028e+00,2.288242009728315818e+00,1.760669206948639598e-02,7.844513320386009569e-02
-8.000000000000000000e+00,2.273636818409204174e+00,-3.260065383168087028e+00,2.291243510478690570e+00,1.760669206948639598e-02,7.844513320386009569e-02
-8.000000000000000000e+00,2.276638319159579815e+00,-3.260065383168087028e+00,2.294245011229066211e+00,1.760669206948639598e-02,7.844513320386009569e-02
-8.000000000000000000e+00,2.279639819909954568e+00,-3.260065383168087028e+00,2.297246511979440964e+00,1.760669206948639598e-02,7.844513320386009569e-02
-8.000000000000000000e+00,2.282641320660330209e+00,-3.260065383168087028e+00,2.300248012729816605e+00,1.760669206948639598e-02,7.844513320386009569e-02
-8.000000000000000000e+00,2.285642821410704961e+00,-3.260065383168087028e+00,2.303249513480191357e+00,1.760669206948639598e-02,7.844513320386009569e-02
-8.000000000000000000e+00,2.288644322161080602e+00,-3.260065383168087028e+00,2.306251014230566998e+00,1.760669206948639598e-02,7.844513320386009569e-02
-8.000000000000000000e+00,2.291645822911455355e+00,-3.260065383168087028e+00,2.309252514980941751e+00,1.760669206948639598e-02,7.844513320386009569e-02
-8.000000000000000000e+00,2.294647323661830995e+00,-3.260065383168087028e+00,2.312254015731317391e+00,1.760669206948639598e-02,7.844513320386009569e-02
-8.000000000000000000e+00,2.297648824412205748e+00,-3.260065383168087028e+00,2.315255516481692144e+00,1.760669206948639598e-02,7.844513320386009569e-02
-8.000000000000000000e+00,2.300650325162581389e+00,-3.260065383168087028e+00,2.318257017232067785e+00,1.760669206948639598e-02,7.844513320386009569e-02
-8.000000000000000000e+00,2.303651825912956141e+00,-3.260065383168087028e+00,2.321258517982442537e+00,1.760669206948639598e-02,7.844513320386009569e-02
-8.000000000000000000e+00,2.306653326663331782e+00,-3.260065383168087028e+00,2.324260018732818178e+00,1.760669206948639598e-02,7.844513320386009569e-02
-8.000000000000000000e+00,2.309654827413706535e+00,-3.260065383168087028e+00,2.327261519483192931e+00,1.760669206948639598e-02,7.844513320386009569e-02
-8.000000000000000000e+00,2.312656328164082176e+00,-3.260065383168087028e+00,2.330263020233568572e+00,1.760669206948639598e-02,7.844513320386009569e-02
-8.000000000000000000e+00,2.315657828914456928e+00,-3.260065326171279310e+00,2.333246917708248436e+00,1.758908879379150747e-02,7.844886835635342393e-02
-8.000000000000000000e+00,2.318659329664832569e+00,-3.260064601083503710e+00,2.335971872259440918e+00,1.731254259460834888e-02,7.841960470338747713e-02
-8.000000000000000000e+00,2.321660830415207322e+00,-3.260064849592391401e+00,2.339050545570776851e+00,1.738971515556952951e-02,7.833393532055973885e-02
-8.000000000000000000e+00,2.324662331165582962e+00,-3.260066159827716969e+00,2.342398763037727871e+00,1.773643187214490879e-02,7.843200972800817850e-02
-8.000000000000000000e+00,2.327663831915957715e+00,-3.260063306872794886e+00,2.344659715217503493e+00,1.699588330154577775e-02,7.855238216911238081e-02
-8.000000000000000000e+00,2.330665332666333356e+00,-3.260062692963757947e+00,2.347507001287907347e+00,1.684166862157399081e-02,7.849450718258302317e-02
-8.000000000000000000e+00,2.333666833416708108e+00,-3.260062768957430634e+00,2.350527797057984536e+00,1.686096364127642744e-02,7.849903831376804642e-02
-8.000000000000000000e+00,2.336668334167083749e+00,-3.260062768957430634e+00,2.353529297808360177e+00,1.686096364127642744e-02,7.849903831376804642e-02
-8.000000000000000000e+00,2.339669834917458502e+00,-3.260062768957430634e+00,2.356530798558734929e+00,1.686096364127642744e-02,7.849903831376804642e-02
-8.000000000000000000e+00,2.342671335667834143e+00,-3.260062768957430634e+00,2.359532299309110570e+00,1.686096364127642744e-02,7.849903831376804642e-02
-8.000000000000000000e+00,2.345672836418208895e+00,-3.260062768957430634e+00,2.362533800059485323e+00,1.686096364127642744e-02,7.849903831376804642e-02
-8.000000000000000000e+00,2.348674337168584536e+00,-3.260062768957430634e+00,2.365535300809860964e+00,1.686096364127642744e-02,7.849903831376804642e-02
-8.000000000000000000e+00,2.351675837918959289e+00,-3.260062768957430634e+00,2.368536801560235716e+00,1.686096364127642744e-02,7.849903831376804642e-02
-8.000000000000000000e+00,2.354677338669334929e+00,-3.260062768957430634e+00,2.371538302310611357e+00,1.686096364127642744e-02,7.849903831376804642e-02
-8.000000000000000000e+00,2.357678839419709682e+00,-3.260062768957430634e+00,2.374539803060986110e+00,1.686096364127642744e-02,7.849903831376804642e-02
-8.000000000000000000e+00,2.360680340170085323e+00,-3.260062768957430634e+00,2.377541303811361750e+00,1.686096364127642744e-02,7.849903831376804642e-02
-8.000000000000000000e+00,2.363681840920460075e+00,-3.260062768957430634e+00,2.380542804561736503e+00,1.686096364127642744e-02,7.849903831376804642e-02
-8.000000000000000000e+00,2.366683341670835716e+00,-3.260062768957430634e+00,2.383544305312112144e+00,1.686096364127642744e-02,7.849903831376804642e-02
-8.000000000000000000e+00,2.369684842421210469e+00,-3.260062768957430634e+00,2.386545806062486896e+00,1.686096364127642744e-02,7.849903831376804642e-02
-8.000000000000000000e+00,2.372686343171586110e+00,-3.260062768957430634e+00,2.389547306812862537e+00,1.686096364127642744e-02,7.849903831376804642e-02
-8.000000000000000000e+00,2.375687843921960862e+00,-3.260062768957430634e+00,2.392548807563237290e+00,1.686096364127642744e-02,7.849903831376804642e-02
-8.000000000000000000e+00,2.378689344672336503e+00,-3.260062768957430634e+00,2.395550308313612931e+00,1.686096364127642744e-02,7.849903831376804642e-02
-8.000000000000000000e+00,2.381690845422711256e+00,-3.260062768957430634e+00,2.398551809063987683e+00,1.686096364127642744e-02,7.849903831376804642e-02
-8.000000000000000000e+00,2.384692346173086896e+00,-3.260062768957430634e+00,2.401553309814363324e+00,1.686096364127642744e-02,7.849903831376804642e-02
-8.000000000000000000e+00,2.387693846923461649e+00,-3.260062768957430634e+00,2.404554810564738077e+00,1.686096364127642744e-02,7.849903831376804642e-02
-8.000000000000000000e+00,2.390695347673837290e+00,-3.260062768957430634e+00,2.407556311315113717e+00,1.686096364127642744e-02,7.849903831376804642e-02
-8.000000000000000000e+00,2.393696848424212043e+00,-3.260062768957430634e+00,2.410557812065488470e+00,1.686096364127642744e-02,7.849903831376804642e-02
-8.000000000000000000e+00,2.396698349174587683e+00,-3.260062768957430634e+00,2.413559312815864111e+00,1.686096364127642744e-02,7.849903831376804642e-02
-8.000000000000000000e+00,2.399699849924962436e+00,-3.260062768957430634e+00,2.416560813566238863e+00,1.686096364127642744e-02,7.849903831376804642e-02
-8.000000000000000000e+00,2.402701350675338077e+00,-3.260062768957430634e+00,2.419562314316614504e+00,1.686096364127642744e-02,7.849903831376804642e-02
-8.000000000000000000e+00,2.405702851425712829e+00,-3.260062768957430634e+00,2.422563815066989257e+00,1.686096364127642744e-02,7.849903831376804642e-02
-8.000000000000000000e+00,2.408704352176088470e+00,-3.260062768957430634e+00,2.425565315817364898e+00,1.686096364127642744e-02,7.849903831376804642e-02
-8.000000000000000000e+00,2.411705852926463223e+00,-3.260062768957430634e+00,2.428566816567739650e+00,1.686096364127642744e-02,7.849903831376804642e-02
-8.000000000000000000e+00,2.414707353676838864e+00,-3.260062768957430634e+00,2.431568317318115291e+00,1.686096364127642744e-02,7.849903831376804642e-02
-8.000000000000000000e+00,2.417708854427213616e+00,-3.260062768957430634e+00,2.434569818068490044e+00,1.686096364127642744e-02,7.849903831376804642e-02
-8.000000000000000000e+00,2.420710355177588369e+00,-3.260062768957430634e+00,2.437571318818864796e+00,1.686096364127642744e-02,7.849903831376804642e-02
-8.000000000000000000e+00,2.423711855927964010e+00,-3.260062768957430634e+00,2.440572819569240437e+00,1.686096364127642744e-02,7.849903831376804642e-02
-8.000000000000000000e+00,2.426713356678338762e+00,-3.260062768957430634e+00,2.443574320319615190e+00,1.686096364127642744e-02,7.849903831376804642e-02
-8.000000000000000000e+00,2.429714857428714403e+00,-3.260062768957430634e+00,2.446575821069990830e+00,1.686096364127642744e-02,7.849903831376804642e-02
-8.000000000000000000e+00,2.432716358179089156e+00,-3.260062768957430634e+00,2.449577321820365583e+00,1.686096364127642744e-02,7.849903831376804642e-02
-8.000000000000000000e+00,2.435717858929464796e+00,-3.260062768957430634e+00,2.452578822570741224e+00,1.686096364127642744e-02,7.849903831376804642e-02
-8.000000000000000000e+00,2.438719359679839549e+00,-3.260062768957430634e+00,2.455580323321115976e+00,1.686096364127642744e-02,7.849903831376804642e-02
-8.000000000000000000e+00,2.441720860430215190e+00,-3.260091685268521111e+00,2.466552931890889866e+00,2.483207146067467619e-02,6.758658517352968131e-02
-8.000000000000000000e+00,2.444722361180589942e+00,-3.260195149614716126e+00,2.479534969561306035e+00,3.481260838071609243e-02,5.646226506848126686e-02
-8.000000000000000000e+00,2.447723861930965583e+00,-3.260123806308647065e+00,2.440119885324641746e+00,9.878447068381035479e-03,8.994371084762170510e-02
-8.000000000000000000e+00,2.450725362681340336e+00,-3.260184514959485025e+00,2.481153749611579862e+00,3.042838693023952601e-02,6.550602538387825802e-02
-8.000000000000000000e+00,2.453726863431715977e+00,-3.260301278152437199e+00,2.496347609742183060e+00,4.262074631046708362e-02,5.917745153598105018e-02
-8.000000000000000000e+00,2.456728364182090729e+00,-3.260124224121232928e+00,2.430682397081786572e+00,2.604596710030415707e-02,8.546889691448414372e-02
-8.000000000000000000e+00,2.459729864932466370e+00,-3.260165285525300050e+00,2.428078491186854926e+00,3.165137374561144412e-02,7.888751544565361651e-02
-8.000000000000000000e+00,2.462731365682841123e+00,-3.260080096947435724e+00,2.455185411100359705e+00,8.209952843638124165e-03,7.126244531629698231e-02
-8.000000000000000000e+00,2.465732866433216763e+00,-3.260091750078002004e+00,2.454100479983337912e+00,1.163238644987885095e-02,7.101589608206204662e-02
-8.000000000000000000e+00,2.468734367183591516e+00,-3.260098727437384269e+00,2.456025105707200673e+00,1.270926147639084292e-02,6.516472467377193434e-02
-8.000000000000000000e+00,2.471735867933967157e+00,-3.260098107859032979e+00,2.459103609944314872e+00,1.263225798965228464e-02,6.439067327489141068e-02
-8.000000000000000000e+00,2.474737368684341909e+00,-3.260098107859032979e+00,2.462105110694689625e+00,1.263225798965228464e-02,6.439067327489141068e-02
-8.000000000000000000e+00,2.477738869434717550e+00,-3.260098107859032979e+00,2.465106611445065266e+00,1.263225798965228464e-02,6.439067327489141068e-02
-8.000000000000000000e+00,2.480740370185092303e+00,-3.260098107859032979e+00,2.468108112195440018e+00,1.263225798965228464e-02,6.439067327489141068e-02
-8.000000000000000000e+00,2.483741870935467944e+00,-3.260098107859032979e+00,2.471109612945815659e+00,1.263225798965228464e-02,6.439067327489141068e-02
-8.000000000000000000e+00,2.486743371685842696e+00,-3.260098107859032979e+00,2.474111113696190412e+00,1.263225798965228464e-02,6.439067327489141068e-02
-8.000000000000000000e+00,2.489744872436218337e+00,-3.260098107859032979e+00,2.477112614446566052e+00,1.263225798965228464e-02,6.439067327489141068e-02
-8.000000000000000000e+00,2.492746373186593090e+00,-3.260098107859032979e+00,2.480114115196940805e+00,1.263225798965228464e-02,6.439067327489141068e-02
-8.000000000000000000e+00,2.495747873936968730e+00,-3.260098107859032979e+00,2.483115615947316446e+00,1.263225798965228464e-02,6.439067327489141068e-02
-8.000000000000000000e+00,2.498749374687343483e+00,-3.260098107859032979e+00,2.486117116697691198e+00,1.263225798965228464e-02,6.439067327489141068e-02
-8.000000000000000000e+00,2.501750875437719124e+00,-3.260098107859032979e+00,2.489118617448066839e+00,1.263225798965228464e-02,6.439067327489141068e-02
-8.000000000000000000e+00,2.504752376188093876e+00,-3.260098107859032979e+00,2.492120118198441592e+00,1.263225798965228464e-02,6.439067327489141068e-02
-8.000000000000000000e+00,2.507753876938469517e+00,-3.260098107859032979e+00,2.495121618948817233e+00,1.263225798965228464e-02,6.439067327489141068e-02
-8.000000000000000000e+00,2.510755377688844270e+00,-3.260098107859032979e+00,2.498123119699191985e+00,1.263225798965228464e-02,6.439067327489141068e-02
-8.000000000000000000e+00,2.513756878439219911e+00,-3.260098107859032979e+00,2.501124620449567626e+00,1.263225798965228464e-02,6.439067327489141068e-02
-8.000000000000000000e+00,2.516758379189594663e+00,-3.260098107859032979e+00,2.504126121199942379e+00,1.263225798965228464e-02,6.439067327489141068e-02
-8.000000000000000000e+00,2.519759879939970304e+00,-3.260098107859032979e+00,2.507127621950318019e+00,1.263225798965228464e-02,6.439067327489141068e-02
-8.000000000000000000e+00,2.522761380690345057e+00,-3.260098107859032979e+00,2.510129122700692772e+00,1.263225798965228464e-02,6.439067327489141068e-02
-8.000000000000000000e+00,2.525762881440720697e+00,-3.260098107859032979e+00,2.513130623451068413e+00,1.263225798965228464e-02,6.439067327489141068e-02
-8.000000000000000000e+00,2.528764382191095450e+00,-3.260098107859032979e+00,2.516132124201443165e+00,1.263225798965228464e-02,6.439067327489141068e-02
-8.000000000000000000e+00,2.531765882941471091e+00,-3.260098107859032979e+00,2.519133624951818806e+00,1.263225798965228464e-02,6.439067327489141068e-02
-8.000000000000000000e+00,2.534767383691845843e+00,-3.260098107859032979e+00,2.522135125702193559e+00,1.263225798965228464e-02,6.439067327489141068e-02
-8.000000000000000000e+00,2.537768884442221484e+00,-3.260098107859032979e+00,2.525136626452569200e+00,1.263225798965228464e-02,6.439067327489141068e-02
-8.000000000000000000e+00,2.540770385192596237e+00,-3.260098107859032979e+00,2.528138127202943952e+00,1.263225798965228464e-02,6.439067327489141068e-02
-8.000000000000000000e+00,2.543771885942971878e+00,-3.260098107859032979e+00,2.531139627953319593e+00,1.263225798965228464e-02,6.439067327489141068e-02
-8.000000000000000000e+00,2.546773386693346630e+00,-3.260098107859032979e+00,2.534141128703694346e+00,1.263225798965228464e-02,6.439067327489141068e-02
-8.000000000000000000e+00,2.549774887443722271e+00,-3.260098107859032979e+00,2.537142629454069986e+00,1.263225798965228464e-02,6.439067327489141068e-02
-8.000000000000000000e+00,2.552776388194097024e+00,-3.260098107859032979e+00,2.540144130204444739e+00,1.263225798965228464e-02,6.439067327489141068e-02
-8.000000000000000000e+00,2.555777888944472664e+00,-3.260098107859032979e+00,2.543145630954820380e+00,1.263225798965228464e-02,6.439067327489141068e-02
-8.000000000000000000e+00,2.558779389694847417e+00,-3.260098107859032979e+00,2.546147131705195132e+00,1.263225798965228464e-02,6.439067327489141068e-02
-8.000000000000000000e+00,2.561780890445222170e+00,-3.260098107859032979e+00,2.549148632455569885e+00,1.263225798965228464e-02,6.439067327489141068e-02
-8.000000000000000000e+00,2.564782391195597810e+00,-3.260098107859032979e+00,2.552150133205945526e+00,1.263225798965228464e-02,6.439067327489141068e-02
-8.000000000000000000e+00,2.567783891945972563e+00,-3.260098107859032979e+00,2.555151633956320278e+00,1.263225798965228464e-02,6.439067327489141068e-02
-8.000000000000000000e+00,2.570785392696348204e+00,-3.260098107859032979e+00,2.558153134706695919e+00,1.263225798965228464e-02,6.439067327489141068e-02
-8.000000000000000000e+00,2.573786893446722956e+00,-3.260098107859032979e+00,2.561154635457070672e+00,1.263225798965228464e-02,6.439067327489141068e-02
-8.000000000000000000e+00,2.576788394197098597e+00,-3.260098107859032979e+00,2.564156136207446313e+00,1.263225798965228464e-02,6.439067327489141068e-02
-8.000000000000000000e+00,2.579789894947473350e+00,-3.260098107859032979e+00,2.567157636957821065e+00,1.263225798965228464e-02,6.439067327489141068e-02
-8.000000000000000000e+00,2.582791395697848991e+00,-3.260100000374074547e+00,2.569729016543885081e+00,1.306237915396391003e-02,6.448584511355655302e-02
-8.000000000000000000e+00,2.585792896448223743e+00,-3.260106071257631744e+00,2.571607973646686141e+00,1.418492280153760277e-02,6.443943324054692001e-02
-8.000000000000000000e+00,2.588794397198599384e+00,-3.260109502888551614e+00,2.574025862574823798e+00,1.476853462377558657e-02,6.410675987886023386e-02
-8.000000000000000000e+00,2.591795897948974137e+00,-3.260110793111459238e+00,2.576868752017803299e+00,1.492714593117083766e-02,6.404791804065890215e-02
-8.000000000000000000e+00,2.594797398699349777e+00,-3.260111118385365714e+00,2.579834051769871017e+00,1.496334692947876022e-02,6.405599106250282893e-02
-8.000000000000000000e+00,2.597798899449724530e+00,-3.260111245945002345e+00,2.582821251166277587e+00,1.497764828344694266e-02,6.398349976595828215e-02
-8.000000000000000000e+00,2.600800400200100171e+00,-3.260111245945002345e+00,2.585822751916653228e+00,1.497764828344694266e-02,6.398349976595828215e-02
-8.000000000000000000e+00,2.603801900950474923e+00,-3.260111245945002345e+00,2.588824252667027981e+00,1.497764828344694266e-02,6.398349976595828215e-02
-8.000000000000000000e+00,2.606803401700850564e+00,-3.260111245945002345e+00,2.591825753417403622e+00,1.497764828344694266e-02,6.398349976595828215e-02
-8.000000000000000000e+00,2.609804902451225317e+00,-3.260111245945002345e+00,2.594827254167778374e+00,1.497764828344694266e-02,6.398349976595828215e-02
-8.000000000000000000e+00,2.612806403201600958e+00,-3.260111245945002345e+00,2.597828754918154015e+00,1.497764828344694266e-02,6.398349976595828215e-02
-8.000000000000000000e+00,2.615807903951975710e+00,-3.260111245945002345e+00,2.600830255668528768e+00,1.497764828344694266e-02,6.398349976595828215e-02
-8.000000000000000000e+00,2.618809404702351351e+00,-3.260111245945002345e+00,2.603831756418904408e+00,1.497764828344694266e-02,6.398349976595828215e-02
-8.000000000000000000e+00,2.621810905452726104e+00,-3.260111245945002345e+00,2.606833257169279161e+00,1.497764828344694266e-02,6.398349976595828215e-02
-8.000000000000000000e+00,2.624812406203101744e+00,-3.260111245945002345e+00,2.609834757919654802e+00,1.497764828344694266e-02,6.398349976595828215e-02
-8.000000000000000000e+00,2.627813906953476497e+00,-3.260111245945002345e+00,2.612836258670029554e+00,1.497764828344694266e-02,6.398349976595828215e-02
-8.000000000000000000e+00,2.630815407703852138e+00,-3.260111245945002345e+00,2.615837759420405195e+00,1.497764828344694266e-02,6.398349976595828215e-02
-8.000000000000000000e+00,2.633816908454226891e+00,-3.260111245945002345e+00,2.618839260170779948e+00,1.497764828344694266e-02,6.398349976595828215e-02
-8.000000000000000000e+00,2.636818409204602531e+00,-3.260111245945002345e+00,2.621840760921155589e+00,1.497764828344694266e-02,6.398349976595828215e-02
-8.000000000000000000e+00,2.639819909954977284e+00,-3.260111245945002345e+00,2.624842261671530341e+00,1.497764828344694266e-02,6.398349976595828215e-02
-8.000000000000000000e+00,2.642821410705352925e+00,-3.260111245945002345e+00,2.627843762421905982e+00,1.497764828344694266e-02,6.398349976595828215e-02
-8.000000000000000000e+00,2.645822911455727677e+00,-3.260111245945002345e+00,2.630845263172280735e+00,1.497764828344694266e-02,6.398349976595828215e-02
-8.000000000000000000e+00,2.648824412206103318e+00,-3.260111245945002345e+00,2.633846763922656375e+00,1.497764828344694266e-02,6.398349976595828215e-02
-8.000000000000000000e+00,2.651825912956478071e+00,-3.260111245945002345e+00,2.636848264673031128e+00,1.497764828344694266e-02,6.398349976595828215e-02
-8.000000000000000000e+00,2.654827413706853712e+00,-3.260111245945002345e+00,2.639849765423406769e+00,1.497764828344694266e-02,6.398349976595828215e-02
-8.000000000000000000e+00,2.657828914457228464e+00,-3.260111245945002345e+00,2.642851266173781521e+00,1.497764828344694266e-02,6.398349976595828215e-02
-8.000000000000000000e+00,2.660830415207604105e+00,-3.260111245945002345e+00,2.645852766924157162e+00,1.497764828344694266e-02,6.398349976595828215e-02
-8.000000000000000000e+00,2.663831915957978858e+00,-3.260111245945002345e+00,2.648854267674531915e+00,1.497764828344694266e-02,6.398349976595828215e-02
-8.000000000000000000e+00,2.666833416708354498e+00,-3.260111245945002345e+00,2.651855768424907556e+00,1.497764828344694266e-02,6.398349976595828215e-02
-8.000000000000000000e+00,2.669834917458729251e+00,-3.260111245945002345e+00,2.654857269175282308e+00,1.497764828344694266e-02,6.398349976595828215e-02
-8.000000000000000000e+00,2.672836418209104892e+00,-3.260111245945002345e+00,2.657858769925657949e+00,1.497764828344694266e-02,6.398349976595828215e-02
-8.000000000000000000e+00,2.675837918959479644e+00,-3.260111245945002345e+00,2.660860270676032702e+00,1.497764828344694266e-02,6.398349976595828215e-02
-8.000000000000000000e+00,2.678839419709855285e+00,-3.260111245945002345e+00,2.663861771426408342e+00,1.497764828344694266e-02,6.398349976595828215e-02
-8.000000000000000000e+00,2.681840920460230038e+00,-3.260111245945002345e+00,2.666863272176783095e+00,1.497764828344694266e-02,6.398349976595828215e-02
-8.000000000000000000e+00,2.684842421210605679e+00,-3.260111245945002345e+00,2.669864772927158736e+00,1.497764828344694266e-02,6.398349976595828215e-02
-8.000000000000000000e+00,2.687843921960980431e+00,-3.260111245945002345e+00,2.672866273677533488e+00,1.497764828344694266e-02,6.398349976595828215e-02
-8.000000000000000000e+00,2.690845422711356072e+00,-3.260111245945002345e+00,2.675867774427909129e+00,1.497764828344694266e-02,6.398349976595828215e-02
-8.000000000000000000e+00,2.693846923461730825e+00,-3.260111245945002345e+00,2.678869275178283882e+00,1.497764828344694266e-02,6.398349976595828215e-02
-8.000000000000000000e+00,2.696848424212106465e+00,-3.260111245945002345e+00,2.681870775928659523e+00,1.497764828344694266e-02,6.398349976595828215e-02
-8.000000000000000000e+00,2.699849924962481218e+00,-3.260111245945002345e+00,2.684872276679034275e+00,1.497764828344694266e-02,6.398349976595828215e-02
-8.000000000000000000e+00,2.702851425712856859e+00,-3.260111245945002345e+00,2.687873777429409916e+00,1.497764828344694266e-02,6.398349976595828215e-02
-8.000000000000000000e+00,2.705852926463231611e+00,-3.260111245945002345e+00,2.690875278179784669e+00,1.497764828344694266e-02,6.398349976595828215e-02
-8.000000000000000000e+00,2.708854427213606364e+00,-3.260210278603828282e+00,2.675659931764130306e+00,3.319449544947605801e-02,6.467135389918654553e-02
-8.000000000000000000e+00,2.711855927963982005e+00,-3.260386819917369117e+00,2.660125381488651630e+00,5.173054647533037453e-02,6.440085533221097391e-02
-8.000000000000000000e+00,2.714857428714356757e+00,-3.260207052811737505e+00,2.681072255623822453e+00,3.378517309053430395e-02,6.001117092297646866e-02
-8.000000000000000000e+00,2.717858929464732398e+00,-3.260077869023662256e+00,2.704623670585364348e+00,1.323525887936805034e-02,5.152780912443098715e-02
-8.000000000000000000e+00,2.720860430215107151e+00,-3.260161018661183352e+00,2.717741284097513699e+00,1.290295174249322940e-02,8.720071194743632403e-02
-8.000000000000000000e+00,2.723861930965482792e+00,-3.260159767181122881e+00,2.720418590881595211e+00,1.286288820248326914e-02,8.703264147024020181e-02
-8.000000000000000000e+00,2.726863431715857544e+00,-3.260159767181122881e+00,2.723420091631969964e+00,1.286288820248326914e-02,8.703264147024020181e-02
-8.000000000000000000e+00,2.729864932466233185e+00,-3.260159767181122881e+00,2.726421592382345604e+00,1.286288820248326914e-02,8.703264147024020181e-02
-8.000000000000000000e+00,2.732866433216607938e+00,-3.260159767181122881e+00,2.729423093132720357e+00,1.286288820248326914e-02,8.703264147024020181e-02
-8.000000000000000000e+00,2.735867933966983578e+00,-3.260159767181122881e+00,2.732424593883095998e+00,1.286288820248326914e-02,8.703264147024020181e-02
-8.000000000000000000e+00,2.738869434717358331e+00,-3.260159767181122881e+00,2.735426094633470750e+00,1.286288820248326914e-02,8.703264147024020181e-02
-8.000000000000000000e+00,2.741870935467733972e+00,-3.260159767181122881e+00,2.738427595383846391e+00,1.286288820248326914e-02,8.703264147024020181e-02
-8.000000000000000000e+00,2.744872436218108724e+00,-3.260159767181122881e+00,2.741429096134221144e+00,1.286288820248326914e-02,8.703264147024020181e-02
-8.000000000000000000e+00,2.747873936968484365e+00,-3.260159767181122881e+00,2.744430596884596785e+00,1.286288820248326914e-02,8.703264147024020181e-02
-8.000000000000000000e+00,2.750875437718859118e+00,-3.260159767181122881e+00,2.747432097634971537e+00,1.286288820248326914e-02,8.703264147024020181e-02
-8.000000000000000000e+00,2.753876938469234759e+00,-3.260159767181122881e+00,2.750433598385347178e+00,1.286288820248326914e-02,8.703264147024020181e-02
-8.000000000000000000e+00,2.756878439219609511e+00,-3.260159767181122881e+00,2.753435099135721931e+00,1.286288820248326914e-02,8.703264147024020181e-02
-8.000000000000000000e+00,2.759879939969985152e+00,-3.260159767181122881e+00,2.756436599886097571e+00,1.286288820248326914e-02,8.703264147024020181e-02
-8.000000000000000000e+00,2.762881440720359905e+00,-3.260159767181122881e+00,2.759438100636472324e+00,1.286288820248326914e-02,8.703264147024020181e-02
-8.000000000000000000e+00,2.765882941470735545e+00,-3.260159767181122881e+00,2.762439601386847965e+00,1.286288820248326914e-02,8.703264147024020181e-02
-8.000000000000000000e+00,2.768884442221110298e+00,-3.260159767181122881e+00,2.765441102137222718e+00,1.286288820248326914e-02,8.703264147024020181e-02
-8.000000000000000000e+00,2.771885942971485939e+00,-3.260159767181122881e+00,2.768442602887598358e+00,1.286288820248326914e-02,8.703264147024020181e-02
-8.000000000000000000e+00,2.774887443721860691e+00,-3.260159767181122881e+00,2.771444103637973111e+00,1.286288820248326914e-02,8.703264147024020181e-02
-8.000000000000000000e+00,2.777888944472236332e+00,-3.260159767181122881e+00,2.774445604388348752e+00,1.286288820248326914e-02,8.703264147024020181e-02
-8.000000000000000000e+00,2.780890445222611085e+00,-3.260159767181122881e+00,2.777447105138723504e+00,1.286288820248326914e-02,8.703264147024020181e-02
-8.000000000000000000e+00,2.783891945972986726e+00,-3.260159767181122881e+00,2.780448605889099145e+00,1.286288820248326914e-02,8.703264147024020181e-02
-8.000000000000000000e+00,2.786893446723361478e+00,-3.260159767181122881e+00,2.783450106639473898e+00,1.286288820248326914e-02,8.703264147024020181e-02
-8.000000000000000000e+00,2.789894947473737119e+00,-3.260159767181122881e+00,2.786451607389849539e+00,1.286288820248326914e-02,8.703264147024020181e-02
-8.000000000000000000e+00,2.792896448224111872e+00,-3.260159767181122881e+00,2.789453108140224291e+00,1.286288820248326914e-02,8.703264147024020181e-02
-8.000000000000000000e+00,2.795897948974487512e+00,-3.260159767181122881e+00,2.792454608890599932e+00,1.286288820248326914e-02,8.703264147024020181e-02
-8.000000000000000000e+00,2.798899449724862265e+00,-3.260159767181122881e+00,2.795456109640974685e+00,1.286288820248326914e-02,8.703264147024020181e-02
-8.000000000000000000e+00,2.801900950475237906e+00,-3.260159767181122881e+00,2.798457610391350325e+00,1.286288820248326914e-02,8.703264147024020181e-02
-8.000000000000000000e+00,2.804902451225612658e+00,-3.260159767181122881e+00,2.801459111141725078e+00,1.286288820248326914e-02,8.703264147024020181e-02
-8.000000000000000000e+00,2.807903951975988299e+00,-3.260159767181122881e+00,2.804460611892100719e+00,1.286288820248326914e-02,8.703264147024020181e-02
-8.000000000000000000e+00,2.810905452726363052e+00,-3.260159767181122881e+00,2.807462112642475471e+00,1.286288820248326914e-02,8.703264147024020181e-02
-8.000000000000000000e+00,2.813906953476738693e+00,-3.260159767181122881e+00,2.810463613392851112e+00,1.286288820248326914e-02,8.703264147024020181e-02
-8.000000000000000000e+00,2.816908454227113445e+00,-3.260159767181122881e+00,2.813465114143225865e+00,1.286288820248326914e-02,8.703264147024020181e-02
-8.000000000000000000e+00,2.819909954977489086e+00,-3.260159767181122881e+00,2.816466614893601506e+00,1.286288820248326914e-02,8.703264147024020181e-02
-8.000000000000000000e+00,2.822911455727863839e+00,-3.260159767181122881e+00,2.819468115643976258e+00,1.286288820248326914e-02,8.703264147024020181e-02
-8.000000000000000000e+00,2.825912956478239479e+00,-3.260159767181122881e+00,2.822469616394351899e+00,1.286288820248326914e-02,8.703264147024020181e-02
-8.000000000000000000e+00,2.828914457228614232e+00,-3.260159767181122881e+00,2.825471117144726652e+00,1.286288820248326914e-02,8.703264147024020181e-02
-8.000000000000000000e+00,2.831915957978989873e+00,-3.260159767181122881e+00,2.828472617895102292e+00,1.286288820248326914e-02,8.703264147024020181e-02
-8.000000000000000000e+00,2.834917458729364625e+00,-3.260164812199544127e+00,2.829767072374955728e+00,1.331417387546762754e-02,8.802453790197861672e-02
-8.000000000000000000e+00,2.837918959479740266e+00,-3.260167219695068841e+00,2.832536211631492051e+00,1.323782380595650565e-02,8.857243414425346184e-02
-8.000000000000000000e+00,2.840920460230115019e+00,-3.260167361114089779e+00,2.835232053710344147e+00,1.330359013707349547e-02,8.852416153241352004e-02
-8.000000000000000000e+00,2.843921960980490660e+00,-3.260168516635113090e+00,2.839028446143915030e+00,1.335169798733870650e-02,8.857853078565841587e-02
-8.000000000000000000e+00,2.846923461730865412e+00,-3.260168912846115763e+00,2.842266728564416756e+00,1.333213936440857950e-02,8.850270182328540125e-02
-8.000000000000000000e+00,2.849924962481241053e+00,-3.260167963763931809e+00,2.844955352885872646e+00,1.333041804956058840e-02,8.838792212336676890e-02
-8.000000000000000000e+00,2.852926463231615806e+00,-3.260167963763931809e+00,2.847956853636247398e+00,1.333041804956058840e-02,8.838792212336676890e-02
-8.000000000000000000e+00,2.855927963981990558e+00,-3.260167963763931809e+00,2.850958354386622151e+00,1.333041804956058840e-02,8.838792212336676890e-02
-8.000000000000000000e+00,2.858929464732366199e+00,-3.260167963763931809e+00,2.853959855136997792e+00,1.333041804956058840e-02,8.838792212336676890e-02
-8.000000000000000000e+00,2.861930965482740952e+00,-3.260167963763931809e+00,2.856961355887372545e+00,1.333041804956058840e-02,8.838792212336676890e-02
-8.000000000000000000e+00,2.864932466233116592e+00,-3.260167963763931809e+00,2.859962856637748185e+00,1.333041804956058840e-02,8.838792212336676890e-02
-8.000000000000000000e+00,2.867933966983491345e+00,-3.260167963763931809e+00,2.862964357388122938e+00,1.333041804956058840e-02,8.838792212336676890e-02
-8.000000000000000000e+00,2.870935467733866986e+00,-3.260167963763931809e+00,2.865965858138498579e+00,1.333041804956058840e-02,8.838792212336676890e-02
-8.000000000000000000e+00,2.873936968484241739e+00,-3.260167963763931809e+00,2.868967358888873331e+00,1.333041804956058840e-02,8.838792212336676890e-02
-8.000000000000000000e+00,2.876938469234617379e+00,-3.260167963763931809e+00,2.871968859639248972e+00,1.333041804956058840e-02,8.838792212336676890e-02
-8.000000000000000000e+00,2.879939969984992132e+00,-3.260167963763931809e+00,2.874970360389623725e+00,1.333041804956058840e-02,8.838792212336676890e-02
-8.000000000000000000e+00,2.882941470735367773e+00,-3.260167963763931809e+00,2.877971861139999366e+00,1.333041804956058840e-02,8.838792212336676890e-02
-8.000000000000000000e+00,2.885942971485742525e+00,-3.260167963763931809e+00,2.880973361890374118e+00,1.333041804956058840e-02,8.838792212336676890e-02
-8.000000000000000000e+00,2.888944472236118166e+00,-3.260167963763931809e+00,2.883974862640749759e+00,1.333041804956058840e-02,8.838792212336676890e-02
-8.000000000000000000e+00,2.891945972986492919e+00,-3.260167963763931809e+00,2.886976363391124512e+00,1.333041804956058840e-02,8.838792212336676890e-02
-8.000000000000000000e+00,2.894947473736868560e+00,-3.260167963763931809e+00,2.889977864141500152e+00,1.333041804956058840e-02,8.838792212336676890e-02
-8.000000000000000000e+00,2.897948974487243312e+00,-3.260167963763931809e+00,2.892979364891874905e+00,1.333041804956058840e-02,8.838792212336676890e-02
-8.000000000000000000e+00,2.900950475237618953e+00,-3.260167963763931809e+00,2.895980865642250546e+00,1.333041804956058840e-02,8.838792212336676890e-02
-8.000000000000000000e+00,2.903951975987993706e+00,-3.260167963763931809e+00,2.898982366392625298e+00,1.333041804956058840e-02,8.838792212336676890e-02
-8.000000000000000000e+00,2.906953476738369346e+00,-3.260167963763931809e+00,2.901983867143000939e+00,1.333041804956058840e-02,8.838792212336676890e-02
-8.000000000000000000e+00,2.909954977488744099e+00,-3.260167963763931809e+00,2.904985367893375692e+00,1.333041804956058840e-02,8.838792212336676890e-02
-8.000000000000000000e+00,2.912956478239119740e+00,-3.260167963763931809e+00,2.907986868643751333e+00,1.333041804956058840e-02,8.838792212336676890e-02
-8.000000000000000000e+00,2.915957978989494492e+00,-3.260167963763931809e+00,2.910988369394126085e+00,1.333041804956058840e-02,8.838792212336676890e-02
-8.000000000000000000e+00,2.918959479739870133e+00,-3.260167963763931809e+00,2.913989870144501726e+00,1.333041804956058840e-02,8.838792212336676890e-02
-8.000000000000000000e+00,2.921960980490244886e+00,-3.260167963763931809e+00,2.916991370894876479e+00,1.333041804956058840e-02,8.838792212336676890e-02
-8.000000000000000000e+00,2.924962481240620527e+00,-3.260167963763931809e+00,2.919992871645252119e+00,1.333041804956058840e-02,8.838792212336676890e-02
-8.000000000000000000e+00,2.927963981990995279e+00,-3.260167963763931809e+00,2.922994372395626872e+00,1.333041804956058840e-02,8.838792212336676890e-02
-8.000000000000000000e+00,2.930965482741370920e+00,-3.260167963763931809e+00,2.925995873146002513e+00,1.333041804956058840e-02,8.838792212336676890e-02
-8.000000000000000000e+00,2.933966983491745673e+00,-3.260167963763931809e+00,2.928997373896377265e+00,1.333041804956058840e-02,8.838792212336676890e-02
-8.000000000000000000e+00,2.936968484242121313e+00,-3.260167963763931809e+00,2.931998874646752906e+00,1.333041804956058840e-02,8.838792212336676890e-02
-8.000000000000000000e+00,2.939969984992496066e+00,-3.260167963763931809e+00,2.935000375397127659e+00,1.333041804956058840e-02,8.838792212336676890e-02
-8.000000000000000000e+00,2.942971485742871707e+00,-3.260167963763931809e+00,2.938001876147503300e+00,1.333041804956058840e-02,8.838792212336676890e-02
-8.000000000000000000e+00,2.945972986493246459e+00,-3.260167963763931809e+00,2.941003376897878052e+00,1.333041804956058840e-02,8.838792212336676890e-02
-8.000000000000000000e+00,2.948974487243622100e+00,-3.260167963763931809e+00,2.944004877648253693e+00,1.333041804956058840e-02,8.838792212336676890e-02
-8.000000000000000000e+00,2.951975987993996853e+00,-3.260167963763931809e+00,2.947006378398628446e+00,1.333041804956058840e-02,8.838792212336676890e-02
-8.000000000000000000e+00,2.954977488744372494e+00,-3.260167963763931809e+00,2.950007879149004086e+00,1.333041804956058840e-02,8.838792212336676890e-02
-8.000000000000000000e+00,2.957978989494747246e+00,-3.260167963763931809e+00,2.953009379899378839e+00,1.333041804956058840e-02,8.838792212336676890e-02
-8.000000000000000000e+00,2.960980490245122887e+00,-3.260238623349476672e+00,2.935169118581850700e+00,2.581137166327218679e-02,9.302752042339150484e-02
-8.000000000000000000e+00,2.963981990995497640e+00,-3.260301335656462296e+00,2.928962187336712208e+00,3.501980365878543111e-02,9.511830320894493207e-02
-8.000000000000000000e+00,2.966983491745873280e+00,-3.260264183382217240e+00,2.937499855926456238e+00,2.948363581941704226e-02,9.378500929837782496e-02
-8.000000000000000000e+00,2.969984992496248033e+00,-3.260221797575455494e+00,2.958446710038710847e+00,1.752921371929838656e-02,1.076860657517913072e-01
-8.000000000000000000e+00,2.972986493246623674e+00,-3.260218149228587770e+00,2.960092584077718580e+00,1.804483997185135635e-02,1.111066289871745216e-01
-8.000000000000000000e+00,2.975987993996998426e+00,-3.260242092047046292e+00,2.952169530625941007e+00,2.381846337105741895e-02,1.050159617069245238e-01
-8.000000000000000000e+00,2.978989494747374067e+00,-3.260324491154300564e+00,2.984099210470649854e+00,1.927431609351648589e-02,1.051330419253668630e-01
-8.000000000000000000e+00,2.981990995497748820e+00,-3.260350005546102992e+00,2.935039561344027437e+00,4.695143415372138307e-02,9.285150808852520032e-02
-8.000000000000000000e+00,2.984992496248124461e+00,-3.260223011254929304e+00,2.962749594370047923e+00,2.283326233804050531e-02,9.539203865055194409e-02
-8.000000000000000000e+00,2.987993996998499213e+00,-3.260223011254929304e+00,2.965751095120422676e+00,2.283326233804050531e-02,9.539203865055194409e-02
-8.000000000000000000e+00,2.990995497748874854e+00,-3.260223011254929304e+00,2.968752595870798316e+00,2.283326233804050531e-02,9.539203865055194409e-02
-8.000000000000000000e+00,2.993996998499249607e+00,-3.260223011254929304e+00,2.971754096621173069e+00,2.283326233804050531e-02,9.539203865055194409e-02
-8.000000000000000000e+00,2.996998499249625247e+00,-3.260223011254929304e+00,2.974755597371548710e+00,2.283326233804050531e-02,9.539203865055194409e-02
-8.000000000000000000e+00,3.000000000000000000e+00,-3.260223011254929304e+00,2.977757098121923462e+00,2.283326233804050531e-02,9.539203865055194409e-02
