1.816493966669046100e-56,1.397958494176354346e-55,1.041566422087371263e-54,7.512976667171855045e-54,5.246497682209810051e-53,3.546984629616601421e-52,2.321568506236825168e-51,1.471079273523370643e-50,9.024497428806215864e-50,5.359723064263020037e-49,3.081726203398043779e-48,1.715450250891148528e-47,9.244737420274195499e-47,4.823290379617673795e-46,2.436265488816048548e-45,1.191346774995631612e-44,5.640065527344497094e-44,2.585011514083223358e-43,1.147025808766287454e-42,4.927382467152164451e-42,2.049234853228036697e-41,8.250866675836800624e-41,3.216175810377570381e-40,1.213702841715140967e-39,4.434220978501213426e-39,1.568392192561819707e-38,5.370619533122923140e-38,1.780436456188451569e-37,5.714272479789600958e-37,1.775529075420299940e-36,5.341054475506806174e-36,1.555459122871558099e-35,4.385534917929938152e-35,1.197068271660607874e-34,3.163352889721970970e-34,8.092985106196560908e-34,2.004482253445740391e-33,4.806490253292265966e-33,1.115799833479303574e-32,2.507707590222013443e-32,5.456320500612733302e-32,1.149357744737056417e-31,2.343920927010263024e-31,4.627677252183959403e-31,8.845360631992216779e-31,1.636818035729581081e-30,2.932362354138926729e-30,5.085893302934029456e-30,8.539830095774810026e-30,1.388236924326473548e-29,2.184793166741130506e-29,3.328813330507413101e-29,4.910219775009076863e-29,7.012046637973235265e-29,9.694402270223791910e-29,1.297566586816091658e-28,1.681398464022966730e-28,2.109327501119287127e-28,2.561826769754557304e-28,3.012228268862089349e-28,3.428928081367700554e-28,3.778863882126760730e-28,4.031776941569083070e-28,4.164512028478093979e-28,4.164512028478093979e-28,4.031776941569083070e-28,3.778863882126752658e-28,3.428928081367700554e-28,3.012228268862089349e-28,2.561826769754557304e-28,2.109327501119287127e-28,1.681398464022966730e-28,1.297566586816091658e-28,9.694402270223791910e-29,7.012046637973235265e-29,4.910219775009076863e-29,3.328813330507413101e-29,2.184793166741130506e-29,1.388236924326473548e-29,8.539830095774810026e-30,5.085893302934029456e-30,2.932362354138926729e-30,1.636818035729581081e-30,8.845360631992216779e-31,4.627677252183959403e-31,2.343920927010263024e-31,1.149357744737056417e-31,5.456320500612733302e-32,2.507707590222013443e-32,1.115799833479303574e-32,4.806490253292333705e-33,2.004482253445773577e-33,8.092985106196444590e-34,3.163352889721970970e-34,1.197068271660607874e-34,4.385534917929938152e-35,1.555459122871558099e-35,5.341054475506806174e-36,1.775529075420299940e-36,5.714272479789600958e-37,1.780436456188477253e-37,5.370619533122923140e-38,1.568392192561819707e-38,4.434220978501213426e-39,1.213702841715140967e-39,3.216175810377570381e-40,8.250866675836918895e-41,2.049234853228066265e-41,4.927382467152094355e-42,1.147025808766287454e-42,2.585011514083223358e-43,5.640065527344497094e-44,1.191346774995631612e-44,2.436265488816048548e-45,4.823290379617821591e-46,9.244737420274154660e-47,1.715450250891169191e-47,3.081726203398043779e-48,5.359723064263020037e-49,9.024497428806215864e-50,1.471079273523370643e-50,2.321568506236825168e-51,3.546984629616601421e-52,5.246497682209885162e-53,7.512976667171765792e-54,1.041566422087371263e-54,1.397958494176354346e-55,1.816493966669046100e-56
7.641982708605212258e-56,5.881205682963924702e-55,4.381865689348482420e-54,3.160706219463219566e-53,2.207199434948091321e-52,1.492214986924703216e-51,9.766829236453609890e-51,6.188824503429633878e-50,3.796602387359005122e-49,2.254833306995122723e-48,1.296480956785615564e-47,7.216892208467930616e-47,3.889257261937419592e-46,2.029156295366672364e-45,1.024935897433467055e-44,5.011991023104751302e-44,2.372773266866593444e-43,1.087513289592382006e-42,4.825532898955699219e-42,2.072947794135032569e-41,8.621122669048341894e-41,3.471136245135720297e-40,1.353043851602184209e-39,5.106042904607197316e-39,1.865474957011798690e-38,6.598219556901367296e-38,2.259417447000036402e-37,7.490288909085956914e-37,2.403992101492488828e-36,7.469643578210719179e-36,2.246979439320021969e-35,6.543810185466237303e-35,1.844992751187683250e-34,5.036061336237372690e-34,1.330821270427948284e-33,3.404715533185289682e-33,8.432848664302499011e-33,2.022088489074060352e-32,4.694165348288901429e-32,1.054991560354932927e-31,2.295471809067026149e-31,4.835343344073152712e-31,9.860865779475563774e-31,1.946861932442591809e-30,3.721239610006284829e-30,6.886086800010712494e-30,1.233643646325290171e-29,2.139633238094577051e-29,3.592703038040354800e-29,5.840307078258102876e-29,9.191415941078516241e-29,1.400430410377871365e-28,2.065727456550807195e-28,2.949965160500259002e-28,4.078431080900628031e-28,5.458857338180880998e-28,7.073636480004911125e-28,8.873932193619095321e-28,1.077759477109977241e-27,1.267243204073369971e-27,1.442548645229682441e-27,1.589766493876129220e-27,1.696166914824561307e-27,1.752008511746787043e-27,1.752008511746787043e-27,1.696166914824561307e-27,1.589766493876128682e-27,1.442548645229682441e-27,1.267243204073369971e-27,1.077759477109977241e-27,8.873932193619095321e-28,7.073636480004911125e-28,5.458857338180880998e-28,4.078431080900628031e-28,2.949965160500259002e-28,2.065727456550821993e-28,1.400430410377861500e-28,9.191415941078516241e-29,5.840307078258102876e-29,3.592703038040354800e-29,2.139633238094577051e-29,1.233643646325290171e-29,6.886086800010712494e-30,3.721239610006284829e-30,1.946861932442591809e-30,9.860865779475563774e-31,4.835343344073152712e-31,2.295471809067026149e-31,1.054991560354932927e-31,4.694165348288901429e-32,2.022088489074088542e-32,8.432848664302499011e-33,3.404715533185241786e-33,1.330821270427948284e-33,5.036061336237372690e-34,1.844992751187683250e-34,6.543810185466237303e-35,2.246979439320021969e-35,7.469643578210719179e-36,2.403992101492488828e-36,7.490288909086061319e-37,2.259417447000036402e-37,6.598219556901367296e-38,1.865474957011798690e-38,5.106042904607197316e-39,1.353043851602184209e-39,3.471136245135769644e-40,8.621122669048462204e-41,2.072947794135003256e-41,4.825532898955699219e-42,1.087513289592382006e-42,2.372773266866593444e-43,5.011991023104751302e-44,1.024935897433467055e-44,2.029156295366700990e-45,3.889257261937530051e-46,7.216892208468134809e-47,1.296480956785615564e-47,2.254833306995122723e-48,3.796602387359005122e-49,6.188824503429633878e-50,9.766829236453609890e-51,1.492214986924703216e-51,2.207199434948122108e-52,3.160706219463128690e-53,4.381865689348482420e-54,5.881205682963924702e-55,7.641982708605212258e-56
5.505729792712505810e-55,4.237163388148327070e-54,3.156951460560677710e-53,2.277156997347682829e-52,1.590195130089466409e-51,1.075078657452621910e-50,7.036593088195138790e-50,4.458789917442877363e-49,2.735293662942749388e-48,1.624513348079711029e-47,9.340604528483412634e-47,5.199469817985076050e-46,2.802047635420595227e-45,1.461922474240916220e-44,7.384235637913284215e-44,3.610930480861025529e-43,1.709484169864545195e-42,7.835079647245616200e-42,3.476595179622418326e-41,1.493472422550141928e-40,6.211159294061248211e-40,2.500808882737718409e-39,9.748116593124666746e-39,3.678690938558162266e-38,1.343996897142094535e-37,4.753741977508431422e-37,1.627816029747728798e-36,5.396440737341775856e-36,1.731976038067807042e-35,5.381566637567615085e-35,1.618854964006409145e-34,4.714542294816681548e-34,1.329240322163284719e-33,3.628272137494843026e-33,9.588012164853467622e-33,2.452955530200440998e-32,6.075515726593444600e-32,1.456830414606897635e-31,3.381950338737418933e-31,7.600774152977056195e-31,1.653791693781349911e-30,3.483663196133645276e-30,7.104342495156848512e-30,1.402632818270717584e-29,2.680997925258705427e-29,4.961138319160504190e-29,8.887887916201936240e-29,1.541516503457942234e-28,2.588392686446896147e-28,4.207697649347921053e-28,6.622031809496854854e-28,1.008951698406201165e-27,1.488270470482631145e-27,2.125326854422389531e-27,2.938339481500557212e-27,3.932879021977701508e-27,5.096260040856500462e-27,6.393298011771687170e-27,7.764807496647267395e-27,9.129958715324866815e-27,1.039296129855772142e-26,1.145360449315573461e-26,1.222017514623151708e-26,1.262249056039902073e-26,1.262249056039902073e-26,1.222017514623151708e-26,1.145360449315573461e-26,1.039296129855772142e-26,9.129958715324866815e-27,7.764807496647267395e-27,6.393298011771687170e-27,5.096260040856500462e-27,3.932879021977701508e-27,2.938339481500557212e-27,2.125326854422389531e-27,1.488270470482641548e-27,1.008951698406193811e-27,6.622031809496854854e-28,4.207697649347921053e-28,2.588392686446896147e-28,1.541516503457942234e-28,8.887887916201936240e-29,4.961138319160504190e-29,2.680997925258705427e-29,1.402632818270717584e-29,7.104342495156848512e-30,3.483663196133645276e-30,1.653791693781349911e-30,7.600774152977056195e-31,3.381950338737418933e-31,1.456830414606918216e-31,6.075515726593443505e-32,2.452955530200406787e-32,9.588012164853467622e-33,3.628272137494843026e-33,1.329240322163284719e-33,4.714542294816681548e-34,1.618854964006409145e-34,5.381566637567615085e-35,1.731976038067807042e-35,5.396440737341852698e-36,1.627816029747728798e-36,4.753741977508431422e-37,1.343996897142094535e-37,3.678690938558162266e-38,9.748116593124666746e-39,2.500808882737753972e-39,6.211159294061336302e-40,1.493472422550120721e-40,3.476595179622418326e-41,7.835079647245616200e-42,1.709484169864545195e-42,3.610930480861025529e-43,7.384235637913284215e-44,1.461922474240936383e-44,2.802047635420676748e-45,5.199469817985226180e-46,9.340604528483412634e-47,1.624513348079711029e-47,2.735293662942749388e-48,4.458789917442877363e-49,7.036593088195138790e-50,1.075078657452621910e-50,1.590195130089488961e-51,2.277156997347618289e-52,3.156951460560677710e-53,4.237163388148327070e-54,5.505729792712505810e-55
3.839908577862060324e-54,2.955161377786747370e-53,2.201779863833230792e-52,1.588177229261743825e-51,1.109063493923604612e-50,7.498013731245807140e-50,4.907591759052438239e-49,3.109732278096160996e-48,1.907699432182078251e-47,1.132998344451886587e-46,6.514498313886567170e-46,3.626311044331035020e-45,1.954256230494870679e-44,1.019601190097878999e-43,5.150051098495407659e-43,2.518402364364969505e-42,1.192260276970159109e-41,5.464487121310111560e-41,2.424711737516810569e-40,1.041605342445503652e-39,4.331902354398530919e-39,1.744160691127406668e-38,6.798712965079483750e-38,2.565661124338168304e-37,9.373553385759853996e-37,3.315443235252636062e-36,1.135301762190213263e-35,3.763686170118770696e-35,1.207946974446697931e-34,3.753312398527877410e-34,1.129051968883533935e-33,3.288103862728987033e-33,9.270635333159454897e-33,2.530497105401965091e-32,6.687049953885939887e-32,1.710785915065827291e-31,4.237299292159471361e-31,1.016049791063815825e-30,2.358702770486546685e-30,5.301073421191205428e-30,1.153418193416167619e-29,2.429641245184596841e-29,4.954842811815995676e-29,9.782502943746999022e-29,1.869831487926935604e-28,3.460089453158385280e-28,6.198756265458899957e-28,1.075113139838239413e-27,1.805245018147924907e-27,2.934610833638633082e-27,4.618460713749410100e-27,7.036818781928861941e-27,1.037977300184493522e-26,1.482285024205013567e-26,2.049311427273290777e-26,2.742941709957341330e-26,3.554328560003558560e-26,4.458932929967793904e-26,5.415476609710983685e-26,6.367585789063998202e-26,7.248452565279041297e-26,7.988186089139717312e-26,8.522822066041301863e-26,8.803412372509433273e-26,8.803412372509433273e-26,8.522822066041301863e-26,7.988186089139717312e-26,7.248452565279041297e-26,6.367585789063998202e-26,5.415476609710983685e-26,4.458932929967793904e-26,3.554328560003558560e-26,2.742941709957341330e-26,2.049311427273290777e-26,1.482285024205013567e-26,1.037977300184500984e-26,7.036818781928808849e-27,4.618460713749410100e-27,2.934610833638633082e-27,1.805245018147924907e-27,1.075113139838239413e-27,6.198756265458899957e-28,3.460089453158410391e-28,1.869831487926935604e-28,9.782502943746999022e-29,4.954842811815995676e-29,2.429641245184596841e-29,1.153418193416167619e-29,5.301073421191205428e-30,2.358702770486546685e-30,1.016049791063830013e-30,4.237299292159471361e-31,1.710785915065802768e-31,6.687049953885939887e-32,2.530497105401965091e-32,9.270635333159454897e-33,3.288103862728987033e-33,1.129051968883533935e-33,3.753312398527877410e-34,1.207946974446697931e-34,3.763686170118824686e-35,1.135301762190213263e-35,3.315443235252636062e-36,9.373553385759853996e-37,2.565661124338168304e-37,6.798712965079483750e-38,1.744160691127431725e-38,4.331902354398592257e-39,1.041605342445488807e-39,2.424711737516810569e-40,5.464487121310111560e-41,1.192260276970159109e-41,2.518402364364969505e-42,5.150051098495407659e-43,1.019601190097893137e-43,1.954256230494926686e-44,3.626311044331137700e-45,6.514498313886567170e-46,1.132998344451886587e-46,1.907699432182078251e-47,3.109732278096160996e-48,4.907591759052438239e-49,7.498013731245807140e-50,1.109063493923620517e-50,1.588177229261698424e-51,2.201779863833230792e-52,2.955161377786747370e-53,3.839908577862060324e-54
2.592516747841199979e-53,1.995179106256561595e-52,1.486533092208483224e-51,1.072258878541719985e-50,7.487849317540467578e-50,5.062288796630983594e-49,3.313363734819611653e-48,2.099537749087596960e-47,1.287984499498915406e-46,7.649445614935229869e-46,4.398267729576431280e-45,2.448306235598987221e-44,1.319417351845359320e-43,6.883843997450931062e-43,3.477060313899729341e-42,1.700300977231675459e-41,8.049552933762593275e-41,3.689351997085001279e-40,1.637045690212596884e-39,7.032405173652236999e-39,2.924686662733965545e-38,1.177571213216676563e-37,4.590155434259618681e-37,1.732207759444924688e-36,6.328560601538187073e-36,2.238423634214459216e-35,7.664997154621134423e-35,2.541055140193946590e-34,8.155461772740324615e-34,2.534051281627437572e-33,7.622801634885151137e-33,2.219965439258554698e-32,6.259075412083415190e-32,1.708466749427370999e-31,4.514766080382132455e-31,1.155038211677526827e-30,2.860815344373511266e-30,6.859866704014420867e-30,1.592479693636465747e-29,3.579023132271025915e-29,7.787310356646767733e-29,1.640373850487303553e-28,3.345265313505335483e-28,6.604663158827203640e-28,1.262417932561931056e-27,2.336081621332838701e-27,4.185094282358012354e-27,7.258633283416986611e-27,1.218812335920551473e-26,1.981304393147907381e-26,3.118156723488579392e-26,4.750912729758629143e-26,7.007910422975645235e-26,1.000765688141799697e-25,1.383593929131104061e-25,1.851898860929623423e-25,2.399707214974898357e-25,3.010451437590835621e-25,3.656262518633965506e-25,4.299079643884473133e-25,4.893797414802308007e-25,5.393228979554862506e-25,5.754188803470130318e-25,5.943629529479691224e-25,5.943629529479691224e-25,5.754188803470130318e-25,5.393228979554862506e-25,4.893797414802308007e-25,4.299079643884473133e-25,3.656262518633965506e-25,3.010451437590835621e-25,2.399707214974898357e-25,1.851898860929623423e-25,1.383593929131104061e-25,1.000765688141799697e-25,7.007910422975693449e-26,4.750912729758595279e-26,3.118156723488579392e-26,1.981304393147907381e-26,1.218812335920551473e-26,7.258633283416986611e-27,4.185094282358012354e-27,2.336081621332856279e-27,1.262417932561931056e-27,6.604663158827252966e-28,3.345265313505335483e-28,1.640373850487303553e-28,7.787310356646767733e-29,3.579023132271025915e-29,1.592479693636465747e-29,6.859866704014419466e-30,2.860815344373511266e-30,1.155038211677527177e-30,4.514766080382132455e-31,1.708466749427370999e-31,6.259075412083415190e-32,2.219965439258554698e-32,7.622801634885151137e-33,2.534051281627474863e-33,8.155461772740444354e-34,2.541055140193982512e-34,7.664997154621134423e-35,2.238423634214459216e-35,6.328560601538187073e-36,1.732207759444924688e-36,4.590155434259618681e-37,1.177571213216676145e-37,2.924686662734006785e-38,7.032405173652033410e-39,1.637045690212596884e-39,3.689351997085001279e-40,8.049552933762593275e-41,1.700300977231675459e-41,3.477060313899729341e-42,6.883843997451028240e-43,1.319417351845377442e-43,2.448306235599055923e-44,4.398267729576431280e-45,7.649445614935229869e-46,1.287984499498915406e-46,2.099537749087596960e-47,3.313363734819611653e-48,5.062288796630983594e-49,7.487849317540683127e-50,1.072258878541704793e-50,1.486533092208483224e-51,1.995179106256561595e-52,2.592516747841199979e-53
1.694393669902321728e-52,1.303991131697585826e-51,9.715548659948948843e-51,7.007972688355951681e-50,4.893840896259517308e-49,3.308564968527738293e-48,2.165518330030888409e-47,1.372196910487555934e-46,8.417892708698968762e-46,4.999455544115948898e-45,2.874580079660194611e-44,1.600141866406722882e-43,8.623328704771657595e-43,4.499080556987038238e-42,2.272505661013054040e-41,1.111267348667677678e-40,5.260954070159026196e-40,2.411253341027612124e-39,1.069925529756695151e-38,4.596175828120132056e-38,1.911490281368724651e-37,7.696263529232642621e-37,2.999992311777161010e-36,1.132120695074831164e-35,4.136163452663719356e-35,1.462968692306783114e-34,5.009619578899127851e-34,1.660759857386674769e-33,5.330173012138939668e-33,1.656182338792101969e-32,4.982041812391573685e-32,1.450904952036966317e-31,4.090749950412550502e-31,1.116604260272902189e-30,2.950720019093070319e-30,7.548994373869899262e-30,1.869745842260129609e-29,4.483409694203270098e-29,1.040798488415726584e-28,2.339145598501403729e-28,5.089559936248871253e-28,1.072100718675547756e-27,2.186368275563540852e-27,4.316616067175818670e-27,8.250797050724023081e-27,1.526795117083622650e-26,2.735256104276504142e-26,4.744031951888174193e-26,7.965803532425669191e-26,1.294923022076870393e-25,2.037936695468537899e-25,3.105058612355913537e-25,4.580166770309169142e-25,6.540713954711733624e-25,9.042768179558116868e-25,1.210347323646539718e-24,1.568378957651152734e-24,1.967543647943533903e-24,2.389627018700322000e-24,2.809753626883747885e-24,3.198443893691354976e-24,3.524857862885879211e-24,3.760770722943723123e-24,3.884583680850198608e-24,3.884583680850198608e-24,3.760770722943723123e-24,3.524857862885879211e-24,3.198443893691354976e-24,2.809753626883747885e-24,2.389627018700322000e-24,1.967543647943533903e-24,1.568378957651152734e-24,1.210347323646539718e-24,9.042768179558116868e-25,6.540713954711733624e-25,4.580166770309203121e-25,3.105058612355892415e-25,2.037936695468537899e-25,1.294923022076870393e-25,7.965803532425669191e-26,4.744031951888174193e-26,2.735256104276504142e-26,1.526795117083633269e-26,8.250797050724023081e-27,4.316616067175850238e-27,2.186368275563540852e-27,1.072100718675547756e-27,5.089559936248871253e-28,2.339145598501403729e-28,1.040798488415726584e-28,4.483409694203268976e-29,1.869745842260129609e-29,7.548994373869900663e-30,2.950720019093070319e-30,1.116604260272902189e-30,4.090749950412550502e-31,1.450904952036966317e-31,4.982041812391573685e-32,1.656182338792101969e-32,5.330173012139016301e-33,1.660759857386698375e-33,5.009619578899127851e-34,1.462968692306783114e-34,4.136163452663719356e-35,1.132120695074831164e-35,2.999992311777161010e-36,7.696263529232640950e-37,1.911490281368751378e-37,4.596175828120133622e-38,1.069925529756695151e-38,2.411253341027612124e-39,5.260954070159026196e-40,1.111267348667677678e-40,2.272505661013054040e-41,4.499080556987167597e-42,8.623328704771775484e-43,1.600141866406745186e-43,2.874580079660194611e-44,4.999455544115948898e-45,8.417892708698968762e-46,1.372196910487555934e-46,2.165518330030888409e-47,3.308564968527738293e-48,4.893840896259515789e-49,7.007972688355752274e-50,9.715548659948948843e-51,1.303991131697585826e-51,1.694393669902321728e-52
1.072003764664415668e-51,8.250050900800451722e-51,6.146803381203614916e-50,4.433782560705665826e-49,3.096220174595739131e-48,2.093252686728347352e-47,1.370073462548249999e-46,8.681573119830769584e-46,5.325806413563055782e-45,3.163040124479242565e-44,1.818680464854846143e-43,1.012372824128904118e-42,5.455781026369653769e-42,2.846464419863311673e-41,1.437761877360902187e-40,7.030732010401509055e-40,3.328484205953257528e-39,1.525544331908571140e-38,6.769171864740658431e-38,2.907894356739663331e-37,1.209355779678310446e-36,4.869248288482128917e-36,1.898025889328786128e-35,7.162666319714696974e-35,2.616855144872255621e-34,9.255865231304000027e-34,3.169470674678580538e-33,1.050724427827145171e-32,3.372277432820561635e-32,1.047828337471421652e-31,3.152022858363948010e-31,9.179540731189907237e-31,2.588123070240122655e-30,7.064497418252755698e-30,1.866852447058999391e-29,4.776074493175806109e-29,1.182945036606543402e-28,2.836549826697541061e-28,6.584891797329557742e-28,1.479923427615412656e-27,3.220047093576843104e-27,6.782933782949432108e-27,1.383264741824771649e-26,2.731023348836132136e-26,5.220088847692697164e-26,9.659680288343173549e-26,1.730533401529274900e-25,3.001439513407515125e-25,5.039780026934175347e-25,8.192679064346671819e-25,1.289355507221632616e-24,1.964498912546748793e-24,2.897765795386461551e-24,4.138158745274505919e-24,5.721150700493775410e-24,7.657588142284481596e-24,9.922771649161154076e-24,1.244819450876854100e-23,1.511861856954543935e-23,1.777666264518394591e-23,2.023581624512740834e-23,2.230096208479379224e-23,2.379352829657229611e-23,2.457686430252910711e-23,2.457686430252910711e-23,2.379352829657229611e-23,2.230096208479379224e-23,2.023581624512740834e-23,1.777666264518394591e-23,1.511861856954543935e-23,1.244819450876854100e-23,9.922771649161154076e-24,7.657588142284481596e-24,5.721150700493775410e-24,4.138158745274505919e-24,2.897765795386481755e-24,1.964498912546735202e-24,1.289355507221632616e-24,8.192679064346671819e-25,5.039780026934175347e-25,3.001439513407515125e-25,1.730533401529274900e-25,9.659680288343243574e-26,5.220088847692697164e-26,2.731023348836151077e-26,1.383264741824771649e-26,6.782933782949432108e-27,3.220047093576843104e-27,1.479923427615412656e-27,6.584891797329557742e-28,2.836549826697541061e-28,1.182945036606543402e-28,4.776074493175806109e-29,1.866852447058999391e-29,7.064497418252755698e-30,2.588123070240122655e-30,9.179540731189907237e-31,3.152022858363948010e-31,1.047828337471421214e-31,3.372277432820609804e-32,1.050724427827160087e-32,3.169470674678580538e-33,9.255865231304000027e-34,2.616855144872255621e-34,7.162666319714696974e-35,1.898025889328786128e-35,4.869248288482128917e-36,1.209355779678327317e-36,2.907894356739665419e-37,6.769171864740658431e-38,1.525544331908571140e-38,3.328484205953257528e-39,7.030732010401509055e-40,1.437761877360902187e-40,2.846464419863393749e-41,5.455781026369732149e-42,1.012372824128918137e-42,1.818680464854846143e-43,3.163040124479242565e-44,5.325806413563055782e-45,8.681573119830769584e-46,1.370073462548249999e-46,2.093252686728347352e-47,3.096220174595736700e-48,4.433782560705538965e-49,6.146803381203614916e-50,8.250050900800451722e-51,1.072003764664415668e-51
6.565450199242346370e-51,5.052715309015501978e-50,3.764588596986892238e-49,2.715454885150976208e-48,1.896269400561419418e-47,1.282005411002229072e-46,8.390967815752093136e-46,5.316999608408445152e-45,3.261771826892813806e-44,1.937193049128423870e-43,1.113844597745200751e-42,6.200242554153114976e-42,3.341374331629788508e-41,1.743307347281439252e-40,8.805523185020883051e-40,4.305947646831342105e-39,2.038518708000285706e-38,9.343143809777450362e-38,4.145756034912783081e-37,1.780929900914033298e-36,7.406657892782235102e-36,2.982154372917110298e-35,1.162439430160206836e-34,4.386750360955984857e-34,1.602683936251709589e-33,5.668722837559195338e-33,1.941131417488603709e-32,6.435125632404993433e-32,2.065339719226033888e-31,6.417388626594232803e-31,1.930445562375482461e-30,5.621978159881872114e-30,1.585087075929396084e-29,4.326627154778142607e-29,1.143347362622064672e-28,2.925090402330255769e-28,7.244906204888719033e-28,1.737235188785216253e-27,4.032894341215400892e-27,9.063740149963762199e-27,1.972106771351891795e-26,4.154184474403824323e-26,8.471757352140907336e-26,1.672605860238275361e-25,3.197025467151786940e-25,5.916037980853011855e-25,1.059859231877119567e-24,1.838221310489921305e-24,3.086595949812844382e-24,5.017578125034145352e-24,7.896613473584759373e-24,1.203150604683669182e-23,1.774726698337080216e-23,2.534401095798802131e-23,3.503899076157762958e-23,4.689863529557348520e-23,6.077167380229898868e-23,7.623853927732014412e-23,9.259345962349820257e-23,1.088725591763426044e-22,1.239335608490100627e-22,1.365814755405660303e-22,1.457226459874546726e-22,1.505201604234164833e-22,1.505201604234164833e-22,1.457226459874546726e-22,1.365814755405660303e-22,1.239335608490100627e-22,1.088725591763426044e-22,9.259345962349820257e-23,7.623853927732014412e-23,6.077167380229898868e-23,4.689863529557348520e-23,3.503899076157762958e-23,2.534401095798802131e-23,1.774726698337092265e-23,1.203150604683660954e-23,7.896613473584759373e-24,5.017578125034145352e-24,3.086595949812844382e-24,1.838221310489921305e-24,1.059859231877119567e-24,5.916037980853055936e-25,3.197025467151786940e-25,1.672605860238287758e-25,8.471757352140907336e-26,4.154184474403824323e-26,1.972106771351891795e-26,9.063740149963762199e-27,4.032894341215400892e-27,1.737235188785216253e-27,7.244906204888719033e-28,2.925090402330235141e-28,1.143347362622064672e-28,4.326627154778142607e-29,1.585087075929396084e-29,5.621978159881872114e-30,1.930445562375482461e-30,6.417388626594328266e-31,2.065339719226062352e-31,6.435125632405085393e-32,1.941131417488603709e-32,5.668722837559195338e-33,1.602683936251709589e-33,4.386750360955984857e-34,1.162439430160206836e-34,2.982154372917110298e-35,7.406657892782340676e-36,1.780929900913980845e-36,4.145756034912783081e-37,9.343143809777450362e-38,2.038518708000285706e-38,4.305947646831342105e-39,8.805523185020883051e-40,1.743307347281463314e-40,3.341374331629835918e-41,6.200242554153292128e-42,1.113844597745200751e-42,1.937193049128423870e-43,3.261771826892813806e-44,5.316999608408445152e-45,8.390967815752093136e-46,1.282005411002229072e-46,1.896269400561475085e-47,2.715454885150938530e-48,3.764588596986892238e-49,5.052715309015501978e-50,6.565450199242346370e-51
3.892383920400656336e-50,2.995545960495406752e-49,2.231868901164832948e-48,1.609880908510250285e-47,1.124219710682571337e-46,7.600479930877495056e-46,4.974657824135492930e-45,3.152229192589704655e-44,1.933769631285694142e-43,1.148481649591911901e-42,6.603524009044917653e-42,3.675867410151784004e-41,1.980962664521644546e-40,1.033534834771522371e-39,5.220430559361448675e-39,2.552818294859278665e-38,1.208553442591324109e-37,5.539163595417333872e-37,2.457847312597192057e-36,1.055839691005268746e-35,4.391101175224984708e-35,1.767996005915114928e-34,6.891622674888976669e-34,2.600722882608612986e-33,9.501650296076391045e-33,3.360751350253129803e-32,1.150816545328315200e-31,3.815119874067713891e-31,1.224454511010978387e-30,3.804604336805421840e-30,1.144481343726626735e-29,3.333038363902777313e-29,9.397325788099753189e-29,2.565078319956009664e-28,6.778433701646526755e-28,1.734165137535042287e-27,4.295205288431563769e-27,1.029934903102624970e-26,2.390936281602306960e-26,5.373516719764327567e-26,1.169180551702180247e-25,2.462844185828029812e-25,5.022554599350195529e-25,9.916188468401867623e-25,1.895384192067903232e-24,3.507374271426080532e-24,6.283467099518567072e-24,1.089805398556596644e-23,1.829915097857531652e-23,2.974714577149756647e-23,4.681575577825188217e-23,7.132982393243151938e-23,1.052162068720005200e-22,1.502541603966696188e-22,2.077316864625228210e-22,2.780426145556491334e-22,3.602901229091646077e-22,4.519867722583894707e-22,5.489483316991164417e-22,6.454603810105336945e-22,7.347508317134926763e-22,8.097350875954320966e-22,8.639293070035954771e-22,8.923717861660795976e-22,8.923717861660795976e-22,8.639293070035954771e-22,8.097350875954320966e-22,7.347508317134926763e-22,6.454603810105336945e-22,5.489483316991164417e-22,4.519867722583894707e-22,3.602901229091646077e-22,2.780426145556491334e-22,2.077316864625228210e-22,1.502541603966696188e-22,1.052162068720012253e-22,7.132982393243102568e-23,4.681575577825188217e-23,2.974714577149756647e-23,1.829915097857531652e-23,1.089805398556596644e-23,6.283467099518567072e-24,3.507374271426104777e-24,1.895384192067903232e-24,9.916188468401941091e-25,5.022554599350195529e-25,2.462844185828029812e-25,1.169180551702180247e-25,5.373516719764327567e-26,2.390936281602306960e-26,1.029934903102624970e-26,4.295205288431563769e-27,1.734165137535029732e-27,6.778433701646526755e-28,2.565078319956009664e-28,9.397325788099753189e-29,3.333038363902777313e-29,1.144481343726626735e-29,3.804604336805476491e-30,1.224454511010995728e-30,3.815119874067768191e-31,1.150816545328315200e-31,3.360751350253129803e-32,9.501650296076391045e-33,2.600722882608612986e-33,6.891622674888976669e-34,1.767996005915114928e-34,4.391101175225047251e-35,1.055839691005237608e-35,2.457847312597192057e-36,5.539163595417333872e-37,1.208553442591324109e-37,2.552818294859278665e-38,5.220430559361448675e-39,1.033534834771536726e-39,1.980962664521672278e-40,3.675867410151890550e-41,6.603524009044917653e-42,1.148481649591911901e-42,1.933769631285694142e-43,3.152229192589704655e-44,4.974657824135492930e-45,7.600479930877495056e-46,1.124219710682604203e-46,1.609880908510227921e-47,2.231868901164832948e-48,2.995545960495406752e-49,3.892383920400656336e-50
2.233810309899311027e-49,1.719121645544921903e-48,1.280853036011018635e-47,9.238987326743710165e-47,6.451813674269449930e-46,4.361859152893977346e-45,2.854919289315923661e-44,1.809040992248152347e-43,1.109776072369431804e-42,6.591051145141163673e-42,3.789713531535082739e-41,2.109553087911926067e-40,1.136859804692279079e-39,5.931379886378287432e-39,2.995966442183504454e-38,1.465043516511407232e-37,6.935798717015757897e-37,3.178884971446584079e-36,1.410540373024863429e-35,6.059385804691286067e-35,2.520020449580648762e-34,1.014639816276757769e-33,3.955051222572679889e-33,1.492535604700622866e-32,5.452926747844599935e-32,1.928710314482729005e-31,6.604450938879760578e-31,2.189469045827573630e-30,7.027053771246437549e-30,2.183434256857368673e-29,6.568093685991797255e-29,1.912806036823205483e-28,5.393055685210725210e-28,1.472079454132340451e-27,3.890092908961625753e-27,9.952245314216051173e-27,2.464986510232196139e-26,5.910720145095400032e-26,1.372140627794433704e-25,3.083821456078320061e-25,6.709840611655903834e-25,1.413408041571576530e-24,2.882406893949406121e-24,5.690827135402542875e-24,1.087746953035818178e-23,2.012856123241984496e-23,3.606035241090171114e-23,6.254312485262378450e-23,1.050174724648890982e-22,1.707166668893457709e-22,2.686721558350852822e-22,4.093565777734633662e-22,6.038280202713892227e-22,8.622975006144673883e-22,1.192156766655706782e-21,1.595665976653796287e-21,2.067678336895742219e-21,2.593918617629495611e-21,3.150373827526453486e-21,3.704249332076274772e-21,4.216680616951416565e-21,4.647009709082598970e-21,4.958026321335067459e-21,5.121255603162213859e-21,5.121255603162213859e-21,4.958026321335067459e-21,4.647009709082598970e-21,4.216680616951416565e-21,3.704249332076274772e-21,3.150373827526453486e-21,2.593918617629495611e-21,2.067678336895742219e-21,1.595665976653796287e-21,1.192156766655706782e-21,8.622975006144673883e-22,6.038280202713933605e-22,4.093565777734604509e-22,2.686721558350852822e-22,1.707166668893457709e-22,1.050174724648890982e-22,6.254312485262378450e-23,3.606035241090171114e-23,2.012856123241999189e-23,1.087746953035818178e-23,5.690827135402583283e-24,2.882406893949406121e-24,1.413408041571576530e-24,6.709840611655903834e-25,3.083821456078320061e-25,1.372140627794433704e-25,5.910720145095488423e-26,2.464986510232214219e-26,9.952245314215909115e-27,3.890092908961625753e-27,1.472079454132340451e-27,5.393055685210725210e-28,1.912806036823205483e-28,6.568093685991797255e-29,2.183434256857367832e-29,7.027053771246434747e-30,2.189469045827605159e-30,6.604450938879760578e-31,1.928710314482729005e-31,5.452926747844599935e-32,1.492535604700622866e-32,3.955051222572679889e-33,1.014639816276772480e-33,2.520020449580684256e-34,6.059385804691202677e-35,1.410540373024863429e-35,3.178884971446584079e-36,6.935798717015757897e-37,1.465043516511407232e-37,2.995966442183504454e-38,5.931379886378458395e-39,1.136859804692278590e-39,2.109553087911955431e-40,3.789713531535082739e-41,6.591051145141163673e-42,1.109776072369431804e-42,1.809040992248152347e-43,2.854919289315923661e-44,4.361859152893977346e-45,6.451813674269537830e-46,9.238987326743581815e-47,1.280853036011018635e-47,1.719121645544921903e-48,2.233810309899311027e-49
1.240945246135768458e-48,9.550210347378289717e-48,7.115503402381935618e-47,5.132520586650890555e-46,3.584166243909629410e-45,2.423136985316123790e-44,1.585988973404660148e-43,1.004973792737262998e-42,6.165122146580685594e-42,3.661516624466288590e-41,2.105293797926304361e-40,1.171916820472251771e-39,6.315579993089441324e-39,3.295050452765717103e-38,1.664344683849853163e-37,8.138733979067280735e-37,3.853033719064186859e-36,1.765961136380863681e-35,7.835953494487530334e-35,3.366161386001098864e-34,1.399943130002379863e-33,5.636613149150818406e-33,2.197143594120243037e-32,8.291460358713708079e-32,3.029256107950072774e-31,1.071453509424553379e-30,3.668960591514672435e-30,1.216312411103346479e-29,3.903728500636095821e-29,1.212959913959421196e-28,3.648763102079723689e-28,1.062618230230368743e-27,2.995996027527240445e-27,8.177820616388890734e-27,2.161057400894522203e-26,5.528755712301314491e-26,1.369370209326020274e-25,3.283573378093002374e-25,7.622631973473175136e-25,1.713150646181935641e-24,3.727507556242960497e-24,7.851884209977409821e-24,1.601259120626366180e-23,3.161416548648903250e-23,6.042744114782553616e-23,1.118198902665555172e-22,2.003255276420764172e-22,3.474448708576230321e-22,5.834019685510909358e-22,9.483797047298356564e-22,1.492550343576960658e-21,2.274092374411522832e-21,3.354436623014458817e-21,4.790308198508185993e-21,6.622770365388241328e-21,8.864378946475410534e-21,1.148654203688557344e-20,1.440995666975625523e-20,1.750122383934970284e-20,2.057816001103893360e-20,2.342486173910872995e-20,2.581546240375595896e-20,2.754324826244577195e-20,2.845003341074550058e-20,2.845003341074550058e-20,2.754324826244577195e-20,2.581546240375595896e-20,2.342486173910872995e-20,2.057816001103893360e-20,1.750122383934970284e-20,1.440995666975625523e-20,1.148654203688557344e-20,8.864378946475410534e-21,6.622770365388241328e-21,4.790308198508185993e-21,3.354436623014482892e-21,2.274092374411506657e-21,1.492550343576960658e-21,9.483797047298356564e-22,5.834019685510909358e-22,3.474448708576230321e-22,2.003255276420764172e-22,1.118198902665563166e-22,6.042744114782553616e-23,3.161416548648926172e-23,1.601259120626366180e-23,7.851884209977409821e-24,3.727507556242960497e-24,1.713150646181935641e-24,7.622631973473175136e-25,3.283573378093050129e-25,1.369370209326030146e-25,5.528755712301235283e-26,2.161057400894522203e-26,8.177820616388890734e-27,2.995996027527240445e-27,1.062618230230368743e-27,3.648763102079723689e-28,1.212959913959420747e-28,3.903728500636093579e-29,1.216312411103363714e-29,3.668960591514672435e-30,1.071453509424553379e-30,3.029256107950072774e-31,8.291460358713708079e-32,2.197143594120243037e-32,5.636613149150900513e-33,1.399943130002400047e-33,3.366161386001052679e-34,7.835953494487530334e-35,1.765961136380863681e-35,3.853033719064186859e-36,8.138733979067280735e-37,1.664344683849853163e-37,3.295050452765763041e-38,6.315579993089624032e-39,1.171916820472285050e-39,2.105293797926304361e-40,3.661516624466288590e-41,6.165122146580685594e-42,1.004973792737262998e-42,1.585988973404660148e-43,2.423136985316123790e-44,3.584166243909678572e-45,5.132520586650744314e-46,7.115503402381935618e-47,9.550210347378289717e-48,1.240945246135768458e-48
6.673145861963379071e-48,5.135596986163539636e-47,3.826340624878496397e-46,2.759997559997424811e-45,1.927374653604789201e-44,1.303034650149571029e-43,8.528608162166202534e-43,5.404216444899125003e-42,3.315275953476935540e-41,1.968969588880189283e-40,1.132115428911699060e-39,6.301947572184889890e-39,3.396184209417824428e-38,1.771903503583649984e-37,8.949963646259274566e-37,4.376579800209197853e-36,2.071957332399972241e-35,9.496403073644536661e-35,4.213760502254744894e-34,1.810143194765652414e-33,7.528152216264145357e-33,3.031071824391313691e-32,1.181507381481900482e-31,4.458707953044550142e-31,1.628973391416093906e-30,5.761709128559197214e-30,1.972972559846089368e-29,6.540683529981450083e-29,2.099218299225282068e-28,6.522655577085950435e-28,1.962111420447315685e-27,5.714197679542764958e-27,1.611087882870613564e-26,4.397598522261005623e-26,1.162102139248370584e-25,2.973071811043741948e-25,7.363747251794726363e-25,1.765731741082592121e-24,4.099047493791474488e-24,9.212416245670683793e-24,2.004456014625701638e-23,4.222327196754831778e-23,8.610722921106134732e-23,1.700042272231809279e-22,3.249467533723346576e-22,6.013081079451841680e-22,1.077244519847346186e-21,1.868374377873477074e-21,3.137226597564236560e-21,5.099883433129006242e-21,8.026144731226112645e-21,1.222886357418427745e-20,1.803838238616248475e-20,2.575973874104919689e-20,3.561374911273832073e-20,4.766793206206965833e-20,6.176853547761262135e-20,7.748911003228560166e-20,9.411230657156223131e-20,1.106584385992013681e-19,1.259664918078880554e-19,1.388218752203100346e-19,1.481129918825301070e-19,1.529892018353133129e-19,1.529892018353133129e-19,1.481129918825301070e-19,1.388218752203100346e-19,1.259664918078880554e-19,1.106584385992013681e-19,9.411230657156223131e-20,7.748911003228560166e-20,6.176853547761262135e-20,4.766793206206965833e-20,3.561374911273832073e-20,2.575973874104919689e-20,1.803838238616261715e-20,1.222886357418418867e-20,8.026144731226112645e-21,5.099883433129006242e-21,3.137226597564236560e-21,1.868374377873477074e-21,1.077244519847346186e-21,6.013081079451883058e-22,3.249467533723346576e-22,1.700042272231821504e-22,8.610722921106134732e-23,4.222327196754831778e-23,2.004456014625701638e-23,9.212416245670683793e-24,4.099047493791474488e-24,1.765731741082591387e-24,7.363747251794724526e-25,2.973071811043720826e-25,1.162102139248370584e-25,4.397598522261005623e-26,1.611087882870613564e-26,5.714197679542764958e-27,1.962111420447315685e-27,6.522655577085997071e-28,2.099218299225313008e-28,6.540683529981542008e-29,1.972972559846089368e-29,5.761709128559197214e-30,1.628973391416093906e-30,4.458707953044550142e-31,1.181507381481900482e-31,3.031071824391312049e-32,7.528152216264254833e-33,1.810143194765599728e-33,4.213760502254744894e-34,9.496403073644536661e-35,2.071957332399972241e-35,4.376579800209197853e-36,8.949963646259274566e-37,1.771903503583674624e-37,3.396184209417874020e-38,6.301947572185072598e-39,1.132115428911699060e-39,1.968969588880189283e-40,3.315275953476935540e-41,5.404216444899125003e-42,8.528608162166202534e-43,1.303034650149571029e-43,1.927374653604845208e-44,2.759997559997384984e-45,3.826340624878496397e-46,5.135596986163539636e-47,6.673145861963379071e-48
3.473569090407983246e-47,2.673229586305077723e-46,1.991723064186072998e-45,1.436660071924128652e-44,1.003255310296427428e-43,6.782679381083444931e-43,4.439391901376046847e-42,2.813053931261251504e-41,1.725698840753668507e-40,1.024906699982617051e-39,5.892994461662461839e-39,3.280349440716780401e-38,1.767813972478423250e-37,9.223279947042561244e-37,4.658719848928121172e-36,2.278138771454603897e-35,1.078514855713207097e-34,4.943157675405771509e-34,2.193386528300409969e-33,9.422328809549316913e-33,3.918625096351145531e-32,1.577762215572836857e-31,6.150094131460971757e-31,2.320888895465416911e-30,8.479286589211644595e-30,2.999139409039727002e-29,1.026990364344893545e-28,3.404618542715262614e-28,1.092704992374070954e-27,3.395234461917916490e-27,1.021336821191111869e-26,2.974408299581343655e-26,8.386187246060937366e-26,2.289079635740976764e-25,6.049084126571810649e-25,1.547571499263820415e-24,3.833047467043496181e-24,9.191154104298423039e-24,2.133675026602679139e-23,4.795334161857921034e-23,1.043378430430053938e-22,2.197845745263128553e-22,4.482135053469622081e-22,8.849221059097136626e-22,1.691443618782918092e-21,3.129985917849468985e-21,5.607375208567877923e-21,9.725439279371659892e-21,1.633018903575804948e-20,2.654639629409879242e-20,4.177844877097444552e-20,6.365483896316997635e-20,9.389509654611114652e-20,1.340870319917846752e-19,1.853800601252773406e-19,2.481256349546586932e-19,3.215234314265016327e-19,4.033536551112863627e-19,4.898822922443866200e-19,5.760097858821570005e-19,6.556927143838419418e-19,7.226087737513710668e-19,7.709717742324762885e-19,7.963538841408966954e-19,7.963538841408966954e-19,7.709717742324762885e-19,7.226087737513710668e-19,6.556927143838419418e-19,5.760097858821570005e-19,4.898822922443866200e-19,4.033536551112863627e-19,3.215234314265016327e-19,2.481256349546586932e-19,1.853800601252773406e-19,1.340870319917846752e-19,9.389509654611182059e-20,6.365483896316951894e-20,4.177844877097444552e-20,2.654639629409879242e-20,1.633018903575804948e-20,9.725439279371659892e-21,5.607375208567877923e-21,3.129985917849491555e-21,1.691443618782918092e-21,8.849221059097200573e-22,4.482135053469622081e-22,2.197845745263128553e-22,1.043378430430053938e-22,4.795334161857921034e-23,2.133675026602679139e-23,9.191154104298552343e-24,3.833047467043523364e-24,1.547571499263798741e-24,6.049084126571810649e-25,2.289079635740976764e-25,8.386187246060937366e-26,2.974408299581343655e-26,1.021336821191111869e-26,3.395234461917916490e-27,1.092704992374070954e-27,3.404618542715311043e-28,1.026990364344893545e-28,2.999139409039727002e-29,8.479286589211644595e-30,2.320888895465416911e-30,6.150094131460971757e-31,1.577762215572859628e-31,3.918625096351201364e-32,9.422328809549184173e-33,2.193386528300409969e-33,4.943157675405771509e-34,1.078514855713207097e-34,2.278138771454603897e-35,4.658719848928121172e-36,9.223279947042830191e-37,1.767813972478421371e-37,3.280349440716824251e-38,5.892994461662461839e-39,1.024906699982617051e-39,1.725698840753668507e-40,2.813053931261251504e-41,4.439391901376046847e-42,6.782679381083444931e-43,1.003255310296441765e-43,1.436660071924108987e-44,1.991723064186072998e-45,2.673229586305077723e-46,3.473569090407983246e-47
1.750184830847032542e-46,1.346927540391346827e-45,1.003545173122555034e-44,7.238723628410363389e-44,5.054979992758127008e-43,3.417505814999268327e-42,2.236822173892919754e-41,1.417379125247184664e-40,8.695067969247125850e-40,5.164072205433961272e-39,2.969231141406723726e-38,1.652829605973298571e-37,8.907268339458079719e-37,4.647221412277571891e-36,2.347332267918789049e-35,1.147857957215981519e-34,5.434181071926582368e-34,2.490648481376287811e-33,1.105154879635553241e-32,4.747513731413724206e-32,1.974429764575298433e-31,7.949677765168187731e-31,3.098772811770990213e-30,1.169397940044371338e-29,4.272354566322974218e-29,1.511139742057165819e-28,5.174570910554091921e-28,1.715443560554285741e-27,5.505679180313348703e-27,1.710715318381613431e-26,5.146085093198075728e-26,1.498678780004156363e-25,4.225445737420121140e-25,1.153370596870480440e-24,3.047878134360088451e-24,7.797559490445060395e-24,1.931310809755110526e-23,4.631034556284340492e-23,1.075068774601093889e-22,2.416166453145327957e-22,5.257143457472392390e-22,1.107401690820957946e-21,2.258358643866476386e-21,4.458748929224500115e-21,8.522470366291666715e-21,1.577067774270627268e-20,2.825319656949885528e-20,4.900238301602618576e-20,8.228092889867161192e-20,1.337560845871315599e-19,2.105039669347446019e-19,3.207298621783436575e-19,4.730977544673501697e-19,6.756079504892144404e-19,9.340518663317085433e-19,1.250200330378128839e-18,1.620020842534774443e-18,2.032328795738918903e-18,2.468310070913243917e-18,2.902270153353967909e-18,3.303758792593148864e-18,3.640920567692180879e-18,3.884601311080925083e-18,4.012491048064368767e-18,4.012491048064368767e-18,3.884601311080925083e-18,3.640920567692180879e-18,3.303758792593148864e-18,2.902270153353967909e-18,2.468310070913243917e-18,2.032328795738918903e-18,1.620020842534774443e-18,1.250200330378128839e-18,9.340518663317085433e-19,6.756079504892144404e-19,4.730977544673535401e-19,3.207298621783413464e-19,2.105039669347446019e-19,1.337560845871315599e-19,8.228092889867161192e-20,4.900238301602618576e-20,2.825319656949885528e-20,1.577067774270638403e-20,8.522470366291666715e-21,4.458748929224531712e-21,2.258358643866476386e-21,1.107401690820957946e-21,5.257143457472392390e-22,2.416166453145327957e-22,1.075068774601093889e-22,4.631034556284408671e-23,1.931310809755125220e-23,7.797559490444948723e-24,3.047878134360088451e-24,1.153370596870480440e-24,4.225445737420121140e-25,1.498678780004156363e-25,5.146085093198075728e-26,1.710715318381612858e-26,5.505679180313345833e-27,1.715443560554310134e-27,5.174570910554091921e-28,1.511139742057165819e-28,4.272354566322974218e-29,1.169397940044371338e-29,3.098772811770990213e-30,7.949677765168306841e-31,1.974429764575326459e-31,4.747513731413659615e-32,1.105154879635553241e-32,2.490648481376287811e-33,5.434181071926582368e-34,1.147857957215981519e-34,2.347332267918789049e-35,4.647221412277636705e-36,8.907268339458338643e-37,1.652829605973345553e-37,2.969231141406723726e-38,5.164072205433961272e-39,8.695067969247125850e-40,1.417379125247184664e-40,2.236822173892919754e-41,3.417505814999268327e-42,5.054979992758196307e-43,7.238723628410154295e-44,1.003545173122555034e-44,1.346927540391346827e-45,1.750184830847032542e-46
8.535903638726575861e-46,6.569159719869938877e-45,4.894434429955355440e-44,3.530429830635668070e-43,2.465386589654733456e-42,1.666766835563524561e-41,1.090930408994365174e-40,6.912762251971526903e-40,4.240709953002639407e-39,2.518592433901844878e-38,1.448136817177652435e-37,8.061088177180967118e-37,4.344203131568597430e-36,2.266516853755990796e-35,1.144827774408901944e-34,5.598268674857259369e-34,2.650328420622224107e-33,1.214725157038407409e-32,5.389999611567906167e-32,2.315430863108724476e-31,9.629578496399019863e-31,3.877172408674288350e-30,1.511316156635961283e-29,5.703322275232615535e-29,2.083688890787460961e-28,7.370046291972162234e-28,2.523712803685503980e-27,8.366465456953325610e-27,2.685199078439809544e-26,8.343405138491439758e-26,2.509819860052554794e-25,7.309272384293598089e-25,2.060810778929596627e-24,5.625154612877292778e-24,1.486494089020789334e-23,3.802982133919217186e-23,9.419281139879627204e-23,2.258622290819727573e-22,5.243265341614033308e-22,1.178399198511566117e-21,2.563984624768387285e-21,5.400957633506548758e-21,1.101434055761982599e-20,2.174596107698886825e-20,4.156531614741617264e-20,7.691586805949028352e-20,1.377949112303352195e-19,2.389916836899681352e-19,4.012959477223145973e-19,6.523477000863758061e-19,1.026658182413263098e-18,1.564245758141698521e-18,2.307365926532938027e-18,3.295037336223814381e-18,4.555505558073873473e-18,6.097407177302076780e-18,7.901075109828891593e-18,9.911960415198553680e-18,1.203830392337312823e-17,1.415478978331236456e-17,1.611290773530635058e-17,1.775729430076099174e-17,1.894576040303712926e-17,1.956949708046246309e-17,1.956949708046246309e-17,1.894576040303712926e-17,1.775729430076099174e-17,1.611290773530635058e-17,1.415478978331236456e-17,1.203830392337312823e-17,9.911960415198553680e-18,7.901075109828891593e-18,6.097407177302076780e-18,4.555505558073873473e-18,3.295037336223814381e-18,2.307365926532954205e-18,1.564245758141687543e-18,1.026658182413263098e-18,6.523477000863758061e-19,4.012959477223145973e-19,2.389916836899681352e-19,1.377949112303352195e-19,7.691586805949083722e-20,4.156531614741617264e-20,2.174596107698902473e-20,1.101434055761982599e-20,5.400957633506548758e-21,2.563984624768387285e-21,1.178399198511566117e-21,5.243265341614033308e-22,2.258622290819726162e-22,9.419281139879623677e-23,3.802982133919190738e-23,1.486494089020789334e-23,5.625154612877292778e-24,2.060810778929596627e-24,7.309272384293598089e-25,2.509819860052554794e-25,8.343405138491502895e-26,2.685199078439849722e-26,8.366465456953443275e-27,2.523712803685503980e-27,7.370046291972162234e-28,2.083688890787460961e-28,5.703322275232615535e-29,1.511316156635961283e-29,3.877172408674286248e-30,9.629578496399156489e-31,2.315430863108657038e-31,5.389999611567906167e-32,1.214725157038407409e-32,2.650328420622224107e-33,5.598268674857259369e-34,1.144827774408901944e-34,2.266516853756021800e-35,4.344203131568662245e-36,8.061088177181202655e-37,1.448136817177652435e-37,2.518592433901844878e-38,4.240709953002639407e-39,6.912762251971526903e-40,1.090930408994365174e-40,1.666766835563524561e-41,2.465386589654805464e-42,3.530429830635618684e-43,4.894434429955355440e-44,6.569159719869938877e-45,8.535903638726575861e-46
4.029649562741656610e-45,3.101184445505612154e-44,2.310576172750663510e-43,1.666653657940483115e-42,1.163865527712709533e-41,7.868512268166668748e-41,5.150090056829036123e-40,3.263393140898828481e-39,2.001964376718367318e-38,1.188983068406698063e-37,6.836398510469244157e-37,3.805497557519902796e-36,2.050821681042069164e-35,1.069982632799124860e-34,5.404530013238953011e-34,2.642843906461243491e-33,1.251173304350381581e-32,5.734503229046855831e-32,2.544523754859605555e-31,1.093074073933245538e-30,4.545954174242493525e-30,1.830344713640527690e-29,7.134657029306679847e-29,2.692437858400482325e-28,9.836727759621063252e-28,3.479268871205530350e-27,1.191400304675161583e-26,3.949660785455486472e-26,1.267635126903039698e-25,3.938774415817357320e-25,1.184841691011628013e-24,3.450578581241156538e-24,9.728724228482225134e-24,2.655536283621478920e-23,7.017476425886949555e-23,1.795320793399691206e-22,4.446676501179273261e-22,1.066255748870887412e-21,2.475253093921449914e-21,5.563014785539008598e-21,1.210411921146705513e-20,2.549696843753564246e-20,5.199675920723236826e-20,1.026588469763436554e-19,1.962225267852725056e-19,3.631062476943056549e-19,6.505054734546820860e-19,1.128237588473805510e-18,1.894447393867787055e-18,3.079618439554850462e-18,4.846672210634171294e-18,7.384528342984558650e-18,1.089266759614625032e-17,1.555529012873495167e-17,2.150573829919433335e-17,2.878478390313518054e-17,3.729958210524101605e-17,4.679261697824866230e-17,5.683070966369098119e-17,6.682226613037731016e-17,7.606619563451383869e-17,8.382905459463564776e-17,8.943959345737838673e-17,9.238414430498838770e-17,9.238414430498838770e-17,8.943959345737838673e-17,8.382905459463564776e-17,7.606619563451383869e-17,6.682226613037731016e-17,5.683070966369098119e-17,4.679261697824866230e-17,3.729958210524101605e-17,2.878478390313518054e-17,2.150573829919433335e-17,1.555529012873495167e-17,1.089266759614632735e-17,7.384528342984503183e-18,4.846672210634171294e-18,3.079618439554850462e-18,1.894447393867787055e-18,1.128237588473805510e-18,6.505054734546820860e-19,3.631062476943082549e-19,1.962225267852725056e-19,1.026588469763443776e-19,5.199675920723236826e-20,2.549696843753564246e-20,1.210411921146705513e-20,5.563014785539008598e-21,2.475253093921449914e-21,1.066255748870902646e-21,4.446676501179303354e-22,1.795320793399666050e-22,7.017476425886949555e-23,2.655536283621478920e-23,9.728724228482225134e-24,3.450578581241156538e-24,1.184841691011628013e-24,3.938774415817357320e-25,1.267635126903039698e-25,3.949660785455542147e-26,1.191400304675161583e-26,3.479268871205530350e-27,9.836727759621063252e-28,2.692437858400482325e-28,7.134657029306679847e-29,1.830344713640553754e-29,4.545954174242559386e-30,1.093074073933229774e-30,2.544523754859605555e-31,5.734503229046855831e-32,1.251173304350381581e-32,2.642843906461243491e-33,5.404530013238953011e-34,1.069982632799155864e-34,2.050821681042066759e-35,3.805497557519953579e-36,6.836398510469244157e-37,1.188983068406698063e-37,2.001964376718367318e-38,3.263393140898828481e-39,5.150090056829036123e-40,7.868512268166668748e-41,1.163865527712725846e-41,1.666653657940460175e-42,2.310576172750663510e-43,3.101184445505612154e-44,4.029649562741656610e-45
1.841328986757940058e-44,1.417071316967624117e-43,1.055806669228913950e-42,7.615693730856343008e-42,5.318227551796496430e-41,3.595478836670396564e-40,2.353308881678829264e-39,1.491191800171257682e-38,9.147879933262198393e-38,5.433000945948531748e-37,3.123859419128065778e-36,1.738903806049690641e-35,9.371131035536409020e-35,4.889234178865280424e-34,2.469573996010073411e-33,1.207634812078486175e-32,5.717176238001739097e-32,2.620353669939692174e-31,1.162707891683117274e-30,4.994749408525454670e-30,2.077251895773003568e-29,8.363672137019357824e-29,3.260147214811523198e-28,1.230296529890859309e-27,4.494845439193333408e-27,1.589835176862511223e-26,5.444046390818273130e-26,1.804778499689744104e-25,5.792397744410979106e-25,1.799804025442507418e-24,5.414077121124772404e-24,1.576725286851641137e-23,4.445493745091465072e-23,1.213434532776805795e-22,3.206602101668796753e-22,8.203632017983621210e-22,2.031887440551041280e-21,4.872204362002802582e-21,1.131054996330468484e-20,2.541992850466805180e-20,5.530919057905389541e-20,1.165071709772807247e-19,2.375966903697921668e-19,4.690946637952297360e-19,8.966293986586353659e-19,1.659196534940221411e-18,2.972453474345939594e-18,5.155427396999882974e-18,8.656586251245759282e-18,1.407216834271934603e-17,2.214663556173613050e-17,3.374324709819630023e-17,4.977352068862491105e-17,7.107915009855559124e-17,9.826943682168433794e-17,1.315306856171010266e-16,1.704386464752770665e-16,2.138166127520275352e-16,2.596851944876864757e-16,3.053411312099381339e-16,3.475808224845631946e-16,3.830528331416404439e-16,4.086899206313808545e-16,4.221449041088969991e-16,4.221449041088969991e-16,4.086899206313808545e-16,3.830528331416404439e-16,3.475808224845631946e-16,3.053411312099381339e-16,2.596851944876864757e-16,2.138166127520275352e-16,1.704386464752770665e-16,1.315306856171010266e-16,9.826943682168433794e-17,7.107915009855559124e-17,4.977352068862525617e-17,3.374324709819606604e-17,2.214663556173613050e-17,1.407216834271934603e-17,8.656586251245759282e-18,5.155427396999882974e-18,2.972453474345939594e-18,1.659196534940232774e-18,8.966293986586353659e-19,4.690946637952331063e-19,2.375966903697921668e-19,1.165071709772807247e-19,5.530919057905389541e-20,2.541992850466805180e-20,1.131054996330468484e-20,4.872204362002874804e-21,2.031887440551056703e-21,8.203632017983499899e-22,3.206602101668796753e-22,1.213434532776805795e-22,4.445493745091465072e-23,1.576725286851641137e-23,5.414077121124772404e-24,1.799804025442507051e-24,5.792397744410975432e-25,1.804778499689769818e-25,5.444046390818273130e-26,1.589835176862511223e-26,4.494845439193333408e-27,1.230296529890859309e-27,3.260147214811523198e-28,8.363672137019481138e-29,2.077251895773032996e-29,4.994749408525386707e-30,1.162707891683117274e-30,2.620353669939692174e-31,5.717176238001739097e-32,1.207634812078486175e-32,2.469573996010073411e-33,4.889234178865423257e-34,9.371131035536402605e-35,1.738903806049714161e-35,3.123859419128065778e-36,5.433000945948531748e-37,9.147879933262198393e-38,1.491191800171257682e-38,2.353308881678829264e-39,3.595478836670396564e-40,5.318227551796568820e-41,7.615693730856234678e-42,1.055806669228913950e-42,1.417071316967624117e-43,1.841328986757940058e-44
8.143957877458103982e-44,6.267521555210023209e-43,4.669695151043620725e-42,3.368321978188092738e-41,2.352182661330226851e-40,1.590233380656851787e-39,1.040837815668416061e-38,6.595346782211008004e-38,4.045987945679596220e-37,2.402945436160169716e-36,1.381642265311501962e-35,7.690944666197192799e-35,4.144728995545891291e-34,2.162444489391061358e-33,1.092260358871755037e-32,5.341211218444783734e-32,2.528632460311743092e-31,1.158948241487547655e-30,5.142505310975274334e-30,2.209112498853932078e-29,9.187414124094946105e-29,3.699143068653045514e-28,1.441920579248868362e-27,5.441441039743533931e-27,1.988011495269388455e-26,7.031633567701784801e-26,2.407830692320506117e-25,7.982299841754190361e-25,2.561901951211052701e-24,7.960298391158809067e-24,2.394575675332378983e-23,6.973650234579648092e-23,1.966183884840331556e-22,5.366862626426719095e-22,1.418238274287934341e-21,3.628359411984211260e-21,8.986773057170789712e-21,2.154912423574129308e-20,5.002508684459643456e-20,1.124290273377572069e-19,2.446253339579515646e-19,5.152960169987899126e-19,1.050859163197116355e-18,2.074744497025037262e-18,3.965674850545570159e-18,7.338409805175104587e-18,1.314677391268355830e-17,2.280178276853463231e-17,3.828695159839798059e-17,6.223936463922700550e-17,9.795167970486360498e-17,1.492419795661950825e-16,2.201417882497270562e-16,3.143738074679298689e-16,4.346328982342441650e-16,5.817430621916736198e-16,7.538278968983079291e-16,9.456829823872185987e-16,1.148553735110049266e-15,1.350483986681541111e-15,1.537304630342326887e-15,1.694192705584450015e-15,1.807582198781301485e-15,1.867091835283423325e-15,1.867091835283423325e-15,1.807582198781301485e-15,1.694192705584450015e-15,1.537304630342326887e-15,1.350483986681541111e-15,1.148553735110049266e-15,9.456829823872185987e-16,7.538278968983079291e-16,5.817430621916736198e-16,4.346328982342441650e-16,3.143738074679298689e-16,2.201417882497286093e-16,1.492419795661940225e-16,9.795167970486360498e-17,6.223936463922700550e-17,3.828695159839798059e-17,2.280178276853463231e-17,1.314677391268355830e-17,7.338409805175158513e-18,3.965674850545570159e-18,2.074744497025051899e-18,1.050859163197116355e-18,5.152960169987899126e-19,2.446253339579515646e-19,1.124290273377572069e-19,5.002508684459643456e-20,2.154912423574160604e-20,8.986773057170855916e-21,3.628359411984159350e-21,1.418238274287934341e-21,5.366862626426719095e-22,1.966183884840331556e-22,6.973650234579648092e-23,2.394575675332378983e-23,7.960298391158809067e-24,2.561901951211052701e-24,7.982299841754304237e-25,2.407830692320506117e-25,7.031633567701784801e-26,1.988011495269388455e-26,5.441441039743533931e-27,1.441920579248868362e-27,3.699143068653097531e-28,9.187414124095077267e-29,2.209112498853900689e-29,5.142505310975274334e-30,1.158948241487547655e-30,2.528632460311743092e-31,5.341211218444783734e-32,1.092260358871755037e-32,2.162444489391089754e-33,4.144728995546016162e-34,7.690944666197416243e-35,1.381642265311501962e-35,2.402945436160169716e-36,4.045987945679596220e-37,6.595346782211008004e-38,1.040837815668416061e-38,1.590233380656851787e-39,2.352182661330260293e-40,3.368321978187994349e-41,4.669695151043620725e-42,6.267521555210023209e-43,8.143957877458103982e-44
3.486364920935070642e-43,2.683077149965409582e-42,1.999060114385129351e-41,1.441952397577341267e-40,1.006951072376244426e-39,6.807665213701417063e-39,4.455745601254998973e-38,2.823416575685793438e-37,1.732055918828795640e-36,1.028682220807945231e-35,5.914702899429461553e-35,3.292433494443808583e-34,1.774326193023485669e-33,9.257256391453049632e-33,4.675881502578445600e-32,2.286530911319394279e-31,1.082487856668553297e-30,4.961367132663387659e-30,2.201466460372015791e-29,9.457038504240697012e-29,3.933060410958983916e-28,1.583574329107086317e-27,6.172749665346597633e-27,2.329438516965844058e-26,8.510522333013535484e-26,3.010187549613971741e-25,1.030773560911041429e-24,3.417160375265034523e-24,1.096730266532898192e-23,3.407741725669887846e-23,1.025099191403100229e-22,2.985365336429955804e-22,8.417080033270882004e-22,2.297512079236294448e-21,6.071367562805006398e-21,1.553272397135065637e-20,3.847167533325179130e-20,9.225012204484685032e-20,2.141534995219879754e-19,4.812999071251928239e-19,1.047221996866739576e-18,2.205942104065584845e-18,4.498646209301266364e-18,8.881819556499021249e-18,1.697674508489944272e-17,3.141516066902086362e-17,5.628031490623343336e-17,9.761265563398643238e-17,1.639034570054237340e-16,2.664418711939782095e-16,4.193235097825575784e-16,6.388932876613687102e-16,9.424098451075429342e-16,1.345809778130971097e-15,1.860629576784063468e-15,2.490396727905759478e-15,3.227078498825450251e-15,4.048395173120807258e-15,4.916869060656834712e-15,5.781316736034765054e-15,6.581081357077679560e-15,7.252706984650154408e-15,7.738118571291971013e-15,7.992874688993496310e-15,7.992874688993496310e-15,7.738118571291971013e-15,7.252706984650154408e-15,6.581081357077679560e-15,5.781316736034765054e-15,4.916869060656834712e-15,4.048395173120807258e-15,3.227078498825450251e-15,2.490396727905759478e-15,1.860629576784063468e-15,1.345809778130971097e-15,9.424098451075496395e-16,6.388932876613642729e-16,4.193235097825575784e-16,2.664418711939782095e-16,1.639034570054237340e-16,9.761265563398643238e-17,5.628031490623343336e-17,3.141516066902109165e-17,1.697674508489944272e-17,8.881819556499085960e-18,4.498646209301266364e-18,2.205942104065584845e-18,1.047221996866739576e-18,4.812999071251928239e-19,2.141534995219879754e-19,9.225012204484816236e-20,3.847167533325208018e-20,1.553272397135043669e-20,6.071367562805006398e-21,2.297512079236294448e-21,8.417080033270882004e-22,2.985365336429955804e-22,1.025099191403100229e-22,3.407741725669887846e-23,1.096730266532898192e-23,3.417160375265083747e-24,1.030773560911041429e-24,3.010187549613971741e-25,8.510522333013535484e-26,2.329438516965844058e-26,6.172749665346597633e-27,1.583574329107109097e-27,3.933060410959039071e-28,9.457038504240563608e-29,2.201466460372015791e-29,4.961367132663387659e-30,1.082487856668553297e-30,2.286530911319394279e-31,4.675881502578445600e-32,9.257256391453312375e-33,1.774326193023485669e-33,3.292433494443855624e-34,5.914702899429461553e-35,1.028682220807945231e-35,1.732055918828795640e-36,2.823416575685793438e-37,4.455745601254998973e-38,6.807665213701417063e-39,1.006951072376258456e-39,1.441952397577320876e-40,1.999060114385129351e-41,2.683077149965409582e-42,3.486364920935070642e-43
1.444561340636325678e-42,1.111722270239337324e-41,8.283025513216411135e-41,5.974672003122997232e-40,4.172261435779010038e-39,2.820728813743938170e-38,1.846220342750862306e-37,1.169871349168342282e-36,7.176704323566047723e-36,4.262303578882103590e-35,2.450733455513825075e-34,1.364206630846337906e-33,7.351849511590049312e-33,3.835707106605741917e-32,1.937432771727660598e-31,9.474149245902801029e-31,4.485245075929303321e-30,2.055722599063721533e-29,9.121688100590354819e-29,3.918486024828186131e-28,1.629647827725013548e-27,6.561476803864406207e-27,2.557654099386090728e-26,9.651935191269436746e-26,3.526300840474292451e-25,1.247259154119422753e-24,4.270968962832403739e-24,1.415886714331154806e-23,4.544257930733958408e-23,1.411984134597045504e-22,4.247457440058507033e-22,1.236974169509995981e-21,3.487583397851508110e-21,9.519649275324800979e-21,2.515646831275806579e-20,6.435921962457702446e-20,1.594058457914443168e-19,3.822346856886885895e-19,8.873364475238846122e-19,1.994246887094155368e-18,4.339122398386021067e-18,9.140232750966364526e-18,1.863996037859899770e-17,3.680146357824460901e-17,7.034246326946693293e-17,1.301674599231993045e-16,2.331952305514185491e-16,4.044541288233365931e-16,6.791274090813766292e-16,1.103991221178276762e-15,1.737450167119503425e-15,2.647228747070215616e-15,3.904837445737879418e-15,5.576308910361892587e-15,7.709444125389715574e-15,1.031885909124786670e-14,1.337127050186022942e-14,1.677436324462696039e-14,2.037285001161232017e-14,2.395465432978736537e-14,2.726844700315260267e-14,3.005130088957706294e-14,3.206258435605835201e-14,3.311815612570406944e-14,3.311815612570406944e-14,3.206258435605835201e-14,3.005130088957706294e-14,2.726844700315260267e-14,2.395465432978736537e-14,2.037285001161232017e-14,1.677436324462696039e-14,1.337127050186022942e-14,1.031885909124786670e-14,7.709444125389715574e-15,5.576308910361892587e-15,3.904837445737877840e-15,2.647228747070216799e-15,1.737450167119503425e-15,1.103991221178276762e-15,6.791274090813766292e-16,4.044541288233365931e-16,2.331952305514185491e-16,1.301674599231992552e-16,7.034246326946747527e-17,3.680146357824459668e-17,1.863996037859899770e-17,9.140232750966364526e-18,4.339122398386021067e-18,1.994246887094155368e-18,8.873364475238846122e-19,3.822346856886912377e-19,1.594058457914442687e-19,6.435921962457660317e-20,2.515646831275806579e-20,9.519649275324800979e-21,3.487583397851508110e-21,1.236974169509995981e-21,4.247457440058507033e-22,1.411984134597056318e-22,4.544257930733993673e-23,1.415886714331174789e-23,4.270968962832403739e-24,1.247259154119422753e-24,3.526300840474292451e-25,9.651935191269436746e-26,2.557654099386090728e-26,6.561476803864450690e-27,1.629647827725036507e-27,3.918486024828130527e-28,9.121688100590354819e-29,2.055722599063721533e-29,4.485245075929303321e-30,9.474149245902801029e-31,1.937432771727660598e-31,3.835707106605796108e-32,7.351849511590149209e-33,1.364206630846356380e-33,2.450733455513825075e-34,4.262303578882103590e-35,7.176704323566047723e-36,1.169871349168342282e-36,1.846220342750862306e-37,2.820728813743938170e-38,4.172261435779069418e-39,5.974672003122828390e-40,8.283025513216411135e-41,1.111722270239337324e-41,1.444561340636325678e-42
5.793179346022763957e-42,4.458382149163068389e-41,3.321773259182444616e-40,2.396045461974355847e-39,1.673217889474677931e-38,1.131207616099897771e-37,7.403967735368161000e-37,4.691579614418144447e-36,2.878101060179388862e-35,1.709327832958769417e-34,9.828269688316388714e-34,5.470929793846630064e-33,2.948340201797908505e-32,1.538248225415810063e-31,7.769760412206668234e-31,3.799454144904992289e-30,1.798734910369269889e-29,8.244142610657311235e-29,3.658105309804579324e-28,1.571445370171264477e-27,6.535438732362039921e-27,2.631374025474813788e-26,1.025705761744062235e-25,3.870752319495285700e-25,1.414165852444855746e-24,5.001930875153877987e-24,1.712802944877794190e-23,5.678184400364861643e-23,1.822401060223022335e-22,5.662533736266452084e-22,1.703374029379661980e-21,4.960684609773933410e-21,1.398638849013177884e-20,3.817701194945392445e-20,1.008859427071133619e-19,2.581022289375460526e-19,6.392713327545558893e-19,1.532890313601922124e-18,3.558519140837784827e-18,7.997604222258262164e-18,1.740134776632048075e-17,3.665542341553649027e-17,7.475254282273413166e-17,1.475863106034557617e-16,2.820970587386327862e-16,5.220155206556735430e-16,9.351917119880961326e-16,1.621997792410035080e-15,2.723530506413220064e-15,4.427378028753859433e-15,6.967762558609530672e-15,1.061628223760272291e-14,1.565971828531729474e-14,2.236288394117025021e-14,3.091747731311359980e-14,4.138211350416195835e-14,5.362331520469651090e-14,6.727086760376047639e-14,8.170201609777530635e-14,9.606626233214196281e-14,1.093556912627852186e-13,1.205158761606670464e-13,1.285818028259092814e-13,1.328150024846116047e-13,1.328150024846116047e-13,1.285818028259092814e-13,1.205158761606670464e-13,1.093556912627852186e-13,9.606626233214196281e-14,8.170201609777530635e-14,6.727086760376047639e-14,5.362331520469651090e-14,4.138211350416195835e-14,3.091747731311359980e-14,2.236288394117033856e-14,1.565971828531728843e-14,1.061628223760272764e-14,6.967762558609530672e-15,4.427378028753859433e-15,2.723530506413220064e-15,1.621997792410035080e-15,9.351917119880961326e-16,5.220155206556733458e-16,2.820970587386349556e-16,1.475863106034557124e-16,7.475254282273413166e-17,3.665542341553649027e-17,1.740134776632048075e-17,7.997604222258263705e-18,3.558519140837784827e-18,1.532890313601932139e-18,6.392713327545603189e-19,2.581022289375442711e-19,1.008859427071133619e-19,3.817701194945392445e-20,1.398638849013177884e-20,4.960684609773933410e-21,1.703374029379661980e-21,5.662533736266452084e-22,1.822401060223036206e-22,5.678184400364943927e-23,1.712802944877794190e-23,5.001930875153877987e-24,1.414165852444855746e-24,3.870752319495285700e-25,1.025705761744062235e-25,2.631374025474831007e-26,6.535438732362133192e-27,1.571445370171241877e-27,3.658105309804579324e-28,8.244142610657311235e-29,1.798734910369269889e-29,3.799454144904992289e-30,7.769760412206668234e-31,1.538248225415853635e-31,2.948340201797953390e-32,5.470929793846790174e-33,9.828269688316388714e-34,1.709327832958769417e-34,2.878101060179388862e-35,4.691579614418144447e-36,7.403967735368161000e-37,1.131207616099897771e-37,1.673217889474701683e-38,2.396045461974321263e-39,3.321773259182444616e-40,4.458382149163068389e-41,5.793179346022763957e-42
2.248573858314607505e-41,1.730483548358832916e-40,1.289318363494836888e-39,9.300049018554435188e-39,6.494454565989053482e-38,4.390687258171732847e-37,2.873787829300182045e-36,1.820997183942655423e-35,1.117110729525377569e-34,6.634612275760692451e-34,3.814760250567124545e-33,2.123495403877613566e-32,1.144373461824920311e-31,5.970581162213573566e-31,3.015767181495953934e-30,1.474726183294094182e-29,6.981638330031973900e-29,3.199894643563608858e-28,1.419862821308228282e-27,6.099433088607061518e-27,2.536675598744391718e-26,1.021345705306505204e-25,3.981190680319205836e-25,1.502399970338061699e-24,5.488965863471433785e-24,1.941457416589263664e-23,6.648100630512262338e-23,2.203939536951455984e-22,7.073496501011280852e-22,2.197864863261074322e-21,6.611503087720992728e-21,1.925448025450679800e-20,5.428699105049088515e-20,1.481808622359352890e-19,3.915803048603690379e-19,1.001802102260366285e-18,2.481277932796410233e-18,5.949784877962232001e-18,1.381209287071921710e-17,3.104202840822195717e-17,6.754186837604506601e-17,1.422749442656457246e-16,2.901457103155969442e-16,5.728438566222909250e-16,1.094936016822278283e-15,2.026159356151608624e-15,3.629868005955286415e-15,6.295648065446323309e-15,1.057115468597988570e-14,1.718449559682117837e-14,2.704478457237635434e-14,4.120620696535435557e-14,6.078187996908787004e-14,8.679965390880033894e-14,1.200035888739228844e-13,1.606211944588745834e-13,2.081343897081727574e-13,2.611062169580609518e-13,3.171195065714328576e-13,3.728731206886362905e-13,4.244549218042696838e-13,4.677722412181121433e-13,4.990794574447217570e-13,5.155102660232947790e-13,5.155102660232947790e-13,4.990794574447217570e-13,4.677722412181121433e-13,4.244549218042696838e-13,3.728731206886362905e-13,3.171195065714328576e-13,2.611062169580609518e-13,2.081343897081727574e-13,1.606211944588745834e-13,1.200035888739228844e-13,8.679965390880066711e-14,6.078187996908787004e-14,4.120620696535435557e-14,2.704478457237635434e-14,1.718449559682117837e-14,1.057115468597988570e-14,6.295648065446324886e-15,3.629868005955287204e-15,2.026159356151609018e-15,1.094936016822286368e-15,5.728438566222911222e-16,2.901457103155970428e-16,1.422749442656457739e-16,6.754186837604506601e-17,3.104202840822196949e-17,1.381209287071922018e-17,5.949784877962275913e-18,2.481277932796411004e-18,1.001802102260359544e-18,3.915803048603691823e-19,1.481808622359353131e-19,5.428699105049088515e-20,1.925448025450680101e-20,6.611503087720994232e-21,2.197864863261089744e-21,7.073496501011331633e-22,2.203939536951486547e-22,6.648100630512262338e-23,1.941457416589263664e-23,5.488965863471433785e-24,1.502399970338061699e-24,3.981190680319205836e-25,1.021345705306512322e-25,2.536675598744428165e-26,6.099433088606976857e-27,1.419862821308228282e-27,3.199894643563608858e-28,6.981638330031973900e-29,1.474726183294094182e-29,3.015767181495953934e-30,5.970581162213657644e-31,1.144373461824936514e-31,2.123495403877643672e-32,3.814760250567124545e-33,6.634612275760692451e-34,1.117110729525377569e-34,1.820997183942655423e-35,2.873787829300182045e-36,4.390687258171732847e-37,6.494454565989144314e-38,9.300049018554171566e-39,1.289318363494836888e-39,1.730483548358832916e-40,2.248573858314607505e-41
8.446896426852305021e-41,6.500660517469098465e-40,4.843398244362151569e-39,3.493616655459114134e-38,2.439679037669045969e-37,1.649386804677849082e-36,1.079554850159205157e-35,6.840680171334262141e-35,4.196490408680196762e-34,2.492330083730445525e-33,1.433036527159749758e-32,7.977032052171740411e-32,4.298904423321390766e-31,2.242882994429851625e-30,1.132890206625912949e-29,5.539893333808168709e-29,2.622692407699021804e-28,1.202058741858748169e-27,5.333795973648134968e-27,2.291286958241028790e-26,9.529167108247808043e-26,3.836743612771909554e-25,1.495557070889900945e-24,5.643851499129177098e-24,2.061961450268893717e-23,7.293195931471714715e-23,2.497397061412048921e-22,8.279225043391507187e-22,2.657199455504151468e-21,8.256405183905975828e-21,2.483648984946069308e-20,7.233055737141631705e-20,2.039321897447745910e-19,5.566498921617762707e-19,1.470993832699802053e-18,3.763326949081803977e-18,9.321062604665833263e-18,2.235070751194658757e-17,5.188591759422052246e-17,1.166111568335109941e-16,2.537248952436764863e-16,5.344639731998285705e-16,1.089948971286329292e-15,2.151920742009316224e-15,4.113189830935922049e-15,7.611383616519738540e-15,1.363580696985906048e-14,2.364996237597345770e-14,3.971114776351413277e-14,6.455454150073932646e-14,1.015952815268536186e-13,1.547934754701257348e-13,2.283306117919027981e-13,3.260678690820563942e-13,4.508003516630611697e-13,6.033827123509977818e-13,7.818687503770965809e-13,9.808604520133937396e-13,1.191277581138104603e-12,1.400719224395355277e-12,1.594489213281033743e-12,1.757213203522502363e-12,1.874820553577463048e-12,1.936543826646496479e-12,1.936543826646496479e-12,1.874820553577463048e-12,1.757213203522502363e-12,1.594489213281033743e-12,1.400719224395355277e-12,1.191277581138104603e-12,9.808604520133937396e-13,7.818687503770965809e-13,6.033827123509977818e-13,4.508003516630611697e-13,3.260678690820575050e-13,2.283306117919027981e-13,1.547934754701257348e-13,1.015952815268536438e-13,6.455454150073935170e-14,3.971114776351413908e-14,2.364996237597346717e-14,1.363580696985906679e-14,7.611383616519744851e-15,4.113189830935954392e-15,2.151920742009318591e-15,1.089948971286330870e-15,5.344639731998293593e-16,2.537248952436768807e-16,1.166111568335111913e-16,5.188591759422060874e-17,2.235070751194678787e-17,9.321062604665844048e-18,3.763326949081782406e-18,1.470993832699804171e-18,5.566498921617769448e-19,2.039321897447748317e-19,7.233055737141636520e-20,2.483648984946070812e-20,8.256405183906043536e-21,2.657199455504171404e-21,8.279225043391626617e-22,2.497397061412049861e-22,7.293195931471717066e-23,2.061961450268893717e-23,5.643851499129177098e-24,1.495557070889900945e-24,3.836743612771937104e-25,9.529167108247941205e-26,2.291286958240995787e-26,5.333795973648134968e-27,1.202058741858748169e-27,2.622692407699021804e-28,5.539893333808168709e-29,1.132890206625912949e-29,2.242882994429880702e-30,4.298904423321451197e-31,7.977032052171847698e-32,1.433036527159749758e-32,2.492330083730445525e-33,4.196490408680196762e-34,6.840680171334262141e-35,1.079554850159205157e-35,1.649386804677849082e-36,2.439679037669081049e-37,3.493616655459011817e-38,4.843398244362151569e-39,6.500660517469098465e-40,8.446896426852305021e-41
3.070978945274553489e-40,2.363399593259183400e-39,1.760880361304325698e-38,1.270149727143450834e-37,8.869770125382322687e-37,5.996560030826569537e-36,3.924861922739859942e-35,2.487018156247638835e-34,1.525688612463087468e-33,9.061189844212256492e-33,5.209990486833640505e-32,2.900153646980194942e-31,1.562922558136238259e-30,8.154292540763566782e-30,4.118769540959532583e-29,2.014100200531498258e-28,9.535139010786347741e-28,4.370240737765331116e-27,1.939170827452365203e-26,8.330271440255470605e-26,3.464452513280916827e-25,1.394897990673004160e-24,5.437292046767644189e-24,2.051895542247202937e-23,7.496528760094300985e-23,2.651536140316815304e-22,9.079611499918666183e-22,3.010019835287592746e-21,9.660593866532331447e-21,3.001723378876524244e-20,9.029628581659085806e-20,2.629671391275344832e-19,7.414219724288901674e-19,2.023773007662162501e-18,5.347989202861852167e-18,1.368206408696469606e-17,3.388793417132248961e-17,8.125890115448731121e-17,1.886379948753341769e-16,4.239550117856389717e-16,9.224498227637058106e-16,1.943113216691947634e-15,3.962651100590475413e-15,7.823587453496082689e-15,1.495403605111894816e-14,2.767217407382165738e-14,4.957474791942032051e-14,8.598251102294517351e-14,1.443750373057248895e-13,2.346964231032956114e-13,3.693628461175236731e-13,5.627717921619840315e-13,8.301256058325969142e-13,1.185462103570139675e-12,1.638943250302793684e-12,2.193676247387212160e-12,2.842585429061509003e-12,3.566045615061626520e-12,4.331044427184990945e-12,5.092496733693747086e-12,5.796972704539474336e-12,6.388576913552884256e-12,6.816153715229033140e-12,7.040556694086289259e-12,7.040556694086289259e-12,6.816153715229033140e-12,6.388576913552884256e-12,5.796972704539474336e-12,5.092496733693747086e-12,4.331044427184990945e-12,3.566045615061626520e-12,2.842585429061509003e-12,2.193676247387212564e-12,1.638943250302794088e-12,1.185462103570144118e-12,8.301256058325972171e-13,5.627717921619843344e-13,3.693628461175239760e-13,2.346964231032958639e-13,1.443750373057250915e-13,8.598251102294536284e-14,4.957474791942045935e-14,2.767217407382185617e-14,1.495403605111912171e-14,7.823587453496125287e-15,3.962651100590499078e-15,1.943113216691960650e-15,9.224498227637127131e-16,4.239550117856423737e-16,1.886379948753357546e-16,8.125890115448855613e-17,3.388793417132301347e-17,1.368206408696470068e-17,5.347989202861888375e-18,2.023773007662174442e-18,7.414219724288939230e-19,2.629671391275356388e-19,9.029628581659115899e-20,3.001723378876530263e-20,9.660593866532420221e-21,3.010019835287639765e-21,9.079611499918675587e-22,2.651536140316817655e-22,7.496528760094304512e-23,2.051895542247203524e-23,5.437292046767644924e-24,1.394897990673014262e-24,3.464452513280965500e-25,8.330271440255353515e-26,1.939170827452365203e-26,4.370240737765331116e-27,9.535139010786347741e-28,2.014100200531498258e-28,4.118769540959532583e-29,8.154292540763807806e-30,1.562922558136260329e-30,2.900153646980279896e-31,5.209990486833640505e-32,9.061189844212256492e-33,1.525688612463087468e-33,2.487018156247638835e-34,3.924861922739859942e-35,5.996560030826569537e-36,8.869770125382449643e-37,1.270149727143434129e-37,1.760880361304325698e-38,2.363399593259183400e-39,3.070978945274553489e-40
1.080525736266821732e-39,8.315635278218349701e-39,6.195667840067329819e-38,4.469029236434837218e-37,3.120833801219485931e-36,2.109893150634315152e-35,1.380964960811506631e-34,8.750587914395948722e-34,5.368144297544747387e-33,3.188184941136228025e-32,1.833138196988114206e-31,1.020420755248786827e-30,5.499152152953546482e-30,2.869092595018064274e-29,1.449191469582275592e-28,7.086623323950699204e-28,3.354944232323709677e-27,1.537671757112932284e-26,6.822983886959801946e-26,2.931010873628702375e-25,1.218969641076325556e-24,4.907956730567219930e-24,1.913114383663104009e-23,7.219606454615514002e-23,2.637658024458405440e-22,9.329445402621436827e-22,3.194666611460319468e-21,1.059077237799513744e-20,3.399085596621138695e-20,1.056158124763662748e-19,3.177080092465682899e-19,9.252514155363369980e-19,2.608697542117153826e-18,7.120657152358230559e-18,1.881693125855229776e-17,4.814042243423959563e-17,1.192348943888832105e-16,2.859099185075489357e-16,6.637238871800259429e-16,1.491688186135474671e-15,3.245645091265300836e-15,6.836855206534588181e-15,1.394261105118459947e-14,2.752733816832096801e-14,5.261586322224421858e-14,9.736470616716124095e-14,1.744290402195652497e-13,3.025299674297545701e-13,5.079844123430489865e-13,8.257807360193541382e-13,1.299605332250370830e-12,1.980115838995624406e-12,2.920801794543107335e-12,4.171055338062609574e-12,5.766631402530262732e-12,7.718462694074821014e-12,1.000165344136999304e-11,1.254715233298682911e-11,1.523880512332836631e-11,1.791797951294268307e-11,2.039668233261409617e-11,2.247824519876917900e-11,2.398267667379652234e-11,2.477223986609162690e-11,2.477223986609162690e-11,2.398267667379652234e-11,2.247824519876917900e-11,2.039668233261409617e-11,1.791797951294268307e-11,1.523880512332836631e-11,1.254715233298683234e-11,1.000165344136999627e-11,7.718462694074822629e-12,5.766631402530265963e-12,4.171055338062628154e-12,2.920801794543111374e-12,1.980115838995628445e-12,1.299605332250375071e-12,8.257807360193580762e-13,5.079844123430526216e-13,3.025299674297573469e-13,1.744290402195674207e-13,9.736470616716318470e-14,5.261586322224563222e-14,2.752733816832183575e-14,1.394261105118498601e-14,6.836855206534801962e-15,3.245645091265412065e-15,1.491688186135528905e-15,6.637238871800507920e-16,2.859099185075616561e-16,1.192348943888875246e-16,4.814042243424089602e-17,1.881693125855287400e-17,7.120657152358423152e-18,2.608697542117214686e-18,9.252514155363547166e-19,3.177080092465732492e-19,1.056158124763682850e-19,3.399085596621192862e-20,1.059077237799535711e-20,3.194666611460334514e-21,9.329445402621466920e-22,2.637658024458411553e-22,7.219606454615524581e-23,1.913114383663106066e-23,4.907956730567256664e-24,1.218969641076343005e-24,2.931010873628662426e-25,6.822983886959801946e-26,1.537671757112932284e-26,3.354944232323709677e-27,7.086623323950699204e-28,1.449191469582275592e-28,2.869092595018104631e-29,5.499152152953624955e-30,1.020420755248801366e-30,1.833138196988114206e-31,3.188184941136228025e-32,5.368144297544747387e-33,8.750587914395948722e-34,1.380964960811506631e-34,2.109893150634315152e-35,3.120833801219530700e-36,4.469029236434710261e-37,6.195667840067329819e-38,8.315635278218349701e-39,1.080525736266821732e-39
3.679255722121455220e-39,2.831524289848546682e-38,2.109662508520071112e-37,1.521731582932018019e-36,1.062662853417813604e-35,7.184314252760517784e-35,4.702269518974576793e-34,2.979628302718955011e-33,1.827885719053178509e-32,1.085596325394740757e-31,6.241946836000618983e-31,3.474594613259168332e-30,1.872494689064483610e-29,9.769434445853687477e-29,4.934584922828282209e-28,2.413038259065292158e-27,1.142378876307233836e-26,5.235865672805469508e-26,2.323267430424290282e-25,9.980269943089682198e-25,4.150665621827400630e-24,1.671189059064205566e-23,6.514270606347905895e-23,2.458319822291579106e-22,8.981385684544027615e-22,3.176732791243636881e-21,1.087803373485157500e-20,3.606222282872357717e-20,1.157409278797669534e-19,3.596282525789123755e-19,1.081815057013699046e-18,3.150537234563783033e-18,8.882773484211204806e-18,2.424626984230354285e-17,6.407279316177165539e-17,1.639210606111686459e-16,4.060020531972954688e-16,9.735406278378767424e-16,2.260020125252081259e-15,5.079288822329996887e-15,1.105161855308603468e-14,2.327990698941282145e-14,4.747543697443006885e-14,9.373225742913553544e-14,1.791602081627784351e-13,3.315327347369582773e-13,5.939414701488581710e-13,1.030132903289115111e-12,1.729717759725951412e-12,2.811833532733771343e-12,4.425235045027208468e-12,6.742414628881181910e-12,9.945507409091217189e-12,1.420269661773480657e-11,1.963572997199360314e-11,2.628183399987374589e-11,3.405623708878471593e-11,4.272381533175442743e-11,5.188905647172378338e-11,6.101180789975238008e-11,6.945194146308908412e-11,7.653978937749126787e-11,8.166246987204190259e-11,8.435098046991521373e-11,8.435098046991521373e-11,8.166246987204190259e-11,7.653978937749126787e-11,6.945194146308909704e-11,6.101180789975239301e-11,5.188905647172379631e-11,4.272381533175444682e-11,3.405623708878474824e-11,2.628183399987378467e-11,1.963572997199365161e-11,1.420269661773491481e-11,9.945507409091280197e-12,6.742414628881248957e-12,4.425235045027274707e-12,2.811833532733832736e-12,1.729717759726004524e-12,1.030132903289158126e-12,5.939414701488908866e-13,3.315327347369828645e-13,1.791602081627953735e-13,9.373225742914612511e-14,4.747543697443588749e-14,2.327990698941605263e-14,1.105161855308771180e-14,5.079288822330814936e-15,2.260020125252456757e-15,9.735406278380447697e-16,4.060020531973633601e-16,1.639210606111921145e-16,6.407279316178039449e-17,2.424626984230646101e-17,8.882773484212116926e-18,3.150537234564050737e-18,1.081815057013773002e-18,3.596282525789315385e-19,1.157409278797724182e-19,3.606222282872515402e-20,1.087803373485180220e-20,3.176732791243682396e-21,8.981385684544110370e-22,2.458319822291594153e-22,6.514270606347930581e-23,1.671189059064221141e-23,4.150665621827466017e-24,9.980269943089544445e-25,2.323267430424291201e-25,5.235865672805470655e-26,1.142378876307233979e-26,2.413038259065292158e-27,4.934584922828282209e-28,9.769434445853965494e-29,1.872494689064509674e-29,3.474594613259267824e-30,6.241946836000618983e-31,1.085596325394740757e-31,1.827885719053178509e-32,2.979628302718955011e-33,4.702269518974576793e-34,7.184314252760517784e-35,1.062662853417828572e-35,1.521731582931996637e-36,2.109662508520071112e-37,2.831524289848546682e-38,3.679255722121455220e-39
1.212378741237279657e-38,9.330364925898566834e-38,6.951704827519496522e-37,5.014370188849925878e-36,3.501658894868669999e-35,2.367356478660982648e-34,1.549479577104685232e-33,9.818393403007062777e-33,6.023201306359500377e-32,3.577228673072445716e-31,2.056830027442881315e-30,1.144939346891616872e-29,6.170195619869766399e-29,3.219198536500428507e-28,1.626031542547268291e-27,7.951380681406087845e-27,3.764337052589633935e-26,1.725308788817541606e-25,7.655570190242922813e-25,3.288672499185393438e-24,1.367716500821631078e-23,5.506858562767975278e-23,2.146565445374693195e-22,8.100591306521073763e-22,2.959522765793360457e-21,1.046788696838502816e-20,3.584501280327306414e-20,1.188312952982141473e-19,3.813864842522993166e-19,1.185037630174781338e-18,3.564768736209359313e-18,1.038156805382146557e-17,2.927028330956649856e-17,7.989567546058441818e-17,2.111309954727318094e-16,5.401483999363248272e-16,1.337847367432417218e-15,3.207985663581078139e-15,7.447159321244780924e-15,1.673713993776511333e-14,3.641700496506726440e-14,7.671134181364025100e-14,1.564398206210057135e-13,3.088640878969377383e-13,5.903640411462178239e-13,1.092458013186383038e-12,1.957140428207279857e-12,3.394467052365232174e-12,5.699720809357419216e-12,9.265480457060725734e-12,1.458191900419375316e-11,2.221742868133504493e-11,3.277217639726193176e-11,4.680035514806697821e-11,6.470314483330905071e-11,8.660321333631401122e-11,1.122212234521488164e-10,1.407824010202251482e-10,1.709834643755199099e-10,2.010445167411774881e-10,2.288562245381349781e-10,2.522119159647404910e-10,2.690920390081124114e-10,2.779511489494385509e-10,2.779511489494385509e-10,2.690920390081124114e-10,2.522119159647405427e-10,2.288562245381350815e-10,2.010445167411775915e-10,1.709834643755200909e-10,1.407824010202254325e-10,1.122212234521492041e-10,8.660321333631456699e-11,6.470314483330976157e-11,4.680035514806797341e-11,3.277217639726284295e-11,2.221742868133600136e-11,1.458191900419469666e-11,9.265480457061596535e-12,5.699720809358169656e-12,3.394467052365841654e-12,1.957140428207743935e-12,1.092458013186718272e-12,5.903640411464442081e-13,3.088640878970796575e-13,1.564398206210882347e-13,7.671134181368596707e-14,3.641700496509104382e-14,1.673713993777671905e-14,7.447159321250094691e-15,3.207985663583384769e-15,1.337847367433338805e-15,5.401483999366697566e-16,2.111309954728557098e-16,7.989567546062572244e-17,2.927028330957942232e-17,1.038156805382526196e-17,3.564768736210405478e-18,1.185037630175060021e-18,3.813864842523677835e-19,1.188312952982308066e-19,3.584501280327625998e-20,1.046788696838567063e-20,2.959522765793481580e-21,8.100591306521286293e-22,2.146565445374727990e-22,5.506858562768071669e-23,1.367716500821658115e-23,3.288672499185357439e-24,7.655570190242937507e-25,1.725308788817543443e-25,3.764337052589635083e-26,7.951380681406089280e-27,1.626031542547269009e-27,3.219198536500474246e-28,6.170195619869853840e-29,1.144939346891632987e-29,2.056830027442881315e-30,3.577228673072445716e-31,6.023201306359500377e-32,9.818393403007062777e-33,1.549479577104685232e-33,2.367356478660982648e-34,3.501658894868720781e-35,5.014370188849784222e-36,6.951704827519496522e-37,9.330364925898566834e-38,1.212378741237279657e-38
3.865946454226962669e-38,2.975199908661351476e-37,2.216709821334755393e-36,1.598946434179661972e-35,1.116583896441022515e-34,7.548856700696180978e-34,4.940869443893172240e-33,3.130818932359660764e-32,1.920635271916105410e-31,1.140681045801743847e-30,6.558672204550073675e-30,3.650900546064833353e-29,1.967507765286171710e-28,1.026514961400230039e-27,5.184972865786599774e-27,2.535479294211279872e-26,1.200344825093389408e-25,5.501541034750281301e-25,2.441153364488341489e-24,1.048668320789305044e-23,4.361276370899549465e-23,1.755987597814173773e-22,6.844814075050060758e-22,2.583058509144362684e-21,9.437114124045472974e-21,3.337924786389543543e-20,1.143000082689608755e-19,3.789207193129242458e-19,1.216137891844391701e-18,3.778763078462039102e-18,1.136707910419431647e-17,3.310400029451857393e-17,9.333498198702804310e-17,2.547656047974728790e-16,6.732393892788240325e-16,1.722386512121720691e-15,4.266031818690544627e-15,1.022939480832166793e-14,2.374696799998980137e-14,5.337019249468992237e-14,1.161239358870558809e-13,2.446116298449622271e-13,4.988440899355169507e-13,9.848836711081174806e-13,1.882510550492767139e-12,3.483551829818129036e-12,6.240789153998661381e-12,1.082403329811709435e-11,1.817486129007139827e-11,2.954510014183153438e-11,4.649777841910753418e-11,7.084534453729536742e-11,1.045015677287425210e-10,1.492336189073954113e-10,2.063207517894846142e-10,2.761541209313058216e-10,3.578429958703285042e-10,4.489168322815208072e-10,5.452198189811488488e-10,6.410763486698364971e-10,7.297603295798921231e-10,8.042352847944302037e-10,8.580614115704904949e-10,8.863107065311764029e-10,8.863107065311764029e-10,8.580614115704907017e-10,8.042352847944306173e-10,7.297603295798929503e-10,6.410763486698379447e-10,5.452198189811513304e-10,4.489168322815245812e-10,3.578429958703338809e-10,2.761541209313131628e-10,2.063207517894938683e-10,1.492336189074069401e-10,1.045015677287547607e-10,7.084534453730816287e-11,4.649777841912010345e-11,2.954510014184310198e-11,1.817486129008139552e-11,1.082403329812520136e-11,6.240789154004830500e-12,3.483551829822548070e-12,1.882510550495734165e-12,9.848836711099826760e-13,4.988440899366139344e-13,2.446116298455700917e-13,1.161239358873719553e-13,5.337019249484417308e-14,2.374696800006044545e-14,1.022939480835210850e-14,4.266031818702790115e-15,1.722386512126345191e-15,6.732393892804715685e-16,2.547656047980221234e-16,9.333498198719991617e-17,3.310400029456904870e-17,1.136707910420822477e-17,3.778763078465666784e-18,1.216137891845273585e-18,3.789207193131286833e-19,1.143000082690034144e-19,3.337924786390396971e-20,9.437114124047079921e-21,2.583058509144646683e-21,6.844814075050530955e-22,1.755987597814259584e-22,4.361276370899718736e-23,1.048668320789304750e-23,2.441153364488360224e-24,5.501541034750304260e-25,1.200344825093392163e-25,2.535479294211282742e-26,5.184972865786602644e-27,1.026514961400243312e-27,1.967507765286199736e-28,3.650900546064880997e-29,6.558672204550073675e-30,1.140681045801743847e-30,1.920635271916105410e-31,3.130818932359660764e-32,4.940869443893172240e-33,7.548856700696180978e-34,1.116583896441038124e-34,1.598946434179614130e-35,2.216709821334755393e-36,2.975199908661351476e-37,3.865946454226962669e-38
1.192880432703268633e-37,9.180307581710542550e-37,6.839902730572450413e-36,4.933725639650585823e-35,3.445342808821718590e-34,2.329283024004548857e-33,1.524559781141664995e-32,9.660487249287511115e-32,5.926332041467900014e-31,3.519697221891525727e-30,2.023750672689290442e-29,1.126525645068011033e-28,6.070962291356726120e-28,3.167425172153191242e-27,1.599880585239764934e-26,7.823501110011416600e-26,3.703796395795785138e-25,1.697561186573647220e-24,7.532448046562969325e-24,3.235781806800773434e-23,1.345719943629559055e-22,5.418293476910043146e-22,2.112042903928899722e-21,7.970312027257824628e-21,2.911925685740654679e-20,1.029953521256289590e-19,3.526852866075953692e-19,1.169201687002203878e-18,3.752527645756708878e-18,1.165979040188305157e-17,3.507437674300377189e-17,1.021460453813521524e-16,2.879953848747781807e-16,7.861073827249593125e-16,2.077354416323378575e-15,5.314613619688307578e-15,1.316331186181177306e-14,3.156392632365970243e-14,7.327388984460961717e-14,1.646796174502443918e-13,3.583132165131265201e-13,7.547761726877245937e-13,1.539238478595889166e-12,3.038967232640472174e-12,5.808694007090989895e-12,1.074888352256975401e-11,1.925664350133996901e-11,3.339874899233276341e-11,5.608053980240011296e-11,9.116466629514352631e-11,1.434740255641145986e-10,2.186011271683787249e-10,3.224511172267622079e-10,4.604767965719929972e-10,6.366254436897467147e-10,8.521040091208350776e-10,1.104164045745914840e-09,1.385182416466865925e-09,1.682335907352038090e-09,1.978111805870891300e-09,2.251756013762511974e-09,2.481556705142339135e-09,2.647643158122472667e-09,2.734809474560767330e-09,2.734809474560768157e-09,2.647643158122475562e-09,2.481556705142344925e-09,2.251756013762522727e-09,1.978111805870910739e-09,1.682335907352068489e-09,1.385182416466913488e-09,1.104164045745982669e-09,8.521040091209262742e-10,6.366254436898623132e-10,4.604767965721317567e-10,3.224511172269150295e-10,2.186011271685384483e-10,1.434740255642712976e-10,9.116466629528780470e-11,5.608053980252479105e-11,3.339874899243386685e-11,1.925664350141692588e-11,1.074888352262475668e-11,5.808694007127876981e-12,3.038967232663672813e-12,1.539238478609574199e-12,7.547761726953074529e-13,3.583132165170696129e-13,1.646796174521686571e-13,7.327388984549091995e-14,3.156392632403872801e-14,1.316331186196462433e-14,5.314613619746113728e-15,2.077354416343929585e-15,7.861073827318112598e-16,2.879953848769222554e-16,1.021460453819818237e-16,3.507437674317730896e-17,1.165979040192801818e-17,3.752527645767629671e-18,1.169201687004702387e-18,3.526852866081260111e-19,1.029953521257354268e-19,2.911925685742659451e-20,7.970312027261366533e-21,2.112042903929487281e-21,5.418293476910996707e-22,1.345719943629711164e-22,3.235781806800909791e-23,7.532448046563205893e-24,1.697561186573675505e-24,3.703796395795818199e-25,7.823501110011451038e-26,1.599880585239768665e-26,3.167425172153239312e-27,6.070962291356814906e-28,1.126525645068027176e-28,2.023750672689290442e-29,3.519697221891525727e-30,5.926332041467900014e-31,9.660487249287511115e-32,1.524559781141664995e-32,2.329283024004548857e-33,3.445342808821768196e-34,4.933725639650445770e-35,6.839902730572450413e-36,9.180307581710542550e-37,1.192880432703268633e-37
3.561594293673029432e-37,2.740973043131208902e-36,2.042196172107489315e-35,1.473067090630943252e-34,1.028679233159930282e-33,6.954562166674165062e-33,4.551892434493680085e-32,2.884340736748609439e-31,1.769430514797803607e-30,1.050879299993007783e-29,6.042331360346892662e-29,3.363478182015419243e-28,1.812612904128241753e-27,9.457011037738524055e-27,4.776778465579570307e-26,2.335870062585940139e-25,1.105845962977112273e-24,5.068424352942234345e-24,2.248970076508969769e-23,9.661104082792336205e-23,4.017928654635978399e-22,1.617744964185271917e-21,6.305946303083466620e-21,2.379703535814164162e-20,8.694163825314141395e-20,3.075141886384965464e-19,1.053015767387066657e-18,3.490896440595557361e-18,1.120395697973691593e-17,3.481274553784240467e-17,1.047218955372826807e-16,3.049784055280809622e-16,8.598705211801627480e-16,2.347088184004028372e-15,6.202376560362483408e-15,1.586789171993010422e-14,3.930182365941230834e-14,9.424071080242664578e-14,2.187745400051380733e-13,4.916854780372999860e-13,1.069819130479633612e-12,2.253542296400183305e-12,4.595718759126270184e-12,9.073472963173339764e-12,1.734307216563609128e-11,3.209304232661806874e-11,5.749474107328975647e-11,9.971895804958680098e-11,1.674401935604690911e-10,2.721911990169737395e-10,4.283717434960727965e-10,6.526794352297504801e-10,9.627453243580918887e-10,1.374849889458793499e-09,1.900778556920534712e-09,2.544134930290705411e-09,3.296712945232637176e-09,4.135752129829607917e-09,5.022966094001416554e-09,5.906066967727295213e-09,6.723089045216519880e-09,7.409207124331751194e-09,7.905093004402670641e-09,8.165346292759155595e-09,8.165346292759165521e-09,7.905093004402703728e-09,7.409207124331819023e-09,6.723089045216648921e-09,5.906066967727516897e-09,5.022966094001778859e-09,4.135752129830161301e-09,3.296712945233430442e-09,2.544134930291774542e-09,1.900778556921887152e-09,1.374849889460403606e-09,9.627453243598800464e-10,6.526794352316202185e-10,4.283717434979070695e-10,2.721911990186627390e-10,1.674401935619285996e-10,9.971895805077043181e-11,5.749474107419060140e-11,3.209304232726165403e-11,1.734307216606754675e-11,9.073472963444756787e-12,4.595718759286477458e-12,2.253542296488951336e-12,1.069819130525792956e-12,4.916854780598262184e-13,2.187745400154548845e-13,9.424071080686171014e-14,3.930182366120117981e-14,1.586789172060714251e-14,6.202376560603058374e-15,2.347088184084242116e-15,8.598705212052627243e-16,3.049784055354518812e-16,1.047218955393141208e-16,3.481274553836806953e-17,1.120395697986452959e-17,3.490896440624660474e-18,1.053015767393277974e-18,3.075141886397428157e-19,8.694163825337606444e-20,2.379703535818310629e-20,6.305946303090343544e-21,1.617744964186353748e-21,4.017928654637597760e-22,9.661104082794340423e-23,2.248970076509245717e-23,5.068424352942567157e-24,1.105845962977149925e-24,2.335870062585979628e-25,4.776778465579609337e-26,9.457011037738694811e-27,1.812612904128270810e-27,3.363478182015469017e-28,6.042331360346894904e-29,1.050879299993007923e-29,1.769430514797803607e-30,2.884340736748609439e-31,4.551892434493680085e-32,6.954562166674165062e-33,1.028679233159944822e-33,1.473067090630901343e-34,2.042196172107489315e-35,2.740973043131208902e-36,3.561594293673029432e-37
1.028915401482626886e-36,7.918446478130267579e-36,5.899737367793426820e-35,4.255570095841259011e-34,2.971769996554128140e-33,2.009116012054223685e-32,1.315004418123308445e-31,8.332623994923893530e-31,5.111739739034779131e-30,3.035904170171473119e-29,1.745580008527816589e-28,9.716812805361491681e-28,5.236490122686944175e-27,2.732052981443166600e-26,1.379972149392875296e-25,6.748137168588763426e-25,3.194698354598708198e-24,1.464226255993278011e-23,6.497090230923636242e-23,2.791013789462315568e-22,1.160746658359526970e-21,4.673532615093519053e-21,1.821736204960538118e-20,6.874768480260381739e-20,2.511672673883746009e-19,8.883832878625746850e-19,3.042076249373245210e-18,1.008491371150932555e-17,3.236731346542977387e-17,1.005711686909784372e-16,3.025329734556702912e-16,8.810576182831925430e-16,2.484095462795530866e-15,6.780545401955707812e-15,1.791815755120835791e-14,4.584103868511420353e-14,1.135397474702828393e-13,2.722536897690482404e-13,6.320217158463045874e-13,1.420439048705332297e-12,3.090619788184951885e-12,6.510298999461346352e-12,1.327665484119779132e-11,2.621251975085943876e-11,5.010271409056183672e-11,9.271416901400352635e-11,1.660975948317669356e-10,2.880798970822901898e-10,4.837209962056815525e-10,7.863380658322057960e-10,1.237530858655228770e-09,1.885537396361643267e-09,2.781292337808221288e-09,3.971828651297549328e-09,5.491193467761676857e-09,7.349797302506438693e-09,9.523933508212255832e-09,1.194784894690456393e-08,1.451093737550095829e-08,1.706214342289794116e-08,1.942245324362445566e-08,2.140459214162143492e-08,2.283716580754718717e-08,2.358901622788336066e-08,2.358901622788346654e-08,2.283716580754753127e-08,2.140459214162217938e-08,1.942245324362585525e-08,1.706214342290036976e-08,1.451093737550492710e-08,1.194784894691063047e-08,9.523933508220969353e-09,7.349797302518185485e-09,5.491193467776533020e-09,3.971828651315198053e-09,2.781292337827866001e-09,1.885537396382180920e-09,1.237530858675378270e-09,7.863380658507591470e-10,4.837209962217141739e-10,2.880798970952923834e-10,1.660975948416629109e-10,9.271416902107227583e-11,5.010271409530039902e-11,2.621251975384044583e-11,1.327665484295767623e-11,6.510299000436467894e-12,3.090619788692015216e-12,1.420439048952785316e-12,6.320217159596360054e-13,2.722536898177620800e-13,1.135397474899325693e-13,4.584103869255242350e-14,1.791815755385110505e-14,6.780545402836858343e-15,2.484095463071254318e-15,8.810576183641622124e-16,3.025329734779853913e-16,1.005711686967508899e-16,3.236731346683100654e-17,1.008491371182862163e-17,3.042076249441476671e-18,8.883832878762645803e-19,2.511672673909523618e-19,6.874768480305932390e-20,1.821736204968092578e-20,4.673532615105310860e-21,1.160746658361260495e-21,2.791013789464629881e-22,6.497090230926665491e-23,1.464226255993643590e-23,3.194698354599122927e-24,6.748137168589203318e-25,1.379972149392919147e-25,2.732052981443245808e-26,5.236490122687053947e-27,9.716812805361658492e-28,1.745580008527818831e-28,3.035904170171474800e-29,5.111739739034779831e-30,8.332623994923897033e-31,1.315004418123308445e-31,2.009116012054223685e-32,2.971769996554170562e-33,4.255570095841139271e-34,5.899737367793426820e-35,7.918446478130267579e-36,1.028915401482626886e-36
2.875954151095535054e-36,2.213310150299182273e-35,1.649054348766636451e-34,1.189487927265645939e-33,8.306488799152570923e-33,5.615744041321464704e-32,3.675610657164950481e-31,2.329078224816938932e-30,1.428798626263497291e-29,8.485752266854819856e-29,4.879126179237895382e-28,2.715977239987838348e-27,1.463668002618259191e-26,7.636448148868608937e-26,3.857204028362170309e-25,1.886193274413025091e-24,8.929602940306814749e-24,4.092705360420290524e-23,1.816022346710161908e-22,7.801251377909869191e-22,3.244439888516670635e-21,1.306313959854310500e-20,5.091992785128693320e-20,1.921588394938569051e-19,7.020456144635863208e-19,2.483148372364442273e-18,8.503004041661090733e-18,2.818866294572177180e-17,9.047090692449480041e-17,2.811096710774961930e-16,8.456195325673802664e-16,2.462672160417357359e-15,6.943374205158130214e-15,1.895251802757229015e-14,5.008361184517852415e-14,1.281317446575434529e-13,3.173585579348659309e-13,7.609849440625699461e-13,1.766583991892361173e-12,3.970314345198674522e-12,8.638689630343332306e-12,1.819714371598907637e-11,3.711000005266253932e-11,7.326744733291964857e-11,1.400436890751879958e-10,2.591483214819967842e-10,4.642646680719087634e-10,8.052212792880229524e-10,1.352063935485071776e-09,2.197918527933280619e-09,3.459061847971021513e-09,5.270325523651636208e-09,7.774078639316443007e-09,1.110178453999192760e-08,1.534860944381013741e-08,2.054365211308497669e-08,2.662064934418565864e-08,3.339581245066329364e-08,4.055998240596280911e-08,4.769093953979408987e-08,5.428831656127573266e-08,5.982865601340967847e-08,6.383288821299837637e-08,6.593440922653687196e-08,6.593440922653793075e-08,6.383288821300198949e-08,5.982865601341732824e-08,5.428831656129012561e-08,4.769093953981915675e-08,4.055998240600369169e-08,3.339581245072585496e-08,2.662064934427549708e-08,2.054365211320605938e-08,1.534860944396328163e-08,1.110178454017374521e-08,7.774078639518969908e-09,5.270325523863311726e-09,3.459061848178725324e-09,2.197918528124530566e-09,1.352063935650337706e-09,8.052212794220503033e-10,4.642646681739162113e-10,2.591483215548602292e-10,1.400436891240301417e-10,7.326744736364653905e-11,3.711000007080345672e-11,1.819714372604066175e-11,8.638689635570149272e-12,3.970314347749423266e-12,1.766583993060582940e-12,7.609849445646988701e-13,3.173585581374127462e-13,1.281317447342186629e-13,5.008361187242000535e-14,1.895251803665521568e-14,6.943374208000289559e-15,2.462672161251995468e-15,8.456195327974054997e-16,2.811096711369908005e-16,9.047090693893623048e-17,2.818866294901199354e-17,8.503004042364423400e-18,2.483148372505558241e-18,7.020456144901578948e-19,1.921588394985524667e-19,5.091992785206564084e-20,1.306313959866450629e-20,3.244439888534420412e-21,7.801251377934027010e-22,1.816022346713283786e-22,4.092705360424060335e-23,8.929602940311084733e-24,1.886193274413479493e-24,3.857204028362623517e-25,7.636448148869204720e-26,1.463668002618317449e-26,2.715977239987929825e-27,4.879126179237918700e-28,8.485752266854836672e-29,1.428798626263498412e-29,2.329078224816939983e-30,3.675610657164951357e-31,5.615744041321464704e-32,8.306488799152688610e-33,1.189487927265631570e-33,1.649054348766636451e-34,2.213310150299182273e-35,2.875954151095535054e-36
7.777295614357790496e-36,5.985341358303039368e-35,4.459453273834326638e-34,3.216671321596233062e-33,2.246281251867405591e-32,1.518636918717477736e-31,9.939765775878880619e-31,6.298407037005501998e-30,3.863826996548743939e-29,2.294758553935787093e-28,1.319437120415507477e-27,7.344678241552160698e-27,3.958122466348274925e-26,2.065085588198364249e-25,1.043083943533555749e-24,5.100735933267763975e-24,2.414786819850718731e-23,1.106769363424319446e-22,4.910976284953826159e-22,2.109652481935746682e-21,8.773772734310180185e-21,3.532597982161573546e-20,1.377001547157396808e-19,5.196453146119753942e-19,1.898506023250367579e-18,6.715051051433867992e-18,2.299423863099012624e-17,7.622915845819731826e-17,2.446558431339443758e-16,7.601904958018044784e-16,2.286765621609906429e-15,6.659678279474320142e-15,1.877661148876483883e-14,5.125232447837396887e-14,1.354385481445617627e-13,3.465001190667529280e-13,8.582165052476719253e-13,2.057892635665155212e-12,4.777282672363000255e-12,1.073671787596928069e-11,2.336116622383370214e-11,4.920960438896059777e-11,1.003546737865927831e-10,1.981334078641150548e-10,3.787129806808820548e-10,7.008015421116376633e-10,1.255487179975209836e-09,2.177518692921012454e-09,3.656317299694697988e-09,5.943718581709545864e-09,9.354163914528878097e-09,1.425227156897474789e-08,2.102304297312836897e-08,3.002198772241699841e-08,4.150645894975876216e-08,5.555514694875277362e-08,7.198885952928902636e-08,9.031058635323537154e-08,1.096842844883885194e-07,1.289681668903357204e-07,1.468091159040358507e-07,1.617915723200129713e-07,1.726200125136342250e-07,1.783030482309663440e-07,1.783030482309764025e-07,1.726200125136690593e-07,1.617915723200870073e-07,1.468091159041752671e-07,1.289681668905783954e-07,1.096842844887839514e-07,9.031058635384051041e-08,7.198885953015802922e-08,5.555514694992392902e-08,4.150645895124004411e-08,3.002198772417535940e-08,2.102304297508709957e-08,1.425227157102233920e-08,9.354163916537901282e-09,5.943718583559412881e-09,3.656317301293237757e-09,2.177518694217398447e-09,1.255487180961880383e-09,7.008015428163974064e-10,3.787129811533058406e-10,1.981334081613180245e-10,1.003546739620612364e-10,4.920960448618480264e-11,2.336116627439021863e-11,1.073671790064145465e-11,4.777282683662654161e-12,2.057892640521971220e-12,8.582165072068039696e-13,3.465001198084059228e-13,1.354385484080556686e-13,5.125232456622878941e-14,1.877661151625568212e-14,6.659678287547375918e-15,2.286765623834831814e-15,7.601904963772702257e-16,2.446558432736299484e-16,7.622915849001926460e-17,2.299423863779311169e-17,6.715051052798809211e-18,1.898506023507381004e-18,5.196453146573932520e-19,1.377001547232718965e-19,3.532597982278859069e-20,8.773772734481544316e-21,2.109652481959190741e-21,4.910976284984024138e-22,1.106769363427965594e-22,2.414786819854850006e-23,5.100735933272156651e-24,1.043083943533994356e-24,2.065085588198821131e-25,3.958122466348691628e-26,7.344678241552624181e-27,1.319437120415530077e-27,2.294758553935803684e-28,3.863826996548754589e-29,6.298407037005508303e-30,9.939765775878885874e-31,1.518636918717477955e-31,2.246281251867438161e-32,3.216671321596141375e-33,4.459453273834326638e-34,5.985341358303039368e-35,7.777295614357790496e-36
2.034672632497873549e-35,1.565866962214276066e-34,1.166668721634158639e-33,8.415358538911683273e-33,5.876653292733398612e-32,3.973012124562906866e-31,2.600411556979171326e-30,1.647770261280613584e-29,1.010842770598916756e-28,6.003478148964612710e-28,3.451871617500444975e-27,1.921492579631460133e-26,1.035512067136312185e-25,5.402614659928862524e-25,2.728884767331729527e-24,1.334439157727116698e-23,6.317492479771900325e-23,2.895496642932361916e-22,1.284794810601620048e-21,5.519209223771195907e-21,2.295367972550815892e-20,9.241876344075277291e-20,3.602469935353888726e-19,1.359480406395779561e-18,4.966814223968350487e-18,1.756771412283092330e-17,6.015683390152880646e-17,1.994284262859975530e-16,6.400612411933246480e-16,1.988787457734597947e-15,5.982567280375683371e-15,1.742284954614742696e-14,4.912280492039607415e-14,1.340847862019443571e-13,3.543302466042877335e-13,9.065031656001800725e-13,2.245240148467199104e-12,5.383796674356633864e-12,1.249818290720320512e-11,2.808907762841824305e-11,6.111677880819900750e-11,1.287406834856865150e-10,2.625448721788004921e-10,5.183506485473133432e-10,9.907774830373492117e-10,1.833415867482874579e-09,3.284567711212579668e-09,5.696758758995398596e-09,9.565547092852316429e-09,1.554977736881621615e-08,2.447208163420520400e-08,3.728636321703582157e-08,5.499985124685654746e-08,7.854261920971480780e-08,1.085879466135532738e-07,1.453417006322177444e-07,1.883350840600300842e-07,2.362678334336876037e-07,2.869527184380572481e-07,3.374026302288794742e-07,3.840775831893303422e-07,4.232742339902940189e-07,4.516032727810240449e-07,4.664710594988650281e-07,4.664710594989565077e-07,4.516032727813402000e-07,4.232742339909665631e-07,3.840775831905937977e-07,3.374026302310799600e-07,2.869527184416461267e-07,2.362678334391798712e-07,1.883350840679172315e-07,1.453417006428472138e-07,1.085879466269973542e-07,7.854261922567290853e-08,5.499985126463344630e-08,3.728636323562025383e-08,2.447208165243914329e-08,1.554977738560564993e-08,9.565547107360710340e-09,5.696758770761428215e-09,3.284567720167628708e-09,1.833415873879249257e-09,9.907774873250734176e-10,5.183506512447246087e-10,2.625448737713568498e-10,1.287406843680959867e-10,6.111677926705138320e-11,2.808907785234358289e-11,1.249818300975918035e-11,5.383796718437133943e-12,2.245240166248322423e-12,9.065031723314727730e-13,3.543302489957657381e-13,1.340847869993171094e-13,4.912280516990372866e-14,1.742284961941870533e-14,5.982567300569161759e-15,1.988787462957565932e-15,6.400612424611227303e-16,1.994284265748076162e-16,6.015683396327285091e-17,1.756771413521917030e-17,4.966814226301012955e-18,1.359480406807992317e-18,3.602469936037514893e-19,9.241876345139335529e-20,2.295367972706264619e-20,5.519209223984164639e-21,1.284794810629028438e-21,2.895496642965453022e-22,6.317492479809395068e-23,1.334439157731103681e-23,2.728884767335708208e-24,5.402614659932704921e-25,1.035512067136654732e-25,1.921492579631771226e-26,3.451871617500654475e-27,6.003478148964765171e-28,1.010842770598926845e-28,1.647770261280620310e-29,2.600411556979175179e-30,3.973012124562910369e-31,5.876653292733484004e-32,8.415358538911424635e-33,1.166668721634158639e-33,1.565866962214276066e-34,2.034672632497873549e-35
5.149345404977698130e-35,3.962892957765723772e-34,2.952602853611310118e-33,2.129757246028618654e-32,1.487262233061731608e-31,1.005489109195069399e-30,6.581116336903184072e-30,4.170173662270003725e-29,2.558238850221457037e-28,1.519359042162131650e-27,8.735989745105802705e-27,4.862909554878647641e-26,2.620671856268679266e-25,1.367292631238500617e-24,6.906256079201459820e-24,3.377195935755312587e-23,1.598829725829547714e-22,7.327917078782299360e-22,3.251556121924473151e-21,1.396800359999261095e-20,5.809112647117629866e-20,2.338932205880832736e-19,9.117123664956082211e-19,3.440570277508086953e-18,1.257000344579806744e-17,4.446033555938918163e-17,1.522447942146622553e-16,5.047130600351299604e-16,1.619865701538899812e-15,5.033219296998448446e-15,1.514066923746498138e-14,4.409371258015668858e-14,1.243198958674354342e-13,3.393415071685336913e-13,8.967382752656661261e-13,2.294176387800755035e-12,5.682249250773809204e-12,1.362530179235676990e-11,3.163037615774517376e-11,7.108778115248371692e-11,1.546742208532491583e-10,3.258166627654783845e-10,6.644480343231707859e-10,1.311840778527351383e-09,2.507457660827929069e-09,4.640005188965437622e-09,8.312577355653936480e-09,1.441734560654437042e-08,2.420846733865337167e-08,3.935334528200749914e-08,6.193389496699064316e-08,9.436425301708732970e-08,1.391935128870190157e-07,1.987755026841547048e-07,2.748141568326950072e-07,3.678304835620454670e-07,4.766380518472012777e-07,5.979461575311015826e-07,7.262193625324715549e-07,8.538978977977189912e-07,9.720227748495240667e-07,1.071221579840951505e-06,1.142916654220372726e-06,1.180544018935174533e-06,1.180544018935952956e-06,1.142916654223065020e-06,1.071221579846677448e-06,9.720227748602788440e-07,8.538978978164554659e-07,7.262193625630352565e-07,5.979461575778738949e-07,4.766380519143692435e-07,3.678304836525677722e-07,2.748141569471867037e-07,1.987755028200555031e-07,1.391935130384078644e-07,9.436425317535530354e-08,6.193389512227303763e-08,3.935334542498835471e-08,2.420846746220857876e-08,1.441734570674527773e-08,8.312577431916207088e-09,4.640005243437693845e-09,2.507457697342688108e-09,1.311840801498823908e-09,6.644480478855707562e-10,3.258166702801826907e-10,1.546742247608905678e-10,7.108778305945854695e-11,3.163037703112404971e-11,1.362530216775132315e-11,5.682249402199843626e-12,2.294176445125279445e-12,8.967382956317780337e-13,3.393415139590551287e-13,1.243198979922722429e-13,4.409371320414362619e-14,1.514066940943505259e-14,5.033219341477764742e-15,1.619865712335587596e-15,5.047130624946535069e-16,1.522447947404820523e-16,4.446033566488897390e-17,1.257000346566330142e-17,3.440570281018541478e-18,9.117123670777921914e-19,2.338932206786963997e-19,5.809112648441250498e-20,1.396800360180674066e-20,3.251556122157884952e-21,7.327917079064109554e-22,1.598829725861479313e-22,3.377195935789267917e-23,6.906256079235346383e-24,1.367292631241692267e-24,2.620671856271505963e-25,4.862909554881011257e-26,8.735989745107582018e-27,1.519359042162261332e-27,2.558238850221545824e-28,4.170173662270059777e-29,6.581116336903216301e-30,1.005489109195071501e-30,1.487262233061753065e-31,2.129757246028558716e-32,2.952602853611310118e-33,3.962892957765723772e-34,5.149345404977698130e-35
1.260579560777709880e-34,9.701314383145421862e-34,7.228085349952317203e-33,5.213727653939594667e-32,3.640875150270392388e-31,2.461476012874692872e-30,1.611082591853539550e-29,1.020874552029388213e-28,6.262667101452005205e-28,3.719449373469847673e-27,2.138603890350552584e-26,1.190458962971275556e-25,6.415505501581398898e-25,3.347184950683441041e-24,1.690678051334928279e-23,8.267505545927168456e-23,3.913996663724068753e-22,1.793902285843432467e-21,7.959934449255258955e-21,3.419421005629046036e-20,1.422093119279413475e-19,5.725796001037326688e-19,2.231906939863997372e-18,8.422648372069755597e-18,3.077185190832461980e-17,1.088406115024006175e-16,3.727011119438482976e-16,1.235556983462093829e-15,3.965493541355566575e-15,1.232151442895048378e-14,3.706494064040560923e-14,1.079431043480249226e-13,3.043398867300928898e-13,8.307210614511349084e-13,2.195249788593003503e-12,5.616232036959307168e-12,1.391036471906861096e-11,3.335526285005031485e-11,7.743237741562447908e-11,1.740256224708405994e-10,3.786484417967866920e-10,7.976117221539311756e-10,1.626594344316178974e-09,3.211436682432985842e-09,6.138352796648124434e-09,1.135891116851138556e-08,2.034950908865367034e-08,3.529421657111969481e-08,5.926325916176062076e-08,9.633850287605996567e-08,1.516165570079495711e-07,2.310073208653067248e-07,3.407510732696448971e-07,4.866100759617767371e-07,6.727556259496221983e-07,9.004631714180150140e-07,1.166828283584710647e-06,1.463795192104714019e-06,1.777812931648613521e-06,2.090374896806067809e-06,2.379549139200092366e-06,2.622391629247613246e-06,2.797903928896861978e-06,2.890017164960998977e-06,2.890017164967217469e-06,2.797903928918374074e-06,2.622391629293366578e-06,2.379549139286019200e-06,2.090374896955772836e-06,1.777812931892832813e-06,1.463795192478450155e-06,1.166828284121419098e-06,9.004631721413368934e-07,6.727556268644728385e-07,4.866100770476943631e-07,3.407510744793227187e-07,2.310073221299558201e-07,1.516165582487403157e-07,9.633850401855480000e-08,5.926326014903392127e-08,3.529421737177946094e-08,2.034950969803068260e-08,1.135891160377425733e-08,6.138353088420811622e-09,3.211436865987494233e-09,1.626594452687131413e-09,7.976117822005059506e-10,3.786484730209668795e-10,1.740256377086067540e-10,7.743238439439672155e-11,3.335526584965645583e-11,1.391036592904485574e-11,5.616232495013519816e-12,2.195249951329313508e-12,8.307211157110948971e-13,3.043399037086948580e-13,1.079431093340199458e-13,3.706494201454002741e-14,1.232151478436412214e-14,3.965493627626893217e-15,1.235557003114985955e-15,3.727011161454345325e-16,1.088406123454013055e-16,3.077185206705865648e-17,8.422648400120193384e-18,2.231906944515964827e-18,5.725796008277742832e-19,1.422093120337013830e-19,3.419421007078747070e-20,7.959934451120346064e-21,1.793902286068614302e-21,3.913996663979217795e-22,8.267505546198487834e-23,1.690678051362005791e-23,3.347184950708900780e-24,6.415505501603780127e-25,1.190458962973149459e-25,2.138603890351976322e-26,3.719449373470882975e-27,6.262667101452711011e-28,1.020874552029433278e-28,1.611082591853566455e-29,2.461476012874708286e-30,3.640875150270451943e-31,5.213727653939538834e-32,7.228085349952318572e-33,9.701314383145421862e-34,1.260579560777709880e-34
2.984798312802045652e-34,2.297075702616509588e-33,1.711464918883551866e-32,1.234505618613029476e-31,8.620858487460670049e-31,5.828279054198197163e-30,3.814718841690919014e-29,2.417225167921938533e-28,1.482873336969099838e-27,8.806906410283401313e-27,5.063782947370704970e-26,2.818766870965728026e-25,1.519062389451922899e-24,7.925459292131175840e-24,4.003184846185058848e-23,1.957578670349115262e-22,9.267555179927689031e-22,4.247599027239351893e-21,1.884752034174985166e-20,8.096499710073615221e-20,3.367229864058611850e-19,1.355753081765112320e-18,5.284705762107764554e-18,1.994313364462988282e-17,7.286154282963038124e-17,2.577126297179392537e-16,8.824811100563384654e-16,2.925549893362712090e-15,9.389489406256284226e-15,2.917486259733410971e-14,8.776230848875338746e-14,2.555875136812681402e-13,7.206155078937798806e-13,1.966980030279670677e-12,5.197909016650233975e-12,1.329810543483575864e-11,3.293693982974125539e-11,7.897853921768853844e-11,1.833442621613020565e-10,4.120575967571852143e-10,8.965631883821017205e-10,1.888583788465853176e-09,3.851447544915747204e-09,7.604034754841534569e-09,1.453438215317050375e-08,2.689561210251905136e-08,4.818353579895470589e-08,8.356959080643452067e-08,1.403234523714180219e-07,2.281101564624253614e-07,3.589974465959032675e-07,5.469787731115502035e-07,8.068298584448277632e-07,1.152194576935004703e-06,1.592949719114647464e-06,2.132115289201350075e-06,2.762814185266263261e-06,3.465971966883586327e-06,4.209502679536460877e-06,4.949586411873793210e-06,5.634292730824642570e-06,6.209294799021492906e-06,6.624872547683491562e-06,6.842978124010777024e-06,6.842978124057398565e-06,6.624872547844772564e-06,6.209294799364512451e-06,5.634292731468835691e-06,4.949586412996142358e-06,4.209502681367418307e-06,3.465971969685555647e-06,2.762814189290065324e-06,2.132115294624223139e-06,1.592949725973449956e-06,1.152194585076317144e-06,8.068298675139991533e-07,5.469787825928578619e-07,3.589974558983365198e-07,2.281101650279162592e-07,1.403234597731850177e-07,8.356959680912593669e-08,4.818354036756465564e-08,2.689561536576354494e-08,1.453438434064299139e-08,7.604036130982840353e-09,3.851448357392428621e-09,1.888584238645912341e-09,8.965634224754413683e-10,4.120577109974812352e-10,1.833443144824228027e-10,7.897856170627841883e-11,3.293694890115240910e-11,1.329810886895145657e-11,5.197910236713861509e-12,1.966980437076428208e-12,7.206156351854374927e-13,2.555875510621771758e-13,8.776231879088826094e-14,2.917486526193442102e-14,9.389490053047917387e-15,2.925550040703915941e-15,8.824811415563917867e-16,2.577126360380682968e-16,7.286154401968818116e-17,1.994313385492909447e-17,5.284705796984406805e-18,1.355753087193363009e-18,3.367229871987526283e-19,8.096499720942522621e-20,1.884752035573275607e-20,4.247599028927582209e-21,9.267555181840594498e-22,1.957578670552529857e-22,4.003184846388060258e-23,7.925459292321551558e-24,1.519062389468655693e-24,2.818766870979601156e-25,5.063782947381376829e-26,8.806906410291152803e-27,1.482873336969628610e-27,2.417225167922276639e-28,3.814718841691123043e-29,5.828279054198312771e-30,8.620858487460853969e-31,1.234505618613018309e-31,1.711464918883553234e-32,2.297075702616509931e-33,2.984798312802045652e-34
6.835148552954952590e-34,5.260272895969114367e-33,3.919231967388177140e-32,2.827001495037772575e-31,1.974165160944465621e-30,1.334668174149483939e-29,8.735655557991604474e-29,5.535413578137919293e-28,3.395760276306423140e-27,2.016769888540517175e-26,1.159599579534271082e-25,6.454938753001220384e-25,3.478632726565402810e-24,1.814919667428330595e-23,9.167240208912385098e-23,4.482829194368872144e-22,2.122257845892633438e-21,9.726945442190470964e-21,4.316057163331801046e-20,1.854087696309269395e-19,7.710911733657529133e-19,3.104656577714137292e-18,1.210190611128857576e-17,4.566951156726852836e-17,1.668519668152993078e-16,5.901585043584078710e-16,2.020870038870073536e-15,6.699470458170776606e-15,2.150180622016920407e-14,6.681004844096823417e-14,2.009745225658951205e-13,5.852920168169868269e-13,1.650199956523381124e-12,4.504358183932290620e-12,1.190314271525932433e-11,3.045248509090366164e-11,7.542515541181483380e-11,1.808598074224635063e-10,4.198559289012542356e-10,9.436064320087721672e-10,2.053117811484406633e-09,4.324831829842444768e-09,8.819763801293164253e-09,1.741313874651084849e-08,3.328354238081655845e-08,6.159059503447267793e-08,1.103396579862365724e-07,1.913732546757552065e-07,3.213388450095046460e-07,5.223692331810350370e-07,8.220993918047736768e-07,1.252574136582335860e-06,1.847629675940412897e-06,2.638510301175594390e-06,3.647833731624884266e-06,4.882515736896333400e-06,6.326807844774661824e-06,7.937029839643546748e-06,9.639705311172588577e-06,1.133448724349338913e-05,1.290245563355978123e-05,1.421920274427077436e-05,1.517087027750389265e-05,1.567032915495638766e-05,1.567032915528432155e-05,1.517087027863834082e-05,1.421920274668359007e-05,1.290245563809103141e-05,1.133448725138799539e-05,9.639705324051619508e-06,7.937029859352709164e-06,6.326807873078247428e-06,4.882515775041045094e-06,3.647833779869976388e-06,2.638510358441898262e-06,1.847629739733327550e-06,1.252574203274248726e-06,8.220994572384685458e-07,5.223692934310469816e-07,3.213388970738350282e-07,1.913732968989309645e-07,1.103396901220249903e-07,6.159061798826720674e-08,3.328355776758650760e-08,1.741314842634459688e-08,8.819769516287234114e-09,4.324834996427313656e-09,2.053119458106495600e-09,9.436072355796683200e-10,4.198562969301487974e-10,1.808599656081181209e-10,7.542521922048983037e-11,3.045250924661367265e-11,1.190315129723657271e-11,4.504361045357251917e-12,1.650200851898085734e-12,5.852922797558234590e-13,2.009745950315313009e-13,6.681006718387498444e-14,2.150181076972756262e-14,6.699471494574605676e-15,2.020870260442732398e-15,5.901585488144530659e-16,1.668519751862144169e-16,4.566951304652170691e-17,1.210190635661229178e-17,3.104656615896602857e-18,7.710911789429605131e-19,1.854087703954557421e-19,4.316057173167430179e-20,9.726945454065551876e-21,2.122257847238178752e-21,4.482829195799699854e-22,9.167240210340305106e-23,1.814919667562102439e-23,3.478632726683000734e-24,6.454938753098314380e-25,1.159599579541777486e-25,2.016769888545971343e-26,3.395760276310142478e-27,5.535413578140298586e-28,8.735655557993033799e-29,1.334668174149564934e-29,1.974165160944502405e-30,2.827001495037703824e-31,3.919231967388186993e-32,5.260272895969118472e-33,6.835148552954954301e-34
1.513652927842165208e-33,1.164894575230609191e-32,8.679192407259479727e-32,6.260433195893269537e-31,4.371815554199973869e-30,2.955640793828514089e-29,1.934522784623091564e-28,1.225824852883940698e-27,7.519957239640850170e-27,4.466164301950094048e-26,2.567949013965186579e-25,1.429454951392146790e-24,7.703479405984594901e-24,4.019164246567290690e-23,2.030097791576754639e-22,9.927286118952644802e-22,4.699768815825792819e-21,2.154045275456049714e-20,9.557967191784163889e-20,4.105902378349092452e-19,1.707591873323305601e-18,6.875304146491244663e-18,2.679983540358320930e-17,1.011357534680555194e-16,3.694959460347345802e-16,1.306914021095980269e-15,4.475244140526852358e-15,1.483606829528010401e-14,4.761604182689506026e-14,1.479517594218646956e-13,4.450608090617708617e-13,1.296137118358147945e-12,3.654390210197873822e-12,9.974962358662265144e-12,2.635967116425946200e-11,6.743744171878954498e-11,1.670300307850497143e-10,4.005164992582859107e-10,9.297766553713626921e-10,2.089629256006909217e-09,4.546657270842795851e-09,9.577398809914739089e-09,1.953148669304701023e-08,3.856163219039867311e-08,7.370685652750356521e-08,1.363932089832470246e-07,2.443486708065310417e-07,4.237986709526828533e-07,7.116092354244245278e-07,1.156793759628418827e-06,1.820550265648015027e-06,2.773842432960138312e-06,4.091601004555002000e-06,5.843016887745089736e-06,8.078177329106432479e-06,1.081239739433872137e-05,1.401080187788814591e-05,1.757666034918159523e-05,2.134725829987951600e-05,2.510037590083300660e-05,2.857266319061469237e-05,3.148861754624639962e-05,3.359609822066346988e-05,3.470215668712728330e-05,3.470215668929140505e-05,3.359609822814997398e-05,3.148861756216916891e-05,2.857266322051741858e-05,2.510037595293141126e-05,2.134725838487152360e-05,1.757666047924735320e-05,1.401080206467066252e-05,1.081239764606533097e-05,8.078177647488007788e-06,5.843017265659870064e-06,4.091601425540584379e-06,2.773842873076973703e-06,1.820550697461526833e-06,1.156794157233496241e-06,7.116095790101182443e-07,4.237989495941060196e-07,2.443488828787321580e-07,1.363933604611437200e-07,7.370695806869231336e-08,3.856169607007074151e-08,1.953152440773928022e-08,9.577419707009713910e-09,4.546668137318706000e-09,2.089634558974625668e-09,9.297790840871827504e-10,4.005175431654503530e-10,1.670304518746448557e-10,6.743760112843525441e-11,2.635972779889938242e-11,9.974981241929787127e-12,3.654396119002156639e-12,1.296138853558076925e-12,4.450612872808447066e-13,1.479518831110496144e-13,4.761607185058144288e-14,1.483607513477085520e-14,4.475245602740903033e-15,1.306914314472674078e-15,3.694960012765222126e-16,1.011357632300216082e-16,2.679983702253650512e-17,6.875304398467077256e-18,1.707591910128662499e-18,4.105902428802401390e-19,9.557967256691980060e-20,2.154045283292714630e-20,4.699768824705387619e-21,9.927286128395041095e-22,2.030097792519075579e-22,4.019164247449925905e-23,7.703479406760441744e-24,1.429454951456165682e-24,2.567949014014724023e-25,4.466164301986084379e-26,7.519957239665390336e-27,1.225824852885510869e-27,1.934522784624034134e-28,2.955640793829044340e-29,4.371815554200316487e-30,6.260433195893321210e-31,8.679192407259544318e-32,1.164894575230612202e-32,1.513652927842166576e-33
3.241170200977108671e-33,2.494377353664426484e-32,1.858466976247907202e-31,1.340540433444263881e-30,9.361325861299903583e-30,6.328884706354728304e-29,4.142374706446177840e-28,2.624846760907429815e-27,1.610241084294813529e-26,9.563353911510238776e-26,5.498724092290951196e-25,3.060877898010770889e-24,1.649538506169461460e-23,8.606197067498938503e-23,4.347028533488279266e-22,2.125720061281971106e-21,1.006356897089443333e-20,4.612436067703117641e-20,2.046638160842495663e-19,8.791928580217894330e-19,3.656449766946383951e-18,1.472202148350448420e-17,5.738622527227263808e-17,2.165609991329603463e-16,7.911980531606442594e-16,2.798482203218235436e-15,9.582796480994597482e-15,3.176832784704092875e-14,1.019597643680606565e-13,3.168076545155578064e-13,9.530043548425622537e-13,2.775405726854205053e-12,7.825109993293534598e-12,2.135928927832490613e-11,5.644370589428933698e-11,1.444031339738296856e-10,3.576597702754516533e-10,8.576220601946292463e-10,1.990921652858614287e-09,4.474502675666065920e-09,9.735712718053289361e-09,2.050799034215994590e-08,4.182258131032143120e-08,8.257164562469123475e-08,1.578277705479057914e-07,2.920574435794569050e-07,5.232214174721795763e-07,9.074759465921418689e-07,1.523761891628466959e-06,2.477031156494327267e-06,3.898326466960455410e-06,5.939601655402545238e-06,8.761305188473503331e-06,1.251159487886263364e-05,1.729772205748291409e-05,2.315248072463618929e-05,3.000119294397897646e-05,3.763673079118565309e-05,4.571067528197498544e-05,5.374718927099540050e-05,6.118236406323875520e-05,6.742626858861027047e-05,7.193899633361211803e-05,7.430738850748306646e-05,7.430738852088133875e-05,7.193899637996153051e-05,6.742626868718917105e-05,6.118236424836818706e-05,5.374718959353975311e-05,4.571067580816583849e-05,3.763673159643100917e-05,3.000119410036138342e-05,2.315248228309156684e-05,1.729772402860338892e-05,1.251159721855693227e-05,8.761307794821840896e-06,5.939604380193774948e-06,3.898329140345250469e-06,2.477033618092538708e-06,1.523764018789253704e-06,9.074776716788376075e-07,5.232227304246054398e-07,2.920583813887052586e-07,1.578283991958346728e-07,8.257204110778557416e-08,4.182281480436952919e-08,2.050811971739824286e-08,9.735779993093751253e-09,4.474535506675002972e-09,1.990936689192052259e-09,8.576285230899768000e-10,3.576623772677918696e-10,1.444041208890422844e-10,5.644405652293134662e-11,2.135940618582992192e-11,7.825146575075028750e-12,2.775416469586844735e-12,9.530073155271311249e-13,3.168084202831267952e-13,1.019599502466028648e-13,3.176837019076041607e-14,9.582805533654383967e-15,2.798484019531923597e-15,7.911983951660490192e-16,2.165610595699104402e-16,5.738623529531500448e-17,1.472202304350264546e-17,3.656449994810579746e-18,8.791928892577750515e-19,2.046638201027335713e-19,4.612436116220409938e-20,1.006356902586855683e-20,2.125720067127819993e-21,4.347028539322249265e-22,8.606197072963089987e-23,1.649538506649748763e-23,3.060877898407004321e-24,5.498724092597646856e-25,9.563353911733060388e-26,1.610241084310006277e-26,2.624846760917152181e-27,4.142374706452016210e-28,6.328884706358018553e-29,9.361325861301812151e-30,1.340540433444336048e-30,1.858466976247946833e-31,2.494377353664444000e-32,3.241170200977116197e-33
6.709963122945576024e-33,5.163931240868833651e-32,3.847451414947675587e-31,2.775225093244652396e-30,1.938008417214949547e-29,1.310223788192647594e-28,8.575662429975642245e-28,5.434032734153276364e-27,3.333567083707204005e-26,1.979832841193130034e-25,1.138361566800816598e-24,6.336716847914839415e-24,3.414921728867840393e-23,1.781679497556484549e-22,8.999342627951106782e-22,4.400726384750625876e-21,2.083388791479174548e-20,9.548796885736329197e-20,4.237008775758244242e-19,1.820130165797768819e-18,7.569686741448027275e-18,3.047794935907599577e-17,1.188026025988726729e-16,4.483307657253932887e-16,1.637960807505181385e-15,5.793497786124506601e-15,1.983857897458800792e-14,6.576769966200007894e-14,2.110800163248602842e-13,6.558642548994802556e-13,1.972936834687756023e-12,5.745724205655493502e-12,1.619976620547815908e-11,4.421861071864681543e-11,1.168513720627464117e-10,2.989474923316432408e-10,7.404374717458373497e-10,1.775473684040311306e-09,4.121662869579531870e-09,9.263243237948146141e-09,2.015515053607341350e-08,4.245622734657101738e-08,8.658230234686389386e-08,1.709421791473870255e-07,3.267395583958814522e-07,6.046256613148864221e-07,1.083187922471704475e-06,1.878682623565292713e-06,3.154535389068537650e-06,5.128020648052772069e-06,8.070426794193454121e-06,1.229633299131353458e-05,1.813790423773666840e-05,2.590186106891091781e-05,3.581023825335860871e-05,4.793092686715508558e-05,6.210932651357282301e-05,7.791663504780567330e-05,9.463154553729374733e-05,1.112689663333283577e-04,1.266614775500400929e-04,1.395877870383288133e-04,1.489301649168546396e-04,1.538332780636509104e-04,1.538332781414655369e-04,1.489301651860435263e-04,1.395877876108577082e-04,1.266614786252388066e-04,1.112689682066085481e-04,9.463154859331710433e-05,7.791663972452831906e-05,6.210933322963736291e-05,4.793093591838835921e-05,3.581024970127780687e-05,2.590187465744166331e-05,1.813791937494681829e-05,1.229634881641927322e-05,8.070442320739635146e-06,5.128034944579921520e-06,3.154547743242260005e-06,1.878692642563789469e-06,1.083195547867236700e-06,6.046311079451743938e-07,3.267432094718920275e-07,1.709444760432684594e-07,8.658365843900852735e-08,4.245697873507877012e-08,2.015554125761277029e-08,9.263433914642839850e-09,4.121750197945396911e-09,1.775511219393689494e-09,7.404526126963777103e-10,2.989532241606958467e-10,1.168534084519005998e-10,4.421928969676422830e-11,1.619997866599663769e-11,5.745786597547120650e-12,1.972954029820219618e-12,6.558687023421167367e-13,2.110810958745634924e-13,6.576794558683385875e-14,1.983863155083534295e-14,5.793508334953245050e-15,1.637962793812098722e-15,4.483311167325128135e-16,1.188026608109305877e-16,3.047795841926893961e-17,7.569688064842793641e-18,1.820130347210897086e-18,4.237009009144688722e-19,9.548797167516184262e-20,2.083388823407174360e-20,4.400726418702279124e-21,8.999342661833774122e-22,1.781679500729900821e-22,3.414921731657177403e-23,6.336716850215845362e-24,1.138361566978938890e-24,1.979832841322541401e-25,3.333567083795441846e-26,5.434032734209738693e-27,8.575662430009549632e-28,1.310223788194558741e-28,1.938008417215987348e-29,2.775225093245064027e-30,3.847451414947909866e-31,5.163931240868935464e-32,6.709963122945615710e-33
1.342825151104505837e-32,1.033426953584945458e-31,7.699676485518988181e-31,5.553893496734042718e-30,3.878421383255011143e-29,2.622073212807999066e-28,1.716196495771218776e-27,1.087480764595165792e-26,6.671270230366137276e-26,3.962122124107532163e-25,2.278135535087476766e-24,1.268129586243156036e-23,6.834080459989171587e-23,3.565569581663883659e-22,1.800985102719143533e-21,8.806912891017816910e-21,4.169362509848445666e-20,1.910944126817561244e-19,8.479274543376493075e-19,3.642518625116310020e-18,1.514876543455061554e-17,6.099371368152995785e-17,2.377526073741042009e-16,8.972177897241822951e-16,3.277953885200874000e-15,1.159418374964348093e-14,3.970177230654490462e-14,1.316169994055827899e-13,4.224219263550059366e-13,1.312542261488345461e-12,3.948321555001667499e-12,1.149857731450118712e-11,3.241963197732087613e-11,8.849208487726026970e-11,2.338477253479223737e-10,5.982658983471853740e-10,1.481793627867315121e-09,3.553150254880830857e-09,8.248439617676115134e-09,1.853797967708505765e-08,4.033530820994425863e-08,8.496513148787553801e-08,1.732720301164117557e-07,3.420964517059173804e-07,6.538845129780143486e-07,1.210001500962660777e-06,2.167719790729831980e-06,3.759696188552269630e-06,6.312984710757917636e-06,1.026240379480008296e-05,1.615086682418809781e-05,2.460792243496501381e-05,3.629831275148096692e-05,5.183585940257911075e-05,7.166490741092363282e-05,9.592132316330188293e-05,1.242957140486673502e-04,1.559299437490761927e-04,1.893805034513819353e-04,2.226759876248944961e-04,2.534801080462851272e-04,2.793487651296189603e-04,2.980451123277414382e-04,3.078574221958207068e-04,3.078574226197535141e-04,2.980451137942782911e-04,2.793487682487477220e-04,2.534801139039496868e-04,2.226759978304952107e-04,1.893805201005496297e-04,1.559299692277884588e-04,1.242957506376825608e-04,9.592137247428003525e-05,7.166496977900939922e-05,5.183593343268316561e-05,3.629839521876613776e-05,2.460800864989510297e-05,1.615095141257020687e-05,1.026248168205763788e-05,6.313052016104201319e-06,3.759750771900244640e-06,2.167761333766086292e-06,1.210031174119748290e-06,6.539044039833299547e-07,3.421089651589534503e-07,1.732794180853231180e-07,8.496922504077871410e-08,4.033743685481344036e-08,1.853901848075198597e-08,8.248915381255052794e-09,3.553354746902173246e-09,1.481876115530374578e-09,5.982971252627271473e-10,2.338588195643608049e-10,8.849578393948318272e-11,3.242078945892094713e-11,1.149891722455633398e-11,3.948415233815876421e-12,1.312566491086667376e-12,4.224278077249923238e-13,1.316183392002489465e-13,3.970205874112262708e-14,1.159424121949836908e-14,3.277964706570065976e-15,8.972197020055097078e-16,2.377529245124901076e-16,6.099376304131947811e-17,1.514877264438433883e-17,3.642519613452301550e-18,8.479275814862216999e-19,1.910944280330787031e-19,4.169362683791691469e-20,8.806913075985899722e-21,1.800985121178368796e-21,3.565569598952438141e-22,6.834080475185265486e-23,1.268129587496682347e-23,2.278135536057885188e-24,3.962122124812563828e-25,6.671270230846853624e-26,1.087480764625926521e-26,1.716196495789691342e-27,2.622073212818410378e-28,3.878421383260572056e-29,5.553893496736594483e-30,7.699676485520261611e-31,1.033426953585000853e-31,1.342825151104528553e-32
2.597344051919864168e-32,1.998894158915428057e-31,1.489301038554466772e-30,1.074255440246510595e-29,7.501791802417791369e-29,5.071714852364522798e-28,3.319533266524458804e-27,2.103447119064818969e-26,1.290382745463130428e-25,7.663688994480276258e-25,4.406457368377255029e-24,2.452865017595971634e-23,1.321874126240089659e-22,6.896661815593566152e-22,3.483534651027559315e-21,1.703466962504156213e-20,8.064541318983511110e-20,3.696221624429886084e-19,1.640093893216073601e-18,7.045499614876438975e-18,2.930132472049413666e-17,1.179763868027950987e-16,4.598702370771401568e-16,1.735433155612272522e-15,6.340344473881240600e-15,2.242591611739852810e-14,7.679269491360354438e-14,2.545786622006963751e-13,8.170647361767542289e-13,2.538769722153430728e-12,7.636995402949919574e-12,2.224099047355140924e-11,6.270729901988015574e-11,1.711647939487049744e-10,4.523172640815047092e-10,1.157188909710578930e-09,2.866142224360546865e-09,6.872639876086227442e-09,1.595444914102895679e-08,3.585687325657000927e-08,7.801810442355989492e-08,1.643428250573852961e-07,3.351494246416002550e-07,6.616961138167664857e-07,1.264768573204809788e-06,2.340431439457686503e-06,4.192886989084224975e-06,7.272148964688353567e-06,1.221081782305113539e-05,1.984993610888184304e-05,3.123962776885061909e-05,4.759758998704412194e-05,7.020959254616501233e-05,1.002629128481228259e-04,1.386170201251498693e-04,1.855347123680229173e-04,2.404175504895561598e-04,3.016056942207155102e-04,3.663070533006022281e-04,4.307084593388127783e-04,4.902909738182991079e-04,5.403271253626212769e-04,5.764903194452901305e-04,5.954696672016175770e-04,5.954696693679535895e-04,5.764903269394296625e-04,5.403271413016571753e-04,4.902910037515072553e-04,4.307085114903760111e-04,3.663071383793909145e-04,3.016058244192945333e-04,2.404177374628119939e-04,1.855349643516874831e-04,1.386173388318435551e-04,1.002632911488090129e-04,7.021001396162878945e-05,4.759803055332090097e-05,3.124006002331622498e-05,1.985033411998043653e-05,1.221116175960324073e-05,7.272427890651012776e-06,4.193099277846440399e-06,2.340583072038163161e-06,1.264870218083897257e-06,6.617600587205371691e-07,3.351871778468754016e-07,1.643637434917903958e-07,7.802898199595747338e-08,3.586218163950299493e-08,1.595688033697384025e-08,6.873684849251507924e-09,2.866563743957252097e-09,1.157348482140673933e-09,4.523739565548480882e-10,1.711836964992034333e-10,6.271321385804129548e-11,2.224272744540945923e-11,7.637474110365338574e-12,2.538893537644537212e-12,8.170947905219999020e-13,2.545855086755017240e-13,7.679415862082002970e-14,2.242620979367882566e-14,6.340399772079888855e-15,1.735442927546936750e-15,4.598718576836596150e-16,1.179766390358890196e-16,2.930136156341142818e-17,7.045504665365038234e-18,1.640094542957051036e-18,3.696222408896686803e-19,8.064542207849597400e-20,1.703467057024558731e-20,3.483534745355910356e-21,6.896661903939608270e-22,1.321874134005403695e-22,2.452865024001583008e-23,4.406457373336133784e-24,7.663688998083056241e-25,1.290382745708781656e-25,2.103447119222009770e-26,3.319533266618857802e-27,5.071714852417725504e-28,7.501791802446038183e-29,1.074255440247897320e-29,1.489301038555117149e-30,1.998894158915712696e-31,2.597344051919981307e-32
4.854779933383783376e-32,3.736197845829351822e-31,2.783700831392562443e-30,2.007925654201328527e-29,1.402184215059257394e-28,9.479706577534095205e-28,6.204647196666452070e-27,3.931621171643254879e-26,2.411896203904357212e-25,1.432444943849314409e-24,8.236252256799200409e-24,4.584729488541150174e-23,2.470757764180718495e-22,1.289077408321366028e-21,6.511187498843305343e-21,3.184005299811763670e-20,1.507369550768832335e-19,6.908727612869600414e-19,3.065552642425332945e-18,1.316897163688522027e-17,5.476805553329316263e-17,2.205134875527836160e-16,8.595583620399797148e-16,3.243754347202370185e-15,1.185094331256843826e-14,4.191700651826193329e-14,1.435357145009166420e-13,4.758412270434767195e-13,1.527202175058164609e-12,4.745296755538570885e-12,1.427455558156805962e-11,4.157135600490256943e-11,1.172082446040934095e-10,3.199296628991914146e-10,8.454408554626411985e-10,2.162939289403959210e-09,5.357199307794582730e-09,1.284587389765870087e-08,2.982097788731809439e-08,6.702124373211522938e-08,1.458261671249022826e-07,3.071784997811324437e-07,6.264386499865042932e-07,1.236797648344346106e-06,2.364019924518864012e-06,4.374576244275795855e-06,7.837060940196158512e-06,1.359260928110415053e-05,2.282363527994501779e-05,3.710215881069676226e-05,5.839100057094567906e-05,8.896619782648086563e-05,1.312310245430342896e-04,1.874046593858087143e-04,2.590935641476318834e-04,3.467889430692676443e-04,4.493722342618332592e-04,5.637409764957501115e-04,6.846763833990693847e-04,8.050511384006609275e-04,9.164187471659756895e-04,1.009942939951053407e-03,1.077536739164483559e-03,1.113011656042678637e-03,1.113011666425452271e-03,1.077536775082251668e-03,1.009943016343356264e-03,9.164188906292799683e-04,8.050513883516683018e-04,6.846767911630522287e-04,5.637416005089964603e-04,4.493731303836588208e-04,3.467901507717303109e-04,2.590950916389457657e-04,1.874064724980637202e-04,1.312330442949662362e-04,8.896830936406173137e-05,5.839307227183780104e-05,3.710406639063782222e-05,2.282528369243934450e-05,1.359394611209528440e-05,7.838078393694195427e-06,4.375302985992128406e-06,2.364507086141092878e-06,1.237104122249702670e-06,6.266195928228956692e-07,3.072787572513665828e-07,1.458783009447546957e-07,6.704668564777618910e-08,2.983263007649998018e-08,1.285088222495423010e-08,5.359219558813421542e-09,2.163704085078959542e-09,8.457125700588991276e-10,3.200202586797955136e-10,1.172365931267121192e-10,4.157968093022841733e-11,1.427684992126494476e-11,4.745890176043826592e-12,1.527346218946209814e-12,4.758740406962809977e-13,1.435427297287221832e-13,4.191841404429186516e-14,1.185120834471173509e-14,3.243801181942951155e-15,8.595661292517480659e-16,2.205146964507041612e-16,5.476823211331760190e-17,1.316899584277017645e-17,3.065555756491400532e-18,6.908731372647004688e-19,1.507369976782861437e-19,3.184005752827329630e-20,6.511187950938413109e-21,1.289077450663648111e-21,2.470757801398112375e-22,4.584729519241700115e-23,8.236252280566021103e-24,1.432444945576046917e-24,2.411896205081709854e-25,3.931621172396635982e-26,6.204647197118882512e-27,9.479706577789080406e-28,1.402184215072763893e-28,2.007925654207965637e-29,2.783700831395681032e-30,3.736197845830714584e-31,4.854779933384342800e-32
8.766913402096271735e-32,6.746942892765554739e-31,5.026894001589082625e-30,3.625974929817474156e-29,2.532108098799571103e-28,1.711875054748292698e-27,1.120454591354046001e-26,7.099844444981859778e-26,4.355477579750141740e-25,2.586753869035712437e-24,1.487328185499231736e-23,8.279247864910286279e-23,4.461771625769948992e-22,2.327856290588858421e-21,1.175810597605885963e-20,5.749776327309021275e-20,2.722055066940208592e-19,1.247599634418081888e-18,5.535870814844087510e-18,2.378094074694010183e-17,9.890186715979870443e-17,3.982101507991578954e-16,1.552217366689127398e-15,5.857673025309577254e-15,2.140080398701470209e-14,7.569504102414984546e-14,2.592012812948374187e-13,8.592889663136009761e-13,2.757869440004848620e-12,8.569205256242883221e-12,2.577743880344974885e-11,7.507085451938698535e-11,2.116583129525268618e-10,5.777389887669096197e-10,1.526723531888088020e-09,3.905903399205017572e-09,9.674198017966490015e-09,2.319748074688253436e-08,5.385165430592860070e-08,1.210290575397309686e-07,2.633374522606942908e-07,5.547125397072303917e-07,1.131242501517437793e-06,2.233447865348160150e-06,4.269021097448891777e-06,7.899746565381807911e-06,1.415240969362778241e-05,2.454595885109684555e-05,4.121563423387578350e-05,6.700023848403093322e-05,1.054442945903914168e-04,1.606579418142509131e-04,2.369810874280937766e-04,3.384211936545235061e-04,4.678792594299892478e-04,6.262423167328291448e-04,8.114904315342398719e-04,1.018021082355229654e-03,1.236410021635122800e-03,1.453786518393566018e-03,1.654897629419820959e-03,1.823786543390560830e-03,1.945849545247213194e-03,2.009911272453687291e-03,2.009911319121805012e-03,1.945849706689105601e-03,1.823786886755933423e-03,1.654898274253517598e-03,1.453787641864357676e-03,1.236411854438003617e-03,1.018023887147519787e-03,8.114944593903829998e-04,6.262477450704097975e-04,4.678861251429936637e-04,3.384293431662574632e-04,2.369901657364127591e-04,1.606674326774058651e-04,1.054536063970297390e-04,6.700881260572277517e-05,4.122304345905186983e-05,2.455196759094190837e-05,1.415698290700678567e-05,7.903013097903062426e-06,4.271210773982315842e-06,2.234825393232233854e-06,1.132055796868839477e-06,5.551631733775704669e-07,2.635717814785975164e-07,1.211434129469440044e-07,5.390402814666355609e-08,2.321999199623037539e-08,9.683278569565135977e-09,3.909340975290716314e-09,1.527944824880129418e-09,5.781461954222899933e-10,2.117857328721253593e-10,7.510827309424362546e-11,2.578775131897803044e-11,8.571872541380827458e-12,2.758516883290674221e-12,8.594364559397016465e-13,2.592328130883974955e-13,7.570136752151191361e-14,2.140199524395758534e-14,5.857883536416610970e-15,1.552252278473150560e-15,3.982155845100356285e-16,9.890266084533774175e-17,2.378104954668145395e-17,5.535884811836221067e-18,1.247601324349302515e-18,2.722056981772741454e-19,5.749778363507092774e-20,1.175810800811968634e-20,2.327856480907335990e-21,4.461771793053254192e-22,8.279248002901692724e-23,1.487328196181857265e-23,2.586753876796966785e-24,4.355477585042063024e-25,7.099844448368132986e-26,1.120454591557402792e-26,1.711875054862903038e-27,2.532108098860227372e-28,3.625974929847441764e-29,5.026894001603099813e-30,6.746942892771683668e-31,8.766913402098786408e-32
1.529160683700807724e-31,1.176829213839927890e-30,8.768112921616649596e-30,6.324572912327245059e-29,4.416605906748098199e-28,2.985922078919338211e-27,1.954342458271588950e-26,1.238383737549189799e-25,7.597001097446526901e-25,4.511921281205558116e-24,2.594258299028804062e-23,1.444100077754568491e-22,7.782403494652945500e-22,4.060341597560394017e-21,2.050896655267253728e-20,1.002899366804788044e-19,4.747919132220796200e-19,2.176114012367771308e-18,9.655890975360018356e-18,4.147968383370185786e-17,1.725086582573106222e-16,6.945743370831615311e-16,2.707440647390324622e-15,1.021719147600624218e-14,3.732815251569150213e-14,1.320303684733266186e-13,4.521094145017688462e-13,1.498806755534391126e-12,4.810388018007638046e-12,1.494675624978329875e-11,4.496205692566136625e-11,1.309416369909877611e-10,3.691830359223802468e-10,1.007715836285310941e-09,2.662973264097597985e-09,6.812835531111324970e-09,1.687412955610307772e-08,4.046198917689534844e-08,9.393024516152315789e-08,2.111038034559220573e-07,4.593238920857949046e-07,9.675521675317411099e-07,1.973159169837604224e-06,3.895670583411156933e-06,7.446200185514877549e-06,1.377905917958999166e-05,2.468520845426333996e-05,4.281405951821161475e-05,7.188998514479115823e-05,1.168645403339594447e-04,1.839202262105692253e-04,2.802261148010673714e-04,4.133520488399420418e-04,5.902880068880847313e-04,8.160940292527917679e-04,1.092317313185379307e-03,1.415434607639260442e-03,1.775673766909001547e-03,2.156596635395572736e-03,2.535753561348057412e-03,2.886539742496918581e-03,3.181122663292573413e-03,3.394029938116430688e-03,3.505769061630170311e-03,3.505769258328534938e-03,3.394030618567192830e-03,3.181124110520583154e-03,2.886542460363841420e-03,2.535758296590828222e-03,2.156604360355285008e-03,1.775685588642630670e-03,1.415451584383878823e-03,1.092340192726638272e-03,8.161229670927147919e-04,5.903223557264111136e-04,4.133903124016029837e-04,2.802661172128382205e-04,1.839594739288635524e-04,1.169006788327334965e-04,7.192121379824000806e-05,4.283938535861004054e-05,2.470448378904751847e-05,1.379282707159767740e-05,7.455429308399133599e-06,3.901476634635862960e-06,1.976587074655837461e-06,9.694515136022115980e-07,4.603115508172986315e-07,2.115857925029526390e-07,9.415099220095383319e-08,4.055687035378953077e-08,1.691240257281645828e-08,6.827324343333049679e-09,2.668120811202933790e-09,1.009432144700929995e-09,3.697200897191067613e-10,1.310993500688031688e-10,4.500552246570971086e-11,1.495799841360498584e-11,4.813116883917361833e-12,1.499428399810426288e-12,4.522423157742107036e-13,1.320570336088798461e-13,3.733317346583862790e-14,1.021807874535660221e-14,2.707587794761153711e-15,6.945972392719675578e-16,1.725120035100235831e-16,4.148014240654088461e-17,9.655949970356965899e-18,2.176121135147170796e-18,4.747927202921864864e-19,1.002900225028454546e-19,2.050897511747138601e-20,4.060342399721083817e-21,7.782404199724134733e-22,1.444100135915625554e-22,2.594258344054295505e-23,4.511921313917959880e-24,7.597001119751097826e-25,1.238383738976448407e-25,1.954342459128703698e-26,2.985922079402400813e-27,4.416605907003660959e-28,6.324572912454022213e-29,8.768112921675733945e-30,1.176829213842511008e-30,1.529160683701867894e-31
2.575506680946899797e-31,1.982088301696911189e-30,1.476779624902972505e-29,1.065223554558868501e-28,7.438719907714281355e-28,5.029074017540026106e-27,3.291624033881716894e-26,2.085762224748591028e-25,1.279533752743435107e-24,7.599255936614731644e-24,4.369409737294730431e-23,2.432242365276839216e-22,1.310760367301236296e-21,6.838677598049864578e-21,3.454246564062137017e-20,1.689144932285272348e-19,7.996738064201199134e-19,3.665145355288183140e-18,1.626304676977962289e-17,6.986264032025416559e-17,2.905497156699162705e-16,1.169844912074613656e-15,4.560038424964656002e-15,1.720842367152829318e-14,6.287037537408809325e-14,2.223736849341213068e-13,7.614705439262436901e-13,2.524382724112982636e-12,8.101952012225195269e-12,2.517424819387595083e-11,7.572786773519429909e-11,2.205399762621622621e-10,6.218008255412195368e-10,1.697257127071534778e-09,4.485143717053736627e-09,1.147459754465051555e-08,2.842044911966202189e-08,6.814857624856590214e-08,1.582031087609451493e-07,3.555540382180014661e-07,7.736216117736293191e-07,1.629611000468405957e-06,3.323316299363233937e-06,6.561328525699090385e-06,1.254134933619157675e-05,2.320754081141408737e-05,4.157634967481327098e-05,7.211007809901686316e-05,1.210815442792332708e-04,1.968304623602235102e-04,3.097697818258248869e-04,4.719740956846281399e-04,6.961929996755091389e-04,9.941994465545687942e-04,1.374515868114586058e-03,1.839748149359126186e-03,2.383962213784374638e-03,2.990699211503173791e-03,3.632272988404540263e-03,4.270872459441061794e-03,4.861688182494959543e-03,5.357842933200209629e-03,5.716434580544715871e-03,5.904632709005097624e-03,5.904633486328162914e-03,5.716437269586257391e-03,5.357848652432882150e-03,4.861698923106113485e-03,4.270891172425466883e-03,3.632303516311496949e-03,2.990745929259346937e-03,2.384029303387356219e-03,1.839838565948051334e-03,1.374630226210628737e-03,9.943351881221017177e-04,6.963442116550818068e-04,4.721321793446203166e-04,3.099248830479648786e-04,1.969732764031731083e-04,1.212049553340970276e-04,7.221016210308712634e-05,4.165252296875512059e-05,2.326194949985448693e-05,1.257782147523128845e-05,6.584273187959491861e-06,3.336862876076304738e-06,1.637116937363572684e-06,7.775246941175397685e-07,3.574587881882254084e-07,1.590754686607665015e-07,6.852353273352561728e-08,2.857169846421519479e-08,1.153185520396452824e-08,4.505486067686016404e-09,1.704039726019967623e-09,6.239231833201471097e-10,2.211632351974503663e-10,7.589963716983785568e-11,2.521867557523764964e-11,8.112736089772756065e-12,2.526839371050377171e-12,7.619957502484319181e-13,2.224790616360690627e-13,6.289021743212268374e-14,1.721193002977253157e-14,4.560619929776706959e-15,1.169935418163309227e-15,2.905629356176346977e-16,6.986445253280853006e-17,1.626327990934859075e-17,3.665173503466930617e-18,7.996769958427256874e-19,1.689148323859236345e-19,3.454249948744933849e-20,6.838680768070808586e-21,1.310760645934997151e-21,2.432242595120672229e-22,4.369409915228864215e-23,7.599256065889340840e-24,1.279533761557873620e-24,2.085762230388908634e-25,3.291624037268909605e-26,5.029074019449017739e-27,7.438719908724092453e-28,1.065223554608969517e-28,1.476779624926321220e-29,1.982088301707118247e-30,2.575506680951087490e-31
4.187229768251211347e-31,3.222456847643062608e-30,2.400931689397576654e-29,1.731828463303148438e-28,1.209378708496008155e-27,8.176211923177815986e-27,5.351485298998812141e-26,3.391008744636673182e-25,2.080251570925712661e-24,1.235478475352041608e-23,7.103737162491310563e-23,3.954312256625381482e-22,2.131019449341800846e-21,1.111824505285270867e-20,5.615875177851499308e-20,2.746192815448317961e-19,1.300100672191619950e-18,5.958752058444650425e-18,2.644027835790604263e-17,1.135818941576357799e-16,4.723724568878638300e-16,1.901920688582759934e-15,7.413659136912515966e-15,2.797726148223781092e-14,1.022139485232171039e-13,3.615326336057215067e-13,1.237990238100310370e-12,4.104113014755887623e-12,1.317206237417304282e-11,4.092800931581603481e-11,1.231175148613531594e-10,3.585514106897306388e-10,1.010916782274516095e-09,2.759381530409218688e-09,7.291896163914252442e-09,1.865527151340875934e-08,4.620564623702122271e-08,1.107951880858720687e-07,2.572048332602905866e-07,5.780557527037658195e-07,1.257745307416577969e-06,2.649403219300599206e-06,5.403010227444661508e-06,1.066733405326755070e-05,2.038958456719352418e-05,3.773055859351547047e-05,6.759436125772133228e-05,1.172357531979349282e-04,1.968530116200049060e-04,3.200047498965967853e-04,5.036202240753595918e-04,7.673301715408555089e-04,1.131862741518797075e-03,1.616358268072449686e-03,2.234672424892748203e-03,2.991041830568629337e-03,3.875818930619931001e-03,4.862245113144722172e-03,5.905308543351478132e-03,6.943536392898495141e-03,7.904077996188429295e-03,8.710720939994143208e-03,9.293715534872614217e-03,9.599686690867640509e-03,9.599689570656096821e-03,9.293725497102138175e-03,8.710742128327482806e-03,7.904117787479080642e-03,6.943605719847471824e-03,5.905421641647439282e-03,4.862418190801885004e-03,3.876067480898347586e-03,2.991376801523179009e-03,2.235096093171401802e-03,1.616861156789976437e-03,1.132422944261882777e-03,7.679158321493339059e-04,5.041948354940106909e-04,3.205338403749977963e-04,1.973102188575372293e-04,1.176065395190847612e-04,6.787656434994302390e-05,3.793212924022153378e-05,2.052470476331891700e-05,1.075233831532303351e-05,5.453196922014621693e-06,2.677210847042867945e-06,1.272205255905721505e-06,5.851123771936671182e-07,2.604367095324100181e-07,1.121843085246564157e-07,4.676598740806186368e-08,1.886739688800712711e-08,7.367259509181565728e-09,2.784509371119491992e-09,1.018779589526509932e-09,3.608604298970053487e-10,1.237538778581089939e-10,4.109260170444429581e-11,1.321201469700412494e-11,4.113214280125262010e-12,1.239935996784306469e-12,3.619230280549953654e-13,1.022874584089478935e-13,2.799025166669425914e-14,7.415813467487057814e-15,1.902255991111662988e-15,4.724214335033080401e-16,1.135886079540373664e-16,2.644114208197359171e-17,5.958856340439980097e-18,1.300112488208430151e-18,2.746205380385589461e-19,5.615887717258712558e-20,1.111825679699086970e-20,2.131020481610484136e-21,3.954313108139448173e-22,7.103737821692980134e-23,1.235478523245066296e-23,2.080251603581013318e-24,3.391008765532645553e-25,5.351485311547517393e-26,8.176211930250150771e-27,1.209378708870096820e-27,1.731828463488788198e-28,2.400931689484077127e-29,3.222456847680880150e-30,4.187229768266728976e-31
6.568538172689149161e-31,5.055091787434267578e-30,3.766359221890417527e-29,2.716732063764344665e-28,1.897161286019294319e-27,1.282608385443852230e-26,8.394914397482531774e-26,5.319500389483532031e-25,3.263305958519049514e-24,1.938104182487995608e-23,1.114368479952410359e-22,6.203158756970976585e-22,3.342945903250765643e-21,1.744127289042422859e-20,8.809664747435682999e-20,4.307972892868313458e-19,2.039477498555401950e-18,9.347538235006294067e-18,4.147705936924777168e-17,1.781767537949994471e-16,7.410141517241873736e-16,2.983556990138824195e-15,1.162986168309912813e-14,4.388813611490466928e-14,1.603437737634495597e-13,5.671389047045042248e-13,1.942044403208105489e-12,6.438152309400041405e-12,2.066311124692254633e-11,6.420406961221080673e-11,1.931353522143107321e-10,5.624622383621265422e-10,1.585832600859568347e-09,4.328662127150660159e-09,1.143885121068038693e-08,2.926466180261395928e-08,7.248313751562068757e-08,1.738052274586048034e-07,4.034791160209026356e-07,9.068003161343415713e-07,1.973034325923087928e-06,4.156138340621819233e-06,8.475741932170896599e-06,1.673392548481535783e-05,3.198529146176342871e-05,5.918820511774894745e-05,1.060357722775097204e-04,1.839085893789496043e-04,3.088047689761571984e-04,5.019938077140363372e-04,7.900327542236947574e-04,1.203716490804278587e-03,1.775561417795210256e-03,2.535593118212774687e-03,3.505547089488979078e-03,4.692069346694114490e-03,6.080025701077764605e-03,7.627439724352634044e-03,9.263701029602555703e-03,1.089237676570035604e-02,1.239918562814504299e-02,1.366457281415782953e-02,1.457912185287679567e-02,1.505910362798256602e-02,1.505911362809942040e-02,1.457915644689674640e-02,1.366464639102379398e-02,1.239932380411251298e-02,1.089261750476889362e-02,9.264093765455280044e-03,7.628040739608408366e-03,6.080888796358825676e-03,4.693232539316576080e-03,3.507018285153579336e-03,2.537339408266286664e-03,1.777506731826130389e-03,1.205750207727481057e-03,7.920281026378751549e-04,5.038310838501650329e-04,3.103924292744908919e-04,1.851961515016139819e-04,1.070157275555703872e-04,5.988816278861093989e-05,3.245449875613865508e-05,1.702910430303134295e-05,8.650016125430316587e-06,4.252700824618182838e-06,2.023246755315213832e-06,9.313045707111770572e-07,4.147018640991356902e-07,1.786289729928273637e-07,7.442893224009694411e-08,3.000127095459653475e-08,1.170055177315683049e-08,4.415919002815771071e-09,1.613136339476691533e-09,5.704803487998914051e-10,1.953451340863797814e-10,6.477561962144348081e-11,2.080184640152633706e-11,6.469756615949278686e-12,1.948801084990731212e-12,5.684945564022924516e-13,1.605990381545816502e-13,4.393324476244234953e-14,1.163734263449689075e-14,2.984721334159122266e-15,7.411842238960577687e-16,1.782000675729193973e-16,4.148005866649893741e-17,9.347900356097611363e-18,2.039518529884818296e-18,4.308016524837407272e-19,8.809708290751193912e-20,1.744131367215343975e-20,3.342949487822148513e-21,6.203161713868673003e-22,1.114368708861367778e-22,1.938104348797379230e-23,3.263306071915164406e-24,5.319500462045166390e-25,8.394914441058131466e-26,1.282608387899732565e-26,1.897161287318289117e-27,2.716732064409074241e-28,3.766359222190792579e-29,5.055091787565589563e-30,6.568538172743028211e-31
9.937476527223054884e-31,7.647798438540553705e-30,5.698087668310391850e-29,4.110117107435400453e-28,2.870196572284584661e-27,1.940445558642382273e-26,1.270058307948828087e-25,8.047819601146378188e-25,4.937023354566798351e-24,2.932138675979120567e-23,1.685917067247629654e-22,9.384697617856686337e-22,5.057509840386633031e-21,2.638672949700206787e-20,1.332805478764607319e-19,6.517489641879498730e-19,3.085505364642845404e-18,1.414179827467832340e-17,6.275023347110847364e-17,2.695618510518142263e-16,1.121072991509234234e-15,4.513793903248124932e-15,1.759470287790582633e-14,6.639792766658756656e-14,2.425825116897045941e-13,8.580188475739095110e-13,2.938099796990961347e-12,9.740217042410305450e-12,3.126101692602710170e-11,9.713370280412479751e-11,2.921925668616325778e-10,8.509435652536721186e-10,2.399190479347582315e-09,6.548790180087851607e-09,1.730572502070047072e-08,4.427421780842538036e-08,1.096590228668894806e-07,2.629482120329106524e-07,6.104195696621617142e-07,1.371889242256501576e-06,2.984984144994148047e-06,6.287780647381412118e-06,1.282286625842430154e-05,2.531659059318086617e-05,4.839023154942433770e-05,8.954525094969357211e-05,1.604204726151913798e-04,2.782334884962442325e-04,4.671876850704208945e-04,7.594614737435103615e-04,1.195232751099192022e-03,1.821090790425068748e-03,2.686229332660716729e-03,3.836073785865915051e-03,5.303507569683306444e-03,7.098585375597239212e-03,9.198410842122559800e-03,1.153947825582790632e-02,1.401496189083736507e-02,1.647896952607996734e-02,1.875860633050546039e-02,2.067299956716850406e-02,2.205661534682447009e-02,2.278278319484727116e-02,2.278281573723309542e-02,2.205672792270348126e-02,2.067323900104673859e-02,1.875905598281582543e-02,1.647975293929104801e-02,1.401623993206830947e-02,1.154143408000839546e-02,9.201219527267481477e-03,7.102370637677878594e-03,5.308295135435427831e-03,3.841756563931829176e-03,2.692559774664887544e-03,1.827708913170616751e-03,1.201726015021281711e-03,7.654403387702193862e-04,4.723542500985840114e-04,2.824234738738008385e-04,1.636094436275079369e-04,9.182305359252919603e-05,4.991712618842353077e-05,2.627716166801947586e-05,1.338998943530947325e-05,6.602014336648440965e-06,3.148385460721918544e-06,1.451631001164724099e-06,6.469406427164786417e-07,2.786456474402366484e-07,1.159910291443114737e-07,4.667129172156245137e-08,1.815735113704318218e-08,6.832741553534234426e-09,2.488042320780783243e-09,8.770361047113783023e-10,2.993836402619586250e-10,9.899364116288233203e-11,3.171248894350125886e-11,9.843063794406158430e-12,2.960087394615703552e-12,8.624304100848023767e-13,2.434131932136694453e-13,6.654472025255861065e-14,1.761904739411602800e-14,4.517582912208211597e-15,1.121626440465753236e-15,2.696377187609264097e-16,6.275999378589574421e-17,1.414297668933561759e-17,3.085638888817911087e-18,6.517631629057648640e-19,1.332819648632768182e-19,2.638686220892732628e-20,5.057521505300741949e-21,9.384707240194583266e-22,1.685917812163287241e-22,2.932139217183208414e-23,4.937023723580496845e-24,8.047819837276487506e-25,1.270058322129202150e-25,1.940445566634308929e-26,2.870196576511726991e-27,4.110117109533584150e-28,5.698087669287871517e-29,7.647798438967902093e-30,9.937476527398397610e-31
1.449074639376565683e-30,1.115195667028121563e-29,8.308904489458226130e-29,5.993338901416926349e-28,4.185296993184783195e-27,2.829541725624878326e-26,1.851988560210898180e-25,1.173526423368322600e-24,7.199126777823602375e-24,4.275620458430206944e-23,2.458390376619400795e-22,1.368468874265994006e-21,7.374819178717166100e-21,3.847691154333698290e-20,1.943485967699299062e-19,9.503749695986542934e-19,4.499258500199614790e-18,2.062145372507551124e-17,9.150187342716726888e-17,3.930728701924671921e-16,1.634739399319097199e-15,6.581977079041299953e-15,2.565645076785234322e-14,9.682091104842722862e-14,3.537318198265391035e-13,1.251156014024691993e-12,4.284312915973929172e-12,1.420310423829904270e-11,4.558455731143755219e-11,1.416395651115336112e-10,4.260727935242150747e-10,1.240838895640965886e-09,3.498479789242555464e-09,9.549391882906124903e-09,2.523506563746204881e-08,6.456029961798604313e-08,1.599038836267081893e-07,3.834289162671093235e-07,8.901087870280098591e-07,2.000477589598821873e-06,4.352679285936207713e-06,9.168789932859522130e-06,1.869819792610092002e-05,3.691644381102108613e-05,7.056223694188132355e-05,1.305741471412252299e-04,2.339238114089268138e-04,4.057177804653954822e-04,6.812492330524034211e-04,1.107440463553422110e-03,1.742878549729451635e-03,2.655499586033226687e-03,3.917037480222493664e-03,5.593731188240367094e-03,7.733531042411204842e-03,1.035109871376015123e-02,1.341304692614029084e-02,1.682677220222066755e-02,2.043650224117053368e-02,2.402949846684692900e-02,2.735364773248319045e-02,3.014520451871177328e-02,3.216279226578953182e-02,3.322170849925853986e-02,3.322180771766733431e-02,3.216313549814024675e-02,3.014593452813812968e-02,2.735501867642632645e-02,2.403188701366839805e-02,2.044039885827727415e-02,1.683273531027612568e-02,1.342161032012019473e-02,1.036263959101807117e-02,7.748127841135414411e-03,5.611057397825182542e-03,3.936338350968608506e-03,2.675677565960955621e-03,1.762675847864090574e-03,1.125669412023828616e-03,6.970015618383285094e-04,4.184926176958791099e-04,2.436466581360984939e-04,1.375189346245551513e-04,7.521758265878781690e-05,3.984512685490532586e-05,2.042729853660652710e-05,1.012685633906293930e-05,4.850873199177585841e-06,2.243602063488761270e-06,1.001457806585580668e-06,4.312887926616047343e-07,1.792095236820999803e-07,7.186873301581961493e-08,2.783158663626589885e-08,1.041513060280234851e-08,3.769379973767729662e-09,1.320392381981900016e-09,4.479976414470005764e-10,1.473103270953650529e-10,4.696104935559647637e-11,1.451667347495259399e-11,4.351350854161015061e-12,1.264606417291163949e-12,3.562644829035661043e-13,9.726846664193035847e-14,2.573067470994677201e-14,6.593529380151711154e-15,1.636426808629085600e-15,3.933041830844341960e-16,9.153163162952130934e-17,2.062504659094030006e-17,4.499665601764206086e-18,9.504182600382684159e-19,1.943529170179266819e-19,3.847731616843400578e-20,7.374854743848100680e-21,1.368471808018453603e-21,2.458392647791116312e-22,4.275622108506163217e-23,7.199127902908663245e-24,1.173526495361980497e-24,1.851988603445410967e-25,2.829541749991445881e-26,4.185297006072844712e-27,5.993338907814211226e-28,8.308904492438462863e-29,1.115195667158415835e-29,1.449074639430025219e-30
2.035140985402119755e-30,1.566227402674182422e-29,1.166937272296974436e-28,8.417295635596929712e-28,5.878006015325198999e-27,3.973926655843025688e-26,2.601010134993899369e-25,1.648149554723252597e-24,1.011075452328540811e-23,6.004860064847175180e-23,3.452666189595885978e-22,1.921934880085981266e-21,1.035750427389592445e-20,5.403858265522255926e-20,2.729512918065031323e-19,1.334746326774893114e-18,6.318946677318567276e-18,2.896163145366361164e-17,1.285090552221817512e-16,5.520479667786519195e-16,2.295896333840551138e-15,9.244003693486396464e-15,3.603299173055224828e-14,1.359793339585352226e-13,4.967957514456245743e-13,1.757175796251267941e-12,6.017068115509621583e-12,1.994743318931953863e-11,6.402085742514446785e-11,1.989245248519667150e-10,5.983944382871660674e-10,1.742686004004956105e-09,4.913411229632579392e-09,1.341156506260442340e-08,3.544118084228384924e-08,9.067118298263313180e-08,2.245756971039788510e-07,5.385035948315563041e-07,1.250105981239621486e-06,2.809554333738537347e-06,6.113084702752640185e-06,1.287703177728159874e-05,2.626053063004477238e-05,5.184699655459259538e-05,9.910055460211652015e-05,1.833837893922198471e-04,3.285323772311810032e-04,5.698070072407222103e-04,9.567748946704833935e-04,1.555335670799297540e-03,2.447771476197593572e-03,3.729494601226649927e-03,5.501251144071709828e-03,7.856069863331635594e-03,1.086129421178968525e-02,1.453751566063606927e-02,1.883784375036170328e-02,2.363222237271866977e-02,2.870187865537623603e-02,3.374803437017804414e-02,3.841661314458122423e-02,4.233720424187099873e-02,4.517081833016062947e-02,4.665807203059874758e-02,4.665835537406191197e-02,4.517179851764899917e-02,4.233928896991200758e-02,3.842052822454829208e-02,3.375485547461343910e-02,2.871300643901062918e-02,2.364925154813208100e-02,1.886229870520434240e-02,1.457047357812174017e-02,1.090297909216367787e-02,7.905549272311889614e-03,5.556369701459967607e-03,3.787117967511841477e-03,2.504307708563524582e-03,1.607393080830733746e-03,1.001759685751008998e-03,6.062888120399276704e-04,3.562984450090831952e-04,2.032164007020703070e-04,1.123950812291749676e-04,6.021059768688503196e-05,3.119841827687350015e-05,1.561303466993579410e-05,7.535804442120803562e-06,3.503858256233724987e-06,1.568091496263554019e-06,6.751796742865389345e-07,2.797078744708958689e-07,1.115422779169418780e-07,4.285620856642296586e-08,1.588390270703267856e-08,5.687035775574607771e-09,1.969871267302150860e-09,6.610064315157512882e-10,2.151188315209569603e-10,6.795178140927407385e-11,2.084291009256569056e-11,6.208512040074593732e-12,1.795586852109353198e-12,5.040284165928387965e-13,1.372574430650849879e-13,3.624495712142662271e-14,9.276994234695409885e-15,2.300715161349058767e-15,5.527085397174790599e-16,1.285940373561900632e-16,2.897189179818180723e-17,6.320109259631350406e-18,1.334869953662592893e-18,2.729636293761531998e-19,5.403973816534964549e-20,1.035760583919489054e-20,1.921943258164081347e-21,3.452672675505779607e-22,6.004864777059774702e-23,1.011075773625265320e-23,1.648149760319497219e-24,2.601010258461075611e-25,3.973926725427971545e-26,5.878006052130260027e-27,8.417295653866190061e-28,1.166937273148056533e-28,1.566227403046268922e-29,2.035140985554787369e-30
2.750358068744946721e-30,2.116652460607405404e-29,1.577038330809837181e-28,1.137541680622272363e-27,7.943735293202246031e-27,5.370498319721594503e-26,3.515092695287872236e-25,2.227364815924969041e-24,1.366401418068011722e-23,8.115170128016306586e-23,4.666049370216841570e-22,2.597367525376847033e-21,1.399748010388658696e-20,7.302956055399154208e-20,3.688755684147602919e-19,1.803821138636105043e-18,8.539637354165154708e-18,3.913972413899539219e-17,1.736714652558999226e-16,7.460562146086032395e-16,3.102751628547574823e-15,1.249265791817612847e-14,4.869619857199391042e-14,1.837670515301066680e-13,6.713865099801495985e-13,2.374706550597091635e-12,8.131668498833774459e-12,2.695763301732921111e-11,8.651994286893381507e-11,2.688333024209434737e-10,8.086903970979818354e-10,2.355124557356850311e-09,6.640149413438273541e-09,1.812484071079910000e-08,4.789640540611725977e-08,1.225360903778671567e-07,3.034991605025873779e-07,7.277518942013214443e-07,1.689435325095852579e-06,3.796926348986258787e-06,8.261428548555838281e-06,1.740245442658308085e-05,3.548936551616681815e-05,7.006777728764621298e-05,1.339278270754190505e-04,2.478310291275803452e-04,4.439897191610271644e-04,7.700563799920521211e-04,1.293017815673012461e-03,2.101933007336239962e-03,3.308000810925160531e-03,5.040164609072947215e-03,7.434576072188319590e-03,1.061695739908095903e-02,1.467831880523809938e-02,1.964648831820483416e-02,2.545809666070135771e-02,3.193738185050554179e-02,3.878868752932210229e-02,4.560823660889856690e-02,5.191752321428173833e-02,5.721597349456706422e-02,6.104549186437958214e-02,6.305559222639688099e-02,6.305634987514174838e-02,6.104811284533331189e-02,5.722154797144425598e-02,5.192799197678676232e-02,4.562647596108469761e-02,3.881844276422301981e-02,3.198291716384765726e-02,2.552348820224659143e-02,1.973461643147988651e-02,1.478978245766860398e-02,1.074926329981905522e-02,7.581960823399622358e-03,5.194247116060179623e-03,3.459176366609316693e-03,2.241132376654718546e-03,1.413305293354886940e-03,8.676072227362940925e-04,5.182350402556431396e-04,3.008626145368904444e-04,1.694768434547714957e-04,9.243170208035761946e-05,4.869307361053763756e-05,2.471841342033644014e-05,1.206572250627296363e-05,5.653466427878234712e-06,2.539715489188012702e-06,1.093218098716036523e-06,4.509203309756249330e-07,1.783445382066680368e-07,6.772388399285221410e-08,2.473576969552803495e-08,8.708789570898917044e-09,2.962608589895631410e-09,9.761122869678132506e-10,3.121362111425280124e-10,9.703107162273187781e-11,2.935210135710702645e-11,8.643581664379379758e-12,2.477416131175025193e-12,6.907263585507174931e-13,1.871846626145708829e-13,4.926298529283231385e-14,1.258087326594299472e-14,3.115636974738087954e-15,7.478225594271146401e-16,1.738987039804187638e-16,3.916715987744379941e-17,8.542746051363538465e-18,1.804151711839577532e-18,3.689085585676162837e-19,7.303265034045525163e-20,1.399775168531067126e-20,2.597389928012399346e-21,4.666066713272634559e-22,8.115182728278629894e-23,1.366402277202213841e-23,2.227365365680854698e-24,3.515093025434011927e-25,5.370498505788876823e-26,7.943735391617350839e-27,1.137541685507421224e-27,1.577038333085595213e-28,2.116652461602351416e-29,2.750358069153173691e-30
3.572463058853938160e-30,2.749337553492739919e-29,2.048428254938349911e-28,1.477562386552859587e-27,1.031818409638174158e-26,6.975785106990649461e-26,4.565783250212784025e-25,2.893142756177202422e-24,1.774830210322802308e-23,1.054086223466990743e-22,6.060770484875430490e-22,3.373742364720494821e-21,1.818144377506327512e-20,9.485870594388628718e-20,4.791355556394233550e-19,2.342998337484809070e-18,1.109220625868745766e-17,5.083891447054401217e-17,2.255833162432036219e-16,9.690586461470679106e-16,4.030189995895021191e-15,1.622681767394330829e-14,6.325189890073022406e-14,2.386965575451005534e-13,8.720695433709232576e-13,3.084526165532243581e-12,1.056229210627326367e-11,3.501549460157945867e-11,1.123814761670148900e-10,3.491898210645626148e-10,1.050414708729460285e-09,3.059090951018005724e-09,8.624945513223119323e-09,2.354250692764829799e-08,6.221304087991959913e-08,1.591631508733245277e-07,3.942175935598954445e-07,9.452830115431397290e-07,2.194421649244359878e-06,4.931859336094488258e-06,1.073083851825331367e-05,2.260419335171393152e-05,4.609743317768271164e-05,9.101162093063197111e-05,1.739599727819601880e-04,3.219097929310955637e-04,5.767019531888196429e-04,1.000232661346760112e-03,1.679511636477671634e-03,2.730218332754504040e-03,4.296789872620982061e-03,6.546711892524906609e-03,9.656832934688341225e-03,1.379045461609888258e-02,1.906579087854035071e-02,2.551898782772783758e-02,3.306773474805318330e-02,4.148373347512053499e-02,5.038295512587467884e-02,5.924093482496124025e-02,6.743614912472058187e-02,7.431842693275239609e-02,7.929280738670022033e-02,8.190417098758315251e-02,8.190606717910287049e-02,7.929936699877801476e-02,7.433237835265814331e-02,6.746234962834089799e-02,5.928658302958480369e-02,5.045742449504535265e-02,4.159769614659224873e-02,3.323139223098646455e-02,2.573954884912956972e-02,1.934475449316477511e-02,1.412158078594200755e-02,1.002569742137885550e-02,6.932339064811914552e-03,4.675141725776016388e-03,3.078597004830902796e-03,1.980558918138508682e-03,1.244376246346905928e-03,7.625180707291923663e-04,4.546336220221008418e-04,2.629296224326413607e-04,1.469825241024393277e-04,7.914277178031016088e-05,4.091407572896719325e-05,2.025196554394755657e-05,9.578281015356652228e-06,4.322444756745652043e-06,1.859946861250219697e-06,7.631732278906847144e-07,2.988367215255008401e-07,1.118358997656244127e-07,4.008788836268838945e-08,1.380219677943546111e-08,4.579460487170649120e-09,1.469426777210365322e-09,4.575653827594989237e-10,1.386880111405608986e-10,4.100820638342787682e-11,1.184347340547279472e-11,3.341580687161563150e-12,9.204719951647809163e-13,2.472499210919941713e-13,6.467041398541031900e-14,1.644759701987159457e-14,4.062438560073620506e-15,9.734793332903841125e-16,2.261520337990359541e-16,5.090757876245056950e-17,1.109998649366382675e-17,2.343825673515233607e-18,4.792181211402576953e-19,9.486643885036590005e-20,1.818212347049804551e-20,3.373798432506241383e-21,6.060813889890676524e-22,1.054089376974564908e-22,1.774832360505192364e-23,2.893144132068677086e-24,4.565784076479987441e-25,6.975785572667137755e-26,1.031818434268820422e-26,1.477562398779105552e-27,2.048428260633962271e-28,2.749337555982824309e-29,3.572463059875617864e-30
4.453176570548095865e-30,3.427127272148642885e-29,2.553423943386095549e-28,1.841823440276809258e-27,1.286190925186182997e-26,8.695514071905896667e-26,5.691378374272316267e-25,3.606384537729019479e-24,2.212376217501263776e-23,1.313948386967081778e-22,7.554922382143397080e-22,4.205465586663956252e-21,2.266368555923471162e-20,1.182440685495376448e-19,5.972560654481524744e-19,2.920613909627789427e-18,1.382674983984834100e-17,6.337214942817307300e-17,2.811960045635913431e-16,1.207959099202967654e-15,5.023746185449549280e-15,2.022718866219462432e-14,7.884528673552417945e-14,2.975420319311351441e-13,1.087059430552594342e-12,3.844949387943339061e-12,1.316619681269150317e-11,4.364780757619055625e-11,1.400866988366015257e-10,4.352750201250314670e-10,1.309371739668518634e-09,3.813243671333911836e-09,1.075123931276154394e-08,2.934640289766961508e-08,7.755032073526427544e-08,1.984013837755610125e-07,4.914034161915009906e-07,1.178322096041897756e-06,2.735408851912208449e-06,6.147702602635258128e-06,1.337629469768410434e-05,2.817676840086987900e-05,5.746175845835514652e-05,1.134485679205067532e-04,2.168460421405526343e-04,4.012696909931563532e-04,7.188753484141070316e-04,1.246818393704510848e-03,2.093558910568823605e-03,3.403294621022300709e-03,5.356070496634277207e-03,8.160662135979813298e-03,1.203751626671496593e-02,1.719019299549888469e-02,2.376604938469436060e-02,3.181014269086003543e-02,4.121987065322182259e-02,5.171065436510818153e-02,6.280379463532420603e-02,7.384554148450003797e-02,8.406117522195238889e-02,9.264030391385033592e-02,9.884143607991636993e-02,1.020975478277274390e-01,1.021019874281833134e-01,9.885679426313168094e-02,9.267296872092796456e-02,8.412251911396308179e-02,7.395241876348250532e-02,6.297815162504907804e-02,5.197747800763519860e-02,4.160304599615766846e-02,3.232654770637862635e-02,2.441919384704647686e-02,1.796546694821150175e-02,1.290114788105509343e-02,9.063540643812659572e-03,6.241915118491370151e-03,4.218962287124987560e-03,2.798408412851227222e-03,1.818437853024744812e-03,1.153931254721658663e-03,7.120192993593398760e-04,4.251528998824937009e-04,2.444946382430771437e-04,1.348316331780889232e-04,7.104615227059699382e-05,3.566834665777705328e-05,1.702648546343445913e-05,7.717802381236879637e-06,3.319847359664989811e-06,1.355248436773115459e-06,5.254225952379715698e-07,1.937335567852874320e-07,6.808451674218859384e-08,2.287286671311090992e-08,7.372922752076555306e-09,2.290415136870883585e-09,6.890174233077684519e-10,2.016788446968256852e-10,5.767869300207631683e-11,1.616585851397762154e-11,4.446797544918196716e-12,1.200385297067424615e-12,3.175682351428300699e-13,8.216649145094579755e-14,2.074410484636755378e-14,5.099250552355605005e-15,1.218309364169742027e-15,2.825275571488068891e-16,6.353291484584400583e-17,1.384496589787245360e-17,2.922550972092024981e-18,5.974493781126866891e-19,1.182621737961708327e-19,2.266527694709303227e-20,4.205596859567794666e-21,7.555024007387189612e-22,1.313955770352946916e-22,2.212381251776873473e-23,3.606387759138014070e-24,5.691380308832308551e-25,8.695515162205851307e-26,1.286190982854514407e-26,1.841823468902459313e-27,2.553423956721375036e-28,3.427127277978740101e-29,4.453176572940181708e-30
5.316361789449751560e-30,4.091427363947912991e-29,3.048369016998780960e-28,2.198834832995441830e-27,1.535500822900252525e-26,1.038101634173748574e-25,6.794571479243491806e-25,4.305431112084746957e-24,2.641214018864570901e-23,1.568638675587265396e-22,9.019337104286811341e-22,5.020635539056101112e-21,2.705672007530294526e-20,1.411640068402803827e-19,7.130256962783744900e-19,3.486733558595295277e-18,1.650686950232505488e-17,7.565594321218803459e-17,3.357018681663888405e-16,1.442104865253585073e-15,5.997528244636897358e-15,2.414794275683649223e-14,9.412832907888746930e-14,3.552163414708716258e-13,1.297770507837602864e-12,4.590238380310601222e-12,1.571827762462871726e-11,5.210831699915068517e-11,1.672405217054725588e-10,5.196469190553187846e-10,1.563174910017584458e-09,4.552386959505897657e-09,1.283521481039310528e-08,3.503478753903616103e-08,9.258235225686986940e-08,2.368586825535433381e-07,5.866550098919555389e-07,1.406723148705137694e-06,3.265629123041602442e-06,7.339347697485878311e-06,1.596910000953164071e-05,3.363843595766513557e-05,6.859990664708482647e-05,1.354389663210989712e-04,2.588785767566262742e-04,4.790501384044322996e-04,8.582191550551418122e-04,1.488496483727990132e-03,2.499365659508001949e-03,4.062975090940221419e-03,6.394268917968947211e-03,9.742490933396212235e-03,1.437081834510972947e-02,2.052226851977074357e-02,2.837276166271103517e-02,3.797608897606519901e-02,4.920976101623396326e-02,6.173403990974903055e-02,7.497744529800674795e-02,8.815952909431298834e-02,1.003554604646038906e-01,1.105979023465754885e-01,1.180019423558615610e-01,1.218912759038504878e-01,1.219009942361130583e-01,1.180355615810419756e-01,1.106694059540806740e-01,1.004897428917661539e-01,8.839348458621074101e-02,7.535911458904090421e-02,6.231811967985269318e-02,5.004853588675052534e-02,3.910650500624861248e-02,2.980250178544565504e-02,2.221935138611328894e-02,1.626131706546553660e-02,1.171890151790105049e-02,8.333392146261758143e-03,5.848480222292992692e-03,4.042288660452655891e-03,2.739777514241321932e-03,1.810561126447776973e-03,1.159284311416057230e-03,7.148644872578072953e-04,4.223001975901438101e-04,2.379633791312502100e-04,1.274799697811883001e-04,6.476663706688228948e-05,3.115311821708884640e-05,1.417214115328321384e-05,6.094544556890323214e-06,2.477620878763152051e-06,9.527115665071752994e-07,3.469086824100269024e-07,1.198329276673576831e-07,3.936958514663915568e-08,1.234456204351240018e-08,3.710689262467177170e-09,1.075091718147702175e-09,3.020663791651859333e-10,8.282207330757774606e-11,2.228456875341608015e-11,5.907690349086488109e-12,1.545842025915598225e-12,3.990539116994962023e-13,1.013984812598517078e-13,2.527947774060000439e-14,6.162808100824397508e-15,1.464761704524108467e-15,3.386166508314029705e-16,7.600786040852253295e-17,1.654674464563003300e-17,3.490973808777295983e-18,7.134488597416648011e-19,1.412036394162783234e-19,2.706020364012330980e-20,5.020922896828238952e-21,9.019559563018246191e-22,1.568654837896863994e-22,2.641225038947019873e-23,4.305438163783040091e-24,6.794575714015744815e-25,1.038101872841559866e-25,1.535500949136820162e-26,2.198834895657331357e-27,3.048369046189849429e-28,4.091427376710056026e-29,5.316361794686056399e-30
6.061612160218246827e-30,4.664965787537801328e-29,3.475690977040396833e-28,2.507068647669385535e-27,1.750748129780852847e-26,1.183623263137905938e-25,7.747038055948095842e-25,4.908968692797842233e-24,3.011460778734146740e-23,1.788531263955382178e-22,1.028367248763040627e-21,5.724430849676431441e-21,3.084954521897894145e-20,1.609524510063040934e-19,8.129780105797750785e-19,3.975505688902776082e-18,1.882081108569325761e-17,8.626143282382928392e-17,3.827607312812381995e-16,1.644259878038889858e-15,6.838264884660325880e-15,2.753301397763741263e-14,1.073232873838474090e-13,4.050107536400330612e-13,1.479692655058261593e-12,5.233700392552041160e-12,1.792167398693894555e-11,5.941288807646355937e-11,1.906843853371539053e-10,5.924912954224944583e-10,1.782301584876068354e-09,5.190542939820618453e-09,1.463446192245438737e-08,3.994598234430320314e-08,1.055605947239241309e-07,2.700616563133595702e-07,6.688926154106138979e-07,1.603918333995523242e-06,3.723406718157335331e-06,8.368181288835033535e-06,1.820765678468595704e-05,3.835388946936459380e-05,7.821627736980107525e-05,1.544248713186904408e-04,2.951683107801523760e-04,5.462036368686442895e-04,9.785247641988512653e-04,1.697154697810443306e-03,2.849728042338046420e-03,4.632525060161058611e-03,7.290620873293367568e-03,1.110819840113734872e-02,1.638532717735645058e-02,2.339909090145968901e-02,3.235007049055298178e-02,4.329959809217162614e-02,5.610801524583772237e-02,7.038796466944564900e-02,8.548787129814697239e-02,1.005179273511008775e-01,1.144237727726506726e-01,1.261027431098810103e-01,1.345464889987600665e-01,1.389851528074787790e-01,1.390050274871885982e-01,1.346152427020185782e-01,1.262489730656858877e-01,1.146983898734436624e-01,1.009963829484362141e-01,8.626841210590929787e-02,7.158244928286328079e-02,5.782336942900963284e-02,4.561137916032113881e-02,3.527399058709945745e-02,2.686974589637777105e-02,2.025153133085752163e-02,1.515009841860896767e-02,1.125626559902220131e-02,8.284009867108923023e-03,6.005115163500383477e-03,4.256113275924307444e-03,2.926131734627614167e-03,1.937330833482642407e-03,1.227691883600051138e-03,7.410764632341213269e-04,4.245766074346696978e-04,2.302664911193329938e-04,1.180020858527178922e-04,5.706903334552555811e-05,2.602799844176012338e-05,1.119084606055108585e-05,4.536052120804332776e-06,1.734031646579411470e-06,6.256760031055635801e-07,2.133642015915404325e-07,6.889913383147478484e-08,2.112609441637686623e-08,6.174120960231793287e-09,1.728415359358058755e-09,4.664128396848947282e-10,1.222247011344016616e-10,3.135020570815435890e-11,7.927983239123286781e-12,1.987016528505771738e-12,4.946616982677060892e-13,1.221912649476401342e-13,2.984708338533030633e-14,7.176273929364559364e-15,1.690594723521594656e-15,3.887216688500872489e-16,8.698112848482426297e-17,1.890235858583550971e-17,3.984177301683581032e-18,8.138434099168736433e-19,1.610335024390724240e-19,3.085666935645214908e-20,5.725018516729587909e-21,1.028412743153604934e-21,1.788564317026419424e-22,3.011483315585444068e-23,4.908983114021690545e-24,7.747046716358113678e-25,1.183623751230531740e-25,1.750748387943578799e-26,2.507068775817439717e-27,3.475691036738202810e-28,4.664965813637292390e-29,6.061612170926854785e-30
6.574367932957215107e-30,5.059578321953675221e-29,3.769701970424432850e-28,2.719143239010328594e-27,1.898845069411665069e-26,1.283746736049170844e-25,8.402365117432931139e-25,5.324221593989193216e-24,3.266202233294250499e-23,1.939824303839410080e-22,1.115357512963653526e-21,6.208664232848122413e-21,3.345912860691322324e-20,1.745675250507330901e-19,8.817483569853893776e-19,4.311796338594964862e-18,2.041287591543535240e-17,9.355834435100434324e-17,4.151387141271766958e-16,1.783348906182402585e-15,7.416718223879262029e-15,2.986204979926119882e-14,1.164018350871401685e-13,4.392708805602690062e-13,1.604860833210621984e-12,5.676422562518641477e-12,1.943768021614968500e-11,6.443866348589017929e-11,2.068145033269699714e-10,6.426105250920133780e-10,1.933067652095762481e-09,5.629614392380717904e-09,1.587240071387290923e-08,4.332503935148016788e-08,1.144900350918996166e-07,2.929063500367483539e-07,7.254746831557713089e-07,1.739594844306711236e-06,4.038372149552064559e-06,9.076051266287187631e-06,1.974785448748054130e-05,4.159827028961582049e-05,8.483264388805831298e-05,1.674877730897452875e-04,3.201367929729861559e-04,5.924073629556278822e-04,1.061298819739620817e-03,1.840718133670021968e-03,3.090788418033979523e-03,5.024393412250973204e-03,7.907339305251554276e-03,1.204784824014418221e-02,1.777137284424042118e-02,2.537843556878055518e-02,3.508658483689511276e-02,4.696234179209973769e-02,6.085423718505428292e-02,7.634215665590543543e-02,9.271943723568976115e-02,1.090210835370515330e-01,1.241037589272495079e-01,1.367720350076462865e-01,1.459334026526020178e-01,1.507552129777944283e-01,1.507931494686459706e-01,1.460646386912579087e-01,1.370511565563500289e-01,1.246279439347058038e-01,1.099343524126333294e-01,9.420932183484775901e-02,7.862217098925478043e-02,6.412847954905798176e-02,5.137503485799492509e-02,4.066771970862854968e-02,3.200316982289760220e-02,2.515112540582077616e-02,1.976296643445289020e-02,1.547690254120057465e-02,1.199429290223089258e-02,9.113744078326449505e-03,6.725219927170221837e-03,4.778861824258679239e-03,3.247770112850684177e-03,2.100123816943222886e-03,1.287279542045516442e-03,7.459600524630529382e-04,4.079181689280258170e-04,2.102339654910487547e-04,1.020355079962305790e-04,4.661304264598859707e-05,2.003897884958926107e-05,8.107050806114991833e-06,3.087310333064729589e-06,1.107278533817713244e-06,3.743431379574709555e-07,1.194519934162585966e-07,3.604715629140802235e-08,1.031610667395656298e-08,2.810845358991857578e-09,7.331208457974529698e-10,1.843329111530925507e-10,4.506986036839611329e-11,1.081922929211177842e-11,2.573233041707372668e-12,6.103952604420332977e-13,1.447816078967469966e-13,3.427911081339094783e-14,8.061904824083563947e-15,1.871792165013379471e-15,4.265168624469697618e-16,9.493208864564461313e-17,2.056853256189576449e-17,4.328348583145792007e-18,8.834002182739250376e-19,1.747222348112199311e-19,3.347272705378217770e-20,6.209785962914183455e-21,1.115444351974728025e-21,1.939887395046177512e-22,3.266245251298340617e-23,5.324249121005201296e-24,8.402381648293809340e-25,1.283747667713062015e-25,1.898845562188788190e-26,2.719143483617461470e-27,3.769702084374708384e-28,5.059578371771986901e-29,6.574367953397644718e-30
6.742175161165661794e-30,5.188721354830559074e-29,3.865921598726245961e-28,2.788547917101500437e-27,1.947312075083455458e-26,1.316513685464647423e-25,8.616830996910526512e-25,5.460119504961840817e-24,3.349570299871336485e-23,1.989337282571052711e-22,1.143826417445488717e-21,6.367137069539809872e-21,3.431315498436110203e-20,1.790232678404098309e-19,9.042545125994141885e-19,4.421852635954200876e-18,2.093390366472798346e-17,9.594637109386448218e-17,4.257349079590490288e-16,1.828867934007829575e-15,7.606025993119420477e-15,3.062426266238921266e-14,1.193729297236952609e-13,4.504830350443488060e-13,1.645824048355810778e-12,5.821310215000184585e-12,1.993381661635367942e-11,6.608342593595271680e-11,2.120933330046686262e-10,6.590128153399753779e-10,1.982408170902361299e-09,5.773307291333329447e-09,1.627753526003306902e-08,4.443088782843338387e-08,1.174123320552230866e-07,3.003826280950396355e-07,7.439920367564788857e-07,1.783997073084527175e-06,4.141449440601312551e-06,9.307712624702785671e-06,2.025190792020591535e-05,4.266004390903419278e-05,8.699795178953491641e-05,1.717628089939754335e-04,3.283081135355625990e-04,6.075282443183740999e-04,1.088387904966931375e-03,1.887701480379749309e-03,3.169679140779425343e-03,5.152638369477900715e-03,8.109169917413734663e-03,1.235536313845867970e-02,1.822497768837199467e-02,2.602620679592244218e-02,3.598215209983059160e-02,4.816103417773634487e-02,6.240752286827183637e-02,7.829079760576390656e-02,9.508620931407907317e-02,1.118042744692256951e-01,1.272728442837131047e-01,1.402668701604845580e-01,1.496679427130649387e-01,1.546262308384811490e-01,1.546937353076597854e-01,1.499014650797287351e-01,1.407635410849330526e-01,1.282055829183487705e-01,1.134293517834338849e-01,9.773732086251304962e-02,8.234787177993377338e-02,6.823373366908661031e-02,5.601301248082136974e-02,4.591326429481658311e-02,3.781430736177909813e-02,3.135656335054167604e-02,2.608370085939625688e-02,2.157850608127951514e-02,1.755492847956587749e-02,1.388697047712248063e-02,1.057921968280493841e-02,7.703446694675317348e-03,5.332500135098727778e-03,3.495630037647641519e-03,2.164328469581153561e-03,1.263412896175106128e-03,6.944923497468722014e-04,3.592042865025662579e-04,1.747204495656553809e-04,7.989912938954565631e-05,3.434605476067274820e-05,1.387882255737600257e-05,5.272765505656198395e-06,1.883987445061870430e-06,6.334469125936677831e-07,2.005878197952035847e-07,5.989850373209001675e-08,1.689924909562068049e-08,4.517185730958555913e-09,1.148606686673853989e-09,2.794241267935575496e-10,6.554390537864018006e-11,1.497245810920182362e-11,3.368952636018974721e-12,7.549830077130585415e-13,1.698721049484078461e-13,3.848401332449714509e-14,8.754075746545294525e-15,1.986244515389016187e-15,4.459812682660462292e-16,9.839082173532651398e-17,2.121088023946061892e-17,4.451305820923031413e-18,9.071938466531544500e-19,1.792985595193157052e-19,3.433735216013896492e-20,6.369133084220341256e-21,1.143980939416683894e-21,1.989449547525639664e-22,3.349646846422322631e-23,5.460168486735378828e-24,8.616860412045247776e-25,1.316515343274186632e-25,1.947312951934647950e-26,2.788548352357265102e-27,3.865921801490202042e-28,5.188721443477621421e-29,6.742175197537520908e-30
6.474852092536519714e-30,4.982991767319353651e-29,3.712640202122407443e-28,2.677983719583662671e-27,1.870102357589273040e-26,1.264314733364174206e-25,8.275178985669303328e-25,5.243629148918361020e-24,3.216761912407867257e-23,1.910461291632939432e-22,1.098474408549038271e-21,6.114684028922348606e-21,3.295265964487470367e-20,1.719251061683772672e-19,8.684013813247838282e-19,4.246528918101580356e-18,2.010388735214757122e-17,9.214215691497800196e-17,4.088547825844237503e-16,1.756354453335830294e-15,7.304451774124678633e-15,2.941002961834565340e-14,1.146398670069620034e-13,4.326216617612731655e-13,1.580568144361440295e-12,5.590498871046986061e-12,1.914345313572668448e-11,6.346325903366230300e-11,2.036839637344693384e-10,6.328833654441343513e-10,1.903806914949578662e-09,5.544399233567609391e-09,1.563214107026240792e-08,4.266923064921436836e-08,1.127570058215311676e-07,2.884726429662336077e-07,7.144932133727372150e-07,1.713262694252379987e-06,3.977243535745663290e-06,8.938667584893315469e-06,1.944893231642601369e-05,4.096859959425169524e-05,8.354853689287252035e-05,1.649525200176401706e-04,3.152909002078229696e-04,5.834401257712434202e-04,1.045233998750824678e-03,1.812855286055956201e-03,3.044003326442487611e-03,4.948339450587811369e-03,7.787646356788448243e-03,1.186548066049724487e-02,1.750236869337753326e-02,2.499428418201871116e-02,3.455548359398750990e-02,4.625148509542048592e-02,5.993312590741212142e-02,7.518669513312462027e-02,9.131635948353689081e-02,1.073721024517871325e-01,1.222288593497266596e-01,1.347116196915949526e-01,1.437495790038041399e-01,1.485332867032359005e-01,1.486450834346040306e-01,1.441363243202554156e-01,1.355341753918999359e-01,1.237736034509963057e-01,1.100634551008714546e-01,9.570696664204803028e-02,8.190577073077057180e-02,6.958213628728934785e-02,5.925544645885807982e-02,5.100277805846931134e-02,4.451700805996010313e-02,3.925008958614064486e-02,3.460150544512426846e-02,3.009472876393731039e-02,2.548824610651444569e-02,2.079331911400037966e-02,1.620721076326663360e-02,1.200068568211040687e-02,8.408646658358730902e-03,5.560813790985497107e-03,3.464916664621502974e-03,2.031854287833361784e-03,1.120492993749198224e-03,5.808009209481933798e-04,2.828850231619935087e-04,1.294424326910285266e-04,5.564053092384677285e-05,2.246758804023033331e-05,8.523425966591507627e-06,3.038449567417487628e-06,1.018161180936856608e-06,3.208754474657792353e-07,9.518320567646509074e-08,2.660815727890396082e-08,7.022550986972424222e-09,1.754679521461941350e-09,4.167849474177174983e-10,9.468006431238987757e-11,2.074606464745081112e-11,4.434307254848104300e-12,9.369157042188173694e-13,1.982734811306295805e-13,4.242686308261354543e-14,9.205780848224103824e-15,2.016991824555629259e-15,4.423855536869087664e-16,9.619050504705476304e-17,2.056259884336313847e-17,4.295307463403259617e-18,8.732693247899404749e-19,1.723810272392162336e-19,3.299273351247477433e-20,6.117989705120609328e-21,1.098730318291228235e-21,1.910647217914902493e-22,3.216888684076498628e-23,5.243710269505559749e-24,8.275227701198133835e-25,1.264317478925912620e-25,1.870103809776026572e-26,2.677984440427407079e-27,3.712640537927541008e-28,4.982991914131151680e-29,6.474852152773340862e-30
5.724650785644544039e-30,4.405643144887810748e-29,3.282479405884036524e-28,2.367702209279766975e-27,1.653425094134557789e-26,1.117826357763187100e-25,7.316384869434836539e-25,4.636082075386156499e-24,2.844055485116691329e-23,1.689107886602846232e-22,9.712009318574906879e-22,5.406213181377355404e-21,2.913463755296610988e-20,1.520052010505913795e-19,7.677850518911850979e-19,3.754509718499211524e-18,1.777457351614952425e-17,8.146621165020152459e-17,3.614832924190584413e-16,1.552856460265603550e-15,6.458129852208749705e-15,2.600247028879068078e-14,1.013572503816854513e-13,3.824964494159373886e-13,1.397437430240822772e-12,4.942762135242433324e-12,1.692541890797970975e-11,5.611016135880583367e-11,1.800843550325733646e-10,5.595550606302537202e-10,1.683224511637039582e-09,4.902003779353738381e-09,1.382094098525250742e-08,3.772540920902978818e-08,9.969254474665666273e-08,2.550490912521735492e-07,6.317092771874817509e-07,1.514757478394468752e-06,3.516424777926861040e-06,7.902999123556946049e-06,1.719550409398825903e-05,3.622181981953535553e-05,7.386828154956213890e-05,1.458404855921889088e-04,2.787600818962897384e-04,5.158405051795163232e-04,9.241291610436099674e-04,1.602810888871509035e-03,2.691313374611200432e-03,4.375005780006019362e-03,6.885339654207497939e-03,1.049070038726857002e-02,1.547447695677287710e-02,2.209835069531264351e-02,3.055175453456675239e-02,4.089261933262908211e-02,5.298907832973867582e-02,6.647539819489345359e-02,8.073649815743028091e-02,9.493279945719290680e-02,1.080705398565306452e-01,1.191131315034702487e-01,1.271189127848222356e-01,1.313826249469527419e-01,1.315545766782959536e-01,1.277137559965961788e-01,1.203782836690396874e-01,1.104464717773083193e-01,9.907230105087044825e-02,8.748958023162523023e-02,7.680983881677111436e-02,6.782997770370272073e-02,6.089368415272414237e-02,5.584892310538533411e-02,5.212575963897490838e-02,4.892409766146751937e-02,4.546040636833910409e-02,4.119530018877525651e-02,3.596691788603301188e-02,2.999108808614091640e-02,2.374240580897474251e-02,1.777443293604426267e-02,1.255159320504297023e-02,8.346766470220593620e-03,5.221432062308759524e-03,3.070508191868672864e-03,1.696611048833612714e-03,8.805968321755455784e-04,4.292529756416334306e-04,1.964912661224982782e-04,8.445892789583447869e-05,3.408959549430236585e-05,1.292102299051222984e-05,4.599626444325844018e-06,1.538104961553872130e-06,4.833079677832908478e-07,1.427731899473816831e-07,3.968036239587120242e-08,1.038734158700198859e-08,2.565631483233687177e-09,5.995453342426807505e-10,1.331063744037888432e-10,2.825315540750735403e-11,5.786701542403332447e-12,1.158138390335610308e-12,2.299920017836310724e-13,4.602333336234729205e-14,9.382516121327913197e-15,1.953736223793949177e-15,4.130561253078263030e-16,8.769287375269275336e-17,1.848010608527270316e-17,3.829534768108469156e-18,7.752723128931232898e-19,1.527064417445468939e-19,2.919627415746344177e-20,5.411297558519575608e-21,9.715945401741091252e-22,1.689393855125312191e-22,2.844250469421147562e-23,4.636206844914258037e-24,7.316459797560394317e-25,1.117830580642410912e-25,1.653427327706339529e-26,2.367703317991376560e-27,3.282479922377440555e-28,4.405643370695332209e-29,5.724650878293264143e-30
4.501616076091991782e-30,3.464405908616103908e-29,2.581198856709693893e-28,1.861857906759967237e-27,1.300181489329352052e-26,8.790099677354202758e-26,5.753286441456647432e-25,3.645613048218416117e-24,2.236441378259021255e-23,1.328240883383207820e-22,7.637101181662396495e-22,4.251210611675383283e-21,2.291021019280820396e-20,1.195302704603092455e-19,6.037527286805873841e-19,2.952382938191075213e-18,1.397715055154510846e-17,6.406148108500858716e-17,2.842547189905183381e-16,1.221098695299305957e-15,5.078392071896247765e-15,2.044721025842329853e-14,7.970292771234863022e-14,3.007785505548514168e-13,1.098883938401902840e-12,3.886772891737261019e-12,1.330941234735468496e-11,4.412258736171483657e-11,1.416104943379526819e-10,4.400097317216745470e-10,1.323614453524104890e-09,3.854722295644370895e-09,1.086818610524642600e-08,2.966561890523976735e-08,7.839387569691343392e-08,2.005594982758643069e-07,4.967486653918853773e-07,1.191139315121239122e-06,2.765163309241233295e-06,6.214574344544619179e-06,1.352179557574283901e-05,2.848326168887273832e-05,5.808679973469491617e-05,1.146826066898687640e-04,2.192047887330447753e-04,4.056345090330025840e-04,7.266949275238502107e-04,1.260380682538273477e-03,2.116331634537874443e-03,3.440314020504098291e-03,5.414331263390585042e-03,8.249429966283687576e-03,1.216845497213876748e-02,1.737718147825177695e-02,2.402457285832315659e-02,3.215618923515758953e-02,4.166835649961281307e-02,5.227354303093612042e-02,6.348827199291084966e-02,7.465288299088745916e-02,8.498734690758535937e-02,9.367995839969989191e-02,9.999784902725306068e-02,1.034020431840070309e-01,1.036469244518762878e-01,1.008449818752018556e-01,9.548169696861008582e-02,8.837097798001314342e-02,8.054806293869820610e-02,7.310552497102762448e-02,6.699110884102904562e-02,6.280369620584591583e-02,6.064026481623110976e-02,6.005097785424118317e-02,6.014005403270472616e-02,5.980499497042447710e-02,5.805076590375694845e-02,5.427610526596256257e-02,4.843123926737443602e-02,4.099470402240338457e-02,3.278999676602711855e-02,2.472368361829327746e-02,1.754608641305271943e-02,1.170907824400646731e-02,7.342974469661185319e-03,4.325685473232980700e-03,2.393089982313089965e-03,1.243115765051086433e-03,6.062708556064436670e-04,2.775860298754003527e-04,1.193142512809457884e-04,4.814505981099462479e-05,1.823852703148213313e-05,6.486875546966233047e-06,2.166398085586216109e-06,6.794777864407794378e-07,2.002009329892259020e-07,5.543640080235894335e-08,1.443603527985040871e-08,3.538934852470331674e-09,8.180438099101306672e-10,1.787659591457588080e-10,3.708375564060809218e-11,7.349757671410316292e-12,1.405391923279351470e-12,2.628952734320809860e-13,4.895948108575206996e-14,9.243092314962957910e-15,1.792002773955774785e-15,3.577010321316992691e-16,7.292904466427239319e-17,1.498191920784299804e-17,3.059228208818703145e-18,6.144155463951813963e-19,1.205289269371905969e-19,2.299798860445026491e-20,4.258451415307723706e-21,7.642706667740629571e-22,1.328648139150884898e-22,2.236719060858179718e-23,3.645790735991570840e-24,5.753393148695028040e-25,8.790159816557824436e-26,1.300184670221357539e-26,1.861859485707202163e-27,2.581199592262391077e-28,3.464406230194907045e-29,4.501616208035637557e-30
2.879726594739585367e-30,2.216213391230614691e-29,1.651217444653963434e-28,1.191048201155599171e-27,8.317384578162502499e-27,5.623110319363829590e-26,3.680432025424838164e-25,2.332133320928939124e-24,1.430672808539284642e-23,8.496883189157608748e-23,4.885526221650058552e-22,2.719539838881125893e-21,1.465587923716817577e-20,7.646465022840650773e-20,3.862263596093571952e-19,1.888667429929868713e-18,8.941316069962060157e-18,4.098073839718619279e-17,1.818404457689348026e-16,7.811484427405303626e-16,3.248695681895923158e-15,1.308027476668504769e-14,5.098672048707867239e-14,1.924108978906782294e-13,7.029665010204813536e-13,2.486405565213115218e-12,8.514157593444413478e-12,2.822563854991126554e-11,9.058957933019027665e-11,2.814784079683380130e-10,8.467287477575924024e-10,2.465902494230184346e-09,6.952481960884067900e-09,1.897737840517672125e-08,5.014930746939313779e-08,1.282998174988756999e-07,3.177748431785872202e-07,7.619831424567427309e-07,1.768901253643249006e-06,3.975522281879496466e-06,8.650021163488774418e-06,1.822101325477302569e-05,3.715867794406251369e-05,7.336355363420110111e-05,1.402273870404271983e-04,2.594882512562558113e-04,4.648736528659611414e-04,8.062775034378497768e-04,1.353837464122851358e-03,2.200801583515647752e-03,3.463599187567875659e-03,5.277238824796776084e-03,7.784276598176251283e-03,1.111634944857380070e-02,1.536875301579765374e-02,2.057064129009206210e-02,2.665572327418186394e-02,3.344016017807144303e-02,4.061496173623713180e-02,4.775896032323084794e-02,5.437530173359228503e-02,5.994987445340826948e-02,6.402529948601376475e-02,6.628025205641763229e-02,6.660175015092295592e-02,6.513747763985155981e-02,6.231532903366820975e-02,5.881758085015986737e-02,5.549858506659210988e-02,5.324119702872198712e-02,5.276246034774573213e-02,5.440374786339868818e-02,5.796662548577755092e-02,6.266686062052193029e-02,6.725858589422506473e-02,7.032502122731573713e-02,7.066008638609307113e-02,6.761292090848955438e-02,6.126818906788129848e-02,5.239621709945290612e-02,4.220067071090525396e-02,3.196988097774235149e-02,2.276273104336338018e-02,1.522497622927884188e-02,9.563195424782794038e-03,5.639975314679552577e-03,3.122650198670591515e-03,1.622951195120597495e-03,7.917734322657304360e-04,3.625738974874482233e-04,1.558426707935694296e-04,6.287397349812227595e-05,2.380986697505400580e-05,8.463674212464581488e-06,2.824236524940494913e-06,8.847522187318683132e-07,2.602436130989138969e-07,7.188996472449855942e-08,1.865648758495577009e-08,4.550846245997361007e-09,1.044286199292010063e-09,2.257376511744347701e-10,4.606984005961139155e-11,8.909572141546450016e-12,1.642628375062219603e-12,2.914950721029401620e-13,5.051327575023648418e-14,8.716419709877804457e-15,1.530673202353084810e-15,2.782661541490928038e-16,5.262272644487714843e-17,1.026045007816568638e-17,2.028941740058080843e-18,4.002252889971632007e-19,7.777575971904164091e-20,1.477112117595402926e-20,2.729046097120980664e-21,4.892885515027658212e-22,8.502229941664392393e-23,1.431037370628020856e-23,2.332366602473846338e-24,3.680572118516103384e-25,5.623189274522561021e-26,8.317426339246385084e-27,1.191050274113399480e-27,1.651218410341502943e-28,2.216213813422851596e-29,2.879726767964895356e-30
9.911645198955176264e-31,7.627918865346046259e-30,5.683276144212134868e-29,4.099433330328535051e-28,2.862735826123428637e-27,1.935401593398893554e-26,1.266756937325999469e-25,8.026900218907990213e-25,4.924190129694407697e-24,2.924516918437495179e-23,1.681534719568403845e-22,9.360303174841144888e-22,5.044363424740026694e-21,2.631814022590449729e-20,1.329341004081841675e-19,6.500548176512377528e-19,3.077484948018185139e-18,1.410503829516735767e-17,6.258712145014034524e-17,2.688611559966949720e-16,1.118158891095855014e-15,4.502060814699029334e-15,1.754896746966907889e-14,6.622533388373271285e-14,2.419519463269251986e-13,8.557885261788376772e-13,2.930462544200242798e-12,9.714898467505093439e-12,3.117975750488604742e-11,9.688121490579934321e-11,2.914330458613695532e-10,8.487316352419244472e-10,2.392954059399368839e-09,6.531767352569308657e-09,1.726074077719764304e-08,4.415913206700636204e-08,1.093739768384196838e-07,2.622647083724415507e-07,6.088328541372303054e-07,1.368323173822004165e-06,2.977225021728933767e-06,6.271436284149833895e-06,1.278953469113146106e-05,2.525078302524109974e-05,4.826444670367677214e-05,8.931248836293670737e-05,1.600034780523578240e-04,2.775102526545464993e-04,4.659732852261809499e-04,7.574873458858905062e-04,1.192125907985466804e-03,1.816357212588402825e-03,2.679247452224808868e-03,3.826105342767213702e-03,5.289734345510083147e-03,7.080183522996080780e-03,9.174687107942947062e-03,1.151013404578532517e-02,1.398066668090736098e-02,1.644270254407292908e-02,1.872880853986280680e-02,2.067064283991182361e-02,2.212993294617926487e-02,2.303534851028687935e-02,2.342187291642383595e-02,2.346706062369285917e-02,2.351453505111256170e-02,2.406958450952745299e-02,2.574774636480081647e-02,2.916068852733738614e-02,3.474056908080408457e-02,4.253503638880073989e-02,5.203989193244840106e-02,6.215437294145451097e-02,7.132368922350465490e-02,7.786950391191568843e-02,8.042356128972330542e-02,7.831631079759036884e-02,7.177186428830668874e-02,6.183220161927763248e-02,5.004434721181318796e-02,3.803722407350675072e-02,2.714406865966801155e-02,1.818405961198005932e-02,1.143449920790810120e-02,6.748833729733859366e-03,3.738603502308297452e-03,1.943787491877122572e-03,9.485065007147259770e-04,4.343903677499891995e-04,1.867096238752381906e-04,7.531821019873774189e-05,2.851556794727832579e-05,1.013250799419462441e-05,3.379183562828740912e-06,1.057736757837955807e-06,3.107646478094690812e-07,8.570389758387730170e-08,2.218842586567286981e-08,5.393569422537652724e-09,1.231284206505132185e-09,2.640896522576957077e-10,5.325442299176659083e-11,1.010842837595341557e-11,1.809764280812875439e-12,3.067026183564604355e-13,4.950627303985531418e-14,7.691786601361678169e-15,1.169985043029812011e-15,1.785159257105427293e-16,2.810173872138316898e-17,4.663427439903932812e-18,8.187010564478892619e-19,1.497644579146699147e-19,2.789443515862557129e-20,5.182914236432253556e-21,9.474593146804586710e-22,1.690382506074709884e-22,2.930945106886444761e-23,4.928573115076176026e-24,8.029704870386454097e-25,1.266925365692553109e-25,1.935496518054321350e-26,2.862786033817902711e-27,4.099458252678084008e-28,5.683287754290313649e-29,7.627923941195798915e-30,9.911647281574258565e-31
-9.911645198955176264e-31,-7.627918865346046259e-30,-5.683276144212134868e-29,-4.099433330328535051e-28,-2.862735826123428637e-27,-1.935401593398893554e-26,-1.266756937325999469e-25,-8.026900218907990213e-25,-4.924190129694407697e-24,-2.924516918437495179e-23,-1.681534719568403845e-22,-9.360303174841144888e-22,-5.044363424740026694e-21,-2.631814022590449729e-20,-1.329341004081841675e-19,-6.500548176512377528e-19,-3.077484948018185139e-18,-1.410503829516735767e-17,-6.258712145014034524e-17,-2.688611559966949720e-16,-1.118158891095855014e-15,-4.502060814699029334e-15,-1.754896746966907889e-14,-6.622533388373271285e-14,-2.419519463269251986e-13,-8.557885261788376772e-13,-2.930462544200242798e-12,-9.714898467505093439e-12,-3.117975750488604742e-11,-9.688121490579934321e-11,-2.914330458613695532e-10,-8.487316352419244472e-10,-2.392954059399368839e-09,-6.531767352569308657e-09,-1.726074077719764304e-08,-4.415913206700636204e-08,-1.093739768384196838e-07,-2.622647083724415507e-07,-6.088328541372235291e-07,-1.368323173821983836e-06,-2.977225021728798241e-06,-6.271436284148505748e-06,-1.278953469111920958e-05,-2.525078302513625739e-05,-4.826444670284085227e-05,-8.931248835668693237e-05,-1.600034780084719221e-04,-2.775102523653281972e-04,-4.659732834374069599e-04,-7.574873355030709021e-04,-1.192125851426403815e-03,-1.816356923442806470e-03,-2.679246064963114460e-03,-3.826099096397805877e-03,-5.289707950344169074e-03,-7.080078846643078627e-03,-9.174297524736640952e-03,-1.150877329269633931e-02,-1.397620615684125323e-02,-1.642898046550067548e-02,-1.868919155920822917e-02,-2.056330068691480939e-02,-2.185698069089159201e-02,-2.238397434588401680e-02,-2.196305251631669453e-02,-2.040085988856321642e-02,-1.746632597167352419e-02,-1.287313141716961429e-02,-6.295865953105717061e-03,2.554710046678787538e-03,1.378897520992011794e-02,2.715484245023053189e-02,4.188066572739285176e-02,5.663540553650320275e-02,6.967820243627326215e-02,7.920231124970136816e-02,8.378622762736284701e-02,8.279546326885320329e-02,7.657657228289030393e-02,6.636133359259613340e-02,5.391815690865167654e-02,4.108797139450128671e-02,2.937308958846817503e-02,1.970146405792977395e-02,1.239932485757153785e-02,7.322705977632230911e-03,4.058206813571964104e-03,2.110548843181052608e-03,1.030057191524325934e-03,4.717756127376828736e-04,2.027773423446225533e-04,8.179241654270925270e-05,3.096096576708478855e-05,1.099815850010176489e-05,3.666257690969538045e-06,1.146867578149260865e-06,3.366470962523901304e-07,9.272202294900671615e-08,2.396062523157102718e-08,5.808417517127822328e-09,1.320563810763130831e-09,2.814697000252790205e-10,5.620588399922727871e-11,1.050255795834869925e-11,1.832473924973873543e-12,2.973369280256348957e-13,4.450714804058626268e-14,6.040466434406979306e-15,7.124551830860512983e-16,6.365837201426228004e-17,1.137250827490099341e-18,-1.350406904113306589e-18,-4.664004810639946921e-19,-1.146059825418413228e-19,-2.460156829284382214e-20,-4.893482755319323313e-21,-9.235842355974213991e-22,-1.671899554428192360e-22,-2.917516675245182338e-23,-4.919417095452356115e-24,-8.023845977020894509e-25,-1.266573520250462313e-25,-1.935298221246985451e-26,-2.862681150366271591e-27,-4.099406190099149359e-28,-5.683263500934437647e-29,-7.627913337788159623e-30,-9.911642931000527227e-31
-2.879726594739198608e-30,-2.216213391230628144e-29,-1.651217444653974196e-28,-1.191048201155603476e-27,-8.317384578162536937e-27,-5.623110319363847957e-26,-3.680432025424845511e-25,-2.332133320928950878e-24,-1.430672808539294046e-23,-8.496883189157636960e-23,-4.885526221650081122e-22,-2.719539838881140939e-21,-1.465587923716827207e-20,-7.646465022840679662e-20,-3.862263596093587359e-19,-1.888667429929877957e-18,-8.941316069962097134e-18,-4.098073839718639001e-17,-1.818404457689355915e-16,-7.811484427405335180e-16,-3.248695681895935780e-15,-1.308027476668509818e-14,-5.098672048707887434e-14,-1.924108978906794411e-13,-7.029665010204837770e-13,-2.486405565213124912e-12,-8.514157593444439328e-12,-2.822563854991136894e-11,-9.058957933019069024e-11,-2.814784079683392538e-10,-8.467287477575940568e-10,-2.465902494230197581e-09,-6.952481960884094370e-09,-1.897737840517680066e-08,-5.014930746939345543e-08,-1.282998174988761234e-07,-3.177748431785889142e-07,-7.619831424567469661e-07,-1.768901253643259170e-06,-3.975522281879510019e-06,-8.650021163488693103e-06,-1.822101325477188728e-05,-3.715867794405123799e-05,-7.336355363410634184e-05,-1.402273870396728104e-04,-2.594882512506162253e-04,-4.648736528263634760e-04,-8.062775031768918549e-04,-1.353837462508871575e-03,-2.200801574147433215e-03,-3.463599136535745748e-03,-5.277238563906355706e-03,-7.784275346477173563e-03,-1.111634381259682391e-02,-1.536872919995574405e-02,-2.057054684266587663e-02,-2.665537176087373616e-02,-3.343893239717105059e-02,-4.061093709260443774e-02,-4.774657916009178438e-02,-5.433955610671903358e-02,-5.985302172800033293e-02,-6.377902000407098537e-02,-6.569252988650509106e-02,-6.528548503339337561e-02,-6.237090468083805739e-02,-5.685814826336577088e-02,-4.871524018886808083e-02,-3.794753378270154798e-02,-2.462501313901849231e-02,-8.975201604460136817e-03,8.476066919781255482e-03,2.677605692904955204e-02,4.451483338244610621e-02,5.996466344049999897e-02,7.139780581093063683e-02,7.750319477760531095e-02,7.775508204194211959e-02,7.258370406737815750e-02,6.327030269953218267e-02,5.160266360956071441e-02,3.942323547756561297e-02,2.823159556355998162e-02,1.895839086811797192e-02,1.194159792223761091e-02,7.056499772572047066e-03,3.912259270673422440e-03,2.035197191189878040e-03,9.934458933709344394e-04,4.550419452304600883e-04,1.955838018070815460e-04,7.888387246958409736e-05,2.985464623988529016e-05,1.060211292250087998e-05,3.532727333870102753e-06,1.104419159184659223e-06,3.239033424309504932e-07,8.910025397771106122e-08,2.298289870407547970e-08,5.556487497496915214e-09,1.258196361357601056e-09,2.665098831342652261e-10,5.269405427290182696e-11,9.687317748204868102e-12,1.643691928422421553e-12,2.535179976708265788e-13,3.431319551291061427e-14,3.673923648866631392e-15,1.678157996435827826e-16,-5.975702140464035655e-17,-2.624095798855441071e-17,-7.271176439958251314e-18,-1.711067820671372264e-18,-3.685024842465805506e-19,-7.480467034314747101e-20,-1.450997281082569136e-20,-2.707504080178435507e-21,-4.876208709219727489e-22,-8.490113730408303634e-23,-1.430211240883377005e-23,-2.331837965983452479e-24,-3.680254655254599448e-25,-5.623010355191331332e-26,-8.317331704959168034e-27,-1.191045576608720627e-27,-1.651216222008635788e-28,-2.216212856698127374e-29,-2.879726375420737209e-30
-4.501616076092002992e-30,-3.464405908616115118e-29,-2.581198856709706448e-28,-1.861857906759971542e-27,-1.300181489329355496e-26,-8.790099677354221125e-26,-5.753286441456662126e-25,-3.645613048218427872e-24,-2.236441378259028308e-23,-1.328240883383211582e-22,-7.637101181662411541e-22,-4.251210611675392311e-21,-2.291021019280830026e-20,-1.195302704603097269e-19,-6.037527286805893100e-19,-2.952382938191087539e-18,-1.397715055154514544e-17,-6.406148108500873507e-17,-2.842547189905195214e-16,-1.221098695299309901e-15,-5.078392071896266698e-15,-2.044721025842337426e-14,-7.970292771234883217e-14,-3.007785505548522246e-13,-1.098883938401907687e-12,-3.886772891737277175e-12,-1.330941234735472373e-11,-4.412258736171493997e-11,-1.416104943379531989e-10,-4.400097317216757877e-10,-1.323614453524108199e-09,-3.854722295644377512e-09,-1.086818610524646570e-08,-2.966561890523955559e-08,-7.839387569691295747e-08,-2.005594982758632481e-07,-4.967486653918819892e-07,-1.191139315121230652e-06,-2.765163309241212966e-06,-6.214574344544571746e-06,-1.352179557574262217e-05,-2.848326168887151859e-05,-5.808679973468597151e-05,-1.146826066897934119e-04,-2.192047887324447778e-04,-4.056345090285118186e-04,-7.266949274923250809e-04,-1.260380682330513452e-03,-2.116331633252891906e-03,-3.440314013045543684e-03,-5.414331222761109563e-03,-8.249429758574650107e-03,-1.216845397559315756e-02,-1.737717699114452174e-02,-2.402455389723828771e-02,-3.215611404043364208e-02,-4.166807664078359119e-02,-5.227256552790199295e-02,-6.348506775560736060e-02,-7.464302567470870731e-02,-8.495888787331423719e-02,-9.360284868663160118e-02,-9.980177256056432800e-02,-1.029341256556689510e-01,-1.025989743285663502e-01,-9.864236293853523296e-02,-9.113693907371389624e-02,-8.032795609883702781e-02,-6.657471812219878382e-02,-5.032262733399528454e-02,-3.212969483839273055e-02,-1.274166175840163451e-02,6.827985541191072816e-03,2.528218789718422732e-02,4.114928202326756379e-02,5.302824211276990773e-02,5.991006637667728452e-02,6.145925426641604683e-02,5.813552000344737736e-02,5.109369220712450810e-02,4.189193049837156013e-02,3.211625249825024453e-02,2.305326560512320488e-02,1.550615620062930494e-02,9.778159061598613172e-03,5.782667666336571005e-03,3.207783388630104301e-03,1.669334775091501147e-03,8.150391734455613400e-04,3.733623328711973156e-04,1.604754433570189419e-04,6.471605774320589592e-05,2.448670551628083611e-05,8.692432719278812527e-06,2.894725977490110309e-06,9.042095444857285639e-07,2.648701730714791063e-07,7.273665285821712365e-08,1.871534084871818053e-08,4.508062292533683900e-09,1.015087564018706816e-09,2.131390282369920871e-10,4.154754277028743136e-11,7.456236040344439743e-12,1.211026092671822081e-12,1.710192215040640895e-13,1.857547812291899499e-14,6.215327349036555940e-16,-4.397434643544582492e-16,-1.837340481599215810e-16,-5.192508646561992799e-17,-1.260199616950725437e-17,-2.806151523444340138e-18,-5.891592992247789021e-19,-1.181634813773499977e-19,-2.279007421258973184e-20,-4.241300646051111646e-21,-7.629429357212462108e-22,-1.327683501790918416e-22,-2.236061334115873377e-23,-3.645369859780608445e-24,-5.753140398956683582e-25,-8.790017369164269403e-26,-1.300177135871962619e-26,-1.861855745768691880e-27,-2.581197850011786709e-28,-3.464405468494407856e-29,-4.501615895510251614e-30
-5.724650785644942008e-30,-4.405643144887810748e-29,-3.282479405884036524e-28,-2.367702209279766975e-27,-1.653425094134557789e-26,-1.117826357763187100e-25,-7.316384869434836539e-25,-4.636082075386156499e-24,-2.844055485116691329e-23,-1.689107886602846232e-22,-9.712009318574906879e-22,-5.406213181377355404e-21,-2.913463755296610988e-20,-1.520052010505913795e-19,-7.677850518911850979e-19,-3.754509718499211524e-18,-1.777457351614952425e-17,-8.146621165020152459e-17,-3.614832924190584413e-16,-1.552856460265603550e-15,-6.458129852208749705e-15,-2.600247028879068078e-14,-1.013572503816854513e-13,-3.824964494159373886e-13,-1.397437430240822772e-12,-4.942762135242433324e-12,-1.692541890797970975e-11,-5.611016135880583367e-11,-1.800843550325733646e-10,-5.595550606302537202e-10,-1.683224511637039582e-09,-4.902003779353738381e-09,-1.382094098525250742e-08,-3.772540920902952348e-08,-9.969254474665592157e-08,-2.550490912521718552e-07,-6.317092771874770923e-07,-1.514757478394457741e-06,-3.516424777926837323e-06,-7.902999123556878286e-06,-1.719550409398810996e-05,-3.622181981953448817e-05,-7.386828154955601316e-05,-1.458404855921392523e-04,-2.787600818958955225e-04,-5.158405051765685943e-04,-9.241291610229199205e-04,-1.602810888735172780e-03,-2.691313373767998188e-03,-4.375005775111712181e-03,-6.885339627546383651e-03,-1.049070025096957709e-02,-1.547447630283808884e-02,-2.209834775086591541e-02,-3.055174209227361215e-02,-4.089256998973528345e-02,-5.298889468594322749e-02,-6.647475675589459287e-02,-8.073439553196920526e-02,-9.492633107111186908e-02,-1.080518649943451592e-01,-1.190625319908172330e-01,-1.269902471049433323e-01,-1.310755767431189822e-01,-1.308669101909717414e-01,-1.262683940529313320e-01,-1.175272468368478984e-01,-1.051686284129419446e-01,-8.990297062913316095e-02,-7.253940766078176283e-02,-5.393372517634148489e-02,-3.497919348123135208e-02,-1.662091420195177527e-02,1.468318826255421428e-04,1.434045891443408438e-02,2.511724655186547972e-02,3.194567372246892578e-02,3.475042125208388510e-02,3.396235392110824591e-02,3.043745956118892870e-02,2.526399005487334204e-02,1.952402081624715624e-02,1.408976421165182569e-02,9.511912350418857964e-03,6.013482169353004392e-03,3.562608729920570261e-03,1.978690696232262777e-03,1.030557704567982603e-03,5.034128577183489932e-04,2.306620535654727716e-04,9.913950128650399294e-05,3.997004392710916810e-05,1.511534050875661464e-05,5.361059053269793357e-06,1.783012455154816964e-06,5.559101015251995516e-07,1.624071871974040423e-07,4.442699311640115272e-08,1.136664256282095160e-08,2.714820455388232670e-09,6.033583008382488566e-10,1.240622828096233889e-10,2.334482389436860903e-11,3.929014368717489070e-12,5.587591474188671596e-13,5.474335908377693658e-14,-1.706788960491186276e-15,-2.909333947939601381e-15,-1.066381579044614005e-15,-2.988987220906115798e-16,-7.391004398523481541e-17,-1.691839691661046971e-17,-3.663465456808321312e-18,-7.586991245434686097e-19,-1.511542327196039800e-19,-2.905984041282751797e-20,-5.400043197279214978e-21,-9.707232810092920805e-22,-1.688760858601796749e-22,-2.843818868118337408e-23,-4.635930665295442128e-24,-7.316293942792229492e-25,-1.117821233222473409e-25,-1.653422383654640123e-26,-2.367700863837954476e-27,-3.282478779109903393e-28,-4.405642870866281620e-29,-5.724650673214018616e-30
-6.474852092536491688e-30,-4.982991767319328988e-29,-3.712640202122387713e-28,-2.677983719583649756e-27,-1.870102357589262709e-26,-1.264314733364168696e-25,-8.275178985669262920e-25,-5.243629148918331632e-24,-3.216761912407851975e-23,-1.910461291632930969e-22,-1.098474408549033758e-21,-6.114684028922321522e-21,-3.295265964487454719e-20,-1.719251061683763042e-19,-8.684013813247795911e-19,-4.246528918101560327e-18,-2.010388735214748494e-17,-9.214215691497760753e-17,-4.088547825844221725e-16,-1.756354453335821617e-15,-7.304451774124643923e-15,-2.941002961834551456e-14,-1.146398670069614985e-13,-4.326216617612713480e-13,-1.580568144361433025e-12,-5.590498871046963443e-12,-1.914345313572660047e-11,-6.346325903366204451e-11,-2.036839637344683044e-10,-6.328833654441314562e-10,-1.903806914949568735e-09,-5.544399233567586230e-09,-1.563214107026234174e-08,-4.266923064921447424e-08,-1.127570058215313793e-07,-2.884726429662342430e-07,-7.144932133727393326e-07,-1.713262694252384222e-06,-3.977243535745676842e-06,-8.938667584893329022e-06,-1.944893231642604080e-05,-4.096859959425151905e-05,-8.354853689286991826e-05,-1.649525200176196250e-04,-3.152909002076600140e-04,-5.834401257700256443e-04,-1.045233998742273792e-03,-1.812855285999614985e-03,-3.044003326094037176e-03,-4.948339448565262574e-03,-7.787646345770903727e-03,-1.186548060417250139e-02,-1.750236842314292773e-02,-2.499428296524386361e-02,-3.455547845228507109e-02,-4.625146470476801386e-02,-5.993305001772403218e-02,-7.518643006233666215e-02,-9.131549058627824733e-02,-1.073694294303496610e-01,-1.222211420758444467e-01,-1.346907097489368210e-01,-1.436964086895602399e-01,-1.484064008895428222e-01,-1.483609094166346565e-01,-1.435390372362952416e-01,-1.343560016595509166e-01,-1.215925665927076182e-01,-1.062742847456731310e-01,-8.952889822210724491e-02,-7.245235508735908825e-02,-5.600674833685537202e-02,-4.095999196827937450e-02,-2.786287088329419959e-02,-1.705024512516106761e-02,-8.652951774737904778e-03,-2.613910876947345141e-03,1.289381422083957229e-03,3.409602646329334963e-03,4.178412825130456421e-03,4.044386014419920627e-03,3.412674809062099524e-03,2.600733209364672338e-03,1.819177250645093169e-03,1.177843710649245645e-03,7.092411735127694683e-04,3.983032299965556799e-04,2.089721357259885851e-04,1.025334931885413595e-04,4.707609392342292087e-05,2.023040982330223496e-05,8.137110155290400246e-06,3.062431729968702354e-06,1.077743488017262599e-06,3.542705106610280117e-07,1.085751361313524909e-07,3.093073993114925511e-08,8.148698838495350192e-09,1.967151429307385270e-09,4.274353143652809896e-10,8.030770652387195034e-11,1.159332833240771589e-11,5.764883162095394556e-13,-4.193463998360835061e-13,-2.274181778182629231e-13,-8.060831488057151122e-14,-2.411331906480289097e-14,-6.530777454622613337e-15,-1.650297882928139270e-15,-3.952106970505236610e-16,-9.049483398237252300e-17,-1.991723197215640902e-17,-4.226680324632566412e-18,-8.664205549128309006e-19,-1.717395862449591522e-19,-3.293635309243900002e-20,-6.113338908386550536e-21,-1.098370275709358075e-21,-1.910385635928911308e-22,-3.216710327447738898e-23,-5.243596139947953189e-24,-8.275159162717978268e-25,-1.264313616161134944e-25,-1.870101766676546444e-26,-2.677983426263332172e-27,-3.712640065479127908e-28,-4.982991707579793912e-29,-6.474852068025376918e-30
-6.742175161165642176e-30,-5.188721354830543380e-29,-3.865921598726235199e-28,-2.788547917101490392e-27,-1.947312075083450866e-26,-1.316513685464643749e-25,-8.616830996910500798e-25,-5.460119504961826123e-24,-3.349570299871327081e-23,-1.989337282571045188e-22,-1.143826417445485708e-21,-6.367137069539788807e-21,-3.431315498436100573e-20,-1.790232678404093494e-19,-9.042545125994118774e-19,-4.421852635954190091e-18,-2.093390366472792799e-17,-9.594637109386423566e-17,-4.257349079590478455e-16,-1.828867934007824053e-15,-7.606025993119401545e-15,-3.062426266238912431e-14,-1.193729297236948570e-13,-4.504830350443475943e-13,-1.645824048355805124e-12,-5.821310215000165198e-12,-1.993381661635362126e-11,-6.608342593595253586e-11,-2.120933330046680058e-10,-6.590128153399733100e-10,-1.982408170902355508e-09,-5.773307291333314558e-09,-1.627753526003302932e-08,-4.443088782843350298e-08,-1.174123320552234572e-07,-3.003826280950402708e-07,-7.439920367564816386e-07,-1.783997073084533104e-06,-4.141449440601326104e-06,-9.307712624702822941e-06,-2.025190792020596279e-05,-4.266004390903440963e-05,-8.699795178953608193e-05,-1.717628089939836193e-04,-3.283081135356240732e-04,-6.075282443188283806e-04,-1.088387904970110689e-03,-1.887701480400685687e-03,-3.169679140908871276e-03,-5.152638370229270168e-03,-8.109169921506738377e-03,-1.235536315938325427e-02,-1.822497778876382840e-02,-2.602620724795282753e-02,-3.598215400996677971e-02,-4.816104175283884847e-02,-6.240755106119830198e-02,-7.829089607923780947e-02,-9.508653210834872027e-02,-1.118052674934230661e-01,-1.272757112415294212e-01,-1.402746381786289520e-01,-1.496876954198295695e-01,-1.546733687632072529e-01,-1.547993056080597118e-01,-1.501233565015037130e-01,-1.412012311867102965e-01,-1.290158354458608714e-01,-1.148370239398239234e-01,-1.000324657305954323e-01,-8.585980413888849583e-02,-7.327697370283248191e-02,-6.280975146606054826e-02,-5.450971153220657284e-02,-4.801817622622317483e-02,-4.272336265616077933e-02,-3.796705315094550670e-02,-3.323766466234767680e-02,-2.829044397655128273e-02,-2.316393837573549330e-02,-1.810266313719560705e-02,-1.342949128120607405e-02,-9.422471301914855935e-03,-6.237287690874941670e-03,-3.889108275296072892e-03,-2.281726510301899241e-03,-1.258723290819290311e-03,-6.526040119126750444e-04,-3.179029573881133469e-04,-1.454755463118598442e-04,-6.253201652994518165e-05,-2.524843053645572932e-05,-9.576897481398908706e-06,-3.413148134950780819e-06,-1.143303608838339093e-06,-3.601281867902640780e-07,-1.067496804074230365e-07,-2.981137866852233796e-08,-7.856849192715808202e-09,-1.959259681524172857e-09,-4.640934402593999292e-10,-1.050243408744881195e-10,-2.289376047791661123e-11,-4.860505687161880020e-12,-1.018560471727441988e-12,-2.135845704172606752e-13,-4.528747254699638153e-14,-9.747836238272875167e-15,-2.122470866584279410e-15,-4.635066698562972716e-16,-1.005067565754449831e-16,-2.145063324344144283e-17,-4.476800719110337756e-18,-9.097381562929383841e-19,-1.795368540648066756e-19,-3.435829741728221951e-20,-6.370860849523496678e-21,-1.144114694795853450e-21,-1.989546724913759581e-22,-3.349713105691928683e-23,-5.460210885726528587e-24,-8.616885874006830296e-25,-1.316516778286575331e-25,-1.947313710943600508e-26,-2.788548729117965662e-27,-3.865921977004189810e-28,-5.188721520211176052e-29,-6.742175229021247405e-30
-6.574367932957215107e-30,-5.059578321953675221e-29,-3.769701970424432850e-28,-2.719143239010328594e-27,-1.898845069411665069e-26,-1.283746736049170844e-25,-8.402365117432931139e-25,-5.324221593989193216e-24,-3.266202233294250499e-23,-1.939824303839410080e-22,-1.115357512963653526e-21,-6.208664232848122413e-21,-3.345912860691322324e-20,-1.745675250507330901e-19,-8.817483569853893776e-19,-4.311796338594964862e-18,-2.041287591543535240e-17,-9.355834435100434324e-17,-4.151387141271766958e-16,-1.783348906182402585e-15,-7.416718223879262029e-15,-2.986204979926119882e-14,-1.164018350871401685e-13,-4.392708805602690062e-13,-1.604860833210621984e-12,-5.676422562518641477e-12,-1.943768021614968500e-11,-6.443866348589017929e-11,-2.068145033269699714e-10,-6.426105250920133780e-10,-1.933067652095762481e-09,-5.629614392380717904e-09,-1.587240071387290923e-08,-4.332503935148016788e-08,-1.144900350918996166e-07,-2.929063500367483539e-07,-7.254746831557713089e-07,-1.739594844306711236e-06,-4.038372149552066253e-06,-9.076051266287191020e-06,-1.974785448748057518e-05,-4.159827028961622707e-05,-8.483264388806194506e-05,-1.674877730897759705e-04,-3.201367929732311856e-04,-5.924073629574606176e-04,-1.061298819752492031e-03,-1.840718133754841272e-03,-3.090788418558576382e-03,-5.024393415295943729e-03,-7.907339321838643617e-03,-1.204784832494198987e-02,-1.777137325108305022e-02,-2.537843740065506143e-02,-3.508659257781285290e-02,-4.696237249056323115e-02,-6.085435143823085535e-02,-7.634255572434683890e-02,-9.272074537483820933e-02,-1.090251078148968822e-01,-1.241153774103173624e-01,-1.368035152710702085e-01,-1.460134514373402914e-01,-1.509462416623365000e-01,-1.512209781380116080e-01,-1.469638642439179965e-01,-1.388249165355160963e-01,-1.279115308846590637e-01,-1.156390108562513619e-01,-1.035105057018428643e-01,-9.285444410340432109e-02,-8.456644993236239749e-02,-7.891914323948623355e-02,-7.550523147959245507e-02,-7.335483427891967279e-02,-7.121562085056032387e-02,-6.792081745164291195e-02,-6.272619787111896605e-02,-5.550048065231696914e-02,-4.670909823359842283e-02,-3.721433277375763016e-02,-2.798393017117914439e-02,-1.982257302062963300e-02,-1.321082200756675679e-02,-8.277031834430660651e-03,-4.872724463274007850e-03,-2.694490924898380879e-03,-1.399250323680862815e-03,-6.822894389417275690e-04,-3.123645948095790659e-04,-1.342639310649787216e-04,-5.418292853379583587e-05,-2.053001011682382320e-05,-7.304275044422045381e-06,-2.440561677597035176e-06,-7.659969275792959176e-07,-2.259137807047238317e-07,-6.264312661164296202e-08,-1.634499056423257012e-08,-4.018330708708310508e-09,-9.327140974669507030e-10,-2.050662051754904472e-10,-4.292068433405104793e-11,-8.617822805511557865e-12,-1.678555484263779737e-12,-3.219284556881900148e-13,-6.185045327638088608e-14,-1.208916653721336207e-14,-2.423855939992275324e-15,-4.975393869075103451e-16,-1.035070153407810083e-16,-2.154014302697015949e-17,-4.431667872053564620e-18,-8.937111542428590825e-19,-1.756879348038179886e-19,-3.355760870571682194e-20,-6.216787814077178360e-21,-1.115986402017920228e-21,-1.940281211038901742e-22,-3.266513770143567850e-23,-5.324420944935850588e-24,-8.402484834105658674e-25,-1.283753483169112346e-25,-1.898848638108726279e-26,-2.719145010458180059e-27,-3.769702795653561122e-28,-5.059578682738423819e-29,-6.574368080987046985e-30
-6.061612160218246827e-30,-4.664965787537801328e-29,-3.475690977040396833e-28,-2.507068647669385535e-27,-1.750748129780852847e-26,-1.183623263137905938e-25,-7.747038055948095842e-25,-4.908968692797842233e-24,-3.011460778734146740e-23,-1.788531263955382178e-22,-1.028367248763040627e-21,-5.724430849676431441e-21,-3.084954521897894145e-20,-1.609524510063040934e-19,-8.129780105797750785e-19,-3.975505688902776082e-18,-1.882081108569325761e-17,-8.626143282382928392e-17,-3.827607312812381995e-16,-1.644259878038889858e-15,-6.838264884660325880e-15,-2.753301397763741263e-14,-1.073232873838474090e-13,-4.050107536400330612e-13,-1.479692655058261593e-12,-5.233700392552041160e-12,-1.792167398693894555e-11,-5.941288807646355937e-11,-1.906843853371539053e-10,-5.924912954224944583e-10,-1.782301584876068354e-09,-5.190542939820618453e-09,-1.463446192245438737e-08,-3.994598234430320314e-08,-1.055605947239241309e-07,-2.700616563133595702e-07,-6.688926154106138979e-07,-1.603918333995523242e-06,-3.723406718157336178e-06,-8.368181288835038618e-06,-1.820765678468602480e-05,-3.835388946936519011e-05,-7.821627736980649626e-05,-1.544248713187367904e-04,-2.951683107805212758e-04,-5.462036368714060777e-04,-9.785247642182428717e-04,-1.697154697938239951e-03,-2.849728043128462764e-03,-4.632525064748975463e-03,-7.290620898285441950e-03,-1.110819852890373646e-02,-1.638532779035357934e-02,-2.339909366157809367e-02,-3.235008215393344461e-02,-4.329964434610086843e-02,-5.610818739316172921e-02,-7.038856595307152464e-02,-8.548984229502060161e-02,-1.005239908031894114e-01,-1.144412785508624464e-01,-1.261501749911627945e-01,-1.346670999480179542e-01,-1.392729791755296931e-01,-1.396496446678321401e-01,-1.359701220778629649e-01,-1.289215292517963962e-01,-1.196458296165902324e-01,-1.095916948238943311e-01,-1.002826737725722728e-01,-9.302647214976550449e-02,-8.861762841613690656e-02,-8.711258457169770986e-02,-8.776429856887982273e-02,-8.917504534273318351e-02,-8.965773831877982269e-02,-8.771040204338925728e-02,-8.244763196568200003e-02,-7.383556846086997139e-02,-6.265071405897321144e-02,-5.019461008735583152e-02,-3.788962718390144480e-02,-2.691088563517092525e-02,-1.796838145272489778e-02,-1.127266244319060848e-02,-6.642447054550238567e-03,-3.675486946951887074e-03,-1.909514500604931816e-03,-9.313481076723435087e-04,-4.264406602705387000e-04,-1.832956439120213992e-04,-7.395940899994327589e-05,-2.801526234131430319e-05,-9.962802533329000632e-06,-3.326572981150248163e-06,-1.043060059600101111e-06,-3.072015654901298550e-07,-8.501618667249004080e-08,-2.212055630110364343e-08,-5.416297855086530598e-09,-1.249824146687384643e-09,-2.724195871868621444e-10,-5.629582514736994458e-11,-1.109450906159889215e-11,-2.104077993292020539e-12,-3.891016189277552303e-13,-7.138932287901596352e-14,-1.324422186534785466e-14,-2.522399180876059495e-15,-4.957325887770510249e-16,-9.990112535796619625e-17,-2.036630161613489843e-17,-4.139850339726083061e-18,-8.293790833067524799e-19,-1.624885400537773700e-19,-3.098456207397300672e-20,-5.735568332296342717e-21,-1.029229459740476246e-21,-1.789157686693061812e-22,-3.011887897777700262e-23,-4.909242004240304100e-24,-7.747202188283850185e-25,-1.183632513483161615e-25,-1.750753022487685657e-26,-2.507071076335918327e-27,-3.475692108434891295e-28,-4.664966282176034346e-29,-6.061612363168111437e-30
-5.316361789449751560e-30,-4.091427363947912991e-29,-3.048369016998780960e-28,-2.198834832995441830e-27,-1.535500822900252525e-26,-1.038101634173748574e-25,-6.794571479243491806e-25,-4.305431112084746957e-24,-2.641214018864570901e-23,-1.568638675587265396e-22,-9.019337104286811341e-22,-5.020635539056101112e-21,-2.705672007530294526e-20,-1.411640068402803827e-19,-7.130256962783744900e-19,-3.486733558595295277e-18,-1.650686950232505488e-17,-7.565594321218803459e-17,-3.357018681663888405e-16,-1.442104865253585073e-15,-5.997528244636897358e-15,-2.414794275683649223e-14,-9.412832907888746930e-14,-3.552163414708716258e-13,-1.297770507837602864e-12,-4.590238380310601222e-12,-1.571827762462871726e-11,-5.210831699915068517e-11,-1.672405217054725588e-10,-5.196469190553187846e-10,-1.563174910017584458e-09,-4.552386959505897657e-09,-1.283521481039310528e-08,-3.503478753903616103e-08,-9.258235225686986940e-08,-2.368586825535433381e-07,-5.866550098919555389e-07,-1.406723148705137694e-06,-3.265629123041602442e-06,-7.339347697485886781e-06,-1.596910000953172203e-05,-3.363843595766581997e-05,-6.859990664709108774e-05,-1.354389663211522327e-04,-2.588785767570511188e-04,-4.790501384076120478e-04,-8.582191550774696549e-04,-1.488496483875138485e-03,-2.499365660418099901e-03,-4.062975096222826502e-03,-6.394268946745246263e-03,-9.742491080508624765e-03,-1.437081905092513906e-02,-2.052227169781840194e-02,-2.837277509212736415e-02,-3.797614223363262459e-02,-4.920995922961539371e-02,-6.173473223802884713e-02,-7.497971473761262662e-02,-8.816651065704504686e-02,-1.003756169178877111e-01,-1.106525162282123720e-01,-1.181408158714986889e-01,-1.222226841206849601e-01,-1.226432175140725889e-01,-1.195955929326343314e-01,-1.137466329851777314e-01,-1.061863098681527506e-01,-9.829027410230434247e-02,-9.149537583797076601e-02,-8.700913540645960342e-02,-8.550557385297630208e-02,-8.689170472579502147e-02,-9.024074268440271385e-02,-9.395874179943577986e-02,-9.617681421352855531e-02,-9.526607963120403699e-02,-9.030435242120568584e-02,-8.132566909622751528e-02,-6.926500278700369051e-02,-5.563415065811737337e-02,-4.206812946394497543e-02,-2.991426364458452114e-02,-1.999038158547368493e-02,-1.254854892765330451e-02,-7.397326057889338363e-03,-4.094365893405367031e-03,-2.127544758579320763e-03,-1.037813039614810841e-03,-4.752141476699966267e-04,-2.042589606625056756e-04,-8.241286470571962158e-05,-3.121337135156292451e-05,-1.109783631525159461e-05,-3.704434912723862567e-06,-1.161035183420353886e-06,-3.417367660679108761e-07,-9.449079598508043780e-08,-2.455495255475204122e-08,-6.001448883966289436e-09,-1.381159414965330167e-09,-2.998559892950887384e-10,-6.159925310440416591e-11,-1.203236513588846635e-11,-2.252163437731408960e-12,-4.087236407516840240e-13,-7.311192480631404045e-14,-1.314954742886533455e-14,-2.422515623435485069e-15,-4.618308594355844145e-16,-9.088416640588411534e-17,-1.823235375956958613e-17,-3.670218414809153770e-18,-7.313369005432335047e-19,-1.428789946819608905e-19,-2.720746150863170137e-20,-5.033070135417206106e-21,-9.028963377878815913e-22,-1.569338053908230508e-22,-2.641690881822385290e-23,-4.305736254421112494e-24,-6.794754727057615578e-25,-1.038111961849523777e-25,-1.535506285430393483e-26,-2.198837544513762392e-27,-3.048370280159796846e-28,-4.091427916193599867e-29,-5.316362016035926933e-30
-4.453176570548109177e-30,-3.427127272148651853e-29,-2.553423943386102723e-28,-1.841823440276814281e-27,-1.286190925186186728e-26,-8.695514071905918478e-26,-5.691378374272330960e-25,-3.606384537729029765e-24,-2.212376217501269947e-23,-1.313948386967085304e-22,-7.554922382143415888e-22,-4.205465586663967537e-21,-2.266368555923477482e-20,-1.182440685495379818e-19,-5.972560654481541115e-19,-2.920613909627797515e-18,-1.382674983984838106e-17,-6.337214942817324556e-17,-2.811960045635921319e-16,-1.207959099202970809e-15,-5.023746185449561902e-15,-2.022718866219458961e-14,-7.884528673552406586e-14,-2.975420319311346897e-13,-1.087059430552592524e-12,-3.844949387943331791e-12,-1.316619681269148056e-11,-4.364780757619049809e-11,-1.400866988366013448e-10,-4.352750201250308466e-10,-1.309371739668516566e-09,-3.813243671333906873e-09,-1.075123931276152574e-08,-2.934640289766956876e-08,-7.755032073526432838e-08,-1.984013837755607743e-07,-4.914034161915002494e-07,-1.178322096041895850e-06,-2.735408851912204637e-06,-6.147702602635266599e-06,-1.337629469768418226e-05,-2.817676840087057695e-05,-5.746175845836127226e-05,-1.134485679205592557e-04,-2.168460421409717327e-04,-4.012696909962922454e-04,-7.188753484361292377e-04,-1.246818393849643668e-03,-2.093558911466460171e-03,-3.403294626232560016e-03,-5.356070525016494790e-03,-8.160662281077611657e-03,-1.203751696286463335e-02,-1.719019613002502334e-02,-2.376606263020258902e-02,-3.181019521909574793e-02,-4.122006615218511832e-02,-5.171133721235082747e-02,-6.280603299626155711e-02,-7.385242743875095051e-02,-8.408105564421583522e-02,-9.269416988982828731e-02,-9.897840780272906813e-02,-1.024244175998784007e-01,-1.028340463857707054e-01,-1.003954618837295393e-01,-9.570805489989765713e-02,-8.974107488605458094e-02,-8.371367744635581365e-02,-7.889343606846328794e-02,-7.633036449252790512e-02,-7.657452024586001993e-02,-7.945735663353171996e-02,-8.402976784108642794e-02,-8.872242772194041671e-02,-9.172224831611604234e-02,-9.146658826464819370e-02,-8.709033029657733960e-02,-7.866253452401054946e-02,-6.712793502883812602e-02,-5.398845301664924323e-02,-4.086019537671246177e-02,-2.907321574951124421e-02,-1.943670289151051486e-02,-1.220468137501549456e-02,-7.196150962868271342e-03,-3.983607857556678566e-03,-2.070197909675320063e-03,-1.009900778936606612e-03,-4.624461041160984843e-04,-1.987705159024243736e-04,-8.019582513133147986e-05,-3.037168007055547744e-05,-1.079743342676496993e-05,-3.603597441855817562e-06,-1.129177900545064652e-06,-3.322542902274022719e-07,-9.182734057489392196e-08,-2.384733508695637190e-08,-5.823011588162683779e-09,-1.338236052431285347e-09,-2.899360982946617858e-10,-5.937569641905607307e-11,-1.154330151185812437e-11,-2.145300493354407576e-12,-3.852830098609677724e-13,-6.792151409449073861e-14,-1.199031050870921262e-14,-2.162947394697425151e-15,-4.040544181207554566e-16,-7.820549839929777350e-17,-1.550749156567788310e-17,-3.099340926464762397e-18,-6.150924524965546687e-19,-1.199145860362665519e-19,-2.281051820389274166e-20,-4.217577748719448449e-21,-7.564299042418587576e-22,-1.314629630114481479e-22,-2.212840715202327210e-23,-3.606681767596465856e-24,-5.691556870393678763e-25,-8.695614670653972970e-26,-1.286196246070624752e-26,-1.841826081484332847e-27,-2.553425173792822128e-28,-3.427127810074375555e-29,-4.453176791258808245e-30
-3.572463058853954976e-30,-2.749337553492752811e-29,-2.048428254938345427e-28,-1.477562386552855641e-27,-1.031818409638171432e-26,-6.975785106990632242e-26,-4.565783250212771168e-25,-2.893142756177194341e-24,-1.774830210322798194e-23,-1.054086223466987922e-22,-6.060770484875414503e-22,-3.373742364720484289e-21,-1.818144377506322096e-20,-9.485870594388601033e-20,-4.791355556394221994e-19,-2.342998337484802136e-18,-1.109220625868742839e-17,-5.083891447054388275e-17,-2.255833162432029810e-16,-9.690586461470653469e-16,-4.030189995895039334e-15,-1.622681767394338086e-14,-6.325189890073051436e-14,-2.386965575451016641e-13,-8.720695433709272966e-13,-3.084526165532257314e-12,-1.056229210627331376e-11,-3.501549460157962669e-11,-1.123814761670154070e-10,-3.491898210645641141e-10,-1.050414708729465248e-09,-3.059090951018020199e-09,-8.624945513223127595e-09,-2.354250692764832446e-08,-6.221304087991966530e-08,-1.591631508733249512e-07,-3.942175935598964504e-07,-9.452830115431420584e-07,-2.194421649244366654e-06,-4.931859336094500963e-06,-1.073083851825338651e-05,-2.260419335171455832e-05,-4.609743317768826817e-05,-9.101162093067830720e-05,-1.739599727823290065e-04,-3.219097929338542077e-04,-5.767019532081889147e-04,-1.000232661474403234e-03,-1.679511637267122170e-03,-2.730218337336807327e-03,-4.296789897582464594e-03,-6.546712020134863932e-03,-9.656833546934940130e-03,-1.379045737283789326e-02,-1.906580252764049355e-02,-2.551903402502482890e-02,-3.306790668460383997e-02,-4.148433402254797508e-02,-5.038492370950291288e-02,-5.924699085309172164e-02,-6.745363346924050651e-02,-7.436580073947621217e-02,-7.941327066254992573e-02,-8.219164494732435211e-02,-8.254989510456912927e-02,-8.065258748994753868e-02,-7.700166231942620620e-02,-7.240373183447207373e-02,-6.787137099317173961e-02,-6.445452740623124066e-02,-6.301546342090089126e-02,-6.398794740091459654e-02,-6.718994109227792444e-02,-7.177079448987368215e-02,-7.635059498634147457e-02,-7.934692496745604506e-02,-7.940380144080852465e-02,-7.577934294049080977e-02,-6.854989570393521525e-02,-5.855680218122592817e-02,-4.712662696700843645e-02,-3.568320498086541975e-02,-2.539761134941059123e-02,-1.698312225738654244e-02,-1.066567386052255130e-02,-6.289400194312166729e-03,-3.481916278986200292e-03,-1.809570891677907654e-03,-8.827869071650215832e-04,-4.042448500798509134e-04,-1.737540233623541014e-04,-7.010152966723261193e-05,-2.654788925219748398e-05,-9.437530256478787405e-06,-3.149484923181042413e-06,-9.867703812165325844e-07,-2.903046670109294656e-07,-8.021495998857410236e-08,-2.082473863313484256e-08,-5.082512495588854273e-09,-1.167227043837134688e-09,-2.526176948059546177e-10,-5.165020206763447219e-11,-1.001681351359141313e-11,-1.854695682004413654e-12,-3.312539687657396012e-13,-5.793897310409642440e-14,-1.012295703331690418e-14,-1.804265347459752395e-15,-3.330319318960889215e-16,-6.381175667399559101e-17,-1.256213710413495738e-17,-2.499308108894693126e-18,-4.947347729914189114e-19,-9.631969494883835828e-20,-1.830985959897265372e-20,-3.384335331109543385e-21,-6.068971056060112386e-22,-1.054682020132363018e-22,-1.775236447335855699e-23,-2.893402705307758024e-24,-4.565939358049284754e-25,-6.975873087910308759e-26,-1.031823063138490607e-26,-1.477564696480875059e-27,-2.048429331018482497e-28,-2.749338023947912789e-29,-3.572463251881512426e-30
-2.750358068744932008e-30,-2.116652460607394193e-29,-1.577038330809838526e-28,-1.137541680622273978e-27,-7.943735293202254641e-27,-5.370498319721600243e-26,-3.515092695287875450e-25,-2.227364815924971613e-24,-1.366401418068013191e-23,-8.115170128016314814e-23,-4.666049370216848153e-22,-2.597367525376850419e-21,-1.399748010388660501e-20,-7.302956055399162634e-20,-3.688755684147607734e-19,-1.803821138636107354e-18,-8.539637354165168575e-18,-3.913972413899544150e-17,-1.736714652559001938e-16,-7.460562146086040283e-16,-3.102751628547557468e-15,-1.249265791817614898e-14,-4.869619857199397984e-14,-1.837670515301069205e-13,-6.713865099801505073e-13,-2.374706550597094058e-12,-8.131668498833784153e-12,-2.695763301732924989e-11,-8.651994286893391847e-11,-2.688333024209439390e-10,-8.086903970979830762e-10,-2.355124557356853206e-09,-6.640149413438304146e-09,-1.812484071079918934e-08,-4.789640540611731271e-08,-1.225360903778676861e-07,-3.034991605025887014e-07,-7.277518942013247265e-07,-1.689435325095860626e-06,-3.796926348986268528e-06,-8.261428548555902656e-06,-1.740245442658357891e-05,-3.548936551617133792e-05,-7.006777728768315717e-05,-1.339278270757138993e-04,-2.478310291297844197e-04,-4.439897191765035541e-04,-7.700563800940392247e-04,-1.293017816303779167e-03,-2.101933010997485748e-03,-3.308000830869302356e-03,-5.040164711032873827e-03,-7.434576561371285426e-03,-1.061695960170608820e-02,-1.467832811282965798e-02,-1.964652522968866541e-02,-2.545823403742298111e-02,-3.193786168586609797e-02,-3.879026042097361016e-02,-4.561307535486341241e-02,-5.193149314633473124e-02,-5.725382500568718114e-02,-6.114174161378147648e-02,-6.328528294657262410e-02,-6.357076620698193237e-02,-6.212933143449942547e-02,-5.935429682018385916e-02,-5.587613962331419021e-02,-5.248569246781788211e-02,-5.000208058289478535e-02,-4.909564067530003406e-02,-5.009787161237264780e-02,-5.285333944371058135e-02,-5.667801085111966175e-02,-6.047003487992077403e-02,-6.296938684578762269e-02,-6.309870009789342316e-02,-6.027119231141168237e-02,-5.455247828979441216e-02,-4.661753204014755514e-02,-3.752737014805557214e-02,-2.841974560713822484e-02,-2.023021733831921465e-02,-1.352885412847217375e-02,-8.496830453690061569e-03,-5.010667720436225332e-03,-2.774067519350436207e-03,-1.441725484169160314e-03,-7.033442012151121248e-04,-3.220763628286426976e-04,-1.384360030279532957e-04,-5.585203228106756909e-05,-2.115124860621382961e-05,-7.518922089427426483e-06,-2.509133469170198148e-06,-7.861070735500248805e-07,-2.312560808678804550e-07,-6.389352661634988082e-08,-1.658543865577245772e-08,-4.047130090253641752e-09,-9.291971380455373746e-10,-2.010213690752119428e-10,-4.107584099570848860e-11,-7.958672422998904130e-12,-1.471528381259175289e-12,-2.622623426594658359e-13,-4.573234222838371307e-14,-7.957970708239176559e-15,-1.411617770924991532e-15,-2.592953805640252294e-16,-4.947755432307546946e-17,-9.710999436911734680e-18,-1.928381651097893412e-18,-3.813063108427070408e-19,-7.419379704104197040e-20,-1.409981241932717000e-20,-2.605808874308591998e-21,-4.672584261414189855e-22,-8.119917927036989219e-23,-1.366725141211301112e-23,-2.227571964823118170e-24,-3.515217094881963579e-25,-5.370568430171783863e-26,-7.943772376129267434e-27,-1.137543521363356957e-27,-1.577039188319208045e-28,-2.116652835504850279e-29,-2.750358222565201693e-30
-2.035140985402105742e-30,-1.566227402674171211e-29,-1.166937272296981386e-28,-8.417295635596976348e-28,-5.878006015325233437e-27,-3.973926655843046925e-26,-2.601010134993915899e-25,-1.648149554723262516e-24,-1.011075452328546688e-23,-6.004860064847208094e-23,-3.452666189595905256e-22,-1.921934880085993303e-21,-1.035750427389598764e-20,-5.403858265522289630e-20,-2.729512918065046731e-19,-1.334746326774900625e-18,-6.318946677318604254e-18,-2.896163145366376572e-17,-1.285090552221824908e-16,-5.520479667786550749e-16,-2.295896333840535755e-15,-9.244003693486330200e-15,-3.603299173055198322e-14,-1.359793339585342633e-13,-4.967957514456209392e-13,-1.757175796251255622e-12,-6.017068115509578770e-12,-1.994743318931939323e-11,-6.402085742514401548e-11,-1.989245248519653967e-10,-5.983944382871620349e-10,-1.742686004004943698e-09,-4.913411229632574429e-09,-1.341156506260441678e-08,-3.544118084228382938e-08,-9.067118298263280092e-08,-2.245756971039780569e-07,-5.385035948315546100e-07,-1.250105981239617675e-06,-2.809554333738537771e-06,-6.113084702752669831e-06,-1.287703177728194941e-05,-2.626053063004785896e-05,-5.184699655461967333e-05,-9.910055460233238480e-05,-1.833837893938354438e-04,-3.285323772425278836e-04,-5.698070073155059225e-04,-9.567748951330177012e-04,-1.555335673484042761e-03,-2.447771490822404049e-03,-3.729494675992770306e-03,-5.501251502784318924e-03,-7.856071478493036053e-03,-1.086130103694693538e-02,-1.453754272743212374e-02,-1.883794448724161394e-02,-2.363257423085404763e-02,-2.870303203999370611e-02,-3.375158257081777718e-02,-3.842685714627271792e-02,-4.236496034995176907e-02,-4.524139724149335573e-02,-4.682650177793838686e-02,-4.703557136577884989e-02,-4.596464453969546088e-02,-4.390321087958961449e-02,-4.131566264728903093e-02,-3.878464554316407575e-02,-3.691384838289814285e-02,-3.619782858739968578e-02,-3.688243110599345731e-02,-3.885607878193499815e-02,-4.161916875547991279e-02,-4.436525904365187789e-02,-4.617137654029190158e-02,-4.624783374270183267e-02,-4.416395109392865642e-02,-3.996674329060362352e-02,-3.414953545931705137e-02,-2.748850069384792261e-02,-2.081617758851038794e-02,-1.481719896910575068e-02,-9.908683494671575998e-03,-6.223066272455462025e-03,-3.669761332059432585e-03,-2.031681315123184950e-03,-1.055890009847339824e-03,-5.151130085590356275e-04,-2.358808958447373386e-04,-1.013871742506448480e-04,-4.090475045764433739e-05,-1.549074841412499437e-05,-5.506740122379149524e-06,-1.837666151872326335e-06,-5.757448790042172804e-07,-1.693750316747054437e-07,-4.679767312255448222e-08,-1.214815738456487052e-08,-2.964517124433320823e-09,-6.806896468630531284e-10,-1.472770850438476794e-10,-3.009939878963280975e-11,-5.833535496277455031e-12,-1.079052949053689040e-12,-1.924351067163155358e-13,-3.358661169340538135e-14,-5.851546673587183254e-15,-1.039462465485264712e-15,-1.912145065228697798e-16,-3.653239372060596973e-17,-7.176776966564519450e-18,-1.425966438820162649e-18,-2.820547684595164603e-19,-5.489119461624461352e-20,-1.043244588336635178e-20,-1.928116781397636403e-21,-3.457451923818123263e-22,-6.008337047641151382e-23,-1.011312526348384729e-23,-1.648301257259849377e-24,-2.601101237259688798e-25,-3.973978000229762982e-26,-5.878033172477130222e-27,-8.417309116001364799e-28,-1.166937900281719579e-28,-1.566227677224967126e-29,-2.035141098050182752e-30
-1.449074639376572689e-30,-1.115195667028127308e-29,-8.308904489458168957e-29,-5.993338901416882405e-28,-4.185296993184750192e-27,-2.829541725624856515e-26,-1.851988560210884864e-25,-1.173526423368314519e-24,-7.199126777823550948e-24,-4.275620458430177556e-23,-2.458390376619382457e-22,-1.368468874265983850e-21,-7.374819178717110428e-21,-3.847691154333671207e-20,-1.943485967699284858e-19,-9.503749695986471675e-19,-4.499258500199581664e-18,-2.062145372507536641e-17,-9.150187342716659095e-17,-3.930728701924643818e-16,-1.634739399319105284e-15,-6.581977079041333085e-15,-2.565645076785246944e-14,-9.682091104842770825e-14,-3.537318198265408705e-13,-1.251156014024697648e-12,-4.284312915973951790e-12,-1.420310423829911055e-11,-4.558455731143778483e-11,-1.416395651115343091e-10,-4.260727935242172461e-10,-1.240838895640971676e-09,-3.498479789242552156e-09,-9.549391882906113322e-09,-2.523506563746202234e-08,-6.456029961798596373e-08,-1.599038836267080304e-07,-3.834289162671089000e-07,-8.901087870280088003e-07,-2.000477589598821873e-06,-4.352679285936226347e-06,-9.168789932859749134e-06,-1.869819792610306132e-05,-3.691644381103949724e-05,-7.056223694202750111e-05,-1.305741471423197048e-04,-2.339238114166102022e-04,-4.057177805160333615e-04,-6.812492333655932163e-04,-1.107440465371307796e-03,-1.742878559632144884e-03,-2.655499636658546596e-03,-3.917037723112470893e-03,-5.593732281891645140e-03,-7.733535663832887680e-03,-1.035111704111483198e-02,-1.341311513667115506e-02,-1.682701045091582887e-02,-2.043728321609335555e-02,-2.403190100948420296e-02,-2.736058410766002008e-02,-3.016399861743354616e-02,-3.221058236025815813e-02,-3.333575493869334050e-02,-3.347722661743225692e-02,-3.269998404931735020e-02,-3.120489072898706764e-02,-2.931535987395095244e-02,-2.743763722990385373e-02,-2.599331833265920363e-02,-2.532957481698888680e-02,-2.562332629318130398e-02,-2.680680605662333696e-02,-2.854654450704444124e-02,-3.029850215104182634e-02,-3.143740031151552594e-02,-3.142649816920216332e-02,-2.997107769650856138e-02,-2.709939067892938244e-02,-2.314188354894603644e-02,-1.862086243464045748e-02,-1.409735364539590509e-02,-1.003287711340901216e-02,-6.708439034781913529e-03,-4.212811942748048363e-03,-2.484155657277418734e-03,-1.375238498876771472e-03,-7.147080467767956413e-04,-3.486622299832554928e-04,-1.596583546552630788e-04,-6.862496937002405563e-05,-2.768706684506819834e-05,-1.048537186337855397e-05,-3.727513594699681261e-06,-1.243972635879835798e-06,-3.897645400863020384e-07,-1.146730678388179738e-07,-3.168786260954177136e-08,-8.227359012722846909e-09,-2.008271145581300107e-09,-4.613093101079721538e-10,-9.987110743717602942e-11,-2.042956406219022486e-11,-3.964957816360012933e-12,-7.349730635446182423e-13,-1.314894893934233239e-13,-2.305395492241682816e-14,-4.040750851144324668e-15,-7.228929463018916258e-16,-1.339329393379030294e-16,-2.574438173340339960e-17,-5.079728822766585485e-18,-1.012101127473135003e-18,-2.005086707326934817e-19,-3.905385076574845133e-20,-7.425530118594506088e-21,-1.372651998006697797e-21,-2.461628752231105033e-22,-4.277973237702793273e-23,-7.200730992952027857e-24,-1.173629076330620169e-24,-1.852050206625406080e-25,-2.829576468968724461e-26,-4.185315369687564950e-27,-5.993348023238267701e-28,-8.308908738859338352e-29,-1.115195852809151271e-29,-1.449074715602449814e-30
-9.937476527223054884e-31,-7.647798438540553705e-30,-5.698087668310391850e-29,-4.110117107435400453e-28,-2.870196572284584661e-27,-1.940445558642382273e-26,-1.270058307948828087e-25,-8.047819601146378188e-25,-4.937023354566798351e-24,-2.932138675979120567e-23,-1.685917067247629654e-22,-9.384697617856686337e-22,-5.057509840386633031e-21,-2.638672949700206787e-20,-1.332805478764607319e-19,-6.517489641879498730e-19,-3.085505364642845404e-18,-1.414179827467832340e-17,-6.275023347110847364e-17,-2.695618510518142263e-16,-1.121072991509234234e-15,-4.513793903248124932e-15,-1.759470287790582633e-14,-6.639792766658756656e-14,-2.425825116897045941e-13,-8.580188475739095110e-13,-2.938099796990961347e-12,-9.740217042410305450e-12,-3.126101692602710170e-11,-9.713370280412479751e-11,-2.921925668616325778e-10,-8.509435652536721186e-10,-2.399190479347582315e-09,-6.548790180087851607e-09,-1.730572502070047072e-08,-4.427421780842538036e-08,-1.096590228668894806e-07,-2.629482120329106524e-07,-6.104195696621617142e-07,-1.371889242256503270e-06,-2.984984144994164565e-06,-6.287780647381562043e-06,-1.282286625842566188e-05,-2.531659059319237227e-05,-4.839023154951614252e-05,-8.954525095038044129e-05,-1.604204726200146700e-04,-2.782334885280311428e-04,-4.671876852670200876e-04,-7.594614748846561332e-04,-1.195232757315434170e-03,-1.821090822204220758e-03,-2.686229485130623221e-03,-3.836074472386255627e-03,-5.303510470699410867e-03,-7.098596880271510617e-03,-9.198453660082508282e-03,-1.153962781225210954e-02,-1.401545213409667416e-02,-1.648047767992553980e-02,-1.876296051791296812e-02,-2.068479723178490159e-02,-2.208661473731790906e-02,-2.285437383949930415e-02,-2.294315045509981790e-02,-2.239372514988344220e-02,-2.133798011398939029e-02,-1.998962565920581191e-02,-1.861765268182059840e-02,-1.750198737707345242e-02,-1.687517549977559511e-02,-1.686063192717631234e-02,-1.742490664907987014e-02,-1.836413505672551683e-02,-1.933886540356772113e-02,-1.995586728455354605e-02,-1.987553040993456088e-02,-1.890905368746789023e-02,-1.706998661592817879e-02,-1.456173379196757864e-02,-1.170864068721013014e-02,-8.860030120620266889e-03,-6.303459949866431142e-03,-4.213805119803723520e-03,-2.645783618352196345e-03,-1.559952094520289899e-03,-8.635268161594287627e-04,-4.487487296638344603e-04,-2.189098262342081542e-04,-1.002410146022129033e-04,-4.308602813059716314e-05,-1.738356420717249081e-05,-6.583564559790283255e-06,-2.340567601534912086e-06,-7.811767496241597030e-07,-2.447897089222717173e-07,-7.203218263277134876e-08,-1.990965891927858542e-08,-5.171101960287777483e-09,-1.262890374436340193e-09,-2.903092759870491684e-10,-6.292093303497440140e-11,-1.289289518677318589e-11,-2.508706904915290113e-12,-4.668525546407028884e-13,-8.400728150599852390e-14,-1.485032527275434347e-14,-2.630898531809142521e-15,-4.765312627044100757e-16,-8.937666825618800559e-17,-1.735654920291009716e-17,-3.449763364218422205e-18,-6.904834970567717777e-19,-1.371461308902338014e-19,-2.674877165292669641e-20,-5.089332079695357656e-21,-9.410947646954336312e-22,-1.687949219756277347e-22,-2.933615097146521604e-23,-4.938030035134039114e-24,-8.048463771248555027e-25,-1.270096992440974233e-25,-1.940467360861106482e-26,-2.870208103947609489e-27,-4.110122831580589485e-28,-5.698090334903855234e-29,-7.647799604357677463e-30,-9.937477005557331401e-31
-6.568538172689149161e-31,-5.055091787434267578e-30,-3.766359221890417527e-29,-2.716732063764344665e-28,-1.897161286019294319e-27,-1.282608385443852230e-26,-8.394914397482531774e-26,-5.319500389483532031e-25,-3.263305958519049514e-24,-1.938104182487995608e-23,-1.114368479952410359e-22,-6.203158756970976585e-22,-3.342945903250765643e-21,-1.744127289042422859e-20,-8.809664747435682999e-20,-4.307972892868313458e-19,-2.039477498555401950e-18,-9.347538235006294067e-18,-4.147705936924777168e-17,-1.781767537949994471e-16,-7.410141517241873736e-16,-2.983556990138824195e-15,-1.162986168309912813e-14,-4.388813611490466928e-14,-1.603437737634495597e-13,-5.671389047045042248e-13,-1.942044403208105489e-12,-6.438152309400041405e-12,-2.066311124692254633e-11,-6.420406961221080673e-11,-1.931353522143107321e-10,-5.624622383621265422e-10,-1.585832600859568347e-09,-4.328662127150660159e-09,-1.143885121068038693e-08,-2.926466180261395928e-08,-7.248313751562068757e-08,-1.738052274586048034e-07,-4.034791160209027415e-07,-9.068003161343425242e-07,-1.973034325923096822e-06,-4.156138340621905631e-06,-8.475741932171687728e-06,-1.673392548482207650e-05,-3.198529146181698830e-05,-5.918820511814973633e-05,-1.060357722803243228e-04,-1.839085893974985145e-04,-3.088047690908801539e-04,-5.019938083799374822e-04,-7.900327578511054123e-04,-1.203716509348605034e-03,-1.775561506767114536e-03,-2.535593518823117329e-03,-3.505548782340582332e-03,-4.692076060102657979e-03,-6.080050686961878045e-03,-7.627526996130352607e-03,-9.263987104914824661e-03,-1.089325682998299079e-02,-1.240172645965802525e-02,-1.367145719354519000e-02,-1.459662762137094866e-02,-1.510087945179137796e-02,-1.515267494405893485e-02,-1.477580695696204503e-02,-1.405254773969493581e-02,-1.311740732235982046e-02,-1.214016211620388280e-02,-1.129815801801661163e-02,-1.074047872472416211e-02,-1.055044294624549184e-02,-1.071681910943851623e-02,-1.112559010942990034e-02,-1.158048312595726451e-02,-1.185129355684562055e-02,-1.173733034150317017e-02,-1.112491733089365775e-02,-1.001814480274038945e-02,-8.532073351095388267e-03,-6.852822060243870389e-03,-5.181703066035455926e-03,-3.684611055064342371e-03,-2.462239172806074752e-03,-1.545609280279329131e-03,-9.111269574273908991e-04,-5.043004334905605655e-04,-2.620477451943410284e-04,-1.278263101121653229e-04,-5.853157602210700577e-05,-2.515834073595484439e-05,-1.015070493446266503e-05,-3.844523444223474519e-06,-1.366913958552076395e-06,-4.562746640356776364e-07,-1.430052383623475580e-07,-4.209217468322020295e-08,-1.163867559828649869e-08,-3.024540886561403592e-09,-7.392402774512398418e-10,-1.701323010982839090e-10,-3.693820137707704754e-11,-7.588721560807105097e-12,-1.482482804325558412e-12,-2.775278665173663824e-13,-5.037736494768954485e-14,-9.014263691460394523e-15,-1.621901044843349181e-15,-2.989302032068692873e-16,-5.701188560354865990e-17,-1.122314033719321879e-17,-2.251998805802724544e-18,-4.533964183944640456e-19,-9.035196858279455791e-20,-1.765250139424682781e-20,-3.361512149991563529e-21,-6.218473974497068746e-22,-1.115554111313058493e-22,-1.938965580060345584e-23,-3.263893292415298495e-24,-5.319876221647451213e-25,-8.395140096817914864e-26,-1.282621105647745232e-26,-1.897168014009084090e-27,-2.716735403437921354e-28,-3.766360777677605516e-29,-5.055092467614195674e-30,-6.568538451766687373e-31
-4.187229768251211347e-31,-3.222456847643062608e-30,-2.400931689397576654e-29,-1.731828463303148438e-28,-1.209378708496008155e-27,-8.176211923177815986e-27,-5.351485298998812141e-26,-3.391008744636673182e-25,-2.080251570925712661e-24,-1.235478475352041608e-23,-7.103737162491310563e-23,-3.954312256625381482e-22,-2.131019449341800846e-21,-1.111824505285270867e-20,-5.615875177851499308e-20,-2.746192815448317961e-19,-1.300100672191619950e-18,-5.958752058444650425e-18,-2.644027835790604263e-17,-1.135818941576357799e-16,-4.723724568878638300e-16,-1.901920688582759934e-15,-7.413659136912515966e-15,-2.797726148223781092e-14,-1.022139485232171039e-13,-3.615326336057215067e-13,-1.237990238100310370e-12,-4.104113014755887623e-12,-1.317206237417304282e-11,-4.092800931581603481e-11,-1.231175148613531594e-10,-3.585514106897306388e-10,-1.010916782274516095e-09,-2.759381530409218688e-09,-7.291896163914252442e-09,-1.865527151340875934e-08,-4.620564623702122271e-08,-1.107951880858720687e-07,-2.572048332602906925e-07,-5.780557527037663489e-07,-1.257745307416583051e-06,-2.649403219300647063e-06,-5.403010227445090954e-06,-1.066733405327120480e-05,-2.038958456722264178e-05,-3.773055859373331379e-05,-6.759436125925108734e-05,-1.172357532080165447e-04,-1.968530116823582945e-04,-3.200047502585227693e-04,-5.036202260469044810e-04,-7.673301816199386933e-04,-1.131862789876186565e-03,-1.616358485809394480e-03,-2.234673344979664147e-03,-2.991045479393697384e-03,-3.875832510773693802e-03,-4.862292546493696480e-03,-5.905464029013330826e-03,-6.944014719309716914e-03,-7.905458971241161037e-03,-8.714462689944461882e-03,-9.303230148276062442e-03,-9.622392395749095398e-03,-9.650541365661260279e-03,-9.400607613102171523e-03,-8.921571568492540905e-03,-8.294405541472378574e-03,-7.621662480698671374e-03,-7.010962081494731025e-03,-6.554068813307744636e-03,-6.305328432003923754e-03,-6.265274633317484757e-03,-6.375889204801322638e-03,-6.531927664973896999e-03,-6.607657418018554954e-03,-6.491966937575418400e-03,-6.120254843389357803e-03,-5.491687386966251881e-03,-4.665900987879911289e-03,-3.741548148347808786e-03,-2.826035292721465302e-03,-2.008016277567896239e-03,-1.341144352791069205e-03,-8.415555924223275730e-04,-4.959611803264988000e-04,-2.744596727923927703e-04,-1.425989101588444699e-04,-6.955420224938969930e-05,-3.184771549794251878e-05,-1.368898331814735449e-05,-5.523353361426607336e-06,-2.092109928893894477e-06,-7.439434143335418012e-07,-2.483756282865787488e-07,-7.786723040147268494e-08,-2.292844262887470867e-08,-6.343353174576113568e-09,-1.649763611451160018e-09,-4.036926684254922910e-10,-9.306594091385355717e-11,-2.025713122067984936e-11,-4.177507929320794542e-12,-8.207485190364267005e-13,-1.549519740192251049e-13,-2.847152065760663852e-14,-5.179390870884940000e-15,-9.511025078031597933e-16,-1.792070106586273684e-16,-3.488289251438783921e-17,-6.978073718115786010e-18,-1.415598288325786038e-18,-2.869010878843827406e-19,-5.738443693458492694e-20,-1.123304007725326951e-20,-2.141109530505410130e-21,-3.962635521420571443e-22,-7.110180638561657255e-23,-1.235946613664565929e-23,-2.080570765578570213e-24,-3.391212995775353874e-25,-5.351607958394885965e-26,-8.176281052868640738e-27,-1.209382364914241631e-27,-1.731830278294498039e-28,-2.400932534911440132e-29,-3.222457217296162554e-30,-4.187229919919725058e-31
-2.575506680946903738e-31,-1.982088301696913992e-30,-1.476779624902974747e-29,-1.065223554558870295e-28,-7.438719907714267902e-28,-5.029074017540018213e-27,-3.291624033881711728e-26,-2.085762224748587355e-25,-1.279533752743432903e-24,-7.599255936614719889e-24,-4.369409737294722790e-23,-2.432242365276834984e-22,-1.310760367301234415e-21,-6.838677598049852541e-21,-3.454246564062130397e-20,-1.689144932285269700e-19,-7.996738064201184690e-19,-3.665145355288177747e-18,-1.626304676977959207e-17,-6.986264032025404233e-17,-2.905497156699167636e-16,-1.169844912074615825e-15,-4.560038424964664679e-15,-1.720842367152832473e-14,-6.287037537408808062e-14,-2.223736849341212815e-13,-7.614705439262436901e-13,-2.524382724112983443e-12,-8.101952012225195269e-12,-2.517424819387595406e-11,-7.572786773519428617e-11,-2.205399762621622621e-10,-6.218008255412183994e-10,-1.697257127071531883e-09,-4.485143717053736627e-09,-1.147459754465051390e-08,-2.842044911966202520e-08,-6.814857624856590214e-08,-1.582031087609448581e-07,-3.555540382180016778e-07,-7.736216117736314367e-07,-1.629611000468430098e-06,-3.323316299363448236e-06,-6.561328525700936070e-06,-1.254134933620633884e-05,-2.320754081152451336e-05,-4.157634967558878047e-05,-7.211007810412780575e-05,-1.210815443108442151e-04,-1.968304625437077059e-04,-3.097697828253311372e-04,-4.719741007943810927e-04,-6.961930241910649570e-04,-9.941995569398116243e-04,-1.374516334567435060e-03,-1.839749999189633275e-03,-2.383969098461570166e-03,-2.990723258601735764e-03,-3.632351814359619478e-03,-4.271114954702399068e-03,-4.862388289991557283e-03,-5.359739873471101521e-03,-5.721258166718721193e-03,-5.916143730997597966e-03,-5.930413621044032871e-03,-5.770622875992452612e-03,-5.464732025359545983e-03,-5.059561572298356888e-03,-4.614642944373291769e-03,-4.192775009406572023e-03,-3.848355398816190494e-03,-3.615582183146124565e-03,-3.499593686511481838e-03,-3.473871840740445048e-03,-3.486107144364573255e-03,-3.472102320490902394e-03,-3.374031878331507344e-03,-3.157076759619245523e-03,-2.818572672335034092e-03,-2.386628860307484553e-03,-1.909425600979450851e-03,-1.439945416620965358e-03,-1.022027769670734052e-03,-6.820871756903044850e-04,-4.277733346771264516e-04,-2.520077680052822556e-04,-1.394216038301335507e-04,-7.242536900282376528e-05,-3.532244729952456637e-05,-1.617275408886221250e-05,-6.951499983080370617e-06,-2.805015681830222159e-06,-1.062595475836479336e-06,-3.779246052540125953e-07,-1.262104043493269485e-07,-3.958348035208777201e-08,-1.166216171405369511e-08,-3.229025455675525819e-09,-8.407602968804221085e-10,-2.060731789028621891e-10,-4.762285369520341439e-11,-1.040306849390091458e-11,-2.156851147508268554e-12,-4.271255984880862063e-13,-8.157721557525176805e-14,-1.523514907558450495e-14,-2.831331612222198988e-15,-5.332379991062669679e-16,-1.031307563357122502e-16,-2.054296095823430920e-17,-4.181882132898264635e-18,-8.582243781818038515e-19,-1.751406544906923904e-19,-3.516381670473626920e-20,-6.896871996679227100e-21,-1.315875451413145998e-21,-2.436461776282842454e-22,-4.372676204782791756e-23,-7.601629125497685511e-24,-1.279695565861777589e-24,-2.085865768192624925e-25,-3.291686215059231202e-26,-5.029109062271320712e-27,-7.438738443627431344e-28,-1.065224474653891664e-28,-1.476780053529311946e-29,-1.982088489089529420e-30,-2.575506757834015685e-31
-1.529160683700816482e-31,-1.176829213839934371e-30,-8.768112921616698642e-30,-6.324572912327280932e-29,-4.416605906748122413e-28,-2.985922078919353996e-27,-1.954342458271599856e-26,-1.238383737549196686e-25,-7.597001097446568227e-25,-4.511921281205583095e-24,-2.594258299028818755e-23,-1.444100077754576484e-22,-7.782403494652987818e-22,-4.060341597560417339e-21,-2.050896655267265163e-20,-1.002899366804793340e-19,-4.747919132220822200e-19,-2.176114012367783249e-18,-9.655890975360070741e-18,-4.147968383370209821e-17,-1.725086582573110167e-16,-6.945743370831632074e-16,-2.707440647390330933e-15,-1.021719147600626585e-14,-3.732815251569159680e-14,-1.320303684733269215e-13,-4.521094145017700074e-13,-1.498806755534394761e-12,-4.810388018007650971e-12,-1.494675624978333429e-11,-4.496205692566148257e-11,-1.309416369909880972e-10,-3.691830359223817978e-10,-1.007715836285314870e-09,-2.662973264097608739e-09,-6.812835531111342341e-09,-1.687412955610311742e-08,-4.046198917689544108e-08,-9.393024516152355493e-08,-2.111038034559230367e-07,-4.593238920857978163e-07,-9.675521675317563565e-07,-1.973159169837713068e-06,-3.895670583412049705e-06,-7.446200185521892676e-06,-1.377905917964233152e-05,-2.468520845463056262e-05,-4.281405952063131683e-05,-7.188998515975603490e-05,-1.168645404208207761e-04,-1.839202266837335932e-04,-2.802261172200126780e-04,-4.133520604455449138e-04,-5.902880591441790397e-04,-8.160942500703823261e-04,-1.092318188890421642e-03,-1.415437866827868024e-03,-1.775685150744058232e-03,-2.156633951401418399e-03,-2.535868357985523319e-03,-2.886871171597952049e-03,-3.182020669972601950e-03,-3.396313411493208194e-03,-3.511218350045697267e-03,-3.517973508268219807e-03,-3.419681946265924494e-03,-3.231722426315630607e-03,-2.980210133208914449e-03,-2.698489507590824503e-03,-2.421930133908472074e-03,-2.181675721450517056e-03,-1.998465572640749106e-03,-1.878064028278860625e-03,-1.809898586570412356e-03,-1.769920836564759219e-03,-1.727427112661202328e-03,-1.654018024121727123e-03,-1.531793901515911662e-03,-1.357959138079246116e-03,-1.144367105191619171e-03,-9.125724824191297664e-04,-6.866527688185058726e-04,-4.866060157886917476e-04,-3.243994478654137637e-04,-2.032913027516144435e-04,-1.196967585310537783e-04,-6.619627574790905896e-05,-3.437821807920591352e-05,-1.676392206355499696e-05,-7.674985556816700603e-06,-3.298940344866728689e-06,-1.331273894083483170e-06,-5.043981582458878201e-07,-1.794437782322872622e-07,-5.995042720503164835e-08,-1.881307496225505236e-08,-5.547238813041149208e-09,-1.537687232797770874e-09,-4.010333192879625288e-10,-9.852708497935236862e-11,-2.284776641901352553e-11,-5.016301532177801618e-12,-1.047783839247956629e-12,-2.097612727085536837e-13,-4.068844055272959723e-14,-7.760882632803809190e-15,-1.481097954826127878e-15,-2.873937588453769670e-16,-5.722832567455819035e-17,-1.168194004986291169e-17,-2.420729680799327072e-18,-5.025089015788529393e-19,-1.032373107883397807e-19,-2.080310510147519471e-20,-4.087889978741190498e-21,-7.806617558240775665e-22,-1.446097485503268670e-22,-2.595804597188007394e-23,-4.513044714276488648e-24,-7.597767097193826285e-25,-1.238432753508331829e-25,-1.954371893935872100e-26,-2.985938668585010566e-27,-4.416614681379599432e-28,-6.324577267923176284e-29,-8.768114950671381161e-30,-1.176829302548870386e-30,-1.529160720098055871e-31
-8.766913402096271735e-32,-6.746942892765554739e-31,-5.026894001589082625e-30,-3.625974929817474156e-29,-2.532108098799596663e-28,-1.711875054748305612e-27,-1.120454591354053893e-26,-7.099844444981910287e-26,-4.355477579750173882e-25,-2.586753869035730069e-24,-1.487328185499242903e-23,-8.279247864910345053e-23,-4.461771625769980025e-22,-2.327856290588874972e-21,-1.175810597605894389e-20,-5.749776327309062201e-20,-2.722055066940228332e-19,-1.247599634418090362e-18,-5.535870814844129111e-18,-2.378094074694027440e-17,-9.890186715979870443e-17,-3.982101507991578954e-16,-1.552217366689127398e-15,-5.857673025309577254e-15,-2.140080398701480938e-14,-7.569504102415000955e-14,-2.592012812948380245e-13,-8.592889663136027936e-13,-2.757869440004855083e-12,-8.569205256242900993e-12,-2.577743880344980378e-11,-7.507085451938714045e-11,-2.116583129525283869e-10,-5.777389887669137556e-10,-1.526723531888094017e-09,-3.905903399205027498e-09,-9.674198017966513176e-09,-2.319748074688258400e-08,-5.385165430592900436e-08,-1.210290575397314451e-07,-2.633374522606957202e-07,-5.547125397072372739e-07,-1.131242501517488827e-06,-2.233447865348560797e-06,-4.269021097451997847e-06,-7.899746565404982732e-06,-1.415240969379028399e-05,-2.454595885216745454e-05,-4.121563424049680966e-05,-6.700023852246106198e-05,-1.054442947997338885e-04,-1.606579428844667691e-04,-2.369810925627686071e-04,-3.384212167742220445e-04,-4.678793571264602781e-04,-6.262427041715828589e-04,-8.114918734991815284e-04,-1.018026118912796277e-03,-1.236426531379915868e-03,-1.453837307944713924e-03,-1.655044263813040904e-03,-1.824183849071388773e-03,-1.946859823861822299e-03,-2.012322204679577956e-03,-2.015310853378158695e-03,-1.957198640324089162e-03,-1.846173132596466357e-03,-1.696339723809147867e-03,-1.525784917626049446e-03,-1.353800109388022784e-03,-1.197646366256925523e-03,-1.069437718261935510e-03,-9.738760538205253319e-04,-9.075629202771651237e-04,-8.603198679838483303e-04,-8.183603238513324340e-04,-7.684573843534251228e-04,-7.017768708019603632e-04,-6.160911157341143838e-04,-5.157059782793623403e-04,-4.093485486729638587e-04,-3.070231941542473850e-04,-2.170900603929036467e-04,-1.444969595092286153e-04,-9.045099613763853835e-05,-5.321506799211393751e-05,-2.941350953851847244e-05,-1.526989327676756334e-05,-7.444404339255641320e-06,-3.407897606258786791e-06,-1.464828716654767820e-06,-5.911970900463490924e-07,-2.240499293683649988e-07,-7.973891417175164243e-08,-2.665544906160195040e-08,-8.371691251726309863e-09,-2.471374386294884153e-09,-6.861958934498213280e-10,-1.793834284252428448e-10,-4.422044887671439484e-11,-1.030459556203392149e-11,-2.278512507357393078e-12,-4.808469750716847992e-13,-9.768947159194735077e-14,-1.933890557344904436e-14,-3.787984807740029859e-15,-7.461876087858257620e-16,-1.497298707458811679e-16,-3.074852853565748213e-17,-6.432244923386338806e-18,-1.355823642654212059e-18,-2.844681863311739512e-19,-5.880175431245972342e-20,-1.188824012867589478e-20,-2.340044374250541592e-21,-4.472484525045651333e-22,-8.288084889702370991e-23,-1.488012305963759619e-23,-2.587250903549905458e-24,-4.355816476941380255e-25,-7.100061303681074701e-26,-1.120467614418329105e-26,-1.711882394425784138e-27,-2.532111980913108085e-28,-3.625976856840500401e-29,-5.026894899292946185e-30,-6.746943285235779327e-31,-8.766913563126643503e-32
-4.854779933383775165e-32,-3.736197845829344377e-31,-2.783700831392557538e-30,-2.007925654201324884e-29,-1.402184215059255152e-28,-9.479706577534077268e-28,-6.204647196666442026e-27,-3.931621171643247418e-26,-2.411896203904353538e-25,-1.432444943849311837e-24,-8.236252256799185715e-24,-4.584729488541143121e-23,-2.470757764180714733e-22,-1.289077408321363771e-21,-6.511187498843294811e-21,-3.184005299811757652e-20,-1.507369550768829928e-19,-6.908727612869587896e-19,-3.065552642425327552e-18,-1.316897163688519716e-17,-5.476805553329360637e-17,-2.205134875527853909e-16,-8.595583620399868146e-16,-3.243754347202395429e-15,-1.185094331256853608e-14,-4.191700651826227408e-14,-1.435357145009178032e-13,-4.758412270434804555e-13,-1.527202175058176322e-12,-4.745296755538610467e-12,-1.427455558156816948e-11,-4.157135600490289255e-11,-1.172082446040937714e-10,-3.199296628991924486e-10,-8.454408554626440936e-10,-2.162939289403976581e-09,-5.357199307794625743e-09,-1.284587389765880013e-08,-2.982097788731819365e-08,-6.702124373211545437e-08,-1.458261671249029443e-07,-3.071784997811355141e-07,-6.264386499865267395e-07,-1.236797648344510219e-06,-2.364019924520150655e-06,-4.374576244285377491e-06,-7.837060940263412928e-06,-1.359260928154711996e-05,-2.282363528268458323e-05,-3.710215882659814566e-05,-5.839100065756563994e-05,-8.896619826930470313e-05,-1.312310266676124722e-04,-1.874046689520619943e-04,-2.590936045715659403e-04,-3.467891033800583282e-04,-4.493728309046249639e-04,-5.637430604755189201e-04,-6.846832146471338925e-04,-8.050721536269598872e-04,-9.164794201762100061e-04,-1.010107333386381541e-03,-1.077954762817575273e-03,-1.114009229070403711e-03,-1.115245835299454123e-03,-1.082232630886952734e-03,-1.019205788147014690e-03,-9.335661467248763208e-04,-8.348417489425475312e-04,-7.332486073477382203e-04,-6.380641129413880484e-04,-5.561024838553682570e-04,-4.906285468735611987e-04,-4.410204510628607574e-04,-4.033494614347493006e-04,-3.717869605895921708e-04,-3.404539611805544206e-04,-3.051341452834431360e-04,-2.642982154915941287e-04,-2.191524026420700133e-04,-1.728114829326998889e-04,-1.290175250552255768e-04,-9.093076642444167810e-05,-6.038580823614250845e-05,-3.773836765784324682e-05,-2.217704212674039758e-05,-1.224801589180033902e-05,-6.355053908741315216e-06,-3.097197221036534805e-06,-1.417616779606949055e-06,-6.093462813103737261e-07,-2.459725754003499589e-07,-9.325142149572976220e-08,-3.320711728094517345e-08,-1.111004317832988008e-08,-3.493566117021015779e-09,-1.033084301469375143e-09,-2.875343653354449454e-10,-7.542270105583291893e-11,-1.868307734642519487e-11,-4.384003794662234680e-12,-9.790614294253862728e-13,-2.095557810563336692e-13,-4.341672808044454689e-14,-8.821852620251015427e-15,-1.784646662188446217e-15,-3.644953119537879390e-16,-7.579904049803029250e-17,-1.605193424974522019e-17,-3.436443274940591078e-18,-7.356523577584717507e-19,-1.558108555427852137e-19,-3.237960234116185024e-20,-6.565032804855571482e-21,-1.294120443383795361e-21,-2.475190415626768100e-22,-4.588385963759992432e-23,-8.239082926152343227e-24,-1.432650600665576238e-24,-2.412036428607862856e-25,-3.931710900763413924e-26,-6.204701081896953479e-27,-9.479736946747072205e-28,-1.402185821352349221e-28,-2.007926451541198696e-29,-2.783701202833399733e-30,-3.736198008220837413e-31,-4.854780000012937331e-32
-2.597344051919849936e-32,-1.998894158915416671e-31,-1.489301038554458364e-30,-1.074255440246504849e-29,-7.501791802417748770e-29,-5.071714852364543425e-28,-3.319533266524471719e-27,-2.103447119064827005e-26,-1.290382745463135479e-25,-7.663688994480308401e-25,-4.406457368377271192e-24,-2.452865017595981038e-23,-1.321874126240094596e-22,-6.896661815593594364e-22,-3.483534651027572857e-21,-1.703466962504162833e-20,-8.064541318983542407e-20,-3.696221624429899565e-19,-1.640093893216079764e-18,-7.045499614876468249e-18,-2.930132472049397026e-17,-1.179763868027944331e-16,-4.598702370771376916e-16,-1.735433155612262661e-15,-6.340344473881205101e-15,-2.242591611739862276e-14,-7.679269491360384731e-14,-2.545786622006973848e-13,-8.170647361767572581e-13,-2.538769722153440017e-12,-7.636995402949948655e-12,-2.224099047355150295e-11,-6.270729901988040131e-11,-1.711647939487056207e-10,-4.523172640815043473e-10,-1.157188909710583272e-09,-2.866142224360556791e-09,-6.872639876086252257e-09,-1.595444914102902297e-08,-3.585687325657000265e-08,-7.801810442355990816e-08,-1.643428250573859314e-07,-3.351494246416088312e-07,-6.616961138168294838e-07,-1.264768573205303820e-06,-2.340431439461395661e-06,-4.192886989110264462e-06,-7.272148964859859104e-06,-1.221081782411182731e-05,-1.984993611503847830e-05,-3.123962780238797384e-05,-4.759759015849618753e-05,-7.020959336875684422e-05,-1.002629165519748703e-04,-1.386170357764475642e-04,-1.855347744369925103e-04,-2.404177814971089817e-04,-3.016065010938960306e-04,-3.663096982163249185e-04,-4.307165959928961358e-04,-4.903144651330958257e-04,-5.403907750468049144e-04,-5.766521694209145611e-04,-5.958559065185254537e-04,-5.963346926151440706e-04,-5.783084636451156068e-04,-5.439134919293248929e-04,-4.969300610407022516e-04,-4.422427132032336386e-04,-3.851131250919369959e-04,-3.303819396860586542e-04,-2.817411006987218338e-04,-2.412261692174812113e-04,-2.090550156729262103e-04,-1.838718794126191166e-04,-1.633474362125608844e-04,-1.449679911179864249e-04,-1.267730193603136459e-04,-1.078151352078177713e-04,-8.822489730205496582e-05,-6.891811292057824939e-05,-5.111123499435698712e-05,-3.585303994893380649e-05,-2.372949897157097999e-05,-1.479428239289581319e-05,-8.679057999592974993e-06,-4.787566282110026186e-06,-2.482091319959472210e-06,-1.209072804212501952e-06,-5.532777451100072536e-07,-2.378241707574211302e-07,-9.602699973860351840e-08,-3.642459887252195650e-08,-1.298202993396813015e-08,-4.348853868095314900e-09,-1.369957067415120628e-09,-4.061324845915824974e-10,-1.134370428240993743e-10,-2.990346976095526027e-11,-7.459433433998776120e-12,-1.767731237971161440e-12,-4.002894445461932331e-13,-8.733187616957826878e-14,-1.856190580898972268e-14,-3.895147247267130134e-15,-8.180436037080107270e-16,-1.737229082657578661e-16,-3.744404870389561849e-17,-8.161717844804646145e-18,-1.783694397598771683e-18,-3.869598142347159786e-19,-8.260991323975556792e-20,-1.724357098573403386e-20,-3.504382341489761262e-21,-6.916187312198199902e-22,-1.323590349103667916e-22,-2.454280722495649635e-23,-4.407553339834134542e-24,-7.664485251380757281e-25,-1.290437037311960165e-25,-2.103481860160405885e-26,-3.319554129672801607e-27,-5.071726610640220118e-28,-7.501798021623071968e-29,-1.074255748958552696e-29,-1.489301182367991606e-30,-1.998894221789747601e-31,-2.597344077717161301e-32
-1.342825151104505837e-32,-1.033426953584945458e-31,-7.699676485518988181e-31,-5.553893496734042718e-30,-3.878421383255011143e-29,-2.622073212807999066e-28,-1.716196495771218776e-27,-1.087480764595165792e-26,-6.671270230366137276e-26,-3.962122124107532163e-25,-2.278135535087476766e-24,-1.268129586243156036e-23,-6.834080459989171587e-23,-3.565569581663883659e-22,-1.800985102719143533e-21,-8.806912891017816910e-21,-4.169362509848445666e-20,-1.910944126817561244e-19,-8.479274543376493075e-19,-3.642518625116310020e-18,-1.514876543455061554e-17,-6.099371368152995785e-17,-2.377526073741042009e-16,-8.972177897241822951e-16,-3.277953885200874000e-15,-1.159418374964348093e-14,-3.970177230654490462e-14,-1.316169994055827899e-13,-4.224219263550059366e-13,-1.312542261488345461e-12,-3.948321555001667499e-12,-1.149857731450118712e-11,-3.241963197732087613e-11,-8.849208487726026970e-11,-2.338477253479223737e-10,-5.982658983471853740e-10,-1.481793627867315121e-09,-3.553150254880830857e-09,-8.248439617676115134e-09,-1.853797967708505765e-08,-4.033530820994429833e-08,-8.496513148787584241e-08,-1.732720301164144027e-07,-3.420964517059398267e-07,-6.538845129781939196e-07,-1.210001500964004171e-06,-2.167719790739264539e-06,-3.759696188614429566e-06,-6.312984711142365562e-06,-1.026240379703159465e-05,-1.615086683634396251e-05,-2.460792249710913436e-05,-3.629831304963580541e-05,-5.183586074506929634e-05,-7.166491308385926481e-05,-9.592134566068709041e-05,-1.242957977791682087e-04,-1.559302362065944107e-04,-1.893814621218483784e-04,-2.226789368190407973e-04,-2.534886226577431922e-04,-2.793718354573106926e-04,-2.981037761219529217e-04,-3.079974176682705330e-04,-3.081709570862604768e-04,-2.987041117159014002e-04,-2.806486691871392823e-04,-2.558864923360197542e-04,-2.268566597865442176e-04,-1.961968976143454177e-04,-1.663600981030743833e-04,-1.392737280371754470e-04,-1.161070868622493860e-04,-9.719565869645266820e-05,-8.214052258893631366e-05,-7.005678505643647930e-05,-5.990051522544259741e-05,-5.077762247241258216e-05,-4.214601437330756328e-05,-3.386482718276103484e-05,-2.610371323892779542e-05,-1.917360793866110361e-05,-1.335688424699440460e-05,-8.796385446410566299e-06,-5.464552627613839218e-06,-3.197580898072318453e-06,-1.760685278000572696e-06,-9.117087035018384432e-07,-4.437784185127714580e-07,-2.030050808681163477e-07,-8.726317136048527474e-08,-3.524860746527126449e-08,-1.338118888249418463e-08,-4.775330988268053737e-09,-1.602725132975797479e-09,-5.062415862422083829e-10,-1.506427732947130018e-10,-4.229629945668951938e-11,-1.123107195927861058e-11,-2.829995592413902512e-12,-6.800698872057860176e-13,-1.569554646115865714e-13,-3.511980951671913609e-14,-7.707745510314763276e-15,-1.680021486692930766e-15,-3.675750855612744815e-16,-8.119943594031169360e-17,-1.810015351977574041e-17,-4.047099842782082162e-18,-8.999764760816402296e-19,-1.973785675945577819e-19,-4.240567208086739317e-20,-8.882630671479452397e-21,-1.808541496053853856e-21,-3.572646736453155742e-22,-6.840301031534379535e-23,-1.268642718529300381e-23,-2.278532777718581587e-24,-3.962410733071014244e-25,-6.671467015024528958e-26,-1.087493356751767236e-26,-1.716204057767366381e-27,-2.622077474678451102e-28,-3.878423637450125027e-29,-5.553894615682620573e-30,-7.699677006781343379e-31,-1.033426976374192756e-31,-1.342825160454924373e-32
-6.709963122945576024e-33,-5.163931240868833651e-32,-3.847451414947675587e-31,-2.775225093244652396e-30,-1.938008417214949547e-29,-1.310223788192647594e-28,-8.575662429975642245e-28,-5.434032734153276364e-27,-3.333567083707204005e-26,-1.979832841193130034e-25,-1.138361566800816598e-24,-6.336716847914839415e-24,-3.414921728867840393e-23,-1.781679497556484549e-22,-8.999342627951106782e-22,-4.400726384750625876e-21,-2.083388791479174548e-20,-9.548796885736329197e-20,-4.237008775758244242e-19,-1.820130165797768819e-18,-7.569686741448027275e-18,-3.047794935907599577e-17,-1.188026025988726729e-16,-4.483307657253932887e-16,-1.637960807505181385e-15,-5.793497786124506601e-15,-1.983857897458800792e-14,-6.576769966200007894e-14,-2.110800163248602842e-13,-6.558642548994802556e-13,-1.972936834687756023e-12,-5.745724205655493502e-12,-1.619976620547815908e-11,-4.421861071864681543e-11,-1.168513720627464117e-10,-2.989474923316432408e-10,-7.404374717458373497e-10,-1.775473684040311306e-09,-4.121662869579531870e-09,-9.263243237948146141e-09,-2.015515053607342012e-08,-4.245622734657112326e-08,-8.658230234686480707e-08,-1.709421791473946753e-07,-3.267395583959423327e-07,-6.046256613153422317e-07,-1.083187922474906048e-06,-1.878682623586392092e-06,-3.154535389199035357e-06,-5.128020648810232977e-06,-8.070426798319636210e-06,-1.229633301240771615e-05,-1.813790433894227574e-05,-2.590186152460549886e-05,-3.581024017897856408e-05,-4.793093450366230264e-05,-6.210935493503460809e-05,-7.791673431951778048e-05,-9.463187094817438914e-05,-1.112699674071049934e-04,-1.266643677477775074e-04,-1.395956180250066672e-04,-1.489500777415481050e-04,-1.538807980943314099e-04,-1.539397042080166791e-04,-1.491538552876298226e-04,-1.400290256837255563e-04,-1.274782991617877241e-04,-1.126880511307902510e-04,-9.694529819476663680e-05,-8.145704024950181383e-05,-6.719345440227744823e-05,-5.478277012587055080e-05,-4.447638082267043507e-05,-3.618845736804729787e-05,-2.959685938735120154e-05,-2.427602905831597750e-05,-1.982411150970159378e-05,-1.595057388228949652e-05,-1.250671591204732983e-05,-9.463122077150607978e-06,-6.855656172994326158e-06,-4.727756096158937954e-06,-3.090625084939700512e-06,-1.909705564094090082e-06,-1.113151850975417969e-06,-6.112616468790043886e-07,-3.159336017947003240e-07,-1.536065971789132646e-07,-7.022973781498324523e-08,-3.018995194470458965e-08,-1.220222406602219412e-08,-4.637975035791083747e-09,-1.658409667486173761e-09,-5.582089485360921013e-10,-1.770335999695426077e-10,-5.297674481177303128e-11,-1.498975095128324931e-11,-4.022603896740810719e-12,-1.028305346000449088e-12,-2.519342117661765203e-13,-5.963910042925485919e-14,-1.377902177833309124e-14,-3.141606561844200614e-15,-7.140451728669876759e-16,-1.628694650303280233e-16,-3.733656733910107191e-17,-8.571504104277491367e-18,-1.957460966366243113e-18,-4.413683656172824708e-19,-9.762105854959007060e-20,-2.107558470609904889e-20,-4.426427981745311809e-21,-9.024992003175524094e-22,-1.784081762640797916e-22,-3.417033235860755306e-23,-6.338458621002172081e-24,-1.138496406596060193e-24,-1.979930806442814391e-25,-3.333633880171044458e-26,-5.434075476892471232e-27,-8.575688098369021213e-28,-1.310225234839341810e-28,-1.938009182377566506e-29,-2.775225473059844440e-30,-3.847451591884651061e-31,-5.163931318224514625e-32,-6.709963154684578442e-33
-3.241170200977108671e-33,-2.494377353664426484e-32,-1.858466976247907202e-31,-1.340540433444263881e-30,-9.361325861299903583e-30,-6.328884706354728304e-29,-4.142374706446177840e-28,-2.624846760907429815e-27,-1.610241084294813529e-26,-9.563353911510238776e-26,-5.498724092290951196e-25,-3.060877898010770889e-24,-1.649538506169461460e-23,-8.606197067498938503e-23,-4.347028533488279266e-22,-2.125720061281971106e-21,-1.006356897089443333e-20,-4.612436067703117641e-20,-2.046638160842495663e-19,-8.791928580217894330e-19,-3.656449766946383951e-18,-1.472202148350448420e-17,-5.738622527227263808e-17,-2.165609991329603463e-16,-7.911980531606442594e-16,-2.798482203218235436e-15,-9.582796480994597482e-15,-3.176832784704092875e-14,-1.019597643680606565e-13,-3.168076545155578064e-13,-9.530043548425622537e-13,-2.775405726854205053e-12,-7.825109993293534598e-12,-2.135928927832490613e-11,-5.644370589428933698e-11,-1.444031339738296856e-10,-3.576597702754516533e-10,-8.576220601946292463e-10,-1.990921652858614287e-09,-4.474502675666065920e-09,-9.735712718053291016e-09,-2.050799034215997567e-08,-4.182258131032173560e-08,-8.257164562469366997e-08,-1.578277705479251408e-07,-2.920574435796018535e-07,-5.232214174731974981e-07,-9.074759465988512169e-07,-1.523761891669962680e-06,-2.477031156735185745e-06,-3.898326468272499281e-06,-5.939601662110084798e-06,-8.761305220654912494e-06,-1.251159502376460567e-05,-1.729772266979246408e-05,-2.315248315289639180e-05,-3.000120198144896080e-05,-3.763676235765203319e-05,-4.571077875628211102e-05,-5.374750759291258608e-05,-6.118328308969444077e-05,-6.742875868949088961e-05,-7.194532822311020665e-05,-7.432249894951458249e-05,-7.434122993230786556e-05,-7.201012546520479116e-05,-6.756657378015054540e-05,-6.144209723235207865e-05,-5.419843025893186799e-05,-4.644640301051440080e-05,-3.876250984477745936e-05,-3.161784537688854029e-05,-2.533123179395864252e-05,-2.005338453790552169e-05,-1.578252969744733475e-05,-1.240502700796600047e-05,-9.748908819999761320e-06,-7.635766477690640239e-06,-5.918389713826113149e-06,-4.497570915792117673e-06,-3.319178162441894233e-06,-2.358752514516773196e-06,-1.603131632621912898e-06,-1.036688876831743632e-06,-6.354641215916641279e-07,-3.682514585269512405e-07,-2.013768995171475434e-07,-1.037874288226409318e-07,-5.037284343940577615e-08,-2.301198613719886973e-08,-9.892865943783723565e-09,-4.002281933347267487e-09,-1.524128347054338784e-09,-5.466288513735359392e-10,-1.847980831701679408e-10,-5.896709822408433572e-11,-1.779393910030906171e-11,-5.092094611995011690e-12,-1.387364483943425706e-12,-3.618213072663263486e-13,-9.096560834565728889e-14,-2.223857761968123925e-14,-5.337721394801048523e-15,-1.269327758036623093e-15,-3.010529419335130120e-16,-7.139861872888447513e-17,-1.690292678063554735e-17,-3.975007937078599895e-18,-9.228613450684899679e-19,-2.102817289595302010e-19,-4.680264114440543067e-20,-1.014042378537700781e-20,-2.133892662408565792e-21,-4.355184529121503556e-22,-8.613835796850524122e-23,-1.650209923763975205e-23,-3.061431747512781416e-24,-5.499152856255599521e-25,-9.563665421689976883e-26,-1.610262324253394680e-26,-2.624860352255803051e-27,-4.142382868489210016e-28,-6.328889306406004024e-29,-9.361328294366250613e-30,-1.340540554218021219e-30,-1.858467032510376419e-31,-2.494377378262007959e-32,-3.241170211069486690e-33
-1.513652927842161445e-33,-1.164894575230606181e-32,-8.679192407259457832e-32,-6.260433195893253773e-31,-4.371815554199962659e-30,-2.955640793828516331e-29,-1.934522784623093134e-28,-1.225824852883941774e-27,-7.519957239640855909e-27,-4.466164301950096343e-26,-2.567949013965180151e-25,-1.429454951392143300e-24,-7.703479405984599309e-24,-4.019164246567280111e-23,-2.030097791576749467e-22,-9.927286118952652325e-22,-4.699768815825780781e-21,-2.154045275456044298e-20,-9.557967191784138611e-20,-4.105902378349081860e-19,-1.707591873323304252e-18,-6.875304146491238500e-18,-2.679983540358318157e-17,-1.011357534680554331e-16,-3.694959460347342843e-16,-1.306914021095979283e-15,-4.475244140526847625e-15,-1.483606829528009139e-14,-4.761604182689501608e-14,-1.479517594218645694e-13,-4.450608090617705083e-13,-1.296137118358146733e-12,-3.654390210197869783e-12,-9.974962358662257066e-12,-2.635967116425944261e-11,-6.743744171878949328e-11,-1.670300307850495592e-10,-4.005164992582855488e-10,-9.297766553713618649e-10,-2.089629256006907563e-09,-4.546657270842792542e-09,-9.577398809914739089e-09,-1.953148669304707310e-08,-3.856163219039936795e-08,-7.370685652750928269e-08,-1.363932089832901174e-07,-2.443486708068341736e-07,-4.237986709546814804e-07,-7.116092354367877149e-07,-1.156793759700183058e-06,-1.820550266038942544e-06,-2.773842434958674434e-06,-4.091601014143575899e-06,-5.843016930919200161e-06,-8.078177511546477132e-06,-1.081239811784843888e-05,-1.401080457063802505e-05,-1.757666975453498005e-05,-2.134728913045819644e-05,-2.510047074610607736e-05,-2.857293701817873314e-05,-3.148935948164352511e-05,-3.359798483216022312e-05,-3.470665890304032702e-05,-3.471223987155222968e-05,-3.361729142016891425e-05,-3.153042201904076436e-05,-2.865005168944546386e-05,-2.523482489228883005e-05,-2.156647121208028715e-05,-1.791209055692069351e-05,-1.449248970080390379e-05,-1.146156467228417050e-05,-8.899237585388092425e-06,-6.817604523026081155e-06,-5.177261963466265961e-06,-3.908840183606245544e-06,-2.934134920825612367e-06,-2.182159804677013454e-06,-1.597667095143842429e-06,-1.142374640792369439e-06,-7.912522352521898746e-07,-5.270328164486388614e-07,-3.355669102488433452e-07,-2.032980762356052677e-07,-1.167922287067422661e-07,-6.346798736189713168e-08,-3.256972855666827198e-08,-1.576521677737753554e-08,-7.193083833026035173e-09,-3.092602235929777458e-09,-1.252959250535667226e-09,-4.785318863752866392e-10,-1.724122244184963598e-10,-5.867218088689565431e-11,-1.889234270323475178e-11,-5.770967017951498575e-12,-1.678318703108761552e-12,-4.669282926434771373e-13,-1.250427900319448079e-13,-3.247412616436801246e-14,-8.246082905795503456e-15,-2.063490124378976260e-15,-5.119565342999248701e-16,-1.263104534548670861e-16,-3.097488203732041726e-17,-7.525113284914369106e-18,-1.802507507827740843e-18,-4.236014318474963149e-19,-9.725355071029722057e-20,-2.174254903388696094e-20,-4.722668003996989186e-21,-9.951636698978913616e-22,-2.032527901908627957e-22,-4.021440235417054226e-23,-7.705479920583720937e-24,-1.429619972985800354e-24,-2.568076765840889597e-25,-4.466257117608701419e-26,-7.520020524916031601e-27,-1.225828902478569937e-27,-1.934525216535270605e-28,-2.955642164431520979e-29,-4.371816279141468809e-30,-6.260433555743293380e-31,-8.679192574895654564e-32,-1.164894582559550827e-32,-1.513652930849224446e-33
-6.835148552954995354e-34,-5.260272895969130104e-33,-3.919231967388201225e-32,-2.827001495037790529e-31,-1.974165160944477882e-30,-1.334668174149492627e-29,-8.735655557991660526e-29,-5.535413578137954270e-28,-3.395760276306445381e-27,-2.016769888540530090e-26,-1.159599579534276822e-25,-6.454938753001251608e-25,-3.478632726565424850e-24,-1.814919667428339411e-23,-9.167240208912427416e-23,-4.482829194368899415e-22,-2.122257845892643971e-21,-9.726945442190517608e-21,-4.316057163331822111e-20,-1.854087696309278302e-19,-7.710911733657579207e-19,-3.104656577714152700e-18,-1.210190611128864972e-17,-4.566951156726882418e-17,-1.668519668153000720e-16,-5.901585043584115195e-16,-2.020870038870083397e-15,-6.699470458170819204e-15,-2.150180622016934291e-14,-6.681004844096861283e-14,-2.009745225658961807e-13,-5.852920168169900581e-13,-1.650199956523390211e-12,-4.504358183932315661e-12,-1.190314271525937926e-11,-3.045248509090383612e-11,-7.542515541181524739e-11,-1.808598074224645144e-10,-4.198559289012564587e-10,-9.436064320087767167e-10,-2.053117811484419454e-09,-4.324831829842475373e-09,-8.819763801293237045e-09,-1.741313874651115620e-08,-3.328354238081832531e-08,-6.159059503448509226e-08,-1.103396579863218845e-07,-1.913732546763144600e-07,-3.213388450129588992e-07,-5.223692332010781658e-07,-8.220993919139448946e-07,-1.252574137140431893e-06,-1.847629678618021686e-06,-2.638510313231930595e-06,-3.647833782571074671e-06,-4.882515938935598134e-06,-6.326808596721931669e-06,-7.937032466077446148e-06,-9.639713920575419866e-06,-1.133451372892422507e-05,-1.290253209958451647e-05,-1.421940992885641403e-05,-1.517139711154177786e-05,-1.567158639344600361e-05,-1.567314487205144545e-05,-1.517678845254137109e-05,-1.423087659201395676e-05,-1.292406627686553354e-05,-1.137203195930520643e-05,-9.700920247788377628e-06,-8.030698313362581936e-06,-6.461318577977522843e-06,-5.063794902309113713e-06,-3.877113800212717701e-06,-2.910662701870306921e-06,-2.150799165899126801e-06,-1.569520865064433322e-06,-1.133066539665185627e-06,-8.087014424649523974e-07,-5.687694145626592860e-07,-3.920347120899988293e-07,-2.630618069487100024e-07,-1.706762258484581411e-07,-1.064076409086574000e-07,-6.341558850659107412e-08,-3.597970660596678895e-08,-1.937371252392498622e-08,-9.878526065383397753e-09,-4.762497458446075356e-09,-2.168876769080011320e-09,-9.326214444350602055e-10,-3.786695568805759725e-10,-1.452501040790183646e-10,-5.268813890933584743e-11,-1.810299667455037524e-11,-5.905379483253085233e-12,-1.834882772730461907e-12,-5.453602754631135730e-13,-1.558838537499200753e-13,-4.312313060308333677e-14,-1.162487646466107885e-14,-3.073872134781725739e-15,-8.014314523856386604e-16,-2.066339111958797074e-16,-5.269951563273588989e-17,-1.326778275824227445e-17,-3.286114981877261710e-18,-7.975962477774584494e-19,-1.890421295856826848e-19,-4.362800023116558128e-20,-9.783380580087909819e-21,-2.128652416077147420e-21,-4.489629063947116638e-22,-9.174026262180825292e-23,-1.815555234520522148e-23,-3.479191367811305707e-24,-6.455399573775688939e-25,-1.159635254088733749e-25,-2.016795807199249695e-26,-3.395777948641844557e-27,-5.535424886581237888e-28,-8.735662349076558217e-29,-1.334668556888699277e-29,-1.974165363383474615e-30,-2.827001595525401305e-31,-3.919232014200403588e-32,-5.260272916435117439e-33,-6.835148561352180610e-34
-2.984798312802100818e-34,-2.297075702616552011e-33,-1.711464918883583066e-32,-1.234505618613052028e-31,-8.620858487460825943e-31,-5.828279054198188055e-30,-3.814718841690913409e-29,-2.417225167921934946e-28,-1.482873336969099838e-27,-8.806906410283399878e-27,-5.063782947370799675e-26,-2.818766870965779454e-25,-1.519062389451923266e-24,-7.925459292131319838e-24,-4.003184846185132905e-23,-1.957578670349114791e-22,-9.267555179927858303e-22,-4.247599027239430134e-21,-1.884752034175020375e-20,-8.096499710073764481e-20,-3.367229864058640739e-19,-1.355753081765123491e-18,-5.284705762107809235e-18,-1.994313364463005538e-17,-7.286154282963098522e-17,-2.577126297179413245e-16,-8.824811100563460581e-16,-2.925549893362736939e-15,-9.389489406256366267e-15,-2.917486259733434952e-14,-8.776230848875414476e-14,-2.555875136812703617e-13,-7.206155078937866459e-13,-1.966980030279688852e-12,-5.197909016650276788e-12,-1.329810543483587335e-11,-3.293693982974153327e-11,-7.897853921768921052e-11,-1.833442621613037367e-10,-4.120575967571886782e-10,-8.965631883821098890e-10,-1.888583788465870961e-09,-3.851447544915785254e-09,-7.604034754841650374e-09,-1.453438215317104473e-08,-2.689561210252243288e-08,-4.818353579897729123e-08,-8.356959080658137501e-08,-1.403234523723229972e-07,-2.281101564676733129e-07,-3.589974466244825297e-07,-5.469787732576439051e-07,-8.068298591457388450e-07,-1.152194580090946762e-06,-1.592949732450623236e-06,-2.132115342088317426e-06,-2.762814382100306398e-06,-3.465972654393999544e-06,-4.209504933183120154e-06,-4.949593344852015625e-06,-5.634312747009628400e-06,-6.209349032846299398e-06,-6.625010454781230460e-06,-6.843307225964663415e-06,-6.843715182218793295e-06,-6.626421722970128447e-06,-6.212350612035639767e-06,-5.639949656152092936e-06,-4.959414330956277752e-06,-4.225526650704099033e-06,-3.490491161138313168e-06,-2.798024482453671498e-06,-2.179567958115430135e-06,-1.652967378389059731e-06,-1.223434742537757965e-06,-8.861892343504884664e-07,-6.299445576009612484e-07,-4.403979819358064813e-07,-3.030621096868550358e-07,-2.050922903649563091e-07,-1.360958790911906020e-07,-8.816095710966476736e-08,-5.545048938536050198e-08,-3.367576350926760484e-08,-1.964589854393336734e-08,-1.096098917757060350e-08,-5.827864684190898514e-09,-2.944986713193141958e-09,-1.411712306573291020e-09,-6.411779390971790739e-10,-2.757639556897043077e-10,-1.123159249997937214e-10,-4.334818534093954041e-11,-1.587402238385367478e-11,-5.526637250170266722e-12,-1.834475585482002778e-12,-5.826875214698992985e-13,-1.779106886059106555e-13,-5.249133022678796754e-14,-1.504921067146505800e-14,-4.214852279332622717e-15,-1.158120948254693564e-15,-3.130166423462310112e-16,-8.327509162963143742e-17,-2.178334762963779985e-17,-5.589892286971568058e-18,-1.403252669237414334e-18,-3.436611059505865305e-19,-8.191608613838807672e-20,-1.896987711917749245e-20,-4.262371811015583304e-21,-9.284293971786375364e-22,-1.959358643017343255e-22,-4.004961202217251493e-23,-7.927122988824172672e-24,-1.519208622572666888e-24,-2.818887498041639128e-25,-5.063876331120523824e-26,-8.806974256443661989e-27,-1.482877962980471637e-27,-2.417228128084587015e-28,-3.814720619364054355e-29,-5.828280056078177988e-30,-8.620859017376851637e-31,-1.234505644917247205e-31,-1.711464931137412103e-32,-2.297075707973844674e-33,-2.984798315000195773e-34
-1.260579560777694485e-34,-9.701314383145469758e-34,-7.228085349952226885e-33,-5.213727653939530076e-32,-3.640875150270346846e-31,-2.461476012874662394e-30,-1.611082591853519932e-29,-1.020874552029375657e-28,-6.262667101451927181e-28,-3.719449373469801755e-27,-2.138603890350543975e-26,-1.190458962971270964e-25,-6.415505501581319001e-25,-3.347184950683427817e-24,-1.690678051334922108e-23,-8.267505545927065012e-23,-3.913996663724052767e-22,-1.793902285843425320e-21,-7.959934449255228862e-21,-3.419421005629033999e-20,-1.422093119279395901e-19,-5.725796001037303577e-19,-2.231906939863969639e-18,-8.422648372069652368e-18,-3.077185190832450270e-17,-1.088406115023992740e-16,-3.727011119438467199e-16,-1.235556983462078446e-15,-3.965493541355517666e-15,-1.232151442895038123e-14,-3.706494064040529999e-14,-1.079431043480240517e-13,-3.043398867300903654e-13,-8.307210614511280422e-13,-2.195249788592994214e-12,-5.616232036959261932e-12,-1.391036471906849464e-11,-3.335526285005004989e-11,-7.743237741562387162e-11,-1.740256224708399273e-10,-3.786484417967819874e-10,-7.976117221539215596e-10,-1.626594344316166773e-09,-3.211436682432971367e-09,-6.138352796648203016e-09,-1.135891116851206716e-08,-2.034950908865894444e-08,-3.529421657115527020e-08,-5.926325916198195444e-08,-9.633850287734655577e-08,-1.516165570149613098e-07,-2.310073209011572620e-07,-3.407510734416546305e-07,-4.866100767362867234e-07,-6.727556292224663446e-07,-9.004631843972764123e-07,-1.166828331890789565e-06,-1.463795360830300203e-06,-1.777813484728063723e-06,-2.090376598265288127e-06,-2.379554051479018652e-06,-2.622404939060444165e-06,-2.797937773414895843e-06,-2.890097931630757362e-06,-2.890198050350689639e-06,-2.798284120267340490e-06,-2.623141572616540413e-06,-2.380937435412967840e-06,-2.092786818839860205e-06,-1.781745459867736625e-06,-1.469812578326134563e-06,-1.175469430391843662e-06,-9.121087839584195917e-07,-6.874848797826911361e-07,-5.040935049218341238e-07,-3.602270809293971995e-07,-2.513683964883568575e-07,-1.715934964898414490e-07,-1.147328614310960134e-07,-7.515852510204698486e-08,-4.818497309859750605e-08,-3.016058124968299551e-08,-1.836671588392567913e-08,-1.083594127507608832e-08,-6.166694693444733626e-09,-3.371384871141207299e-09,-1.764371654720392076e-09,-8.813629831393344549e-10,-4.193562159048727560e-10,-1.897917816717457098e-10,-8.164942135116293923e-11,-3.339118479297450892e-11,-1.299098240197347222e-11,-4.815331705104793298e-12,-1.704315523220979863e-12,-5.776982285193916171e-13,-1.882184616639751594e-13,-5.918873536081160404e-14,-1.804373309520522579e-14,-5.354475920001375115e-15,-1.551971557774544666e-15,-4.403473546066772357e-16,-1.224130641744598893e-16,-3.332749645415807582e-17,-8.874265099880206780e-18,-2.306804392472050233e-18,-5.842367271777270861e-19,-1.439120328459824299e-19,-3.442762188912018898e-20,-7.989962678524948965e-21,-1.797527753492293423e-21,-3.918104619901013947e-22,-8.271873871777029982e-23,-1.691113996341963470e-23,-3.347593247361262377e-24,-6.415864380081497607e-25,-1.190488566705271013e-25,-2.138626808154573810e-26,-3.719466023957812553e-27,-6.262678454393137266e-28,-1.020875278498678623e-28,-1.611083028121765719e-29,-2.461476258751374119e-30,-3.640875280319947520e-31,-5.213727718494092308e-32,-7.228085380025003321e-33,-9.701314396293087598e-34,-1.260579561317140724e-34
-5.149345404977645744e-35,-3.962892957765682719e-34,-2.952602853611281039e-33,-2.129757246028597580e-32,-1.487262233061716719e-31,-1.005489109195076056e-30,-6.581116336903227512e-30,-4.170173662270031751e-29,-2.558238850221453450e-28,-1.519359042162129318e-27,-8.735989745105713739e-27,-4.862909554878599427e-26,-2.620671856268673756e-25,-1.367292631238487025e-24,-6.906256079201389290e-24,-3.377195935755306709e-23,-1.598829725829531963e-22,-7.327917078782225069e-22,-3.251556121924440802e-21,-1.396800359999246951e-20,-5.809112647117619033e-20,-2.338932205880827921e-19,-9.117123664956066803e-19,-3.440570277508080790e-18,-1.257000344579804587e-17,-4.446033555938911384e-17,-1.522447942146620088e-16,-5.047130600351290729e-16,-1.619865701538897446e-15,-5.033219296998438980e-15,-1.514066923746495613e-14,-4.409371258015662547e-14,-1.243198958674347021e-13,-3.393415071685316213e-13,-8.967382752656645105e-13,-2.294176387800750996e-12,-5.682249250773798703e-12,-1.362530179235674566e-11,-3.163037615774498635e-11,-7.108778115248358767e-11,-1.546742208532482277e-10,-3.258166627654765751e-10,-6.644480343231699587e-10,-1.311840778527352831e-09,-2.507457660827948507e-09,-4.640005188965609676e-09,-8.312577355655175597e-09,-1.441734560655259921e-08,-2.420846733870436901e-08,-3.935334528230351731e-08,-6.193389496860410858e-08,-9.436425302533721884e-08,-1.391935129266011565e-07,-1.987755028623826395e-07,-2.748141575858315994e-07,-3.678304865487921651e-07,-4.766380629632423962e-07,-5.979461963576954450e-07,-7.262194898053506675e-07,-8.538982893320866027e-07,-9.720239052474775852e-07,-1.071224642652612876e-06,-1.142924442412875238e-06,-1.180562604703515550e-06,-1.180585643703241782e-06,-1.143004142643202192e-06,-1.071394154411340158e-06,-9.723422451353351403e-07,-8.544529215846311791e-07,-7.271243033529864296e-07,-5.993308592092907767e-07,-4.786265249225561341e-07,-3.705103346859139872e-07,-2.782036056316603058e-07,-2.027987334575570330e-07,-1.436752695000239743e-07,-9.904967864002288610e-08,-6.653092440930199443e-08,-4.358619626133700778e-08,-2.786623511569964981e-08,-1.738372528368159806e-08,-1.057026991290359374e-08,-6.252618804375839097e-09,-3.588451702120946589e-09,-1.991895303323916381e-09,-1.065953651825353882e-09,-5.482843674748758978e-10,-2.703572838031357640e-10,-1.275424729303842785e-10,-5.748616302410471029e-11,-2.473859913815448034e-11,-1.016511328113706740e-11,-3.991230362880240908e-12,-1.499663148837530021e-12,-5.403702716114762351e-13,-1.872242434851428769e-13,-6.256642114535014550e-14,-2.023172614323127938e-14,-6.349997961115714982e-15,-1.939493885589544920e-15,-5.775253702195485534e-16,-1.678113312943109987e-16,-4.758358497376494803e-17,-1.315810019765179699e-17,-3.544494874980449396e-18,-9.289475288239284635e-19,-2.365757213996078146e-19,-5.848295116481281402e-20,-1.402171558468730330e-20,-3.258466122036244218e-21,-7.336259889020548100e-22,-1.599775035570813084e-22,-3.378201160933272733e-23,-6.907259261913343663e-24,-1.367386587164576205e-24,-2.620754440241727517e-25,-4.862977678044819617e-26,-8.736042482823606929e-27,-1.519362873719194130e-27,-2.558241462723986497e-28,-4.170175333997964747e-29,-6.581117340829764806e-30,-1.005489165775438849e-30,-1.487262262988310027e-31,-2.129757260883675840e-32,-2.952602860531532266e-33,-3.962892960791171974e-34,-5.149345406219002761e-35
-2.034672632497873549e-35,-1.565866962214276066e-34,-1.166668721634158639e-33,-8.415358538911683273e-33,-5.876653292733398612e-32,-3.973012124562906866e-31,-2.600411556979171326e-30,-1.647770261280613584e-29,-1.010842770598916756e-28,-6.003478148964612710e-28,-3.451871617500444975e-27,-1.921492579631460133e-26,-1.035512067136312185e-25,-5.402614659928862524e-25,-2.728884767331729527e-24,-1.334439157727116698e-23,-6.317492479771900325e-23,-2.895496642932361916e-22,-1.284794810601620048e-21,-5.519209223771195907e-21,-2.295367972550815892e-20,-9.241876344075277291e-20,-3.602469935353888726e-19,-1.359480406395779561e-18,-4.966814223968350487e-18,-1.756771412283092330e-17,-6.015683390152880646e-17,-1.994284262859975530e-16,-6.400612411933246480e-16,-1.988787457734597947e-15,-5.982567280375683371e-15,-1.742284954614742696e-14,-4.912280492039607415e-14,-1.340847862019443571e-13,-3.543302466042877335e-13,-9.065031656001800725e-13,-2.245240148467199104e-12,-5.383796674356633864e-12,-1.249818290720320512e-11,-2.808907762841824305e-11,-6.111677880819900750e-11,-1.287406834856865150e-10,-2.625448721788005438e-10,-5.183506485473139636e-10,-9.907774830373543815e-10,-1.833415867482913043e-09,-3.284567711212850156e-09,-5.696758758997178689e-09,-9.565547092863329511e-09,-1.554977736888014728e-08,-2.447208163455346358e-08,-3.728636321881619218e-08,-5.499985125539842475e-08,-7.854261924817592696e-08,-1.085879467760777735e-07,-1.453417012767476133e-07,-1.883350864588337965e-07,-2.362678418123331977e-07,-2.869527459031060686e-07,-3.374027147206459323e-07,-3.840778271253099361e-07,-4.232748949344857334e-07,-4.516049534461001334e-07,-4.664750702435587014e-07,-4.664800419801454673e-07,-4.516221524805980648e-07,-4.233114749866914187e-07,-3.841465237738753953e-07,-3.375224024455880864e-07,-2.871480015423447953e-07,-2.365666472744361801e-07,-1.887641896834508800e-07,-1.459200032511639400e-07,-1.093193779605289884e-07,-7.941081851831091892e-08,-5.596699884833915826e-08,-3.829746188758764743e-08,-2.546410471421233360e-08,-1.646321199402808155e-08,-1.035488074878635890e-08,-6.336893250347375145e-09,-3.771769969205022940e-09,-2.181412317298175636e-09,-1.224052264452194661e-09,-6.651040667551876368e-10,-3.491883980280473463e-10,-1.767484459760994481e-10,-8.608078433662504239e-11,-4.027180517479726913e-11,-1.807777243236312864e-11,-7.782007867119737336e-12,-3.212626726791551575e-12,-1.272721553457646605e-12,-4.844393524082522744e-13,-1.774660994119885040e-13,-6.269734592620219977e-14,-2.140919626784739576e-14,-7.081199781108631994e-15,-2.272943746585446265e-15,-7.090358996283098718e-16,-2.151410714012887410e-16,-6.351603885172230027e-17,-1.824170056180434099e-17,-5.093723472307375526e-18,-1.381906975676396307e-18,-3.639662820524464082e-19,-9.299763785314581033e-20,-2.303823414141580756e-20,-5.530800084599642534e-21,-1.286285964765365162e-21,-2.897296992573885417e-22,-6.319532425551831029e-23,-1.334656081849456691e-23,-2.729101250696956664e-24,-5.402817413573098606e-25,-1.035529888472539731e-25,-1.921507280375517959e-26,-3.451882998117861146e-27,-6.003486417332455061e-28,-1.010843334367942548e-28,-1.647770622033728990e-29,-2.600411773623051768e-30,-3.973012246661375401e-31,-5.876653357313992153e-32,-8.415358570968226217e-33,-1.166668723127524567e-33,-1.565866962867165986e-34,-2.034672632765754065e-35
-7.777295614357790496e-36,-5.985341358303039368e-35,-4.459453273834326638e-34,-3.216671321596233062e-33,-2.246281251867405591e-32,-1.518636918717477736e-31,-9.939765775878880619e-31,-6.298407037005501998e-30,-3.863826996548743939e-29,-2.294758553935787093e-28,-1.319437120415507477e-27,-7.344678241552160698e-27,-3.958122466348274925e-26,-2.065085588198364249e-25,-1.043083943533555749e-24,-5.100735933267763975e-24,-2.414786819850718731e-23,-1.106769363424319446e-22,-4.910976284953826159e-22,-2.109652481935746682e-21,-8.773772734310180185e-21,-3.532597982161573546e-20,-1.377001547157396808e-19,-5.196453146119753942e-19,-1.898506023250367579e-18,-6.715051051433867992e-18,-2.299423863099012624e-17,-7.622915845819731826e-17,-2.446558431339443758e-16,-7.601904958018044784e-16,-2.286765621609906429e-15,-6.659678279474320142e-15,-1.877661148876483883e-14,-5.125232447837396887e-14,-1.354385481445617627e-13,-3.465001190667529280e-13,-8.582165052476719253e-13,-2.057892635665155212e-12,-4.777282672363000255e-12,-1.073671787596928069e-11,-2.336116622383370214e-11,-4.920960438896059777e-11,-1.003546737865928090e-10,-1.981334078641151840e-10,-3.787129806808830371e-10,-7.008015421116453147e-10,-1.255487179975264430e-09,-2.177518692921373104e-09,-3.656317299696927654e-09,-5.943718581722484623e-09,-9.354163914599360503e-09,-1.425227156933506942e-08,-2.102304297485714005e-08,-3.002198773020103929e-08,-4.150645898265167201e-08,-5.555514707919744892e-08,-7.198886001477648182e-08,-9.031058804896695634e-08,-1.096842900469660689e-07,-1.289681839903976900e-07,-1.468091652735843802e-07,-1.617917060867348662e-07,-1.726203526589303550e-07,-1.783038599548256432e-07,-1.783048661712477987e-07,-1.726238335253550339e-07,-1.617991094253088253e-07,-1.468230686038850979e-07,-1.289924072677707408e-07,-1.097238073116663007e-07,-9.037106248435761504e-08,-7.207570506456367517e-08,-5.567218806346187648e-08,-4.165449137668986317e-08,-3.019770024997389556e-08,-2.121878138007532281e-08,-1.445690511481255604e-08,-9.554936802801040250e-09,-6.128586163570919767e-09,-3.816068419508528188e-09,-2.307073794310836981e-09,-1.354090737171842822e-09,-7.712316094618643862e-10,-4.259248375112493512e-10,-2.278344382445746820e-10,-1.178902244057499455e-10,-5.892576657201688307e-11,-2.841356429177820398e-11,-1.320234740194946911e-11,-5.906520819051504533e-12,-2.543260161443111071e-12,-1.054003278076093882e-12,-4.206180755441246258e-13,-1.617709808159698026e-13,-6.003215201036785521e-14,-2.152392640474949734e-14,-7.466464291916915689e-15,-2.509114904370785773e-15,-8.177001243407596226e-16,-2.586154391057206364e-16,-7.940919852558202840e-17,-2.367409910373603637e-17,-6.851457357633912716e-18,-1.924190845358832828e-18,-5.241841677689735675e-19,-1.384528915350098264e-19,-3.544313666006609156e-20,-8.790885475576119245e-21,-2.111998325145420211e-21,-4.913994191838733775e-22,-1.107133731355583329e-22,-2.415199679001286592e-23,-5.101174960176068220e-24,-1.043127757020737636e-24,-2.065126622964191887e-25,-3.958158534472312116e-26,-7.344707993993531658e-27,-1.319439423708117061e-27,-2.294760227348559974e-28,-3.863828137545741393e-29,-6.298407767124048572e-30,-9.939766214338615533e-31,-1.518636943428659084e-31,-2.246281264937713494e-32,-3.216671328084031473e-33,-4.459453276856710354e-34,-5.985341359624405062e-35,-7.777295614899948790e-36
-2.875954151095535054e-36,-2.213310150299182273e-35,-1.649054348766636451e-34,-1.189487927265645939e-33,-8.306488799152570923e-33,-5.615744041321464704e-32,-3.675610657164950481e-31,-2.329078224816938932e-30,-1.428798626263497291e-29,-8.485752266854819856e-29,-4.879126179237895382e-28,-2.715977239987838348e-27,-1.463668002618259191e-26,-7.636448148868608937e-26,-3.857204028362170309e-25,-1.886193274413025091e-24,-8.929602940306814749e-24,-4.092705360420290524e-23,-1.816022346710161908e-22,-7.801251377909869191e-22,-3.244439888516670635e-21,-1.306313959854310500e-20,-5.091992785128693320e-20,-1.921588394938569051e-19,-7.020456144635863208e-19,-2.483148372364442273e-18,-8.503004041661090733e-18,-2.818866294572177180e-17,-9.047090692449480041e-17,-2.811096710774961930e-16,-8.456195325673802664e-16,-2.462672160417357359e-15,-6.943374205158130214e-15,-1.895251802757229015e-14,-5.008361184517852415e-14,-1.281317446575434529e-13,-3.173585579348659309e-13,-7.609849440625699461e-13,-1.766583991892361173e-12,-3.970314345198674522e-12,-8.638689630343332306e-12,-1.819714371598907637e-11,-3.711000005266253932e-11,-7.326744733291966150e-11,-1.400436890751882026e-10,-2.591483214819982834e-10,-4.642646680719191032e-10,-8.052212792880910914e-10,-1.352063935485494879e-09,-2.197918527935736518e-09,-3.459061847984400332e-09,-5.270325523720034945e-09,-7.774078639644610371e-09,-1.110178454146955011e-08,-1.534860945005411026e-08,-2.054365213784695258e-08,-2.662064943634447450e-08,-3.339581277255962316e-08,-4.055998346113315232e-08,-4.769094278585445216e-08,-5.428832593296893681e-08,-5.982868140599912435e-08,-6.383295278189666732e-08,-6.593456331396919050e-08,-6.593475432141878373e-08,-6.383361354572786967e-08,-5.983008676252911028e-08,-5.429096516604345009e-08,-4.769554102767379227e-08,-4.056748492083798255e-08,-3.340729247753658522e-08,-2.663713500654991611e-08,-2.056586972385482691e-08,-1.537671005487356986e-08,-1.113513959265312899e-08,-7.811235152641421901e-09,-5.309170578085516816e-09,-3.497174043807980582e-09,-2.233011460771176572e-09,-1.382389075577018381e-09,-8.298143876421378612e-10,-4.829823251940423419e-10,-2.725178782123032802e-10,-1.490057932159935105e-10,-7.890551677626548593e-11,-4.043872807494537517e-11,-2.004153754371700753e-11,-9.597773231067066922e-12,-4.438358393198616029e-12,-1.980944335878721070e-12,-8.531210006514146032e-13,-3.545242524294722900e-13,-1.422013638008979161e-13,-5.508222913595425097e-14,-2.061916988078698594e-14,-7.464889859014074269e-15,-2.615822253387324909e-15,-8.878275193215600234e-16,-2.920265744714252391e-16,-9.312082076525171363e-17,-2.879232169098664098e-17,-8.632060189142392005e-18,-2.509042027130443204e-18,-7.069212975234837698e-19,-1.930204381981611531e-19,-5.106281792631947666e-20,-1.308537917685024395e-20,-3.247688355737777220e-21,-7.805704431137234055e-22,-1.816595228134567461e-22,-4.093397030599094954e-23,-8.930386660107577926e-24,-1.886276613750576892e-24,-3.857287198366752619e-25,-7.636526044098707887e-26,-1.463674849336562419e-26,-2.715982887816525629e-27,-4.879130551518424663e-28,-8.485755443450816732e-29,-1.428798842855993449e-29,-2.329078363413446049e-30,-3.675610740396622956e-31,-5.615744088230059980e-32,-8.306488823963654998e-33,-1.189487928497210758e-33,-1.649054349340367847e-34,-2.213310150550014291e-35,-2.875954151198450861e-36
-1.028915401482626886e-36,-7.918446478130267579e-36,-5.899737367793427890e-35,-4.255570095841259011e-34,-2.971769996554128824e-33,-2.009116012054219853e-32,-1.315004418123308664e-31,-8.332623994923895281e-31,-5.111739739034770022e-30,-3.035904170171468635e-29,-1.745580008527816589e-28,-9.716812805361493475e-28,-5.236490122686939870e-27,-2.732052981443166600e-26,-1.379972149392875296e-25,-6.748137168588756998e-25,-3.194698354598708565e-24,-1.464226255993278011e-23,-6.497090230923637417e-23,-2.791013789462316038e-22,-1.160746658359525841e-21,-4.673532615093519805e-21,-1.821736204960536613e-20,-6.874768480260375721e-20,-2.511672673883746009e-19,-8.883832878625737221e-19,-3.042076249373245210e-18,-1.008491371150931631e-17,-3.236731346542974922e-17,-1.005711686909783386e-16,-3.025329734556699954e-16,-8.810576182831917542e-16,-2.484095462795531260e-15,-6.780545401955708601e-15,-1.791815755120834529e-14,-4.584103868511415936e-14,-1.135397474702828014e-13,-2.722536897690480889e-13,-6.320217158463043855e-13,-1.420439048705331086e-12,-3.090619788184951885e-12,-6.510298999461345544e-12,-1.327665484119778809e-11,-2.621251975085943553e-11,-5.010271409056182379e-11,-9.271416901400375900e-11,-1.660975948317687192e-10,-2.880798970823022356e-10,-4.837209962057566191e-10,-7.863380658326427542e-10,-1.237530858657610637e-09,-1.885537396373821847e-09,-2.781292337866653327e-09,-3.971828651560653974e-09,-5.491193468873476256e-09,-7.349797306915554549e-09,-9.523933524622051767e-09,-1.194784900422142066e-08,-1.451093756338458880e-08,-1.706214400089145959e-08,-1.942245491234819973e-08,-2.140459666302605323e-08,-2.283717730468559425e-08,-2.358904366469247983e-08,-2.358907767548002766e-08,-2.283729496029708689e-08,-2.140484690081766267e-08,-1.942292485420423610e-08,-1.706296276385558217e-08,-1.451227327334166850e-08,-1.194989308055395339e-08,-9.526868945345221718e-09,-7.353753370404627478e-09,-5.496197062725109137e-09,-3.977767852161334167e-09,-2.787908426779090607e-09,-1.892454146971837872e-09,-1.244317116459543824e-09,-7.925867136499875741e-10,-4.891206908204002494e-10,-2.924589460936473819e-10,-1.694304609638306533e-10,-9.509475236032690064e-11,-5.169850640409895493e-11,-2.721643442753830702e-11,-1.386936817150018515e-11,-6.838711774762853077e-12,-3.261394219504674993e-12,-1.503778974515192487e-12,-6.701907198978246822e-13,-2.886594365216037965e-13,-1.201574712402749624e-13,-4.834627514862819026e-14,-1.880821137401691063e-14,-7.077309440279294549e-15,-2.576956543043775825e-15,-9.083275246957014044e-16,-3.100485278136593771e-16,-1.025150325704822758e-16,-3.283915713876573108e-17,-1.019240119107425006e-17,-3.065055987717016887e-18,-8.929939121753200390e-19,-2.520354315413440847e-19,-6.890110107272067205e-20,-1.824280505716643498e-20,-4.677492594531516632e-21,-1.161325080451129086e-21,-2.791806700144916905e-22,-6.498110303620038546e-23,-1.464349414789192162e-23,-3.194837903750823926e-24,-6.748285562617871632e-25,-1.379986958644357120e-25,-2.732066851468279894e-26,-5.236502313953970440e-27,-9.716822861885589126e-28,-1.745580787056112412e-28,-3.035904735796169186e-29,-5.111740124699380176e-30,-8.332624241708843192e-31,-1.315004432943540190e-31,-2.009116020406764721e-32,-2.971770000972011661e-33,-4.255570098034081563e-34,-5.899737368815015224e-35,-7.918446478576897253e-36,-1.028915401500951862e-36
-3.561594293673054907e-37,-2.740973043131228613e-36,-2.042196172107503748e-35,-1.473067090630953516e-34,-1.028679233159937466e-33,-6.954562166674202011e-33,-4.551892434493704170e-32,-2.884340736748624766e-31,-1.769430514797813416e-30,-1.050879299993013388e-29,-6.042331360346935262e-29,-3.363478182015443457e-28,-1.812612904128251439e-27,-9.457011037738591496e-27,-4.776778465579603597e-26,-2.335870062585952996e-25,-1.105845962977119987e-24,-5.068424352942270344e-24,-2.248970076508985639e-23,-9.661104082792404384e-23,-4.017928654636003320e-22,-1.617744964185282262e-21,-6.305946303083505741e-21,-2.379703535814178908e-20,-8.694163825314195562e-20,-3.075141886384984723e-19,-1.053015767387073205e-18,-3.490896440595578932e-18,-1.120395697973698681e-17,-3.481274553784262037e-17,-1.047218955372833463e-16,-3.049784055280828850e-16,-8.598705211801688617e-16,-2.347088184004044938e-15,-6.202376560362522062e-15,-1.586789171993020519e-14,-3.930182365941255446e-14,-9.424071080242723900e-14,-2.187745400051394112e-13,-4.916854780373031162e-13,-1.069819130479640276e-12,-2.253542296400197037e-12,-4.595718759126299264e-12,-9.073472963173396310e-12,-1.734307216563620760e-11,-3.209304232661832078e-11,-5.749474107329042210e-11,-9.971895804958945054e-11,-1.674401935604827138e-10,-2.721911990170484443e-10,-4.283717434964733587e-10,-6.526794352317890668e-10,-9.627453243678582034e-10,-1.374849889502749463e-09,-1.900778557106254130e-09,-2.544134931027188151e-09,-3.296712947973630830e-09,-4.135752139403423624e-09,-5.022966125384159304e-09,-5.906067064271150184e-09,-6.723089323947993336e-09,-7.409207879554214960e-09,-7.905094924800776408e-09,-8.165350875603477479e-09,-8.165356556517095644e-09,-7.905114577135045828e-09,-7.409249677447789694e-09,-6.723167819604304366e-09,-5.906203824458402785e-09,-5.023189232622580251e-09,-4.136093566988997548e-09,-3.297203259217983235e-09,-2.544795722986838868e-09,-1.901614320889026657e-09,-1.375841930205466486e-09,-9.638504275518065573e-10,-6.538347587483866178e-10,-4.295052704492188057e-10,-2.732349275233772363e-10,-1.683421191225426967e-10,-1.004504024224128327e-10,-5.805143869675947081e-11,-3.249067758673853629e-11,-1.760962166186420708e-11,-9.241159540589922991e-12,-4.694721266068762442e-12,-2.308397968450281099e-12,-1.098344044561967896e-12,-5.056059707303991273e-13,-2.251500117473889442e-13,-9.698100695189587638e-14,-4.040719991802938203e-14,-1.628634812657956736e-14,-6.351044652114084023e-15,-2.396657482115519684e-15,-8.753813579910619587e-16,-3.095333715814824656e-16,-1.059772388617260274e-16,-3.513743436697304053e-17,-1.128277030172080633e-17,-3.508850364352348415e-18,-1.056854135091330175e-18,-3.082843136587993852e-19,-8.708665005427305799e-20,-2.382266089171902171e-20,-6.310196117292032287e-21,-1.618406410236455048e-21,-4.018894808663822886e-22,-9.662428502901443742e-23,-2.249140462004037961e-23,-5.068630068402413521e-24,-1.105869272248558354e-24,-2.335894849241063521e-25,-4.776803201871968695e-26,-9.457034205215867101e-27,-1.812614940468494050e-27,-3.363479861783820546e-28,-6.042332660743754598e-29,-1.050879394470833383e-29,-1.769430579216413614e-30,-2.884340777969780474e-31,-4.551892459248337812e-32,-6.954562180625682788e-33,-1.028679233897875914e-33,-1.473067090997203533e-34,-2.042196172278142135e-35,-2.740973043205830154e-36,-3.561594293703664327e-37
-1.192880432703266754e-37,-9.180307581710527516e-37,-6.839902730572439722e-36,-4.933725639650578339e-35,-3.445342808821713031e-34,-2.329283024004582384e-33,-1.524559781141662532e-32,-9.660487249287495788e-32,-5.926332041467985843e-31,-3.519697221891574772e-30,-2.023750672689287078e-29,-1.126525645068009239e-28,-6.070962291356762890e-28,-3.167425172153186219e-27,-1.599880585239762351e-26,-7.823501110011468257e-26,-3.703796395795779169e-25,-1.697561186573644648e-24,-7.532448046562957570e-24,-3.235781806800768144e-23,-1.345719943629567284e-22,-5.418293476910034682e-22,-2.112042903928912512e-21,-7.970312027257875785e-21,-2.911925685740649864e-20,-1.029953521256296210e-19,-3.526852866075947914e-19,-1.169201687002211196e-18,-3.752527645756732759e-18,-1.165979040188312244e-17,-3.507437674300399376e-17,-1.021460453813528057e-16,-2.879953848747777370e-16,-7.861073827249580307e-16,-2.077354416323391591e-15,-5.314613619688340710e-15,-1.316331186181180304e-14,-3.156392632365977816e-14,-7.327388984460978126e-14,-1.646796174502454773e-13,-3.583132165131259142e-13,-7.547761726877233820e-13,-1.539238478595892801e-12,-3.038967232640479040e-12,-5.808694007091027862e-12,-1.074888352256978471e-11,-1.925664350134006917e-11,-3.339874899233316407e-11,-5.608053980240221969e-11,-9.116466629515521024e-11,-1.434740255641773350e-10,-2.186011271686980424e-10,-3.224511172282924404e-10,-4.604767965788805165e-10,-6.366254437188479626e-10,-8.521040092362390773e-10,-1.104164046175419688e-09,-1.385182417967053298e-09,-1.682335912269618353e-09,-1.978111820999020506e-09,-2.251756057438890328e-09,-2.481556823483417784e-09,-2.647643459043054887e-09,-2.734810192678631069e-09,-2.734811082860638963e-09,-2.647646538504484280e-09,-2.481563373087109782e-09,-2.251768357471174559e-09,-1.978133250907342970e-09,-1.682370872500087434e-09,-1.385235918638590049e-09,-1.104240876466652824e-09,-8.522075533407021228e-10,-6.367564053795733236e-10,-4.606322463610003933e-10,-3.226242835597689310e-10,-2.187821628746315573e-10,-1.436516458143823732e-10,-9.132821540000114398e-11,-5.622186881413098524e-11,-3.351336411656757063e-11,-1.934387633769181550e-11,-1.081119176695861044e-11,-5.850461508161366357e-12,-3.065243212902465585e-12,-1.554751872442821912e-12,-7.633718908319668986e-13,-3.627829844036111911e-13,-1.668609166148898828e-13,-7.427290701247770552e-14,-3.199332245449358929e-14,-1.333652098326301096e-14,-5.380184474857583562e-15,-2.100650257318143382e-15,-7.938747420380514889e-16,-2.904258861597872662e-16,-1.028597948057673670e-16,-3.527108525076442328e-17,-1.171066816083644560e-17,-3.764877455292655673e-18,-1.172015012633442537e-18,-3.532867472348502203e-19,-1.031160283905068736e-19,-2.914197976870315127e-20,-7.974327470979440056e-21,-2.112708836980805388e-21,-5.419329942896390139e-22,-1.345871337047918724e-22,-3.235989339432035541e-23,-7.532715035488004070e-24,-1.697593421564980678e-24,-3.703832920720175854e-25,-7.823539949951459620e-26,-1.599884461342071439e-26,-3.167428802426960808e-27,-6.070965482240471327e-28,-1.126525908282659366e-28,-2.023750876457541941e-29,-3.519697369935465878e-30,-5.926332142409987352e-31,-9.660487313879800024e-32,-1.524559785020638960e-32,-2.329283026190736965e-33,-3.445342809978066080e-34,-4.933725640224489345e-35,-6.839902730839823104e-36,-9.180307581827429233e-37,-1.192880432708062905e-37
-3.865946454226962147e-38,-2.975199908661351059e-37,-2.216709821334755393e-36,-1.598946434179661972e-35,-1.116583896441022302e-34,-7.548856700696299007e-34,-4.940869443893248874e-33,-3.130818932359710028e-32,-1.920635271916134750e-31,-1.140681045801761538e-30,-6.558672204550073675e-30,-3.650900546064833353e-29,-1.967507765286202650e-28,-1.026514961400229860e-27,-5.184972865786599057e-27,-2.535479294211319476e-26,-1.200344825093389408e-25,-5.501541034750281301e-25,-2.441153364488341489e-24,-1.048668320789304897e-23,-4.361276370899584142e-23,-1.755987597814187644e-22,-6.844814075050113420e-22,-2.583058509144382620e-21,-9.437114124045546701e-21,-3.337924786389568821e-20,-1.143000082689617662e-19,-3.789207193129272310e-19,-1.216137891844401138e-18,-3.778763078462068377e-18,-1.136707910419440429e-17,-3.310400029451883894e-17,-9.333498198702804310e-17,-2.547656047974728790e-16,-6.732393892788294559e-16,-1.722386512121734102e-15,-4.266031818690579337e-15,-1.022939480832174997e-14,-2.374696799998998755e-14,-5.337019249469032627e-14,-1.161239358870567896e-13,-2.446116298449641961e-13,-4.988440899355207878e-13,-9.848836711081249527e-13,-1.882510550492781680e-12,-3.483551829818157308e-12,-6.240789153998717119e-12,-1.082403329811723006e-11,-1.817486129007182802e-11,-2.954510014183346016e-11,-4.649777841911707261e-11,-7.084534453734277521e-11,-1.045015677289681862e-10,-1.492336189084089402e-10,-2.063207517937641365e-10,-2.761541209482730020e-10,-3.578429959334714914e-10,-4.489168325020632368e-10,-5.452198197040756495e-10,-6.410763508937950158e-10,-7.297603360006694563e-10,-8.042353021915083856e-10,-8.580614558081974388e-10,-8.863108121001772500e-10,-8.863109429639599430e-10,-8.580619085133380234e-10,-8.042362650349560473e-10,-7.297621442025162179e-10,-6.410795012594942231e-10,-5.452249591339437332e-10,-4.489246975231331656e-10,-3.578542905928096798e-10,-2.761693427490447532e-10,-2.063400041917508420e-10,-1.492564712535592875e-10,-1.045270245467345135e-10,-7.087195821527837107e-11,-4.652388999809756334e-11,-2.956914315136332205e-11,-1.819563777049978096e-11,-1.084088262619413341e-11,-6.253613069590901392e-12,-3.492711633627786712e-12,-1.888650702878331285e-12,-9.887464476390090061e-13,-5.011246812995242742e-13,-2.458752682699662531e-13,-1.167810270529694287e-13,-5.369086069188052843e-14,-2.389383141027991558e-14,-1.029251942936722978e-14,-4.291494926921199486e-15,-1.732025945472348023e-15,-6.766640618110968363e-16,-2.559074679349228934e-16,-9.369228486320618949e-17,-3.320892709451137862e-17,-1.139599680772535869e-17,-3.786242510676173072e-18,-1.217953411340183598e-18,-3.793343003901608365e-19,-1.143884277293223541e-19,-3.339698822749599841e-20,-9.440454571389271228e-21,-2.583648811070860374e-21,-6.845793049207628314e-22,-1.756139966496430784e-22,-4.361498931176154676e-23,-1.048698829724433064e-23,-2.441192613968032361e-24,-5.501588422732297451e-25,-1.200350194545617150e-25,-2.535485003989115798e-26,-5.184978563962987188e-27,-1.026515495079152338e-27,-1.967508234371312447e-28,-3.650900933011215555e-29,-6.558672504105493652e-30,-1.140681067565382288e-30,-1.920635286755405761e-31,-3.130818941855288306e-32,-4.940869449595650286e-33,-7.548856703910118534e-34,-1.116583896611024249e-34,-1.598946434264017367e-35,-2.216709821374062742e-36,-2.975199908678536518e-37,-3.865946454234012608e-38
-1.212378741237290097e-38,-9.330364925898647226e-38,-6.951704827519555824e-37,-5.014370188849968643e-36,-3.501658894868699934e-35,-2.367356478661003175e-34,-1.549479577104697890e-33,-9.818393403007146253e-33,-6.023201306359549641e-32,-3.577228673072475493e-31,-2.056830027442898481e-30,-1.144939346891626401e-29,-6.170195619869816846e-29,-3.219198536500455412e-28,-1.626031542547281923e-27,-7.951380681406153852e-27,-3.764337052589664930e-26,-1.725308788817556070e-25,-7.655570190242986179e-25,-3.288672499185422091e-24,-1.367716500821642245e-23,-5.506858562768022298e-23,-2.146565445374711533e-22,-8.100591306521142412e-22,-2.959522765793385284e-21,-1.046788696838511994e-20,-3.584501280327337109e-20,-1.188312952982151584e-19,-3.813864842523024944e-19,-1.185037630174791353e-18,-3.564768736209389357e-18,-1.038156805382155339e-17,-2.927028330956673891e-17,-7.989567546058505913e-17,-2.111309954727335596e-16,-5.401483999363293631e-16,-1.337847367432428657e-15,-3.207985663581105355e-15,-7.447159321244842455e-15,-1.673713993776525217e-14,-3.641700496506757363e-14,-7.671134181364089471e-14,-1.564398206210070010e-13,-3.088640878969403636e-13,-5.903640411462227717e-13,-1.092458013186392327e-12,-1.957140428207296821e-12,-3.394467052365266101e-12,-5.699720809357506457e-12,-9.265480457061034311e-12,-1.458191900419513933e-11,-2.221742868134169469e-11,-3.277217639729320952e-11,-4.680035514820699792e-11,-6.470314483389963182e-11,-8.660321333865462216e-11,-1.122212234608582528e-10,-1.407824010506438622e-10,-1.709834644752294500e-10,-2.010445170479151361e-10,-2.288562254237135079e-10,-2.522119183642112261e-10,-2.690920451095420383e-10,-2.779511635099074621e-10,-2.779511815591247577e-10,-2.690921075483109957e-10,-2.522120511631440846e-10,-2.288564748176065063e-10,-2.010449515580155045e-10,-1.709841733244239187e-10,-1.407834858234674693e-10,-1.122227812620888788e-10,-8.660531278577066529e-11,-6.470580019590550860e-11,-4.680350702825337916e-11,-3.277568749584487532e-11,-2.222109933833078046e-11,-1.458552040983748824e-11,-9.268796557946571345e-12,-5.702586378456076685e-12,-3.396790974072617307e-12,-1.958909150122015698e-12,-1.093721367238918827e-12,-5.912109136950944172e-13,-3.093968563367151522e-13,-1.567543682250547559e-13,-7.688562750341448917e-14,-3.650763341132983227e-14,-1.678136768268814017e-14,-7.467415266504532308e-15,-3.216692045013441637e-15,-1.341359333588206886e-15,-5.414779062708116862e-16,-2.116033389870850131e-16,-8.005316545186736458e-17,-2.931956384504326182e-17,-1.039603994653279792e-17,-3.568757172938473400e-18,-1.186069221155856996e-18,-3.816368874225141710e-19,-1.188883379315333066e-19,-3.585720794258968668e-20,-1.047033378501061950e-20,-2.959983492657917179e-21,-8.101405472792088239e-22,-2.146700469114839082e-22,-5.507068715295532532e-23,-1.367747197158952685e-23,-3.288714578238214890e-24,-7.655624324578456771e-25,-1.725315324743473868e-25,-3.764344458336963943e-26,-7.951388556543075266e-27,-1.626032328460864809e-27,-3.219199272570188234e-28,-6.170196266849417597e-29,-1.144939400260705776e-29,-2.056830068758691319e-30,-3.577228703089667126e-31,-6.023201326826422367e-32,-9.818393416103800756e-33,-1.549479577891194443e-33,-2.367356479104265165e-34,-3.501658895103200826e-35,-5.014370188966203171e-36,-6.951704827573770351e-37,-9.330364925922350264e-38,-1.212378741238262107e-38
-3.679255722121455220e-39,-2.831524289848546682e-38,-2.109662508520071112e-37,-1.521731582932018019e-36,-1.062662853417813604e-35,-7.184314252760517784e-35,-4.702269518974576793e-34,-2.979628302718955011e-33,-1.827885719053178509e-32,-1.085596325394740757e-31,-6.241946836000618983e-31,-3.474594613259168332e-30,-1.872494689064483610e-29,-9.769434445853687477e-29,-4.934584922828282209e-28,-2.413038259065292158e-27,-1.142378876307233836e-26,-5.235865672805469508e-26,-2.323267430424290282e-25,-9.980269943089682198e-25,-4.150665621827400630e-24,-1.671189059064205566e-23,-6.514270606347905895e-23,-2.458319822291579106e-22,-8.981385684544027615e-22,-3.176732791243636881e-21,-1.087803373485157500e-20,-3.606222282872357717e-20,-1.157409278797669534e-19,-3.596282525789123755e-19,-1.081815057013699046e-18,-3.150537234563783033e-18,-8.882773484211204806e-18,-2.424626984230354285e-17,-6.407279316177165539e-17,-1.639210606111686459e-16,-4.060020531972954688e-16,-9.735406278378767424e-16,-2.260020125252081259e-15,-5.079288822329996887e-15,-1.105161855308603468e-14,-2.327990698941282145e-14,-4.747543697443006885e-14,-9.373225742913553544e-14,-1.791602081627784351e-13,-3.315327347369582773e-13,-5.939414701488582719e-13,-1.030132903289115919e-12,-1.729717759725956663e-12,-2.811833532733802040e-12,-4.425235045027371642e-12,-6.742414628882017976e-12,-9.945507409095230308e-12,-1.420269661775287529e-11,-1.963572997206995256e-11,-2.628183400017653924e-11,-3.405623708991165258e-11,-4.272381533569063100e-11,-5.188905648462656017e-11,-6.101180793944574037e-11,-6.945194157768765553e-11,-7.653978968799590929e-11,-8.166247066160073822e-11,-8.435098235412105729e-11,-8.435098468979075714e-11,-8.166247874152678518e-11,-7.653980687292083690e-11,-6.945197385065275250e-11,-6.101186416748381577e-11,-5.188914821367835621e-11,-4.272395571136333024e-11,-3.405643867810682240e-11,-2.628210568037980187e-11,-1.963607359077031995e-11,-1.420310448866573588e-11,-9.945961764892477718e-12,-6.742889632433803446e-12,-4.425701087067426379e-12,-2.812262654742039336e-12,-1.730088580400226756e-12,-1.030433631760434616e-12,-5.941703526606567141e-13,-3.316962198198466251e-13,-1.792697982088716885e-13,-9.380120064609270734e-14,-4.751614119429386263e-14,-2.330246053280138027e-14,-1.106334638110030562e-14,-5.085012139978119146e-15,-2.262641357901096893e-15,-9.746672823076001932e-16,-4.064565212673755855e-16,-1.640931061694640590e-16,-6.413391705529996899e-17,-2.426664992833506538e-17,-8.889150661227427962e-18,-3.152409978451141949e-18,-1.082331183041824528e-18,-3.597617462236330457e-19,-1.157733314510034845e-19,-3.606960446462990642e-20,-1.087961185411115267e-20,-3.177049423004963478e-21,-8.981981890884490319e-22,-2.458425179962315685e-22,-6.514445334622235239e-23,-1.671216253977079350e-23,-4.150705344605379280e-24,-9.980324395738245179e-25,-2.323274435710182539e-25,-5.235874130659292528e-26,-1.142379834652369307e-26,-2.413039278152071083e-27,-4.934585939844430238e-28,-9.769435398369324775e-29,-1.872494772787278617e-29,-3.474594682321820529e-30,-6.241946889465565285e-31,-1.085596329279133532e-31,-1.827885721701706503e-32,-2.979628304413736212e-33,-4.702269519992346778e-34,-7.184314253334123026e-35,-1.062662853448167926e-35,-1.521731582947056329e-36,-2.109662508527086284e-37,-2.831524289851614097e-38,-3.679255722122713299e-39
-1.080525736266821732e-39,-8.315635278218349701e-39,-6.195667840067329819e-38,-4.469029236434837218e-37,-3.120833801219485931e-36,-2.109893150634315152e-35,-1.380964960811506631e-34,-8.750587914395948722e-34,-5.368144297544747387e-33,-3.188184941136228025e-32,-1.833138196988114206e-31,-1.020420755248786827e-30,-5.499152152953546482e-30,-2.869092595018064274e-29,-1.449191469582275592e-28,-7.086623323950699204e-28,-3.354944232323709677e-27,-1.537671757112932284e-26,-6.822983886959801946e-26,-2.931010873628702375e-25,-1.218969641076325556e-24,-4.907956730567219930e-24,-1.913114383663104009e-23,-7.219606454615514002e-23,-2.637658024458405440e-22,-9.329445402621436827e-22,-3.194666611460319468e-21,-1.059077237799513744e-20,-3.399085596621138695e-20,-1.056158124763662748e-19,-3.177080092465682899e-19,-9.252514155363369980e-19,-2.608697542117153826e-18,-7.120657152358230559e-18,-1.881693125855229776e-17,-4.814042243423959563e-17,-1.192348943888832105e-16,-2.859099185075489357e-16,-6.637238871800259429e-16,-1.491688186135474671e-15,-3.245645091265300836e-15,-6.836855206534588181e-15,-1.394261105118459947e-14,-2.752733816832096801e-14,-5.261586322224421858e-14,-9.736470616716124095e-14,-1.744290402195652497e-13,-3.025299674297546206e-13,-5.079844123430496933e-13,-8.257807360193576723e-13,-1.299605332250390621e-12,-1.980115838995725380e-12,-2.920801794543594434e-12,-4.171055338064801926e-12,-5.766631402539534587e-12,-7.718462694111585314e-12,-1.000165344150682034e-11,-1.254715233346475371e-11,-1.523880512489499146e-11,-1.791797951776215074e-11,-2.039668234652836621e-11,-2.247824523646986120e-11,-2.398267676966273575e-11,-2.477224009486707887e-11,-2.477224037845813567e-11,-2.398267775070672291e-11,-2.247824732301955345e-11,-2.039668626502935823e-11,-1.791798634482691623e-11,-1.523881626240216181e-11,-1.254716937752038841e-11,-1.000167791783058598e-11,-7.718495680827944835e-12,-5.766673123844468560e-12,-4.171104860709274586e-12,-2.920856961263989408e-12,-1.980173512713738584e-12,-1.299661917884538489e-12,-8.258328389175425543e-13,-5.080294364421763361e-13,-3.025664811126271112e-13,-1.744568305495404222e-13,-9.738455610835524319e-14,-5.262916936572822525e-14,-2.753570907763054709e-14,-1.394755325359450488e-14,-6.839593600166987375e-15,-3.247069054187795023e-15,-1.492383096745918827e-15,-6.640421505531659768e-16,-2.860467140155841086e-16,-1.192900747411581444e-16,-4.816131176649208446e-17,-1.882435276558299588e-17,-7.123131650349742078e-18,-2.609471842661997960e-18,-9.254787993158126107e-19,-3.177706759506238661e-19,-1.056320209337420629e-19,-3.399479032506646949e-20,-1.059166863737293854e-20,-3.194858222670014236e-21,-9.329829848818688520e-22,-2.637730414309445954e-22,-7.219734377208296818e-23,-1.913135598723885508e-23,-4.907989749935843608e-24,-1.218974464114578612e-24,-2.931017485130185543e-25,-6.822992392599003980e-26,-1.537672784043940559e-26,-3.354945395921896239e-27,-7.086624561299836838e-28,-1.449191593065778743e-28,-2.869092710670086865e-29,-5.499152254607671230e-30,-1.020420763634200453e-30,-1.833138203479691743e-31,-3.188184945852557466e-32,-5.368144300760522094e-33,-8.750587916453705568e-34,-1.380964960935082014e-34,-2.109893150703960719e-35,-3.120833801256367411e-36,-4.469029236452994478e-37,-6.195667840075847168e-38,-8.315635278222076955e-39,-1.080525736266974750e-39
-3.070978945274553489e-40,-2.363399593259183400e-39,-1.760880361304325698e-38,-1.270149727143450834e-37,-8.869770125382322687e-37,-5.996560030826569537e-36,-3.924861922739859942e-35,-2.487018156247638835e-34,-1.525688612463087468e-33,-9.061189844212256492e-33,-5.209990486833640505e-32,-2.900153646980194942e-31,-1.562922558136238259e-30,-8.154292540763566782e-30,-4.118769540959532583e-29,-2.014100200531498258e-28,-9.535139010786347741e-28,-4.370240737765331116e-27,-1.939170827452365203e-26,-8.330271440255470605e-26,-3.464452513280916827e-25,-1.394897990673004160e-24,-5.437292046767644189e-24,-2.051895542247202937e-23,-7.496528760094300985e-23,-2.651536140316815304e-22,-9.079611499918666183e-22,-3.010019835287592746e-21,-9.660593866532331447e-21,-3.001723378876524244e-20,-9.029628581659085806e-20,-2.629671391275344832e-19,-7.414219724288901674e-19,-2.023773007662162501e-18,-5.347989202861852167e-18,-1.368206408696469606e-17,-3.388793417132248961e-17,-8.125890115448731121e-17,-1.886379948753341769e-16,-4.239550117856389717e-16,-9.224498227637058106e-16,-1.943113216691947634e-15,-3.962651100590475413e-15,-7.823587453496082689e-15,-1.495403605111894816e-14,-2.767217407382165738e-14,-4.957474791942032051e-14,-8.598251102294519876e-14,-1.443750373057249653e-13,-2.346964231032960153e-13,-3.693628461175259955e-13,-5.627717921619956435e-13,-8.301256058326527529e-13,-1.185462103570389889e-12,-1.638943250303849874e-12,-2.193676247391400974e-12,-2.842585429077097400e-12,-3.566045615116073422e-12,-4.331044427363468087e-12,-5.092496734242807605e-12,-5.796972706124665005e-12,-6.388576917847956579e-12,-6.816153726150648542e-12,-7.040556720149666302e-12,-7.040556752457945161e-12,-6.816153837916660311e-12,-6.388577155559357504e-12,-5.796973152542196115e-12,-5.092497512020176011e-12,-4.331045696210523803e-12,-3.566047556870134780e-12,-2.842588217556675128e-12,-2.193680005422460124e-12,-1.638948003428048358e-12,-1.185467745466784994e-12,-8.301318907337138668e-13,-5.627783626742348271e-13,-3.693692926691709619e-13,-2.347023589566104391e-13,-1.443801667026939892e-13,-8.598667086573798929e-14,-4.957791394910461792e-14,-2.767443549004483108e-14,-1.495555196133999647e-14,-7.824541114261595162e-15,-3.963214143906243572e-15,-1.943425189796807758e-15,-9.226120485770000853e-16,-4.240341798855702000e-16,-1.886742532172712758e-16,-8.127448566318201978e-17,-3.389422062540400658e-17,-1.368444391642529721e-17,-5.348834702414478826e-18,-2.024054916300953051e-18,-7.415101850737824024e-19,-2.629930439583224527e-19,-9.030342515770100991e-20,-3.001908034680292401e-20,-9.661042090678502986e-21,-3.010121942164271456e-21,-9.079829794116065071e-22,-2.651579938575907415e-22,-7.496611230657782520e-23,-2.051910115903809575e-23,-5.437316216150392167e-24,-1.394901752423997225e-24,-3.464458007955637853e-25,-8.330278972447343219e-26,-1.939171796462312504e-26,-4.370241907702520915e-27,-9.535140336422423882e-28,-2.014100341497226399e-28,-4.118769681638838793e-29,-8.154292672521008018e-30,-1.562922569717257156e-30,-2.900153656533394394e-31,-5.209990494229208819e-32,-9.061189849585363028e-33,-1.525688612829446106e-33,-2.487018156482070663e-34,-3.924861922880644081e-35,-5.996560030905913230e-36,-8.869770125424415390e-37,-1.270149727145517006e-37,-1.760880361305296141e-38,-2.363399593259607545e-39,-3.070978945274728041e-40
-8.446896426852291767e-41,-6.500660517469087862e-40,-4.843398244362143086e-39,-3.493616655459108392e-38,-2.439679037669042210e-37,-1.649386804677848080e-36,-1.079554850159204489e-35,-6.840680171334257865e-35,-4.196490408680194196e-34,-2.492330083730444157e-33,-1.433036527159747568e-32,-7.977032052171727273e-32,-4.298904423321388138e-31,-2.242882994429848122e-30,-1.132890206625911128e-29,-5.539893333808165346e-29,-2.622692407699017768e-28,-1.202058741858746196e-27,-5.333795973648126358e-27,-2.291286958241025059e-26,-9.529167108247796564e-26,-3.836743612771905421e-25,-1.495557070889899292e-24,-5.643851499129171220e-24,-2.061961450268891366e-23,-7.293195931471706486e-23,-2.497397061412046099e-22,-8.279225043391497783e-22,-2.657199455504148459e-21,-8.256405183905966800e-21,-2.483648984946066298e-20,-7.233055737141623279e-20,-2.039321897447742780e-19,-5.566498921617753078e-19,-1.470993832699800512e-18,-3.763326949081799354e-18,-9.321062604665824019e-18,-2.235070751194656292e-17,-5.188591759422049165e-17,-1.166111568335108708e-16,-2.537248952436761904e-16,-5.344639731998278802e-16,-1.089948971286328109e-15,-2.151920742009313857e-15,-4.113189830935917316e-15,-7.611383616519730652e-15,-1.363580696985904471e-14,-2.364996237597342930e-14,-3.971114776351408859e-14,-6.455454150073930122e-14,-1.015952815268537322e-13,-1.547934754701267950e-13,-2.283306117919084526e-13,-3.260678690820827485e-13,-4.508003516631735034e-13,-6.033827123514447946e-13,-7.818687503787620493e-13,-9.808604520192130845e-13,-1.191277581157182465e-12,-1.400719224454047538e-12,-1.594489213450486821e-12,-1.757213203981637283e-12,-1.874820554744966282e-12,-1.936543829432633441e-12,-1.936543832886343931e-12,-1.874820566692598664e-12,-1.757213229392658214e-12,-1.594489261171904560e-12,-1.400719307597374544e-12,-1.191277716795181013e-12,-9.808606595900421194e-13,-7.818690484633799748e-13,-6.033831140797779270e-13,-4.508008597655898475e-13,-3.260684721930207233e-13,-2.283312836391569915e-13,-1.547941778488160140e-13,-1.015959706543265821e-13,-6.455517603526547994e-14,-3.971169608897008006e-14,-2.365040705742624170e-14,-1.363614541406229184e-14,-7.611625358792591034e-15,-4.113351879646186546e-15,-2.152022687028829671e-15,-1.090009159839627033e-15,-5.344973226941277202e-16,-2.537422369592005961e-16,-1.166196197941194859e-16,-5.188979356092696824e-17,-2.235237347441515893e-17,-9.321734617930056491e-18,-3.763581349566293367e-18,-1.471084215434951257e-18,-5.566800278061496847e-19,-2.039416195547552199e-19,-7.233332656207155481e-20,-2.483725303517105796e-20,-8.256602578411490333e-21,-2.657247370046711859e-21,-8.279334194233378431e-22,-2.497420396760441642e-22,-7.293242751206137514e-23,-2.061970266258295240e-23,-5.643867078166926596e-24,-1.495559654563554697e-24,-3.836747634031811681e-25,-9.529172981979314766e-26,-2.291287763421919749e-26,-5.333797009506385011e-27,-1.202058866923416778e-27,-2.622692549407684984e-28,-5.539893484498583764e-29,-1.132890221664334598e-29,-2.242883008514542112e-30,-4.298904435701375747e-31,-7.977032062383990892e-32,-1.433036527950323213e-32,-2.492330084304821892e-33,-4.196490409071826498e-34,-6.840680171584861630e-35,-1.079554850174254025e-35,-1.649386804686329764e-36,-2.439679037673563359e-37,-3.493616655461236163e-38,-4.843398244363179957e-39,-6.500660517469540555e-40,-8.446896426852478350e-41
-2.248573858314622798e-41,-1.730483548358844539e-40,-1.289318363494845697e-39,-9.300049018554499136e-39,-6.494454565989097332e-38,-4.390687258171762916e-37,-2.873787829300201423e-36,-1.820997183942667985e-35,-1.117110729525385266e-34,-6.634612275760738636e-34,-3.814760250567149861e-33,-2.123495403877627798e-32,-1.144373461824927974e-31,-5.970581162213613853e-31,-3.015767181495974253e-30,-1.474726183294104272e-29,-6.981638330032022105e-29,-3.199894643563630382e-28,-1.419862821308237788e-27,-6.099433088607102413e-27,-2.536675598744408650e-26,-1.021345705306511977e-25,-3.981190680319232468e-25,-1.502399970338071985e-24,-5.488965863471471254e-24,-1.941457416589276889e-23,-6.648100630512307007e-23,-2.203939536951470560e-22,-7.073496501011328812e-22,-2.197864863261088992e-21,-6.611503087721037867e-21,-1.925448025450692740e-20,-5.428699105049125830e-20,-1.481808622359363001e-19,-3.915803048603716860e-19,-1.001802102260373025e-18,-2.481277932796427181e-18,-5.949784877962271290e-18,-1.381209287071930800e-17,-3.104202840822216671e-17,-6.754186837604550974e-17,-1.422749442656467106e-16,-2.901457103155988671e-16,-5.728438566222948693e-16,-1.094936016822285777e-15,-2.026159356151622429e-15,-3.629868005955310870e-15,-6.295648065446365907e-15,-1.057115468597995670e-14,-1.718449559682129828e-14,-2.704478457237655944e-14,-4.120620696535475946e-14,-6.078187996908885454e-14,-8.679965390880360798e-14,-1.200035888739349760e-13,-1.606211944589205519e-13,-2.081343897083413338e-13,-2.611062169586465516e-13,-3.171195065733487420e-13,-3.728731206945263173e-13,-4.244549218212700023e-13,-4.677722412641702101e-13,-4.990794575618343557e-13,-5.155102663027681291e-13,-5.155102666492001947e-13,-4.990794587602682078e-13,-4.677722438130792040e-13,-4.244549266080731789e-13,-3.728731290344028843e-13,-3.171195201788204555e-13,-2.611062377795010010e-13,-2.081344196083830970e-13,-1.606212347551761090e-13,-1.200036398402799708e-13,-8.679971440519027020e-14,-6.078194736022409687e-14,-4.120627741901420152e-14,-2.704485369684320682e-14,-1.718455924522079059e-14,-1.057120968698657906e-14,-6.295692670210311761e-15,-3.629901954355225840e-15,-2.026183604648941774e-15,-1.094952271479244516e-15,-5.728540824446272740e-16,-2.901517476625472767e-16,-1.422782894609804684e-16,-6.754360787546128172e-17,-3.104287730434284263e-17,-1.381248165819607520e-17,-5.949951986039740659e-18,-2.481345340584248613e-18,-1.001827620467810685e-18,-3.915893709020081774e-19,-1.481838850588923058e-19,-5.428793692859251027e-20,-1.925475802434581044e-20,-6.611579640764218327e-21,-2.197884663356801661e-21,-7.073544562760890463e-22,-2.203950485569890349e-22,-6.648124037553463067e-23,-1.941462112947061044e-23,-5.488974706546076407e-24,-1.502401533028166315e-24,-3.981193271930660698e-25,-1.021346108667951344e-25,-2.536676187922158964e-26,-6.099433896261685059e-27,-1.419862925212308409e-27,-3.199894769012534672e-28,-6.981638472176056834e-29,-1.474726198409442212e-29,-3.015767196580600495e-30,-5.970581176341632839e-31,-1.144373463066740500e-31,-2.123495404902010365e-32,-3.814760251360154105e-33,-6.634612276336878942e-34,-1.117110729564668920e-34,-1.820997183967805872e-35,-2.873787829315296530e-36,-4.390687258180271495e-37,-6.494454565993688014e-38,-9.300049018556469778e-39,-1.289318363494949776e-39,-1.730483548358890216e-40,-2.248573858314641915e-41
-5.793179346022862092e-42,-4.458382149163145877e-41,-3.321773259182502528e-40,-2.396045461974396957e-39,-1.673217889474706903e-38,-1.131207616099901321e-37,-7.403967735368171023e-37,-4.691579614418151129e-36,-2.878101060179397415e-35,-1.709327832958774549e-34,-9.828269688316556350e-34,-5.470929793846723804e-33,-2.948340201797917811e-32,-1.538248225415836995e-31,-7.769760412206802233e-31,-3.799454144905004200e-30,-1.798734910369300717e-29,-8.244142610657452486e-29,-3.658105309804642550e-28,-1.571445370171291202e-27,-6.535438732362104493e-27,-2.631374025474839043e-26,-1.025705761744072337e-25,-3.870752319495323353e-25,-1.414165852444869154e-24,-5.001930875153925007e-24,-1.712802944877810940e-23,-5.678184400364916891e-23,-1.822401060223040202e-22,-5.662533736266508508e-22,-1.703374029379678154e-21,-4.960684609773982310e-21,-1.398638849013201958e-20,-3.817701194945457445e-20,-1.008859427071143489e-19,-2.581022289375485081e-19,-6.392713327545620523e-19,-1.532890313601936954e-18,-3.558519140837793301e-18,-7.997604222258339201e-18,-1.740134776632065024e-17,-3.665542341553684772e-17,-7.475254282273484657e-17,-1.475863106034571915e-16,-2.820970587386355472e-16,-5.220155206556787692e-16,-9.351917119881052045e-16,-1.621997792410050660e-15,-2.723530506413247280e-15,-4.427378028753902820e-15,-6.967762558609599302e-15,-1.061628223760283966e-14,-1.565971828531749984e-14,-2.236288394117072037e-14,-3.091747731311496926e-14,-4.138211350416658423e-14,-5.362331520471276144e-14,-6.727086760381606268e-14,-8.170201609795623949e-14,-9.606626233269704321e-14,-1.093556912643861645e-13,-1.205158761650031308e-13,-1.285818028369333159e-13,-1.328150025109177304e-13,-1.328150025435253275e-13,-1.285818029497347203e-13,-1.205158764049166842e-13,-1.093556917149393878e-13,-9.606626311767988298e-14,-8.170201737855809596e-14,-6.727086956355884950e-14,-5.362331801902526629e-14,-4.138211729701266275e-14,-3.091748211027287295e-14,-2.236288963533463171e-14,-1.565972462844288672e-14,-1.061628886898536454e-14,-6.967769064883134388e-15,-4.427384019597915857e-15,-2.723535683329773662e-15,-1.622001990790294823e-15,-9.351949073483965345e-16,-5.220178030220244161e-16,-2.820985886924942551e-16,-1.475872730990890708e-16,-7.475311108217428097e-17,-3.665573827881062389e-17,-1.740151149501991877e-17,-7.997684123784257169e-18,-3.558555735082828362e-18,-1.532906042488031314e-18,-6.392776774473627632e-19,-2.581046308141295823e-19,-1.008867960395105344e-19,-3.817729646974024950e-20,-1.398647751999301203e-20,-4.960710754591280925e-21,-1.703381234860790403e-21,-5.662552372915027276e-22,-1.822405583988719655e-22,-5.678194705646111831e-23,-1.712805148042909631e-23,-5.001935295555245271e-24,-1.414166684790709244e-24,-3.870753790362253654e-25,-1.025706005676990096e-25,-2.631374405134901297e-26,-6.535439286920019123e-27,-1.571445446190983141e-27,-3.658105407603343472e-28,-8.244142728735020144e-29,-1.798734923748470498e-29,-3.799454159132171008e-30,-7.769760426405062180e-31,-1.538248226745636832e-31,-2.948340202966785745e-32,-5.470929794810958098e-33,-9.828269689062965024e-34,-1.709327833013003234e-34,-2.878101060216372976e-35,-4.691579614441809774e-36,-7.403967735382378438e-37,-1.131207616100701897e-37,-1.673217889475154017e-38,-2.396045461974539208e-39,-3.321773259182600000e-40,-4.458382149163189210e-41,-5.793179346022879934e-42
-1.444561340636324085e-42,-1.111722270239335795e-41,-8.283025513216397881e-41,-5.974672003122989076e-40,-4.172261435779004165e-39,-2.820728813743933994e-38,-1.846220342750859800e-37,-1.169871349168340445e-36,-7.176704323566039704e-36,-4.262303578882097710e-35,-2.450733455513821226e-34,-1.364206630846336195e-33,-7.351849511590041101e-33,-3.835707106605735896e-32,-1.937432771727657752e-31,-9.474149245902787016e-31,-4.485245075929297015e-30,-2.055722599063718730e-29,-9.121688100590342488e-29,-3.918486024828180302e-28,-1.629647827725011037e-27,-6.561476803864397597e-27,-2.557654099386087284e-26,-9.651935191269421822e-26,-3.526300840474286481e-25,-1.247259154119421100e-24,-4.270968962832397862e-24,-1.415886714331152749e-23,-4.544257930733952531e-23,-1.411984134597043388e-22,-4.247457440058500450e-22,-1.236974169509994100e-21,-3.487583397851502092e-21,-9.519649275324784428e-21,-2.515646831275803269e-20,-6.435921962457694020e-20,-1.594058457914441483e-19,-3.822346856886881080e-19,-8.873364475238834567e-19,-1.994246887094152672e-18,-4.339122398386015674e-18,-9.140232750966352200e-18,-1.863996037859897305e-17,-3.680146357824455970e-17,-7.034246326946684665e-17,-1.301674599231990826e-16,-2.331952305514182040e-16,-4.044541288233359522e-16,-6.791274090813757418e-16,-1.103991221178275382e-15,-1.737450167119501058e-15,-2.647228747070212460e-15,-3.904837445737879418e-15,-5.576308910361907575e-15,-7.709444125389799193e-15,-1.031885909124822799e-14,-1.337127050186159730e-14,-1.677436324463178506e-14,-2.037285001162819837e-14,-2.395465432983628105e-14,-2.726844700329387819e-14,-3.005130088995988767e-14,-3.206258435703187579e-14,-3.311815612802735947e-14,-3.311815613090737704e-14,-3.206258436699488610e-14,-3.005130091114988434e-14,-2.726844704308828525e-14,-2.395465439916866648e-14,-2.037285012473536210e-14,-1.677436341772301380e-14,-1.337127075043135930e-14,-1.031885942624543773e-14,-7.709444549091292257e-15,-5.576309413290046358e-15,-3.904838005984535612e-15,-2.647229332776733931e-15,-1.737450741775964850e-15,-1.103991750310230495e-15,-6.791278663244548052e-16,-4.044544996387239150e-16,-2.331955127766330507e-16,-1.301676615096473597e-16,-7.034259840025589286e-17,-3.680154858917029875e-17,-1.864001056922779652e-17,-9.140260560774003442e-18,-4.339136859468055038e-18,-1.994253944271828822e-18,-8.873396796535099464e-19,-3.822360749180260152e-19,-1.594064061765416350e-19,-6.435943176658014672e-20,-2.515654368201121250e-20,-9.519674405135327032e-21,-3.487591261275139079e-21,-1.236976478710211056e-21,-4.247463804187327916e-22,-1.411985780649968517e-22,-4.544261926279466401e-23,-1.415887624529056926e-23,-4.270970908743614895e-24,-1.247259544544474240e-24,-3.526301575630770036e-25,-9.651936490389699628e-26,-2.557654314836033572e-26,-6.561477139193255778e-27,-1.629647876705488697e-27,-3.918486091971351827e-28,-9.121688186969519859e-29,-2.055722609492736255e-29,-4.485245087746240273e-30,-9.474149258468712042e-31,-1.937432772981696388e-31,-3.835707107780297152e-32,-7.351849512622488799e-33,-1.364206630931512460e-33,-2.450733455579746144e-34,-4.262303578929993653e-35,-7.176704323598696880e-36,-1.169871349170430213e-36,-1.846220342752114120e-37,-2.820728813744642381e-38,-4.172261435779438098e-39,-5.974672003123003758e-40,-8.283025513216483525e-41,-1.111722270239339618e-41,-1.444561340636325678e-42
-3.486364920935044754e-43,-2.683077149965390465e-42,-1.999060114385115587e-41,-1.441952397577331071e-40,-1.006951072376237086e-39,-6.807665213701266981e-39,-4.455745601255034470e-38,-2.823416575685815989e-37,-1.732055918828756885e-36,-1.028682220807922379e-35,-5.914702899429419858e-35,-3.292433494443785490e-34,-1.774326193023446668e-33,-9.257256391452985314e-33,-4.675881502578412757e-32,-2.286530911319343920e-31,-1.082487856668545239e-30,-4.961367132663351926e-30,-2.201466460372000657e-29,-9.457038504240630870e-29,-3.933060410958954769e-28,-1.583574329107075017e-27,-6.172749665346556021e-27,-2.329438516965827413e-26,-8.510522333013476938e-26,-3.010187549613951078e-25,-1.030773560911033899e-24,-3.417160375265011013e-24,-1.096730266532890257e-23,-3.407741725669863749e-23,-1.025099191403092941e-22,-2.985365336429935115e-22,-8.417080033270820879e-22,-2.297512079236278274e-21,-6.071367562804965020e-21,-1.553272397135054502e-20,-3.847167533325152648e-20,-9.225012204484618828e-20,-2.141534995219864588e-19,-4.812999071251895498e-19,-1.047221996866732064e-18,-2.205942104065569437e-18,-4.498646209301234008e-18,-8.881819556498959619e-18,-1.697674508489932871e-17,-3.141516066902064792e-17,-5.628031490623303893e-17,-9.761265563398575445e-17,-1.639034570054225507e-16,-2.664418711939763360e-16,-4.193235097825547188e-16,-6.388932876613644701e-16,-9.424098451075366233e-16,-1.345809778130963208e-15,-1.860629576784058340e-15,-2.490396727905772494e-15,-3.227078498825542153e-15,-4.048395173121180389e-15,-4.916869060658118189e-15,-5.781316736038780356e-15,-6.581081357089345235e-15,-7.252706984681835062e-15,-7.738118571372608375e-15,-7.992874689186000459e-15,-7.992874689424701880e-15,-7.738118572198356416e-15,-7.252706986438096606e-15,-6.581081360387566369e-15,-5.781316741785152423e-15,-4.916869070032612232e-15,-4.048395187467244672e-15,-3.227078519427382672e-15,-2.490396755670851052e-15,-1.860629611901082694e-15,-1.345809819814412292e-15,-9.424098915416388037e-16,-6.388933362056072519e-16,-4.193235574109567123e-16,-2.664419150492377365e-16,-1.639034949024245598e-16,-9.761268636772922632e-17,-5.628033829748820886e-17,-3.141517737681237469e-17,-1.697675628474465658e-17,-8.881826602333876370e-18,-4.498650369176905311e-18,-2.205944408984734513e-18,-1.047223195423211124e-18,-4.813004920348112922e-19,-2.141537674058070051e-19,-9.225023718628824437e-20,-3.847172177882119833e-20,-1.553274155400231742e-20,-6.071373809523326603e-21,-2.297514162033206475e-21,-8.417086550595959020e-22,-2.985367250330205097e-22,-1.025099718871771921e-22,-3.407743089943559740e-23,-1.096730597689778049e-23,-3.417161129650912119e-24,-1.030773722191115965e-24,-3.010187873204174644e-25,-8.510522942322352630e-26,-2.329438624638892408e-26,-6.172749843914748453e-27,-1.583574356899659636e-27,-3.933060451554757372e-28,-9.457038559889823933e-29,-2.201466467531238435e-29,-4.961367141307080035e-30,-1.082487857647951622e-30,-2.286530912360826599e-31,-4.675881503617779913e-32,-9.257256392426556581e-33,-1.774326193109062720e-33,-3.292433494514462370e-34,-5.914702899484060790e-35,-1.028682220811892370e-35,-1.732055918831463727e-36,-2.823416575687548275e-37,-4.455745601256074343e-38,-6.807665213701854258e-39,-1.006951072376282436e-39,-1.441952397577304155e-40,-1.999060114385122724e-41,-2.683077149965393651e-42,-3.486364920935046347e-43
-8.143957877458103982e-44,-6.267521555210023209e-43,-4.669695151043620725e-42,-3.368321978188092738e-41,-2.352182661330226851e-40,-1.590233380656851787e-39,-1.040837815668416061e-38,-6.595346782211008004e-38,-4.045987945679596220e-37,-2.402945436160169716e-36,-1.381642265311501962e-35,-7.690944666197192799e-35,-4.144728995545891291e-34,-2.162444489391061358e-33,-1.092260358871755037e-32,-5.341211218444783734e-32,-2.528632460311743092e-31,-1.158948241487547655e-30,-5.142505310975274334e-30,-2.209112498853932078e-29,-9.187414124094946105e-29,-3.699143068653045514e-28,-1.441920579248868362e-27,-5.441441039743533931e-27,-1.988011495269388455e-26,-7.031633567701784801e-26,-2.407830692320506117e-25,-7.982299841754190361e-25,-2.561901951211052701e-24,-7.960298391158809067e-24,-2.394575675332378983e-23,-6.973650234579648092e-23,-1.966183884840331556e-22,-5.366862626426719095e-22,-1.418238274287934341e-21,-3.628359411984211260e-21,-8.986773057170789712e-21,-2.154912423574129308e-20,-5.002508684459643456e-20,-1.124290273377572069e-19,-2.446253339579515646e-19,-5.152960169987899126e-19,-1.050859163197116355e-18,-2.074744497025037262e-18,-3.965674850545570159e-18,-7.338409805175104587e-18,-1.314677391268355830e-17,-2.280178276853463231e-17,-3.828695159839798059e-17,-6.223936463922700550e-17,-9.795167970486360498e-17,-1.492419795661950825e-16,-2.201417882497271055e-16,-3.143738074679300168e-16,-4.346328982342448552e-16,-5.817430621916760849e-16,-7.538278968983171982e-16,-9.456829823872497587e-16,-1.148553735110151818e-15,-1.350483986681856655e-15,-1.537304630343238022e-15,-1.694192705586918558e-15,-1.807582198787577268e-15,-1.867091835298400244e-15,-1.867091835316965691e-15,-1.807582198851800407e-15,-1.694192705723512782e-15,-1.537304630599760008e-15,-1.350483987128785998e-15,-1.148553735839261440e-15,-9.456829835030276392e-16,-7.538278985006432844e-16,-5.817430643511296635e-16,-4.346329009655025846e-16,-3.143738107098971837e-16,-2.201417918611815102e-16,-1.492419833417658355e-16,-9.795168340920476651e-17,-6.223936805010877951e-17,-3.828695454587087919e-17,-2.280178515887874747e-17,-1.314677573195914160e-17,-7.338411104638436486e-18,-3.965675721623457119e-18,-2.074745045021096717e-18,-1.050859486735130219e-18,-5.152961962659188654e-19,-2.446254271767429660e-19,-1.124290728296209592e-19,-5.002510767949775158e-20,-2.154913319096911084e-20,-8.986776669516141470e-21,-3.628360779490486154e-21,-1.418238760131986338e-21,-5.366864246340472099e-22,-1.966184391731064805e-22,-6.973651723132530169e-23,-2.394576085575814937e-23,-7.960299452234758335e-24,-2.561902208771254227e-24,-7.982300428484581525e-25,-2.407830817757518396e-25,-7.031633819376945951e-26,-1.988011542658925772e-26,-5.441441123487213677e-27,-1.441920593137167486e-27,-3.699143090269009721e-28,-9.187414155668776654e-29,-2.209112503182076682e-29,-5.142505316543435376e-30,-1.158948242159821294e-30,-2.528632461073484559e-31,-5.341211219254805406e-32,-1.092260358952592716e-32,-2.162444489466801266e-33,-4.144728995612563300e-34,-7.690944666252309484e-35,-1.381642265315751658e-35,-2.402945436163257093e-36,-4.045987945681701023e-37,-6.595346782212354826e-38,-1.040837815668496975e-38,-1.590233380656897138e-39,-2.352182661330283947e-40,-3.368321978188006074e-41,-4.669695151043627097e-42,-6.267521555210025599e-43,-8.143957877458104978e-44
-1.841328986757940058e-44,-1.417071316967624117e-43,-1.055806669228913950e-42,-7.615693730856343008e-42,-5.318227551796496430e-41,-3.595478836670396564e-40,-2.353308881678829264e-39,-1.491191800171257682e-38,-9.147879933262198393e-38,-5.433000945948531748e-37,-3.123859419128065778e-36,-1.738903806049690641e-35,-9.371131035536409020e-35,-4.889234178865280424e-34,-2.469573996010073411e-33,-1.207634812078486175e-32,-5.717176238001739097e-32,-2.620353669939692174e-31,-1.162707891683117274e-30,-4.994749408525454670e-30,-2.077251895773003568e-29,-8.363672137019357824e-29,-3.260147214811523198e-28,-1.230296529890859309e-27,-4.494845439193333408e-27,-1.589835176862511223e-26,-5.444046390818273130e-26,-1.804778499689744104e-25,-5.792397744410979106e-25,-1.799804025442507418e-24,-5.414077121124772404e-24,-1.576725286851641137e-23,-4.445493745091465072e-23,-1.213434532776805795e-22,-3.206602101668796753e-22,-8.203632017983621210e-22,-2.031887440551041280e-21,-4.872204362002802582e-21,-1.131054996330468484e-20,-2.541992850466805180e-20,-5.530919057905389541e-20,-1.165071709772807247e-19,-2.375966903697921668e-19,-4.690946637952297360e-19,-8.966293986586353659e-19,-1.659196534940221411e-18,-2.972453474345939594e-18,-5.155427396999882974e-18,-8.656586251245759282e-18,-1.407216834271934603e-17,-2.214663556173613050e-17,-3.374324709819630023e-17,-4.977352068862491105e-17,-7.107915009855560356e-17,-9.826943682168438724e-17,-1.315306856171011991e-16,-1.704386464752777567e-16,-2.138166127520298032e-16,-2.596851944876938712e-16,-3.053411312099611588e-16,-3.475808224846296562e-16,-3.830528331418206493e-16,-4.086899206318388868e-16,-4.221449041099901138e-16,-4.221449041113450317e-16,-4.086899206365262983e-16,-3.830528331517900762e-16,-3.475808225033520372e-16,-3.053411312425806065e-16,-2.596851945409083571e-16,-2.138166128334654428e-16,-1.704386465922244631e-16,-1.315306857747101599e-16,-9.826943702102680163e-17,-7.107915033517245993e-17,-4.977352095220923631e-17,-3.374324737375835668e-17,-2.214663583209961207e-17,-1.407216859166452679e-17,-8.656586466368773707e-18,-5.155427571460532024e-18,-2.972453607126820730e-18,-1.659196629782312766e-18,-8.966294622347591882e-19,-4.690947037910415430e-19,-2.375967139834014404e-19,-1.165071840611959169e-19,-5.530919738268134584e-20,-2.541993182491806308e-20,-1.131055148395202029e-20,-4.872205015605337102e-21,-2.031887704200168150e-21,-8.203633016065908791e-22,-3.206602456264889556e-22,-1.213434651007149036e-22,-4.445494115048600786e-23,-1.576725395494534786e-23,-5.414077420543319777e-24,-1.799804102885749228e-24,-5.792397932392781039e-25,-1.804778542512618514e-25,-5.444046482369202080e-26,-1.589835195231168788e-26,-4.494845473780861364e-27,-1.230296536002940263e-27,-3.260147224947978639e-28,-8.363672152795980841e-29,-2.077251898077458231e-29,-4.994749411684332434e-30,-1.162707892089512571e-30,-2.620353670430355518e-31,-5.717176238557702073e-32,-1.207634812137606190e-32,-2.469573996069074029e-33,-4.889234178920681491e-34,-9.371131035584972086e-35,-1.738903806053720635e-35,-3.123859419131167522e-36,-5.433000945950785223e-37,-9.147879933263737321e-38,-1.491191800171356084e-38,-2.353308881678888318e-39,-3.595478836670430007e-40,-5.318227551796586153e-41,-7.615693730856244873e-42,-1.055806669228914428e-42,-1.417071316967624515e-43,-1.841328986757940058e-44
-4.029649562741656610e-45,-3.101184445505612154e-44,-2.310576172750663510e-43,-1.666653657940483115e-42,-1.163865527712709533e-41,-7.868512268166668748e-41,-5.150090056829036123e-40,-3.263393140898828481e-39,-2.001964376718367318e-38,-1.188983068406698063e-37,-6.836398510469244157e-37,-3.805497557519902796e-36,-2.050821681042069164e-35,-1.069982632799124860e-34,-5.404530013238953011e-34,-2.642843906461243491e-33,-1.251173304350381581e-32,-5.734503229046855831e-32,-2.544523754859605555e-31,-1.093074073933245538e-30,-4.545954174242493525e-30,-1.830344713640527690e-29,-7.134657029306679847e-29,-2.692437858400482325e-28,-9.836727759621063252e-28,-3.479268871205530350e-27,-1.191400304675161583e-26,-3.949660785455486472e-26,-1.267635126903039698e-25,-3.938774415817357320e-25,-1.184841691011628013e-24,-3.450578581241156538e-24,-9.728724228482225134e-24,-2.655536283621478920e-23,-7.017476425886949555e-23,-1.795320793399691206e-22,-4.446676501179273261e-22,-1.066255748870887412e-21,-2.475253093921449914e-21,-5.563014785539008598e-21,-1.210411921146705513e-20,-2.549696843753564246e-20,-5.199675920723236826e-20,-1.026588469763436554e-19,-1.962225267852725056e-19,-3.631062476943056549e-19,-6.505054734546820860e-19,-1.128237588473805510e-18,-1.894447393867787055e-18,-3.079618439554850462e-18,-4.846672210634171294e-18,-7.384528342984558650e-18,-1.089266759614625032e-17,-1.555529012873495167e-17,-2.150573829919433951e-17,-2.878478390313519287e-17,-3.729958210524105303e-17,-4.679261697824882254e-17,-5.683070966369149888e-17,-6.682226613037890020e-17,-7.606619563451837464e-17,-8.382905459464798604e-17,-8.943959345740975628e-17,-9.238414430506325553e-17,-9.238414430515604530e-17,-8.943959345773079801e-17,-8.382905459533078213e-17,-7.606619563580070502e-17,-6.682226613261302824e-17,-5.683070966733620883e-17,-4.679261698382643276e-17,-3.729958211325086316e-17,-2.878478391392998399e-17,-2.150573831284749416e-17,-1.555529014494107899e-17,-1.089266761419945385e-17,-7.384528361858037318e-18,-4.846672229151631797e-18,-3.079618456605350927e-18,-1.894447408601773590e-18,-1.128237600422787183e-18,-6.505054825489752835e-19,-3.631062541901355678e-19,-1.962225311396637781e-19,-1.026588497156966479e-19,-5.199676082455168956e-20,-2.549696933366586524e-20,-1.210411967745419501e-20,-5.563015012946198304e-21,-2.475253198072082040e-21,-1.066255793636778168e-21,-4.446676681755173905e-22,-1.795320861759311630e-22,-7.017476668753303012e-23,-2.655536364598603445e-23,-9.728724481869505469e-24,-3.450578655651743043e-24,-1.184841711519098766e-24,-3.938774468858996058e-25,-1.267635139778098457e-25,-3.949660814785331541e-26,-1.191400310945574467e-26,-3.479268883786405002e-27,-9.836727783310400774e-28,-2.692437862586706559e-28,-7.134657036249238207e-29,-1.830344714721101727e-29,-4.545954175820881783e-30,-1.093074074149589031e-30,-2.544523755137949410e-31,-5.734503229382915667e-32,-1.251173304388459677e-32,-2.642843906501734722e-33,-5.404530013279361792e-34,-1.069982632802940498e-34,-2.050821681045393014e-35,-3.805497557522698508e-36,-6.836398510471368170e-37,-1.188983068406852374e-37,-2.001964376718472506e-38,-3.263393140898896997e-39,-5.150090056829076906e-40,-7.868512268166692198e-41,-1.163865527712727120e-41,-1.666653657940460812e-42,-2.310576172750663510e-43,-3.101184445505612154e-44,-4.029649562741656610e-45
-8.535903638726558748e-46,-6.569159719869922698e-45,-4.894434429955347475e-44,-3.530429830635661698e-43,-2.465386589654729314e-42,-1.666766835563521758e-41,-1.090930408994362727e-40,-6.912762251971510590e-40,-4.240709953002632230e-39,-2.518592433901840179e-38,-1.448136817177649094e-37,-8.061088177180953754e-37,-4.344203131568590080e-36,-2.266516853755985183e-35,-1.144827774408900020e-34,-5.598268674857249961e-34,-2.650328420622217607e-33,-1.214725157038404399e-32,-5.389999611567896314e-32,-2.315430863108718783e-31,-9.629578496399004098e-31,-3.877172408674279242e-30,-1.511316156635958761e-29,-5.703322275232605445e-29,-2.083688890787456028e-28,-7.370046291972149678e-28,-2.523712803685497882e-27,-8.366465456953309826e-27,-2.685199078439804953e-26,-8.343405138491424835e-26,-2.509819860052550202e-25,-7.309272384293585232e-25,-2.060810778929592587e-24,-5.625154612877281023e-24,-1.486494089020786101e-23,-3.802982133919210133e-23,-9.419281139879604869e-23,-2.258622290819721930e-22,-5.243265341614022023e-22,-1.178399198511563860e-21,-2.563984624768382395e-21,-5.400957633506537473e-21,-1.101434055761980793e-20,-2.174596107698882311e-20,-4.156531614741608237e-20,-7.691586805949012704e-20,-1.377949112303348824e-19,-2.389916836899676537e-19,-4.012959477223137306e-19,-6.523477000863743616e-19,-1.026658182413260979e-18,-1.564245758141695440e-18,-2.307365926532933405e-18,-3.295037336223807448e-18,-4.555505558073863458e-18,-6.097407177302065224e-18,-7.901075109828879267e-18,-9.911960415198545976e-18,-1.203830392337313747e-17,-1.415478978331243852e-17,-1.611290773530660942e-17,-1.775729430076174670e-17,-1.894576040303910141e-17,-1.956949708046723940e-17,-1.956949708047320207e-17,-1.894576040305973813e-17,-1.775729430080563633e-17,-1.611290773538902998e-17,-1.415478978345603277e-17,-1.203830392360739372e-17,-9.911960415557037035e-18,-7.901075110343697289e-18,-6.097407177995886879e-18,-4.555505558951403422e-18,-3.295037337265435488e-18,-2.307365927693291560e-18,-1.564245759354756475e-18,-1.026658183603447166e-18,-6.523477011822737594e-19,-4.012959486693219880e-19,-2.389916844579731932e-19,-1.377949118148590021e-19,-7.691586847700170651e-20,-4.156531642728904410e-20,-2.174596125305735969e-20,-1.101434066157095133e-20,-5.400957691104167257e-21,-2.563984654719112914e-21,-1.178399213127871455e-21,-5.243265408555516659e-22,-2.258622319592418937e-22,-9.419281255942448670e-23,-3.802982177856475926e-23,-1.486494104630712199e-23,-5.625154664924298358e-24,-2.060810795215737679e-24,-7.309272432120042263e-25,-2.509819873233465703e-25,-8.343405172583322071e-26,-2.685199086715122748e-26,-8.366465475804779598e-27,-2.523712807715726253e-27,-7.370046300058344933e-28,-2.083688892310057614e-28,-5.703322277923248716e-29,-1.511316157082182639e-29,-3.877172409368787984e-30,-9.629578497413586225e-31,-2.315430863247715329e-31,-5.389999611746798337e-32,-1.214725157060004375e-32,-2.650328420646692092e-33,-5.598268674883273708e-34,-1.144827774411497092e-34,-2.266516853758450541e-35,-4.344203131570789766e-36,-8.061088177182948305e-37,-1.448136817177785447e-37,-2.518592433901939886e-38,-4.240709953002699440e-39,-6.912762251971553004e-40,-1.090930408994365377e-40,-1.666766835563523032e-41,-2.465386589654800366e-42,-3.530429830635613507e-43,-4.894434429955347475e-44,-6.569159719869922698e-45,-8.535903638726558748e-46
-1.750184830847045182e-46,-1.346927540391357873e-45,-1.003545173122562253e-44,-7.238723628410416160e-44,-5.054979992758162852e-43,-3.417505814999295728e-42,-2.236822173892937342e-41,-1.417379125247195471e-40,-8.695067969247192734e-40,-5.164072205434001076e-39,-2.969231141406748262e-38,-1.652829605973310265e-37,-8.907268339458149879e-37,-4.647221412277609978e-36,-2.347332267918805620e-35,-1.147857957215990285e-34,-5.434181071926626843e-34,-2.490648481376308338e-33,-1.105154879635561041e-32,-4.747513731413763618e-32,-1.974429764575313759e-31,-7.949677765168249037e-31,-3.098772811771014035e-30,-1.169397940044380306e-29,-4.272354566323007849e-29,-1.511139742057177478e-28,-5.174570910554131382e-28,-1.715443560554299014e-27,-5.505679180313391751e-27,-1.710715318381626633e-26,-5.146085093198114758e-26,-1.498678780004167843e-25,-4.225445737420154201e-25,-1.153370596870489256e-24,-3.047878134360112328e-24,-7.797559490445122108e-24,-1.931310809755125807e-23,-4.631034556284376345e-23,-1.075068774601101882e-22,-2.416166453145346765e-22,-5.257143457472432827e-22,-1.107401690820966410e-21,-2.258358643866494065e-21,-4.458748929224534721e-21,-8.522470366291732919e-21,-1.577067774270639305e-20,-2.825319656949907194e-20,-4.900238301602655891e-20,-8.228092889867223784e-20,-1.337560845871325710e-19,-2.105039669347462630e-19,-3.207298621783461130e-19,-4.730977544673538290e-19,-6.756079504892196405e-19,-9.340518663317158619e-19,-1.250200330378138661e-18,-1.620020842534787346e-18,-2.032328795738934696e-18,-2.468310070913265102e-18,-2.902270153353996413e-18,-3.303758792593191620e-18,-3.640920567692257145e-18,-3.884601311081076846e-18,-4.012491048064689241e-18,-4.012491048065049005e-18,-3.884601311082321768e-18,-3.640920567694904914e-18,-3.303758792598162445e-18,-2.902270153362658090e-18,-2.468310070927394879e-18,-2.032328795760557882e-18,-1.620020842565839308e-18,-1.250200330419987578e-18,-9.340518663846460020e-19,-6.756079505520470382e-19,-4.730977545373451084e-19,-3.207298622515121916e-19,-2.105039670065342184e-19,-1.337560846532334959e-19,-8.228092895579256351e-20,-4.900238306235004908e-20,-2.825319660475557884e-20,-1.577067776788935347e-20,-8.522470383172718026e-21,-4.458748939844412609e-21,-2.258358650136473727e-21,-1.107401694295059654e-21,-5.257143475537695202e-22,-2.416166461961406754e-22,-1.075068778638785328e-22,-4.631034573639157474e-23,-1.931310816755656048e-23,-7.797559516946490902e-24,-3.047878143775489634e-24,-1.153370600009788531e-24,-4.225445747243403251e-25,-1.498678782888896872e-25,-5.146085101148395165e-26,-1.710715320437929864e-26,-5.505679185304756434e-27,-1.715443561691372406e-27,-5.174570912985028624e-28,-1.511139742544909386e-28,-4.272354567241388594e-29,-1.169397940206670567e-29,-3.098772812040161782e-30,-7.949677765587270559e-31,-1.974429764636529921e-31,-4.747513731497572214e-32,-1.105154879646352134e-32,-2.490648481389337061e-33,-5.434181071941388202e-34,-1.147857957217559947e-34,-2.347332267920372394e-35,-4.647221412279138799e-36,-8.907268339459696742e-37,-1.652829605973464575e-37,-2.969231141406830741e-38,-5.164072205434061109e-39,-8.695067969247233517e-40,-1.417379125247198122e-40,-2.236822173892938871e-41,-3.417505814999296366e-42,-5.054979992758238524e-43,-7.238723628410210053e-44,-1.003545173122562253e-44,-1.346927540391357873e-45,-1.750184830847045182e-46
-3.473569090408031863e-47,-2.673229586305155510e-46,-1.991723064186100068e-45,-1.436660071924148068e-44,-1.003255310296441168e-43,-6.782679381083537330e-43,-4.439391901376174931e-42,-2.813053931261333071e-41,-1.725698840753692161e-40,-1.024906699982631243e-39,-5.892994461662632802e-39,-3.280349440716824251e-38,-1.767813972478447681e-37,-9.223279947042830191e-37,-4.658719848928183982e-36,-2.278138771454635436e-35,-1.078514855713238101e-34,-4.943157675405915197e-34,-2.193386528300439391e-33,-9.422328809549589236e-33,-3.918625096351201364e-32,-1.577762215572881742e-31,-6.150094131461058462e-31,-2.320888895465449140e-30,-8.479286589211885619e-30,-2.999139409039769601e-29,-1.026990364344922692e-28,-3.404618542715311043e-28,-1.092704992374086559e-27,-3.395234461917963842e-27,-1.021336821191126218e-26,-2.974408299581385555e-26,-8.386187246061116445e-26,-2.289079635741025436e-25,-6.049084126571941056e-25,-1.547571499263842639e-24,-3.833047467043605649e-24,-9.191154104298684586e-24,-2.133675026602724396e-23,-4.795334161858022714e-23,-1.043378430430075920e-22,-2.197845745263175102e-22,-4.482135053469685087e-22,-8.849221059097324705e-22,-1.691443618782954391e-21,-3.129985917849535941e-21,-5.607375208568036662e-21,-9.725439279371864523e-21,-1.633018903575839555e-20,-2.654639629409936117e-20,-4.177844877097534228e-20,-6.365483896317133654e-20,-9.389509654611314467e-20,-1.340870319917875159e-19,-1.853800601252813369e-19,-2.481256349546639895e-19,-3.215234314265085179e-19,-4.033536551112948368e-19,-4.898822922443972127e-19,-5.760097858821696154e-19,-6.556927143838570604e-19,-7.226087737513892668e-19,-7.709717742324997848e-19,-7.963538841409299177e-19,-7.963538841409503325e-19,-7.709717742325700813e-19,-7.226087737515392005e-19,-6.556927143841383424e-19,-5.760097858826598609e-19,-4.898822922451969551e-19,-4.033536551125189097e-19,-3.215234314282662661e-19,-2.481256349570327870e-19,-1.853800601282773135e-19,-1.340870319953437696e-19,-9.389509655007537238e-20,-6.365483896731245907e-20,-4.177844877503878965e-20,-2.654639629784090439e-20,-1.633018903899160762e-20,-9.725439281993936892e-21,-5.607375210563677747e-21,-3.129985919274994934e-21,-1.691443619738477073e-21,-8.849221065108588405e-22,-4.482135057018711300e-22,-2.197845747229632800e-22,-1.043378431452632578e-22,-4.795334166848218989e-23,-2.133675028888193981e-23,-9.191154114122055777e-24,-3.833047471006141269e-24,-1.547571500763907878e-24,-6.049084131901371629e-25,-2.289079637517978461e-25,-8.386187251621415946e-26,-2.974408301214242488e-26,-1.021336821641139808e-26,-3.395234463081929251e-27,-1.092704992656630839e-27,-3.404618543358968457e-28,-1.026990364482520112e-28,-2.999139409315842775e-29,-8.479286589731722507e-30,-2.320888895557311261e-30,-6.150094131613405004e-31,-1.577762215596593026e-31,-3.918625096385892806e-32,-9.422328809596790004e-33,-2.193386528306547834e-33,-4.943157675413289462e-34,-1.078514855714073928e-34,-2.278138771455524130e-35,-4.658719848929071340e-36,-9.223279947043785704e-37,-1.767813972478546239e-37,-3.280349440716979814e-38,-5.892994461662679784e-39,-1.024906699982634506e-39,-1.725698840753694201e-40,-2.813053931261334600e-41,-4.439391901376175568e-42,-6.782679381083537330e-43,-1.003255310296470839e-43,-1.436660071924128652e-44,-1.991723064186100068e-45,-2.673229586305155510e-46,-3.473569090408031863e-47
-6.673145861963583264e-48,-5.135596986163544498e-47,-3.826340624878613078e-46,-2.759997559997509133e-45,-1.927374653604848444e-44,-1.303034650149591341e-43,-8.528608162166336353e-43,-5.404216444899211030e-42,-3.315275953476987029e-41,-1.968969588880219463e-40,-1.132115428911700202e-39,-6.301947572185083039e-39,-3.396184209417878196e-38,-1.771903503583651864e-37,-8.949963646259546854e-37,-4.376579800209268682e-36,-2.071957332399974647e-35,-9.496403073644546282e-35,-4.213760502254874042e-34,-1.810143194765654125e-33,-7.528152216264265781e-33,-3.031071824391362408e-32,-1.181507381481919530e-31,-4.458707953044620207e-31,-1.628973391416119830e-30,-5.761709128559288999e-30,-1.972972559846119917e-29,-6.540683529981553218e-29,-2.099218299225315699e-28,-6.522655577086053571e-28,-1.962111420447346895e-27,-5.714197679542854641e-27,-1.611087882870639392e-26,-4.397598522261074500e-26,-1.162102139248388951e-25,-2.973071811043789702e-25,-7.363747251794842994e-25,-1.765731741082619672e-24,-4.099047493791539140e-24,-9.212416245670830730e-24,-2.004456014625733670e-23,-4.222327196754898193e-23,-8.610722921106269914e-23,-1.700042272231836551e-22,-3.249467533723398298e-22,-6.013081079451935720e-22,-1.077244519847363302e-21,-1.868374377873506790e-21,-3.137226597564286589e-21,-5.099883433129086740e-21,-8.026144731226239034e-21,-1.222886357418447155e-20,-1.803838238616277364e-20,-2.575973874104961217e-20,-3.561374911273888648e-20,-4.766793206207041667e-20,-6.176853547761360838e-20,-7.748911003228680536e-20,-9.411230657156371186e-20,-1.106584385992031495e-19,-1.259664918078901017e-19,-1.388218752203123698e-19,-1.481129918825328274e-19,-1.529892018353166351e-19,-1.529892018353177425e-19,-1.481129918825365589e-19,-1.388218752203203384e-19,-1.259664918079050277e-19,-1.106584385992291978e-19,-9.411230657160620269e-20,-7.748911003235181754e-20,-6.176853547770695580e-20,-4.766793206219625212e-20,-3.561374911289804051e-20,-2.575973874123851580e-20,-1.803838238637333495e-20,-1.222886357440438265e-20,-8.026144731442087632e-21,-5.099883433327833682e-21,-3.137226597736032521e-21,-1.868374378012789141e-21,-1.077244519953370134e-21,-6.013081080209160028e-22,-3.249467534230965474e-22,-1.700042272551159121e-22,-8.610722922991487787e-23,-4.222327197799465395e-23,-2.004456015168907863e-23,-9.212416248321585185e-24,-4.099047495005562522e-24,-1.765731741604429329e-24,-7.363747253899709811e-25,-2.973071811840597630e-25,-1.162102139531484266e-25,-4.397598523204978671e-26,-1.611087883165998132e-26,-5.714197680410215791e-27,-1.962111420686390386e-27,-6.522655577704377303e-28,-2.099218299375423239e-28,-6.540683530323526095e-29,-1.972972559919210804e-29,-5.761709128705936985e-30,-1.628973391443732766e-30,-4.458707953093416923e-31,-1.181507381490012248e-31,-3.031071824403955483e-32,-7.528152216282770036e-33,-1.810143194768176872e-33,-4.213760502258117281e-34,-9.496403073648464556e-35,-2.071957332400418326e-35,-4.376579800209741093e-36,-8.949963646260016258e-37,-1.771903503583746455e-37,-3.396184209417966940e-38,-6.301947572185203104e-39,-1.132115428911702812e-39,-1.968969588880221910e-40,-3.315275953476988558e-41,-5.404216444899211667e-42,-8.528608162166336353e-43,-1.303034650149591341e-43,-1.927374653604847448e-44,-2.759997559997429167e-45,-3.826340624878613078e-46,-5.135596986163544498e-47,-6.673145861963583264e-48
-1.240945246135794438e-48,-9.550210347378348058e-48,-7.115503402382084387e-47,-5.132520586650998680e-46,-3.584166243909704709e-45,-2.423136985316173574e-44,-1.585988973404670304e-43,-1.004973792737269371e-42,-6.165122146580815590e-42,-3.661516624466366587e-41,-2.105293797926317412e-40,-1.171916820472276404e-39,-6.315579993089573135e-39,-3.295050452765737462e-38,-1.664344683849888034e-37,-8.138733979067451124e-37,-3.853033719064210914e-36,-1.765961136380875441e-35,-7.835953494487693907e-35,-3.366161386001119819e-34,-1.399943130002389100e-33,-5.636613149150935409e-33,-2.197143594120256995e-32,-8.291460358713762817e-32,-3.029256107950135395e-31,-1.071453509424560210e-30,-3.668960591514749507e-30,-1.216312411103354046e-29,-3.903728500636121044e-29,-1.212959913959428819e-28,-3.648763102079746558e-28,-1.062618230230375559e-27,-2.995996027527281341e-27,-8.177820616389002658e-27,-2.161057400894551476e-26,-5.528755712301348930e-26,-1.369370209326048972e-25,-3.283573378093070792e-25,-7.622631973473279828e-25,-1.713150646181959150e-24,-3.727507556243012659e-24,-7.851884209977517085e-24,-1.601259120626376172e-23,-3.161416548648947331e-23,-6.042744114782637076e-23,-1.118198902665570454e-22,-2.003255276420806489e-22,-3.474448708576278281e-22,-5.834019685510988351e-22,-9.483797047298488219e-22,-1.492550343576980783e-21,-2.274092374411554053e-21,-3.354436623014505461e-21,-4.790308198508251445e-21,-6.622770365388330102e-21,-8.864378946475530905e-21,-1.148654203688573143e-20,-1.440995666975645384e-20,-1.750122383934994358e-20,-2.057816001103921045e-20,-2.342486173910905495e-20,-2.581546240375632308e-20,-2.754324826244615714e-20,-2.845003341074593993e-20,-2.845003341074599410e-20,-2.754324826244634371e-20,-2.581546240375671729e-20,-2.342486173910979824e-20,-2.057816001104051346e-20,-1.750122383935205910e-20,-1.440995666975969482e-20,-1.148654203689038676e-20,-8.864378946481805224e-21,-6.622770365396262526e-21,-4.790308198517668941e-21,-3.354436623025018706e-21,-2.274092374422504770e-21,-1.492550343587740976e-21,-9.483797047397560764e-22,-5.834019685596603836e-22,-3.474448708645710501e-22,-2.003255276473650368e-22,-1.118198902703323571e-22,-6.042744115035656357e-23,-3.161416548808144531e-23,-1.601259120720353713e-23,-7.851884210498231695e-24,-3.727507556513782640e-24,-1.713150646314098674e-24,-7.622631974078467483e-25,-3.283573378353192080e-25,-1.369370209430975848e-25,-5.528755712698527119e-26,-2.161057401035673935e-26,-8.177820616859537607e-27,-2.995996027674516959e-27,-1.062618230273613217e-27,-3.648763102198909392e-28,-1.212959913990257834e-28,-3.903728500710989058e-29,-1.216312411120414154e-29,-3.668960591551184668e-30,-1.071453509431870259e-30,-3.029256107963900525e-31,-8.291460358738087388e-32,-2.197143594124291202e-32,-5.636613149157215251e-33,-1.399943130003325636e-33,-3.366161386002380081e-34,-7.835953494489310395e-35,-1.765961136381070286e-35,-3.853033719064432754e-36,-8.138733979067686661e-37,-1.664344683849911630e-37,-3.295050452765854395e-38,-6.315579993089682760e-39,-1.171916820472294022e-39,-2.105293797926318635e-40,-3.661516624466366587e-41,-6.165122146580816865e-42,-1.004973792737269371e-42,-1.585988973404670304e-43,-2.423136985316173574e-44,-3.584166243909700975e-45,-5.132520586650850883e-46,-7.115503402382084387e-47,-9.550210347378348058e-48,-1.240945246135794438e-48
-2.233810309899311027e-49,-1.719121645544921903e-48,-1.280853036011018635e-47,-9.238987326743710165e-47,-6.451813674269449930e-46,-4.361859152893977346e-45,-2.854919289315923661e-44,-1.809040992248152347e-43,-1.109776072369431804e-42,-6.591051145141163673e-42,-3.789713531535082739e-41,-2.109553087911926067e-40,-1.136859804692279079e-39,-5.931379886378287432e-39,-2.995966442183504454e-38,-1.465043516511407232e-37,-6.935798717015757897e-37,-3.178884971446584079e-36,-1.410540373024863429e-35,-6.059385804691286067e-35,-2.520020449580648762e-34,-1.014639816276757769e-33,-3.955051222572679889e-33,-1.492535604700622866e-32,-5.452926747844599935e-32,-1.928710314482729005e-31,-6.604450938879760578e-31,-2.189469045827573630e-30,-7.027053771246437549e-30,-2.183434256857368673e-29,-6.568093685991797255e-29,-1.912806036823205483e-28,-5.393055685210725210e-28,-1.472079454132340451e-27,-3.890092908961625753e-27,-9.952245314216051173e-27,-2.464986510232196139e-26,-5.910720145095400032e-26,-1.372140627794433704e-25,-3.083821456078320061e-25,-6.709840611655903834e-25,-1.413408041571576530e-24,-2.882406893949406121e-24,-5.690827135402542875e-24,-1.087746953035818178e-23,-2.012856123241984496e-23,-3.606035241090171114e-23,-6.254312485262378450e-23,-1.050174724648890982e-22,-1.707166668893457709e-22,-2.686721558350852822e-22,-4.093565777734633662e-22,-6.038280202713892227e-22,-8.622975006144673883e-22,-1.192156766655706782e-21,-1.595665976653796287e-21,-2.067678336895742219e-21,-2.593918617629495611e-21,-3.150373827526453486e-21,-3.704249332076274772e-21,-4.216680616951416565e-21,-4.647009709082598970e-21,-4.958026321335068212e-21,-5.121255603162215364e-21,-5.121255603162217621e-21,-4.958026321335077239e-21,-4.647009709082617025e-21,-4.216680616951451171e-21,-3.704249332076335709e-21,-3.150373827526552040e-21,-2.593918617629647579e-21,-2.067678336895959262e-21,-1.595665976654089502e-21,-1.192156766656077862e-21,-8.622975006149080577e-22,-6.038280202718841529e-22,-4.093565777739735307e-22,-2.686721558355886289e-22,-1.707166668898092448e-22,-1.050174724652895891e-22,-6.254312485294859710e-23,-3.606035241114892348e-23,-2.012856123259657465e-23,-1.087746953047654819e-23,-5.690827135477048646e-24,-2.882406893993369977e-24,-1.413408041595936079e-24,-6.709840611782576207e-25,-3.083821456140137288e-25,-1.372140627822745210e-25,-5.910720145217175048e-26,-2.464986510281301153e-26,-9.952245314401732502e-27,-3.890092909027643995e-27,-1.472079454154352451e-27,-5.393055685279604523e-28,-1.912806036843433058e-28,-6.568093686047544271e-29,-2.183434256871786633e-29,-7.027053771281433577e-30,-2.189469045835578197e-30,-6.604450938896804747e-31,-1.928710314486149487e-31,-5.452926747851039339e-32,-1.492535604701760326e-32,-3.955051222574566989e-33,-1.014639816277066355e-33,-2.520020449581113182e-34,-6.059385804691790685e-35,-1.410540373024939335e-35,-3.178884971446675621e-36,-6.935798717015860632e-37,-1.465043516511418716e-37,-2.995966442183515417e-38,-5.931379886378468835e-39,-1.136859804692279569e-39,-2.109553087911956654e-40,-3.789713531535083249e-41,-6.591051145141163673e-42,-1.109776072369431804e-42,-1.809040992248152347e-43,-2.854919289315923661e-44,-4.361859152893977346e-45,-6.451813674269537830e-46,-9.238987326743581815e-47,-1.280853036011018635e-47,-1.719121645544921903e-48,-2.233810309899311027e-49
-3.892383920400656336e-50,-2.995545960495406752e-49,-2.231868901164832948e-48,-1.609880908510250285e-47,-1.124219710682571337e-46,-7.600479930877495056e-46,-4.974657824135492930e-45,-3.152229192589704655e-44,-1.933769631285694142e-43,-1.148481649591911901e-42,-6.603524009044917653e-42,-3.675867410151784004e-41,-1.980962664521644546e-40,-1.033534834771522371e-39,-5.220430559361448675e-39,-2.552818294859278665e-38,-1.208553442591324109e-37,-5.539163595417333872e-37,-2.457847312597192057e-36,-1.055839691005268746e-35,-4.391101175224984708e-35,-1.767996005915114928e-34,-6.891622674888976669e-34,-2.600722882608612986e-33,-9.501650296076391045e-33,-3.360751350253129803e-32,-1.150816545328315200e-31,-3.815119874067713891e-31,-1.224454511010978387e-30,-3.804604336805421840e-30,-1.144481343726626735e-29,-3.333038363902777313e-29,-9.397325788099753189e-29,-2.565078319956009664e-28,-6.778433701646526755e-28,-1.734165137535042287e-27,-4.295205288431563769e-27,-1.029934903102624970e-26,-2.390936281602306960e-26,-5.373516719764327567e-26,-1.169180551702180247e-25,-2.462844185828029812e-25,-5.022554599350195529e-25,-9.916188468401867623e-25,-1.895384192067903232e-24,-3.507374271426080532e-24,-6.283467099518567072e-24,-1.089805398556596644e-23,-1.829915097857531652e-23,-2.974714577149756647e-23,-4.681575577825188217e-23,-7.132982393243151938e-23,-1.052162068720005200e-22,-1.502541603966696188e-22,-2.077316864625228210e-22,-2.780426145556491334e-22,-3.602901229091646077e-22,-4.519867722583894707e-22,-5.489483316991164417e-22,-6.454603810105336945e-22,-7.347508317134926763e-22,-8.097350875954320966e-22,-8.639293070035954771e-22,-8.923717861660795976e-22,-8.923717861660795976e-22,-8.639293070035958533e-22,-8.097350875954329429e-22,-7.347508317134941809e-22,-6.454603810105362336e-22,-5.489483316991207675e-22,-4.519867722583962416e-22,-3.602901229091742468e-22,-2.780426145556620168e-22,-2.077316864625391133e-22,-1.502541603966889674e-22,-1.052162068720227721e-22,-7.132982393245354815e-23,-4.681575577827398146e-23,-2.974714577151792015e-23,-1.829915097859289604e-23,-1.089805398558022371e-23,-6.283467099529419089e-24,-3.507374271433857897e-24,-1.895384192073100019e-24,-9.916188468434630854e-25,-5.022554599369497513e-25,-2.462844185838724974e-25,-1.169180551707741116e-25,-5.373516719791468400e-26,-2.390936281614736607e-26,-1.029934903107967213e-26,-4.295205288453114260e-27,-1.734165137543188383e-27,-6.778433701675511436e-28,-2.565078319965673467e-28,-9.397325788129992089e-29,-3.333038363911657062e-29,-1.144481343729073963e-29,-3.804604336811807558e-30,-1.224454511012532427e-30,-3.815119874071267496e-31,-1.150816545329063362e-31,-3.360751350254630725e-32,-9.501650296079216906e-33,-2.600722882609112814e-33,-6.891622674889804585e-34,-1.767996005915243862e-34,-4.391101175225235948e-35,-1.055839691005263400e-35,-2.457847312597224799e-36,-5.539163595417373129e-37,-1.208553442591328703e-37,-2.552818294859283885e-38,-5.220430559361453896e-39,-1.033534834771537216e-39,-1.980962664521672686e-40,-3.675867410151890550e-41,-6.603524009044917653e-42,-1.148481649591911901e-42,-1.933769631285694142e-43,-3.152229192589704655e-44,-4.974657824135492930e-45,-7.600479930877495056e-46,-1.124219710682604203e-46,-1.609880908510227921e-47,-2.231868901164832948e-48,-2.995545960495406752e-49,-3.892383920400656336e-50
-6.565450199242346370e-51,-5.052715309015501978e-50,-3.764588596986892238e-49,-2.715454885150976208e-48,-1.896269400561419418e-47,-1.282005411002229072e-46,-8.390967815752093136e-46,-5.316999608408445152e-45,-3.261771826892813806e-44,-1.937193049128423870e-43,-1.113844597745200751e-42,-6.200242554153114976e-42,-3.341374331629788508e-41,-1.743307347281439252e-40,-8.805523185020883051e-40,-4.305947646831342105e-39,-2.038518708000285706e-38,-9.343143809777450362e-38,-4.145756034912783081e-37,-1.780929900914033298e-36,-7.406657892782235102e-36,-2.982154372917110298e-35,-1.162439430160206836e-34,-4.386750360955984857e-34,-1.602683936251709589e-33,-5.668722837559195338e-33,-1.941131417488603709e-32,-6.435125632404993433e-32,-2.065339719226033888e-31,-6.417388626594232803e-31,-1.930445562375482461e-30,-5.621978159881872114e-30,-1.585087075929396084e-29,-4.326627154778142607e-29,-1.143347362622064672e-28,-2.925090402330255769e-28,-7.244906204888719033e-28,-1.737235188785216253e-27,-4.032894341215400892e-27,-9.063740149963762199e-27,-1.972106771351891795e-26,-4.154184474403824323e-26,-8.471757352140907336e-26,-1.672605860238275361e-25,-3.197025467151786940e-25,-5.916037980853011855e-25,-1.059859231877119567e-24,-1.838221310489921305e-24,-3.086595949812844382e-24,-5.017578125034145352e-24,-7.896613473584759373e-24,-1.203150604683669182e-23,-1.774726698337080216e-23,-2.534401095798802131e-23,-3.503899076157762958e-23,-4.689863529557348520e-23,-6.077167380229898868e-23,-7.623853927732014412e-23,-9.259345962349820257e-23,-1.088725591763426044e-22,-1.239335608490100627e-22,-1.365814755405660303e-22,-1.457226459874546726e-22,-1.505201604234164833e-22,-1.505201604234164833e-22,-1.457226459874546726e-22,-1.365814755405660773e-22,-1.239335608490101332e-22,-1.088725591763427219e-22,-9.259345962349839065e-23,-7.623853927732041449e-23,-6.077167380229938835e-23,-4.689863529557402005e-23,-3.503899076157830549e-23,-2.534401095798881771e-23,-1.774726698337181308e-23,-1.203150604683753818e-23,-7.896613473585668912e-24,-5.017578125034984361e-24,-3.086595949813569516e-24,-1.838221310490508685e-24,-1.059859231877566622e-24,-5.916037980856249056e-25,-3.197025467153927626e-25,-1.672605860239634526e-25,-8.471757352148857994e-26,-4.154184474408229557e-26,-1.972106771354183090e-26,-9.063740149974944605e-27,-4.032894341220521439e-27,-1.737235188787417794e-27,-7.244906204897597661e-28,-2.925090402333596913e-28,-1.143347362623258579e-28,-4.326627154782123977e-29,-1.585087075930642119e-29,-5.621978159885530904e-30,-1.930445562376490345e-30,-6.417388626596937309e-31,-2.065339719226696001e-31,-6.435125632406526103e-32,-1.941131417488912432e-32,-5.668722837559814564e-33,-1.602683936251825566e-33,-4.386750360956190126e-34,-1.162439430160240620e-34,-2.982154372917163218e-35,-7.406657892782418186e-36,-1.780929900913991536e-36,-4.145756034912796444e-37,-9.343143809777467067e-38,-2.038518708000287272e-38,-4.305947646831343410e-39,-8.805523185020886313e-40,-1.743307347281463518e-40,-3.341374331629835918e-41,-6.200242554153292128e-42,-1.113844597745200751e-42,-1.937193049128423870e-43,-3.261771826892813806e-44,-5.316999608408445152e-45,-8.390967815752093136e-46,-1.282005411002229072e-46,-1.896269400561475085e-47,-2.715454885150938530e-48,-3.764588596986892238e-49,-5.052715309015501978e-50,-6.565450199242346370e-51
-1.072003764664413888e-51,-8.250050900800437478e-51,-6.146803381203604471e-50,-4.433782560705658229e-49,-3.096220174595734269e-48,-2.093252686728343706e-47,-1.370073462548247665e-46,-8.681573119830755582e-46,-5.325806413563047070e-45,-3.163040124479237587e-44,-1.818680464854842957e-43,-1.012372824128902366e-42,-5.455781026369645485e-42,-2.846464419863307085e-41,-1.437761877360899944e-40,-7.030732010401496820e-40,-3.328484205953251656e-39,-1.525544331908568530e-38,-6.769171864740647990e-38,-2.907894356739658319e-37,-1.209355779678308441e-36,-4.869248288482120230e-36,-1.898025889328782920e-35,-7.162666319714685214e-35,-2.616855144872251345e-34,-9.255865231303984632e-34,-3.169470674678575064e-33,-1.050724427827143392e-32,-3.372277432820556161e-32,-1.047828337471419901e-31,-3.152022858363943193e-31,-9.179540731189893224e-31,-2.588123070240118451e-30,-7.064497418252743086e-30,-1.866852447058996308e-29,-4.776074493175798822e-29,-1.182945036606541160e-28,-2.836549826697536577e-28,-6.584891797329546083e-28,-1.479923427615410324e-27,-3.220047093576837364e-27,-6.782933782949422064e-27,-1.383264741824769640e-26,-2.731023348836127544e-26,-5.220088847692687980e-26,-9.659680288343157478e-26,-1.730533401529271916e-25,-3.001439513407510074e-25,-5.039780026934167082e-25,-8.192679064346657125e-25,-1.289355507221630779e-24,-1.964498912546745487e-24,-2.897765795386456775e-24,-4.138158745274498572e-24,-5.721150700493765124e-24,-7.657588142284469841e-24,-9.922771649161137913e-24,-1.244819450876852042e-23,-1.511861856954541290e-23,-1.777666264518391652e-23,-2.023581624512737013e-23,-2.230096208479375403e-23,-2.379352829657225791e-23,-2.457686430252906597e-23,-2.457686430252906597e-23,-2.379352829657225791e-23,-2.230096208479375403e-23,-2.023581624512737307e-23,-1.777666264518391946e-23,-1.511861856954542171e-23,-1.244819450876853218e-23,-9.922771649161152606e-24,-7.657588142284490412e-24,-5.721150700493791573e-24,-4.138158745274529429e-24,-2.897765795386511877e-24,-1.964498912546767528e-24,-1.289355507221665676e-24,-8.192679064346981305e-25,-5.039780026934447180e-25,-3.001439513407737367e-25,-1.730533401529444796e-25,-9.659680288344460394e-26,-5.220088847693515648e-26,-2.731023348836667651e-26,-1.383264741825076715e-26,-6.782933782951125325e-27,-3.220047093577723075e-27,-1.479923427615842597e-27,-6.584891797331527182e-28,-2.836549826698387221e-28,-1.182945036606884870e-28,-4.776074493177098106e-29,-1.866852447059458456e-29,-7.064497418254281712e-30,-2.588123070240600147e-30,-9.179540731191308535e-31,-3.152022858364332929e-31,-1.047828337471520400e-31,-3.372277432820848463e-32,-1.050724427827214278e-32,-3.169470674678694119e-33,-9.255865231304224112e-34,-2.616855144872296675e-34,-7.162666319714765397e-35,-1.898025889328796017e-35,-4.869248288482140276e-36,-1.209355779678328654e-36,-2.907894356739664583e-37,-6.769171864740655299e-38,-1.525544331908569313e-38,-3.328484205953252961e-39,-7.030732010401497636e-40,-1.437761877360899944e-40,-2.846464419863389161e-41,-5.455781026369723865e-42,-1.012372824128916544e-42,-1.818680464854842957e-43,-3.163040124479237587e-44,-5.325806413563047070e-45,-8.681573119830755582e-46,-1.370073462548247665e-46,-2.093252686728343706e-47,-3.096220174595731838e-48,-4.433782560705532128e-49,-6.146803381203604471e-50,-8.250050900800437478e-51,-1.072003764664413888e-51
-1.694393669902335452e-52,-1.303991131697596805e-51,-9.715548659949030742e-51,-7.007972688356010554e-50,-4.893840896259558329e-49,-3.308564968527765032e-48,-2.165518330030907127e-47,-1.372196910487567991e-46,-8.417892708699035660e-46,-4.999455544115989347e-45,-2.874580079660218508e-44,-1.600141866406736623e-43,-8.623328704771727691e-43,-4.499080556987076472e-42,-2.272505661013073412e-41,-1.111267348667686651e-40,-5.260954070159071058e-40,-2.411253341027632353e-39,-1.069925529756704156e-38,-4.596175828120170685e-38,-1.911490281368740938e-37,-7.696263529232707770e-37,-2.999992311777186402e-36,-1.132120695074840786e-35,-4.136163452663754102e-35,-1.462968692306795302e-34,-5.009619578899169760e-34,-1.660759857386688796e-33,-5.330173012138984827e-33,-1.656182338792115928e-32,-4.982041812391615286e-32,-1.450904952036978360e-31,-4.090749950412584658e-31,-1.116604260272911648e-30,-2.950720019093095192e-30,-7.548994373869963722e-30,-1.869745842260145583e-29,-4.483409694203307652e-29,-1.040798488415735776e-28,-2.339145598501423460e-28,-5.089559936248913404e-28,-1.072100718675556725e-27,-2.186368275563559506e-27,-4.316616067175855978e-27,-8.250797050724091958e-27,-1.526795117083635564e-26,-2.735256104276527101e-26,-4.744031951888214371e-26,-7.965803532425735772e-26,-1.294923022076881413e-25,-2.037936695468555348e-25,-3.105058612355940170e-25,-4.580166770309207713e-25,-6.540713954711788725e-25,-9.042768179558194010e-25,-1.210347323646550004e-24,-1.568378957651165775e-24,-1.967543647943550801e-24,-2.389627018700341837e-24,-2.809753626883771395e-24,-3.198443893691382160e-24,-3.524857862885909333e-24,-3.760770722943754714e-24,-3.884583680850230934e-24,-3.884583680850230934e-24,-3.760770722943754714e-24,-3.524857862885909333e-24,-3.198443893691382160e-24,-2.809753626883771395e-24,-2.389627018700341837e-24,-1.967543647943551169e-24,-1.568378957651166326e-24,-1.210347323646550738e-24,-9.042768179558203193e-25,-6.540713954711799746e-25,-4.580166770309253631e-25,-3.105058612355931445e-25,-2.037936695468568205e-25,-1.294923022076893122e-25,-7.965803532425839087e-26,-4.744031951888295875e-26,-2.735256104276590238e-26,-1.526795117083691240e-26,-8.250797050724391858e-27,-4.316616067176075522e-27,-2.186368275563670354e-27,-1.072100718675618427e-27,-5.089559936249233572e-28,-2.339145598501579957e-28,-1.040798488415807523e-28,-4.483409694203614817e-29,-1.869745842260269458e-29,-7.548994373870437360e-30,-2.950720019093262297e-30,-1.116604260272967174e-30,-4.090749950412759821e-31,-1.450904952037029595e-31,-4.982041812391756511e-32,-1.656182338792152602e-32,-5.330173012139150410e-33,-1.660759857386732586e-33,-5.009619578899212524e-34,-1.462968692306804283e-34,-4.136163452663770139e-35,-1.132120695074843592e-35,-2.999992311777191079e-36,-7.696263529232712781e-37,-1.911490281368768918e-37,-4.596175828120174340e-38,-1.069925529756704417e-38,-2.411253341027632353e-39,-5.260954070159071058e-40,-1.111267348667686651e-40,-2.272505661013073412e-41,-4.499080556987203919e-42,-8.623328704771851952e-43,-1.600141866406759125e-43,-2.874580079660218508e-44,-4.999455544115989347e-45,-8.417892708699035660e-46,-1.372196910487567991e-46,-2.165518330030907127e-47,-3.308564968527765032e-48,-4.893840896259556809e-49,-7.007972688355810197e-50,-9.715548659949030742e-51,-1.303991131697596805e-51,-1.694393669902335452e-52
-2.592516747841210179e-53,-1.995179106256568643e-52,-1.486533092208488862e-51,-1.072258878541724258e-50,-7.487849317540496065e-50,-5.062288796631001826e-49,-3.313363734819625023e-48,-2.099537749087604981e-47,-1.287984499498920073e-46,-7.649445614935257873e-46,-4.398267729576447459e-45,-2.448306235598996680e-44,-1.319417351845364099e-43,-6.883843997450955755e-43,-3.477060313899742086e-42,-1.700300977231681576e-41,-8.049552933762621823e-41,-3.689351997085014330e-40,-1.637045690212603083e-39,-7.032405173652261796e-39,-2.924686662733977030e-38,-1.177571213216680739e-37,-4.590155434259637057e-37,-1.732207759444931036e-36,-6.328560601538208456e-36,-2.238423634214467769e-35,-7.664997154621161150e-35,-2.541055140193956426e-34,-8.155461772740358826e-34,-2.534051281627447494e-33,-7.622801634885181243e-33,-2.219965439258563456e-32,-6.259075412083439275e-32,-1.708466749427377567e-31,-4.514766080382149972e-31,-1.155038211677531206e-30,-2.860815344373521425e-30,-6.859866704014446091e-30,-1.592479693636471913e-29,-3.579023132271038807e-29,-7.787310356646794638e-29,-1.640373850487310055e-28,-3.345265313505348487e-28,-6.604663158827228751e-28,-1.262417932561935899e-27,-2.336081621332848028e-27,-4.185094282358028138e-27,-7.258633283417013875e-27,-1.218812335920556065e-26,-1.981304393147915130e-26,-3.118156723488591445e-26,-4.750912729758647510e-26,-7.007910422975670490e-26,-1.000765688141803370e-25,-1.383593929131108882e-25,-1.851898860929630311e-25,-2.399707214974907081e-25,-3.010451437590847100e-25,-3.656262518633979281e-25,-4.299079643884488745e-25,-4.893797414802326374e-25,-5.393228979554881792e-25,-5.754188803470151440e-25,-5.943629529479713265e-25,-5.943629529479713265e-25,-5.754188803470151440e-25,-5.393228979554881792e-25,-4.893797414802326374e-25,-4.299079643884488745e-25,-3.656262518633979281e-25,-3.010451437590847100e-25,-2.399707214974907540e-25,-1.851898860929630540e-25,-1.383593929131109112e-25,-1.000765688141803714e-25,-7.007910422975724444e-26,-4.750912729758617664e-26,-3.118156723488596037e-26,-1.981304393147919148e-26,-1.218812335920559509e-26,-7.258633283417041139e-27,-4.185094282358048945e-27,-2.336081621332880314e-27,-1.262417932561945764e-27,-6.604663158827341752e-28,-3.345265313505386154e-28,-1.640373850487330907e-28,-7.787310356646903379e-29,-3.579023132271091495e-29,-1.592479693636496576e-29,-6.859866704014552589e-30,-2.860815344373563464e-30,-1.155038211677547321e-30,-4.514766080382206899e-31,-1.708466749427396835e-31,-6.259075412083498392e-32,-2.219965439258580425e-32,-7.622801634885229139e-33,-2.534051281627496074e-33,-8.155461772740505935e-34,-2.541055140193999618e-34,-7.664997154621176118e-35,-2.238423634214470709e-35,-6.328560601538213801e-36,-1.732207759444932039e-36,-4.590155434259639562e-37,-1.177571213216680948e-37,-2.924686662734018792e-38,-7.032405173652062121e-39,-1.637045690212603083e-39,-3.689351997085014330e-40,-8.049552933762621823e-41,-1.700300977231681576e-41,-3.477060313899742086e-42,-6.883843997451052933e-43,-1.319417351845382420e-43,-2.448306235599065880e-44,-4.398267729576447459e-45,-7.649445614935257873e-46,-1.287984499498920073e-46,-2.099537749087604981e-47,-3.313363734819625023e-48,-5.062288796631001826e-49,-7.487849317540709715e-50,-1.072258878541708591e-50,-1.486533092208488862e-51,-1.995179106256568643e-52,-2.592516747841210179e-53
-3.839908577862041778e-54,-2.955161377786732997e-53,-2.201779863833219664e-52,-1.588177229261736110e-51,-1.109063493923599389e-50,-7.498013731245879306e-50,-4.907591759052343284e-49,-3.109732278096100832e-48,-1.907699432182096726e-47,-1.132998344451897477e-46,-6.514498313886534500e-46,-3.626311044331016351e-45,-1.954256230494889597e-44,-1.019601190097873821e-43,-5.150051098495384559e-43,-2.518402364364994038e-42,-1.192260276970152991e-41,-5.464487121310085051e-41,-2.424711737516798742e-40,-1.041605342445498268e-39,-4.331902354398510038e-39,-1.744160691127398316e-38,-6.798712965079449296e-38,-2.565661124338155776e-37,-9.373553385759808893e-37,-3.315443235252618689e-36,-1.135301762190207516e-35,-3.763686170118752521e-35,-1.207946974446691944e-34,-3.753312398527859449e-34,-1.129051968883528461e-33,-3.288103862728970612e-33,-9.270635333159411107e-33,-2.530497105401953048e-32,-6.687049953885905949e-32,-1.710785915065818314e-31,-4.237299292159450341e-31,-1.016049791063810570e-30,-2.358702770486501142e-30,-5.301073421191179504e-30,-1.153418193416162154e-29,-2.429641245184584510e-29,-4.954842811815970453e-29,-9.782502943746949696e-29,-1.869831487926926636e-28,-3.460089453158368240e-28,-6.198756265458865877e-28,-1.075113139838234032e-27,-1.805245018147915938e-27,-2.934610833638618374e-27,-4.618460713749388576e-27,-7.036818781928826068e-27,-1.037977300184488356e-26,-1.482285024205006392e-26,-2.049311427273280733e-26,-2.742941709957328129e-26,-3.554328560003540767e-26,-4.458932929967772667e-26,-5.415476609710956135e-26,-6.367585789063968356e-26,-7.248452565279005710e-26,-7.988186089139677134e-26,-8.522822066041261685e-26,-8.803412372509393095e-26,-8.803412372509393095e-26,-8.522822066041261685e-26,-7.988186089139677134e-26,-7.248452565279005710e-26,-6.367585789063968356e-26,-5.415476609710956135e-26,-4.458932929967772667e-26,-3.554328560003540767e-26,-2.742941709957328129e-26,-2.049311427273280733e-26,-1.482285024205006679e-26,-1.037977300184495961e-26,-7.036818781928777280e-27,-4.618460713749389294e-27,-2.934610833638619451e-27,-1.805245018147917015e-27,-1.075113139838234929e-27,-6.198756265458872155e-28,-3.460089453158398732e-28,-1.869831487926929774e-28,-9.782502943746970996e-29,-4.954842811815983906e-29,-2.429641245184591236e-29,-1.153418193416165377e-29,-5.301073421191197721e-30,-2.358702770486508850e-30,-1.016049791063828436e-30,-4.237299292159525661e-31,-1.710785915065799703e-31,-6.687049953885924560e-32,-2.530497105401959070e-32,-9.270635333159430265e-33,-3.288103862728976086e-33,-1.129051968883529830e-33,-3.753312398527862870e-34,-1.207946974446693014e-34,-3.763686170118807580e-35,-1.135301762190207917e-35,-3.315443235252620025e-36,-9.373553385759810564e-37,-2.565661124338156193e-37,-6.798712965079449296e-38,-1.744160691127422851e-38,-4.331902354398571376e-39,-1.041605342445483749e-39,-2.424711737516798742e-40,-5.464487121310085051e-41,-1.192260276970152991e-41,-2.518402364364994038e-42,-5.150051098495384559e-43,-1.019601190097903094e-43,-1.954256230494888601e-44,-3.626311044331067380e-45,-6.514498313886534500e-46,-1.132998344451897477e-46,-1.907699432182096726e-47,-3.109732278096100832e-48,-4.907591759052343284e-49,-7.498013731245879306e-50,-1.109063493923614819e-50,-1.588177229261713855e-51,-2.201779863833219664e-52,-2.955161377786732997e-53,-3.839908577862041778e-54
-5.505729792712394244e-55,-4.237163388148304467e-54,-3.156951460560613726e-53,-2.277156997347637948e-52,-1.590195130089434362e-51,-1.075078657452615500e-50,-7.036593088194998255e-50,-4.458789917442789244e-49,-2.735293662942733588e-48,-1.624513348079701791e-47,-9.340604528483362072e-47,-5.199469817984974148e-46,-2.802047635420579980e-45,-1.461922474240908006e-44,-7.384235637913136854e-44,-3.610930480861006412e-43,-1.709484169864535317e-42,-7.835079647245572867e-42,-3.476595179622347465e-41,-1.493472422550133568e-40,-6.211159294061124230e-40,-2.500808882737704053e-39,-9.748116593124469682e-39,-3.678690938558089182e-38,-1.343996897142087018e-37,-4.753741977508335369e-37,-1.627816029747719778e-36,-5.396440737341667609e-36,-1.731976038067772296e-35,-5.381566637567507105e-35,-1.618854964006376858e-34,-4.714542294816588322e-34,-1.329240322163277364e-33,-3.628272137494769814e-33,-9.588012164853274670e-33,-2.452955530200392007e-32,-6.075515726593411757e-32,-1.456830414606889095e-31,-3.381950338737350620e-31,-7.600774152977015032e-31,-1.653791693781340802e-30,-3.483663196133575912e-30,-7.104342495156706981e-30,-1.402632818270709736e-29,-2.680997925258651057e-29,-4.961138319160404978e-29,-8.887887916201888035e-29,-1.541516503457922280e-28,-2.588392686446862965e-28,-4.207697649347866346e-28,-6.622031809496770552e-28,-1.008951698406188071e-27,-1.488270470482611953e-27,-2.125326854422362267e-27,-2.938339481500519186e-27,-3.932879021977650568e-27,-5.096260040856435890e-27,-6.393298011771604661e-27,-7.764807496647168385e-27,-9.129958715324752020e-27,-1.039296129855758797e-26,-1.145360449315558681e-26,-1.222017514623136067e-26,-1.262249056039885714e-26,-1.262249056039885714e-26,-1.222017514623136067e-26,-1.145360449315558681e-26,-1.039296129855758797e-26,-9.129958715324752020e-27,-7.764807496647168385e-27,-6.393298011771604661e-27,-5.096260040856435890e-27,-3.932879021977650568e-27,-2.938339481500519186e-27,-2.125326854422362267e-27,-1.488270470482622535e-27,-1.008951698406180896e-27,-6.622031809496770552e-28,-4.207697649347867243e-28,-2.588392686446863413e-28,-1.541516503457922504e-28,-8.887887916201889156e-29,-4.961138319160407220e-29,-2.680997925258690293e-29,-1.402632818270710297e-29,-7.104342495156711185e-30,-3.483663196133578014e-30,-1.653791693781341503e-30,-7.600774152977019411e-31,-3.381950338737353247e-31,-1.456830414606889971e-31,-6.075515726593412852e-32,-2.452955530200394197e-32,-9.588012164853281512e-33,-3.628272137494771866e-33,-1.329240322163277706e-33,-4.714542294816590032e-34,-1.618854964006377499e-34,-5.381566637567587288e-35,-1.731976038067797687e-35,-5.396440737341745119e-36,-1.627816029747720112e-36,-4.753741977508335369e-37,-1.343996897142087018e-37,-3.678690938558089182e-38,-9.748116593124469682e-39,-2.500808882737703401e-39,-6.211159294061210690e-40,-1.493472422550090745e-40,-3.476595179622347465e-41,-7.835079647245572867e-42,-1.709484169864535317e-42,-3.610930480861006412e-43,-7.384235637913136854e-44,-1.461922474240928168e-44,-2.802047635420620430e-45,-5.199469817985121945e-46,-9.340604528483362072e-47,-1.624513348079701791e-47,-2.735293662942733588e-48,-4.458789917442789244e-49,-7.036593088194998255e-50,-1.075078657452615500e-50,-1.590195130089480356e-51,-2.277156997347605307e-52,-3.156951460560613726e-53,-4.237163388148304467e-54,-5.505729792712394244e-55
-7.641982708605212258e-56,-5.881205682963924702e-55,-4.381865689348482420e-54,-3.160706219463219566e-53,-2.207199434948091321e-52,-1.492214986924703216e-51,-9.766829236453609890e-51,-6.188824503429633878e-50,-3.796602387359005122e-49,-2.254833306995122723e-48,-1.296480956785615564e-47,-7.216892208467930616e-47,-3.889257261937419592e-46,-2.029156295366672364e-45,-1.024935897433467055e-44,-5.011991023104751302e-44,-2.372773266866593444e-43,-1.087513289592382006e-42,-4.825532898955699219e-42,-2.072947794135032569e-41,-8.621122669048341894e-41,-3.471136245135720297e-40,-1.353043851602184209e-39,-5.106042904607197316e-39,-1.865474957011798690e-38,-6.598219556901367296e-38,-2.259417447000036402e-37,-7.490288909085956914e-37,-2.403992101492488828e-36,-7.469643578210719179e-36,-2.246979439320021969e-35,-6.543810185466237303e-35,-1.844992751187683250e-34,-5.036061336237372690e-34,-1.330821270427948284e-33,-3.404715533185289682e-33,-8.432848664302499011e-33,-2.022088489074060352e-32,-4.694165348288901429e-32,-1.054991560354932927e-31,-2.295471809067026149e-31,-4.835343344073152712e-31,-9.860865779475563774e-31,-1.946861932442591809e-30,-3.721239610006284829e-30,-6.886086800010712494e-30,-1.233643646325290171e-29,-2.139633238094577051e-29,-3.592703038040354800e-29,-5.840307078258102876e-29,-9.191415941078516241e-29,-1.400430410377871365e-28,-2.065727456550807195e-28,-2.949965160500259002e-28,-4.078431080900628031e-28,-5.458857338180880998e-28,-7.073636480004911125e-28,-8.873932193619095321e-28,-1.077759477109977241e-27,-1.267243204073369971e-27,-1.442548645229682441e-27,-1.589766493876129220e-27,-1.696166914824561307e-27,-1.752008511746787043e-27,-1.752008511746787043e-27,-1.696166914824561307e-27,-1.589766493876128682e-27,-1.442548645229682441e-27,-1.267243204073369971e-27,-1.077759477109977241e-27,-8.873932193619095321e-28,-7.073636480004911125e-28,-5.458857338180880998e-28,-4.078431080900628031e-28,-2.949965160500259002e-28,-2.065727456550821993e-28,-1.400430410377861500e-28,-9.191415941078516241e-29,-5.840307078258102876e-29,-3.592703038040354800e-29,-2.139633238094577051e-29,-1.233643646325290171e-29,-6.886086800010712494e-30,-3.721239610006284829e-30,-1.946861932442591809e-30,-9.860865779475565526e-31,-4.835343344073153588e-31,-2.295471809067026587e-31,-1.054991560354933146e-31,-4.694165348288901977e-32,-2.022088489074089089e-32,-8.432848664302499011e-33,-3.404715533185242470e-33,-1.330821270427948455e-33,-5.036061336237373546e-34,-1.844992751187683678e-34,-6.543810185466238372e-35,-2.246979439320021969e-35,-7.469643578210719179e-36,-2.403992101492488828e-36,-7.490288909086061319e-37,-2.259417447000036402e-37,-6.598219556901367296e-38,-1.865474957011798690e-38,-5.106042904607197316e-39,-1.353043851602184209e-39,-3.471136245135769644e-40,-8.621122669048462204e-41,-2.072947794135003256e-41,-4.825532898955699219e-42,-1.087513289592382006e-42,-2.372773266866593444e-43,-5.011991023104751302e-44,-1.024935897433467055e-44,-2.029156295366700990e-45,-3.889257261937530051e-46,-7.216892208468134809e-47,-1.296480956785615564e-47,-2.254833306995122723e-48,-3.796602387359005122e-49,-6.188824503429633878e-50,-9.766829236453609890e-51,-1.492214986924703216e-51,-2.207199434948122108e-52,-3.160706219463128690e-53,-4.381865689348482420e-54,-5.881205682963924702e-55,-7.641982708605212258e-56
-1.816493966669046100e-56,-1.397958494176354346e-55,-1.041566422087371263e-54,-7.512976667171855045e-54,-5.246497682209810051e-53,-3.546984629616601421e-52,-2.321568506236825168e-51,-1.471079273523370643e-50,-9.024497428806215864e-50,-5.359723064263020037e-49,-3.081726203398043779e-48,-1.715450250891148528e-47,-9.244737420274195499e-47,-4.823290379617673795e-46,-2.436265488816048548e-45,-1.191346774995631612e-44,-5.640065527344497094e-44,-2.585011514083223358e-43,-1.147025808766287454e-42,-4.927382467152164451e-42,-2.049234853228036697e-41,-8.250866675836800624e-41,-3.216175810377570381e-40,-1.213702841715140967e-39,-4.434220978501213426e-39,-1.568392192561819707e-38,-5.370619533122923140e-38,-1.780436456188451569e-37,-5.714272479789600958e-37,-1.775529075420299940e-36,-5.341054475506806174e-36,-1.555459122871558099e-35,-4.385534917929938152e-35,-1.197068271660607874e-34,-3.163352889721970970e-34,-8.092985106196560908e-34,-2.004482253445740391e-33,-4.806490253292265966e-33,-1.115799833479303574e-32,-2.507707590222013443e-32,-5.456320500612733302e-32,-1.149357744737056417e-31,-2.343920927010263024e-31,-4.627677252183959403e-31,-8.845360631992216779e-31,-1.636818035729581081e-30,-2.932362354138926729e-30,-5.085893302934029456e-30,-8.539830095774810026e-30,-1.388236924326473548e-29,-2.184793166741130506e-29,-3.328813330507413101e-29,-4.910219775009076863e-29,-7.012046637973235265e-29,-9.694402270223791910e-29,-1.297566586816091658e-28,-1.681398464022966730e-28,-2.109327501119287127e-28,-2.561826769754557304e-28,-3.012228268862089349e-28,-3.428928081367700554e-28,-3.778863882126760730e-28,-4.031776941569083070e-28,-4.164512028478093979e-28,-4.164512028478093979e-28,-4.031776941569083070e-28,-3.778863882126752658e-28,-3.428928081367700554e-28,-3.012228268862089349e-28,-2.561826769754557304e-28,-2.109327501119287127e-28,-1.681398464022966730e-28,-1.297566586816091658e-28,-9.694402270223791910e-29,-7.012046637973235265e-29,-4.910219775009076863e-29,-3.328813330507413101e-29,-2.184793166741130506e-29,-1.388236924326473548e-29,-8.539830095774810026e-30,-5.085893302934029456e-30,-2.932362354138926729e-30,-1.636818035729581081e-30,-8.845360631992216779e-31,-4.627677252183959403e-31,-2.343920927010263024e-31,-1.149357744737056417e-31,-5.456320500612733302e-32,-2.507707590222013443e-32,-1.115799833479303574e-32,-4.806490253292333705e-33,-2.004482253445773577e-33,-8.092985106196444590e-34,-3.163352889721970970e-34,-1.197068271660607874e-34,-4.385534917929938152e-35,-1.555459122871558099e-35,-5.341054475506806174e-36,-1.775529075420299940e-36,-5.714272479789600958e-37,-1.780436456188477253e-37,-5.370619533122923140e-38,-1.568392192561819707e-38,-4.434220978501213426e-39,-1.213702841715140967e-39,-3.216175810377570381e-40,-8.250866675836918895e-41,-2.049234853228066265e-41,-4.927382467152094355e-42,-1.147025808766287454e-42,-2.585011514083223358e-43,-5.640065527344497094e-44,-1.191346774995631612e-44,-2.436265488816048548e-45,-4.823290379617821591e-46,-9.244737420274154660e-47,-1.715450250891169191e-47,-3.081726203398043779e-48,-5.359723064263020037e-49,-9.024497428806215864e-50,-1.471079273523370643e-50,-2.321568506236825168e-51,-3.546984629616601421e-52,-5.246497682209885162e-53,-7.512976667171765792e-54,-1.041566422087371263e-54,-1.397958494176354346e-55,-1.816493966669046100e-56
