4.528951321212781058e-276,5.760388334931899770e-272,6.436286613753192421e-268,6.317547154195085038e-264,5.447423156325405793e-260,4.126323152657615441e-256,2.745774481207880436e-252,1.605077459292960283e-248,8.242455874646583736e-245,3.718320059525224150e-241,1.473555208571713441e-237,5.129978652204165796e-234,1.568896186885983569e-230,4.215046409461348726e-227,9.948097147191918646e-224,2.062562788714848690e-220,3.756676883672057520e-217,6.010768618529449414e-214,8.448618150089727202e-211,1.043207875519482373e-207,1.131580711031448890e-204,1.078275452321094703e-201,9.026167830299523740e-199,6.637531485277324697e-196,4.287847071330645003e-193,2.433332656686765970e-190,1.213090454333865153e-187,5.312688953736016402e-185,2.043925667994771073e-182,6.907888344712386004e-180,2.050949771640645741e-177,5.349266603687385903e-175,1.225640111996865534e-172,2.466954797608316602e-170,4.362032746399482132e-168,6.775574966138224684e-166,9.245552976750556086e-164,1.108279069856806836e-161,1.167064543495383824e-159,1.079618012144221379e-157,8.773540218912746528e-156,6.263385227327535000e-154,3.928012655571037019e-152,2.164044239686153681e-150,1.047342898355686325e-148,4.452881619440775466e-147,1.663117390766924984e-145,5.456751243040464479e-144,1.572805066995485214e-142,3.982402306386974204e-141,8.858186968095789662e-140,1.730908159755823945e-138,2.971205324021026829e-137,4.480440769970884788e-136,5.935239166911203785e-135,6.906930309475336793e-134,7.060919033812773769e-133,6.341129351086798689e-132,5.002661248138659673e-131,3.467085167625123674e-130,2.110846285399119340e-129,1.128956060755362201e-128,5.304266052044032673e-128,2.189276769981669442e-127,7.937835952562807169e-127,2.528297527215741608e-126,7.074190451832881935e-126,1.738780719532130451e-125,3.754292314042301162e-125,7.120662525075349960e-125,1.186350387641857203e-124,1.736173878774777248e-124,2.231737517196387699e-124,2.519630590384331496e-124,2.498259412189350410e-124,2.175164372844066395e-124,1.662740112651922957e-124,1.115641898922640293e-124,6.568031289754580719e-125,3.390988086789151401e-125,1.534135106074265439e-125,6.075128545980131075e-126,2.102178110311230273e-126,6.340087512274962030e-127,1.659983678582501737e-127,3.748833442396574111e-128,7.222115280735144308e-129,1.162379330391936007e-129,1.492772809407222801e-130,1.333775812136348539e-131,2.592046961529097816e-133,-1.920223024021828920e-133,-4.886577602619353398e-134,-7.810139038741489062e-135,-9.712633333043633495e-136,-9.991004758046067434e-137,-8.724460146551557688e-138,-6.553563628163680262e-139,-4.266748246443743897e-140,-2.418726627318450170e-141,-1.197324466218149836e-142,-5.185620769803853920e-144,-1.967465800793242337e-145,-6.544951271880692352e-147,-1.910095943900259746e-148,-4.892494438959501229e-150,-1.100156017569497925e-151,-2.172260793443298716e-153,-3.766712900438457761e-155,-5.736502009422160803e-157,-7.673519547592917459e-159,-9.016229413658258379e-161,-9.305768034008789618e-163,-8.436964295799973214e-165,-6.719450677013010521e-167,-4.701102174393255494e-169,-2.889264626345862291e-171,-1.559908065023030065e-173,-7.398375630298638221e-176,-3.082482279077166620e-178,-1.128216476695180703e-180,-3.627542308038804490e-183,-1.024615981981712243e-185,-2.542369269609893500e-188,-5.541727827095051219e-191,-1.061160181865400642e-193,-1.785031908821949141e-196,-2.637790944985304101e-199
2.277012399442226607e-272,2.896139687527025691e-268,3.235959803153102476e-264,3.176261386777508681e-260,2.738790769038355260e-256,2.074583786913377968e-252,1.380487909087995980e-248,8.069817972555660280e-245,4.144044150026237773e-241,1.869452833590670080e-237,7.408566008349702183e-234,2.579189788424200626e-230,7.887910064841600041e-227,2.119191013074974450e-223,5.001586227900630465e-220,1.036990842125811496e-216,1.888737422447467984e-213,3.022022915208080817e-210,4.247695972308688407e-207,5.244916757276413640e-204,5.689227212306248880e-201,5.421225358386248424e-198,4.538069546636138686e-195,3.337139311440039997e-192,2.155792865901982993e-189,1.223402116347636554e-186,6.099032226730982464e-184,2.671050705538266410e-181,1.027620691720394685e-178,3.473066124770357414e-176,1.031152187174367808e-173,2.689440782191874803e-171,6.162127905800059100e-169,1.240306257225472692e-166,2.193091058887120633e-164,3.406543173769006974e-162,4.648369405530933456e-160,5.572073983374711523e-158,5.867628610205230615e-156,5.427975316002101991e-154,4.411056427955870166e-152,3.149030489595647637e-150,1.974879582887791032e-148,1.088012477270364331e-146,5.265706303407705301e-145,2.238766958688060904e-143,8.361624151782588833e-142,2.743480586618849241e-140,7.907562474052870552e-139,2.002224901413671662e-137,4.453613898511011128e-136,8.702454010905813841e-135,1.493827199660113505e-133,2.252622509575361981e-132,2.984048487752469821e-131,3.472583413661393987e-130,3.550003556365141086e-129,3.188115809373530540e-128,2.515176450483964655e-127,1.743137751937908043e-126,1.061264344523061458e-125,5.676016771070511361e-125,2.666806175127569097e-124,1.100692832482244384e-123,3.990861095476853964e-123,1.271133827312788597e-122,3.556623121717047415e-122,8.741844175628666311e-122,1.887479516687282575e-121,3.579882142150848527e-121,5.964210367670494835e-121,8.728130929921505676e-121,1.121899777990254782e-120,1.266552988609124325e-120,1.255708987463959090e-120,1.093184247792017344e-120,8.355138726114855668e-121,5.604678193915236940e-121,3.298467280603148242e-121,1.702112316084764367e-121,7.695089762130148892e-122,3.044039662659995539e-122,1.051704076058988977e-122,3.164587995802024771e-123,8.256524856835452393e-124,1.854313587009697491e-124,3.539700142839667439e-125,5.603570697642044116e-126,6.948945785592824917e-127,5.575651894596329521e-128,-7.139489178631859021e-130,-1.281705367424425026e-129,-2.892458728359165254e-130,-4.453824054592562980e-131,-5.443530484573278531e-132,-5.546388292971576069e-133,-4.815592315229161558e-134,-3.604223400518632484e-135,-2.340987887054600596e-136,-1.324948398369542208e-137,-6.551732441778875366e-139,-2.835467697892498753e-140,-1.075252263497554072e-141,-3.575664348044047412e-143,-1.043276344079991763e-144,-2.671779661067480981e-146,-6.007213682001493138e-148,-1.186027700069487495e-149,-2.056460138877082110e-151,-3.131752233657771054e-153,-4.189118034716869058e-155,-4.922031423999995765e-157,-5.080022809970591425e-159,-4.605698059666430737e-161,-3.668090933966328041e-163,-2.566279561214245763e-165,-1.577212326676969408e-167,-8.515317460449939770e-170,-4.038662080574893917e-172,-1.682678856018139205e-174,-6.158752393520458111e-177,-1.980215942175837855e-179,-5.593208696252067302e-182,-1.387836839902454478e-184,-3.025135912959495924e-187,-5.792693996021666546e-190,-9.744186449350827307e-193,-1.439925246865208919e-195
1.005686550210881260e-268,1.279136087265783938e-264,1.429224211449913814e-260,1.402857251642167578e-256,1.209639895214711768e-252,9.162800397114253289e-249,6.097191755471401291e-245,3.564191130288616594e-241,1.830297220244725562e-237,8.256799881531040527e-234,3.272136415581960335e-230,1.139149036384266722e-226,3.483847985820278060e-223,9.359816835864628235e-220,2.209047258746315950e-216,4.580070547148089484e-213,8.341973996717112154e-210,1.334734848609993216e-206,1.876077051569935550e-203,2.316518891621679250e-200,2.512757194429767647e-197,2.394388994068716954e-194,2.004326154780959906e-191,1.473912097494841323e-188,9.521475995468948160e-186,5.403391980663082644e-183,2.693755502238798458e-180,1.179721186459008135e-177,4.538685466153793134e-175,1.533946802584744243e-172,4.554282998508995382e-170,1.187843519313317536e-167,2.721622928587298498e-165,5.478052386466608890e-163,9.686210674373173042e-161,1.504565654773928567e-158,2.053042219264298470e-156,2.461014204534236458e-154,2.591551619106898977e-152,2.397370240794008192e-150,1.948228352256731354e-148,1.390830196376189125e-146,8.722437475860254351e-145,4.805417441871058483e-143,2.325700981763969553e-141,9.887947028309110171e-140,3.693072922942186053e-138,1.211711221207044667e-136,3.492527759120382190e-135,8.843213052027888378e-134,1.967024577645727762e-132,3.843606768413399518e-131,6.597775910033508806e-130,9.949141252587382368e-129,1.317962408283912001e-127,1.533733104434498902e-126,1.567926976787769414e-125,1.408092049304776920e-124,1.110875250923700710e-123,7.698894427546403710e-123,4.687270047037174179e-122,2.506915576961423331e-121,1.177841825335453770e-120,4.861395075243642520e-120,1.762626640897527385e-119,5.614143094130631126e-119,1.570825277151291604e-118,3.860912815621326703e-118,8.336135184824561822e-118,1.581047405945329248e-117,2.634025959160330440e-117,3.854565068959886146e-117,4.954383659776283163e-117,5.592839732117177342e-117,5.544469138282337943e-117,4.826249900043560643e-117,3.688008074980334164e-117,2.473297895595481195e-117,1.455043363089435378e-117,7.504432262174086852e-118,3.390028112603146789e-118,1.339499821092090827e-118,4.620098469293816901e-119,1.386669086502303726e-119,3.603809359334967300e-120,8.043767342510956320e-121,1.519570954269525622e-121,2.359593825611771866e-122,2.802394271587874977e-123,1.920638151345776188e-124,-1.282641563047648723e-125,-7.177595683594736358e-126,-1.486420682754624250e-126,-2.219902266856657103e-127,-2.672942735374119629e-128,-2.700581502357411594e-129,-2.332725644493285043e-130,-1.740198313017105002e-131,-1.127838756278120563e-132,-6.374065587611040928e-134,-3.148801009124990006e-135,-1.361820519027340712e-136,-5.161818692240742396e-138,-1.715965752639985529e-139,-5.005570644389580427e-141,-1.281701501613614906e-142,-2.881455619935065573e-144,-5.688537248824535077e-146,-9.862862232588432469e-148,-1.501944636599581507e-149,-2.008990315671972981e-151,-2.360433338968358632e-153,-2.436169518286843491e-155,-2.208683306866913110e-157,-1.759038649751077413e-159,-1.230657965338278482e-161,-7.563490139988010679e-164,-4.083494764747230336e-166,-1.936725321946142864e-168,-8.069215240258033773e-171,-2.953401497741508145e-173,-9.496030008980193929e-176,-2.682195289796670665e-178,-6.655300581018598155e-181,-1.450688201636038677e-183,-2.777855955654995872e-186,-4.672772992064596251e-189,-6.905084830079056733e-192
3.902019111159920474e-265,4.962991159857586281e-261,5.545326410141760141e-257,5.443023778123069985e-253,4.693349023867325711e-249,3.555125824619820444e-245,2.365683298565258521e-241,1.382890315406412202e-237,7.101471856214529738e-234,3.203601651825761701e-230,1.269574384309154574e-226,4.419847624985903728e-223,1.351717532484859214e-219,3.631567327099260790e-216,8.571005169824848734e-213,1.777047013473345553e-209,3.236648829911079526e-206,5.178711882456849540e-203,7.279095566798128569e-200,8.987990328164979567e-197,9.749386220089265425e-194,9.290122864254721714e-191,7.776696386454440001e-188,5.718713421558106511e-185,3.694290362416471366e-182,2.096492069924427407e-179,1.045165160874926700e-176,4.577265763735154920e-174,1.760989785968090574e-171,5.951645408539382873e-169,1.767041559147443312e-166,4.608780053930907538e-164,1.055977598336136833e-161,2.125459975231295712e-159,3.758206684860348314e-157,5.837647859622345569e-155,7.965712548032243403e-153,9.548625713902893697e-151,1.005510507719908887e-148,9.301689958245261425e-147,7.559039393727717634e-145,5.396359325495384746e-143,3.384266957141807710e-141,1.864480597894265673e-139,9.023616367190979424e-138,3.836479456143852473e-136,1.432895857753912968e-134,4.701385581373367512e-133,1.355085206685212926e-131,3.431127213211998354e-130,7.631967473378924631e-129,1.491302214732388925e-127,2.559907415598367111e-126,3.860221913328108514e-125,5.113634294731336615e-124,5.950814165166208340e-123,6.083483898837193581e-122,5.463330611936341948e-121,4.310142140890963707e-120,2.987132403268612692e-119,1.818636102423279799e-118,9.726691638712103690e-118,4.569954201487810350e-117,1.886188040847816315e-116,6.838852683838515304e-116,2.178235091511344601e-115,6.094622347496071437e-115,1.497978388389078505e-114,3.234264166242134368e-114,6.134070307805223610e-114,1.021913329593072143e-113,1.495392890710671402e-113,1.921982425118963472e-113,2.169518218484529936e-113,2.150550133744301094e-113,1.871716890893971154e-113,1.430003746596217205e-113,9.587369376572641009e-114,5.637969257997815998e-114,2.906093660081457471e-114,1.311668896614265409e-114,5.176308450967469449e-115,1.782064537675205182e-115,5.333738498998722874e-116,1.380213003521020835e-116,3.059370433045350615e-117,5.711326863538436052e-118,8.669264349344110238e-119,9.749466459212355526e-120,5.168901919461630082e-121,-9.051569509408733612e-122,-3.423810827498316432e-122,-6.647318771322126740e-123,-9.678023540741383750e-124,-1.150285571339144806e-124,-1.153514774553533473e-125,-9.917951785598666582e-127,-7.376731033029284277e-128,-4.771518904363585944e-129,-2.693084678979154940e-130,-1.329186990611199457e-131,-5.745013184773391079e-133,-2.176644959913773137e-134,-7.233763051943961618e-136,-2.109693874257076723e-137,-5.401199028172879300e-139,-1.214147899883591746e-140,-2.396789034064733245e-142,-4.155381457099388800e-144,-6.327716168543216026e-146,-8.463705029685853277e-148,-9.944138213252824492e-150,-1.026308291216570952e-151,-9.304654021485195623e-154,-7.410366336098083565e-156,-5.184416996507878595e-158,-3.186277439973555263e-160,-1.720253684425340155e-162,-8.158830859110991884e-165,-3.399310089363801640e-167,-1.244175608932946005e-169,-4.000378341027537991e-172,-1.129924022724940440e-174,-2.803666947698929761e-177,-6.111288078925467990e-180,-1.170222247880411676e-182,-1.968490293575216388e-185,-2.908891945225664730e-188
1.329981640578206187e-261,1.691608097481073800e-257,1.890093847928505837e-253,1.855224561415128874e-249,1.599702066224465039e-245,1.211744981762874516e-241,8.063300729398476144e-238,4.713505182903601789e-234,2.420497419614776804e-230,1.091929910970779570e-226,4.327274096763571581e-223,1.506480626548678801e-219,4.607254475794444019e-216,1.237799645253385141e-212,2.921379724811095497e-209,6.056966496151185223e-206,1.103193858909709513e-202,1.765135313102614580e-199,2.481039479320454287e-196,3.063506810603499673e-193,3.323024390763054068e-190,3.166487015098066034e-187,2.650643967561699957e-184,1.949191852140713354e-181,1.259178445051265243e-178,7.145777309545661430e-176,3.562387665768838121e-173,1.560135728781884878e-170,6.002236323823573992e-168,2.028585432006508264e-165,6.022863457958983231e-163,1.570877200272557675e-160,3.599241260729035249e-158,7.244512812198794039e-156,1.280963969912986110e-153,1.989729997198230749e-151,2.715069080040056077e-149,3.254596280189754415e-147,3.427226969934401972e-145,3.170429591141035790e-143,2.576456780334872931e-141,1.839319235995097691e-139,1.153508677176479000e-137,6.354979001155124667e-136,3.075649725879654638e-134,1.307642797444346264e-132,4.883946234126465657e-131,1.602441247160496964e-129,4.618732861831845200e-128,1.169480688036686733e-126,2.601313750487975972e-125,5.083020680708044222e-124,8.725301747584518114e-123,1.315735049628007467e-121,1.742953509054103016e-120,2.028301328645593119e-119,2.073520714481073616e-118,1.862144572240384464e-117,1.469086470784491153e-116,1.018145931519742392e-115,6.198706393804594727e-115,3.315278200867110257e-114,1.557636323651639403e-113,6.428924580863896001e-113,2.330962799206738809e-112,7.424292206586124074e-112,2.077277658939299882e-111,5.105633586987932699e-111,1.102336935390612229e-110,2.090644287756297448e-110,3.482850001689024456e-110,5.096367350250856683e-110,6.549873890484945752e-110,7.392911220947651265e-110,7.327517520816021154e-110,6.376510433055246005e-110,4.870658152720600916e-110,3.264502078130357589e-110,1.918882400699413193e-110,9.884562467150992957e-111,4.457254547386564173e-111,1.756584794918785363e-111,6.035162132864487455e-112,1.800775771371768803e-112,4.637585110510351186e-113,1.019982020004533513e-113,1.878380485671112084e-114,2.775068820598404085e-115,2.907200581990789134e-116,9.168809418202527522e-118,-4.593218628937785383e-118,-1.403440144592459857e-118,-2.591393420586055413e-119,-3.692792640962476498e-120,-4.339591986603410465e-121,-4.322863329330811770e-122,-3.701362376782448145e-123,-2.745554335372491394e-124,-1.772730147139588154e-125,-9.993301561953933164e-127,-4.928164310271564173e-128,-2.128837631207997789e-129,-8.062466186315949500e-131,-2.678710602691929073e-132,-7.810850570788580552e-134,-1.999454359418270375e-135,-4.494203621769892427e-137,-8.871211271366685908e-139,-1.537957817155474058e-140,-2.341891816562994470e-142,-3.132353653548850415e-144,-3.680194164551296988e-146,-3.798190471895443575e-148,-3.443466484820455626e-150,-2.742414025357097798e-152,-1.918631934372527957e-154,-1.179164001970171731e-156,-6.366230187869245735e-159,-3.019376170832520768e-161,-1.257997255585095517e-163,-4.604371166121744124e-166,-1.480435607907881082e-168,-4.181552618307841780e-171,-1.037563425085383988e-173,-2.261626709880496813e-176,-4.330683785079748059e-179,-7.284862678858726003e-182,-1.076504027824971903e-184
3.982276429790278300e-258,5.065070711886717476e-254,5.659383521583157501e-250,5.554976713572296789e-246,4.789882535703429185e-242,3.628248189721244774e-238,2.414341030078742334e-234,1.411333812353278321e-230,7.247536002306889499e-227,3.269493814629554463e-223,1.295687182064271455e-219,4.510755718726539292e-216,1.379519862922377394e-212,3.706261952572101135e-209,8.747294899139079504e-206,1.813597584937761890e-202,3.303220712064462995e-199,5.285228410896093454e-196,7.428813104196303894e-193,9.172856671201865714e-190,9.949913068859321308e-187,9.481203514922232189e-184,7.936648652656092023e-181,5.836336783197125645e-178,3.770275084710817966e-175,2.139613035537677740e-172,1.066662275789864683e-169,4.671411657369721452e-167,1.797210089859403503e-164,6.074059750082583196e-162,1.803386336726445822e-159,4.703574137707308165e-157,1.077697104893122046e-154,2.169176756467313993e-152,3.835506046089200873e-150,5.957717479052602912e-148,8.129552519934111117e-146,9.745023277739164407e-144,1.026191997876419471e-141,9.493008497722696064e-140,7.714514829060026632e-138,5.507352429829160591e-136,3.453875044700085302e-134,1.902829495629655801e-132,9.209215327360303651e-131,3.915388657332545762e-129,1.462367829308431317e-127,4.798084170147142990e-126,1.382956713222054081e-124,3.501698827698373574e-123,7.788941889048402677e-122,1.521975252240951912e-120,2.612559262097756201e-119,3.939617997320766655e-118,5.218809374288129278e-117,6.073206546696611819e-116,6.208602807064901335e-115,5.575692095821014713e-114,4.398783503197836009e-113,3.048561996048498293e-112,1.856033208409601526e-111,9.926683832980553345e-111,4.663904122298848849e-110,1.924956541394605216e-109,6.979375798739014528e-109,2.222973862959592507e-108,6.219723452612766149e-108,1.528699771209573208e-107,3.300511434805495717e-107,6.259489470943041264e-107,1.042754156389181905e-106,1.525777741389335369e-106,1.960828982937385724e-106,2.213034741516619416e-106,2.193213101678073133e-106,1.908257947235768925e-106,1.457273816006349236e-106,9.763956005516653994e-107,5.736518577667798668e-107,2.952940800633829342e-107,1.330218697723274828e-107,5.234491598121414809e-108,1.794420388244932693e-108,5.336028619662051798e-109,1.366886612065778721e-109,2.979982799813844987e-110,5.402287874197386850e-111,7.724668741233002257e-112,7.352905389798520648e-113,-1.451967125682652914e-117,-1.865582022159651437e-114,-4.970938571449122008e-115,-8.818063281689898138e-116,-1.233827994080127226e-116,-1.435562355275881448e-117,-1.421536672788374061e-118,-1.212593866499687072e-119,-8.972582838039488093e-121,-5.783865117952636111e-122,-3.256883393833757311e-123,-1.604901496861656781e-124,-6.929125058856858741e-126,-2.623290723349803388e-127,-8.713548730924011895e-129,-2.540338389421703761e-130,-6.502071621577823780e-132,-1.461356003028659298e-133,-2.884432559700140672e-135,-5.000389740631415390e-137,-7.614013735260597999e-139,-1.018377522194064785e-140,-1.196472130122426342e-142,-1.234821794975140506e-144,-1.119490451792507015e-146,-8.915700018818795367e-149,-6.237529623985677701e-151,-3.833488229072793995e-153,-2.069672066979596121e-155,-9.816030962547416260e-158,-4.089762018063961316e-160,-1.496884951874568765e-162,-4.812906742520611035e-165,-1.359425367040118055e-167,-3.373124517316619775e-170,-7.352560125136207839e-173,-1.407907403308293988e-175,-2.368312239857763435e-178,-3.499719430655813687e-181
1.047482230564672957e-254,1.332296152915307490e-250,1.488621842135923425e-246,1.461159088590429523e-242,1.259911744224548971e-238,9.543600435118814453e-235,6.350587087857815851e-231,3.712316600565122303e-227,1.906363184886649310e-223,8.599947126085428778e-220,3.408124281453139791e-216,1.186491331048127498e-212,3.628634447152548709e-209,9.748804749200024015e-206,2.300853829184818052e-202,4.770415306696396322e-199,8.688661022211748837e-196,1.390205562695611391e-192,1.954045596286009662e-189,2.412791913366840225e-186,2.617185752678860366e-183,2.493898246724090989e-180,2.087624648975398144e-177,1.535166927696702801e-174,9.917182358321935046e-172,5.627953444472283520e-169,2.805706232569252061e-166,1.228749633260664394e-163,4.727310288109567358e-161,1.597696635958828925e-158,4.743556043272688926e-156,1.237209524711906144e-153,2.834731809987499260e-151,5.705716684959903469e-149,1.008876329490107813e-146,1.567094424969330252e-144,2.138365317645617062e-142,2.563292351099914038e-140,2.699254812559984595e-138,2.497003378971019627e-136,2.029195442899279817e-134,1.448632181086643486e-132,9.084936176545376948e-131,5.005127361776594286e-129,2.422355528877731575e-127,1.029888322563689145e-125,3.846554389091099262e-124,1.262069036951847267e-122,3.637674467263239024e-121,9.210729513692294535e-120,2.048772291221901591e-118,4.003343031190470681e-117,6.871971415587814961e-116,1.036261295849834913e-114,1.372734527599153854e-113,1.597471489766733313e-112,1.633085252533151484e-111,1.466606624070115029e-110,1.157037072499679992e-109,8.018801653975895998e-109,4.882023095183813678e-108,2.611065536521238574e-107,1.226768103577159967e-106,5.063289506664771600e-106,1.835806656068371642e-105,5.847128066300105890e-105,1.635973677099858047e-104,4.020898668574815194e-104,8.681124970723702701e-104,1.646360233557996216e-103,2.742554572853481459e-103,4.012791423303926204e-103,5.156668477756073990e-103,5.819434056171894947e-103,5.766607050090646694e-103,5.016497204292471382e-103,3.829970224358414492e-103,2.565208631285242913e-103,1.506322355610080942e-103,7.748082116546694135e-104,3.486423737405312651e-104,1.369681706867460522e-104,4.683849295996859086e-105,1.387598744734740869e-105,3.533388134275086882e-106,7.626855540017473521e-107,1.357588255623318846e-107,1.864926805844786208e-108,1.547976764739867919e-109,-7.848501475708797632e-111,-6.307313405423657011e-111,-1.527073985004475579e-111,-2.621860999068452123e-112,-3.611311955414432374e-113,-4.164986202083153644e-114,-4.102342481501343618e-115,-3.487487189993516241e-116,-2.574807043577645090e-117,-1.657277387089306190e-118,-9.322612190892400222e-120,-4.590722725887856457e-121,-1.981081208334407107e-122,-7.497658701001460863e-124,-2.489853665664704820e-125,-7.257722775142925226e-127,-1.857427120066429264e-128,-4.174284311707974874e-130,-8.238774537105661956e-132,-1.428201474352608693e-133,-2.174641492713409838e-135,-2.908537747959036590e-137,-3.417140318605190801e-139,-3.526635252104401745e-141,-3.197229983138537721e-143,-2.546284874133329630e-145,-1.781405572247018629e-147,-1.094821632222955458e-149,-5.910852337287294193e-152,-2.803393273270235599e-154,-1.168008006247718122e-156,-4.274998607848327248e-159,-1.374531961693206386e-161,-3.882421243781532771e-164,-9.633399711589914786e-167,-2.099837742515479375e-169,-4.020880882422400215e-172,-6.763726650527424028e-175,-9.994942461282218720e-178
2.420423880031558683e-251,3.078545229404398127e-247,3.439767997878120473e-243,3.376309637866892685e-239,2.911286113950948451e-235,2.205245847673097461e-231,1.467434214266791373e-227,8.578073678063704528e-224,4.405045586525768321e-220,1.987195274879885023e-216,7.875174543531626957e-213,2.741633096316249209e-209,8.384708791726350075e-206,2.252662539583750774e-202,5.316597637764212825e-199,1.102302911598680630e-195,2.007694451515031416e-192,3.212356872426881362e-189,4.515225639071334111e-186,5.575253683782816375e-183,6.047547833661974535e-180,5.762666606258801941e-177,4.823887609224831504e-174,3.547320024330568026e-171,2.291569661242949264e-168,1.300454796757409462e-165,6.483163310463362825e-163,2.839279625063766290e-160,1.092342607390062654e-157,3.691807820416367247e-155,1.096096524374807442e-152,2.858827950068508760e-150,6.550232896813179842e-148,1.318423598166128957e-145,2.331216977227646873e-143,3.621095094806611066e-141,4.941134393670859025e-139,5.923016001771230258e-137,6.237185327443183769e-135,5.769841645875548307e-133,4.688874858779044310e-131,3.347363621651552653e-129,2.099261994613709038e-127,1.156537968270820196e-125,5.597352337281749549e-124,2.379769491657283929e-122,8.888257618246303430e-121,2.916270901905576823e-119,8.405597285511991850e-118,2.128329028763742890e-116,4.734110828489493911e-115,9.250549221747530737e-114,1.587910556806420610e-112,2.394495018797622712e-111,3.171985349727457839e-110,3.691285759891017616e-109,3.773577871826554440e-108,3.388893889176927531e-107,2.673569114035364330e-106,1.852905815846665157e-105,1.128088883890431996e-104,6.033380496968450630e-104,2.834683888285260990e-103,1.169967506698314902e-102,4.241958155515542463e-102,1.351075933141020999e-101,3.780160082623905728e-101,9.290783295272000955e-101,2.005850309333344427e-100,3.803976366102429471e-100,6.336574299963789416e-100,9.270992965081363747e-100,1.191299158360137253e-99,1.344287652047957930e-99,1.331908034270871977e-99,1.158435392114109024e-99,8.841945576843100405e-100,5.919757542365260804e-100,3.474173783269064249e-100,1.785533133514723594e-100,8.024663375217271059e-101,3.146923050661875853e-101,1.073237273155531083e-101,3.166269026271443827e-102,8.009032252437467720e-103,1.709261596337681494e-103,2.977905606305291894e-104,3.890470382547946704e-105,2.608242784054046259e-106,-3.781679671240324599e-107,-1.808715634895292563e-107,-4.079409790815900520e-108,-6.817011668855988726e-109,-9.262672771094007110e-110,-1.059985595715588807e-110,-1.039049874052257844e-111,-8.806019436689427601e-113,-6.488261315648080085e-114,-4.170466703398618260e-115,-2.343810421661609972e-116,-1.153421749831497518e-117,-4.975280096935046792e-119,-1.882382820717602434e-120,-6.249764805634459413e-122,-1.821486061462783703e-123,-4.661142365345082011e-125,-1.047445118291270548e-126,-2.067235642641803933e-128,-3.583451665414913739e-130,-5.456184595880768916e-132,-7.297407799440407244e-134,-8.573368663561143522e-136,-8.848009429530254720e-138,-8.021514149378320165e-140,-6.388334962940682128e-142,-4.469328179979711427e-144,-2.746767719596133188e-146,-1.482955310116381375e-148,-7.033339032483185450e-151,-2.930373957467408694e-153,-1.072538756953351739e-155,-3.448511777090908216e-158,-9.740459006400308057e-161,-2.416886618292293089e-163,-5.268201576713902332e-166,-1.008783148633917157e-168,-1.696924947889697999e-171,-2.507591956615320392e-174
4.913214189198964975e-248,6.249133562095316084e-244,6.982379026316214871e-240,6.853565012621051369e-236,5.909614576970353555e-232,4.476424678688692472e-228,2.978742137991773111e-224,1.741261671509541516e-220,8.941794310632869298e-217,4.033804203386608708e-213,1.598580299463559196e-209,5.565236214006687892e-206,1.702010567143794357e-202,4.572675738438748120e-199,1.079215222078363173e-195,2.237562747063082437e-192,4.075415446085828916e-189,6.520757581586148318e-186,9.165448606055584020e-183,1.131719767495940977e-179,1.227590674149256144e-176,1.169762683759546416e-173,9.792000997916722759e-171,7.200698696148643642e-168,4.651653236422913995e-165,2.639790911202672077e-162,1.316016183368337074e-159,5.763448731322870873e-157,2.217344342942536523e-154,7.493994219697878225e-152,2.224964412366389752e-149,5.803129841522431461e-147,1.329630626770306898e-144,2.676265749150909962e-142,4.732133252257530898e-140,7.350454579281521779e-138,1.003000003406354615e-135,1.202311978405408791e-133,1.266085154204380974e-131,1.171219141744002684e-129,9.517938828763389182e-128,6.794807520735295519e-126,4.261288219416446917e-124,2.347654376301760047e-122,1.136205557405523131e-120,4.830689845266436294e-119,1.804225816538925981e-117,5.919733008289133110e-116,1.706250644247321069e-114,4.320291092884328485e-113,9.609762409616950898e-112,1.877767124341008847e-110,3.223296265838273098e-109,4.860579970372390600e-108,6.438805095424196359e-107,7.492930492429187745e-106,7.659973261092136075e-105,6.879102260595887275e-104,5.427064794827971212e-103,3.761201882898771290e-102,2.289898350363802379e-101,1.224709269795418557e-100,5.754082378098294488e-100,2.374892876800952882e-99,8.610628793518289257e-99,2.742494469490621684e-98,7.673131514830033238e-98,1.885861093087284361e-97,4.071445496582895569e-97,7.721070618586095608e-97,1.286113747326079554e-96,1.881610926977865807e-96,2.417652913056860247e-96,2.727857585872314385e-96,2.702347269905566823e-96,2.349897466519632530e-96,1.793063770219432073e-96,1.199956478949961906e-96,7.037904684167429870e-97,3.613824898627323694e-97,1.621996115880017319e-97,6.348241775064715504e-98,2.158588357883070999e-98,6.338903454725533041e-99,1.591460394280164636e-99,3.352638565045666331e-100,5.694232582689858034e-101,6.974174129324133051e-102,3.159530633336940744e-103,-1.201410904859781177e-103,-4.445721447888803509e-104,-9.494712806711760023e-105,-1.550990685000273466e-105,-2.082550986910203102e-106,-2.366725531159673404e-107,-2.309989172558134734e-108,-1.952270530478475139e-109,-1.435765374810464165e-110,-9.217144946143320167e-112,-5.175632462096253536e-113,-2.545505875635103712e-114,-1.097557427625462679e-115,-4.151407815413642045e-117,-1.378053528012010931e-118,-4.015771780387305961e-120,-1.027529304097489352e-121,-2.308895501639399600e-123,-4.556620228888480953e-125,-7.898421725844763485e-127,-1.202591083059898646e-128,-1.608387386667312084e-130,-1.889594990806450482e-132,-1.950111490021696467e-134,-1.767941395026248602e-136,-1.407983431340768195e-138,-9.850334054643632814e-141,-6.053824724313947285e-143,-3.268401551890717402e-145,-1.550131362490949188e-147,-6.458471107107197894e-150,-2.363847617720362928e-152,-7.600428203824911132e-155,-2.146770782827459893e-157,-5.326751835801543452e-160,-1.161097058751083407e-162,-2.223329997315200801e-165,-3.739975185749167456e-168,-5.526662428026170283e-171
8.761318517909919830e-245,1.114355032981055643e-240,1.245108483094865638e-236,1.222138171602340395e-232,1.053811489447150799e-228,7.982428797353639847e-225,5.311738436121781919e-221,3.105044384318029358e-217,1.594514406665104735e-213,7.193141211398419873e-210,2.850612784365398850e-206,9.924014142413735883e-203,3.035051216040037781e-199,8.154065155890921285e-196,1.924473052851914798e-192,3.990056035806239298e-189,7.267343014364512192e-186,1.162791442634584625e-182,1.634396781920049183e-179,2.018099959458240255e-176,2.189058423192525427e-173,2.085938668271796740e-170,1.746124560550705830e-167,1.284039579767476070e-164,8.294899035421555658e-162,4.707315436050015639e-159,2.346740140568576684e-156,1.027746972775087138e-153,3.954002268899401238e-151,1.336340485032967485e-148,3.967590492823350417e-146,1.034822968813307338e-143,2.371017623472856163e-141,4.772357922682546750e-139,8.438412225169915343e-137,1.310744276786479571e-134,1.788564910706442093e-132,2.143981065197622143e-130,2.257702364453272187e-128,2.088535842407851480e-126,1.697253371719131612e-124,1.211660441273441368e-122,7.598794137949001487e-121,4.186373075794589712e-119,2.026099065460495992e-117,8.614159708561682809e-116,3.217322933854607776e-114,1.055615788514924175e-112,3.042612041824988467e-111,7.704008481800040356e-110,1.713627331165096829e-108,3.348462526512177831e-107,5.747829949215304680e-106,8.667457918974592534e-105,1.148177084982201288e-103,1.336150025588758349e-102,1.365936989781061147e-101,1.226690560202964952e-100,9.677608377764994570e-100,6.707016362759912030e-99,4.083367554994257551e-98,2.183909456968018131e-97,1.026069494672394239e-96,4.234902404710589489e-96,1.535438272978909802e-95,4.890356926716365873e-95,1.368244093025105626e-94,3.362754208570531065e-94,7.259825150128302451e-94,1.376714151424746807e-93,2.293134290538170659e-93,3.354724262803000731e-93,4.310105215941445241e-93,4.862596240935917361e-93,4.816368282750607664e-93,4.187258741010039754e-93,3.194008734308891024e-93,2.136500764148510856e-93,1.252238406750835234e-93,6.423654964495897032e-94,2.878952951851748368e-94,1.124343292929438484e-94,3.810555153241188201e-95,1.113266774424391619e-95,2.771523196544396339e-96,5.751970672437102679e-97,9.475208905370200248e-98,1.064923720086225452e-98,1.500598279741519311e-100,-2.982208271860287508e-100,-9.426658394937940059e-101,-1.928144089997252186e-101,-3.089484893103975268e-102,-4.105360604700361295e-103,-4.636771272764432269e-104,-4.508029562815282088e-105,-3.800273903482164693e-106,-2.790125678563528061e-107,-1.789120104294070293e-108,-1.003844672839498394e-109,-4.934499239286300915e-111,-2.126837254896298533e-112,-8.042479495714654343e-114,-2.669207984066681894e-115,-7.777335406018220702e-117,-1.989839199962686938e-118,-4.470967197322353025e-120,-8.823105758316909762e-122,-1.529346883125536742e-123,-2.328491185028235561e-125,-3.114160124519380241e-127,-3.658597032913531668e-129,-3.775740953896739678e-131,-3.423012194505031061e-133,-2.726067529061719382e-135,-1.907168057015267475e-137,-1.172106585903582325e-139,-6.328082794797690499e-142,-3.001268740274062570e-144,-1.250448612550241685e-146,-4.576731422118865194e-149,-1.471546151044498599e-151,-4.156439040084541910e-154,-1.031331168033993606e-156,-2.248040655029459807e-159,-4.304666731949487164e-162,-7.241096017675583618e-165,-1.070036296250187764e-167
1.372469635978960588e-241,1.745648720954744921e-237,1.950475357167117176e-233,1.914492125889522273e-229,1.650806631850244131e-225,1.250455753130723352e-221,8.320893371170500756e-218,4.864084243863086091e-214,2.497823361638111577e-210,1.126813033879675420e-206,4.465514502728102343e-203,1.554607111891264531e-199,4.754439219554112142e-196,1.277342766773572824e-192,3.014707004315568640e-189,6.250464178196458540e-186,1.138436823300541727e-182,1.821524859218902192e-179,2.560299516264560268e-176,3.161374524919184396e-173,3.429182732104892480e-170,3.267644566118224561e-167,2.735322240690718904e-164,2.011461324013595909e-161,1.299404540109342525e-158,7.374058470373934045e-156,3.676192778307847724e-153,1.609976296010234432e-150,6.193985578018645947e-148,2.093391234643123872e-145,6.215271671513960564e-143,1.621060917073546272e-140,3.714223706608096616e-138,7.475948198813768943e-136,1.321886029738293858e-133,2.053294507961876760e-131,2.801805487574025215e-129,3.358568579727022133e-127,3.536714173190036914e-125,3.271713059601316091e-123,2.658765008492921008e-121,1.898078644606010939e-119,1.190358978516916272e-117,6.557996801602141060e-116,3.173905168315172594e-114,1.349417032013430205e-112,5.039969629561597911e-111,1.653633025452882880e-109,4.766283085973110024e-108,1.206840832918302316e-106,2.684414710968219205e-105,5.245400499328982770e-104,9.004033312766034707e-103,1.357765857921236617e-101,1.798630524991668057e-100,2.093091561536278859e-99,2.139752542410992359e-98,1.921621019508321342e-97,1.516004606968956000e-96,1.050658311356100785e-95,6.396613612844476824e-95,3.421098450533616551e-94,1.607336168323958609e-93,6.633945735238132616e-93,2.405242237869299844e-92,7.660622974158057397e-92,2.143299806035975869e-91,5.267547716637689607e-91,1.137184544705791758e-90,2.156434697206157868e-90,3.591736689667445396e-90,5.254201667665752923e-90,6.749970018374099162e-90,7.614312215569388689e-90,7.540641140425211910e-90,6.554087349380401885e-90,4.997648032726728748e-90,3.341271939672943225e-90,1.956930567491080999e-90,1.002773107996469365e-90,4.487092352054106840e-91,1.748224655650325659e-91,5.903498129789512919e-92,1.714866009318813407e-92,4.228695112463626266e-93,8.625270588027902753e-94,1.368842163694843249e-94,1.364236013899289166e-95,-4.679787394381670063e-97,-6.100088677861357743e-97,-1.731649271263212830e-97,-3.420211706257274738e-98,-5.390332959894222176e-99,-7.097352092146167179e-100,-7.971765972747266304e-101,-7.723200852062062292e-102,-6.495662407956787868e-103,-4.761695136579405423e-104,-3.050156408955358351e-105,-1.710162157093921874e-106,-8.402313104896000033e-108,-3.620271559317820742e-109,-1.368653255536250203e-110,-4.541652495322289973e-112,-1.323159296038447591e-113,-3.385043604746821921e-115,-7.605421965358981305e-117,-1.500811782786658372e-118,-2.601350109549738964e-120,-3.960582413232515716e-122,-5.296872985059149573e-124,-6.222846892304611495e-126,-6.422052829589256059e-128,-5.822079524068762072e-130,-4.636656257968376780e-132,-3.243816496190703775e-134,-1.993580316211275166e-136,-1.076312305641148862e-138,-5.104705637592652928e-141,-2.126823419831616068e-143,-7.784323011875611835e-146,-2.502875194813941807e-148,-7.069466525635465996e-151,-1.754136211176575712e-153,-3.823572179312480044e-156,-7.321577073334430854e-159,-1.231599181820596918e-161,-1.819967285492054729e-164
1.888711063758305786e-238,2.402257919790730613e-234,2.684128151251815309e-230,2.634610169037733943e-226,2.271741878994047776e-222,1.720802816882430058e-218,1.145071844104794126e-214,6.693663368285467745e-211,3.437355912850055255e-207,1.550653062249610726e-203,6.145175401756172634e-200,2.139357822609731675e-196,6.542776408697265016e-193,1.757803125528122574e-189,4.148660432095773565e-186,8.601516957101286724e-183,1.566649029741549941e-179,2.506674147337791012e-176,3.523331880088375255e-173,4.350495548580234702e-170,4.719037271188427469e-167,4.496738057182946960e-164,3.764187741191898107e-161,2.768053410703253907e-158,1.788163225502447596e-155,1.014774057835676731e-152,5.058957801857720247e-150,2.215553599770877672e-147,8.523794467120673724e-145,2.880800479477319652e-142,8.553087122268298485e-140,2.230807595626991147e-137,5.111293702064927965e-135,1.028795515858667346e-132,1.819100913424289328e-130,2.825621748267748176e-128,3.855678027472622096e-126,4.621862270515899683e-124,4.867015635657392475e-122,4.502336865794426494e-120,3.658834220977049254e-118,2.612022900572017052e-116,1.638101200126799537e-114,9.024724973528750057e-113,4.367739416068151535e-111,1.856987406038470526e-109,6.935706182654883628e-108,2.275631304663280961e-106,6.559074866070850504e-105,1.660782425524778645e-103,3.694131404888130546e-102,7.218406934145419637e-101,1.239081209210477944e-99,1.868475974801481986e-98,2.475167144199795927e-97,2.880386120257957047e-96,2.944597278420947120e-95,2.644416837246031519e-94,2.086231188770256662e-93,1.445849338840691345e-92,8.802603212613108644e-92,4.707884712450207853e-91,2.211901974040413741e-90,9.129132657890857209e-90,3.309894877696139605e-89,1.054183677018728583e-88,2.949378946196808062e-88,7.248524749367211274e-88,1.564814258701324115e-87,2.967254868300801927e-87,4.942014223386465288e-87,7.229012613682459141e-87,9.286136243435980740e-87,1.047388813812914873e-86,1.037063197606802908e-86,9.011430714315209084e-87,6.868800147932355058e-87,4.589724285785374420e-87,2.685968164737121884e-87,1.374728500689343279e-87,6.140777032892734876e-88,2.386273049179955382e-88,8.025763554093403168e-89,2.316449739772243422e-89,5.650552025408370005e-90,1.129396079744754115e-90,1.711205737765059463e-91,1.423191289470134245e-92,-1.694466024634803869e-93,-1.052886724790288374e-93,-2.763931715017461752e-94,-5.303984769494735510e-95,-8.240569285700117091e-96,-1.076245004616319835e-96,-1.202845136391921452e-97,-1.161633023787787070e-98,-9.749512092659655196e-100,-7.136876537768686172e-101,-4.567218127164001008e-102,-2.559062048050173403e-103,-1.256738415024347786e-104,-5.413153019616361274e-106,-2.046008640171997265e-107,-6.788310330928849616e-109,-1.977487420098577005e-110,-5.058638279371788411e-112,-1.136501877365983748e-113,-2.242628520036454674e-115,-3.887039200980916031e-117,-5.917952576038353786e-119,-7.914556966875424313e-121,-9.298061339417205721e-123,-9.595653034730467840e-125,-8.699152749078303399e-127,-6.927913201228135190e-129,-4.846775635422368196e-131,-2.978720441583821107e-133,-1.608177103059945685e-135,-7.627214575791662630e-138,-3.177799406520804770e-140,-1.163096486447116498e-142,-3.739676057293837156e-145,-1.056285597975279460e-147,-2.620945427966897211e-150,-5.712996018264831967e-153,-1.093954456119158493e-155,-1.840195554709349456e-158,-2.719306461682407457e-161
2.283272822275219939e-235,2.904102340269926279e-231,3.244856758059445444e-227,3.184994206728612209e-223,2.746320806323117884e-219,2.080287652079570945e-215,1.384283425541326068e-211,8.092005147602910852e-208,4.155437794005805777e-204,1.874592711268025954e-200,7.428935135808233566e-197,2.586281018424641863e-193,7.909597101885257251e-190,2.125017521442320251e-186,5.015337599919457968e-183,1.039841946994351149e-179,1.893930321206899603e-176,3.030331671548717793e-173,4.259374596791585459e-170,5.259337142717058848e-167,5.704869185834518604e-164,5.436130486992999833e-161,4.550546524705360449e-158,3.346314449304212320e-155,2.161720007300172743e-152,1.226765740630461189e-149,6.115800918095574441e-147,2.678394497470790034e-144,1.030446033909536925e-141,3.482614978519194987e-139,1.033987238474835755e-136,2.696835133678115158e-134,6.179070064343969129e-132,1.243716355266476153e-129,2.199120741443363787e-127,3.415909115950780367e-125,4.661149613174646751e-123,5.587393805485667328e-121,5.883761005478392349e-119,5.442898903184675972e-117,4.423184079972426256e-115,3.157688322366055453e-113,1.980309214862000336e-111,1.091003777462316615e-109,5.280183268800723647e-108,2.244921877528286790e-106,8.384611740413769987e-105,2.751022636742336654e-103,7.929299911743505795e-102,2.007728508261803605e-100,4.465854493716746109e-99,8.726368878504546492e-98,1.497931465494581881e-96,2.258809696429796853e-95,2.992241136392361411e-94,3.482111475734862123e-93,3.559735493819096354e-92,3.196844695110994820e-91,2.522050484679354238e-90,1.747889520107869775e-89,1.064146658680965660e-88,5.691350766437144233e-88,2.673955825097489344e-87,1.103611407507690734e-86,4.001275442913440169e-86,1.274374527379304710e-85,3.565384996557027558e-85,8.762306111827052174e-85,1.891565957527529340e-84,3.586733390674772037e-84,5.973481976597883793e-84,8.737213449443176723e-84,1.122242229701478591e-83,1.265606468773499898e-83,1.252877746094858115e-83,1.088357815896267982e-83,8.292354470552422854e-84,5.537601218952783491e-84,3.237836350975785768e-84,1.655054179221473122e-84,7.378868941304904161e-85,2.859143929619046710e-85,9.573389109096861497e-86,2.743341146176446206e-86,6.609516010309889243e-87,1.289778028257491065e-87,1.842248939025870311e-88,1.124346280002788482e-89,-3.427258244695254481e-90,-1.552981615614628197e-90,-3.841342631931901600e-91,-7.196006890025598165e-92,-1.104194120557662812e-92,-1.431744628885551300e-93,-1.593020068589111923e-94,-1.534002550323246949e-95,-1.285016786789026478e-96,-9.394502461300153806e-98,-6.006690673493411310e-99,-3.363579752758443470e-100,-1.651141714616770282e-101,-7.109906885085910412e-103,-2.686789004479856522e-104,-8.913059947998033570e-106,-2.596189275336019147e-107,-6.640894301930328511e-109,-1.491909116368491903e-110,-2.943845842492529598e-112,-5.102306189608505742e-114,-7.768049729722029968e-116,-1.038872320898303673e-117,-1.220462699475576671e-119,-1.259517536725783597e-121,-1.141839193123552085e-123,-9.093461712496497072e-126,-6.361783601395011076e-128,-3.909805404576137103e-130,-2.110857257095207294e-132,-1.001130453737216300e-134,-4.171103720051154152e-137,-1.526652224163049430e-139,-4.908606948410692595e-142,-1.386454317447788000e-144,-3.440187686136341090e-147,-7.498735700701134588e-150,-1.435897184261015919e-152,-2.415394445233900007e-155,-3.569293238295321349e-158
2.424820493806531329e-232,3.084137297171929231e-228,3.446016213940086191e-224,3.382442584077526625e-220,2.916574361492060493e-216,2.209251598216206208e-212,1.470099756254469935e-208,8.593655443392225207e-205,4.413047194948190525e-201,1.990804944322547955e-197,7.889479517614304933e-194,2.746613175191661696e-190,8.399939316620600097e-187,2.256754420856043514e-183,5.326255048015050290e-180,1.104305205576704470e-176,2.011341356975719547e-173,3.218192004262198263e-170,4.523427385603867211e-167,5.585380933481159825e-164,6.058532988831071710e-161,5.773134284792118192e-158,4.832650029120614042e-155,3.553763604665400835e-152,2.295732215778185208e-149,1.302817026466278741e-146,6.494939744907612600e-144,2.844437074873304989e-141,1.094326808552864281e-138,3.698513856486907606e-136,1.098087544099995646e-133,2.864020907082408917e-131,6.562131154572955446e-129,1.320818465659036584e-126,2.335451544740173043e-124,3.627672673754933966e-122,4.950109766223178616e-120,5.933774911524242961e-118,6.248514895447379307e-116,5.780322282341633001e-114,4.697391945376738313e-112,3.353443899060193376e-110,2.103075149113322973e-108,1.158638715173509815e-106,5.607519291677991671e-105,2.384091992702819044e-103,8.904401404107481509e-102,2.921567539212866082e-100,8.420863013715588031e-99,2.132194070835920194e-97,4.742707018289339985e-96,9.267343704425450942e-95,1.590792777642995783e-93,2.398839872560817464e-92,3.177738320717551128e-91,3.697976162994706736e-90,3.780410978002399530e-89,3.395022137226828690e-88,2.678394476447714409e-87,1.856240758420998216e-86,1.130111213432809884e-85,6.044134970480172188e-85,2.839695327220807767e-84,1.172011479545384133e-83,4.249242446322729161e-83,1.353338369311405161e-82,3.786259567596634143e-82,9.304964152604983951e-82,2.008661726095194283e-81,3.808629428695563107e-81,6.342708069020821650e-81,9.276581314053402360e-81,1.191394379353824544e-80,1.343388283526555668e-80,1.329586776038037765e-80,1.154630905107798821e-80,8.793309603597778639e-81,5.868280063101272393e-81,3.427900728472280572e-81,1.749743704061928626e-81,7.784711095433972783e-82,3.006833864380892124e-82,1.001813114907609863e-82,2.847653915203270235e-83,6.763896974810922506e-84,1.282616012305869680e-84,1.695359922401863251e-85,5.066405971215448303e-87,-5.229581226569824196e-87,-1.972277024006160985e-87,-4.656025007974361459e-88,-8.546104021041069028e-89,-1.297163125539858128e-89,-1.671169931923971866e-90,-1.851930634692700147e-91,-1.778650871173825902e-92,-1.487357340059701106e-93,-1.086094707593757880e-94,-6.938712629014132661e-96,-3.883329844577954395e-97,-1.905549133550025039e-98,-8.203212937630482754e-100,-3.099367847727238574e-101,-1.028040647447325364e-102,-2.994199076095236040e-104,-7.658497280691009409e-106,-1.720442938248748975e-107,-3.394686151691075440e-109,-5.883581263403301233e-111,-8.957374172249746564e-113,-1.197915915475456362e-114,-1.407296092882377687e-116,-1.452322146215119994e-118,-1.316625091607747671e-120,-1.048540797955192357e-122,-7.335575983297931963e-125,-4.508270192339567657e-127,-2.433959158560014007e-129,-1.154369469353861075e-131,-4.809555782690294891e-134,-1.760329487296216614e-136,-5.659942479456297456e-139,-1.598671606873078901e-141,-3.966758769654690233e-144,-8.646526358802569480e-147,-1.655682069115715999e-149,-2.785105492832312701e-152,-4.115625082910369434e-155
2.262199406633132920e-229,2.877298992423196990e-225,3.214908424905472104e-221,3.155598373658412010e-217,2.720973699628574403e-213,2.061087683543030135e-209,1.371507212506867448e-205,8.017320166380867831e-202,4.117085273467990868e-198,1.857291199604803273e-194,7.360369944486181212e-191,2.562410995386126275e-187,7.836595651654398830e-184,2.105404719572178800e-180,4.969048653277816829e-177,1.030244748910906604e-173,1.876450333500813289e-170,3.002363292895135703e-167,4.220062793835701256e-164,5.210796207712426768e-161,5.652216222752151190e-158,5.385957841731453382e-155,4.508547356883725959e-152,3.315429714589704745e-149,2.141768460600142168e-146,1.215443333514479004e-143,6.059355269460135164e-141,2.653674314929842570e-138,1.020935555087324750e-135,3.450472260633140473e-133,1.024444076067939114e-130,2.671944753052450370e-128,6.122040472087371302e-126,1.232237502079318846e-123,2.178824003544203344e-121,3.384382054402716915e-119,4.618129627952907634e-117,5.535825063906802695e-115,5.829456941879649000e-113,5.392663759284317979e-111,4.382360366502124197e-109,3.128544473083769684e-107,1.962031963467907876e-105,1.080934357503911091e-103,5.231449762667401333e-102,2.224202316351487902e-100,8.307225593981944670e-99,2.725631872316024342e-97,7.856115534060697617e-96,1.989197831487551243e-94,4.424635745038955329e-93,8.645825575870466583e-92,1.484105487508638821e-90,2.237960223973440393e-89,2.964620831332013206e-88,3.449967612253116401e-87,3.526872527622521377e-86,3.167328617801528008e-85,2.498761015521604796e-84,1.731745265070216800e-83,1.054314567523962416e-82,5.638741725717314990e-82,2.649222305261338100e-81,1.093393607209004994e-80,3.964179658723585737e-80,1.262537078300975172e-79,3.532175780174903483e-79,8.680371300263993368e-79,1.873779537562718105e-78,3.552739503696740011e-78,5.916229030452015767e-78,8.652134921007166546e-78,1.111068466843178303e-77,1.252607570232357289e-77,1.239444304216307429e-77,1.075982017614801597e-77,8.190299301911491812e-78,5.461943962690715549e-78,3.187210076165354894e-78,1.624381617160289567e-78,7.210361776403421523e-79,2.775239596158914829e-79,9.195594424636574435e-80,2.590068568817693288e-80,6.051605900067203878e-81,1.108350268728833161e-81,1.317185928677671701e-82,-2.236389923957926655e-84,-6.489284398639378361e-84,-2.167206163194568330e-84,-4.927772101464099542e-85,-8.888646797470501919e-86,-1.336296001971430432e-86,-1.711708662917936205e-87,-1.889956624768706123e-88,-1.810850637085015886e-89,-1.511872768298973812e-90,-1.102804180882776960e-91,-7.040254634902168033e-93,-3.938150970088233820e-94,-1.931768003784302690e-95,-8.314044905261128198e-97,-3.140707028471157910e-98,-1.041628740457984245e-99,-3.033523127108041283e-101,-7.758630005065560680e-103,-1.742866710557772098e-104,-3.438834266875673375e-106,-5.959979764559945462e-108,-9.073560522626197869e-110,-1.213442383943489468e-111,-1.425526747871761456e-113,-1.471129129029302928e-115,-1.333670441423407402e-117,-1.062113005961730895e-119,-7.430514927229752397e-122,-4.566612236355284879e-124,-2.465455352670917252e-126,-1.169306724471621700e-128,-4.871788356700784197e-131,-1.783106541263141606e-133,-5.733175873345050065e-136,-1.619356434139253646e-138,-4.018083334370553797e-141,-8.758400302777201460e-144,-1.677104200672897371e-146,-2.821140640616815191e-149,-4.168875094713476542e-152
1.854008316956270253e-226,2.358119380051322724e-222,2.634810592094782920e-218,2.586202442004767915e-214,2.230001411254334602e-210,1.689185177955695811e-206,1.124032554909763119e-202,6.570675522496706604e-199,3.374198718400132228e-195,1.522161716151047585e-191,6.032265348907006523e-188,2.100049749361400556e-184,6.422560925524964306e-181,1.725505651358126736e-177,4.072433890452219186e-174,8.443474644098838142e-171,1.537863777376172828e-167,2.460617087610942269e-164,3.458594982782858328e-161,4.270560534457191327e-158,4.632330755394367959e-155,4.414116016482256411e-152,3.695025413093209071e-149,2.717193827850232451e-146,1.755307921682564937e-143,9.961288304073903756e-141,4.966005663203285396e-138,2.174845522342753477e-135,8.367180207644346443e-133,2.827869306889735007e-130,8.395934644311114768e-128,2.189819243695605685e-125,5.017379951481442260e-123,1.009892660119901504e-120,1.785677164356886970e-118,2.773704410645566124e-116,3.784834663455310855e-114,4.536941201536358469e-112,4.777590162179448264e-110,4.419611905025515002e-108,3.591607577724931429e-106,2.564030128867131951e-104,1.608003049866919379e-102,8.858906323314527596e-101,4.287487283720231701e-99,1.822867370258708753e-97,6.808270177668307535e-96,2.233818942117169872e-94,6.438558141182916721e-93,1.630266944135617733e-91,3.626254229867733752e-90,7.085771853584036086e-89,1.216313210620153513e-87,1.834141998875425881e-86,2.429683259975801549e-85,2.827453033985829673e-84,2.890479993814990411e-83,2.595811046458600197e-82,2.047879087864357520e-81,1.419263653584037691e-80,8.640692290907200638e-80,4.621250146828355813e-79,2.171171678659772673e-78,8.960869045663990314e-78,3.248806440709004465e-77,1.034689947045349205e-76,2.894690093021284318e-76,7.113593224050512323e-76,1.535522847972761072e-75,2.911271098954988375e-75,4.847722716539710343e-75,7.088888326715945780e-75,9.102093500586330522e-75,1.025976634406788646e-74,1.014932842783036192e-74,8.807522349835669431e-75,6.700620616555884349e-75,4.465020204885196817e-75,2.602501818882603943e-75,1.324146097131836838e-75,5.862816142922502108e-76,2.247833427629999302e-76,7.402270839645947187e-77,2.063447267639298912e-77,4.729480294846618063e-78,8.298339509551270866e-79,8.441728172208089930e-80,-8.028835406051964414e-81,-6.751382083789657538e-81,-2.067311992284635774e-81,-4.558276486730478785e-82,-8.099597939770033164e-83,-1.207408212721383181e-83,-1.538652179271099190e-84,-1.693288478797097397e-85,-1.618898809582288094e-86,-1.349647005940838851e-87,-9.834983555120525488e-89,-6.274352155985453114e-90,-3.508080400778965931e-91,-1.720248764969500027e-92,-7.402028476865191628e-94,-2.795745586047704329e-95,-9.271193590158358512e-97,-2.699832596207383454e-98,-6.904804761651024183e-100,-1.551009117198173163e-101,-3.060202099777717357e-103,-5.303660785869810513e-105,-8.074268079212573061e-107,-1.079793520939634619e-108,-1.268510957779071184e-110,-1.309084726406056989e-112,-1.186763454055562970e-114,-9.451167055592437839e-117,-6.612002002878526114e-119,-4.063570031675976476e-121,-2.193867721228297978e-123,-1.040498651873060933e-125,-4.335122088098064880e-128,-1.586682765674772219e-130,-5.101618749384796116e-133,-1.440970645281193559e-135,-3.575457211645366523e-138,-7.793587401871746031e-141,-1.492356728626279026e-143,-2.510367628133316792e-146,-3.709637413631057658e-149
1.334817757476038914e-223,1.697759170740273911e-219,1.896966660693364967e-215,1.861970581493060243e-211,1.605518948170443693e-207,1.216151163174022976e-203,8.092620731809088138e-200,4.730644563903717827e-196,2.429298900863513514e-192,1.095900417428600974e-188,4.343009053350438071e-185,1.511958534054710267e-181,4.624007504958414046e-178,1.242300567366711001e-174,2.932002528470303125e-171,6.078991009187117517e-168,1.107205323646649422e-164,1.771553748086800081e-161,2.490061105285035708e-158,3.074646420741555391e-155,3.335107666038122466e-152,3.178001084699122455e-149,2.660282314041018557e-146,1.956279558569117791e-143,1.263757105205345185e-140,7.171760986025728658e-138,3.575341319740238670e-135,1.565808737914120328e-132,6.024061822311575435e-130,2.035961830255758491e-127,6.044763958078139491e-125,1.576589265996090561e-122,3.612328915751395328e-120,7.270855491907690565e-118,1.285621841581243459e-115,1.996965096897815821e-113,2.724941666029538399e-111,3.266430692365933071e-109,3.439689084994520948e-107,3.181957911440442917e-105,2.585825266041979835e-103,1.846007319244904153e-101,1.157703007145518450e-99,6.378086439449584616e-98,3.086832994898015658e-96,1.312397383974673520e-94,4.901703769253830268e-93,1.608267334925000196e-91,4.635524520151339717e-90,1.173732061451172947e-88,2.610769142546165760e-87,5.101493707385642135e-86,8.757004403728657140e-85,1.320514073791938511e-83,1.749281269736493797e-82,2.035660031587182201e-81,2.081036155074871615e-80,1.868884486955857947e-79,1.474393138312385945e-78,1.021813200597167120e-77,6.220942171569963395e-77,3.327100761832453193e-76,1.563144042460036095e-75,6.451379909588229670e-75,2.338960930923968577e-74,7.449112953853735650e-74,2.083960776298346042e-73,5.121140311643121643e-73,1.105401081292604917e-72,2.095685709982931734e-72,3.489414009236798962e-72,5.102131510519343923e-72,6.550217455590658112e-72,7.381881728885847742e-72,7.300371643766971945e-72,6.332652150592174903e-72,4.814959185528897233e-72,3.205761474294255115e-72,1.866194681442225480e-72,9.477611745110714186e-73,4.184656003005785417e-73,1.597531084720029628e-73,5.224558642205373513e-74,1.439274898683474882e-74,3.225123704786448501e-75,5.360661062078227361e-76,4.238071146043280126e-77,-1.062388495638687491e-77,-5.980946272877260862e-78,-1.715986491063895067e-78,-3.688020127653899304e-79,-6.468358448870240211e-80,-9.570226901713345632e-81,-1.213931484174840629e-81,-1.331948577737224304e-82,-1.270919575391958594e-83,-1.058134170628106203e-84,-7.703719447231088017e-86,-4.911625582217223167e-87,-2.744979362575059507e-88,-1.345647357026628981e-89,-5.788962028501550289e-91,-2.186174729911333816e-92,-7.249017113219750720e-94,-2.110813072824362989e-95,-5.398125944052771736e-97,-1.212525990143921851e-98,-2.392304166348928761e-100,-4.146051990978359793e-102,-6.311855909812223953e-104,-8.440944934597840605e-106,-9.916127042250978510e-108,-1.023325680064033790e-109,-9.277032165695368004e-112,-7.388044215662782974e-114,-5.168641694055015215e-116,-3.176514060155734129e-118,-1.714956781453389801e-120,-8.133623388838971364e-123,-3.388782749556833631e-125,-1.240316152655341818e-127,-3.987954781658123064e-130,-1.126412107842858370e-132,-2.794947968361696989e-135,-6.092275417462055655e-138,-1.166580599304523542e-140,-1.962363312400652212e-143,-2.899836718800770865e-146
8.442319358737737901e-221,1.073781423219672104e-216,1.199774146901848678e-212,1.177640183275813313e-208,1.015442267009511721e-204,7.691788973072310454e-201,5.118338311310558998e-197,2.991989877080074844e-193,1.536458218663412256e-189,6.931239307754064928e-186,2.746822118668712909e-182,9.562681295005620381e-179,2.924545156476378736e-175,7.857176060557623229e-172,1.854403087412229298e-168,3.844778299583110129e-165,7.002739426830485748e-162,1.120454265665174160e-158,1.574888478656060505e-155,1.944621043108399693e-152,2.109354917902153803e-149,2.009989747965142014e-146,1.682548254513295040e-143,1.237287764244340072e-140,7.992882184911245117e-138,4.535922321078255018e-135,2.261295451578941307e-132,9.903267577517803085e-130,3.810037246824817043e-127,1.287684395505048428e-124,3.823130722448859120e-122,9.971451161589010670e-120,2.284688988859535580e-117,4.598596602697917214e-115,8.131170037055763135e-113,1.263020137918457609e-110,1.723443340544225394e-108,2.065918801582428194e-106,2.175499502685639010e-104,2.012492314046540345e-102,1.635456410800131088e-100,1.167543893037451696e-98,7.322121952016444374e-97,4.033947068158638818e-95,1.952328640535477089e-93,8.300517004245012464e-92,3.100179521454341744e-90,1.017180473442885681e-88,2.931829052161257155e-87,7.423499987403986791e-86,1.651232358913534127e-84,3.226539900875420253e-83,5.538538806497248365e-82,8.351848305493252532e-81,1.106366729624841063e-79,1.287492076591407624e-78,1.316190440081844736e-77,1.182010316793816959e-76,9.325061021326469609e-76,6.462629821307631262e-75,3.934531833707064310e-74,2.104270690162007277e-73,9.886279154550988518e-73,4.080223360281945925e-72,1.479280878051477684e-71,4.711150992071404551e-71,1.317967043656510412e-70,3.238702255197739842e-70,6.990511923070658681e-70,1.325236592451667556e-69,2.206421670469211120e-69,3.225840479687183886e-69,4.140785656046570545e-69,4.665540064411491063e-69,4.612614771819935928e-69,3.999415636711948556e-69,3.038970425346900561e-69,2.021443386360967921e-69,1.175154043543432912e-69,5.956017439521449452e-70,2.621702767210409019e-70,9.960886436551167688e-71,3.232406002727481645e-71,8.784819612661919277e-72,1.916235502026688761e-72,2.968929358275700183e-73,1.417142698555733257e-74,-1.004529691264701942e-74,-4.552017057376045886e-75,-1.241602782890443730e-75,-2.611521622384969530e-76,-4.528436828229035387e-77,-6.655349841378232334e-78,-8.406748454310852663e-79,-9.199074904745942323e-80,-8.761779774057055860e-81,-7.285955090543958052e-82,-5.300115222299903182e-83,-3.377239286089249166e-84,-1.886704987342975671e-85,-9.246493345632763428e-87,-3.977073769587110739e-88,-1.501723883391699526e-89,-4.979022322932613518e-91,-1.449728275521791024e-92,-3.707321143320888577e-94,-8.327114321267389014e-96,-1.642896761602027370e-97,-2.847225818031111418e-99,-4.334505466115384616e-101,-5.796559070434371257e-103,-6.809558998400717450e-105,-7.027310984733347933e-107,-6.370642587997723811e-109,-5.073444094614305343e-111,-3.549353626547417711e-113,-2.181339391884628158e-115,-1.177674771203332847e-117,-5.585422923240418871e-120,-2.327102967352885702e-122,-8.517343841899190017e-125,-2.738557987777202668e-127,-7.735154295577756041e-130,-1.919311064460372046e-132,-4.183609554215286569e-135,-8.010992992928228368e-138,-1.347568986218614344e-140,-1.991338675612460524e-143
4.690628971081340920e-218,5.966026678616680385e-214,6.666053643643851433e-210,6.543075340387195799e-206,5.641889051692343603e-202,4.273627502517363125e-198,2.843795045727717699e-194,1.662376629248066917e-190,8.536700789290882150e-187,3.851059231584097501e-183,1.526159205870095398e-179,5.313112193172188875e-176,1.624903732645635645e-172,4.365518063751316488e-169,1.030323122859686807e-165,2.136193587693337831e-162,3.890785344242256384e-159,6.225345211388082787e-156,8.750222788651601619e-153,1.080449034791537131e-149,1.171976665147184973e-146,1.116768478269344185e-143,9.348390237834542295e-141,6.874482693486587203e-138,4.440917613413765681e-135,2.520199455287702973e-132,1.256396199459870354e-129,5.502345011013793780e-127,2.116891144488778815e-124,7.154490932919527285e-122,2.124165997762499917e-119,5.540228425873485296e-117,1.269393859930343134e-114,2.555021851729331721e-112,4.517751591527898049e-110,7.017454081726591029e-108,9.575607020562896314e-106,1.147843163935632355e-103,1.208727191163595111e-101,1.118158922158476520e-99,9.086743644381472005e-98,6.486979386021464373e-96,4.068237115668336088e-94,2.241297428624914571e-92,1.084731419772890215e-90,4.611842143661366579e-89,1.722487690034071497e-87,5.651546290361689829e-86,1.628950568826340816e-84,4.124563129349212133e-83,9.174394424178371792e-82,1.792694221938531671e-80,3.077260960940688479e-79,4.640359677798264375e-78,6.147068364071915039e-77,7.153413702559840135e-76,7.312860394620157630e-75,6.567339891559735213e-74,5.181069829765689435e-73,3.590677342081505697e-72,2.186045602720768335e-71,1.169139695279072322e-70,5.492824632874195964e-70,2.266960926710189745e-69,8.218769159839981045e-69,2.617444631540772237e-68,7.322290197802267087e-68,1.799292760266204724e-67,3.883499246329301598e-67,7.361799004966824429e-67,1.225589703152838893e-66,1.791640339883861145e-66,2.299433858929256514e-66,2.590239207275111929e-66,2.560005393364939322e-66,2.218615218032748123e-66,1.684651246747325631e-66,1.119449971725468464e-66,6.498147695686114337e-67,3.286120989280807078e-67,1.441580997749983707e-67,5.448083782282685108e-68,1.752537956306350962e-68,4.688993759353934101e-69,9.901408382422275533e-70,1.395275683533678171e-70,2.527936278225305928e-73,-7.587690840139511698e-72,-2.993195347812981091e-72,-7.841303751183079330e-73,-1.619269232243444920e-73,-2.779901481159480137e-74,-4.061215847421180649e-75,-5.110637454446952232e-76,-5.578552997350365225e-77,-5.304637791965728724e-78,-4.406220268377013089e-79,-3.202831474871016435e-80,-2.039776767110999580e-81,-1.139113588928568098e-82,-5.581238114352669888e-84,-2.400163936566346642e-85,-9.061794661843055129e-87,-3.004215843722455214e-88,-8.746771551188132140e-90,-2.236677138281272053e-91,-5.023714837432547149e-93,-9.911328965687494106e-95,-1.717660597529997209e-96,-2.614873449498113560e-98,-3.496860967870399069e-100,-4.107948342928829076e-102,-4.239295422512447346e-104,-3.843144518258695985e-106,-3.060593360175520169e-108,-2.141171813800227839e-110,-1.315906812881285737e-112,-7.104393648060005333e-115,-3.369438515352640135e-117,-1.403837863269314273e-119,-5.138134245219211045e-122,-1.652049855201767898e-124,-4.666273043001908725e-127,-1.157834548795016747e-129,-2.523784468380211812e-132,-4.832673501158197993e-135,-8.129280337312728515e-138,-1.201285444202118384e-140
2.289443288174634133e-215,2.911950576487598507e-211,3.253625871315535134e-207,3.193601543508341650e-203,2.753742643397586289e-199,2.085909557570727194e-195,1.388024403662034797e-191,8.113873511877008326e-188,4.166667721043451302e-184,1.879658733289091244e-180,7.449011576286034237e-177,2.593270353500234618e-173,7.930972514709557099e-170,2.130760307855256051e-166,5.028891376452459539e-163,1.042652083917601416e-159,1.899048602439301393e-156,3.038521038144096084e-153,4.270885409392166726e-150,5.273550319498922931e-147,5.720286397512163257e-144,5.450821441567872485e-141,4.562844219183564072e-138,3.355357748200538364e-135,2.167561980673145312e-132,1.230081032453007450e-129,6.132328657320436274e-127,2.685632765158425774e-124,1.033230778220529402e-121,3.492026622799035221e-119,1.036781552257434524e-116,2.704123233711410390e-114,6.195768775474194751e-112,1.247077452230136913e-109,2.205063780386010579e-107,3.425140472604481568e-105,4.673746170520424698e-103,5.602493478340245825e-101,5.899661567179265314e-99,5.457608018331281947e-97,4.435137429845336513e-95,3.166221710548777878e-93,1.985660792764491736e-91,1.093952067740394787e-89,5.294452022400851846e-88,2.250988239857774656e-86,8.407268399872753267e-85,2.758456024562273109e-83,7.950723808168212165e-82,2.013152601185348053e-80,4.477917828935746664e-79,8.749936274140731642e-78,1.501975815230447353e-76,2.264905949421758997e-75,3.000312220581965661e-74,3.491496234031231842e-73,3.569318247299061069e-72,3.205436157080976768e-71,2.528812213692232257e-70,1.752559602678754815e-69,1.066975887255623654e-68,5.706375200193986957e-68,2.680942808012849073e-67,1.106452680436381218e-66,4.011356827177882147e-66,1.277485183810114312e-65,3.573687034179851882e-65,8.781300514817670915e-65,1.895231402425195071e-64,3.592503712161005766e-64,5.980279711701872958e-64,8.741266792209974858e-64,1.121679124468155615e-63,1.263218927330430062e-63,1.248023325612000381e-63,1.081028324328673230e-63,8.202306073184575116e-64,5.444395611664750664e-64,3.155183938265257256e-64,1.591679040738857005e-64,6.956381116907140937e-65,2.613427600492954801e-65,8.323859770417453773e-66,2.186932100365269242e-66,4.437761614782735150e-67,5.462596311263901996e-68,-3.915312074043049145e-69,-4.766765238658200798e-69,-1.706867722716099288e-69,-4.326908730394367901e-70,-8.795284421608442060e-71,-1.496670435583272944e-71,-2.174838674382533098e-72,-2.727499560283164713e-73,-2.970559003247033741e-74,-2.820462239800577594e-75,-2.340388006296197294e-76,-1.700012739713100303e-77,-1.082159691919600471e-78,-6.041304365581988047e-80,-2.959330557859568025e-81,-1.272429385209070809e-82,-4.803503366838550689e-84,-1.592358637604588786e-85,-4.635896240787972850e-87,-1.185420874471120726e-88,-2.662457065217876362e-90,-5.252685376275424893e-92,-9.102929130075552093e-94,-1.385767926854784076e-95,-1.853170650069198294e-97,-2.177008254646151305e-99,-2.246608632111757018e-101,-2.036664554855182840e-103,-1.621951094333741128e-105,-1.134705540311900545e-107,-6.973590916462750225e-110,-3.764940536299109460e-112,-1.785617692937886546e-114,-7.439569150119051896e-117,-2.722928278009192089e-119,-8.754953622744435078e-122,-2.472867290592153320e-124,-6.135883994152026782e-127,-1.337466400075383396e-129,-2.561050009214175007e-132,-4.308069444364079399e-135,-6.366149062717826345e-138
9.816534612505853543e-213,1.248568321025595216e-208,1.395069759835739518e-204,1.369332896443870221e-200,1.180732893121720861e-196,8.943835156875696940e-193,5.951485966885490633e-189,3.479016955005715724e-185,1.786558248186179105e-181,8.059485513502692598e-178,3.193941529159223416e-174,1.111926568183758506e-170,3.400593786427640219e-167,9.136143455067881685e-164,2.156257222637167376e-160,4.470619701931988979e-157,8.142624206042230721e-154,1.302838427830119128e-150,1.831244069848223812e-147,2.261160584730435470e-144,2.452709342239215880e-141,2.337169809958243064e-138,1.956428378897231807e-135,1.438689730476048928e-132,9.293939412023924011e-130,5.274266059898284869e-127,2.629382296913031808e-124,1.151529156897182105e-121,4.430223604385477645e-119,1.497289772716193001e-116,4.445448395246519320e-114,1.159457386438238767e-111,2.656583761049678009e-109,5.347142264139391473e-107,9.454737323130489897e-105,1.468610737720754812e-102,2.003980234675796848e-100,2.402202810787122900e-98,2.529620719800920961e-96,2.340079705760172350e-94,1.901671031705956170e-92,1.357593126426641082e-90,8.513994530319515613e-89,4.690580536273685348e-87,2.270122625042163166e-85,9.651649025661950460e-84,3.604816809944451678e-82,1.182753770742284551e-80,3.409062225005720555e-79,8.631870890647506333e-78,1.920013701399732732e-76,3.751742761638029238e-75,6.440076689057646350e-74,9.711318110802906081e-73,1.286454196567591011e-71,1.497060212167581895e-70,1.530427268636770385e-69,1.374403246677751214e-68,1.084284064824191834e-67,7.514472696009981767e-67,4.574874686333366810e-66,2.446714665612288534e-65,1.149498129446551416e-64,4.744061405682487456e-64,1.719903525413187781e-63,5.477242760548776235e-63,1.532191649032076209e-62,3.764798716042411085e-62,8.125042272723872183e-62,1.540042281139639212e-61,2.563402822869448316e-61,3.746384193907982405e-61,4.806447017150144345e-61,5.411475099807945927e-61,5.344277447371074279e-61,4.626541262462257069e-61,3.507489889870915826e-61,2.325330017541295823e-61,1.345184121812606231e-61,6.767722804050243644e-62,2.945557712982690468e-62,1.099284425006995535e-62,3.461940887081410284e-63,8.903475095020661143e-64,1.718904507984281530e-64,1.714858239147933674e-65,-3.558972202403037489e-66,-2.538875923211764649e-66,-8.463479501679861848e-67,-2.087877134927349459e-67,-4.186365838045674913e-68,-7.068309161360693235e-69,-1.022179898118157045e-69,-1.277977668516345097e-70,-1.389027112766242725e-71,-1.317033780503781648e-72,-1.091839377466513885e-73,-7.925825479867672035e-75,-5.043027542506084686e-76,-2.814474823975288182e-77,-1.378375191685707933e-78,-5.925747098095192582e-80,-2.236776081800465308e-81,-7.414363613557445314e-83,-2.158463735085808186e-84,-5.519100299447196527e-86,-1.239560166365536660e-87,-2.445450599062450547e-89,-4.237926574630158815e-91,-6.451476326615982665e-93,-8.627430182888438407e-95,-1.013501331882959854e-96,-1.045900613534162766e-98,-9.481599851765483336e-101,-7.550909404411445573e-103,-5.282557719115086491e-105,-3.246513722553321657e-107,-1.752744799030395463e-109,-8.312830007108912977e-112,-3.463443451216885759e-114,-1.267641494114521581e-116,-4.075811066010422643e-119,-1.151227006625713671e-121,-2.856520036750382794e-124,-6.226485739771105600e-127,-1.192279740166604022e-129,-2.005592940307789457e-132,-2.963718112958116064e-135
3.697566709133306559e-210,4.702947465820842516e-206,5.254770348709068929e-202,5.157828023304264573e-198,4.447433651813920845e-194,3.368849439588048035e-190,2.241729617394013410e-186,1.310431611675951711e-182,6.729379117152586600e-179,3.035743926324256587e-175,1.203053046244012045e-171,4.188262787031182670e-168,1.280892175529813800e-164,3.441285669820100762e-161,8.121913931408099297e-158,1.683935852269528535e-154,3.067059545722718153e-151,4.907365163239687816e-148,6.897695955070592781e-145,8.517050499082262894e-142,9.238551860692107906e-139,8.803352327421937086e-136,7.369224199865165253e-133,5.419072475243963098e-130,3.500722232670407618e-127,1.986643084075455244e-124,9.904020950313641260e-122,4.337432752915428032e-119,1.668719966726546995e-116,5.639799618976955717e-114,1.674454646054871633e-111,4.367295792994445242e-109,1.000647994278735147e-106,2.014093159501294245e-104,3.561289530337489127e-102,5.531775091910383235e-100,7.548336435455038549e-98,9.048310295003997821e-96,9.528251767119203623e-94,8.814312905828382971e-92,7.162971175456567826e-90,5.113608105692313284e-88,3.206942521979063325e-86,1.766787848470684994e-84,8.550807305596147247e-83,3.635459556589283156e-81,1.357816207484509982e-79,4.455045238200552708e-78,1.284081795088388822e-76,3.251342137525103432e-75,7.232060167056862475e-74,1.413157954479923490e-72,2.425764430940972441e-71,3.657932320125162294e-70,4.845645866224046615e-69,5.638926172595452686e-68,5.764604887031746414e-67,5.176909917953263306e-66,4.084123984877997816e-65,2.830437083477280675e-64,1.723189284002855326e-63,9.215849521476774022e-63,4.329700350701708002e-62,1.786883879083032315e-61,6.478061241118445946e-61,2.062983275699064811e-60,5.770805603234923050e-60,1.417915301957133357e-59,3.059940202713423098e-59,5.799486986169632243e-59,9.652288081749966101e-59,1.410468309806951234e-58,1.809195912050465466e-58,2.036330449060672655e-58,2.010183822619509013e-58,1.739138741495884166e-58,1.317293876160564067e-58,8.721602728367531748e-59,5.035473840546553211e-59,2.525875836909332549e-59,1.094299077661286396e-59,4.053594909461394157e-60,1.260193929112222816e-60,3.159993170644826031e-61,5.722490939397685639e-62,3.893604213334946929e-63,-2.109485587541789285e-63,-1.158755309088125387e-63,-3.656133419418231333e-64,-8.815656652674900516e-65,-1.746661230645716295e-65,-2.928629374314159543e-66,-4.216921563327201501e-67,-5.257441610430076414e-68,-5.703668779939981736e-69,-5.401265662361385988e-70,-4.473892269907540595e-71,-3.245753908799927668e-72,-2.064361218685457353e-73,-1.151778900743034881e-74,-5.639673140523315826e-76,-2.424209772637920187e-77,-9.149727539265444267e-79,-3.032708073280733073e-80,-8.828385282041158776e-82,-2.257307314841785397e-83,-5.069675293686703012e-85,-1.000148587993853886e-86,-1.733222167600682239e-88,-2.638496610704492042e-90,-3.528389542143489111e-92,-4.144935205327403943e-94,-4.277427778537443373e-96,-3.877689969830029553e-98,-3.088091465630658623e-100,-2.160402899381111163e-102,-1.327722964789168196e-104,-7.168176956169283088e-107,-3.399685908679862015e-109,-1.416439085442125515e-111,-5.184252927477097173e-114,-1.666877685666398758e-116,-4.708153627334606000e-119,-1.168226109544738737e-121,-2.546435121443204235e-124,-4.876045741372101756e-127,-8.202238460987748794e-130,-1.212066611411030879e-132
1.223498207543167301e-207,1.556171462813227689e-203,1.738765682527327315e-199,1.706688164879059543e-195,1.471623781045144932e-191,1.114728029284167255e-187,7.417721935626128434e-184,4.336123873121823429e-180,2.226703109203353993e-176,1.004505812766782474e-172,3.980815929629733981e-169,1.385866007499907470e-165,4.238380005275363117e-162,1.138696656443462237e-158,2.687482855236899118e-155,5.572022518966879328e-152,1.014867925802454382e-148,1.623811807408275247e-145,2.282397939254367864e-142,2.818230701124942175e-139,3.056970308030250043e-136,2.912965915197902270e-133,2.438423241190779427e-130,1.793132073455010294e-127,1.158363787213721461e-124,6.573658958742007313e-122,3.277169239327757379e-119,1.435225275319321117e-116,5.521674248408541844e-114,1.866169096179959174e-111,5.540649888870667738e-109,1.445106739965798998e-106,3.311072181068306429e-104,6.664489278280191787e-102,1.178405068961214568e-99,1.830424555636310832e-97,2.497690185920179298e-95,2.994020735272904356e-93,3.152829909486808945e-91,2.916592675549061398e-89,2.370175581346479974e-87,1.692056093278899986e-85,1.061154178524405703e-83,5.846173674995280212e-82,2.829400491733331031e-80,1.202947340894161920e-78,4.492915785675245541e-77,1.474142257569086706e-75,4.248933639110142263e-74,1.075845496160143243e-72,2.393035973637907045e-71,4.676036057042315565e-70,8.026675248526164207e-69,1.210382473746475274e-67,1.603387442903163071e-66,1.865876929329184223e-65,1.907461657513036579e-64,1.712996315725210729e-63,1.351400560970617866e-62,9.365646511231099754e-62,5.701851807310913462e-61,3.049414308039113848e-60,1.432637151614140315e-59,5.912495894787601243e-59,2.143453516211950913e-58,6.825851881393376705e-58,1.909353510062907260e-57,4.691201501996038217e-57,1.012333700001327965e-56,1.918524449183759253e-56,3.192719456617213818e-56,4.664724634430450876e-56,5.982061793560951714e-56,6.730904252749287193e-56,6.641385352944108871e-56,5.742011171978292108e-56,4.344953665447492378e-56,2.872567666505047968e-56,1.654923292366346906e-56,8.274219438565668211e-57,3.566362695507989459e-57,1.310031391611505428e-57,4.012510981068501003e-58,9.760452356476604452e-59,1.623340085192484940e-59,3.665889257177810728e-61,-9.742685666936270442e-61,-4.561555324638728343e-61,-1.378004260501375112e-61,-3.258812314307449449e-62,-6.389594313374928941e-63,-1.064710088301770956e-63,-1.527094548285102517e-64,-1.899063742204230459e-65,-2.056755178048610789e-66,-1.945472985035940273e-67,-1.610179329696051012e-68,-1.167534062640912778e-69,-7.422962117672787923e-71,-4.140453619780799693e-72,-2.027002541740354778e-73,-8.711960298665127010e-75,-3.287878123631948813e-76,-1.089711477501349974e-77,-3.172076054181748411e-79,-8.110357542646530140e-81,-1.821463054231772904e-82,-3.593340676905629591e-84,-6.227068722803859299e-86,-9.479443811381748062e-88,-1.267653817885513425e-89,-1.489156592146302803e-91,-1.536753619502767221e-93,-1.393137231240290248e-95,-1.109456938241564777e-97,-7.761661222571987486e-100,-4.770096269584189821e-102,-2.575302307000853969e-104,-1.221400714156104430e-106,-5.088821173570137215e-109,-1.862539140354052347e-111,-5.988567052050231740e-114,-1.691491343120191329e-116,-4.197068347048318901e-119,-9.148538797235001998e-122,-1.751809508851526544e-124,-2.946805640443155049e-127,-4.354573087622812777e-130
3.556478278222544237e-205,4.523496618600546609e-201,5.054263539335035833e-197,4.961020252150761290e-193,4.277732471314667623e-189,3.240303907135054159e-185,2.156191711218251480e-181,1.260429338707875371e-177,6.472605510255872273e-174,2.919908734992606901e-170,1.157148028173888269e-166,4.028450815711958789e-163,1.232017041845726343e-159,3.309976180721896251e-156,7.812005231238384651e-153,1.619681739807620172e-149,2.950029441091952312e-146,4.720114329020561360e-143,6.634499865341921857e-140,8.192064532443675143e-137,8.886035492801299755e-134,8.467441912569294822e-131,7.088035958550564139e-128,5.212296372633798925e-125,3.367144816388022190e-122,1.910838540680045771e-119,9.526112209399747247e-117,4.171928887299001508e-114,1.605046448004336261e-111,5.424601206618260379e-109,1.610562308204633276e-106,4.200652438182749416e-104,9.624661655561098502e-102,1.937241198295946144e-99,3.425401035036134762e-97,5.320698569502938212e-95,7.260313761710160879e-93,8.703052944854370542e-91,9.164681216264354541e-89,8.477984169178669164e-87,6.889652838162082452e-85,4.918487522203587310e-83,3.084574784103711089e-81,1.699372261831113629e-79,8.224532709114574464e-78,3.496740609405446710e-76,1.306005691306991462e-74,4.285052756929803636e-73,1.235084598458446711e-71,3.127279053424264491e-70,6.956101606481165421e-69,1.359234796194207444e-67,2.333201477847576775e-66,3.518350161101083564e-65,4.660738582032453243e-64,5.423741991933022389e-63,5.544616356945264552e-62,4.979338200830160707e-61,3.928245230015860819e-60,2.722395759557460233e-59,1.657402517748317818e-58,8.863932888031334183e-58,4.164312509162509155e-57,1.718595931797788163e-56,6.230329614220521047e-56,1.984016459366341284e-55,5.549610894719967095e-55,1.363461227330139398e-54,2.942099606914975225e-54,5.575260638393691676e-54,9.276993075894417001e-54,1.355185663616821088e-53,1.737471982513429561e-53,1.954284933003411352e-53,1.927316150368342854e-53,1.665094294507090300e-53,1.258616311267646741e-53,8.307884750615241339e-54,4.774952843097551762e-54,2.378736031817102574e-54,1.019443915018639336e-54,3.709310575531725486e-55,1.116690721937670187e-55,2.617598570049357420e-56,3.865997643596777098e-57,-1.843600075723888794e-58,-3.703898732337828006e-58,-1.555505510351590276e-58,-4.536502165699122405e-59,-1.055142274740606697e-59,-2.049861254328475497e-60,-3.396783427170383293e-61,-4.854775599062258262e-62,-6.023344247543560462e-63,-6.513404496049763875e-64,-6.154519500668626540e-65,-5.090148864290029036e-66,-3.689013175162068165e-67,-2.344599131173677648e-68,-1.307481591277730150e-69,-6.399849655034412065e-71,-2.750306207829776034e-72,-1.037876694438862854e-73,-3.439672190129348757e-75,-1.001225703838626109e-76,-2.559861249960373164e-78,-5.748948554222250189e-80,-1.134124145939431996e-81,-1.965358445173381093e-83,-2.991838214562139746e-85,-4.000865166547540589e-87,-4.699938931431021055e-89,-4.850149350800419625e-91,-4.396874616329462969e-93,-3.501548561766901784e-95,-2.449650075035515598e-97,-1.505484463050772261e-99,-8.127878197953388318e-102,-3.854845928984757368e-104,-1.606075527344992285e-106,-5.878332217864961020e-109,-1.890042614235002052e-111,-5.338489976353725415e-114,-1.324630267909801718e-116,-2.887356130778584153e-119,-5.528858682259610733e-122,-9.300367203863957770e-125,-1.374339988577241239e-127
9.081686108482897731e-203,1.155102693989823685e-198,1.290637292932682786e-194,1.266827045837510057e-190,1.092345306828638071e-186,8.274315398152146560e-183,5.505968201999682687e-179,3.218583868811859761e-175,1.652819642063248171e-171,7.456166612626708745e-168,2.954848687611044797e-164,1.028689702275638760e-160,3.146031320605115575e-157,8.452227835586600508e-154,1.994843601950246839e-150,4.135956979303623800e-147,7.533081688923342494e-144,1.205310236103379917e-140,1.694160361741450104e-137,2.091894082954837942e-134,2.269103837580698925e-131,2.162213391315623984e-128,1.809973593664156887e-125,1.330991949240473804e-122,8.598211464006453301e-120,4.879443784585525054e-117,2.432551365328784327e-114,1.065327710560325040e-111,4.098584860674828755e-109,1.385205294654542680e-106,4.112669948527393775e-104,1.072662445704137471e-101,2.457716571603442167e-99,4.946864591752499118e-97,8.746972293436922478e-95,1.358673115096879090e-92,1.853965786581673297e-90,2.222378111006247956e-88,2.340257726851396855e-86,2.164905407278288893e-84,1.759315226837403355e-82,1.255966034769350655e-80,7.876651350270859840e-79,4.339451512058620411e-77,2.100184949672830351e-75,8.929141797308509738e-74,3.334965623365136483e-72,1.094214462003053181e-70,3.153864000913014161e-69,7.985697618439340663e-68,1.776282753165510780e-66,3.470888030233719814e-65,5.957969474179126230e-64,8.984314867016507296e-63,1.190146616981682513e-61,1.384983132765617383e-60,1.415847873517764466e-59,1.271499474626106516e-58,1.003095755955338295e-57,6.951747278978240334e-57,4.232228999330932056e-56,2.263421335364284128e-55,1.063356983893257887e-54,4.388387993039764398e-54,1.590873970649211664e-53,5.065948220400243146e-53,1.416983323636619638e-52,3.481176219586222386e-52,7.511270546042864089e-52,1.423253547982629820e-51,2.367928178513161143e-51,3.458438096303195094e-51,4.432858854283823389e-51,4.984115759078403440e-51,4.912622804953492140e-51,4.240830739245503943e-51,3.201811342365722930e-51,2.109789579353506283e-51,1.209444254880001450e-51,6.000989027333788837e-52,2.555440804972211443e-52,9.198293680880157764e-53,2.713825045713151538e-53,6.075402515018092028e-54,7.507790427183110616e-55,-1.277363812815531489e-55,-1.187546798069550643e-55,-4.608509066226258936e-56,-1.305619080113371130e-56,-2.993436659921655682e-57,-5.768235510499252028e-58,-9.510848837447762148e-59,-1.354979127640298906e-59,-1.677591385818646823e-60,-1.811514980147920442e-61,-1.710054286409945482e-62,-1.413381212469724760e-63,-1.023860998824069398e-64,-6.505222379340397359e-66,-3.626884677835641613e-67,-1.775012908510412687e-68,-7.627223617655566700e-70,-2.878053518506178772e-71,-9.537786238608026709e-73,-2.776174402461627359e-74,-7.097741128128313110e-76,-1.593985781910476774e-77,-3.144497312837359053e-79,-5.449148346249231025e-81,-8.295113467519346740e-83,-1.109267522570863852e-84,-1.303086687111463928e-86,-1.344730647927937787e-88,-1.219055958004181278e-90,-9.708212473710011959e-93,-6.791768297470693472e-95,-4.174023330915981980e-97,-2.253489973864429191e-99,-1.068772726098104931e-101,-4.452913188449584891e-104,-1.629792590605613304e-106,-5.240223039536790718e-109,-1.480118825415562364e-111,-3.672593046135571238e-114,-8.005315900165183894e-117,-1.532899214098534505e-119,-2.578565703744728488e-122,-3.810415059534411247e-125
2.037240576620827653e-200,2.591173104036442996e-196,2.895209800751127530e-192,2.841797690992832003e-188,2.450393193697745441e-184,1.856127911878412495e-180,1.235121066804967026e-176,7.220057573533183494e-173,3.707671901918779546e-169,1.672597465695132298e-165,6.628436143098888301e-162,2.307598365759152068e-158,7.057304761576401079e-155,1.896037949759901356e-151,4.474913888628780250e-148,9.277946056199697980e-145,1.689851366841443801e-141,2.703800694130951054e-138,3.800409077126112833e-135,4.692621454714135848e-132,5.090145547015117393e-129,4.850364572649561525e-126,4.060206005270886944e-123,2.985734998650075929e-120,1.928785587942206065e-117,1.094576574226593536e-114,5.456797654783582078e-112,2.389786228257260010e-109,9.194111406173119585e-107,3.107348568260578196e-104,9.225707643847441788e-102,2.406239802183798540e-99,5.513249260966864968e-97,1.109700681636253084e-94,1.962156216888693705e-92,3.047830504900826742e-90,4.158891062519264822e-88,4.985328489151429741e-86,5.249760804628497035e-84,4.856403377379446110e-82,3.946567066955485803e-80,2.817433790611971448e-78,1.766922266883447196e-76,9.734432937857741411e-75,4.711219662784343016e-73,2.003021098111778775e-71,7.481129186689628455e-70,2.454585854260431229e-68,7.074874094490099224e-67,1.791383550260660691e-65,3.984627906877890606e-64,7.786032450252920789e-63,1.336514832803044988e-61,2.015395734950081848e-60,2.669781014813975989e-59,3.106843492860480445e-58,3.176077429966926724e-57,2.852266475070531216e-56,2.250170781688299381e-55,1.559430002275181139e-54,9.493784818101199675e-54,5.077304639732452957e-53,2.385302484042484049e-52,9.843838183987065016e-52,3.568520377361983853e-51,1.136326350743695973e-50,3.178283688625930649e-50,7.807883146319458663e-50,1.684578203877485062e-49,3.191668324196229330e-49,5.309374574697196087e-49,7.752964571967088411e-49,9.934511477179973187e-49,1.116529629624757512e-48,1.099852326094831372e-48,9.486192230691501050e-49,7.152857528685068809e-49,4.704317663383847738e-49,2.689036454145778609e-49,1.328322919964978690e-49,5.616114403727949039e-50,1.996745797956420839e-50,5.752346089084128668e-51,1.214579846238531431e-51,1.108333575320466373e-52,-4.829970198501906936e-53,-3.252721273887290837e-53,-1.188808883708752334e-53,-3.287327866952471978e-54,-7.443405981595796650e-55,-1.423963987793756045e-55,-2.337361221360373414e-56,-3.320326650469517811e-57,-4.102992210642904381e-58,-4.424808683497014040e-59,-4.173297082786150114e-60,-3.447191342237494530e-61,-2.496118075655003987e-62,-1.585477491641229599e-63,-8.837795212877870591e-65,-4.324646161288590171e-66,-1.858116381099525753e-67,-7.010928509193959761e-69,-2.323290255314867547e-70,-6.762201469675616898e-72,-1.728826306139139791e-73,-3.882473956078027304e-75,-7.658970063247602814e-77,-1.327224237083563666e-78,-2.020391701762076712e-80,-2.701766701854072023e-82,-3.173830047259063670e-84,-3.275252840032902577e-86,-2.969153081508136913e-88,-2.364546255626049774e-90,-1.654211815916072128e-92,-1.016630021861241144e-94,-5.488624873668712458e-97,-2.603113979996057702e-99,-1.084556002722831737e-101,-3.969538746441068391e-104,-1.276313742047529346e-106,-3.604991392900467472e-109,-8.945001980245835991e-112,-1.949782178454817539e-114,-3.733543499643409488e-117,-6.280378389844737927e-120,-9.280681949117303726e-123
4.014649653207523389e-198,5.106246323040959811e-194,5.705390495327729632e-190,5.600134930335023975e-186,4.828821052454164895e-182,3.657743402151817978e-178,2.433967995445156331e-174,1.422807005042096796e-170,7.306453585335885186e-167,3.296072595778190148e-163,1.306220245589836141e-159,4.547425122564860388e-156,1.390734429638346753e-152,3.736391364289444572e-149,8.818404511114672531e-146,1.828340910955605051e-142,3.330073670092088714e-139,5.328193755598197995e-136,7.489204347565551969e-133,9.247425813076040440e-130,1.003079915520778203e-126,9.558279308168217221e-124,8.001168255621912945e-121,5.883782266146725088e-118,3.800924878645061316e-115,2.157006646308442950e-112,1.075333520360022165e-109,4.709387080544283745e-107,1.811820193763748708e-104,6.123437748309133707e-102,1.818046646359317333e-99,4.741811003553032815e-97,1.086458048873530271e-94,2.186810680977057980e-92,3.866686073263667645e-90,6.006149591454074419e-88,8.195640077783863768e-86,9.824243363462158030e-84,1.034534189137818098e-81,9.570179490997350748e-80,7.777227743254544935e-78,5.552122582914404427e-76,3.481951904790941569e-74,1.918297574118197905e-72,9.284075593284884515e-71,3.947215424718410393e-69,1.474254450602638256e-67,4.837082589422736968e-66,1.394196429047932532e-64,3.530155179047482282e-63,7.852228619216749587e-62,1.534338913087021538e-60,2.633775590026781693e-59,3.971596969624623043e-58,5.261144883235393184e-57,6.122428068026976404e-56,6.258855989014209289e-55,5.620738088538984392e-54,4.434226139156637008e-53,3.073031151764742073e-52,1.870848552204586146e-51,1.000529400615239951e-50,4.700416627413511337e-50,1.939777921950928308e-49,7.031825411191757150e-49,2.239092509878884496e-48,6.262474465671472074e-48,1.538382093692105148e-47,3.318868300680687722e-47,6.287393593381057035e-47,1.045756007707036628e-46,1.526722756194467097e-46,1.955702320360129807e-46,2.196999992281936177e-46,2.162766431232674146e-46,1.863599240393190709e-46,1.403236372206132516e-46,9.209607409718553368e-47,5.247666992326429671e-47,2.579456713426605307e-47,1.081833653766731983e-47,3.792237867926739679e-48,1.061808847193311409e-48,2.076227720303357149e-49,9.520272475640392412e-51,-1.372145440761610194e-50,-7.669655339528346727e-51,-2.674365498178027020e-51,-7.245187189955136067e-52,-1.622672475092140209e-52,-3.084280136777744137e-53,-5.042236848380333991e-54,-7.143907764277104486e-55,-8.812423579262071310e-56,-9.492379453693857785e-57,-8.945582647317527618e-58,-7.385042050044587713e-59,-5.345465153101872194e-60,-3.394410913465146624e-61,-1.891766542090034204e-62,-9.255884637473868822e-64,-3.976500324170475283e-65,-1.500293576156816774e-66,-4.971472503591746262e-68,-1.446959250325958137e-69,-3.699220393142148091e-71,-8.307318431917975223e-73,-1.638770386125513626e-74,-2.839807110545614897e-76,-4.322926768302343986e-78,-5.780808509203167125e-80,-6.790837093159077697e-82,-7.007832481290868967e-84,-6.352884123807246984e-86,-5.059245855190051958e-88,-3.539393322592056374e-90,-2.175206318220953370e-92,-1.174359179394794489e-94,-5.569683184944214099e-97,-2.320540900704333945e-99,-8.493315296858054079e-102,-2.730829689785197559e-104,-7.713320570497623018e-107,-1.913892652551249659e-109,-4.171797506011648595e-112,-7.988372941982977993e-115,-1.343763751687227847e-117,-1.985715368868622435e-120
6.949962949046665599e-196,8.839681122732305474e-192,9.876889885195850865e-188,9.694676656129629154e-184,8.359416213397140162e-180,6.332104496780974817e-176,4.213565030261897911e-172,2.463093127138706588e-168,1.264857113159044928e-164,5.705997881962204961e-161,2.261263894569014016e-157,7.872277495031072281e-154,2.407570670637007559e-150,6.468255959566151838e-147,1.526598580599015903e-143,3.165133370777579194e-140,5.764858860397526445e-137,9.223905542304690813e-134,1.296494021379880544e-130,1.600868626809457652e-127,1.736482345892114290e-124,1.654682046649958233e-121,1.385122681381698798e-118,1.018571289681173010e-115,6.579973188084167902e-113,3.734103238590933533e-110,1.861564213405103527e-107,8.152658026484707220e-105,3.136533521640174979e-102,1.060059261399280570e-99,3.147312447925151522e-97,8.208788715584519964e-95,1.880822445902856828e-92,3.785698506053834594e-90,6.693815707096613147e-88,1.039754913858720709e-85,1.418788677505742569e-83,1.700724421729920862e-81,1.790934418451765648e-79,1.656742133614867976e-77,1.346355191224787883e-75,9.611559890213689456e-74,6.027782802360583099e-72,3.320861781500364888e-70,1.607213175232610490e-68,6.833223659343522000e-67,2.552156140131723397e-65,8.373716955234911984e-64,2.413563409102630183e-62,6.111228251004176305e-61,1.359338408257468282e-59,2.656170031167574216e-58,4.559458082269751151e-57,6.875423703028522637e-56,9.107817621548692483e-55,1.059881770867544985e-53,1.083498251873282797e-52,9.730293163093692059e-52,7.676255873153450048e-51,5.319822949613478973e-50,3.238671220412403717e-49,1.732029342480496218e-48,8.136875737874529842e-48,3.357898275025478635e-47,1.217237429963784453e-46,3.875853716264982260e-46,1.083987595345998295e-45,2.662675452474522690e-45,5.743930848820858315e-45,1.088027603369816186e-44,1.809372673473795529e-44,2.640918319199857239e-44,3.381811923759397657e-44,3.797195139681085169e-44,3.735358986178246924e-44,3.215308027800472989e-44,2.417319306656963936e-44,1.582881040393679299e-44,8.987829946755956850e-45,4.393668806706504551e-45,1.826023552385793261e-45,6.296881341836106885e-46,1.703258542304142756e-46,2.997937178469273400e-47,-6.677389143098278434e-49,-3.165456918694762455e-48,-1.564514474523509021e-48,-5.253122363702522160e-49,-1.398431089466724307e-49,-3.102030058776935741e-50,-5.862207510697365218e-51,-9.548679842955086541e-52,-1.349638787752161271e-52,-1.662199105968134283e-53,-1.788513469174846145e-54,-1.684238608858516857e-55,-1.389715699368193577e-56,-1.005552645478294395e-57,-6.383766609321701836e-59,-3.557180055716613064e-60,-1.740221251180368578e-61,-7.475692530800330327e-63,-2.820339773945441043e-64,-9.345286062243370381e-66,-2.719891257284778241e-67,-6.953393962884683306e-69,-1.561498124012851326e-70,-3.080310569008249345e-72,-5.337799990675533249e-74,-8.125484638085129452e-76,-1.086572072121725170e-77,-1.276416059197640917e-79,-1.317200705033154422e-81,-1.194094461164575936e-83,-9.509401620252868419e-86,-6.652670155323435172e-88,-4.088532473225244339e-90,-2.207332838112668678e-92,-1.046880926351964694e-94,-4.361701741758219624e-97,-1.596408176571936351e-99,-5.132882048675047711e-102,-1.449799782064560967e-104,-3.597362558598022487e-107,-7.841332060169565628e-110,-1.501498665578662761e-112,-2.525745195791436093e-115,-3.732360698545523697e-118
1.056931473642856008e-193,1.344314676794482752e-189,1.502050566010506101e-185,1.474340073432809374e-181,1.271277294856881278e-177,9.629692397080009217e-174,6.407875163327782482e-170,3.745805075037584388e-166,1.923560315874617980e-162,8.677526476326653146e-159,3.438868664341749236e-155,1.197194562725794802e-151,3.661368032419489388e-148,9.836747840757261097e-145,2.321609624800715427e-141,4.813448794435842871e-138,8.767040652329362475e-135,1.402746482105109524e-131,1.971672865921056804e-128,2.434557492227011561e-125,2.640795149895704083e-122,2.516395478324530983e-119,2.106456922880811494e-116,1.549015530116646886e-113,1.000664436472902260e-110,5.678722703117453498e-108,2.831016253767722076e-105,1.239834071654509213e-102,4.769954920437992612e-100,1.612109309399649146e-97,4.786347217642237105e-95,1.248370273780930407e-92,2.860303648384047462e-90,5.757187377614356218e-88,1.017977295807634775e-85,1.581231006552542107e-83,2.157655248000788791e-81,2.586415459347106649e-79,2.723604364429848279e-77,2.519528379733570701e-75,2.047500351097454403e-73,1.461699874466956972e-71,9.166887993092626765e-70,5.050276136776266380e-68,2.444205976438982991e-66,1.039177999200556727e-64,3.881249253943072752e-63,1.273451910958966095e-61,3.670480794460709578e-60,9.293786795716839203e-59,2.067243943834447637e-57,4.039428507878946646e-56,6.933893351260757129e-55,1.045594332785632134e-53,1.385089467028212553e-52,1.611834928958078177e-51,1.647748173910664819e-50,1.479748169813240380e-49,1.167374692480250266e-48,8.090148655739568013e-48,4.925201791999469392e-47,2.633960929727472809e-46,1.237392155257252541e-45,5.106353835378929527e-45,1.851013774831354377e-44,5.893710916616563585e-44,1.648266027176297189e-43,4.048506200286079246e-43,8.732687866398365389e-43,1.653957754216060408e-42,2.750012724942022782e-42,4.012821120234854257e-42,5.136687821522523345e-42,5.764528570791795155e-42,5.666241813002593511e-42,4.871816509292379387e-42,3.656554102377290985e-42,2.388311811521964725e-42,1.350882456537965246e-42,6.563284444067922082e-43,2.699702404894632795e-43,9.133519975169387392e-44,2.367536751598691881e-44,3.574536676962030878e-45,-4.839365056252505719e-46,-6.118488050644464420e-46,-2.770241761781452476e-46,-9.018143857297863991e-47,-2.364764229763242546e-47,-5.201181067895028755e-48,-9.778415684521561492e-49,-1.587502983145662378e-49,-2.238947278300571834e-50,-2.753438583844059300e-51,-2.959740453282954757e-52,-2.785284104512899068e-53,-2.297142523515314410e-54,-1.661596298605634765e-55,-1.054628586080113856e-56,-5.875705756830689373e-58,-2.874160420938660649e-59,-1.234595557249654244e-60,-4.657485209481058156e-62,-1.543214955282272441e-63,-4.491320234296118019e-65,-1.148183725556526323e-66,-2.578401069810737013e-68,-5.086272621555275775e-70,-8.813830886141491962e-72,-1.341682619151824460e-73,-1.794145796604040534e-75,-2.107611334499532908e-77,-2.174951472468957407e-79,-1.971677347431744805e-81,-1.570182147631160850e-83,-1.098481165002389359e-85,-6.750934892367239387e-88,-3.644720115388940597e-90,-1.728596266524885505e-92,-7.201984708823057301e-95,-2.635968017291733610e-97,-8.475346283630082704e-100,-2.393889936223210982e-102,-5.939916587204399987e-105,-1.294750158110035702e-107,-2.479254279589524598e-110,-4.170476249209541401e-113,-6.162823377237177628e-116
1.412019439067839805e-191,1.795952247798729589e-187,2.006681275522750790e-183,1.969661132626548635e-179,1.698377139434121837e-175,1.286489540334791095e-171,8.560672587933689533e-168,5.004250240256123790e-164,2.569801946452531744e-160,1.159283867795656458e-156,4.594195104924732748e-153,1.599405483770958414e-149,4.891445627535445154e-146,1.314151344218439836e-142,3.101580378567923721e-139,6.430580823999135333e-136,1.171242614385238394e-132,1.874014872489702240e-129,2.634078446498335713e-126,3.252474346967892495e-123,3.527999855426699077e-120,3.361806720992230789e-117,2.814144716826193831e-114,2.069424645226452573e-111,1.336848860549453032e-108,7.586553192243089482e-106,3.782127869161864451e-103,1.656370213031993209e-100,6.372474694711415592e-98,2.153715485734922351e-95,6.394374166448102664e-93,1.667774247143452812e-90,3.821254689267193211e-88,7.691378944501167106e-86,1.359978166684911464e-83,2.112463266840083736e-81,2.882543682988250937e-79,3.455350682191116754e-77,3.638629727923380074e-75,3.365992122572040381e-73,2.735380985978158098e-71,1.952774277894713710e-69,1.224660632385938269e-67,6.746972686342227627e-66,3.265364155210216494e-64,1.388301369163978689e-62,5.185197783764697340e-61,1.701282049390217108e-59,4.903618717607797028e-58,1.241613418617246870e-56,2.761756309641921745e-55,5.396515874269970740e-54,9.263402956783874519e-53,1.396871406367164813e-51,1.850421898559606080e-50,2.153342458150031739e-49,2.201318175620510482e-48,1.976874005632217356e-47,1.559553608695743744e-46,1.080798910424364713e-45,6.579760470242071152e-45,3.518779359957585499e-44,1.653047291653735585e-43,6.821532914824882863e-43,2.472697174383134571e-42,7.872924810675591101e-42,2.201681714242522092e-41,5.407460305408939229e-41,1.166286807482974753e-40,2.208629702072268526e-40,3.671542960980546300e-40,5.356018792413863568e-40,6.853306568793779784e-40,7.686474422248648070e-40,7.549005267899703282e-40,6.482540403647917299e-40,4.856526950870994817e-40,3.163290529667722214e-40,1.781572824078901971e-40,8.596423908028734257e-41,3.494623359495047784e-41,1.156001664443018812e-41,2.839857827549207565e-42,3.347189273849538189e-43,-1.201185099442108186e-43,-1.006634268767138102e-43,-4.268048757989424063e-44,-1.354097236276424347e-44,-3.504557504041919793e-45,-7.650192880367361841e-46,-1.431586660669137846e-46,-2.317193910246115055e-47,-3.261602102590805950e-48,-4.005742334498776541e-49,-4.301960412494142297e-50,-4.045862078178872243e-51,-3.335355926196036516e-52,-2.411847650654381291e-53,-1.530500910187280216e-54,-8.525722571910408626e-56,-4.170021538354181842e-57,-1.791106397151113427e-58,-6.756577672367762021e-60,-2.238652934690905548e-61,-6.515142535218863578e-63,-1.665535844556624444e-64,-3.740140897175431432e-66,-7.377913408271958298e-68,-1.278486466692126832e-69,-1.946164153097129623e-71,-2.602472717869804989e-73,-3.057159689085588158e-75,-3.154834436349298978e-77,-2.859976272547493312e-79,-2.277594084015085159e-81,-1.593377576133066105e-83,-9.792416178322544923e-86,-5.286765250752806937e-88,-2.507375302385715696e-90,-1.044667103638062579e-92,-3.823541659796484282e-95,-1.229371433813431669e-97,-3.472400644458905565e-100,-8.616005822426083106e-103,-1.878069250044039948e-105,-3.596223669009265013e-108,-6.049385649298517285e-111,-8.939337578915844415e-114
1.657158406379995801e-189,2.107745320320418564e-185,2.355058756735756040e-181,2.311611592122811912e-177,1.993230316768720040e-173,1.509835415504650618e-169,1.004688048255582037e-165,5.873032002125463413e-162,3.015942118407325144e-158,1.360545721782767359e-154,5.391787696421063149e-151,1.877076313049762270e-147,5.740643518595409691e-144,1.542299551316872914e-140,3.640041953525079186e-137,7.546986093484513799e-134,1.374580611733459268e-130,2.199360301770943861e-127,3.091377582970862619e-124,3.817132439143808914e-121,4.140491594022755775e-118,3.945445872826667020e-115,3.302704938129147094e-112,2.428694926006271870e-109,1.568937555611925214e-106,8.903645409705083829e-104,4.438738460909052996e-101,1.943930618980875239e-98,7.478792228624314047e-96,2.527619395538033776e-93,7.504493639205960296e-91,1.957314492586839553e-88,4.484658036905524173e-86,9.026669821884265104e-84,1.596082309505514255e-81,2.479205423793659314e-79,3.382978552808637807e-77,4.055229865506411671e-75,4.270327751400101568e-73,3.950357854620823949e-71,3.210267083266486667e-69,2.291792981043294422e-67,1.437272421520114613e-65,7.918306005789926208e-64,3.832259786191477102e-62,1.629322522421349475e-60,6.085392831929207771e-59,1.996639171513373190e-57,5.754928426643353380e-56,1.457167848715182247e-54,3.241219674151261122e-53,6.333393449547773132e-52,1.087159887970076957e-50,1.639377926974815743e-49,2.171666427622996623e-48,2.527173367830678238e-47,2.583474288135060114e-46,2.320061221521692161e-45,1.830288363982184936e-44,1.268417808630982939e-43,7.721914245389773709e-43,4.129555347989411611e-42,1.939953569495322330e-41,8.005355125608368615e-41,2.901742849138621765e-40,9.238657812805777649e-40,2.583482612127276201e-39,6.344730473148217171e-39,1.368297537365605650e-38,2.590801000888719767e-38,4.305938460088141896e-38,6.279557353443708980e-38,8.031493513656996908e-38,9.002166954068070654e-38,8.832980189970663972e-38,7.574813575328918296e-38,5.663362476908688120e-38,3.677549279196030191e-38,2.061365839354853513e-38,9.869833662442434904e-39,3.958509809853083461e-39,1.274885275145595396e-39,2.921197684907223268e-40,2.108337306663210887e-41,-2.116503642766314724e-41,-1.422518860290064380e-41,-5.731664326777186392e-42,-1.779436591448158216e-42,-4.553009345109412006e-43,-9.872369663719389209e-44,-1.839694960835139513e-44,-2.969680307439100421e-45,-4.172473035682382574e-46,-5.118179779764414308e-47,-5.492082140289564712e-48,-5.162175066896500809e-49,-4.253943382792720079e-50,-3.075246641896564753e-51,-1.951104800823665367e-52,-1.086726653622621972e-53,-5.314801429563421462e-55,-2.282663743338746331e-56,-8.610485463179886771e-58,-2.852816724678163668e-59,-8.302357022757049131e-61,-2.122387807170087849e-62,-4.765999786042659839e-64,-9.401482031899313397e-66,-1.629133227857580328e-67,-2.479923743273530072e-69,-3.316224457650616017e-71,-3.895606393945875850e-73,-4.020064005174497480e-75,-3.644336242511760680e-77,-2.902231601840088911e-79,-2.030365630837714949e-81,-1.247800867575368576e-83,-6.736671263105435916e-86,-3.195027552134892744e-88,-1.331168823895106721e-90,-4.872154073739687163e-93,-1.566528435679942568e-95,-4.424711691429127555e-98,-1.097895797510029607e-100,-2.393132437116555982e-103,-4.582493115499103331e-106,-7.708438185855353171e-109,-1.139096343568305158e-111
1.708507448525850741e-187,2.173056338789966028e-183,2.428033078858613091e-179,2.383239651704757179e-175,2.054992950411946967e-171,1.556619477960952425e-167,1.035819513258903995e-163,6.055014947533029308e-160,3.109394704684559740e-156,1.402703863901013544e-152,5.558858709425226707e-149,1.935239775478719554e-145,5.918524247944589562e-142,1.590089553983129273e-138,3.752833022233738327e-135,7.780838515479411973e-132,1.417173641757531605e-128,2.267510120386951482e-125,3.187167627635371429e-122,3.935410869063431230e-119,4.268789695432686887e-116,4.067700248450696474e-113,3.405043214458014618e-110,2.503950953116596729e-107,1.617552968725686102e-104,9.179535548178481931e-102,4.576278098990915082e-99,2.004165641999037055e-96,7.710531580128668052e-94,2.605940715312250074e-91,7.737029377916379700e-89,2.017964229967142864e-86,4.623620544268716393e-84,9.306372007466134123e-82,1.645538832282463465e-79,2.556026572282169981e-77,3.487804189645548031e-75,4.180886006199304927e-73,4.402648946226972736e-71,4.072764386620378682e-69,3.309741006796560964e-67,2.362806881028418219e-65,1.481807982178342607e-63,8.163663824461784781e-62,3.951006680824422663e-60,1.679808869553041985e-58,6.273955142203174656e-57,2.058507014992863648e-55,5.933250070163610060e-54,1.502319320476443431e-52,3.341650774988190091e-51,6.529635713293024053e-50,1.120845483934159295e-48,1.690173092086596385e-47,2.238952574067400498e-46,2.605471643888007409e-45,2.663512858953843320e-44,2.391933795251437838e-43,1.886982524785898528e-42,1.307701915431542583e-41,7.961018679583665664e-41,4.257385855266394134e-40,1.999978896775043832e-39,8.252900470832436767e-39,2.991392368862630084e-38,9.523724417425297001e-38,2.663053165110325042e-37,6.539636583653259170e-37,1.410173236352017647e-36,2.669662695482249320e-36,4.435986374168363546e-36,6.467069868034521084e-36,8.267365873522732169e-36,9.260124667362959493e-36,9.076906204230928584e-36,7.772417150152547359e-36,5.798214207194938676e-36,3.752417369640023602e-36,2.092213385584043258e-36,9.930508624803876809e-37,3.921306790069394173e-37,1.222812920181594680e-37,2.550875726817179989e-38,1.364140442220723194e-40,-2.973256870809736910e-39,-1.736511147643739208e-39,-6.718194189103504995e-40,-2.047547013726918810e-40,-5.186658497618386956e-41,-1.117905938178984649e-41,-2.075325058463200728e-42,-3.341774194470566073e-43,-4.687538299299140101e-44,-5.743567853076884263e-45,-6.158449437036827963e-46,-5.785467898493057746e-47,-4.765837842464682454e-48,-3.444432409182031362e-49,-2.184951874052816608e-50,-1.216825561251437087e-51,-5.950560551118051059e-53,-2.555564359391009030e-54,-9.639497343376030379e-56,-3.193654640183448427e-57,-9.294084674161476834e-59,-2.375875985313702928e-60,-5.335175538007987224e-62,-1.052417318148598442e-63,-1.823669559381247041e-65,-2.776044299956206525e-67,-3.712196417659789423e-69,-4.360751857671305225e-71,-4.500064775665952276e-73,-4.079471307685003600e-75,-3.248757248994102846e-77,-2.272789815204516269e-79,-1.396786996210251937e-81,-7.541021346629322393e-84,-3.576509337983571335e-86,-1.490108362471490327e-88,-5.453881515648995621e-91,-1.753569355565520151e-93,-4.953014831148419306e-96,-1.228982682454771519e-98,-2.678868323939434090e-101,-5.129634835027133292e-104,-8.628812250310987902e-107,-1.275102451730135521e-109
1.547388028000863442e-185,1.968128008874587158e-181,2.199059372586970763e-177,2.158490153546662831e-173,1.861198493361670902e-169,1.409823730313542282e-165,9.381373873255504573e-162,5.484001633859670014e-158,2.816165738409811176e-154,1.270423004420141092e-150,5.034635010652095521e-147,1.752738545254009261e-143,5.360382579892108919e-140,1.440137437740099625e-136,3.398925123031252324e-133,7.047072798552187921e-130,1.283528221511956272e-126,2.053674402571430989e-123,2.886604348406645109e-120,3.564285112860817791e-117,3.866224917176089198e-114,3.684099048705646247e-111,3.083933353214759099e-108,2.267817872691249343e-105,1.465010937163011152e-102,8.313866832076703234e-100,4.144715873748558114e-97,1.815164413066201896e-94,6.983396100469641156e-92,2.360189571667272685e-89,7.007395042936181009e-87,1.827661735288408147e-84,4.187593723980154083e-82,8.428742069346690415e-80,1.490357613306775524e-77,2.314982535581848532e-75,3.158889607656409195e-73,3.786610891309169873e-71,3.987460643853236321e-69,3.688685570909730979e-67,2.997618489572797315e-65,2.139984223659885226e-63,1.342067222957023538e-61,7.393795684866624648e-60,3.578409904412143028e-58,1.521395681464241232e-56,5.682293974088337085e-55,1.864380756237303782e-53,5.373718003072393994e-52,1.360643692935926924e-50,3.026517138913539884e-49,5.913858228535461300e-48,1.015143716851530120e-46,1.530779799460545610e-45,2.027804500677841413e-44,2.359755666071258582e-43,2.412319165033213626e-42,2.166347383059156224e-41,1.709012959656216826e-40,1.184361118690919585e-39,7.210095671373455671e-39,3.855769927022437520e-38,1.811287471814942652e-37,7.474115627346247123e-37,2.709031452560468899e-36,8.624412986803110240e-36,2.411442336913947406e-35,5.921256603368503769e-35,1.276674036166784002e-34,2.416508498880486739e-34,4.014333667718159405e-34,5.850248511153394073e-34,7.474941638159690100e-34,8.366219944819547545e-34,8.191636728899740536e-34,7.002951884189620846e-34,5.211459937552712915e-34,3.360113717925841906e-34,1.862431977073102321e-34,8.752944796849218752e-35,3.394308444606046175e-35,1.017443826015637991e-35,1.857145374962023336e-36,-1.879810413161392109e-37,-3.470874848379928584e-37,-1.838174294950227756e-37,-6.880110001827437491e-38,-2.063884085229130106e-38,-5.181908955776693334e-39,-1.110896024034213835e-39,-2.055266460620246435e-40,-3.302046205110431949e-41,-4.624842016395106038e-42,-5.660954638783227836e-43,-6.065615557736624073e-44,-5.695502382487768314e-45,-4.690157072425632626e-46,-3.388946900214589548e-47,-2.149406910385428980e-48,-1.196895010776604213e-49,-5.852634368638283937e-51,-2.513370081887392201e-52,-9.479977583810743110e-54,-3.140719877348992275e-55,-9.139863715210757658e-57,-2.336421310981719405e-58,-5.246529453950322485e-60,-1.034924334088253598e-61,-1.793348981426981857e-63,-2.729880832594259291e-65,-3.650457442796186409e-67,-4.288219914583774116e-69,-4.425210896967434045e-71,-4.011610545151823597e-73,-3.194713481197715376e-75,-2.234980650858975171e-77,-1.373550288518086408e-79,-7.415568880380771062e-82,-3.517010069084110715e-84,-1.465318599213809242e-86,-5.363149239116942883e-89,-1.724396417988566338e-91,-4.870614754124831305e-94,-1.208536873715965949e-96,-2.634301644585491318e-99,-5.044296213389820265e-102,-8.485259876387492671e-105,-1.253889330706218226e-107
1.231150347495895098e-183,1.565904245215683605e-179,1.749640466213435761e-175,1.717362325750169481e-171,1.480827775836689148e-167,1.121699886566850306e-163,7.464114685550562129e-160,4.363243346218848874e-156,2.240629605961281538e-152,1.010788305877541208e-148,4.005713195858860300e-145,1.394533646383190901e-141,4.264888157668804624e-138,1.145818420996834778e-134,2.704291212418905519e-131,5.606871688126937739e-128,1.021215226778678625e-124,1.633967633588719352e-121,2.296672768748781888e-118,2.835856795980948753e-115,3.076089554832055936e-112,2.931184513417348491e-109,2.453673901206515871e-106,1.804346880919636189e-103,1.165608555591445135e-100,6.614772670580947575e-98,3.297665676112811604e-95,1.444201620440096069e-92,5.556208512606513276e-90,1.877840695169270551e-87,5.575302820817382164e-85,1.454144880289002816e-82,3.331780632503240650e-80,6.706170994729146953e-78,1.185775161822400581e-75,1.841872556981920705e-73,2.513311431618980593e-71,3.012746123819653780e-69,3.172548463221611922e-67,2.934833653878381112e-65,2.384999047428309524e-63,1.702638381010911870e-61,1.067790645808936222e-59,5.882734931927510939e-58,2.847094689230764406e-56,1.210469881400086932e-54,4.521010182231340130e-53,1.483359329020720835e-51,4.275496775900125976e-50,1.082570180351282927e-48,2.407990081349903084e-47,4.705246006460846035e-46,8.076789609975518156e-45,1.217933834127968521e-43,1.613380020154739930e-42,1.877487631448271062e-41,1.919305180304488458e-40,1.723599080725807698e-39,1.359727619131625143e-38,9.422983456311805523e-38,5.736434779745561568e-37,3.067661890000004080e-36,1.441043556045030332e-35,5.946206926987880292e-35,2.155165554679684087e-34,6.860829875678052438e-34,1.918209753310106826e-33,4.709698919527864945e-33,1.015317843398253931e-32,1.921445745138084163e-32,3.191060994613956908e-32,4.648637395877842811e-32,5.936260028668343006e-32,6.638599721266873394e-32,6.492229484382195542e-32,5.540242224644639026e-32,4.111882207221753648e-32,2.640209207719391606e-32,1.453753655331562159e-32,6.755861495439789040e-33,2.564816864779894608e-33,7.317171767919842576e-34,1.086125530738360639e-34,-3.226259641655580999e-35,-3.433627555442592576e-35,-1.691797827904639470e-35,-6.161205737026542100e-36,-1.823008519279151653e-36,-4.541320629778772331e-37,-9.688790165936663897e-38,-1.786974242743189264e-38,-2.865131749053154074e-39,-4.007381673320661252e-40,-4.900570011117709413e-41,-5.247500281616303704e-42,-4.925119329498153513e-43,-4.054510315289722057e-44,-2.929023483348313459e-45,-1.857428093241343915e-46,-1.034199428070120559e-47,-5.056710934111845729e-49,-2.171456699489181353e-50,-8.190052182090495536e-52,-2.713300004208458123e-53,-7.895885092584077586e-55,-2.018398919983789106e-56,-4.532358850768946148e-58,-8.940425776255958016e-60,-1.549218294861110662e-61,-2.358252149341574758e-63,-3.153500908531972403e-65,-3.704436077767252314e-67,-3.822773782956267581e-69,-3.465477545398412861e-71,-2.759789950807840156e-73,-1.930713062830259677e-75,-1.186556516645245103e-77,-6.406019637007047998e-80,-3.038206955721726013e-82,-1.265831121280499180e-84,-4.633013484806772992e-87,-1.489638118272553191e-89,-4.207532050071972633e-92,-1.044007335376003147e-94,-2.275669251797396635e-97,-4.357568429676192568e-100,-7.330081094570318369e-103,-1.083185496832807819e-105
8.605031316845027592e-182,1.094476811598867931e-177,1.222897839862400915e-173,1.200337280130517915e-169,1.035013263152359043e-165,7.840035680159538198e-162,5.216985947517936924e-158,3.049655609779092439e-154,1.566070948845431388e-150,7.064827658510841466e-147,2.799762642049214372e-143,9.746986404967546048e-140,2.980911001990462145e-136,8.008610334340318610e-133,1.890143687163855103e-129,3.918880140338863298e-126,7.137705825700345221e-123,1.142049197018048653e-119,1.605241889397497433e-116,1.982100446858820398e-113,2.150009298713662159e-110,2.048729026808702160e-107,1.714976631686832671e-104,1.261134470504483863e-101,8.146931967933047545e-99,4.623344833086356040e-96,2.304878235960396410e-93,1.009413691387527505e-90,3.883469499658742372e-88,1.312502410132287131e-85,3.896815319346728143e-83,1.016363456250185641e-80,2.328722621644671870e-78,4.687226985928279717e-76,8.287884901747520740e-74,1.287362750637307124e-71,1.756659819160789244e-69,2.105735876137342522e-67,2.217428492920112605e-65,2.051279535184437513e-63,1.666976831780682706e-61,1.190046055223336781e-59,7.463240835028189676e-58,4.111692391926608467e-56,1.989954909684795262e-54,8.460485703757566865e-53,3.159924960810440521e-51,1.036782403691322535e-49,2.988324705309807324e-48,7.566537571589025027e-47,1.683044997799079559e-45,3.288692189575364552e-44,5.645201651919453734e-43,8.512636633472162637e-42,1.127656067706500585e-40,1.312249693231620342e-39,1.341475005389581844e-38,1.204685254758925811e-37,9.503586492751837452e-37,6.585997626694479057e-36,4.009328747288812808e-35,2.144035865169212962e-34,1.007150647732074803e-33,4.155727013570928901e-33,1.506166012837100141e-32,4.794548275927408204e-32,1.340407486299915770e-31,3.290716690788484149e-31,7.093117247109610349e-31,1.342066096271075755e-30,2.228190847431356123e-30,3.244573718300052521e-30,4.140727466399515138e-30,4.626470222871183057e-30,4.518499787739050992e-30,3.848385926020873838e-30,2.847773310378988718e-30,1.820157393574644437e-30,9.947992403155288456e-31,4.563916964294943994e-31,1.689602357439350449e-31,4.523925947858751048e-32,4.620547165536745450e-33,-3.568305265532481490e-33,-2.909944112378217611e-33,-1.356471881569674900e-33,-4.827810984825366813e-34,-1.411472743330802236e-34,-3.491660810813654364e-35,-7.417070548941325693e-36,-1.364144392319802297e-36,-2.183115020954878281e-37,-3.049623369177789256e-38,-3.726140230747106572e-39,-3.987573255686143626e-40,-3.741069239355279063e-41,-3.078892065646093541e-42,-2.223788163720087276e-43,-1.410012652942263426e-44,-7.850073965832437334e-46,-3.838031908848388173e-47,-1.648053735209606097e-48,-6.215738082858079064e-50,-2.059178317789941116e-51,-5.992251624738469237e-53,-1.531762346045627936e-54,-3.439579001417852205e-56,-6.784796665848341131e-58,-1.175681262921615342e-59,-1.789641579142278962e-61,-2.393139269038485272e-63,-2.811231118951122972e-65,-2.901032867672209159e-67,-2.629885632404566943e-69,-2.094351674848970177e-71,-1.465180664739648140e-73,-9.004545106734257524e-76,-4.861402146268157268e-78,-2.305635179803364919e-80,-9.606141350388976063e-83,-3.515901871822995981e-85,-1.130456726291588291e-87,-3.193012267284082715e-90,-7.922763581338007132e-93,-1.726960015968941225e-95,-3.306871757877134928e-98,-5.562652290464389691e-101,-8.220078579508209067e-104
5.283519590818165340e-180,6.720126241096549133e-176,7.508635885884767086e-172,7.370113253096701810e-168,6.355017955503350730e-164,4.813809570657459800e-160,3.203247779560533781e-156,1.872499304909255766e-152,9.615730883670770446e-149,4.337829110094282397e-145,1.719064140991990072e-141,5.984684044232986430e-138,1.830289873164617598e-134,4.917315003121631276e-131,1.160554893161263815e-127,2.406206233666404093e-124,4.382576561876850476e-121,7.012222366086956741e-118,9.856241840696171120e-115,1.217016668064200071e-111,1.320113295549706115e-108,1.257926851230769562e-105,1.053001702996587420e-102,7.743410146769883668e-100,5.002244973833990291e-97,2.838750040369124184e-94,1.415203369268432864e-91,6.197835680230264564e-89,2.384463974596344187e-86,8.058811105327698503e-84,2.392658354180522822e-81,6.240507477300146958e-79,1.429843904538479348e-76,2.877973902479223456e-74,5.088790559150488002e-72,7.904452682069507159e-70,1.078595321256625671e-67,1.292929247674796192e-65,1.361508903312878305e-63,1.259492852055111711e-61,1.023529632886464166e-59,7.306924527749176739e-58,4.582455989909818288e-56,2.524593466078826222e-54,1.221839218072150587e-52,5.194767357763979560e-51,1.940204692889401570e-49,6.365878746043419972e-48,1.834841173596408101e-46,4.645878089840672011e-45,1.033394715840605201e-43,2.019266230151439881e-42,3.466167896856046535e-41,5.226776347606886083e-40,6.923824216910839266e-39,8.057219777134178391e-38,8.236645930524820332e-37,7.396735587612285302e-36,5.835151744976741392e-35,4.043742658186747213e-34,2.461669647615803409e-33,1.316390266000198684e-32,6.183568926440961213e-32,2.551411785893288654e-31,9.246775877852554412e-31,2.943351991472036010e-30,8.228078828896285543e-30,2.019784072331916636e-29,4.352952870287083645e-29,8.234241730536151736e-29,1.366665822100794736e-28,1.989142498946531839e-28,2.536837260756488530e-28,2.831650270720728713e-28,2.761578711677898990e-28,2.346973388525891878e-28,1.731079538908278868e-28,1.100785520987897246e-28,5.966165945518315961e-29,2.696902051081451774e-29,9.687182423446306647e-30,2.384141783872465740e-30,8.564972739789179399e-32,-3.066496862252640966e-31,-2.126735409060674714e-31,-9.488786977665141198e-32,-3.311943619165440176e-32,-9.581778660004839584e-33,-2.355582042803887074e-33,-4.984211215553848855e-34,-9.143566533503986866e-35,-1.460807345535819967e-35,-2.038273548648779762e-36,-2.488476595691402848e-37,-2.661629725946025315e-38,-2.496156713918537220e-39,-2.053796994075108004e-40,-1.483125171456893207e-41,-9.402700121658268254e-43,-5.234377988934470085e-44,-2.559017236716966370e-45,-1.098796693625055663e-46,-4.144056284921124702e-48,-1.372833229671346132e-49,-3.994914566887768647e-51,-1.021184908845554984e-52,-2.293058696118016220e-54,-4.523186971819867563e-56,-7.837828854745256741e-58,-1.193084419981661364e-59,-1.595410113260785387e-61,-1.874132955670852952e-63,-1.933998488793547678e-65,-1.753234824387969750e-67,-1.396216145871753078e-69,-9.767740237716181286e-72,-6.002948441232248747e-74,-3.240890237713119338e-76,-1.537068850912611232e-78,-6.404005178424629840e-81,-2.343901873692403306e-83,-7.536272758064621889e-86,-2.128645019282015554e-88,-5.281768294886459602e-91,-1.151290513736188942e-93,-2.204550203301463513e-96,-3.708382745561185234e-99,-5.479975353383073171e-102
2.849861095079635434e-178,3.624747859704450387e-174,4.050059609031911401e-170,3.975342319697538464e-166,3.427813244299168338e-162,2.596505677461350945e-158,1.727789793896570202e-154,1.010001539295375628e-150,5.186598984840436841e-147,2.339768066619907638e-143,9.272406264699811598e-140,3.228059995013501158e-136,9.872343260179999365e-133,2.652335148710078426e-129,6.259880713728628391e-126,1.297876049131781672e-122,2.363904254570555068e-119,3.782300674298862229e-116,5.316327437119603128e-113,6.564428114091173346e-110,7.120517786189885810e-107,6.785092270515194967e-104,5.679752927417426584e-101,4.176693762544758165e-98,2.698145259570351230e-95,1.531184499024100963e-92,7.633421157429935128e-90,3.343031188003636344e-87,1.286148559625335317e-84,4.346816896502708638e-82,1.290568499916348554e-79,3.366047792486263632e-77,7.712390272585520975e-75,1.552341332230569673e-72,2.744826804112100808e-70,4.263557973944270386e-68,5.817801509188385109e-66,6.973890541477510162e-64,7.343800169276631531e-62,6.793538954358485457e-60,5.520784312670822371e-58,3.941259009593960956e-56,2.471716466962211721e-54,1.361732468093663937e-52,6.590439625274983098e-51,2.801988886209717658e-49,1.046520712520549418e-47,3.433670361009588194e-46,9.896888045923671117e-45,2.505924073794142491e-43,5.573990427626384985e-42,1.089164298972321613e-40,1.869602035158337836e-39,2.819247166406815702e-38,3.734605918999409150e-37,4.345935341584876046e-36,4.442704738872883319e-35,3.989658495516009717e-34,3.147355104104703792e-33,2.181093015568733131e-32,1.327749915276958337e-31,7.100112274916836462e-31,3.335118272064329463e-30,1.376069607494424495e-29,4.986923867249399497e-29,1.587302309185365262e-28,4.436905154332979230e-28,1.089018903644897175e-27,2.346610186498662417e-27,4.437874463561532914e-27,7.363117048528575709e-27,1.071138627853017033e-26,1.365066477507360727e-26,1.522073206958279114e-26,1.482065364823218219e-26,1.256586140483126752e-26,9.234943214854195449e-27,5.839119131010919336e-27,3.134947620538891924e-27,1.392970871940498166e-27,4.822782138297631618e-28,1.055486792588081669e-28,-6.979008760851892697e-30,-2.166783881297721033e-29,-1.346262793919426340e-29,-5.797472736763257513e-30,-1.990017681423767791e-30,-5.704315551582384918e-31,-1.394544548730315093e-31,-2.940304848699327557e-32,-5.381500518526662296e-33,-8.584322711526923568e-34,-1.196513924941527700e-34,-1.459739182243379122e-35,-1.560533729157321987e-36,-1.463011270846305367e-37,-1.203453628537132390e-38,-8.689149668540256968e-40,-5.508097328485902693e-41,-3.066047615945776983e-42,-1.498864730287150044e-43,-6.435605236777604617e-45,-2.427088949145643019e-46,-8.040247871310034788e-48,-2.339662870285623675e-49,-5.980618108557286372e-51,-1.342931884688569255e-52,-2.648996269864847837e-54,-4.590195457009940611e-56,-6.987238946673996169e-58,-9.343424375295436245e-60,-1.097573597328893079e-61,-1.132632575447304329e-63,-1.026769054579526194e-65,-8.176833870122972499e-68,-5.720401407722099667e-70,-3.515579603705814862e-72,-1.898001665866066202e-74,-9.001721012577478133e-77,-3.750454268277985747e-79,-1.372687271785955598e-81,-4.413557362190032109e-84,-1.246623761393330350e-86,-3.093224891434777935e-89,-6.742439724234458230e-92,-1.291076976411595562e-94,-2.171784317038046114e-97,-3.209303166251451158e-100
1.350372443071477575e-176,1.717543227379787288e-172,1.919072090312041135e-168,1.883668200377751849e-164,1.624228125745701003e-160,1.230323022120548229e-156,8.186924370195367659e-153,4.785770957324081222e-149,2.457607619712207100e-145,1.108670989542593423e-141,4.393618314389275894e-138,1.529577448307952331e-134,4.677891252345701884e-131,1.256777146361820239e-127,2.966169273059423950e-124,6.149829738332606304e-121,1.120107632237420594e-117,1.792197735800200903e-114,2.519077888305162491e-111,3.110475399999218255e-108,3.373971810509252300e-105,3.215034459518085365e-102,2.691282690776007535e-99,1.979076162509873766e-96,1.278483716940681946e-93,7.255333798710495711e-91,3.617004910613273268e-88,1.584055166486324611e-85,6.094260435934808820e-83,2.059686964783854649e-80,6.115203789621509079e-78,1.594961306683089054e-75,3.654423472091657686e-73,7.355582895698271343e-71,1.300603201978668039e-68,2.020235716449427639e-66,2.756695334947583667e-64,3.304494221385972263e-62,3.479771439039758451e-60,3.219036757966677913e-58,2.615957251332308334e-56,1.867518160643198719e-54,1.171193088699008208e-52,6.452405194815976043e-51,3.122800286912474305e-49,1.327688556103101217e-47,4.958811519564627993e-46,1.627002909370260742e-44,4.689519275919468287e-43,1.187401210815112270e-41,2.641165835952972532e-40,5.160867018468777240e-39,8.858867054722969908e-38,1.335862609957676031e-36,1.769590969890566694e-35,2.059257307943178340e-34,2.105104812256805686e-33,1.890429336944911965e-32,1.491311128248216882e-31,1.033459678239561433e-30,6.291165476723800909e-30,3.364136226197475182e-29,1.580193768881137441e-28,6.519679887657830679e-28,2.362651515197379927e-27,7.519681890662136194e-27,2.101750391003677751e-26,5.157993053291076230e-26,1.111236290097957599e-25,2.100998167519408189e-25,3.484552083908137765e-25,5.066310698804640628e-25,6.451379084943885384e-25,7.184987816979673757e-25,6.984034505725494474e-25,5.906128273897032810e-25,4.323250558556059840e-25,2.716186085213331544e-25,1.442692331050239789e-25,6.282982174104599366e-26,2.078216084202784588e-26,3.815501518808898352e-27,-9.274197779200817540e-28,-1.290502917636894534e-27,-7.403570502131459498e-28,-3.096567028557847651e-28,-1.047691817088284974e-28,-2.978693729849517479e-29,-7.245695867937449365e-30,-1.522816784014973516e-30,-2.781256040048971974e-31,-4.430239546230419998e-32,-6.169068769982612850e-33,-7.521239307122994666e-34,-8.036902901040704626e-35,-7.532265401414181054e-36,-6.194577081007671920e-37,-4.471909234259086991e-38,-2.834463507143335066e-39,-1.577668477771214920e-40,-7.712171119278366098e-42,-3.311218170341835415e-43,-1.248742916955108275e-44,-4.136652637289414653e-46,-1.203725594504990767e-47,-3.076922121829045790e-49,-6.909104715026488590e-51,-1.362847581959779102e-52,-2.361542833135692546e-54,-3.594755355064956750e-56,-4.806945368105247932e-58,-5.646720873660660442e-60,-5.827085731895486260e-62,-5.282444153156291627e-64,-4.206754480703642875e-66,-2.942987318477700011e-68,-1.808667554697619389e-70,-9.764687503050731419e-73,-4.631133203011301348e-75,-1.929503508272077787e-77,-7.062090640382699105e-80,-2.270651290260598109e-82,-6.413528959594758761e-85,-1.591377266894073557e-87,-3.468795697776538313e-90,-6.642228056641822994e-93,-1.117321965937648114e-95,-1.651096235882246529e-98
5.620991707300527023e-175,7.149358154904879716e-171,7.988231958302835471e-167,7.840861525243396500e-163,6.760929454998572417e-159,5.121280088409985089e-155,3.407847533417116314e-151,1.992100698009239707e-147,1.022991258528336407e-143,4.614897519802985125e-140,1.828865231730855590e-136,6.366941355119132297e-133,1.947195240243991923e-129,5.231396681602277726e-126,1.234682547901271557e-122,2.559896874207178379e-119,4.662503107464837472e-116,7.460111217747483379e-113,1.048578560137008909e-109,1.294750682937846447e-106,1.404432359709540784e-103,1.338273905673796234e-100,1.120259656049079372e-97,8.238001859342582352e-95,5.321751348685989793e-92,3.020068375938212257e-89,1.505596082629078040e-86,6.593707534454070376e-84,2.536765877768269659e-81,8.573548283936498699e-79,2.545483650661107303e-76,6.639104873402964678e-74,1.521171740594997537e-71,3.061797548599575910e-69,5.413824774789316657e-67,8.409330485821019921e-65,1.147487982824562977e-62,1.375511957651736290e-60,1.448471954500339540e-58,1.339939854420103343e-56,1.088905039279312295e-54,7.773635861990860855e-53,4.875148537863718787e-51,2.685845164054011827e-49,1.299880817210718200e-47,5.526567936371478518e-46,2.064129162044311286e-44,6.772477184314554263e-43,1.952034455170719935e-41,4.942612292419173752e-40,1.099397109550339632e-38,2.148233039840484277e-37,3.687539033418632334e-36,5.560576680833832911e-35,7.365976996855976129e-34,8.571705841381218736e-33,8.762523421165761602e-32,7.868903800421900321e-31,6.207541676051787665e-30,4.301713548221279320e-29,2.618630050826061830e-28,1.400262919143094731e-27,6.577128284446025064e-27,2.713550244147618275e-26,9.833105429951277932e-26,3.129399792839722631e-25,8.745820038936005449e-25,2.146049213089186306e-24,4.622517106612884837e-24,8.737213402003879080e-24,1.448485799948657971e-23,2.104740939927753449e-23,2.677814460146106030e-23,2.978505557534872284e-23,2.889714120695383662e-23,2.436736811084577463e-23,1.775794311357821332e-23,1.107752421661897804e-23,5.812001312866899901e-24,2.471853637133237561e-24,7.715132693328599276e-25,1.052299911030325692e-25,-6.557346545574768993e-26,-6.564020825008330766e-26,-3.544780837823779760e-26,-1.446919960886547177e-26,-4.834468385710294559e-27,-1.364531437140819084e-27,-3.304317102877409993e-28,-6.924476697527950358e-29,-1.262246216336668219e-29,-2.008014083894251353e-30,-2.793668768794311827e-31,-3.403930235346402935e-32,-3.635779324703864845e-33,-3.406495928115654281e-34,-2.800953754046507171e-35,-2.021743099866344177e-36,-1.281330352318704591e-37,-7.131422271807356066e-39,-3.485910395116393962e-40,-1.496624306411650562e-41,-5.644011043907703130e-43,-1.869634671183356713e-44,-5.440392298598275205e-46,-1.390643294133590522e-47,-3.122616012903579348e-49,-6.159456507936307363e-51,-1.067307942796105308e-52,-1.624659748369008060e-54,-2.172509504848808491e-56,-2.552045492482118577e-58,-2.633559981033584815e-60,-2.387407321219623886e-62,-1.901247401734118954e-64,-1.330086117826835747e-66,-8.174290161652506183e-69,-4.413159290061649710e-71,-2.093044651046703716e-73,-8.720407302043298616e-76,-3.191717672860422518e-78,-1.026222691044942778e-80,-2.898599558254691419e-83,-7.192242231264994861e-86,-1.567724964002757619e-88,-3.001960214057486345e-91,-5.049745423763500959e-94,-7.462142417161054647e-97
2.055425906402420074e-173,2.614303085815796347e-169,2.921053751444217792e-165,2.867164861063011346e-161,2.472266510394018827e-157,1.872696548188827528e-153,1.246146315454718616e-149,7.284507069333602374e-146,3.740768256374962744e-142,1.687527826321284496e-138,6.687604558699803694e-135,2.328197031290180811e-131,7.120301452174092643e-128,1.912962841066873382e-124,4.514858991582462036e-121,9.360765193992415445e-118,1.704935743502408848e-114,2.727936040459621844e-111,3.834333245106654154e-108,4.734509913151764479e-105,5.135582484697331684e-102,4.893661116618336781e-99,4.096449236584568009e-96,3.012387016234898240e-93,1.946002797720131420e-90,1.104347257800092386e-87,5.505507485676647552e-85,2.411118533368426910e-82,9.276182162969988214e-80,3.135086148341465410e-77,9.308060405760625263e-75,2.427718958708175461e-72,5.562462926058767050e-70,1.119606345767349087e-67,1.979671245295157207e-65,3.075036673812277308e-63,4.196014923833814781e-61,5.029829305014345352e-59,5.296621820930414481e-57,4.899752875237963405e-55,3.981794800714178959e-53,2.842582347815597256e-51,1.782693600459516181e-49,9.821318906763624979e-48,4.753268618387180583e-46,2.020897614467924546e-44,7.547891212030014304e-43,2.476488193864178124e-41,7.137992992688663157e-40,1.807361715613714887e-38,4.020156639569389492e-37,7.855422754430450797e-36,1.348417844984620158e-34,2.033327164498982089e-33,2.693501133655656805e-32,3.134390993578110972e-31,3.204157294974545664e-30,2.877378854948108591e-29,2.269864054721158184e-28,1.572961022908066253e-27,9.575143428316693478e-27,5.120037025441429855e-26,2.404855112313176579e-25,9.921443469477903671e-25,3.595053454701040827e-24,1.144046619888147433e-23,3.196961345822306673e-23,7.843516418632158098e-23,1.689099728110870523e-22,3.191640247830689335e-22,5.288826702740368459e-22,7.679977928703981231e-22,9.761764752157231234e-22,1.084273119238344674e-21,1.049762624285755924e-21,8.824179298135467049e-22,6.399127189538834341e-22,3.959900400449747577e-22,2.048536233161186463e-22,8.469207977958076787e-23,2.449752915407782001e-23,1.720185630199294220e-24,-3.468572427177674374e-24,-2.873614723451724272e-24,-1.480045679278838993e-24,-5.918086319302893633e-25,-1.955770934106214204e-25,-5.484514297224125227e-26,-1.322735767858792473e-26,-2.764600650678818043e-27,-5.030682558563493588e-28,-7.993445831970530264e-29,-1.111194150391641838e-29,-1.353172826497338118e-30,-1.444782497214820961e-31,-1.353307449270505207e-32,-1.112534765412541922e-33,-8.029291375737535560e-35,-5.088303578620820907e-36,-2.831786983795017218e-37,-1.384144579436887516e-38,-5.942437453570870338e-40,-2.240940391755815737e-41,-7.423225402925982931e-43,-2.160038680267739673e-44,-5.521331863213504820e-46,-1.239779486405091091e-47,-2.445494490564536321e-49,-4.237531508530058292e-51,-6.450373353760768479e-53,-8.625486119374111380e-55,-1.013234413951381708e-56,-1.045597344936282095e-58,-9.478674186008323803e-61,-7.548481224121801012e-63,-5.280810903851213674e-65,-3.245419510239157847e-67,-1.752146244986350796e-69,-8.309965322465461304e-72,-3.462242367978237465e-74,-1.267199958451855170e-76,-4.074387064383240600e-79,-1.150823934013979226e-81,-2.855518409665696851e-84,-6.224300176405459878e-87,-1.191860932917413270e-89,-2.004888085844846130e-92,-2.962676160699690301e-95
6.602679414908158572e-172,8.397970033986310813e-168,9.383350387101964665e-164,9.210242192783564378e-160,7.941703539640666944e-156,6.015694805918133846e-152,4.003016892696635921e-148,2.340014530546334112e-144,1.201653316004493511e-140,5.420874187789398584e-137,2.148270527154439004e-133,7.478906714394474077e-130,2.287266482323687819e-126,6.145042899783076740e-123,1.450315792555979252e-119,3.006974440740533758e-116,5.476793934642037426e-113,8.762995096664110002e-110,1.231709355621446515e-106,1.520874629694723994e-103,1.649711850411342770e-100,1.571999040019940654e-97,1.315909318981024502e-94,9.676741778083091906e-92,6.251177710841916961e-89,3.547513380113265239e-86,1.768543483983903696e-83,7.745276855887993933e-81,2.979803689168015364e-78,1.007089026998742477e-75,2.990043989537241029e-73,7.798602674763929181e-71,1.786839373305412670e-68,3.596530396869318763e-66,6.359331409377888087e-64,9.877992276212196626e-62,1.347892961978444707e-59,1.615740558349588920e-57,1.701442759881953211e-55,1.573955867636549546e-53,1.279078636054721979e-51,9.131274914569061385e-50,5.726576406227320498e-48,3.154918567818199761e-46,1.526900298035431708e-44,6.491762247304137475e-43,2.424621142825380835e-41,7.955261540570180169e-40,2.292948171271762217e-38,5.805813569760072670e-37,1.291400113765497614e-35,2.523406257648484424e-34,4.331534452562455535e-33,6.531667528179658518e-32,8.652334333444120282e-31,1.006858247103964539e-29,1.029265944488006148e-28,9.242912519359521751e-28,7.291364513427720356e-27,5.052692568159211717e-26,3.075703098833565920e-25,1.644613842844000891e-24,7.724456090183260561e-24,3.186668622424774416e-23,1.154630786223395948e-22,3.674064374701367394e-22,1.026574895809767623e-21,2.518214092366249620e-21,5.421688239740863149e-21,1.024107375841875543e-20,1.696202290278784189e-20,2.461325255152670132e-20,3.125258841686816811e-20,3.466022851816244246e-20,3.348041569053948363e-20,2.804531904999373107e-20,2.022673148160537606e-20,1.240371613946608484e-20,6.312908366672285607e-21,2.521910137096971617e-21,6.573889950859078868e-22,-1.895379789016997282e-23,-1.487670351291885729e-22,-1.088191190419565371e-22,-5.395525536147742088e-23,-2.119809908672001886e-23,-6.938095383986515768e-24,-1.934388617481022713e-24,-4.648214770314067403e-25,-9.691788509883217362e-26,-1.760768918618122497e-26,-2.794715392721591121e-27,-3.882133434401596456e-28,-4.725101844022021977e-29,-5.043200998649527627e-30,-4.722731601858337221e-31,-3.881824584178351979e-32,-2.801222595793679750e-33,-1.775036116529423827e-34,-9.878010129486080085e-36,-4.828060137130110199e-37,-2.072733580593440087e-38,-7.816287673853162463e-40,-2.589147793511018243e-41,-7.533928606757820014e-43,-1.925754278661709480e-44,-4.324136565170404404e-46,-8.529433742084044770e-48,-1.477969396801282559e-49,-2.249762364517302191e-51,-3.008395158335781546e-53,-3.533953955741541385e-55,-3.646827195488088299e-57,-3.305964146315209760e-59,-2.632752323718380407e-61,-1.841836008678046581e-63,-1.131934058890231994e-65,-6.111116974929674039e-68,-2.898340648063788916e-70,-1.207557064499432760e-72,-4.419725861184774772e-75,-1.421060137745450310e-77,-4.013830710782681333e-80,-9.959444728267956544e-83,-2.170904340724690630e-85,-4.156958992428779944e-88,-6.992625813922043895e-91,-1.033318811744078085e-93
1.863237000451986268e-170,2.369857373459621899e-166,2.647925869303712816e-162,2.599075762783688174e-158,2.241101672794714291e-154,1.697593422528563114e-150,1.129627643448075224e-146,6.603382325460012592e-143,3.390994442406495818e-139,1.529738569265239912e-135,6.062292111493198752e-132,2.110503151449178634e-128,6.454530459451764576e-125,1.734094688038433972e-121,4.092705214369978419e-118,8.485503664956674088e-115,1.545518790411520704e-111,2.472865282820347255e-108,3.475810804901012831e-105,4.291818071068032997e-102,4.655389072410495029e-99,4.436088127044925510e-96,3.713418111259641481e-93,2.730719180832546408e-90,1.764045302501896807e-87,1.001087251537189225e-84,4.990724898728274525e-82,2.185671225958801408e-79,8.408829409956016069e-77,2.841945547475496896e-74,8.437726926123962998e-72,2.200719453468161389e-69,5.042354804429286849e-67,1.014919560200085408e-64,1.794565627526207666e-62,2.787510861277289226e-60,3.803674022071279281e-58,4.559524040588788129e-56,4.801370544368426477e-54,4.441610061224811279e-52,3.609483970424144047e-50,2.576791525458494062e-48,1.616005798590959608e-46,8.902992239334999269e-45,4.308821468965843776e-43,1.831936419088276674e-41,6.842134960517508469e-40,2.244926623376124050e-38,6.470559576149107276e-37,1.638364634836822192e-35,3.644249668446768237e-34,7.120889170953718879e-33,1.222329980107319170e-31,1.843190597915949466e-30,2.441623705158167612e-29,2.841271399961895374e-28,2.904494024489393130e-27,2.608252160931796511e-26,2.057531384354811148e-25,1.425791874493704250e-24,8.679033868026415407e-24,4.640683187663848428e-23,2.179581047785993526e-22,8.991323213906462067e-22,3.257642995066724279e-21,1.036500171103479929e-20,2.895737336880805765e-20,7.102047339165722517e-20,1.528670592159035070e-19,2.886451020773445490e-19,4.778198002185393864e-19,6.928166691794072117e-19,8.787033934759737398e-19,9.728805680440165991e-19,9.374046193688352305e-19,7.822077592332843230e-19,5.606970474728949382e-19,3.403208416242018748e-19,1.699462386152528813e-19,6.507975355801965970e-20,1.458182118071992691e-20,-2.808661051750004226e-21,-5.342359574342822332e-21,-3.576651738187878957e-21,-1.719029496953816762e-21,-6.652161875426621266e-22,-2.158742435690447087e-22,-5.987531064549017334e-23,-1.434001258274975332e-23,-2.983455084840470277e-24,-5.412303255435011305e-25,-8.581934325052720826e-26,-1.191301542985525870e-26,-1.449298874597587269e-27,-1.546362822723139976e-28,-1.447771279124515663e-29,-1.189800279660181602e-30,-8.584954542031397457e-32,-5.439565695442464864e-33,-3.026935806037291653e-34,-1.479415424723092320e-35,-6.351109226605875853e-37,-2.394962304223970808e-38,-7.933218741246109454e-40,-2.308395400505600361e-41,-5.900473339556193359e-43,-1.324901161299995386e-44,-2.613382323086923501e-46,-4.528425847361575102e-48,-6.893151373779902007e-50,-9.217551957321322318e-52,-1.082782633588718455e-53,-1.117365755131850487e-55,-1.012927019012570706e-57,-8.066588674417361360e-60,-5.643269496654271893e-62,-3.468174219977015320e-64,-1.872407351084222044e-66,-8.880330767258860902e-69,-3.699877621287660030e-71,-1.354175699541295814e-73,-4.354037166583242587e-76,-1.229811981891319097e-78,-3.051509946280870438e-81,-6.651511527290441148e-84,-1.273665541215921338e-86,-2.142495638609610630e-89,-3.166022465720593443e-92
4.618973730672443550e-169,5.874888138650585951e-165,6.564221313828882525e-161,6.443121658389412509e-157,5.555702120499389733e-153,4.208342482528340205e-149,2.800352509777908638e-145,1.636981741317873349e-141,8.406291978167986297e-138,3.792229471889115245e-134,1.502845209913229987e-130,5.231947740769434066e-127,1.600081290181885325e-123,4.298829300075162805e-120,1.014583644909597450e-116,2.103560551354486521e-113,3.831348718056006232e-110,6.130245254866470665e-107,8.616552159750149944e-104,1.063943820449659910e-100,1.154073251315461107e-97,1.099708438585725873e-94,9.205581845797517537e-92,6.769466341565018397e-89,4.373077020741988326e-86,2.481700242614032902e-83,1.237203168050450610e-80,5.418289766766303117e-78,2.084552964490099922e-75,7.045197049021332794e-73,2.091716671792033559e-70,5.455594390268439500e-68,1.250002244582784833e-65,2.515990596146084160e-63,4.448737036463082137e-61,6.910253151098704147e-59,9.429326602527299405e-57,1.130308246701133869e-54,1.190262106454279773e-52,1.101077297202450565e-50,8.947928230062608321e-49,6.387878548719502825e-47,4.006086023227421129e-45,2.207055910269447614e-43,1.068158787878927303e-41,4.541378320462752284e-40,1.696168042509508504e-38,5.565181400897474971e-37,1.604053766070270299e-35,4.061509862101916882e-34,9.034099696453011942e-33,1.765268245838267663e-31,3.030152984924596437e-30,4.569259034689748887e-29,6.052760176735963323e-28,7.043464195675868952e-27,7.200164945469506792e-26,6.465754325227973014e-25,5.100500008462885965e-24,3.534415841690759566e-23,2.151424276628860846e-22,1.150341629391127777e-21,5.402614350113140102e-21,2.228612501423163807e-20,8.073945634076229575e-20,2.568684202508111723e-19,7.175327539329369482e-19,1.759469610188464506e-18,3.786089079076287852e-18,7.146053822956386324e-18,1.182260924807772112e-17,1.712772927311458916e-17,2.169626630061282936e-17,2.397751091111613879e-17,2.303932098344700895e-17,1.914295166630566417e-17,1.362814401987732806e-17,8.175360217213178354e-18,3.992257226659505171e-18,1.449491623251910731e-18,2.546465445208976517e-19,-1.308281503596435916e-19,-1.632356791464699029e-19,-1.022805386271137735e-19,-4.790230078450582420e-20,-1.829460360112242388e-20,-5.892147502566335807e-21,-1.626643547358997965e-21,-3.884084843901117321e-22,-8.064832959196968574e-23,-1.461089505951709162e-23,-2.314642566425927450e-24,-3.211060532997387519e-25,-3.904782977270644433e-26,-4.165048897455722801e-27,-3.898684717711678850e-28,-3.203532693655539112e-29,-2.311261644947175367e-30,-1.464349146541377671e-31,-8.148209371947761794e-33,-3.982301412268867915e-34,-1.709555063726007804e-35,-6.446513132447160651e-37,-2.135357027566088017e-38,-6.213376767449633187e-40,-1.588187732839493696e-41,-3.566126249517099005e-43,-7.034203975355688059e-45,-1.218872874981564763e-46,-1.855360763784338406e-48,-2.480994077433151458e-50,-2.914413175960424959e-52,-3.007495540015617221e-54,-2.726387909949538436e-56,-2.171197365883623173e-58,-1.518938225371204273e-60,-9.334910910380553572e-63,-5.039756747955067056e-65,-2.390222640765369822e-67,-9.958560269989668905e-70,-3.644888111297866826e-72,-1.171929019963541208e-74,-3.310151651105436229e-77,-8.213418589367954666e-80,-1.790315254856075534e-82,-3.428187455339399098e-85,-5.766723217704043317e-88,-8.521639386958800326e-91
1.005894395373626470e-167,1.279400446223197131e-163,1.429519589108187466e-159,1.403147180042622244e-155,1.209889891398372095e-151,9.164694072358657053e-148,6.098451861612026213e-144,3.564927741384616922e-140,1.830675487621591167e-136,8.258506313665679407e-133,3.272812667727343582e-129,1.139384464209596907e-125,3.484567992333333830e-122,9.361751228170986979e-119,2.209503802264682184e-115,4.581017109651576269e-112,8.343698030993681039e-109,1.335010697963934652e-105,1.876464779878086313e-102,2.316997645710042429e-99,2.513276504690399912e-96,2.394883840792015202e-93,2.004740386958053888e-90,1.474216708948776075e-87,9.523443781128946129e-85,5.404508685431828223e-82,2.694312210618830278e-79,1.179964993170468711e-76,4.539623441962090866e-74,1.534263806839410750e-71,4.555224162158097440e-69,1.188088984864199436e-66,2.722185321094263323e-64,5.479184290267504632e-62,9.688211903804268308e-60,1.504876465786984063e-57,2.053466253195690313e-55,2.461522362623207996e-53,2.592086523081321666e-51,2.397864790207095407e-49,1.948629929527116766e-47,1.391116554312711318e-45,8.724230415004020629e-44,4.806402916481006254e-42,2.326176333783981897e-40,9.889958352543994518e-39,3.693818967616634885e-37,1.211953576403890351e-35,3.493216309947064759e-34,8.844920318957287665e-33,1.967392828656343716e-31,3.844294207686900585e-30,6.598877089474955630e-29,9.950631793876489297e-28,1.318127667731770716e-26,1.533871861320101707e-25,1.567990551891606111e-24,1.408048646265466025e-23,1.110727661343436922e-22,7.696748501267005125e-22,4.684986042993200794e-21,2.504946578355681765e-20,1.176414659313978488e-19,4.852542074608704206e-19,1.757881037983917724e-18,5.592034465135206926e-18,1.561841622534440220e-17,3.828999733347910123e-17,8.236875223866657656e-17,1.553988061206128475e-16,2.569326042983853757e-16,3.718814007313060420e-16,4.704360214030344153e-16,5.188527674926953795e-16,4.970324981532822967e-16,4.110201876895764760e-16,2.903650276165228226e-16,1.718621380707601484e-16,8.172227698395837683e-17,2.769226215578013030e-17,3.019381330208496997e-18,-4.296205301244343974e-18,-4.283080988820582175e-18,-2.549338749726413890e-18,-1.168211797890413117e-18,-4.410619359069403752e-19,-1.410987161212369395e-19,-3.878956446540297788e-20,-9.236909190484751534e-21,-1.914459780885371836e-21,-3.464145564938558310e-22,-5.483278665765232662e-23,-7.602478965443888747e-24,-9.241256613777038431e-25,-9.854497213882576326e-26,-9.222511001606088044e-27,-7.577085509220352605e-28,-5.466151376494678139e-29,-3.462971490095038149e-30,-1.926844702838991746e-31,-9.416832890535120568e-33,-4.042445602655526963e-34,-1.524330779681866042e-35,-5.049171598169077666e-37,-1.469176671067191419e-38,-3.755310619227808405e-40,-8.432165643061731856e-42,-1.663245069176654244e-43,-2.882032740060554286e-45,-4.387006864966118528e-47,-5.866313757739132822e-49,-6.891129501120860124e-51,-7.111219643557269739e-53,-6.446539023897320682e-55,-5.133790946693060003e-57,-3.591525244005604374e-59,-2.207236879979568390e-61,-1.191648882016677531e-63,-5.651673552889202566e-66,-2.354698208331912982e-68,-8.618325399093123760e-71,-2.771022087424696827e-73,-7.826841958709123096e-76,-1.942059925558752771e-78,-4.233194073814097330e-81,-8.105937052111040302e-84,-1.363539650971724754e-86,-2.014938593896814148e-89
1.924370931496422454e-166,2.447613824849821914e-162,2.734805915945703421e-158,2.684353007933746123e-154,2.314633571900319857e-150,1.753292487761618324e-146,1.166691408520478340e-142,6.820043286805383873e-139,3.502255017607050474e-135,1.579930215406307893e-131,6.261199576185644284e-128,2.179750034203024345e-124,6.666307501160670745e-121,1.790991381818554905e-117,4.226989343658265151e-114,8.763918163765459821e-111,1.596228195099688299e-107,2.554001485822796942e-104,3.589854255988350389e-101,4.432635213137990278e-98,4.808135198385821425e-95,4.581638856400823145e-92,3.835257600899179575e-89,2.820315725149182732e-86,1.821924693240020178e-83,1.033933528085351225e-80,5.154473591513511435e-78,2.257384415728519918e-75,8.684728164333036829e-73,2.935191489189275957e-70,8.714573808660552820e-68,2.272926375352881475e-65,5.207797470203394619e-63,1.048219672279066452e-60,1.853446380239467847e-58,2.878970711124275504e-56,3.928474737320015981e-54,4.709124561307381552e-52,4.958906085635788688e-50,4.587341538847950562e-48,3.727912818916977693e-46,2.661337100969234114e-44,1.669027467045744669e-42,9.195101186579959366e-41,4.450194009543593575e-39,1.892041843516658409e-37,7.066621447153131655e-36,2.318580225347958787e-34,6.682846900698507024e-33,1.692114705514051878e-31,3.763801694725520007e-30,7.354479544790539199e-29,1.262423021110267973e-27,1.903640183674731158e-26,2.521684457140948929e-25,2.934411387257847754e-24,2.999669690620028204e-23,2.693673165377296730e-22,2.124862790893368498e-21,1.472397157986374564e-20,8.962267975358672467e-20,4.791776754252944218e-19,2.250308493109514126e-18,9.281696426281459794e-18,3.362124296822920643e-17,1.069413688101431433e-16,2.986369163469243026e-16,7.319680988476576147e-16,1.574076488436023669e-15,2.968273502749447060e-15,4.904279558302874003e-15,7.091245523654627133e-15,8.957237246881419142e-15,9.857262343431479396e-15,9.410970619963549741e-15,7.741392519720967764e-15,5.421580913114045647e-15,3.159593676164293873e-15,1.455020274690650439e-15,4.493111031163839593e-16,5.291250291314504259e-18,-1.122489766075889589e-16,-9.706572288888013683e-17,-5.545823247230221540e-17,-2.494589382019077900e-17,-9.323882792091385827e-18,-2.964869887281250603e-18,-8.119859896540815153e-19,-1.928786195656460260e-19,-3.991034099600852588e-20,-7.213547005907651272e-21,-1.140933307798358804e-21,-1.581051226460268332e-22,-1.921158113751446346e-23,-2.048124774630828555e-24,-1.916436704297930007e-25,-1.574323834898172632e-26,-1.135628459769057860e-27,-7.194117158591050996e-29,-4.002737622291361761e-30,-1.956151863091389668e-31,-8.397171177129539919e-33,-3.166371229171968519e-34,-1.048813815658224302e-35,-3.051752123811319097e-37,-7.800437710346632328e-39,-1.751502459792102664e-40,-3.454831158837020705e-42,-5.986441825771721279e-44,-9.112502533563207779e-46,-1.218524539815081506e-47,-1.431393877330416792e-49,-1.477109402604478993e-51,-1.339044666830343663e-53,-1.066366621685121680e-55,-7.460144279088132269e-58,-4.584766327689205730e-60,-2.475235599672311851e-62,-1.173938324501503028e-64,-4.891065191235985756e-67,-1.790156812853340355e-69,-5.755832785379495339e-72,-1.625753661451152309e-74,-4.033952680513866489e-77,-8.792985356742273265e-80,-1.683725912043700891e-82,-2.832278392377954013e-85,-4.185332657295294582e-88
3.234109286405615069e-165,4.113474419573553587e-161,4.596131163963517397e-157,4.511339705281226689e-153,3.889987011852847186e-149,2.946593831598145819e-145,1.960748552635168447e-141,1.146180550045298545e-137,5.885910710046819221e-134,2.655240160763093727e-130,1.052260942104950905e-126,3.663300932406859874e-123,1.120343622043992947e-119,3.009950818207495672e-116,7.103903548972529178e-113,1.472869323405225586e-109,2.682630642798732123e-106,4.292270158255477232e-103,6.033130513394330096e-100,7.449513225860424248e-97,8.080580744721004432e-94,7.699929638848441826e-91,6.445556840818104421e-88,4.739839459696183730e-85,3.061937525703394946e-82,1.737634865062694790e-79,8.662639115006531061e-77,3.793773735988486966e-74,1.459560603738331183e-71,4.932900350657648245e-69,1.464576479451320115e-66,3.819893640064550438e-64,8.752255520844345579e-62,1.761644237198910229e-59,3.114913042571161948e-57,4.838415337577592285e-55,6.602218034721660387e-53,7.914182734303460896e-51,8.333966984639576388e-49,7.709513317891346405e-47,6.265152229839368031e-45,4.472658698225466776e-43,2.804977232762773385e-41,1.545333962411581661e-39,7.479021001187086420e-38,3.179775829289319647e-36,1.187620089766348041e-34,3.896617279934797617e-33,1.123122212729606941e-31,2.843774354241581352e-30,6.325455754183902935e-29,1.235994912599846498e-27,2.121627539345885608e-26,3.199251533567634485e-25,4.237924760116442041e-24,4.931534066477045697e-23,5.041182065262370530e-22,4.526899554661879270e-21,3.570940185249883160e-20,2.474403618996950575e-19,1.506103281972852168e-18,8.052317683070866906e-18,3.781364043072926097e-17,1.559581874137639494e-16,5.648822198775814243e-16,1.796541734713347949e-15,5.016024434098839811e-15,1.229135970249670401e-14,2.642272043299441844e-14,4.980008921725750885e-14,8.221936818687168436e-14,1.187526194821606843e-13,1.497576567262859873e-13,1.644048526288833428e-13,1.563780252294344837e-13,1.278795761863115853e-13,8.868166326701672296e-14,5.075935614692049570e-14,2.247508117338601794e-14,6.082828473104405661e-15,-8.685518321953533057e-16,-2.434948533717257858e-15,-1.907306611898280609e-15,-1.054053355292640601e-15,-4.666284811194385196e-16,-1.728639210318556989e-16,-5.467276122104523492e-17,-1.492185989401573485e-17,-3.536548161779244775e-18,-7.306763332137869667e-19,-1.319298447724411723e-19,-2.085207017026328515e-20,-2.888180502442790320e-21,-3.508291571774844867e-22,-3.739277357678847383e-23,-3.498285319509937500e-24,-2.873463294913341920e-25,-2.072590682849106405e-26,-1.312897495784079233e-27,-7.304553873309383510e-29,-3.569664830414555570e-30,-1.532320809680818122e-31,-5.777937031184900941e-33,-1.913838883230332171e-34,-5.568695009207299354e-36,-1.423381097898180954e-37,-3.196035572014765150e-39,-6.304152692577705469e-41,-1.092365544163180630e-42,-1.662786233835844224e-44,-2.223477354414303332e-46,-2.611904880694453082e-48,-2.695322297860541343e-50,-2.443391133099904291e-52,-1.945827754869184965e-54,-1.361272349069674621e-56,-8.365944201792022366e-59,-4.516627490654958542e-61,-2.142116039521759633e-63,-8.924854620665482971e-66,-3.266545903689880276e-68,-1.050281829745234216e-70,-2.966555103785418208e-73,-7.360858603592560073e-76,-1.604478949381191879e-78,-3.072338532630269672e-81,-5.168132150397137050e-84,-7.637085495202821663e-87
4.774744074331029885e-164,6.073012959806175054e-160,6.785593217962481637e-156,6.660409595813148269e-152,5.743062707293280376e-148,4.350264691431521543e-144,2.894791642415528281e-140,1.692187339631456011e-136,8.689785902706989264e-133,3.920118678985350999e-129,1.553527185701082895e-125,5.408390029673351903e-122,1.654042457081222949e-118,4.443803087799936495e-115,1.048799479890101222e-111,2.174501060833484652e-108,3.960557183094145764e-105,6.336981743131753293e-102,8.907136901325943633e-99,1.099824278673182270e-95,1.192993235833446171e-92,1.136795023224457989e-89,9.516031031481165819e-87,6.997759929025171296e-84,4.520554736828902880e-81,2.565393138679679857e-78,1.278926625654102998e-75,5.601016246260042251e-73,2.154852455871328577e-70,7.282789357550986473e-68,2.162257745853937679e-65,5.639578896542328487e-63,1.292157325174293554e-60,2.600839859880769091e-58,4.598766205927989956e-56,7.143294395914511653e-54,9.747320889964681382e-52,1.168426698941695545e-49,1.230402402636945668e-47,1.138209884094765360e-45,9.249686428901058218e-44,6.603301552694396519e-42,4.141185616089120732e-40,2.281485347393924068e-38,1.104180456715739462e-36,4.694526151319133326e-35,1.753366605617664028e-33,5.752847431082058512e-32,1.658143034694677257e-30,4.198459050761278196e-29,9.338698293174919875e-28,1.824781316942411280e-26,3.132295621113771720e-25,4.723253003761498579e-24,6.256694562153256345e-23,7.280683666900631727e-22,7.442523886508000358e-21,6.683215531757291079e-20,5.271843915138214006e-19,3.652951220288333669e-18,2.223405075318030504e-17,1.188696976811707590e-16,5.581864830135496785e-16,2.302031099832809861e-15,8.337216289759744614e-15,2.651205287092855558e-14,7.400886052353065273e-14,1.813034885439502126e-13,3.895955118936899501e-13,7.338730987334291183e-13,1.210620658010471292e-12,1.746443813248648697e-12,2.198503624194172244e-12,2.407077404986466060e-12,2.280133258310947921e-12,1.852346721753535822e-12,1.270257626353551143e-12,7.118711395316967719e-13,3.001074023648435706e-13,6.626825725753535186e-14,-2.817117475160808952e-14,-4.474096024959652243e-14,-3.258335939026508360e-14,-1.751767027355232475e-14,-7.648757270259180807e-15,-2.811252450147158480e-15,-8.848365133539535004e-16,-2.407491275698864464e-16,-5.694163788077998657e-17,-1.174832732713277503e-17,-2.119268657876667299e-18,-3.347434071205034185e-19,-4.634402901425517750e-20,-5.627701775021876927e-21,-5.996942586169419397e-22,-5.609608394683613621e-23,-4.607206913672936094e-24,-3.322875109551884540e-25,-2.104792250719140857e-26,-1.170999467393579454e-27,-5.722419168260984404e-29,-2.456373440990156737e-30,-9.262158971420364524e-32,-3.067899415226583924e-33,-8.926610790704941622e-35,-2.281668566140919041e-36,-5.123204707870278908e-38,-1.010545673819669981e-39,-1.751042149070215649e-41,-2.665413519255918729e-43,-3.564187845450704886e-45,-4.186827038460895042e-47,-4.320541886069286553e-49,-3.916700883538562713e-51,-3.119117490609159438e-53,-2.182088259904193390e-55,-1.341041500862702461e-57,-7.240048963002434522e-60,-3.433762121274449824e-62,-1.430633369796869422e-64,-5.236196757725588129e-67,-1.683577209335780459e-69,-4.755318404963773980e-72,-1.179928399646335734e-74,-2.571942177044730110e-77,-4.924886693909629554e-80,-8.284394747350038562e-83,-1.224206909177421030e-85
6.192628241836187478e-163,7.876424575322081297e-159,8.800609110144237472e-155,8.638251584407124386e-151,7.448493942745830936e-147,5.642097580149867774e-143,3.754414519392056527e-139,2.194690845570330569e-135,1.127026134989692960e-131,5.084217554888146629e-128,2.014854864439715999e-124,7.014438537263118854e-121,2.145218649090457423e-117,5.763412671791302851e-114,1.360245738419783219e-110,2.820230041962578213e-107,5.136664475276131792e-104,8.218780210825033648e-101,1.155215581590485700e-97,1.426422606721833026e-94,1.547258552327204157e-91,1.474371998984009313e-88,1.234186410674360239e-85,9.075779787416797400e-83,5.862956106244685239e-80,3.327199479189440077e-77,1.658710292043460545e-74,7.264266069338808854e-72,2.794746682991504055e-69,9.445450122139827398e-67,2.804351008426264490e-64,7.314280077909962222e-62,1.675869908788919502e-59,3.373172265623038422e-57,5.964392820701993533e-55,9.264531348280018202e-53,1.264183646073621769e-50,1.515396827183486726e-48,1.595776510248066012e-46,1.476206945960770816e-44,1.199642639789581532e-42,8.564184262776099468e-41,5.370930745627835177e-39,2.958983312248179174e-37,1.432072002820121857e-35,6.088586950522720359e-34,2.274036397326151418e-32,7.461178643191290557e-31,2.150534587231117035e-29,5.445204072389576329e-28,1.211184474393067297e-26,2.366651787249654937e-25,4.062428134724623596e-24,6.125807060569245772e-23,8.114576392946435564e-22,9.442594443930905728e-21,9.652436376408981573e-20,8.667595861893666262e-19,6.837080454244923389e-18,4.737451892274266542e-17,2.883428749376190417e-16,1.541512470439725293e-15,7.238258604627142977e-15,2.984941002443222053e-14,1.080941894085568877e-13,3.436865806372606785e-13,9.592103040903498475e-13,2.349135823275485375e-12,5.045812546695356243e-12,9.498841335385349830e-12,1.565555258727609997e-11,2.255504549421110930e-11,2.833794024622399569e-11,3.093499733715988966e-11,2.916976111129961889e-11,2.352237322565546542e-11,1.592530650054889747e-11,8.704229212121310727e-12,3.445752362573902696e-12,5.280295800030931654e-13,-5.814960186695698323e-13,-7.040782135065370811e-13,-4.848954338980309916e-13,-2.547393032203053880e-13,-1.098973159470406446e-13,-4.010982779793441348e-14,-1.256957529525636745e-14,-3.410339772584883559e-15,-8.051011299360782072e-16,-1.659007776290303316e-16,-2.990091284432549478e-17,-4.720123490500012460e-18,-6.532169059370742264e-19,-7.929968028597604599e-20,-8.448595694390867186e-21,-7.901825962974657050e-22,-6.489197277641296963e-23,-4.679917516101960463e-24,-2.964238224199054601e-25,-1.649097638616331238e-26,-8.058596607826636904e-28,-3.459132563086757605e-29,-1.304308103406442262e-30,-4.320218238459475073e-32,-1.257039128423462268e-33,-3.213017543225474480e-35,-7.214414424029158852e-37,-1.423031495695747919e-38,-2.465781542790256088e-40,-3.753377069138793763e-42,-5.019008223476957446e-44,-5.895791929474970302e-46,-6.084084146968285431e-48,-5.515403661350736778e-50,-4.392265303176737551e-52,-3.072763227021726403e-54,-1.888421644880023970e-56,-1.019525827234984342e-58,-4.835338900032272228e-61,-2.014582479209726987e-63,-7.373482458412905562e-66,-2.370771657190170272e-68,-6.696321341223809142e-71,-1.661545873967627808e-73,-3.621745095113344924e-76,-6.935103103516757680e-79,-1.166587886650517499e-81,-1.723897752890811709e-84
7.055526434777806513e-162,8.973947673344673336e-158,1.002691067409450795e-153,9.841929795218782948e-150,8.486387985844286383e-146,6.428283286149844619e-142,4.277565171718034944e-138,2.500505225304419703e-134,1.284069118565650214e-130,5.792666693003767650e-127,2.295610394022198955e-123,7.991850082382249418e-120,2.444139434164206306e-116,6.566502762989202742e-113,1.549786195838162288e-109,3.213208808275782908e-106,5.852421714352571747e-103,9.364008103425421162e-100,1.316186561709530592e-96,1.625184334581333710e-93,1.762857899825383201e-90,1.679815129618773672e-87,1.406161407556527731e-84,1.034042440394464937e-81,6.679916857424827551e-79,3.790820788043853105e-76,1.889839636876483823e-73,8.276489278351134291e-71,3.184174523658634486e-68,1.076160562762689035e-65,3.195117139654821488e-63,8.333472362052676365e-61,1.909390316249446194e-58,3.843199531520619325e-56,6.795487996158056034e-54,1.055547701946897791e-51,1.440338518836632392e-49,1.726556432827646579e-47,1.818136426334412147e-45,1.681905684188897518e-43,1.366804118868416960e-41,9.757540786176161823e-40,6.119330462236581734e-38,3.371295685456243264e-36,1.631620474644751988e-34,6.936984949381344714e-33,2.590905519834288439e-31,8.500833223570923658e-30,2.450193232008634278e-28,6.203943666506417340e-27,1.379951004168191570e-25,2.696418432322804165e-24,4.628475556924877595e-23,6.979345241072760725e-22,9.245191508648183743e-21,1.075819778113315210e-19,1.099720848400332527e-18,9.875073523411355354e-18,7.789451950167934617e-17,5.397258256011577227e-16,3.284932250103242470e-15,1.756095862913043146e-14,8.245411827326469450e-14,3.400017787699136383e-13,1.231121066130158370e-12,3.913754208073009704e-12,1.092063646483655560e-11,2.673639582013908511e-11,5.740169301542523666e-11,1.079873153153539889e-10,1.778056670954245029e-10,2.557973514598078474e-10,3.206932543536989508e-10,3.489459958162912087e-10,3.273639487378849908e-10,2.617938269959491937e-10,1.746479506679343650e-10,9.263421592656423482e-11,3.373544748596919784e-11,1.915999869009264213e-12,-9.298844751980674185e-12,-9.553428643877787935e-12,-6.295350005448178484e-12,-3.243073778073999442e-12,-1.384426347815200828e-12,-5.021301152529482243e-13,-1.567394392001250278e-13,-4.241731365860967201e-14,-9.996657197476960064e-15,-2.057554216103666604e-15,-3.705479871466277791e-16,-5.846249169411852072e-17,-8.087570319270923309e-18,-9.815642479960122729e-19,-1.045569612180910330e-19,-9.777794878712520344e-21,-8.029085703502256914e-22,-5.790106360379093947e-23,-3.667268788270866105e-24,-2.040153935296777327e-25,-9.969350077938404870e-27,-4.279255789177697947e-28,-1.613528965844936243e-29,-5.344402216902194295e-31,-1.555034614734922879e-32,-3.974686071974917863e-34,-8.924620412546656210e-36,-1.760363811172868816e-37,-3.050296062015119225e-39,-4.643112721760109568e-41,-6.208757280392405970e-43,-7.293378363102102229e-45,-7.526302728671154260e-47,-6.822816426281120830e-49,-5.433440138353032288e-51,-3.801153221391499964e-53,-2.336066593204768634e-55,-1.261201446942355763e-57,-5.981541662196804982e-60,-2.492133229104851227e-62,-9.121344266084770254e-65,-2.932755903823401016e-67,-8.283663983028765524e-70,-2.055410266797278357e-72,-4.480268730110773678e-75,-8.579048130902300275e-78,-1.443123982405318754e-80,-2.132542447519671656e-83
7.061766304161403063e-161,8.981884184086557916e-157,1.003577841961319566e-152,9.850633944649211064e-149,8.493893301436409938e-145,6.433968425086949062e-141,4.281348227197706181e-137,2.502716658587845582e-133,1.285204742341877851e-129,5.797789696062327431e-126,2.297640619423712246e-122,7.998918031312902796e-119,2.446301017840407241e-115,6.572310142454543290e-112,1.551156818349617407e-108,3.216050552720302455e-105,5.857597564354488117e-102,9.372289581315830992e-99,1.317350589942583976e-95,1.626621638743540962e-92,1.764416961707440417e-89,1.681300748887676972e-86,1.407405008927879955e-83,1.034956941757201123e-80,6.685824538127027666e-78,3.794173368125421266e-75,1.891510999892793183e-72,8.283808954854424828e-70,3.186990587174446429e-67,1.077112311794615491e-64,3.197942877402776740e-62,8.340842415459669782e-60,1.911078962704110186e-57,3.846598413347659066e-55,6.801497830729378897e-53,1.056481209690534433e-50,1.441612321202236824e-48,1.728083346764726041e-46,1.819744311273463334e-44,1.683393066410309229e-42,1.368012813047536347e-40,9.766169281981450223e-39,6.124741450067068031e-37,3.374276520515316456e-35,1.633062972378154919e-33,6.943116950840233332e-32,2.593195284513399770e-30,8.508343724328648819e-29,2.452357042031524789e-27,6.209419079173687698e-26,1.381167825160857330e-24,2.698793072943077674e-23,4.632544274793026547e-22,6.985464528946029317e-21,9.253267140603487925e-20,1.076754463169636431e-18,1.100668934761478972e-17,9.883492420909303254e-17,7.795986112553259357e-16,5.401680037835133591e-15,3.287531460895829704e-14,1.757414996628389043e-13,8.251132593037627740e-13,3.402097485383678574e-12,1.231729204398368911e-11,3.915026734349252108e-11,1.092153881768418046e-10,2.672927190373500880e-10,5.735746985020263319e-10,1.078252128547339995e-09,1.773492005972128487e-09,2.547391488843608999e-09,3.186154103158257747e-09,3.454405897378877020e-09,3.222420332371314795e-09,2.552805068699525829e-09,1.674172197854924524e-09,8.561250935687003185e-10,2.776282955440656982e-10,-2.537910336829857436e-11,-1.221252268048599123e-10,-1.122625148668614091e-10,-7.138480129986790239e-11,-3.616207329299072262e-11,-1.529443977293592697e-11,-5.516303373491240497e-12,-1.715801042923123134e-12,-4.632554637391435107e-13,-1.090072904509474546e-13,-2.241263535508534106e-14,-4.033403187726811161e-15,-6.360448225223037569e-16,-8.795861148057882333e-17,-1.067271145433503160e-17,-1.136675291852624781e-18,-1.062854466750863894e-19,-8.726973820308569205e-21,-6.293025192529072778e-22,-3.985643484815047434e-23,-2.217208866449371265e-24,-1.083433103617120182e-25,-4.650478249449072990e-27,-1.753484867967608324e-28,-5.807931883957881431e-30,-1.689897747782771497e-31,-4.319383767273431598e-33,-9.698570517851547291e-35,-1.913020913008365089e-36,-3.314811204946852837e-38,-5.045749600632884477e-40,-6.747158522072038329e-42,-7.925831060590785310e-44,-8.178951527305119357e-46,-7.414460523260177444e-48,-5.904602976475432915e-50,-4.130771300386295436e-52,-2.538639108635640063e-54,-1.370566739861244225e-56,-6.500231838665610604e-59,-2.708238832818946931e-61,-9.912302474282763244e-64,-3.187070068242625780e-66,-9.001982505517238113e-69,-2.233645305379042838e-71,-4.868775514581074602e-74,-9.322980804927174560e-77,-1.568264562435211632e-79,-2.317465986942470057e-82
6.209072957562283989e-160,7.897340664261271548e-156,8.823979399684202058e-152,8.661190728517600325e-148,7.468273648659476290e-144,5.657080344681410224e-140,3.764384483202742767e-136,2.200518914950873193e-132,1.130018987727815163e-128,5.097718851754675055e-125,2.020205373806900468e-121,7.033065595585213630e-118,2.150915343506280076e-114,5.778717592222146887e-111,1.363857912999399160e-107,2.827719249938070520e-104,5.150305046365273195e-101,8.240605435252126766e-98,1.158283292180292700e-94,1.430210515875680205e-91,1.551367344974774911e-88,1.478287239038992696e-85,1.237463830402928286e-82,9.099880796604918731e-80,5.878525363181725200e-77,3.336034956816885361e-74,1.663115046045867380e-71,7.283556537083785017e-69,2.802168210753045011e-66,9.470532766103664434e-64,2.811798031893004614e-61,7.333703310156442332e-59,1.680320211975432797e-56,3.382129767954010329e-54,5.980231296281876995e-52,9.289133255840502070e-50,1.267540658142138638e-47,1.519420896027503138e-45,1.600013972063871070e-43,1.480126831619443018e-41,1.202828063573715413e-39,8.586924021068538550e-38,5.385190999511478190e-36,2.966839078859511853e-34,1.435873596186744495e-32,6.104747369676737598e-31,2.280070893388670916e-29,7.480971967618847423e-28,2.156237129814232976e-26,5.459634049278895068e-25,1.214391294301894114e-23,2.372909915777153578e-22,4.073150789146142903e-21,6.141933665893393086e-20,8.135858506835238057e-19,9.467226350086682540e-18,9.677420989000458703e-17,8.689781313976039740e-16,6.854298578901486370e-15,4.749103013729668303e-14,2.890276899002868009e-13,1.544987513528989096e-12,7.253325611471492234e-12,2.990416198499934457e-11,1.082541646158534410e-10,3.440206015308590258e-10,9.594427360066879364e-10,2.347239473563184888e-09,5.034099529316111464e-09,9.455962243356421963e-09,1.553487735232841375e-08,2.227537530004296191e-08,2.778888970541019908e-08,3.000883140353024483e-08,2.781659513523035534e-08,2.180169403148768286e-08,1.401516578833542823e-08,6.849348207289584543e-09,1.868027115735883738e-09,-6.485015954290748749e-10,-1.351158458235394087e-09,-1.145960354481063973e-09,-7.076104699840577735e-10,-3.533032622698004082e-10,-1.482039397206388144e-10,-5.318536945820024862e-11,-1.648975100170301086e-11,-4.442702517655518963e-12,-1.043912319239819834e-12,-2.144277042216859799e-13,-3.856302507863282821e-14,-6.078382898208348822e-15,-8.403122679731902537e-16,-1.019391967499622752e-16,-1.085515630421892232e-17,-1.014908526405509860e-18,-8.332671756968723845e-20,-6.008379764333437284e-21,-3.805226338270988697e-22,-2.116788987927443769e-23,-1.034344745340853049e-24,-4.439718252015466320e-26,-1.674002206010663899e-27,-5.544633796191351336e-29,-1.613280658959916943e-30,-4.123537947521109249e-32,-9.258806863909090024e-34,-1.826275868427647223e-35,-3.164499398507169886e-37,-4.816944067442194840e-39,-6.441197353312371778e-41,-7.566418372675572314e-43,-7.808058675600239092e-45,-7.078234015571804014e-47,-5.636843908676178116e-49,-3.943450759863822819e-51,-2.423517790748821617e-53,-1.308414705410169455e-55,-6.205461168257631532e-58,-2.585426334304025716e-60,-9.462801869960736153e-63,-3.042543585016180693e-65,-8.593762719474375732e-68,-2.132354473037204521e-70,-4.647987389449869239e-73,-8.900204370059110568e-76,-1.497147251628992440e-78,-2.212374054874866985e-81
4.795895242271645434e-159,6.099915201060549972e-155,6.815652048234387402e-151,6.689913887500259796e-147,5.768503334456646414e-143,4.369535500006513295e-139,2.907614994453847182e-135,1.699683393457516122e-131,8.728279928350864822e-128,3.937484026139710233e-124,1.560409002576460616e-120,5.432348123286386550e-117,1.661369536630588451e-113,4.463488252793289616e-110,1.053445453249180811e-106,2.184133668551441288e-103,3.978101664537002896e-100,6.365053313041330340e-97,8.946593747493976024e-94,1.104696281569052172e-90,1.198277958582230766e-87,1.141830798927287894e-84,9.558185153329173144e-82,7.028758609751027019e-79,4.540579891003110199e-76,2.576757316322289465e-73,1.284592013426785778e-70,5.625827615955211764e-68,2.164398013352653899e-65,7.315050615190696609e-63,2.171836095818776641e-60,5.664561027438944179e-58,1.297881298125152193e-55,2.612360985164425399e-53,4.619137627808272328e-51,7.174937329333589793e-49,9.790498723292647469e-47,1.173602449382784031e-44,1.235852618442585998e-42,1.143251633605933829e-40,9.290657284534401562e-39,6.632549378498553667e-37,4.159527118103862814e-35,2.291589410856954022e-33,1.109070052334094596e-31,4.715311609480034232e-30,1.761128139509929961e-28,5.778305454215488203e-27,1.665477586642167785e-25,4.217018685520426120e-24,9.379943791395023324e-23,1.832830352985652671e-21,3.146086691986827902e-20,4.743994176395047104e-19,6.284065989150546348e-18,7.312362532975669568e-17,7.474655178443737906e-16,6.711745446795525008e-15,5.293984224650418616e-14,3.667931310533244154e-13,2.232208311755529040e-12,1.193162868777437816e-11,5.601219117381847400e-11,2.309058611257875357e-10,8.357716194382114766e-10,2.655466813258869711e-09,7.403736995503877348e-09,1.810547099471313161e-08,3.880739499376153769e-08,7.283172209914157748e-08,1.195002284794225387e-07,1.710269368318454542e-07,2.127511040514522525e-07,2.287350378811633110e-07,2.105232702143850831e-07,1.629965610610289449e-07,1.023406646905021206e-07,4.721722217733081082e-08,9.623051712883990997e-09,-8.576226313009487557e-09,-1.276249331705632409e-08,-1.018392209741648537e-08,-6.136150782375945524e-09,-3.025355949682307984e-09,-1.259850984171182698e-09,-4.500791526498005060e-10,-1.391376043384303076e-10,-3.741441471776641360e-11,-8.779919917258734080e-12,-1.801864381325029950e-12,-3.238526908587459401e-13,-5.102482462911205565e-14,-7.051918633632582062e-15,-8.553021728439345960e-16,-9.106531562759781660e-17,-8.513359184942946168e-18,-6.989215174893339972e-19,-5.039420675917427936e-20,-3.191457970226453500e-21,-1.775317340367252226e-22,-8.674742723736863476e-24,-3.723417287642975611e-25,-1.403908607238226444e-26,-4.650003050762109370e-28,-1.352971318913055582e-29,-3.458178964152716696e-31,-7.764824762252645241e-33,-1.531589676941351208e-34,-2.653876194565070520e-36,-4.039679952317627846e-38,-5.401840560407724870e-40,-6.345492966875641045e-42,-6.548140456039592339e-44,-5.936080290814080963e-46,-4.727274383454321789e-48,-3.307129419371371945e-50,-2.032455085696081113e-52,-1.097286775481071383e-54,-5.204137700327301653e-57,-2.168237628873094202e-59,-7.935868275184864603e-62,-2.551593621639935286e-64,-7.207058630294325087e-67,-1.788274140388731792e-69,-3.897980252733446605e-72,-7.464052265622917192e-75,-1.255565024573260639e-77,-1.855381612339611400e-80
3.254184086976879780e-158,4.139007625570396134e-154,4.624660322486275133e-150,4.539342545279622121e-146,3.914132984224008608e-142,2.964883962907935909e-138,1.972919333726142992e-134,1.153295135209242813e-130,5.922445803056858918e-127,2.671721798181428782e-123,1.058792548384439307e-119,3.686039816268547360e-116,1.127297831907692670e-112,3.028634219641941008e-109,7.147998980913350048e-106,1.482011734805325663e-102,2.699282298491974311e-99,4.318913186629138308e-96,6.070579429692951560e-93,7.495753928389049224e-90,8.130738615675146628e-87,7.747724726653923902e-84,6.485565770393370900e-81,4.769260640335939799e-78,3.080943614484009598e-75,1.748420728039725638e-72,8.716409918383316495e-70,3.817322473209683817e-67,1.468620394752753569e-64,4.963519856291529137e-62,1.473667394087952464e-59,3.843604448154234547e-57,8.806582360837011105e-55,1.772579060375702377e-52,3.134247776468725993e-50,4.868447982480620436e-48,6.643198574186968574e-46,7.963306327634176480e-44,8.385695553271484589e-42,7.757365084323787985e-40,6.304038086175093246e-38,4.500418100626007379e-36,2.822385328551049689e-34,1.554923821227072885e-32,7.525428565405627641e-31,3.199503462255430094e-29,1.194986608320961295e-27,3.920779591375187678e-26,1.130083444003218461e-24,2.861389246837941005e-23,6.364601485254295686e-22,1.243634111701900956e-20,2.134716234672584716e-19,3.218936000033271228e-18,4.263900996766150450e-17,4.961597027556825540e-16,5.071672679116139084e-15,4.553970490190825485e-14,3.591945768033282268e-13,2.488613434577515361e-12,1.514451609492519680e-11,8.094651041313427508e-11,3.799697870627507426e-10,1.566230792869211697e-09,5.668170188646754541e-09,1.800536900879055748e-08,5.018532302924642254e-08,1.226705207981746637e-07,2.627615940198612454e-07,4.926694974164050552e-07,8.072313384459970911e-07,1.152902197316803910e-06,1.429662754162454397e-06,1.529551870687101734e-06,1.396556587302229045e-06,1.066206271810667747e-06,6.508577301094670082e-07,2.784864249358043816e-07,2.989175660632304711e-08,-8.447304522561876224e-08,-1.037351486999901217e-07,-7.891841683846153557e-08,-4.657611095281434746e-08,-2.271202961143444318e-08,-9.396663599780042754e-09,-3.343291786190324411e-09,-1.030814242327161343e-09,-2.767005168213800591e-10,-6.485515985969913738e-11,-1.329911811540096250e-11,-2.388939585026810628e-12,-3.762452781222107774e-13,-5.198525240427564264e-14,-6.303928459019659030e-15,-6.711013961414908454e-16,-6.273308545719530520e-17,-5.149873447566242638e-18,-3.713039049029372567e-19,-2.351389556257261204e-20,-1.307982851887764746e-21,-6.391106963380815841e-23,-2.743194476983564712e-24,-1.034309490182228538e-25,-3.425805189014103029e-27,-9.967734075802050228e-29,-2.547734792511316914e-30,-5.720548119464039939e-32,-1.128360505415663942e-33,-1.955175419841994268e-35,-2.976129096089431917e-37,-3.979663794885310048e-39,-4.674873471477157054e-41,-4.824167628282955044e-43,-4.373248010716890024e-45,-3.482692312568633613e-47,-2.436438516930930309e-49,-1.497356462630088575e-51,-8.083964064570288216e-54,-3.834007852327745537e-56,-1.597390467402000996e-58,-5.846536382291984639e-61,-1.879817595304492770e-63,-5.309605506899115390e-66,-1.317462597725575765e-68,-2.871731497453847084e-71,-5.498938567515154754e-74,-9.250035613812206631e-77,-1.366902202494336872e-79
1.939742358113484866e-157,2.467164793781654276e-153,2.756650908383764677e-149,2.705794994297462270e-145,2.333122325553574664e-141,1.767297379628322286e-137,1.176010667645806659e-133,6.874520203459857464e-130,3.530230214628675696e-126,1.592550329823110103e-122,6.311212579432838906e-119,2.197161369542800563e-115,6.719556412011223770e-112,1.805297403593163319e-108,4.260753549373413473e-105,8.833922299262301344e-102,1.608978493793608443e-98,2.574402254137366632e-95,3.618529174404526036e-92,4.468042068753509683e-89,4.846541459480771725e-86,4.618235916561472999e-83,3.865892740812282504e-80,2.842843745628268044e-77,1.836477799119504470e-74,1.042192344906903764e-71,5.195646302096480777e-69,2.275415861776123663e-66,8.754099668554201950e-64,2.958637075860978599e-61,8.784183628031186371e-59,2.291081919858051583e-56,5.249395940586262986e-54,1.056592548547984971e-51,1.868251130856905581e-49,2.901966931454931417e-47,3.959853840460814532e-45,4.746738858200241101e-43,4.998515026748991570e-41,4.623981978329428302e-39,3.757687990000908659e-37,2.682592661651105444e-35,1.682356956419107777e-33,9.268531293618836739e-32,4.485728516771268060e-30,1.907147370972014792e-28,7.123027061458612564e-27,2.337081313874643726e-25,6.736148849475997910e-24,1.705602299354780551e-22,3.793775041878855216e-21,7.412971136967595156e-20,1.272444561561883543e-18,1.918711494214174162e-17,2.541572320441700158e-16,2.957426934974788968e-15,3.023010900548966436e-14,2.714394288191892921e-13,2.140938694155470584e-12,1.483269566592418555e-11,9.026120772735043246e-11,4.824137455625446756e-10,2.264310389484522436e-09,9.332392594390264438e-09,3.376827695944273964e-08,1.072422041860965801e-07,2.988086340793798332e-07,7.300354669267084745e-07,1.562633844415070104e-06,2.926853016487911851e-06,4.788288064323025619e-06,6.823147342576099237e-06,8.431737927003184983e-06,8.971705057008998066e-06,8.117972938670244375e-06,6.097932032866401874e-06,3.597693609571931773e-06,1.388824018059733857e-06,-5.095472316964608442e-08,-6.736082695752971831e-07,-7.292510228478965471e-07,-5.339484222206951558e-07,-3.096015926386328495e-07,-1.495152390098765026e-07,-6.150033316657363985e-08,-2.180119998836062119e-08,-6.705663592200438826e-09,-1.797103960245517948e-09,-4.207600703567347234e-10,-8.621620185725450683e-11,-1.547918143352325883e-11,-2.437021508018873547e-12,-3.366364651571023853e-13,-4.081479305911654221e-14,-4.344526128187904776e-15,-4.060828044489134779e-16,-3.333413169414119377e-17,-2.403280087533724639e-18,-1.521903350227945796e-19,-8.465563691839990690e-21,-4.136412715568844815e-22,-1.775416057560604724e-23,-6.694083036124204286e-25,-2.217181153390865785e-26,-6.451096087718152634e-28,-1.648884641245361912e-29,-3.702311785473752258e-31,-7.302687686903503163e-33,-1.265377864770061593e-34,-1.926131916660336868e-36,-2.575612217283318474e-38,-3.025546518419963789e-40,-3.122168091370667208e-42,-2.830335639709561443e-44,-2.253973986600107469e-46,-1.576845780566341578e-48,-9.690784707767105398e-51,-5.231883975816008059e-53,-2.481342524126942604e-55,-1.033819696002680993e-57,-3.783836527503147190e-60,-1.216604492402139412e-62,-3.436338660789162909e-65,-8.526523554082698597e-68,-1.858564048204666631e-70,-3.558873632578766261e-73,-5.986556750910543350e-76,-8.846493075787179117e-79
1.015723465547843070e-156,1.291902073456111608e-152,1.443488101529179596e-148,1.416857995173332584e-144,1.221712298102612584e-140,9.254246635284702784e-137,6.158042720805157440e-133,3.599762337418141210e-129,1.848563884158134672e-125,8.339204087071919209e-122,3.304792869095284549e-118,1.150517928990694929e-114,3.518617355119648996e-111,9.453229329345759370e-108,2.231093909389104742e-104,4.625780395280956465e-101,8.425228251774704111e-98,1.348055718983368189e-94,1.894800604669496945e-91,2.339638125151097571e-88,2.537834917162027933e-85,2.418285381914426208e-82,2.024329651313815439e-79,1.488621975238723232e-76,9.616501831005849029e-74,5.457318676165542574e-71,2.720639595122591870e-68,1.191494980028055039e-65,4.583982198692867176e-63,1.549255799318956479e-60,4.599735305961049421e-58,1.199698324610468008e-55,2.748784951158548266e-53,5.532723616090000021e-51,9.782879054522486283e-49,1.519581114348181829e-46,2.073531231035270937e-44,2.485574355255691934e-42,2.617413962413874162e-40,2.421294053673150433e-38,1.967669278741489901e-36,1.404708142789431307e-34,8.809464028847832652e-33,4.853356763145224506e-31,2.348898345472508498e-29,9.986548229309612616e-28,3.729886543800726200e-26,1.223783728879933145e-24,3.527299003657759554e-23,8.931162970822020959e-22,1.986558246078850980e-20,3.881694062316831475e-19,6.662953995660421486e-18,1.004699351311217065e-16,1.330842837921495115e-15,1.548585743211744626e-14,1.582911231031749346e-13,1.421292645112600938e-12,1.121000581086605234e-11,7.766205199196385169e-11,4.725758845888604304e-10,2.525595583368299516e-09,1.185338681428140683e-08,4.884786115328140528e-08,1.767193268045083997e-07,5.610862646535333035e-07,1.562776290538980892e-06,3.816067679535578875e-06,8.161934399468066700e-06,1.527021615251355276e-05,2.494011672348146801e-05,3.544985512003318576e-05,4.363930256757791239e-05,4.615152997933544092e-05,4.133437176316953908e-05,3.046727132077107507e-05,1.723609113487884777e-05,5.730709550507929399e-06,-1.569534522009416086e-06,-4.494273712034767144e-06,-4.449210381023124814e-06,-3.157178699676823315e-06,-1.802969338418286983e-06,-8.632780339418948107e-07,-3.532468581161085245e-07,-1.248061250805066066e-07,-3.830421918914154763e-08,-1.025038980027015320e-08,-2.397553531516177463e-09,-4.909367023181291488e-10,-8.810074463574611410e-11,-1.386592689724793849e-11,-1.914926042479580370e-12,-2.321345214720324079e-13,-2.470680772809734170e-14,-2.309167230359898575e-15,-1.895424901869461208e-16,-1.366487010746711083e-17,-8.653200949076315131e-19,-4.813241199499743746e-20,-2.351798093941308651e-21,-1.009421184414240512e-22,-3.805928633958466516e-24,-1.260575368712064935e-25,-3.667750759211719799e-27,-9.374662574780969079e-29,-2.104930249690572063e-30,-4.151901016193690543e-32,-7.194227668672347214e-34,-1.095089837618210645e-35,-1.464347133313592947e-37,-1.720153844138174100e-39,-1.775087068342174635e-41,-1.609167548892138652e-43,-1.281481048457058074e-45,-8.965045180092855446e-48,-5.509626885980423210e-50,-2.974550424709122973e-52,-1.410749615436289238e-54,-5.877708149367204134e-57,-2.151273249612887895e-59,-6.916917954518374282e-62,-1.953705794430332144e-64,-4.847694031603134710e-67,-1.056673304769386489e-69,-2.023372161899487924e-72,-3.403614039631155960e-75,-5.029610385769103194e-78
4.672361380533491271e-156,5.942792069090600826e-152,6.640092788646870406e-148,6.517593422709841510e-144,5.619916791719455555e-140,4.256983918481817001e-136,2.832719924692185458e-132,1.655902526123568686e-128,8.503454724381984752e-125,3.836061333852813062e-121,1.520215599612478239e-117,5.292420349970148654e-114,1.618575567118583366e-110,4.348516612796765249e-107,1.026310543375710907e-103,2.127874210501038769e-100,3.875632732739214258e-97,6.201100686972059653e-94,8.716145160520187620e-91,1.076241239909161834e-87,1.167412416686226987e-84,1.112419236859033608e-81,9.311983037968443761e-79,6.847710091697539195e-76,4.423622499369873781e-73,2.510384555868468012e-70,1.251503169470278290e-67,5.480916127484688321e-65,2.108646899034678789e-62,7.126627663762249843e-60,2.115893376599372300e-57,5.518651762438262573e-55,1.264450118234357355e-52,2.545071052921037554e-50,4.500156508549831101e-48,6.990123012548180803e-46,9.538311652852519582e-44,1.143372339415583347e-41,1.204018969059484923e-39,1.113803142636201257e-37,9.051342376797521477e-36,6.461702595634195827e-34,4.052381463517447670e-32,2.232559307868228241e-30,1.080500431370710757e-28,4.593841777653562034e-27,1.715758335450528593e-25,5.629437214090114625e-24,1.622565763831372850e-22,4.108352097101272102e-21,9.138194307371794286e-20,1.785581146075488481e-18,3.064954020275834758e-17,4.621592417502070743e-16,6.121811641883546297e-15,7.123363683691157619e-14,7.281178195190890312e-13,6.537651983230833266e-12,5.156255002861093606e-11,3.572098920549654431e-10,2.173532972266344841e-09,1.161528692482826838e-08,5.450893586612643744e-08,2.246012581108247024e-07,8.123937060123434744e-07,2.578642740393164954e-06,7.179331440264046999e-06,1.752068408154895356e-05,3.744220265947706844e-05,6.996426230309311478e-05,1.140601128131098760e-04,1.616782302923938305e-04,1.981824941220738045e-04,2.081643168090470354e-04,1.842736867966766477e-04,1.328392973387223217e-04,7.128132991263998316e-05,1.866139247210517901e-05,-1.372633611590214347e-05,-2.550350897080349460e-05,-2.361591327132159119e-05,-1.632724236827607143e-05,-9.201603491974833470e-06,-4.372460640600904242e-06,-1.780813458733027468e-06,-6.272872300102267164e-07,-1.921371140047854038e-07,-5.134783923333719118e-08,-1.199922055317448305e-08,-2.455486266141682514e-09,-4.404567102534358588e-10,-6.930139265139992254e-11,-9.568729361634153740e-12,-1.159788403301058240e-12,-1.234273962597205754e-13,-1.153505143560199326e-14,-9.467803404497476588e-16,-6.825478978157916961e-17,-4.322091068627021534e-18,-2.404071653904473957e-19,-1.174639721059873132e-20,-5.041659060717750891e-22,-1.900899638948365921e-23,-6.296012891398439559e-25,-1.831873073938127588e-26,-4.682204191509708047e-28,-1.051312463059361093e-29,-2.073674916373502412e-31,-3.593168358885698672e-33,-5.469440880648176783e-35,-7.313698974002978766e-37,-8.591326608507913838e-39,-8.865689742472318161e-41,-8.037002167119487647e-43,-6.400368410424137560e-45,-4.477599481915791250e-47,-2.751787753173939416e-49,-1.485641655452168156e-51,-7.046000420487221311e-54,-2.935626073469885488e-56,-1.074455148773420528e-58,-3.454660193881747365e-61,-9.757799141594857093e-64,-2.421184635107551519e-66,-5.277563203184290533e-69,-1.010574829815875391e-71,-1.699937727663944057e-74,-2.512042888576378556e-77
1.888108159667663700e-155,2.401491084060085514e-151,2.683271338434598312e-147,2.633769163079687612e-143,2.271016705879275520e-139,1.720253511542175938e-135,1.144706320479615395e-131,6.691526653335579370e-128,3.436258658703263342e-124,1.550158071161906534e-120,6.143213772019539321e-117,2.138674908315572728e-113,6.540687858670734824e-110,1.757242008978899476e-106,4.147336118629563636e-103,8.598771225752946773e-100,1.566148932073016627e-96,2.505873979346932893e-93,3.522207179044371044e-90,4.349106803177633935e-87,4.717530879783687326e-84,4.495302624768931938e-81,3.762986147915729080e-78,2.767169797520324798e-75,1.787592408323247709e-72,1.014450119524989988e-69,5.057342854321625806e-67,2.214846328660258614e-64,8.521073360061971844e-62,2.879880795311533865e-59,8.550356467343970702e-57,2.230095345821249829e-54,5.109661632532741450e-52,1.028466974064026707e-49,1.818519887950207132e-47,2.824719009266624996e-45,3.854445757501259452e-43,4.620384366094483483e-41,4.865458191533949887e-39,4.500894599885643408e-37,3.657660395658384641e-35,2.611183111696207008e-33,1.637572921089570522e-31,9.021801828996618096e-30,4.366315888096639189e-28,1.856376830480171844e-26,6.933397170315682369e-25,2.274860312857613194e-23,6.556797428075063318e-22,1.660185787763557164e-20,3.692740742722171554e-19,7.215512047183855527e-18,1.238540724688966318e-16,1.867567041419739628e-15,2.473785235434609408e-14,2.878482094354986456e-13,2.942218377270260430e-12,2.641725252502573690e-11,2.083481555458516889e-10,1.443323286084920774e-09,8.781823807016166375e-09,4.692642022326201726e-08,2.201966815415988260e-07,9.071760146364198934e-07,3.280609027400794190e-06,1.040992385753041425e-05,2.897014276059057248e-05,7.065500663251255298e-05,1.508527348862122525e-04,2.815014643995533998e-04,4.579998092255949029e-04,6.472354676905589348e-04,7.896274305569502211e-04,8.230558976301868140e-04,7.189162710915270472e-04,5.047275073218593887e-04,2.529254360337817079e-04,4.162655468989146911e-05,-8.401560408545646289e-05,-1.242506228671089218e-04,-1.092504054996244105e-04,-7.389428175621739125e-05,-4.116720891509225095e-05,-1.943013630252883600e-05,-7.880164893970931822e-06,-2.768184798190832437e-06,-8.463508946274166985e-07,-2.259062666616613453e-07,-5.274668763137181944e-08,-1.078771160192874309e-08,-1.934291712847225063e-09,-3.042570259068100069e-10,-4.200194481021008599e-11,-5.090209957818019555e-12,-5.416614248423693352e-13,-5.061829767831179366e-14,-4.154487289588620754e-15,-2.994935695591072271e-16,-1.896437836147679184e-17,-1.054836974341250780e-18,-5.153922589582568904e-20,-2.212092970498003704e-21,-8.340398049644995814e-23,-2.762431903997990912e-24,-8.037485834475345429e-26,-2.054349825756807718e-27,-4.612701058748787179e-29,-9.098373977933078689e-31,-1.576523342922114445e-32,-2.399747687716839168e-34,-3.208925232185416204e-36,-3.769490506478161345e-38,-3.889868218594878553e-40,-3.526276798209485861e-42,-2.808194959800649050e-44,-1.964569982315024371e-46,-1.207361097452969600e-48,-6.518329375705877252e-51,-3.091468965661213737e-53,-1.288021040072687925e-55,-4.714227192982637476e-58,-1.515749908190250049e-60,-4.281284485609085776e-63,-1.062307189799817338e-65,-2.315557947375404854e-68,-4.433948936574359767e-71,-7.458564027010747163e-74,-1.102171709293260028e-76
6.702654233378313838e-155,8.525128340014280581e-151,9.525428881693601193e-147,9.349699560517556595e-143,8.061953262470757925e-139,6.106781765958750174e-135,4.063628784000708973e-131,2.375445983909850293e-127,1.219848213026167878e-123,5.502954639995855105e-120,2.180798678540504594e-116,7.592148974400904599e-113,2.321899248217170996e-109,6.238088390296124563e-106,1.472275825411888406e-102,3.052504702231758269e-99,5.559721097349557478e-96,8.895680445712473305e-93,1.250359347121977151e-89,1.543903031943020023e-86,1.674691047600483931e-83,1.595801543951257115e-80,1.335834226424363268e-77,9.823262643533093558e-75,6.345830219683051452e-72,3.601228218237377891e-69,1.795321962170575827e-66,7.862552272207652521e-64,3.024922487978723863e-61,1.022337891610965228e-58,3.035317783701448991e-56,7.916685201211496880e-54,1.813894755976740941e-51,3.650987048905244022e-49,6.455620543515236753e-47,1.002755815714810343e-44,1.368301713467039745e-42,1.640204623691433241e-40,1.727204107749586799e-38,1.597786499189446135e-36,1.298444125095735002e-34,9.269518759432708861e-33,5.813269673790504951e-31,3.202676338836002260e-29,1.550011225011048269e-27,6.590004639862452826e-26,2.461305389311840131e-24,8.075583889642950764e-23,2.327612301444053365e-21,5.893524720290980405e-20,1.310890990987717960e-18,2.561438762386860698e-17,4.396689228877973157e-16,6.629637140415597076e-15,8.781582896399781289e-14,1.021810634781008687e-12,1.044422395137683280e-11,9.377366501998635630e-11,7.395566002423017050e-10,5.123054112615996233e-09,3.116926243639473958e-08,1.665426822977245592e-07,7.813950294492603619e-07,3.218712753880479084e-06,1.163712565311396206e-05,3.691439182023246112e-05,1.026815131562486830e-04,2.502563823067812006e-04,5.337755961211568907e-04,9.945886678009725323e-04,1.614617772036615025e-03,2.274096503795652088e-03,2.759834993229876021e-03,2.851876997609947059e-03,2.452906032304598589e-03,1.668107730969094551e-03,7.624895787085789797e-04,1.755430354604455706e-05,-4.082809591805488039e-04,-5.227571342996185141e-04,-4.410914880595952973e-04,-2.928293608900829929e-04,-1.614941730112820408e-04,-7.576300624597640540e-05,-3.060992672614034358e-05,-1.072611692847332973e-05,-3.273991612972772422e-06,-8.729061108653695926e-07,-2.036576480575923144e-07,-4.162986480202021275e-08,-7.461713613076582923e-09,-1.173401889917589695e-09,-1.619566254832151961e-10,-1.962508092785082058e-11,-2.088172148906065763e-12,-1.951281082407612923e-13,-1.601443069942059749e-14,-1.154433264344497125e-15,-7.309893266357105024e-17,-4.065851774589298364e-18,-1.986551070945314458e-19,-8.526330714403885004e-21,-3.214722178755312334e-22,-1.064747821173401849e-23,-3.097949668185053498e-25,-7.918224446558167561e-27,-1.777903595769806625e-28,-3.506843024471746363e-30,-6.076488751586698729e-32,-9.249488147275078885e-34,-1.236834510307644453e-35,-1.452896122894383050e-37,-1.499293781694323377e-39,-1.359152565242378352e-41,-1.082378198035415890e-43,-7.572150964513508982e-46,-4.653598639935087703e-48,-2.512395677087095791e-50,-1.191561931355420747e-52,-4.964490466826122997e-55,-1.817030548843597532e-57,-5.842238313233007609e-60,-1.650159041417065931e-62,-4.094509054880424260e-65,-8.924982392838976091e-68,-1.709001330859711536e-70,-2.874795361660323819e-73,-4.248161045624799627e-76
2.090240542079383647e-154,2.658583937388265073e-150,2.970530320668577513e-146,2.915728664672858327e-142,2.514141558077493359e-138,1.904416128951815303e-134,1.267253439685828158e-130,7.407891453443109173e-127,3.804129082698119142e-123,1.716111034407266327e-119,6.800878656821666900e-116,2.367631841830266743e-112,7.240904534572791212e-109,1.945364448819684336e-105,4.591331302801168896e-102,9.519317066351308771e-99,1.733813805004075376e-95,2.774141596570930837e-92,3.899278865308970016e-89,4.814702650278917184e-86,5.222568553959567438e-83,4.976549539277599854e-80,4.165834548017362062e-77,3.063410570028884256e-74,1.978964023775032659e-71,1.123052593126298118e-68,5.598759262959929957e-66,2.451957825539625250e-63,9.433301178271105326e-61,3.188187884859693499e-58,9.465719163504276981e-56,2.468839311803553819e-53,5.656678970289514892e-51,1.138570003268465689e-48,2.013202393002882962e-46,3.127120589907196557e-44,4.267085113997154655e-42,5.115021456494425531e-40,5.386331524852283450e-38,4.982739141653244823e-36,4.049231903427139197e-34,2.890723435319444106e-32,1.812883034827295281e-30,9.987626835096781328e-29,4.833748118553238913e-27,2.055108585895002262e-25,7.675636248344395100e-24,2.518387594349013074e-22,7.258701430514352077e-21,1.837904325242677696e-19,4.088026060395896324e-18,7.987852454403692766e-17,1.371103905930058548e-15,2.067436942746541755e-14,2.738497429396617247e-13,3.186439578135722612e-12,3.256906933859688017e-11,2.924161429826335625e-10,2.306106709824113316e-09,1.597419860411345512e-08,9.718318284762678605e-08,5.192225752065916371e-07,2.435825814466767118e-06,1.003188596514964896e-05,3.626085214205158495e-05,1.149826589545177872e-04,3.196715723710738186e-04,7.785213791615644592e-04,1.658697601063332562e-03,3.085662082828411097e-03,4.997136176066939786e-03,7.012108310570112565e-03,8.460047128877866765e-03,8.656925559034828188e-03,7.313574942571380091e-03,4.783397985754681003e-03,1.919459017629186401e-03,-3.861657313766787836e-04,-1.645796211993738687e-03,-1.906783169553910194e-03,-1.555891696586326600e-03,-1.016500754968355019e-03,-5.556098313644022195e-04,-2.592506378171493425e-04,-1.043828515405867055e-04,-3.649450479535257903e-05,-1.112255868027108534e-05,-2.962429291740123262e-06,-6.906771144618495861e-07,-1.411133932473032570e-07,-2.528457129444812098e-08,-3.975229672678438235e-09,-5.485843959608257200e-10,-6.646712457444348459e-11,-7.071757057774025214e-12,-6.607799301003654604e-13,-5.422901658474700836e-14,-3.909104901536267429e-15,-2.475205874043403793e-16,-1.376721511990017906e-17,-6.726517571862926517e-19,-2.887020819888533519e-20,-1.088501989286995690e-21,-3.605214995158936452e-23,-1.048957292938538784e-24,-2.681085018889102858e-26,-6.019917186406617793e-28,-1.187403449873502126e-29,-2.057474440853565478e-31,-3.131838005823846822e-33,-4.187868844553416871e-35,-4.919443349520950498e-37,-5.076543170117692369e-39,-4.602030733045058356e-41,-3.664884686955870182e-43,-2.563896701277444326e-45,-1.575687792849351775e-47,-8.506859790827488983e-50,-4.034575534524249820e-52,-1.680954304095548167e-54,-6.152384257763498485e-57,-1.978155781084791166e-59,-5.587364740851248977e-62,-1.386382457286296144e-64,-3.021959124692086692e-67,-5.786602070802641540e-70,-9.733928510408414480e-73,-1.438408327970563996e-75
5.726314827435130174e-154,7.283318983709790989e-150,8.137911153357710258e-146,7.987779372358702327e-142,6.887612115667472044e-138,5.217239880903158251e-134,3.471701948028474028e-130,2.029427609686986891e-126,1.042159518637222880e-122,4.701368987920984975e-119,1.863133524970397009e-115,6.486241678300976944e-112,1.983680737471981081e-108,5.329419779046503122e-105,1.257817365380426820e-101,2.607862844755951652e-98,4.749866582063244302e-95,7.599894766817356221e-92,1.068226260652423237e-88,1.319011023776002652e-85,1.430747856137837816e-82,1.363349759858428813e-79,1.141250475930652713e-76,8.392361075114521389e-74,5.421467433043862574e-71,3.076656768214324568e-68,1.533807114612046010e-65,6.717256769044109135e-63,2.584298371312948803e-60,8.734194524796881260e-58,2.593179428597468156e-55,6.763504380873695001e-53,1.549674484855653611e-50,3.119167421954616062e-48,5.515264993148056460e-46,8.566897513330750450e-44,1.168988510792988801e-41,1.401284730214064385e-39,1.475611392282646993e-37,1.365045272665869137e-35,1.109306434504658898e-33,7.919274455999220323e-32,4.966478863618975936e-30,2.736157235377283093e-28,1.324227701349333167e-26,5.630063543334991663e-25,2.102774600818098785e-23,6.899230324007957046e-22,1.988550508807801585e-20,5.035006683346520500e-19,1.119927818884395932e-17,2.188292156727025336e-16,3.756159745622275499e-15,5.663745035249257848e-14,7.502059817854930134e-13,8.729095482713829835e-12,8.922001369346089949e-11,8.010300590181711810e-10,6.317035601887308705e-09,4.375559804372389609e-08,2.661815314317186248e-07,1.422003383826800921e-06,6.670161174233398318e-06,2.746571658142549959e-05,9.924961483354231200e-05,3.145964498800780094e-04,8.741391994133825222e-04,2.127116220652798626e-03,4.526545232255517644e-03,8.405760891910757024e-03,1.357659107301144308e-02,1.897287748471921873e-02,2.274073317621020524e-02,2.301192112608527185e-02,1.903683063778511403e-02,1.185911329450740556e-02,3.894994618287621335e-03,-2.369394523840518199e-03,-5.616913085657268892e-03,-6.046319731136138263e-03,-4.798846283090255072e-03,-3.092030122839901397e-03,-1.676751021203910135e-03,-7.785881528879838283e-04,-3.125090165604934135e-04,-1.090352180095383483e-04,-3.318508277562597515e-05,-8.830331441151244502e-06,-2.057421102879780177e-06,-4.201674742224337423e-07,-7.526193230804264977e-08,-1.183010392907754995e-08,-1.632317797355526460e-09,-1.977528640072459611e-10,-2.103834402944771350e-11,-1.965707722594142776e-12,-1.613163447285254811e-13,-1.162821800958819943e-14,-7.362742543444937174e-16,-4.095143312663547446e-17,-2.000827252410213081e-18,-8.587497941734898652e-20,-3.237756252637723918e-21,-1.072370427242628572e-22,-3.120114869486843189e-24,-7.974854061009459379e-26,-1.790615101288066033e-27,-3.531910825756555123e-29,-6.119918813269834555e-31,-9.315589745007353809e-33,-1.245672946428325699e-34,-1.463278029453084389e-36,-1.510006863066726237e-38,-1.368864046124181093e-40,-1.090111927966407523e-42,-7.626254311768168141e-45,-4.686848531303361886e-47,-2.530346602868795569e-49,-1.200075540140317180e-51,-4.999961229887978226e-54,-1.830013015802143782e-56,-5.883980353114250759e-59,-1.661949203785057699e-61,-4.123763746642630892e-64,-8.988750107743812984e-67,-1.721211895428869841e-69,-2.895335349356697360e-72,-4.278513523136048313e-75
1.378109350825408266e-153,1.752821893131913135e-149,1.958490197377074705e-145,1.922359104783289596e-141,1.657590081491878060e-137,1.255594091844286973e-133,8.355085359488988290e-130,4.884071606279624914e-126,2.508087349305445123e-122,1.131443303269996885e-118,4.483864073079824304e-115,1.560995260984219660e-111,4.773976031221486726e-108,1.282591588695915421e-104,3.027094955603513249e-101,6.276148413503994778e-98,1.143114856404809426e-94,1.829009818452987755e-91,2.570820227080512369e-88,3.174365155087402879e-85,3.443273830300725895e-82,3.281071873875000290e-79,2.746562142413591167e-76,2.019726755662751232e-73,1.304744008213557538e-70,7.404359672377617282e-68,3.691298833796146591e-65,1.616591931850187997e-62,6.219437542865661925e-60,2.101993248123514948e-57,6.240810902838267811e-55,1.627721989623773475e-52,3.729485612581037583e-50,7.506666777666682132e-48,1.327317537987627708e-45,2.061731073000300951e-43,2.813317074945004058e-41,3.372366921246878184e-39,3.551243233052025960e-37,3.285151923204183553e-35,2.669684326113389886e-33,1.905872046774212691e-31,1.195244872402082450e-29,6.584901449580117251e-28,3.186917337830816460e-26,1.354943812395076850e-24,5.060582516619851271e-23,1.660382487195907600e-21,4.785680657614324839e-20,1.211731929818808192e-18,2.695229131763104789e-17,5.266350509416068769e-16,9.039549596736953389e-15,1.363025479100291445e-13,1.805416002673626978e-12,2.100685234770084911e-11,2.147073128594600696e-10,1.927627367736967393e-09,1.520102546379410089e-08,1.052863664335902611e-07,6.404515766012503965e-07,3.421100566130309974e-06,1.604499709695395070e-05,6.605495309188280195e-05,2.386247468041523972e-04,7.560598447011798858e-04,2.099501498126954760e-03,5.104327874544101716e-03,1.084787381326311057e-02,2.010524327165493300e-02,3.237770055915181050e-02,4.504097886086685237e-02,5.358921867056087862e-02,5.354113687389740195e-02,4.320396531662046291e-02,2.528663222166974145e-02,5.811075007529808989e-03,-9.129134796876256508e-03,-1.641347108067333152e-02,-1.670067072827056964e-02,-1.295065559511076117e-02,-8.244274550965786236e-03,-4.439363007776237977e-03,-2.052391010423771419e-03,-8.214599247617381840e-04,-2.860722633655137046e-04,-8.695652633840581479e-05,-2.311858651634307273e-05,-5.383313204543077527e-06,-1.098931701331656476e-06,-1.967886444712296627e-07,-3.092625082113310377e-08,-4.266615909714219103e-09,-5.168444383569540625e-10,-5.498186411421518979e-11,-5.136963550703384213e-12,-4.215525108270983398e-13,-3.038620925218396114e-14,-1.923959906834196491e-15,-1.070090833908780540e-16,-5.228266682938822549e-18,-2.243946017847046829e-19,-8.460348364599697043e-21,-2.802126649633798387e-22,-8.152910988643199869e-24,-2.083839627554386785e-25,-4.678896009731673609e-27,-9.228914052380052427e-29,-1.599139451247106451e-30,-2.434169938008651895e-32,-3.254951169218646954e-34,-3.823554019750631944e-36,-3.945656310613960914e-38,-3.576849078204161518e-40,-2.848468152003898684e-42,-1.992744155022011441e-44,-1.224675888621477348e-46,-6.611808335527818877e-49,-3.135803352299550869e-51,-1.306492343495809613e-53,-4.781833036297560669e-56,-1.537486961752044003e-58,-4.342681434799400190e-61,-1.077541490771088266e-63,-2.348764811001233022e-66,-4.497535118493120739e-69,-7.565525452585286461e-72,-1.117977679144715126e-74
2.913544403312553170e-153,3.705746872466383174e-149,4.140562684733559784e-145,4.064175754661770929e-141,3.504411534558291497e-137,2.654527477759262594e-133,1.766399173892517571e-129,1.032571144322640297e-125,5.302499293830779693e-122,2.392052780081475895e-118,9.479608470442852698e-115,3.300194577075046597e-111,1.009295172321527251e-107,2.711604520131648032e-104,6.399764692659079238e-101,1.326878529131291735e-97,2.416728317026739277e-94,3.866820377268987387e-91,5.435126667911090064e-88,6.711117535875485870e-85,7.279633644304446577e-82,6.936712668818469755e-79,5.806673288345826975e-76,4.270026597675991558e-73,2.758438289501911702e-70,1.565400499661421747e-67,7.803998309393175799e-65,3.417734858119378229e-62,1.314888937162367270e-59,4.443951154268566654e-57,1.319407604860531936e-54,3.441265566396919181e-52,7.884731211719605295e-50,1.587029840048498405e-47,2.806162292601156597e-45,4.358830326462503823e-43,5.947803654781409647e-41,7.129724577939517478e-39,7.507897575176284259e-37,6.945337596619565715e-35,5.644140137698994283e-33,4.029318337271004784e-31,2.526938526530600533e-29,1.392153079619837705e-27,6.737649344890060967e-26,2.864565380342410427e-24,1.069886592536520348e-22,3.510306723484350429e-21,1.011766254858288301e-19,2.561783288774632985e-18,5.698107197592726629e-17,1.113379904379337430e-15,1.911078571102947201e-14,2.881595757290137144e-13,3.816827679563986271e-12,4.441000181589821046e-11,4.538985963101800069e-10,4.074965372103452773e-09,3.213347936437395097e-08,2.225533544172477232e-07,1.353678633768808343e-06,7.230165155371418604e-06,3.390429822281470812e-05,1.395480938331290376e-04,5.039587596850473878e-04,1.596008118789921364e-03,4.428987375846235759e-03,1.075729565509434167e-02,2.282895963276997467e-02,4.222044903470126981e-02,6.777205022885871011e-02,9.380153326674579850e-02,1.106812172055188226e-01,1.089710679290637751e-01,8.534770348086852254e-02,4.599101256312378150e-02,4.107470774888516418e-03,-2.716674596544511877e-02,-4.134759953717299930e-02,-4.024186478682054841e-02,-3.059715341775236241e-02,-1.927278367811675192e-02,-1.031301072966477744e-02,-4.749101778911760975e-03,-1.895929286616156997e-03,-6.591255791160877554e-04,-2.001205378713555836e-04,-5.316268914270476517e-05,-1.237253265537295040e-05,-2.524735636122086922e-06,-4.519928625317622205e-07,-7.101984726245451946e-08,-9.796724564801666516e-09,-1.186639356988187818e-09,-1.262267836345639272e-10,-1.179287747743342146e-11,-9.677248120865292387e-13,-6.975374964961518534e-14,-4.416524518927733125e-15,-2.456409638866951566e-16,-1.200147840920820590e-17,-5.150948767848471557e-19,-1.942055061873849682e-20,-6.432206547420180526e-22,-1.871475614054625515e-23,-4.783383926994069004e-25,-1.074023968666152249e-26,-2.118463206140758059e-28,-3.670764154911010200e-30,-5.587543454114383839e-32,-7.471613685798008092e-34,-8.776818151027550835e-36,-9.057098270498915722e-38,-8.210515262459159465e-40,-6.538545405049065414e-42,-4.574264833548160548e-44,-2.811194654895032497e-46,-1.517714206417632259e-48,-7.198111317908427448e-51,-2.999000955009805347e-53,-1.097650654644782912e-55,-3.529239834543398838e-58,-9.968451536300858404e-61,-2.473453388082502250e-63,-5.391495660681383544e-66,-1.032391192959246138e-68,-1.736636098750259327e-71,-2.566273032145621653e-74
5.411144189574538616e-153,6.882452395158970553e-149,7.690008666965403763e-145,7.548139988955917979e-141,6.508524837148638256e-137,4.930088218667003099e-133,3.280622946882697082e-129,1.917729944861304237e-125,9.848001015997210636e-122,4.442610343380058009e-118,1.760588520144975749e-114,6.129245426905139772e-111,1.874500934673416431e-107,5.036093847292511552e-104,1.188588356205627672e-100,2.464328683241209292e-97,4.488438678013461716e-94,7.181604162820663317e-91,1.009432155996202228e-87,1.246413976539038966e-84,1.352000925238505119e-81,1.288312352506835873e-78,1.078437190746720648e-75,7.930453908913112642e-73,5.123075280791815050e-70,2.907320650407788591e-67,1.449387900144754887e-64,6.347545642412751685e-62,2.442061155266225844e-59,8.253473102858551583e-57,2.450453387278902221e-54,6.391247716780086157e-52,1.464381902447651006e-49,2.947491425921865463e-47,5.211709966918721976e-45,8.095383247415952710e-43,1.104648396973318686e-40,1.324159153610496604e-38,1.394394815468598441e-36,1.289914014654948562e-34,1.048250700130214075e-32,7.483399204396622270e-31,4.693123179242643272e-29,2.585557423140959354e-27,1.251340450658761770e-25,5.320171739877879721e-24,1.987029984721680873e-22,6.519456654882095670e-21,1.879083338122412552e-19,4.757814943551417629e-18,1.058265849369982864e-16,2.067788553917283561e-15,3.549271849708148136e-14,5.351689151350066704e-13,7.088530836709048491e-12,8.247618136898895528e-11,8.429428253840249663e-10,7.567476450520531231e-09,5.967158342484052111e-08,4.132559605369092957e-07,2.513419624132435271e-06,1.342291045961555471e-05,6.293324709110318196e-05,2.589669085797114269e-04,9.348978424313235565e-04,2.959278735754111798e-03,8.206130147014423920e-03,1.991014571253851839e-02,4.218669176390278663e-02,7.783817119971257747e-02,1.244983695876065305e-01,1.713436052207952254e-01,2.002881695561301578e-01,1.938684750597593764e-01,1.464272304928655177e-01,7.035498955549390754e-02,-8.862576587824744223e-03,-6.631751119989953702e-02,-9.019579424275409041e-02,-8.468806909419218654e-02,-6.331406231941461016e-02,-3.951068503584506675e-02,-2.102398833790656424e-02,-9.647012954230748186e-03,-3.842281461717513523e-03,-1.333695162988035154e-03,-4.045010527119483404e-04,-1.073790602103586746e-04,-2.497778320485023263e-05,-5.095193464540445929e-06,-9.119516322115197979e-07,-1.432673398712960147e-07,-1.976048675267762177e-08,-2.393316273290325843e-09,-2.545705407373007774e-10,-2.378258988483754338e-11,-1.951547685295544662e-12,-1.406651171401923815e-13,-8.906223722596308391e-15,-4.953470968364429272e-16,-2.420141128411904692e-17,-1.038702451479217067e-18,-3.916192704528177339e-20,-1.297064310722436210e-21,-3.773853265545212450e-23,-9.645740956807832408e-25,-2.165778261492240881e-26,-4.271896342499094857e-28,-7.402119590620572210e-30,-1.126731440934504104e-31,-1.506655036512189655e-33,-1.769850009074039869e-35,-1.826368476608400782e-37,-1.655654476598326828e-39,-1.318500866479537260e-41,-9.224027034893169719e-44,-5.668787417254572252e-46,-3.060477882634616133e-48,-1.451502539607902896e-50,-6.047499514440292454e-53,-2.213417690063030263e-55,-7.116728642825801728e-58,-2.010142912290328813e-60,-4.987730310916480821e-63,-1.087197617061006295e-65,-2.081821658624802611e-68,-3.501934795621635300e-71,-5.174901540374247488e-74
8.828482808580119635e-153,1.122897681577134263e-148,1.254653487980036908e-144,1.231507086017508928e-140,1.061890011075001696e-136,8.043622117317177477e-133,5.352458236791764916e-129,3.128847662625565231e-125,1.606737958229173135e-121,7.248283850425069082e-118,2.872465589246944924e-114,1.000009165988733351e-110,3.058317926205881774e-107,8.216574239182612335e-104,1.939226067794487325e-100,4.020643814286648654e-97,7.323054480942112896e-94,1.171705403964420689e-90,1.646926070094128436e-87,2.033570715792656371e-84,2.205839745775139472e-81,2.101929472725223468e-78,1.759510347820266366e-75,1.293883021945383769e-72,8.358487673702581399e-70,4.743401664058548434e-67,2.364730210698131624e-64,1.035625655001620013e-61,3.984313502476872055e-59,1.346584798268140255e-56,3.998005727554381126e-54,1.042755803451383566e-51,2.389193454598603173e-49,4.808941690983324863e-47,8.503098233570310720e-45,1.320791805896055501e-42,1.802274805595265395e-40,2.160414690256654574e-38,2.275006695917695798e-36,2.104542304153750965e-34,1.710259571882941187e-32,1.220943982806646417e-30,7.657001231496553102e-29,4.218430157665668664e-27,2.041606469419366884e-25,8.680045889118503061e-24,3.241906851885692852e-22,1.063670575373048385e-20,3.065781916025703500e-19,7.762507083815829997e-18,1.726585814368400668e-16,3.373634076171843814e-15,5.790671275270357432e-14,8.731269235371311660e-13,1.156480285832772017e-11,1.345563231949876431e-10,1.375195624546378100e-09,1.234537471153533576e-08,9.734237148129675486e-08,6.741034045521764316e-07,4.099527217247072138e-06,2.189072301973910323e-05,1.026157707700832216e-04,4.221473427356164129e-04,1.523419253021518916e-03,4.819515189478498773e-03,1.335397140892011919e-02,3.236242951576099453e-02,6.845341262126262982e-02,1.259768709185331292e-01,2.006960691697055599e-01,2.744727143082338894e-01,3.174364768665391967e-01,3.012167382758634271e-01,2.174957471319194924e-01,8.810654228339559468e-02,-4.367281659838057051e-02,-1.362989381212891538e-01,-1.709013719795339226e-01,-1.557965275834634067e-01,-1.147921938115620266e-01,-7.104682490506616932e-02,-3.761451933776095713e-02,-1.720409901280688797e-02,-6.837620205904949323e-03,-2.370021955196868150e-03,-7.181145892306410074e-04,-1.905041220591480850e-04,-4.429339799827027707e-05,-9.032488493429554122e-06,-1.616301530109297034e-06,-2.538813617469392306e-07,-3.501342317982065747e-08,-4.240376739663810376e-09,-4.510137033720297024e-10,-4.213323814159510590e-11,-3.457273557559244048e-12,-2.491914969977319916e-13,-1.577738321358760314e-14,-8.775001441221561109e-16,-4.287218416136175768e-17,-1.840027084133319150e-18,-6.937385260384869484e-20,-2.297694897485945068e-21,-6.685212617647076558e-23,-1.708698207723794004e-24,-3.836572845284159282e-26,-7.567456735823162797e-28,-1.311249048005220090e-29,-1.995948794115483566e-31,-2.668964118986926926e-33,-3.135200486596805645e-35,-3.235319844496673415e-37,-2.932908412516884573e-39,-2.335657698583412572e-41,-1.633989759512107675e-43,-1.004197013685942698e-45,-5.421481669361067184e-48,-2.571263258862857417e-50,-1.071283912929405426e-52,-3.920957326072461708e-55,-1.260692427876601022e-57,-3.560866332970259457e-60,-8.835511547094232103e-63,-1.925915494555609056e-65,-3.687841587491064301e-68,-6.203500052561235534e-71,-9.167075870516225320e-74
1.265355474387177246e-152,1.609409860524650580e-148,1.798250836407856970e-144,1.765075910352167778e-140,1.521969706283175090e-136,1.152864144465334567e-132,7.671490649291017546e-129,4.484467608151136879e-125,2.302881157983061589e-121,1.038871100377496453e-117,4.117004175157038637e-114,1.433278061527827429e-110,4.383379810783432857e-107,1.177652765431806077e-103,2.779424703095006202e-100,5.762647751725522232e-97,1.049587712540293916e-93,1.679364256941773994e-90,2.360481368869205040e-87,2.914645577523204312e-84,3.161552735509764557e-81,3.012621785652159814e-78,2.521844464366560660e-75,1.854477150366008709e-72,1.197992719260705193e-69,6.798551218704666214e-67,3.389284860593319947e-64,1.484325922389762735e-61,5.710576770640765242e-59,1.930012749380123780e-56,5.730201335907733508e-54,1.494545302601293681e-51,3.424347126447682340e-49,6.892487306657944571e-47,1.218719208720402152e-44,1.893044488034777743e-42,2.583137107451469147e-40,3.096446331295526003e-38,3.260686899116143881e-36,3.016366136379731707e-34,2.451254440269301151e-32,1.749935556877611824e-30,1.097450565818649346e-28,6.046123544629801609e-27,2.926159872632112398e-25,1.244078665911285438e-23,4.646501417765602946e-22,1.524517054402949108e-20,4.394058433101439238e-19,1.112565943582946234e-17,2.474632724747554495e-16,4.835249479500926285e-15,8.299414099358248470e-14,1.251389441253455279e-12,1.657480601384518051e-11,1.928445389166990538e-10,1.970868833656262176e-09,1.769225619657629562e-08,1.394955671678769917e-07,9.659523782118173050e-07,5.873825142254651484e-06,3.136080439452354273e-05,1.469788526800798380e-04,6.044781883056965380e-04,2.180504602519040078e-03,6.894168674518936363e-03,1.908588096699688486e-02,4.619452841400753518e-02,9.752715438245895818e-02,1.789724924074077850e-01,2.838727947756687353e-01,3.854855904419273727e-01,4.404341665773714998e-01,4.082455669479154725e-01,2.784179938751194516e-01,8.476091701363586139e-02,-1.080555371627687777e-01,-2.390801359493516243e-01,-2.818960943684705178e-01,-2.507249529524003817e-01,-1.824126561128835144e-01,-1.120742666230693518e-01,-5.906733409410395985e-02,-2.693726511209605656e-02,-1.068526572741347602e-02,-3.698843000120923940e-03,-1.119749467260977701e-03,-2.968697648306983469e-04,-6.899492396938147136e-05,-1.406560238810014750e-05,-2.516429947035718170e-06,-3.952134011394252813e-07,-5.449949039065894845e-08,-6.599823374733076162e-09,-7.019346043044856696e-10,-6.557180084626390653e-11,-5.380415098346451221e-12,-3.878002650234238375e-13,-2.455301634855880932e-14,-1.365568770401662972e-15,-6.671746587645742807e-17,-2.863429116022944657e-18,-1.079584988683727840e-19,-3.575629786101845098e-21,-1.040338869761890981e-22,-2.659038069717520466e-24,-5.970385218410582346e-26,-1.177629431471824244e-27,-2.040533598490091896e-29,-3.106045843721508884e-31,-4.153374888152499640e-33,-4.878919667426074054e-35,-5.034722489813569292e-37,-4.564117260929762129e-39,-3.634690796746315501e-41,-2.542773021667251755e-43,-1.562705649003231536e-45,-8.436770679044284337e-48,-4.001333878287499028e-50,-1.667104514543424216e-52,-6.101693072945882705e-55,-1.961857166695203918e-57,-5.541328689989089649e-60,-1.374959601799934652e-62,-2.997060198011989981e-65,-5.738924299374410711e-68,-9.653727344228692921e-71,-1.426556785941750399e-73
1.593193495534827207e-152,2.026388136250106620e-148,2.264155483495454354e-144,2.222385342632247501e-140,1.916293314828857766e-136,1.451557047307680223e-132,9.659079405659640955e-129,5.646337941273091718e-125,2.899529307094554868e-121,1.308029809264031055e-117,5.183669257912404523e-114,1.804622757099706823e-110,5.519059540400569125e-107,1.482768094681660485e-103,3.499539416253133885e-100,7.255678819603239074e-97,1.321522963605866023e-93,2.114466855168459565e-90,2.972053022998429014e-87,3.669794353600993144e-84,3.980672115371739564e-81,3.793154990112489636e-78,3.175223308348185002e-75,2.334949341537637706e-72,1.508377878746008027e-69,8.559972107509577278e-67,4.267406822693219421e-64,1.868896485206539425e-61,7.190116861918225471e-59,2.430055272539487581e-56,7.214825882119504356e-54,1.881763565308931459e-51,4.311553230303658497e-49,8.678245696197439244e-47,1.534474298740543153e-44,2.383508894113395943e-42,3.252395909598999384e-40,3.898697080684360384e-38,4.105490173221183143e-36,3.797868732949209419e-34,3.086343438294775683e-32,2.203321451298114238e-30,1.381785722919782249e-28,7.612593635902437598e-27,3.684287665675243577e-25,1.566401577796052287e-23,5.850339098685583078e-22,1.919494262250397221e-20,5.532478542946021909e-19,1.400808551563058740e-17,3.115749293400531683e-16,6.087918442261259544e-15,1.044948239519462862e-13,1.575564260319983308e-12,2.086828618225660504e-11,2.427940768400102322e-10,2.481290499438569744e-09,2.227345479183034047e-08,1.756072948529980178e-07,1.215922930231682608e-06,7.393086148272752800e-06,3.946631547676839107e-05,1.849270246074571444e-04,7.603107373192605949e-04,2.741401664860613260e-03,8.661943928502465959e-03,2.395711606501715885e-02,5.790403147493915909e-02,1.219958902605311341e-01,2.231742614837283756e-01,3.522562020355224366e-01,4.745514635256338210e-01,5.346730949381217624e-01,4.819213670422160534e-01,3.050144712100631983e-01,4.996230485008656963e-02,-1.981990898009936553e-01,-3.608011972518438415e-01,-4.054436285250115901e-01,-3.531794177204651275e-01,-2.541234489746652114e-01,-1.551173349595732498e-01,-8.141919286500734487e-02,-3.703222884111688484e-02,-1.466373262301083960e-02,-5.069983943580704151e-03,-1.533583129621156511e-03,-4.063578640378569273e-04,-9.440418822557747130e-05,-1.924046078629584373e-05,-3.441601597213155818e-06,-5.404440065035229844e-07,-7.451984180854522649e-08,-9.023690198915128588e-09,-9.596861400675206770e-10,-8.964709016335330339e-11,-7.355724308901728135e-12,-5.301651452866484110e-13,-3.356628794432272283e-14,-1.866847387723853906e-15,-9.120791513256102489e-17,-3.914513964651293399e-18,-1.475866736837625491e-19,-4.888122518712766087e-21,-1.422210308277617606e-22,-3.635073318354516683e-24,-8.161889469342406240e-26,-1.609892296479615151e-27,-2.789534854051383469e-29,-4.246154703794851280e-31,-5.677916759729517686e-33,-6.669780040657439071e-35,-6.882771488739133070e-37,-6.239425242295353891e-39,-4.968842695950167599e-41,-3.476124808120185646e-43,-2.136313282958537718e-45,-1.153357643751547846e-47,-5.470065681310912485e-50,-2.279032796655934756e-52,-8.341383788682927937e-55,-2.681977497664228364e-57,-7.575331719529656445e-60,-1.879652995294183935e-62,-4.097162684194361404e-65,-7.845456853469451197e-68,-1.319722954463387031e-70,-1.950189464123637706e-73
1.762195162240315036e-152,2.241341921448213348e-148,2.504330987263681253e-144,2.458129982575832125e-140,2.119568538465130732e-136,1.605534301795790080e-132,1.068368848355742599e-128,6.245286233185902591e-125,3.207103551477538594e-121,1.446782081649988081e-117,5.733538904401674216e-114,1.996052269302714424e-110,6.104506482947195032e-107,1.640056132821204809e-103,3.870761113767326641e-100,8.025341648715136365e-97,1.461706553317639995e-93,2.338763792999429649e-90,3.287320387091903080e-87,4.059076234873593717e-84,4.402931070332179420e-81,4.195522634077181245e-78,3.512042426751621432e-75,2.582634464971371546e-72,1.668382532079443295e-69,9.467990836065845618e-67,4.720081813286849697e-64,2.067143975188629824e-61,7.952825023498496048e-59,2.687828962638662910e-56,7.980155075947159183e-54,2.081375941601456209e-51,4.768911081168964636e-49,9.598810348255814717e-47,1.697247132663911651e-44,2.636344954931702747e-42,3.597401036053504533e-40,4.312259909365438147e-38,4.540988834316296272e-36,4.200735529696927637e-34,3.413733411153764484e-32,2.437042813831111485e-30,1.528360898994899647e-28,8.420109743537317596e-27,4.075101920360609868e-25,1.732558167557243749e-23,6.470910929941400346e-22,2.123101363146916598e-20,6.119317329451080284e-19,1.549391101000200407e-17,3.446223186673976287e-16,6.733606763275781953e-15,1.155768586375802250e-13,1.742642093884130417e-12,2.308091932848609067e-11,2.685320754359622247e-10,2.744251493841294963e-09,2.463298377572783853e-08,1.941993879443947838e-07,1.344549502007649766e-06,8.174232679106264602e-06,4.362915286525400254e-05,2.043847749355707101e-04,8.400253570375622704e-04,3.027344605086585826e-03,9.558659717730526653e-03,2.640993590330497146e-02,6.373537792901533272e-02,1.339769241008717804e-01,2.442446118411091549e-01,3.834203470317369966e-01,5.119101279159683493e-01,5.675247490317989474e-01,4.944977573573171581e-01,2.826814536607722417e-01,-1.290149059098244511e-02,-2.938584669686663542e-01,-4.708635449835667508e-01,-5.091129807877551317e-01,-4.356722212647548553e-01,-3.104427907522322450e-01,-1.883919786630085524e-01,-9.852035512045947963e-02,-4.470242168763460117e-02,-1.767240100593510735e-02,-6.103557091603700226e-03,-1.844840833489071749e-03,-4.885808207071691773e-04,-1.134655615077927350e-04,-2.311961937251868324e-05,-4.134765907748038395e-06,-6.492154483270632346e-07,-8.951043091352000128e-08,-1.083828261081886887e-08,-1.152624247122747372e-09,-1.076669250147841380e-10,-8.834111489782120889e-12,-6.367112681182295440e-13,-4.031163705653544218e-14,-2.241986369353223824e-15,-1.095354266725419781e-16,-4.701088971832122418e-18,-1.772420453893069151e-19,-5.870309254996966933e-21,-1.707977808046927068e-22,-4.365472219237653567e-24,-9.801860560515586137e-26,-1.933367719498086628e-27,-3.350034765824850712e-29,-5.099331572636019361e-31,-6.818775654768187740e-33,-8.009932414718392214e-35,-8.265719484125868368e-37,-7.493106013273810238e-39,-5.967226538355698306e-41,-4.174578470195832473e-43,-2.565560153608942355e-45,-1.385100399269033797e-47,-6.569159308117920766e-50,-2.736956062594482635e-52,-1.001740776990938406e-54,-3.220863927838607196e-57,-9.097433760443049955e-60,-2.257329345886843684e-62,-4.920400508360772002e-65,-9.421834777215131311e-68,-1.584893251650776752e-70,-2.342038614790532236e-73
1.712257149441960089e-152,2.177825595925675027e-148,2.433361939354602436e-144,2.388470203022562064e-140,2.059503091078141243e-136,1.560035826807321308e-132,1.038092850345760335e-128,6.068304029086818744e-125,3.116218965224698373e-121,1.405782410518329633e-117,5.571058865079061706e-114,1.939487090859284812e-110,5.931513769339817161e-107,1.593579360007880239e-103,3.761069450565049505e-100,7.797915298257391788e-97,1.420283944584054849e-93,2.272486675075773561e-90,3.194162573601789237e-87,3.944047998196598328e-84,4.278158494198227523e-81,4.076627706841560747e-78,3.412516320610031176e-75,2.509446410099531086e-72,1.621103029196174218e-69,9.199681921062860705e-67,4.586321643877425908e-64,2.008564156439885942e-61,7.727453653543477536e-59,2.611659836187550927e-56,7.754009176796516413e-54,2.022392790047807522e-51,4.633767086849963530e-49,9.326793969455530972e-47,1.649149589189568713e-44,2.561634687961555102e-42,3.495455725612292863e-40,4.190056360475295923e-38,4.412303211977095274e-36,4.081691960601639900e-34,3.316992173327700768e-32,2.367979525582599755e-30,1.485048429017908370e-28,8.181488564848916796e-27,3.959614224341864453e-25,1.683456792482208991e-23,6.287517602473934603e-22,2.062927708336146875e-20,5.945871552689732328e-19,1.505471570850536491e-17,3.348523918125830288e-16,6.542679047767701350e-15,1.122989494601308199e-13,1.693201458088633809e-12,2.242576577168084697e-11,2.609043988758115084e-10,2.666222231705253646e-09,2.393156753811798637e-08,1.886582372258675099e-07,1.306072166118908726e-06,7.939324857027498303e-06,4.236782411305295567e-05,1.984252700263318457e-04,8.152316583125130377e-04,2.936429473869037274e-03,9.264445261318468225e-03,2.556816534921997272e-02,6.160115602043823163e-02,1.291674700769709361e-01,2.345765571871139821e-01,3.660115000709313060e-01,4.837091293557914673e-01,5.262646640986572422e-01,4.398204778543605142e-01,2.169754600280965340e-01,-8.444759906695364915e-02,-3.642697908314452837e-01,-5.332569249506751152e-01,-5.586819684866390912e-01,-4.708303387789926076e-01,-3.326224481603857752e-01,-2.007983216493383072e-01,-1.046582939436936227e-01,-4.738328826438189395e-02,-1.870467510994637886e-02,-6.453614298971502815e-03,-1.949309910836701616e-03,-5.160036975510401630e-04,-1.197948187677456993e-04,-2.440370040597063147e-05,-4.363721554456911046e-06,-6.850888690678865961e-07,-9.444917924944565925e-08,-1.143566957704453812e-08,-1.216109047586643238e-09,-1.135940657198863364e-10,-9.320264054703858304e-12,-6.717416664214491923e-13,-4.252910841469650315e-14,-2.365299159305454664e-15,-1.155595393841492161e-16,-4.959619185400940462e-18,-1.869888362140845509e-19,-6.193116537522747952e-21,-1.801897311555266953e-22,-4.605520529420047145e-24,-1.034083931854892345e-25,-2.039677834547662354e-27,-3.534242278195075576e-29,-5.379726276016694955e-31,-7.193715786318631714e-33,-8.450369274933983548e-35,-8.720220612415910045e-37,-7.905123670609076937e-39,-6.295341648611187227e-41,-4.404122584735704545e-43,-2.706630461583586125e-45,-1.461261740380266294e-47,-6.930372051441541221e-50,-2.887450710011599483e-52,-1.056822631277619442e-54,-3.397966780580091512e-57,-9.597666448121526174e-60,-2.381451150974796933e-62,-5.190954286550367173e-65,-9.939904996049227353e-68,-1.672040395146940009e-70,-2.470818249579218268e-73
1.461549321067657136e-152,1.858949470391178854e-148,2.077070311275315208e-144,2.038751600338777769e-140,1.757951687035409959e-136,1.331616167730403292e-132,8.860958186800148926e-129,5.179786013223864668e-125,2.659943755755525568e-121,1.199948458863743720e-117,4.755347235359508132e-114,1.655508369030942761e-110,5.063024514263533540e-107,1.360248273686056474e-103,3.210375558120789692e-100,6.656148472268986980e-97,1.212326685551118454e-93,1.939750321885662210e-90,2.726474899943111144e-87,3.366562478536625431e-84,3.651752683841337611e-81,3.479729932379588080e-78,2.912857400157285061e-75,2.142014530465009397e-72,1.383741939556080675e-69,7.852669120478457806e-67,3.914794732375617637e-64,1.714471199780280134e-61,6.596003754772083574e-59,2.229261904709292636e-56,6.618670998519929435e-54,1.726275033423278333e-51,3.955293167588905338e-49,7.961169272114140202e-47,1.407681880431441252e-44,2.186561300956744300e-42,2.983652611704412984e-40,3.576549993999137648e-38,3.766255357690318916e-36,3.484051831650948456e-34,2.831318864030507224e-32,2.021260149251046346e-30,1.267607482890859096e-28,6.983552014656709755e-27,3.379844579828776397e-25,1.436962903417350436e-23,5.366886456840754871e-22,1.760867373711429880e-20,5.075249134208473359e-19,1.285029995745398280e-17,2.858199160754718643e-16,5.584603904633284750e-15,9.585375517847368575e-14,1.445231179988581037e-12,1.914120078718425138e-11,2.226863436156532861e-10,2.275593223057133264e-09,2.042441125985908732e-08,1.609999365639719850e-07,1.114490394933595237e-06,6.773829650582420737e-06,3.614123212594981451e-05,1.692166678749228474e-04,6.949496189004508977e-04,2.501729533726976956e-03,7.886322416715675285e-03,2.173797087050039975e-02,5.227751104031138490e-02,1.093162428129742930e-01,1.976845562397652190e-01,3.063561057057895831e-01,4.001931648022886145e-01,4.258754883408148451e-01,3.377356917620051302e-01,1.317352977683000637e-01,-1.387291044412721774e-01,-3.839071061618021252e-01,-5.253691486561666846e-01,-5.361906569815373391e-01,-4.459177092503361362e-01,-3.126290121387235721e-01,-1.878433156085440592e-01,-9.761028773858929086e-02,-4.410406681615498120e-02,-1.738677619236115440e-02,-5.993406171800589981e-03,-1.809164776765579633e-03,-4.786975157643744475e-04,-1.111003544115718032e-04,-2.262778580601064972e-05,-4.045572613518431952e-06,-6.350759458889655789e-07,-8.754796909906446460e-08,-1.059956221287600925e-08,-1.127155372999093771e-09,-1.052825464552379648e-10,-8.638166919431605483e-12,-6.225733340901635550e-13,-3.941585089597565129e-14,-2.192139502555943107e-15,-1.070991815852466482e-16,-4.596501962321534074e-18,-1.732981537075593540e-19,-5.739669781889108560e-21,-1.669964621374277113e-22,-4.268307121471699471e-24,-9.583684812409246014e-26,-1.890332340705879308e-27,-3.275463807750276579e-29,-4.985820004030580946e-31,-6.666987529546522411e-33,-7.831627460815715327e-35,-8.081719649539418744e-37,-7.326304419978121848e-39,-5.834391720166859483e-41,-4.081649144436667282e-43,-2.508448742789466667e-45,-1.354266935748860450e-47,-6.422924381866707704e-50,-2.676029128685032036e-52,-9.794411819168473204e-55,-3.149164764047161750e-57,-8.894917137247047217e-60,-2.207079267207328346e-62,-4.810868184063636506e-65,-9.212096665249182143e-68,-1.549612169197599029e-70,-2.289902826233666953e-73
1.095941736665053808e-152,1.393931960821304522e-148,1.557489720874381372e-144,1.528756462266182271e-140,1.318198843576507084e-136,9.985114524674094612e-133,6.644383301856083987e-129,3.884058920929316383e-125,1.994556965736430211e-121,8.997805130159097582e-118,3.565793800044744573e-114,1.241381793173144014e-110,3.796505392505409364e-107,1.019981217078650136e-103,2.407297867869242214e-100,4.991108278513497596e-97,9.090623175844708284e-94,1.454520422680474898e-90,2.044445297405151367e-87,2.524414520514194754e-84,2.738264196301920388e-81,2.609273056080270550e-78,2.184204083863025070e-75,1.606188096835524086e-72,1.037597924741208670e-69,5.888318439886334840e-67,2.935506085858837162e-64,1.285595025931755662e-61,4.946008778685461800e-59,1.671610468396565310e-56,4.963005768548672676e-54,1.294446107352252386e-51,2.965873752262510252e-49,5.969677027916652843e-47,1.055549227121301395e-44,1.639591358928876682e-42,2.237289622166940919e-40,2.681873164976822515e-38,2.824123423556744953e-36,2.612513138006398298e-34,2.123061666535945385e-32,1.515639688981303979e-30,9.505138488771652372e-29,5.236605799178813602e-27,2.534370084473050213e-25,1.077503190652437797e-23,4.024343040375603901e-22,1.320379063170647045e-20,3.805646854650894542e-19,9.635697361536361300e-18,2.143189680045507642e-16,4.187530426380382289e-15,7.187388581224021987e-14,1.083662786369658544e-12,1.435220540272175467e-11,1.669677128573111740e-10,1.706154886067297592e-09,1.531269993386141741e-08,1.206971483790384754e-07,8.354170531601762623e-07,5.076890029747188707e-06,2.708165725100855533e-05,1.267605832539931299e-04,5.203615340738799565e-04,1.872053391998056019e-03,5.895945315835880544e-03,1.622976455393389597e-02,3.895272443436872956e-02,8.120655170079646434e-02,1.461612664810470474e-01,2.247837484359296867e-01,2.897517340629734983e-01,3.003451910333363450e-01,2.225683197838796978e-01,5.524829712132195425e-02,-1.582861570739467760e-01,-3.472840437250456769e-01,-4.510942194938915573e-01,-4.503500788082456241e-01,-3.702150507005270152e-01,-2.577981298018669487e-01,-1.542435540567426711e-01,-7.993093889403488084e-02,-3.605007477700085394e-02,-1.419423440353256502e-02,-4.888792979455170058e-03,-1.474874373618882727e-03,-3.900897408452906980e-04,-9.051037973443264530e-05,-1.843067544139723532e-05,-3.294737677364057902e-06,-5.171610430306222841e-07,-7.128822459605825107e-08,-8.630576401807411435e-09,-9.177444934317016886e-10,-8.572049809388289822e-11,-7.033040491197628168e-12,-5.068825034298961162e-13,-3.209108320621695543e-14,-1.784758010110356314e-15,-8.719582319868344643e-17,-3.742276269436369591e-18,-1.410917234069061529e-19,-4.672980348023164040e-21,-1.359608684821748967e-22,-3.475057932306472318e-24,-7.802588805867070641e-26,-1.539019879993454039e-27,-2.666728346830127068e-29,-4.059219190841936638e-31,-5.427945828460495857e-33,-6.376140094039753596e-35,-6.579752970249007950e-37,-5.964729492218532127e-39,-4.750084830698945358e-41,-3.323084954749559188e-43,-2.042259851288001218e-45,-1.102579821508634023e-47,-5.229239959347878437e-50,-2.178695802941408011e-52,-7.974144836965448492e-55,-2.563900350124231887e-57,-7.241818970581835880e-60,-1.796899087891003028e-62,-3.916780323333061134e-65,-7.500051457838911003e-68,-1.261620608967595327e-70,-1.864330091645310600e-73
7.219231373760571098e-153,9.182164532824233085e-149,1.025955877130718704e-144,1.007028589750613492e-140,8.683292304710511270e-137,6.577434697065408305e-133,4.376814823926934319e-129,2.558522874104111877e-125,1.313862566047854556e-121,5.927070291884078181e-118,2.348873996874206870e-114,8.177279948519757879e-111,2.500849262582879176e-107,6.718861191649186342e-104,1.585744908843318903e-100,3.287762867922494803e-97,5.988211766871311835e-94,9.581275278359065982e-91,1.346725207814909601e-87,1.662892459795515594e-84,1.803760375926079010e-81,1.718790814352905456e-78,1.438787675564197321e-75,1.058034665708269163e-72,6.834906666039577664e-70,3.878776737455420649e-67,1.933688339936291662e-64,8.468523095730580680e-62,3.258054726261366749e-59,1.101129944874497698e-56,3.269251032289528961e-54,8.526827187169699326e-52,1.953692210259352465e-49,3.932369467913780543e-47,6.953155879456739181e-45,1.080038123124737126e-42,1.473756250144594390e-40,1.766614001425827196e-38,1.860317536714968024e-36,1.720924639747330952e-34,1.398511122810855249e-32,9.983876691030684181e-31,6.261257693131171561e-29,3.449473833716577374e-27,1.669447560528990707e-25,7.097754807412180429e-24,2.650922081832814020e-22,8.697610263639459119e-21,2.506852968036155719e-19,6.347200081324596336e-18,1.411749789515106482e-16,2.758368975592443690e-15,4.734363434512884123e-14,7.138040842859708322e-13,9.453562549446627698e-12,1.099759961171133233e-10,1.123744221692986496e-09,1.008503323378993558e-08,7.948569653555693307e-08,5.501070174285051529e-07,3.342508943906263117e-06,1.782587732267450290e-05,8.340982497783397170e-05,3.422411229872516949e-04,1.230400971562701585e-03,3.871207259662816196e-03,1.064055766874462926e-02,2.548205780818573601e-02,5.294617098971936275e-02,9.479775760807583607e-02,1.445393303281986008e-01,1.834762521311871786e-01,1.842575160845880133e-01,1.246665430841290556e-01,5.257790831172948209e-03,-1.430745053942313327e-01,-2.712562509634893759e-01,-3.380185223711688614e-01,-3.311925257716850091e-01,-2.695056071203695836e-01,-1.865348322119533275e-01,-1.111801848009525973e-01,-5.747148435640341696e-02,-2.587743349121421343e-02,-1.017742144297271653e-02,-3.502618000739436167e-03,-1.056125831940093844e-03,-2.792323058453961273e-04,-6.477222027726070174e-05,-1.318726074172902403e-05,-2.357113424022281885e-06,-3.699542089436758252e-07,-5.099338084347617727e-08,-6.173302118112549314e-09,-6.564274652408588180e-10,-6.131132656493274047e-11,-5.030288588243809004e-12,-3.625373184818325340e-13,-2.295232797002534920e-14,-1.276496325043519293e-15,-6.236406530916681552e-17,-2.676538757875727591e-18,-1.009109973703645539e-19,-3.342184369989761943e-21,-9.724113557224580371e-23,-2.485409138210841058e-24,-5.580516379264260856e-26,-1.100727392242335263e-27,-1.907279040911461299e-29,-2.903206330456650288e-31,-3.882137039293073009e-33,-4.560297530573433311e-35,-4.705923860540800687e-37,-4.266051026521704557e-39,-3.397321509188605739e-41,-2.376712882772528196e-43,-1.460650362483019451e-45,-7.885791821335374169e-48,-3.740019241326105590e-50,-1.558231072938613369e-52,-5.703210248401263616e-55,-1.833734277972331041e-57,-5.179441417455767055e-60,-1.285165175767059656e-62,-2.801331306438535867e-65,-5.364132579525015700e-68,-9.023271703486096892e-71,-1.333392688626191007e-73
4.177572149926772489e-153,5.313467991591141076e-149,5.936926630349681186e-145,5.827399584407959520e-141,5.024784249698059658e-137,3.806181930704812353e-133,2.532743275169639080e-129,1.480547353368251848e-125,7.602964056087269857e-122,3.429833800848446890e-118,1.359229270390247359e-114,4.731968710517229167e-111,1.447173208535299389e-107,3.888021582834585742e-104,9.176272964292840828e-101,1.902538633366771357e-97,3.465214703323490441e-94,5.544422485797858329e-91,7.793131192962715061e-88,9.622704782547917406e-85,1.043786896255279880e-81,9.946173300507028183e-79,8.325871561104881933e-76,6.122557817791177900e-73,3.955173925759211938e-70,2.244542223580428264e-67,1.118972659707478261e-64,4.900503149504751891e-62,1.885347331219137227e-59,6.371938386105086802e-57,1.891826315779294017e-54,4.934242068496561050e-52,1.130548327883524350e-49,2.275554795344532158e-47,4.023601313314791611e-45,6.249885358972441372e-43,8.528224251820715748e-41,1.022291147333805804e-38,1.076514746621877017e-36,9.958518059533830470e-35,8.092798535175582118e-33,5.777393246216606705e-31,3.623215621075591083e-29,1.996113750590071374e-27,9.660619339893325506e-26,4.107266021433053752e-24,1.534010403305799561e-22,5.033042223354514340e-21,1.450636082710547902e-19,3.672910515317844714e-18,8.169280552639310411e-17,1.596156480549955691e-15,2.739557675434744867e-14,4.130397060948546193e-13,5.470154348346358679e-12,6.363404695202284687e-11,6.501915382986608514e-10,5.834796313280952400e-09,4.598337747941579751e-08,3.182048397117414646e-07,1.933112625142102188e-06,1.030689141522752262e-05,4.821018166379942180e-05,1.977103912884367674e-04,7.102618737176890273e-04,2.232249529155203114e-03,6.125747996140192865e-03,1.463453951020533307e-02,3.029511818130942169e-02,5.392562721826954508e-02,8.142237296406500124e-02,1.015294783464395501e-01,9.808808246202162240e-02,5.835343575748666578e-02,-1.651984714408688548e-02,-1.071760054397601913e-01,-1.836661160478275101e-01,-2.212817896766679504e-01,-2.133510013332967636e-01,-1.720625924658626404e-01,-1.184458603278417815e-01,-7.035366570139521547e-02,-3.628497597750962589e-02,-1.631307739289973927e-02,-6.409209977067116364e-03,-2.204207853673337877e-03,-6.642992279548193312e-04,-1.755768003679019599e-04,-4.071818406632364415e-05,-8.288640602772140244e-06,-1.481357117742414104e-06,-2.324838379306983587e-07,-3.204309904818395187e-08,-3.879014538752590324e-09,-4.124571691156456954e-10,-3.852339930912162517e-11,-3.160610953846729468e-12,-2.277858996349577718e-13,-1.442108869168858955e-14,-8.020268524103859072e-16,-3.918342387995089597e-17,-1.681669080268664199e-18,-6.340227306289628176e-20,-2.099888633682123946e-21,-6.109639023797249679e-23,-1.561576232069409003e-24,-3.506222928987863869e-26,-6.915837814403397248e-28,-1.198337591396773291e-29,-1.824075431609283512e-31,-2.439134309013993831e-33,-2.865220202872890790e-35,-2.956716626983866495e-37,-2.680345877277912579e-39,-2.134525923571084751e-41,-1.493280860234973676e-43,-9.177217925300998600e-46,-4.954616887813650776e-48,-2.349841692421709342e-50,-9.790314146317637413e-53,-3.583308073175257838e-55,-1.152129159663279700e-57,-3.254225845168770652e-60,-8.074650120828869872e-63,-1.760067155961754281e-65,-3.370266682777247680e-68,-5.669291638897137748e-71,-8.377661969917811916e-74
2.123667208162865262e-153,2.701099425790190174e-149,3.018034386877136468e-145,2.962356354869799830e-141,2.554347155764744829e-137,1.934871131949195138e-133,1.287519077379720085e-129,7.526356820731883796e-126,3.864963876436650610e-122,1.743554703749702493e-118,6.909636808842843434e-115,2.405494488133330245e-111,7.356699482703301970e-108,1.976474287819313591e-104,4.664754859326235795e-101,9.671547881604404126e-98,1.761540571873035395e-94,2.818505054416346766e-91,3.961635267176603698e-88,4.891698302671956573e-85,5.306086701774743571e-82,5.056133398882550996e-79,4.232453627457278104e-76,3.112399926706747692e-73,2.010611152577858009e-70,1.141012180193458464e-67,5.688293226866057263e-65,2.491168894320351417e-62,9.584155899599116634e-60,3.239172416099664725e-57,9.617091725881547711e-55,2.508320023748144056e-52,5.747137950665045547e-50,1.156777365854166347e-47,2.045396075954799416e-45,3.177126579157206979e-43,4.335319040584988881e-41,5.196812283719908995e-39,5.472457307831845376e-37,5.062407138026138432e-35,4.113969052001246329e-33,2.936933615865782965e-31,1.841858452788282684e-29,1.014722225564669532e-27,4.910962206637248616e-26,2.087921067925503536e-24,7.798103744738714787e-23,2.558529949102383848e-21,7.374240586011434941e-20,1.867100069191226373e-18,4.152778817209856215e-17,8.113854707475046591e-16,1.392603853624827579e-14,2.099579606303681821e-13,2.780549820392862685e-12,3.234499857130390094e-11,3.304757344177016639e-10,2.965488835967568614e-09,2.336855340644203191e-08,1.616891699420499968e-07,9.820865786008588114e-07,5.234836402158669561e-06,2.447627299428896936e-05,1.003209877548068496e-04,3.601023043732118041e-04,1.130395975091805878e-03,3.096551390888175031e-03,7.378068945080005353e-03,1.521098234718228082e-02,2.689907635575023229e-02,4.016649559961592286e-02,4.904967810603697020e-02,4.515125997667675251e-02,2.205392716310783374e-02,-1.919518158985893119e-02,-6.794074007594676223e-02,-1.081021146581195719e-01,-1.266622434776289996e-01,-1.204334716911240888e-01,-9.635812950614050520e-02,-6.600910057397434139e-02,-3.908514995399725578e-02,-2.011662499634337894e-02,-9.031529581516452992e-03,-3.545027156314709514e-03,-1.218388928758592539e-03,-3.670309477213344216e-04,-9.697756549646623981e-05,-2.248530902160950553e-05,-4.576447918502624586e-06,-8.178233150173560309e-07,-1.283396143836614286e-07,-1.768806383124158913e-08,-2.141172685140804160e-09,-2.276660704057508509e-10,-2.126358482984842557e-11,-1.744526726660023421e-12,-1.257273379687807199e-13,-7.959730091924376926e-15,-4.426774415705739361e-16,-2.162716520673695474e-17,-9.281899644183052915e-19,-3.499456003867148642e-20,-1.159021624359697059e-21,-3.372178261198430522e-23,-8.619021239571089244e-25,-1.935236906880514985e-26,-3.817150721289925457e-28,-6.614143592673388591e-30,-1.006786026295650742e-31,-1.346263479678205955e-33,-1.581438580672568434e-35,-1.631939337245531632e-37,-1.479398367842175538e-39,-1.178136796596924164e-41,-8.242060148242840513e-44,-5.065301740856153603e-46,-2.734666386180200736e-48,-1.296978798663541354e-50,-5.403695865706655011e-53,-1.977781988073742037e-55,-6.359096817044149774e-58,-1.796147334452207803e-60,-4.456747002151341984e-63,-9.714568308510781228e-66,-1.860195264951452906e-68,-3.129126105469650970e-71,-4.623992279403160290e-74
9.483714395508662450e-154,1.206236806294229562e-149,1.347771253939353418e-145,1.322906974280103909e-141,1.140701273679499163e-137,8.640602980051633626e-134,5.749706527309624250e-130,3.361064212504024145e-126,1.725986699422345438e-122,7.786236364916349833e-119,3.085653996028126294e-115,1.074227761174912853e-111,3.285299905641120923e-108,8.826391245796623399e-105,2.083151382605146273e-101,4.319047613144453704e-98,7.866556310649668300e-95,1.258666934812536272e-91,1.769157486684547142e-88,2.184498089898262309e-85,2.369552565637216415e-82,2.257930286248089382e-79,1.890097525959052724e-76,1.389912310193283337e-73,8.978837091429381148e-71,5.095446956288694766e-68,2.540235492807285727e-65,1.112487591960509515e-62,4.280020723959393301e-60,1.446525408350360079e-57,4.294728926765600208e-55,1.120146797213019736e-52,2.566513861570654778e-50,5.165849734624540971e-48,9.134176456288933080e-46,1.418817331775205509e-43,1.936034151400411298e-41,2.320753195021331785e-39,2.443848479645202980e-37,2.260731134557947344e-35,1.837184603548674474e-33,1.311552890160517967e-31,8.225225053637699699e-30,4.531463751080783075e-28,2.193095997359580599e-26,9.324052634138103688e-25,3.482403269458076719e-23,1.142561851237236255e-21,3.293103022649025660e-20,8.337846500169375395e-19,1.854482115810702849e-17,3.623327332014583846e-16,6.218747497610214503e-15,9.375631029743925133e-14,1.241619684858467110e-12,1.444276602601814502e-11,1.475576818136467789e-10,1.324001530013522304e-09,1.043232165770885959e-08,7.217193368713962421e-08,4.382768831685307575e-07,2.335470815888560464e-06,1.091522839232010792e-05,4.471088986644347537e-05,1.603467853912884488e-04,5.026862643019145739e-04,1.374364013727679898e-03,3.265075096991610585e-03,6.700910078681995841e-03,1.176316841149570649e-02,1.734351462716788098e-02,2.066162163129469514e-02,1.787872011804806857e-02,6.158820958607702512e-03,-1.380732050728907673e-02,-3.686575694866448677e-02,-5.542021851770821683e-02,-6.343627072548245482e-02,-5.958933986132827765e-02,-4.734145820631246310e-02,-3.228872591760575256e-02,-1.906454894895912369e-02,-9.793830085133715946e-03,-4.391445420024731906e-03,-1.722224195779882604e-03,-5.915582772985058298e-04,-1.781293991363365188e-04,-4.705223505251353446e-05,-1.090741037490240402e-05,-2.219684629727039869e-06,-3.966252498881484522e-07,-6.223753241884470400e-08,-8.577317981569964408e-09,-1.038266012450537230e-09,-1.103939515972704198e-10,-1.031042286818864148e-11,-8.458877665384422279e-13,-6.096231162761182309e-14,-3.859469938763536645e-15,-2.146421670068263510e-16,-1.048639189345936659e-17,-4.500518368983967371e-19,-1.696780393032656626e-20,-5.619740202850576784e-22,-1.635064709821976842e-23,-4.179094351335775160e-25,-9.383356713797021958e-27,-1.850816240545179923e-28,-3.206989555294831078e-30,-4.881587280112274635e-32,-6.527605679303766994e-34,-7.667894934859881978e-36,-7.912756821449728219e-38,-7.173133803364355703e-40,-5.712411823603666387e-42,-3.996313618577169758e-44,-2.456004176931783082e-46,-1.325952997302164497e-48,-6.288638814566322330e-51,-2.620080721104412008e-53,-9.589637491335979745e-56,-3.083324326210130551e-58,-8.708948650078334110e-61,-2.160935242648692582e-63,-4.710286001029970415e-66,-9.019496733486244233e-69,-1.517213983485006673e-71,-2.242027169298221323e-74
3.720488579678628719e-154,4.732101869633087405e-150,5.287345600236201591e-146,5.189802312176533459e-142,4.475004080209916179e-138,3.389733533518155737e-134,2.255626496031359428e-130,1.318555209134201422e-126,6.771095728992230956e-123,3.054563039964980894e-119,1.210510984847794688e-115,4.214226568492271423e-112,1.288832652450550794e-108,3.462618807259405235e-105,8.172263108207454409e-102,1.694374867108919459e-98,3.086072786617707799e-95,4.937786779079233624e-92,6.940455974227824621e-89,8.569849169111660463e-86,9.295823226833772152e-83,8.857925795699076809e-80,7.414907240018430802e-77,5.452666175279046633e-74,3.522423746815109199e-71,1.998958569158467247e-68,9.965417251385794511e-66,4.364320967087620532e-63,1.679064492593849816e-60,5.674760939861203946e-58,1.684834549245622670e-55,4.394368174002318522e-53,1.006850776027410730e-50,2.026577693119255215e-48,3.583363595494949384e-46,5.566060885089708137e-44,7.595116917305034310e-42,9.104380107813298238e-40,9.587285568379624938e-38,8.868910063911963446e-36,7.207324202076643236e-34,5.145255706837917604e-32,3.226775801792731670e-30,1.777703362932484031e-28,8.603558465870988998e-27,3.657840321061603197e-25,1.366150204030332945e-23,4.482271902438277631e-22,1.291880949626896578e-20,3.270914637378264473e-19,7.275038606004734785e-18,1.421400345443721065e-16,2.439530920227226113e-15,3.677867906614791812e-14,4.870494692161530560e-13,5.665248058408589006e-12,5.787720896774972975e-11,5.192800032669659487e-10,4.091167948911424333e-09,2.829877269002672255e-08,1.718112065105306680e-07,9.152479030918775147e-07,4.275600114938645887e-06,1.750200092961557926e-05,6.270643813657780536e-05,1.963033254899728590e-04,5.355588933826110508e-04,1.268218953244142251e-03,2.589643438550006185e-03,4.508570948292281444e-03,6.551010940522178708e-03,7.576327609232136849e-03,6.040763486132890228e-03,8.444479906530230617e-04,-7.646591680486709841e-03,-1.724195554868561756e-02,-2.478479506941491661e-02,-2.781349180289626605e-02,-2.585055691792014984e-02,-2.040825326284768232e-02,-1.386423792783750275e-02,-8.164931630577024896e-03,-4.187290023291396351e-03,-1.875355428397971168e-03,-7.348877489904798123e-04,-2.522850412712422164e-04,-7.593908650733785233e-05,-2.005377094055641531e-05,-4.647914704579419642e-06,-9.457416436826646963e-07,-1.689752295921365925e-07,-2.651356551759467146e-08,-3.653831171404589104e-09,-4.422750723610761202e-10,-4.702403777550868857e-11,-4.391821626928236657e-12,-3.603101265140767933e-13,-2.596701385815626796e-14,-1.643940326285588263e-15,-9.142645787061026555e-17,-4.466649343719552124e-18,-1.916979913832978245e-19,-7.227367443923099569e-21,-2.393703578910581056e-22,-6.964481965916165575e-24,-1.780065034199619545e-25,-3.996794268152844911e-27,-7.883458412428869030e-29,-1.366000829790311699e-30,-2.079286975851849745e-32,-2.780399847859041058e-34,-3.266099994884996463e-36,-3.370397528454306061e-38,-3.055358886124547078e-40,-2.433171946189412081e-42,-1.702208869424971593e-44,-1.046122116121138579e-46,-5.647827314627243838e-49,-2.678612741160521463e-51,-1.116009646896432723e-53,-4.084655806040435840e-56,-1.313325827509433709e-58,-3.709531003433147281e-61,-9.204390329719424794e-64,-2.006321616781244176e-66,-3.841807325294216119e-69,-6.462493381501998707e-72,-9.549797126933470386e-75
1.282185876033429647e-154,1.630816504674685536e-150,1.822169240716559785e-146,1.788553057364382331e-142,1.542213315253812971e-138,1.168198307051651592e-134,7.773528591397096502e-131,4.544115187314845439e-127,2.333511613595318540e-123,1.052689049672921064e-119,4.171764149504754744e-116,1.452341989150449042e-112,4.441682827689152817e-109,1.193316639333273708e-105,2.816393628839696940e-102,5.839296309099381651e-99,1.063548201858287438e-95,1.701701357323320504e-92,2.391877956532815511e-89,2.953413059952030338e-86,3.203604308003843653e-83,3.052692434083298806e-80,2.555387315983130723e-77,1.879143396619627242e-74,1.213927115120000312e-71,6.888978105407756420e-69,3.434365385521505101e-66,1.504068766589574592e-63,5.786532367766376110e-61,1.955683529879528717e-58,5.806417567572546593e-56,1.514423857496908267e-53,3.469893189370939344e-51,6.984161104158753329e-49,1.234928627898819014e-46,1.918222232757980989e-44,2.617492295071414846e-42,3.137626915003301617e-40,3.304049494819524731e-38,3.056476599555229624e-36,2.483846775004360022e-34,1.773199460395038561e-32,1.112037040576047197e-30,6.126458826755417206e-29,2.965022552844729490e-27,1.260590836664861806e-25,4.708116087013083878e-24,1.544706309495410011e-22,4.452139898973549474e-21,1.127232488834534039e-19,2.507129108135971698e-18,4.898393618234912207e-17,8.406934831135863893e-16,1.267415541708441040e-14,1.678355223338487933e-13,1.952146654448584606e-12,1.994234974061867527e-11,1.789101122336088259e-10,1.409385444051401170e-09,9.747139367610574437e-09,5.916383663830915991e-08,3.150596529977617440e-07,1.471070022091996120e-06,6.017388211825530898e-06,2.153630291835338358e-05,6.731419985550009591e-05,1.832187034489373041e-04,4.323197973505349553e-04,8.778179824812662934e-04,1.514060492009544449e-03,2.163033552228890190e-03,2.412968001182032914e-03,1.717698218131530341e-03,-2.970717194358141883e-04,-3.469635507889759322e-03,-6.982072711689049464e-03,-9.680284723945532799e-03,-1.068064553233970607e-02,-9.834368939856818689e-03,-7.720284134467913367e-03,-5.226009103480161282e-03,-3.070501130175967014e-03,-1.572204842315478007e-03,-7.033928501263208514e-04,-2.754350150683794679e-04,-9.450867401842731781e-05,-2.843770949866129472e-05,-7.507934434608793828e-06,-1.739841197021217217e-06,-3.539754268200099774e-07,-6.323946062253883132e-08,-9.922211142558802075e-09,-1.367324171300120254e-09,-1.655020492670036498e-10,-1.759634106533851221e-11,-1.643392238307229128e-12,-1.348245161054710260e-13,-9.716537230498306492e-15,-6.151393864797256484e-16,-3.421038529280620202e-17,-1.671348210837355748e-18,-7.173018510298006110e-20,-2.704357113057199548e-21,-8.956821833180815086e-23,-2.605986415830534837e-24,-6.660687113765663845e-26,-1.495529009434426062e-27,-2.949848743379245998e-29,-5.111329437189724128e-31,-7.780317204429634404e-33,-1.040375457578199740e-34,-1.222115634711446764e-36,-1.261141848812445956e-38,-1.143260056906367150e-40,-9.104489386663689160e-43,-6.369357678988750297e-45,-3.914399697531793566e-47,-2.113314791425762530e-49,-1.002288418239809995e-51,-4.175906146025317260e-54,-1.528404284113501097e-56,-4.914227572659872425e-59,-1.388039368516736907e-61,-3.444116283483796188e-64,-7.507292389575345886e-67,-1.437534772366894735e-69,-2.418148065100898431e-72,-3.573361252068879210e-75
3.881785246237063594e-155,4.937255639368988653e-151,5.516571198428207420e-147,5.414799055236729605e-143,4.669011728794455875e-139,3.536690769837019735e-135,2.353416081180240534e-131,1.375719357150234080e-127,7.064647273715113701e-124,3.186989420361225095e-120,1.262991024062115826e-116,4.396928566471543686e-113,1.344708219826223872e-109,3.612735884116983283e-106,8.526560337081218887e-103,1.767832159342542807e-99,3.219865228031881035e-96,5.151857733450762402e-93,7.241349895998645616e-90,8.941383189610861656e-87,9.698830850857935659e-84,9.241948975145540623e-81,7.736370331541695471e-78,5.689059002769690367e-75,3.675133569268595074e-72,2.085620656604442239e-69,1.039745412314639237e-66,4.553530044941627248e-64,1.751857993779693585e-61,5.920782247065138248e-59,1.757878170606935100e-56,4.584879725832005840e-54,1.050501329026974247e-51,2.114436958115882749e-49,3.738714830002858878e-47,5.807368542300241926e-45,7.924390311802133107e-43,9.499083779839484763e-41,1.000292281532785576e-38,9.253401085259769107e-37,7.519778097434654367e-35,5.368311257436671033e-33,3.366659321692719778e-31,1.854766231682177736e-29,8.976505368047174910e-28,3.816391451971579662e-26,1.425362012467731316e-24,4.676520735457719192e-23,1.347858219551776886e-21,3.412610410680666954e-20,7.590087363761744028e-19,1.482925279580809551e-17,2.545053121191306815e-16,3.836798754559252145e-15,5.080667180394503635e-14,5.909224841678616262e-13,6.036254032732475636e-12,5.414863953394534835e-11,4.265080493260662358e-10,2.949140056791358412e-09,1.789619387569721937e-08,9.526493598075723042e-08,4.445662475758623980e-07,1.817049255486450577e-06,6.495699156198935244e-06,2.026826619357426976e-05,5.502521419005417078e-05,1.293241870049732713e-04,2.609426968254779174e-04,4.453213331382195801e-04,6.237469466831716339e-04,6.654192392207826075e-04,4.003390089013186912e-04,-2.832492953482937392e-04,-1.324699619278644786e-03,-2.455664644321788395e-03,-3.304996825357368537e-03,-3.593582936939342196e-03,-3.281562082656718296e-03,-2.563126895196279724e-03,-1.729422722369994324e-03,-1.013944519473169254e-03,-5.184325350456318090e-04,-2.317171475959630030e-04,-9.067535282104455133e-05,-3.109865129062245931e-05,-9.354611439950446213e-06,-2.469193880983630393e-06,-5.721069103353806507e-07,-1.163841622973359182e-07,-2.079104201295682891e-08,-3.261923302243377162e-09,-4.494908219110012982e-10,-5.440534503287464933e-11,-5.784326162233458877e-12,-5.402144370678917474e-13,-4.431900644390690912e-14,-3.193963879085207734e-15,-2.022041911499677995e-16,-1.124535785055314800e-17,-5.493907512099631087e-19,-2.357847525050990558e-20,-8.889500520519421831e-22,-2.944197523864707865e-23,-8.566135445020405158e-25,-2.189433052147430690e-26,-4.915949034838164141e-28,-9.696437513482905759e-30,-1.680143114085335383e-31,-2.557464831285356900e-33,-3.419813636910524335e-35,-4.017210816534691274e-37,-4.145493590355712414e-39,-3.758004816850483215e-41,-2.992732430506898251e-43,-2.093668550759521818e-45,-1.286700464691123694e-47,-6.946666976218918924e-50,-3.294617470337245734e-52,-1.372660110638802753e-54,-5.024010398958113238e-57,-1.615353388891870617e-59,-4.562617548509412091e-62,-1.132113810435303167e-64,-2.467718477048626710e-67,-4.725313647188470855e-70,-7.948682891281994721e-73,-1.174597860849562315e-75
1.032384617998779035e-155,1.313093448987699129e-151,1.467165978558585990e-147,1.440099052258200910e-143,1.241752334117141562e-139,9.406046233312944537e-136,6.259054553078137605e-132,3.658810090987540055e-128,1.878886314997962539e-124,8.475994024809624084e-121,3.359002168282705342e-117,1.169390146650204016e-113,3.576334067284338872e-110,9.608292883013110338e-107,2.267691069305005721e-103,4.701658161288092134e-100,8.563429252597687803e-97,1.370168193164100281e-93,1.925881461711964945e-90,2.378015752887104126e-87,2.579463608129294754e-84,2.457953067773622155e-81,2.057535183787120139e-78,1.513040166549726472e-75,9.774243334470183280e-73,5.546836161402353931e-70,2.765266744411864679e-67,1.211039262809126095e-64,4.659173840941083551e-62,1.574668365952756596e-59,4.675184821666081902e-57,1.219376875647382101e-54,2.793872661682449818e-52,5.623474566355526958e-50,9.943340772202301999e-48,1.544505128240409430e-45,2.107539885120067656e-43,2.526339017112026925e-41,2.660337782088320893e-39,2.460997569217585915e-37,1.999929688447083115e-35,1.427733843523712013e-33,8.953823767737379542e-32,4.932854117835651679e-30,2.387349415667337699e-28,1.014988301579420168e-26,3.790814097786955781e-25,1.243738291756152650e-23,3.584665909905248293e-22,9.075881200360414306e-21,2.018577640817880584e-19,3.943783627289992585e-18,6.768363801285732889e-17,1.020342311039020046e-15,1.351087150219437744e-14,1.571349268511242370e-13,1.605020229065499097e-12,1.439655921433896038e-11,1.133805081981006670e-10,7.838274189168745642e-10,4.755124571068174622e-09,2.530205434639720869e-08,1.180051306735972192e-07,4.818982828195963942e-07,1.720536229427053371e-06,5.358435245633320679e-06,1.450614507556137621e-05,3.394422494767363954e-05,6.800906987426012437e-05,1.146656648126337640e-04,1.569070689236757069e-04,1.581736457534608272e-04,7.191062004131137941e-05,-1.311531532029368372e-04,-4.315128766565539883e-04,-7.518156116575652791e-04,-9.870726238527358261e-04,-1.059703051880469486e-03,-9.606025209774859399e-04,-7.468908447432519651e-04,-5.024743473305372026e-04,-2.940242767266330794e-04,-1.501387457927210009e-04,-6.704574252158950821e-05,-2.622020156418125602e-05,-8.988854994112280606e-06,-2.703093108915763310e-06,-7.133484912493282216e-07,-1.652577994576071099e-07,-3.361518973572573494e-08,-6.004652217718847944e-09,-9.420291417738462214e-10,-1.298065895249504825e-10,-1.571112261040105151e-11,-1.670364486275802106e-12,-1.559982202723663157e-13,-1.279793689963529266e-14,-9.223112276816758186e-16,-5.838965808992630553e-17,-3.247265951981283743e-18,-1.586445229900917244e-19,-6.808616441006803263e-21,-2.566965908995998811e-22,-8.501770888090112438e-24,-2.473587001576825190e-25,-6.322280823705219911e-27,-1.419545724241051713e-28,-2.799974966246288038e-30,-4.851635594525128010e-32,-7.385017586782093101e-34,-9.875163159387999194e-36,-1.160022590905707225e-37,-1.197065901534601838e-39,-1.085173391916220763e-41,-8.641908988549217775e-44,-6.045743588438831063e-46,-3.715516972561842318e-48,-2.005941526139541505e-50,-9.513641576013668046e-53,-3.963736727408521061e-55,-1.450749122279239680e-57,-4.664545497558294860e-60,-1.317515862071275640e-62,-3.269127614322960441e-65,-7.125861852756579902e-68,-1.364496500124044478e-70,-2.295286788057458061e-73,-3.391805897691374705e-76
2.412020801668287622e-156,3.067857325917426555e-152,3.427826023445933287e-148,3.364587974237326100e-144,2.901178890297611168e-140,2.197589811065539835e-136,1.462339666587534118e-132,8.548292850269547132e-129,4.389752420462457445e-125,1.980296252577514063e-121,7.847833996513464952e-118,2.732114862757784709e-114,8.355599273090325760e-111,2.244841883260325163e-107,5.298139797090680990e-104,1.098476002883762377e-100,2.000724257965103800e-97,3.201204401318493068e-94,4.499549939811983510e-91,5.555897831250072412e-88,6.026552282550975029e-85,5.742660071006789346e-82,4.807140256260087679e-79,3.535004576001063545e-76,2.283613855803886096e-73,1.295939896972078138e-70,6.460655028981987911e-68,2.829422116853002901e-65,1.088550129916046550e-62,3.678990106022574729e-60,1.092290856886997331e-57,2.848901702131056771e-55,6.527488450424119138e-53,1.313845296837300402e-50,2.323120872858264007e-48,3.608517539939105330e-46,4.923968245792239210e-44,5.902432580172581011e-42,6.215500951636553851e-40,5.749769928451978843e-38,4.672549449092294000e-36,3.335694622433076543e-34,2.091931024365054693e-32,1.152488996496687805e-30,5.577686107276960991e-29,2.371365514929832821e-27,8.856641485864889719e-26,2.905790619946102427e-24,8.374949328100754519e-23,2.120409382450974499e-21,4.715987802764698706e-20,9.213719861523654828e-19,1.581240944349157137e-17,2.383688110614745529e-16,3.156250130238416975e-15,3.670613160571896195e-14,3.748993363976646726e-13,3.362384782245611418e-12,2.647658172927270335e-11,1.829996922030263806e-10,1.109831718630050035e-09,5.902781756613241892e-09,2.751188914911394930e-08,1.122444624566456304e-07,4.001944447631509694e-07,1.243796436113526604e-06,3.356648267095140902e-06,7.816351137373219151e-06,1.553669377118701916e-05,2.583360140030043780e-05,3.438057824833911708e-05,3.218635094655596828e-05,8.033514556652355241e-06,-4.480233242815738460e-05,-1.209078751908417135e-04,-2.006926419460110331e-04,-2.580345019572575821e-04,-2.739582416432880972e-04,-2.467164667481450309e-04,-1.910427806046156873e-04,-1.281830876682633034e-04,-7.487392530033004949e-05,-3.818740835965038071e-05,-1.703897178899164898e-05,-6.659839669079638006e-06,-2.282249304056915593e-06,-6.861236787724712905e-07,-1.810345835177510882e-07,-4.193386629228743304e-08,-8.529014291507640458e-09,-1.523433287100572054e-09,-2.389904651692196179e-10,-3.293058583200907065e-11,-3.985662170268988799e-12,-4.237384825756881492e-13,-3.957324669857581071e-14,-3.246525154094553741e-15,-2.339666966244151155e-16,-1.481190436912473010e-17,-8.237429689463467887e-19,-4.024372491827125980e-20,-1.727155408455943862e-21,-6.511668309693012397e-23,-2.156658105358963409e-24,-6.274785868703153308e-26,-1.603782139838516444e-27,-3.600981462216333754e-29,-7.102734561747305389e-31,-1.230720871365968420e-32,-1.873367126153321690e-34,-2.505045504274553459e-36,-2.942644316697952852e-38,-3.036612487936982727e-40,-2.752773270837742369e-42,-2.192204118312670959e-44,-1.533631504291458960e-46,-9.425199344265305199e-49,-5.088497460542879114e-51,-2.413337588894895543e-53,-1.005486147566805668e-55,-3.680133783654477087e-58,-1.183261198682114822e-60,-3.342159269291331748e-63,-8.292837656083552069e-66,-1.807626451346939960e-68,-3.461335648630804146e-71,-5.822483224625258348e-74,-8.604037212684047985e-77
4.950511529707467500e-157,6.296572174229911088e-153,7.035383873619127358e-149,6.905592003037202140e-145,5.954475822183677823e-141,4.510406249272027333e-137,3.001354455465041947e-133,1.754479989768441777e-129,9.009673529697823814e-126,4.064425739494316058e-122,1.610715490321763267e-118,5.607483201990699403e-115,1.714930920531589966e-111,4.607387969934910431e-108,1.087407792307961965e-104,2.254548598008421570e-101,4.106352854987247420e-98,6.570258135023985139e-95,9.235025598762796940e-92,1.140310906084379361e-88,1.236909587110565596e-85,1.178642607290058652e-82,9.866334160179770471e-80,7.255360676943297602e-77,4.686964839904071421e-74,2.659830036022581058e-71,1.326006268401530896e-68,5.807199791256058708e-66,2.234176380783489439e-63,7.550881243160503575e-61,2.241853945161276219e-58,5.847180184346921026e-56,1.339723323038204635e-53,2.696579493051951438e-51,4.768049884190234769e-49,7.406240068088445252e-47,1.010611372934584952e-44,1.211434490749874964e-42,1.275689501377272760e-40,1.180101147142658546e-38,9.590087262973506160e-37,6.846281886407526802e-35,4.293541080000253005e-33,2.365400696784508362e-31,1.144778679676414694e-29,4.867044197495847005e-28,1.817753099252484582e-26,5.963878292185924540e-25,1.718876513811232006e-23,4.351904907834549678e-22,9.678951990398778014e-21,1.890971228917946787e-19,3.245187186094903404e-18,4.891920363629338281e-17,6.477158815834263140e-16,7.532301268335761755e-15,7.692531304432678677e-14,6.898467550370708774e-13,5.431206158447008509e-12,3.753038068310787518e-11,2.275324038008673375e-10,1.209570944197677574e-09,5.633630165554052528e-09,2.296070902693637513e-08,8.173956255451659282e-08,2.534700215496742781e-07,6.816855112324787075e-07,1.578796723006554659e-06,3.110213431867548940e-06,5.089043661071313173e-06,6.548624821672204933e-06,5.543360633502545463e-06,-3.049334587117917116e-07,-1.235090526973558643e-05,-2.929268808124969959e-05,-4.677118012465527301e-05,-5.906999907337562414e-05,-6.210529398872889856e-05,-5.560304089422659290e-05,-4.289660232703853057e-05,-2.871255200803524477e-05,-1.674439390519730315e-05,-8.530668451902470752e-06,-3.803474478918990139e-06,-1.485855053049159192e-06,-5.090030575793203394e-07,-1.529860497006095479e-07,-4.035858115179991087e-08,-9.347315829488109383e-09,-1.901009724734106255e-09,-3.395341330527811451e-10,-5.326264881944243072e-11,-7.338869978160565229e-12,-8.882219841722127755e-13,-9.443062310342037420e-14,-8.818858525601476619e-15,-7.234799325571444789e-16,-5.213863767223242690e-17,-3.300768604162406647e-18,-1.835671151895563692e-19,-8.968103707797965126e-21,-3.848871119285219456e-22,-1.451088411979449054e-23,-4.805987775045595525e-25,-1.398299167782679246e-26,-3.573933298534509281e-28,-8.024571894131438666e-30,-1.582801718844238758e-31,-2.742587253743356481e-33,-4.174685408868331832e-35,-5.582342237389678415e-37,-6.557504485421423104e-39,-6.766906706742745399e-41,-6.134388134634362448e-43,-4.885193752254866227e-45,-3.417604648565215938e-47,-2.100348410229247940e-49,-1.133940739190125023e-51,-5.377976157945839234e-54,-2.240664772171299628e-56,-8.200954468877358323e-59,-2.636825663657009293e-61,-7.447798793329412015e-64,-1.848008466517612212e-66,-4.028185675272308005e-69,-7.713376103632709626e-72,-1.297504995784317867e-74,-1.917357394689764845e-77
8.925829923859893765e-158,1.135279293729712322e-153,1.268487903282668067e-149,1.245086277907340591e-145,1.073598923172090487e-141,8.132314979332596873e-138,5.411477026125560718e-134,3.163347847876307704e-130,1.624454626804331119e-126,7.328206927845605344e-123,2.904138781573321023e-119,1.011035749741592501e-115,3.092040415488316515e-112,8.307174150314298375e-109,1.960608909391350253e-105,4.064977370049452055e-102,7.403802004011861153e-99,1.184625190799218752e-95,1.665085866637057564e-92,2.055993838559231165e-89,2.230162384506144289e-86,2.125106340927751269e-83,1.778911533177506966e-80,1.308149974214620805e-77,8.450652147842014567e-75,4.795704500647771575e-72,2.390804724784546491e-69,1.047044873923637617e-66,4.028245973955395881e-64,1.361432654166943324e-61,4.042088657523970991e-59,1.054253355175455813e-56,2.415536619377234386e-54,4.861963847549321814e-52,8.596848509663717656e-50,1.335353497495593984e-47,1.822143662809329823e-45,2.184229790720185031e-43,2.300081969094056136e-41,2.127734713620623469e-39,1.729102279277480913e-37,1.234390942072582618e-35,7.741289736139072238e-34,4.264833324147917193e-32,2.064041212164751717e-30,8.775288269138597239e-29,3.277403792866621035e-27,1.075281906148574864e-25,3.099103710082433984e-24,7.846351846811248475e-23,1.745068001923251267e-21,3.409280249458868354e-20,5.850710535847684454e-19,8.819327600004795399e-18,1.167676071278794795e-16,1.357811168569121349e-15,1.386575523952626456e-14,1.243292248501178853e-13,9.786781648024675097e-13,6.761077886031319110e-12,4.097480173983045702e-11,2.177081366937523733e-10,1.013204915076410035e-09,4.124824249644768051e-09,1.465988864594396982e-08,4.534643572773492534e-08,1.214905622289178125e-07,2.796753285239113382e-07,5.453902658079123571e-07,8.758374784043600259e-07,1.081324299092158536e-06,7.914425046998205028e-07,-4.374532330060551386e-07,-2.844617367011509320e-06,-6.157966339367462512e-06,-9.525324735208047950e-06,-1.184652839996363062e-05,-1.234819338215217426e-05,-1.099747770920959712e-05,-8.455957382578645266e-06,-5.647487137567107152e-06,-3.288603287168435373e-06,-1.673744900930539164e-06,-7.457407471667081701e-07,-2.911908060020949385e-07,-9.971920000492518425e-08,-2.996477316879657460e-08,-7.903618467532826763e-09,-1.830327595668230170e-09,-3.722139398297441800e-10,-6.647651743660115123e-11,-1.042776361298362687e-11,-1.436766343138725499e-12,-1.738883376714069829e-13,-1.848656358822157040e-14,-1.726441194870911479e-15,-1.416325790049205988e-16,-1.020691354955708440e-17,-6.461725371149748068e-19,-3.593580364599414062e-20,-1.755627781550220726e-21,-7.534678619687816116e-23,-2.840697029218730417e-24,-9.408350329553498412e-26,-2.737352714127931955e-27,-6.996438077350627243e-29,-1.570913772986934107e-30,-3.098538769687542457e-32,-5.368968265809725695e-34,-8.172484610129003588e-36,-1.092815377055355542e-37,-1.283715906297143416e-39,-1.324709058944655465e-41,-1.200885392312919789e-43,-9.563395121858438720e-46,-6.690400637171256944e-48,-4.111702118115432028e-50,-2.219834814197353491e-52,-1.052807987557507685e-54,-4.386389408014047684e-57,-1.605442287572617604e-59,-5.161925283137856946e-62,-1.458002377728622196e-64,-3.617714189008032985e-67,-7.885691398757824299e-70,-1.509992549675550145e-72,-2.540032860067377794e-75,-3.753473630047693604e-78
1.413763099766369875e-158,1.798170015667725611e-154,2.009159266373694554e-150,1.972093408393580567e-146,1.700474414675173255e-142,1.288078187854374449e-138,8.571243906723590552e-135,5.010429839208897437e-131,2.572975317911754330e-127,1.160715432655723994e-123,4.599868338208114959e-120,1.601380541279979306e-116,4.897485925113549903e-113,1.315774149459343570e-109,3.105410424080992796e-106,6.438521745785525484e-103,1.172688944169919205e-99,1.876329031176737716e-96,2.637331178563002738e-93,3.256490707837081176e-90,3.532356442009808344e-87,3.365958067854216285e-84,2.817619762756722235e-81,2.071980055593633876e-78,1.338499639540762826e-75,7.595921147801869152e-73,3.786797983393618170e-70,1.658415413173006854e-67,6.380342762405782427e-65,2.156374507817300074e-62,6.402268109303623413e-60,1.669832881998129608e-57,3.825970659015128654e-55,7.700868788730478563e-53,1.361655538292456329e-50,2.115067388191271703e-48,2.886094478430282886e-46,3.459602559339063964e-44,3.643100332678094978e-42,3.370118756761086866e-40,2.738724055073420282e-38,1.955150212913631734e-36,1.226141111917670753e-34,6.755053722356956218e-33,3.269223065565327990e-31,1.389910350988516052e-29,5.191038094505721327e-28,1.703118951951062818e-26,4.908586369936118577e-25,1.242752924110428577e-23,2.763914685838234991e-22,5.399682288113784169e-21,9.266258856476597712e-20,1.396745985086694490e-18,1.849202637406499715e-17,2.150171536391867719e-16,2.195515934417683163e-15,1.968375672366840199e-14,1.549141124683632642e-13,1.069908688830640661e-12,6.481480760043632646e-12,3.441765098043179885e-11,1.600439296606835118e-10,6.507485852371414686e-10,2.308593214786496555e-09,7.121461422692537467e-09,1.899902272427104342e-08,4.344076680307018685e-08,8.373864535560276384e-08,1.315487613872867458e-07,1.541769013175716072e-07,8.958083146306124800e-08,-1.350632845683373968e-07,-5.567928177905054619e-07,-1.126088300248461466e-06,-1.696584804507729679e-06,-2.082076180897419053e-06,-2.153692604931237426e-06,-1.909080940493249693e-06,-1.463444129589702779e-06,-9.754331233232893874e-07,-5.672408435837996479e-07,-2.884336723985173303e-07,-1.284311394115729865e-07,-5.012688646482946622e-08,-1.716091938003549768e-08,-5.155626874578360138e-09,-1.359668000853503675e-09,-3.148410854055407481e-10,-6.402126631254123401e-11,-1.143347563016359113e-11,-1.793436830739917407e-12,-2.470987197297661983e-13,-2.990524908234589476e-14,-3.179274276020005146e-15,-2.969066932675833846e-16,-2.435728272033587881e-17,-1.755328259722603085e-18,-1.111248454025663468e-19,-6.180009910575487937e-21,-3.019212288845961280e-22,-1.295762825550165960e-23,-4.885234380886832762e-25,-1.617982282032103794e-26,-4.707506163488565423e-28,-1.203197802422597172e-29,-2.701545658866426475e-31,-5.328645755203513720e-33,-9.233167568844608422e-35,-1.405445365222871284e-36,-1.879345535782190687e-38,-2.207642519088416117e-40,-2.278139558604842535e-42,-2.065196476609135402e-44,-1.644644014501441168e-46,-1.150567047630995356e-48,-7.071009946526794608e-51,-3.817512443697670732e-53,-1.810543540734519895e-55,-7.543397363307891939e-58,-2.760924299983313552e-60,-8.877108226394572166e-63,-2.507367732886878970e-65,-6.221484929991937086e-68,-1.356124547819743928e-70,-2.596776693020912306e-73,-4.368166009231405812e-76,-6.454954258118110357e-79
1.967135067226945114e-159,2.502005672123932311e-155,2.795579860004814934e-151,2.744005767397900710e-147,2.366070279083729594e-143,1.792254850242411746e-139,1.192618088657978787e-135,6.971600998881669455e-132,3.580083520183263902e-128,1.615040052317518588e-124,6.400338440010123869e-121,2.228189304940707898e-117,6.814448832099690170e-114,1.830791502619974719e-110,4.320923175696524555e-107,8.958673420956450415e-104,1.631700208422055145e-100,2.610757512626882752e-97,3.669629405308230571e-94,4.531138961441705906e-91,4.914983438274651724e-88,4.683453785838320444e-85,3.920486135560427706e-82,2.882989813704804783e-79,1.862412146208153321e-76,1.056909943593307539e-73,5.269017879776828396e-71,2.307548613526262197e-68,8.877722017805835545e-66,3.000417694627074549e-63,8.908229193283505749e-61,2.323435003895241412e-58,5.323523138057718057e-56,1.071512453158926490e-53,1.894631436426445996e-51,2.942941756192012752e-49,4.015762015755583092e-47,4.813750580123671159e-45,5.069071719129524746e-43,4.689239426654177131e-41,3.810705047393664165e-39,2.720426410557677630e-37,1.706070653731641553e-35,9.399071309828204370e-34,4.548834012703907187e-32,1.933933177208455254e-30,7.222834440476175916e-29,2.369717996426523038e-27,6.829762580656147790e-26,1.729140833628484506e-24,3.845608451067566228e-23,7.512790562085515426e-22,1.289219846760884448e-20,1.943233259066537017e-19,2.572589353517082774e-18,2.991081411204958925e-17,3.053848857155723768e-16,2.737509178160486745e-15,2.154009533846106564e-14,1.487210746382297379e-13,9.005572525456584119e-13,4.779088659221861039e-12,2.220267156270516870e-11,9.015612815035040592e-11,3.191991767921406565e-10,9.816825491307757114e-10,2.606713901164858062e-09,5.914949563613267020e-09,1.125183649805419287e-08,1.721993924716317681e-08,1.886996657987970064e-08,7.059643943563839850e-09,-2.872983121723079979e-08,-9.352225801235499938e-08,-1.794568923505730093e-07,-2.644477119492950469e-07,-3.207801732519756093e-07,-3.295602366267446686e-07,-2.908908477124746513e-07,-2.223751112841836401e-07,-1.479494597084840800e-07,-8.593047569759241170e-08,-4.365758238529069596e-08,-1.942818962023753076e-08,-7.579816688281246415e-09,-2.594225862735483606e-09,-7.792283348662792573e-10,-2.054743554503537566e-10,-4.757462122191263701e-11,-9.673412471487691246e-12,-1.727483126471587240e-12,-2.709615821334002605e-13,-3.733209892916438442e-14,-4.518065672723590061e-15,-4.803174426673624124e-16,-4.485563676975930527e-17,-3.679794369202036157e-18,-2.651865127179203601e-19,-1.678816078981209098e-20,-9.336418841540374084e-22,-4.561253913215369584e-23,-1.957562899577080292e-24,-7.380322538390739622e-26,-2.444350656812793874e-27,-7.111815983266964452e-29,-1.817718178085109064e-30,-4.081330523016429724e-32,-8.050192382727711135e-34,-1.394890431626792809e-35,-2.123260708568406202e-37,-2.839199935737977684e-39,-3.335170792976451004e-41,-3.441673332054701616e-43,-3.119971963429151100e-45,-2.484627118563588127e-47,-1.738205986139968943e-49,-1.068244722522398002e-51,-5.767263149086543755e-54,-2.735257887119555993e-56,-1.139610102698010584e-58,-4.171034708022804495e-61,-1.341098938978727442e-63,-3.787977028993390650e-66,-9.399036959680824559e-69,-2.048749597120956524e-71,-3.923050586537620464e-74,-6.599156665509404417e-77,-9.751748061882259172e-80
2.404480295535851106e-160,3.058266530940224327e-156,3.417109887349373917e-152,3.354069534145529198e-148,2.892109168648202705e-144,2.190719663213213065e-140,1.457768071972826010e-136,8.521569011343826469e-133,4.376029091222153303e-129,1.974105411940045133e-125,7.823299945063399354e-122,2.723573671943041130e-118,8.329477834964448638e-115,2.237824014368789080e-111,5.281576647399748540e-108,1.095041925200003069e-104,1.994469553135940358e-101,3.191196729751097469e-98,4.485483350850315587e-95,5.538528860300996294e-92,6.007711933958029953e-89,5.724707222982199528e-86,4.792112041911595284e-83,3.523953334821541295e-80,2.276474739688226516e-77,1.291888473528570651e-74,6.440457382865448087e-72,2.820576584105078607e-69,1.085147007221567673e-66,3.667488407729478457e-64,1.088875959779233277e-61,2.839994827731236752e-59,6.507080180818708798e-57,1.309737378958458039e-54,2.315856898925745927e-52,3.597233439209053310e-50,4.908568826010136680e-48,5.883969973299011953e-46,6.196054414176751024e-44,5.731774363663316524e-42,4.657918191471189720e-40,3.325242175019296075e-38,2.085369371585792647e-36,1.148868879215059894e-34,5.560130141275356444e-33,2.363879838998597183e-31,8.828567808102219247e-30,2.896525480915647496e-28,8.348021565413019727e-27,2.113510535530204289e-25,4.700386057069482957e-24,9.182517422257207752e-23,1.575709079066604697e-21,2.374967355999570280e-20,3.143980069499383407e-19,3.655140311498600756e-18,3.731430533225746288e-17,3.344371886751310658e-16,2.630920487724309121e-15,1.815893227586526899e-14,1.099065846208781931e-13,5.828539288720784202e-13,2.705114489842923388e-12,1.096823451015586242e-11,3.874811861826378754e-11,1.187712757078822335e-10,3.137356954801318652e-10,7.058163148458428705e-10,1.322294207779537797e-09,1.960976724268190598e-09,1.963792008683049012e-09,1.456236474208476292e-10,-4.830492087545142118e-09,-1.356142123499159617e-08,-2.495752275921724721e-08,-3.609082308207931424e-08,-4.333408668174590625e-08,-4.425005992927679393e-08,-3.890844189326599573e-08,-2.966974063108247323e-08,-1.970681109692853285e-08,-1.143298255878794774e-08,-5.804120396133132194e-09,-2.581534512934351576e-09,-1.006802691564463719e-09,-3.444945956942390015e-10,-1.034575291272615554e-10,-2.727728524932468788e-11,-6.315115362117510153e-12,-1.283983442423783623e-12,-2.292847682240369598e-13,-3.596303225228504027e-14,-4.954753324165604950e-15,-5.996335292671398361e-16,-6.374664759906246555e-17,-5.953096973178482944e-18,-4.883681584410099643e-19,-3.519441286955859721e-20,-2.228047087130729951e-21,-1.239084255539554258e-22,-6.053467969715711802e-24,-2.597977388892934990e-25,-9.794781058176470292e-27,-3.244014027972988057e-28,-9.438426615950024930e-30,-2.412379100257486797e-31,-5.416524526790834671e-33,-1.068378560023714400e-34,-1.851223994557507189e-36,-2.817877946100709228e-38,-3.768034036768476540e-40,-4.426259883070262593e-42,-4.567604269567035350e-44,-4.140659419072839952e-46,-3.297463797905989454e-48,-2.306853707756030823e-50,-1.417717065205514800e-52,-7.654002113414471042e-55,-3.630087455324785151e-57,-1.512429358767295485e-59,-5.535573375546962341e-62,-1.779834524390042986e-64,-5.027199779811436927e-67,-1.247389732236621347e-69,-2.718990489948971572e-72,-5.206462151215372964e-75,-8.758046486345492396e-78,-1.294199655676927313e-80
2.581890193973287593e-161,3.283914774202319232e-157,3.669234689196294439e-153,3.601543026232873553e-149,3.105497814341563892e-145,2.352357649456852198e-141,1.565326651700582102e-137,9.150316394068724825e-134,4.698905879992196920e-130,2.119760937247991250e-126,8.400526903717542932e-123,2.924527253946012365e-119,8.944052143698682251e-116,2.402937503286687276e-112,5.671267499398363240e-109,1.175837462020563652e-105,2.141627606482439601e-102,3.426652967795958890e-99,4.816436006775671908e-96,5.947178427610224067e-93,6.450979258777869030e-90,6.147093593661851702e-87,5.145688690623468915e-84,3.783961361168149521e-81,2.444439986895081570e-78,1.387207941492510854e-75,6.915653934504323856e-73,3.028687299463714262e-70,1.165212446174364662e-67,3.938086800833605292e-65,1.169216510374152902e-62,3.049538159121983180e-60,6.987191905179143911e-58,1.406373652177452925e-55,2.486727513451249992e-53,3.862647464900830903e-51,5.270736380382379809e-49,6.318104430675930290e-47,6.653213992048704197e-45,6.154676575287340784e-43,5.001587109075761901e-41,3.570582052598451140e-39,2.239228334850922289e-37,1.233631241600504358e-35,5.970341059520677239e-34,2.538274380863673846e-32,9.479861145477288222e-31,3.110190557619610040e-29,8.963760454592924643e-28,2.269378084071986708e-26,5.046960490136893653e-25,9.859376787223231223e-24,1.691809013631120710e-22,2.549853276232447760e-21,3.375296453424000777e-20,3.923736241152853678e-19,4.005151666982715924e-18,3.589081784337579703e-17,2.822727879553776396e-16,1.947586661595006906e-15,1.178166191688865871e-14,6.243354766527965102e-14,2.894474774845057332e-13,1.171713206617553440e-12,4.129412463332115503e-12,1.261095082519151752e-11,3.311833232135840565e-11,7.378601452368408846e-11,1.358011467527680017e-10,1.937940837360229522e-10,1.709106096239654619e-10,-6.799009860568483880e-11,-6.724408706210105540e-10,-1.704526185292612629e-09,-3.032225674585329239e-09,-4.314516935259215451e-09,-5.133977702404250266e-09,-5.214001678083504850e-09,-4.568731956928934651e-09,-3.475983218509124093e-09,-2.305253091128538628e-09,-1.336018806901203558e-09,-6.777688675148007409e-10,-3.013081433910056763e-10,-1.174708977429047409e-10,-4.018520674477483530e-11,-1.206631902270057085e-11,-3.181004517668959212e-12,-7.363933251655633060e-13,-1.497144866951420212e-13,-2.673392541984195661e-14,-4.193069256082091006e-15,-5.776829177983100378e-16,-6.991134084785023888e-17,-7.432159844840448369e-18,-6.940612990326209776e-19,-5.693774197891350803e-20,-4.103224177757402117e-21,-2.597615821718568856e-22,-1.444610342690478915e-23,-7.057545034633888639e-25,-3.028896588861799083e-26,-1.141940776283291975e-27,-3.782086090242388953e-29,-1.100393907802437909e-30,-2.812509849609460193e-32,-6.314938908943376221e-34,-1.245585560291374433e-35,-2.158277804491815758e-37,-3.285265953662698303e-39,-4.393019780433807061e-41,-5.160422282686270493e-43,-5.325210702141429426e-45,-4.827450523539552692e-47,-3.844398104351082998e-49,-2.689480315598230306e-51,-1.652866895516998603e-53,-8.923534173629698623e-56,-4.232192377830642292e-58,-1.763288646662056843e-60,-6.453731951807198909e-63,-2.075047001068135364e-65,-5.861036899529922769e-68,-1.454288185632913495e-70,-3.169976185776589128e-73,-6.070032642684431921e-76,-1.021070095372416954e-78,-1.508862242077394467e-81
2.435475793225278241e-162,3.097689808129906386e-158,3.461158916073124056e-154,3.397305926917354356e-150,2.929390556723322191e-146,2.218959631051942369e-142,1.476559761364306985e-138,8.631418226038036875e-135,4.432439284952362433e-131,1.999553064663535532e-127,7.924147963952463231e-124,2.758682514821074585e-120,8.436850853998866446e-117,2.266671191137875090e-113,5.349660005737731727e-110,1.109157810689586867e-106,2.020179713484158635e-103,3.232333571414207480e-100,4.543304484883247527e-97,5.609924512282873952e-94,6.085155691974957092e-91,5.798502839986550700e-88,4.853885826086854009e-85,3.569379630949125733e-82,2.305820132221895117e-79,1.308541837738652081e-76,6.523479438192773721e-74,2.856935790796595869e-71,1.099135299491546092e-68,3.714764799686327258e-66,1.102912277939335502e-63,2.876604111078696720e-61,6.590960145897601564e-59,1.326620550146675600e-56,2.345709230798673172e-54,3.643602735083221017e-52,4.971840612836247454e-50,5.959813083410493422e-48,6.275917720659871371e-46,5.805650074646536583e-44,4.717949332706891957e-42,3.368093890430943784e-40,2.112239577841050606e-38,1.163669402898814276e-36,5.631740390059786789e-35,2.394313147224880113e-33,8.942167178869261291e-32,2.933766569778130005e-30,8.455232984456658367e-29,2.140610194101147216e-27,4.760516265410022138e-26,9.299598420015536069e-25,1.595704954575064965e-23,2.404900830940071470e-22,3.183217462878609163e-21,3.700110257949071805e-20,3.776392856578412964e-19,3.383453737670915630e-18,2.660290183550805621e-17,1.834798423416747084e-16,1.109314217861875646e-15,5.873704910172791969e-15,2.719855506044619082e-14,1.099084204983849674e-13,3.863189155552880148e-13,1.174985240534005088e-12,3.065638914891205101e-12,6.754994753157880323e-12,1.217659758034381602e-11,1.656264783225402649e-11,1.202941954013254833e-11,-1.497838195303767959e-11,-7.917770082912732575e-11,-1.862194652557677600e-10,-3.221123309994654034e-10,-4.519613983979646593e-10,-5.335304232857734890e-10,-5.392015185934802925e-10,-4.709907871639629290e-10,-3.575978723569012383e-10,-2.368270188886425833e-10,-1.371240714529597009e-10,-6.951848416984984188e-11,-3.089118388192297370e-11,-1.203978729266685282e-11,-4.117757744890829210e-12,-1.236243353771508098e-12,-3.258725910987214849e-13,-7.543302965379556543e-14,-1.533533596800459799e-14,-2.738272485983851315e-15,-4.294722475329030874e-16,-5.916774280637696783e-17,-7.160408481656710336e-18,-7.612047598232524176e-19,-7.108560857052291733e-20,-5.831526868681741839e-21,-4.202483488856726102e-22,-2.660448173477196132e-23,-1.479551139198878432e-24,-7.228238671984177113e-26,-3.102151247010738514e-27,-1.169558340653976978e-28,-3.873553610389461084e-30,-1.127006015066485280e-31,-2.880527567693220806e-33,-6.467658588187520723e-35,-1.275708538427408867e-36,-2.210473012331235135e-38,-3.364715803707065812e-40,-4.499259078234401607e-42,-5.285220078125998115e-44,-5.453993606532160081e-46,-4.944195734412065476e-48,-3.937369526324944412e-50,-2.754521643984296663e-52,-1.692839169320826943e-54,-9.139337344183044146e-57,-4.334542013474289226e-59,-1.805931306969248072e-61,-6.609806392985684027e-64,-2.125229096633963768e-66,-6.002777837860582026e-69,-1.489458100652636842e-71,-3.246637602186574684e-74,-6.216827845605452115e-77,-1.045763239558810678e-79,-1.545351953183574593e-82
2.018177547683790840e-163,2.566926773751705840e-159,2.868118514176054857e-155,2.815206196414280105e-151,2.427464180265380739e-147,1.838759604608555954e-143,1.223563693988164373e-139,7.152497477794144148e-136,3.672978179913057637e-132,1.656946503693431227e-128,6.566412012524585882e-125,2.286005522133641958e-121,6.991267584304991665e-118,1.878296190918022098e-114,4.433040862010846466e-111,9.191129701015507103e-108,1.674038949681773452e-104,2.678500462173092067e-101,3.764847560293745148e-98,4.648711236153762723e-95,5.042515557355062132e-92,4.804978252800671134e-89,4.022213399260624817e-86,2.957796511463842433e-83,1.910737281539201277e-80,1.084334217343626018e-77,5.405736175238264159e-75,2.367423892821328104e-72,9.108077127185149373e-70,3.078271074959081648e-67,9.139375176027803443e-65,2.383722100477051072e-62,5.461654207986480135e-60,1.099315164408029405e-57,1.943791379650072107e-55,3.019301347114625138e-53,4.119956124314774063e-51,4.938646760836984312e-49,5.200588222505631165e-47,4.810895714051520578e-45,3.909562489309099495e-43,2.790993273882136911e-41,1.750319643807354390e-39,9.642801374464919700e-38,4.666759238271037946e-36,1.984049592455899316e-34,7.409905135800748177e-33,2.431044862762952349e-31,7.006312448633624063e-30,1.773766758704337460e-28,3.944625938165977255e-27,7.705587235432366824e-26,1.322146287822495125e-24,1.992522125766046117e-23,2.637195435318257097e-22,3.065121779420765031e-21,3.127869829481785269e-20,2.801840208598116704e-19,2.202343313556436096e-18,1.518312181632713862e-17,9.174069117954322012e-17,4.853259179641500633e-16,2.244403252183591984e-15,9.052022172958585274e-15,3.172426735144033967e-14,9.605296688251356396e-14,2.487836355250476778e-13,5.412979421598835567e-13,9.520346015428194367e-13,1.217924905026506906e-12,6.286232295953344877e-13,-2.011800195814335323e-12,-7.977907401275270161e-12,-1.771948259686672691e-11,-2.993874689780185725e-11,-4.149879309532167658e-11,-4.864225629739444555e-11,-4.894327393545471311e-11,-4.263027263917140423e-11,-3.230582787315163813e-11,-2.136802296527678247e-11,-1.236145731281120467e-11,-6.263210718825864880e-12,-2.781967931521252159e-12,-1.083957132448307753e-12,-3.706531244507022702e-13,-1.112629675491167610e-13,-2.932597848432234993e-14,-6.787923117807844188e-15,-1.379901805074596136e-15,-2.463866891291300524e-16,-3.864254150341297092e-17,-5.323638851489417452e-18,-6.442530640650582505e-19,-6.848836052045871538e-20,-6.395795501142448923e-21,-5.246787699519712984e-22,-3.781081657895464579e-23,-2.393668616185381107e-24,-1.331185661100285454e-25,-6.503404005796205202e-27,-2.791071345854431611e-28,-1.052275998093758600e-29,-3.485115760371281243e-31,-1.013990240873927718e-32,-2.591668857429105526e-34,-5.819082490925665546e-36,-1.147780538761592807e-37,-1.988806764683788823e-39,-3.027301969787603540e-41,-4.048073095232626177e-43,-4.755217790714582668e-45,-4.907066634291736785e-47,-4.448391299557121091e-49,-3.542529700790319522e-51,-2.478297916365698933e-53,-1.523081070185841304e-55,-8.222843567045053495e-58,-3.899873646909040008e-60,-1.624832308231654568e-62,-5.946974244950581772e-65,-1.912110876546569434e-67,-5.400818578747761325e-70,-1.340095068909456337e-72,-2.921064404943677146e-75,-5.593403623806721063e-78,-9.408939797858848181e-81,-1.390383878790647159e-83
1.469144206745561365e-164,1.868609430881851286e-160,2.087863728438103440e-156,2.049345895753825026e-152,1.767086816321350954e-148,1.338535860630830270e-144,8.907003819639695363e-141,5.206702574410591742e-137,2.673766052260379780e-133,1.206183945273993078e-129,4.780058215409619423e-126,1.664111154696347595e-122,5.089334325574012902e-119,1.367316750854420723e-115,3.227058148165342187e-112,6.690736881026278026e-109,1.218626491433083685e-105,1.949830152219975906e-102,2.740642905920262024e-99,3.384056661920942819e-96,3.670728830235805390e-93,3.497812151627333263e-90,2.927993874863684962e-87,2.153145345369095655e-84,1.390932425966241553e-81,7.893474600169733472e-79,3.935137374489724059e-76,1.723380108673825195e-73,6.630278121736205770e-71,2.240845446922240848e-68,6.653061561090702785e-66,1.735244396393274937e-63,3.975842899489502858e-61,8.002528254259432063e-59,1.414994082454348737e-56,2.197917547062059759e-54,2.999145077767247476e-52,3.595114884443699995e-50,3.785795674854793827e-48,3.502115727902413040e-46,2.845984249524039120e-44,2.031715117595538994e-42,1.274151132969709682e-40,7.019499761340787566e-39,3.397171171674530585e-37,1.444286190757018493e-35,5.394007260465191156e-34,1.769657403099285616e-32,5.100138013374225463e-31,1.291170250237305554e-29,2.871342914019403927e-28,5.608850603275972109e-27,9.623471248102340058e-26,1.450215884651356093e-24,1.919284090402463461e-23,2.230478464256282121e-22,2.275789405929116225e-21,2.038124395201140953e-20,1.601526372709326310e-19,1.103597361234136633e-18,6.663808759623324866e-18,3.521864816912967920e-17,1.626374866051151782e-16,6.545502430654481130e-16,2.286594036215143204e-15,6.888441190516958056e-15,1.769515421238787529e-14,3.794502635091932536e-14,6.479957926671139098e-14,7.644398473863365435e-14,1.665877054891931481e-14,-2.073572958054891849e-13,-6.927361797730038390e-13,-1.470759189292918846e-12,-2.436016893723718818e-12,-3.340767285557690015e-12,-3.891144545846985970e-12,-3.899705981642530778e-12,-3.387929870091977567e-12,-2.563004853629271757e-12,-1.693273347810841092e-12,-9.787835420304940825e-13,-4.956510116086717856e-13,-2.200728386134542845e-13,-8.572591925347961399e-14,-2.930813608977329056e-14,-8.796618676634784841e-15,-2.318349905689345225e-15,-5.365823688604072976e-16,-1.090759018417010105e-16,-1.947532415871817061e-17,-3.054386029384250195e-18,-4.207851342648622662e-19,-5.092180529654492775e-20,-5.413285343898266609e-21,-5.055178748153848475e-22,-4.146998694447635275e-23,-2.988514629340245637e-24,-1.891919273630126807e-25,-1.052147626076093985e-26,-5.140181025675838987e-28,-2.206014487304525047e-29,-8.317003919110496906e-31,-2.754573236325665284e-32,-8.014396088397070640e-34,-2.048408057930117684e-35,-4.599296798559226232e-37,-9.071847664010381513e-39,-1.571916452255230174e-40,-2.392723966356287783e-42,-3.199522670227131384e-44,-3.758436794989167248e-46,-3.878455286526807672e-48,-3.515926702764491516e-50,-2.799950332743501197e-52,-1.958801092439075099e-54,-1.203815262133623052e-56,-6.499184290717382079e-59,-3.082388385542977772e-61,-1.284237563578190583e-63,-4.700379030628456160e-66,-1.511297257053213510e-68,-4.268707636860272161e-71,-1.059186486281156842e-73,-2.308755561123494187e-76,-4.420923310959219314e-79,-7.436652900118239184e-82,-1.098933835911423021e-84
9.395047651098985869e-166,1.194959253408263979e-161,1.335170443281770806e-157,1.310538628934080856e-153,1.130036436633083194e-149,8.559818794859837093e-146,5.695950399498005531e-142,3.329640382916032048e-138,1.709849812773535337e-134,7.713439966957771877e-131,3.056805077463208362e-127,1.064184409021031474e-123,3.254584422533573512e-120,8.743870048942586900e-117,2.063675228793484900e-113,4.278667234617480901e-110,7.793008950007492249e-107,1.246899187884318665e-103,1.752616969774298622e-100,2.164074392098067076e-97,2.347398714637745921e-94,2.236820022259798474e-91,1.872426258105830940e-88,1.376917455928986339e-85,8.894890157000663149e-83,5.047807358263260296e-80,2.516485619884350955e-77,1.102086363379550959e-74,4.240004286988534918e-72,1.433000852405892413e-69,4.254573984982810384e-67,1.109673409425928500e-64,2.542516211177205517e-62,5.117545492895402394e-60,9.048760464232259184e-58,1.405548464114137488e-55,1.917925999912379909e-53,2.299042843222712398e-51,2.420980807880800941e-49,2.239569292343895230e-47,1.819978539337249182e-45,1.299260541975412111e-43,8.148054015942471936e-42,4.488884473015122085e-40,2.172444591841268545e-38,9.235983052711068574e-37,3.449366801018995748e-35,1.131655313799147290e-33,3.261390309710268788e-32,8.256547133061838903e-31,1.836079937244598764e-29,3.586479367448157732e-28,6.153312387317946973e-27,9.272250856119464153e-26,1.227033482338623029e-24,1.425819351861505856e-23,1.454540570326152141e-22,1.302326879184492696e-21,1.022993860987407417e-20,7.045833910009582913e-20,4.251373055205831267e-19,2.244498780579710460e-18,1.034878461251299435e-17,4.155261152720264965e-17,1.446431087526807731e-16,4.333032138397585398e-16,1.102761126116447614e-15,2.325242895332234455e-15,3.831125893990283624e-15,4.040360658619408933e-15,-9.553430717687970349e-16,-1.748928400277223328e-14,-5.207496293423814604e-14,-1.066113503600354698e-13,-1.735982268663761865e-13,-2.358464716183010089e-13,-2.731509233187603842e-13,-2.727713965379723746e-13,-2.364181464620860259e-13,-1.785719350271489337e-13,-1.178495164634603095e-13,-6.807227893605877875e-14,-3.445411159333069123e-14,-1.529255914015162568e-14,-5.955534806271453550e-15,-2.035746320838945160e-15,-6.109423480617764418e-16,-1.610007366446242596e-16,-3.726150813024544445e-17,-7.574177557060548286e-18,-1.352319252089429996e-18,-2.120850119676034567e-19,-2.921732900257409242e-20,-3.535735485010887162e-21,-3.758668244961484492e-22,-3.510003607076409218e-23,-2.879410115542031122e-24,-2.075028285652732135e-25,-1.313622390901647535e-26,-7.305402267075408271e-28,-3.568991634347506859e-29,-1.531705382534719629e-30,-5.774755727629654976e-32,-1.912585766656668677e-33,-5.564643123558047229e-35,-1.422272894382961806e-36,-3.193433332485711807e-38,-6.298862658895298484e-40,-1.091429857185880941e-41,-1.661341664365053880e-43,-2.221526710281331285e-45,-2.609597887404804186e-47,-2.692930376543246253e-49,-2.441215651350198117e-51,-1.944091307150231657e-53,-1.360055611606363472e-55,-8.358458164627118029e-58,-4.512582753295866814e-60,-2.140196681289867014e-62,-8.916854806595348763e-65,-3.263617146467445680e-67,-1.049339980301056605e-69,-2.963894472329413011e-72,-7.354256225200939513e-75,-1.603039707858765863e-77,-3.069582476149136808e-80,-5.163495907104977112e-83,-7.630234246285435782e-86
5.277923013027905060e-167,6.713007935040584400e-163,7.500682349469810717e-159,7.362306446937893732e-155,6.348286390804123400e-151,4.808710533701731301e-147,3.199854733124853823e-143,1.870515856277305580e-139,9.605545400744786087e-136,4.333234255099525122e-132,1.717243218252159253e-128,5.978344752173514981e-125,1.828351133272177619e-121,4.912106320510434891e-118,1.159325570662119137e-114,2.403657447572791597e-111,4.377934289456569223e-108,7.004794610510704100e-105,9.845801505579600208e-102,1.215727524522046039e-98,1.318714937669875766e-95,1.256594355225040895e-92,1.051886267497919450e-89,7.735207488872486675e-87,4.996945933505232548e-84,2.835742762066993960e-81,1.413704079352554218e-78,6.191269151604162249e-76,2.381937423819977401e-73,8.050270915233929092e-71,2.390122279670885634e-68,6.233891067922857191e-66,1.428327328401219449e-63,2.874919615562964882e-61,5.083385617766412928e-59,7.896047386476467806e-57,1.077446479157053163e-54,1.291548848411505700e-52,1.360050370852440199e-50,1.258137106762428133e-48,1.022420333344029707e-46,7.298928239256435554e-45,4.577372119636125071e-43,2.521738216033356984e-41,1.220419699895618573e-39,5.188503297735605288e-38,1.937742924796701187e-36,6.357228443102581302e-35,1.832111714732676613e-33,4.638112080607351367e-32,1.031395437040662035e-30,2.014600151053379680e-29,3.456294587037589187e-28,5.207870039210194093e-27,6.891169989158468880e-26,8.006560520430061440e-25,8.166356034186422172e-24,7.309857444101625640e-23,5.739820622629887836e-22,3.951128907698575220e-21,2.382179613864480344e-20,1.256209821512356706e-19,5.782152171635436809e-19,2.315708931558381804e-18,8.029190400491000420e-18,2.390242041957380958e-17,6.019220570235447531e-17,1.244475217123752232e-16,1.961476354781344856e-16,1.752442270023712488e-16,-1.769194011827664034e-16,-1.240454833810531258e-15,-3.399696047443278460e-15,-6.755135412717774510e-15,-1.083910923853468344e-14,-1.460385792523746074e-14,-1.682813366471229622e-14,-1.675026873929656657e-14,-1.448688080406217917e-14,-1.092656517120478196e-14,-7.204007678008656044e-15,-4.158394859981598265e-15,-2.103757715769297262e-15,-9.334599988453352076e-16,-3.634457803958368336e-16,-1.242153320352202652e-16,-3.727390016894182293e-17,-9.821995066708644968e-18,-2.273052141438722207e-18,-4.620281802900652958e-19,-8.248995003733754559e-20,-1.293671397434016868e-20,-1.782169664822314581e-21,-2.156673905474016268e-22,-2.292640922298985049e-23,-2.140955988870796441e-24,-1.756314942376852313e-25,-1.265674345828837280e-26,-8.012496621913756367e-28,-4.455957139961447019e-29,-2.176918083497515769e-30,-9.342682213275063743e-32,-3.522328068278048301e-33,-1.166586637816774784e-34,-3.394167888411955857e-36,-8.675187783565115207e-38,-1.947842190217364776e-39,-3.842005902761421569e-41,-6.657201478712590636e-43,-1.013339134216044249e-44,-1.355025252218641472e-46,-1.591730123819831309e-48,-1.642558947504109573e-50,-1.489024973734602662e-52,-1.185802856856452082e-54,-8.295689705219649464e-57,-5.098260291129791947e-59,-2.752459959764767300e-61,-1.305417758854895241e-63,-5.438855554725146620e-66,-1.990650584820726255e-68,-6.400472699120926223e-71,-1.807834067517610351e-73,-4.485745044811225364e-76,-9.777776575892899316e-79,-1.872298701216020138e-81,-3.149485884508391639e-84,-4.654078454867356154e-87
2.604693454009667858e-168,3.312918316911003403e-164,3.701641378250397125e-160,3.633351862346201978e-156,3.132925578001318458e-152,2.373133677464014563e-148,1.579151620153669402e-144,9.231132008497650676e-141,4.740406626851888643e-137,2.138482670310271389e-133,8.474720374433272084e-130,2.950356684312629815e-126,9.023046028255935817e-123,2.424160251127349574e-119,5.721356141283440698e-116,1.186222459511309096e-112,2.160542462086606518e-109,3.456917164801235187e-106,4.858974760859196352e-103,5.999703886275761692e-100,6.507954268414313712e-97,6.201384664916286362e-94,5.191135337077464200e-91,3.817381224256841472e-88,2.466029201218711817e-85,1.399459696066119711e-82,6.976732513164629338e-80,3.055436364158858941e-77,1.175503435515217065e-74,3.972867172797971482e-72,1.179542685364239582e-69,3.076470389899512818e-67,7.048898550946443401e-65,1.418793524801151732e-62,2.508687205789822212e-60,3.896755512711782633e-58,5.317274147111354244e-56,6.373882998505192372e-54,6.711940650664731326e-52,6.208989010148935751e-50,5.045708064214346070e-48,3.602063274370667423e-46,2.258956639835143387e-44,1.244488425045482757e-42,6.022806469074414228e-41,2.560531562697095842e-39,9.562728364042952356e-38,3.137256869931680385e-36,9.041268216141549574e-35,2.288820269165683592e-33,5.089624202059167792e-32,9.941116256544092383e-31,1.705440969669849216e-29,2.569549246844779707e-28,3.399758269770250643e-27,3.949491981510249986e-26,4.027519701652375316e-25,3.604082927878727945e-24,2.828825490191399456e-23,1.946128207310212481e-22,1.172330550566758596e-21,6.174312242707047647e-21,2.836624310307856068e-20,1.132841145938669433e-19,3.910741117572088287e-19,1.156048811386877594e-18,2.876309560932079931e-18,5.810471227973425600e-18,8.657869447179047292e-18,5.876378187819676197e-18,-1.533520237162925134e-17,-7.503886113804824059e-17,-1.931887757640913021e-16,-3.744127770530937772e-16,-5.931494461908946810e-16,-7.932911819290759247e-16,-9.099513916228522185e-16,-9.030789166446393741e-16,-7.795294831100973940e-16,-5.871799421321289346e-16,-3.867881154240881852e-16,-2.231298545240895988e-16,-1.128348414802181269e-16,-5.005129277927623178e-17,-1.948364830685319930e-17,-6.658001767185535736e-18,-1.997700294741443824e-18,-5.263747497321714653e-19,-1.218102033856970323e-19,-2.475871010128064557e-20,-4.420285294688099696e-21,-6.932119524376342489e-22,-9.549619833601681798e-23,-1.155627855610008038e-23,-1.228477192300441164e-24,-1.147194554527399194e-25,-9.410886375276540385e-27,-6.781867011795744765e-28,-4.293332880778647656e-29,-2.387631479387605809e-30,-1.166455271758541798e-31,-5.006075307362885336e-33,-1.887363119299484728e-34,-6.250900124019175257e-36,-1.818690564253906608e-37,-4.648408956625357928e-39,-1.043708402121370626e-40,-2.058654260569458812e-42,-3.567114682681567271e-44,-5.429754258827164029e-46,-7.260603828265855225e-48,-8.528934542960023692e-50,-8.801289495684016650e-52,-7.978611541851207674e-54,-6.353862752364615074e-56,-4.445062124302260520e-58,-2.731790179701474803e-60,-1.474844877914943306e-62,-6.994792735509768918e-65,-2.914290619785035095e-67,-1.066646147376994291e-69,-3.429551924117985376e-72,-9.686879539397946094e-75,-2.403587401439455797e-77,-5.239205606693398087e-80,-1.003229903631070245e-82,-1.687582445128842461e-85,-2.493785140293506101e-88
1.129222933719263230e-169,1.436262426671775513e-165,1.604787054800397381e-161,1.575181234054800308e-157,1.358229471054504416e-153,1.028833918720606508e-149,6.846157740877472763e-146,4.002008740019302154e-142,2.055127013057613680e-138,9.271047504170957668e-135,3.674078647704526043e-131,1.279079664906721729e-127,3.911796411350373344e-124,1.050955668493425149e-120,2.480401889673057780e-117,5.142676591383745348e-114,9.366684177928844975e-111,1.498690809095308989e-107,2.106530317799869723e-104,2.601075072715813078e-101,2.821418845588145212e-98,2.688510525277018230e-95,2.250533184181344787e-92,1.654964193818566705e-89,1.069107270101638138e-86,6.067132253144384877e-84,3.024650068414771654e-81,1.324635239884793793e-78,5.096205827396141337e-76,1.722372555409089203e-73,5.113717175046522479e-71,1.333754108926329647e-68,3.055936134390143471e-66,6.150949855777572924e-64,1.087600674758426940e-61,1.689374993208306011e-59,2.305217366271138635e-57,2.763292219580661294e-55,2.909850568156797096e-53,2.691802914595482770e-51,2.187480474081343537e-49,1.561611401424699781e-47,9.793296671271567640e-46,5.395242810804177947e-44,2.611065574662841938e-42,1.110061906260306564e-40,4.145685041571021807e-39,1.360068787131023423e-37,3.919537927103578459e-36,9.922238509760496045e-35,2.206342314205963417e-33,4.309301562064747751e-32,7.392414747990669207e-31,1.113717220320573987e-29,1.473400089553500660e-28,1.711389551183644043e-27,1.744825332236503360e-26,1.560898814322373656e-25,1.224594689458870125e-24,8.419320121602725849e-24,5.066952553550812859e-23,2.664923681141594507e-22,1.221813136388515482e-21,4.864282521969310794e-21,1.671092347845383057e-20,4.900996683998579423e-20,1.202627456438196654e-19,2.363181538632274638e-19,3.272337837940325120e-19,1.242772332199414285e-19,-9.756956730207660629e-19,-3.903783557780025662e-18,-9.571527662406218023e-18,-1.816395413251102822e-17,-2.845606407011392929e-17,-3.780829425919956128e-17,-4.319025755165795433e-17,-4.274969702271176748e-17,-3.683563626910758653e-17,-2.771311463397048563e-17,-1.824026012236760846e-17,-1.051648198065227473e-17,-5.316018966242372382e-18,-2.357441765248304108e-18,-9.175170295393404379e-19,-3.134950918916005695e-19,-9.405402848639691201e-20,-2.478074443872641153e-20,-5.734341751386780068e-21,-1.165505596089119314e-21,-2.080784831144728125e-22,-3.263144379487232169e-23,-4.495227725019309070e-24,-5.439767984818713925e-25,-5.782653994852601875e-26,-5.400022896977782280e-27,-4.429839036949432657e-28,-3.192316260554113261e-29,-2.020927162109150218e-30,-1.123887951286518797e-31,-5.490647263167789936e-33,-2.356419710707710341e-34,-8.884041995403414232e-36,-2.942372192858923257e-37,-8.560789094267668867e-39,-2.188060212830903599e-40,-4.912856606176986369e-42,-9.690324095432973826e-44,-1.679082146658233920e-45,-2.555848080171255432e-47,-3.417650072713562772e-49,-4.014667939627266149e-51,-4.142868524971744212e-53,-3.755624497086464538e-55,-2.990836485883082491e-57,-2.092342007277558108e-59,-1.285885141028779527e-61,-6.942264912084014249e-64,-3.292529597825345558e-66,-1.371790198586842597e-68,-5.020826405217266797e-71,-1.614329634549832103e-73,-4.559725891046806619e-76,-1.131396303563072041e-78,-2.466154487574851065e-81,-4.722318829307314494e-84,-7.943645147885230060e-87,-1.173853418892864677e-89
4.300631827079063679e-171,5.469988006561601351e-167,6.111812005816091508e-163,5.999058597102547162e-159,5.172800442890332890e-155,3.918301482791523295e-151,2.607350859967389596e-147,1.524160167610957606e-143,7.826926266640460688e-140,3.530867180849200158e-136,1.399268390220967953e-132,4.871359367208698562e-129,1.489802911672908284e-125,4.002551897489907912e-122,9.446580466700174497e-119,1.958582132684016860e-115,3.567290290335062322e-112,5.707745738893274467e-109,8.022695120840953093e-106,9.906162807067155227e-103,1.074533938212772081e-99,1.023915965088581403e-96,8.571128261475926542e-94,6.302910993917545873e-91,4.071682018772265319e-88,2.310659921962192412e-85,1.151934285260685660e-82,5.044857099870012756e-80,1.940883732379980891e-77,6.559634633263424251e-75,1.947552837526208231e-72,5.079585811705890184e-70,1.163849397264288637e-67,2.342581298945038727e-65,4.142112739852495999e-63,6.433961433652129646e-61,8.779387056312977914e-59,1.052395580058575444e-56,1.108211691475266652e-54,1.025168067893364015e-52,8.330971873589993705e-51,5.947356680966989780e-49,3.729745979079905432e-47,2.054756578210935385e-45,9.944107097081075120e-44,4.227593812749485857e-42,1.578845220346002330e-40,5.179646479034511137e-39,1.492685750301900937e-37,3.778635352693221570e-36,8.402073833852213553e-35,1.640981614520779969e-33,2.814875231768864841e-32,4.240464068110717597e-31,5.609315792287505826e-30,6.514295035055378077e-29,6.640014338399092754e-28,5.938075562975999153e-27,4.656422915548946807e-26,3.199125092704439730e-25,1.923334212132303591e-24,1.010032856697553622e-23,4.620346510619222578e-23,1.833134437446126338e-22,6.263659944009635561e-22,1.820694233998361730e-21,4.396799967840274020e-21,8.355675641603554671e-21,1.047309571279093391e-20,-6.625267861558364254e-22,-5.001368304047234148e-20,-1.755777511721901615e-19,-4.139918277870541743e-19,-7.716572894549199448e-19,-1.197089401704300535e-18,-1.581196611649042460e-18,-1.799580076759769280e-18,-1.776904114438535168e-18,-1.528603410663217065e-18,-1.148774203958526983e-18,-7.555334521058153134e-19,-4.353796071062482879e-19,-2.200028644740690671e-19,-9.753817163906168623e-20,-3.795530519231745679e-20,-1.296691392367944179e-20,-3.889973758836120399e-21,-1.024844685817297573e-21,-2.371425120344215878e-22,-4.819785648893666768e-23,-8.604622227428223322e-24,-1.349381722473695294e-24,-1.858856928927242460e-25,-2.249425737079000056e-26,-2.391202760592006854e-27,-2.232972312461526525e-28,-1.831785689685470511e-29,-1.320054652092550642e-30,-8.356726014088528438e-32,-4.647379826784316119e-33,-2.270431757939727854e-34,-9.744002454028471553e-36,-3.673628377030152765e-37,-1.216696173620373694e-38,-3.539959341830967431e-40,-9.047814840276408559e-42,-2.031507804015053535e-43,-4.007030877129369257e-45,-6.943146301090963102e-47,-1.056864714991992221e-48,-1.413227077571855367e-50,-1.660098973394134498e-52,-1.713110980920666610e-54,-1.552982309879131511e-56,-1.236736031618531785e-58,-8.652010085630930829e-61,-5.317243141842700389e-63,-2.870684889895304068e-65,-1.361488660712575754e-67,-5.672467759454701055e-70,-2.076153913780360464e-72,-6.675388705696880317e-75,-1.885484975072380658e-77,-4.678418795056184862e-80,-1.019775605473066425e-82,-1.952718520798203934e-85,-3.284764024371356857e-88,-4.853982533637562901e-91
1.438846097109387417e-172,1.830073163880955868e-168,2.044805787709462981e-164,2.007082306928281652e-160,1.730644246613798488e-156,1.310931282298127869e-152,8.723314990577094183e-149,5.099324928692250720e-145,2.618625068041278601e-141,1.181308855685463519e-137,4.681479240522547525e-134,1.629792247827577132e-130,4.984377158643128518e-127,1.339118624132456321e-123,3.160506636853615081e-120,6.552754036577455511e-117,1.193494796871032159e-113,1.909618866225961709e-110,2.684122709164990383e-107,3.314267355127159889e-104,3.595027479820597848e-101,3.425676842045070047e-98,2.867609897487828164e-95,2.108741038951033895e-92,1.362247214929971885e-89,7.730687260717740868e-87,3.853982825676524266e-84,1.687838682869143838e-81,6.493540928415261120e-79,2.194631990093848438e-76,6.515853245336640706e-74,1.699457594691934078e-71,3.893846226067565872e-69,7.837483748880040807e-67,1.385810523653406982e-64,2.152585117537902262e-62,2.937284346941139216e-60,3.520956732583533163e-58,3.707696919567171106e-56,3.429859417544021886e-54,2.787254089911204594e-52,1.989776828693366155e-50,1.247840020753804115e-48,6.874466411290263386e-47,3.326924302905564888e-45,1.414386988002100026e-43,5.282159522110196693e-42,1.732876949576938838e-40,4.993784199430635799e-39,1.264117574539889386e-37,2.810776089321896126e-36,5.489404813084113050e-35,9.415743577739166072e-34,1.418311170737669926e-32,1.875920860673166713e-31,2.178187512125600623e-30,2.219660298940234741e-29,1.984286085607361859e-28,1.555182380972155002e-27,1.067644592872162902e-26,6.411547041078207828e-26,3.361428747676814596e-25,1.533855598443369695e-24,6.062497948804482582e-24,2.059038103829451487e-23,5.924894784458419162e-23,1.404402269054873835e-22,2.561417660253690712e-22,2.781221443402409037e-22,-2.181651552299116351e-22,-2.140234920871372137e-21,-6.851494781989292208e-21,-1.564748562652515919e-20,-2.871893413026416792e-20,-4.416785289719769345e-20,-5.803331004571802882e-20,-6.582688472492756468e-20,-6.485400132624757195e-20,-5.570886789618356280e-20,-4.182414723235458411e-20,-2.748820929536540810e-20,-1.583266831219300293e-20,-7.997811403527915375e-21,-3.545013837406431069e-21,-1.379261266168208554e-21,-4.711534591277719789e-22,-1.413314200217876562e-22,-3.723287444601645863e-23,-8.615122991979695678e-24,-1.750928029573584797e-24,-3.125822714841559905e-25,-4.901869431550204193e-26,-6.752567760927286807e-27,-8.171313975391461791e-28,-8.686297904418675889e-29,-8.111483895116098597e-30,-6.654120998610160150e-31,-4.795206190487734553e-32,-3.035645668777380911e-33,-1.688195588407290536e-34,-8.247509422809552420e-36,-3.539578877218974958e-37,-1.334471555256172523e-38,-4.419734334825382286e-40,-1.285914942885780937e-41,-3.286681617080663094e-43,-7.379592826581395705e-45,-1.455581662196697651e-46,-2.522145809101411396e-48,-3.839133932573345771e-50,-5.133644706025977570e-52,-6.030423811486663018e-54,-6.222993534233905459e-56,-5.641315088591741004e-58,-4.492528708874756539e-60,-3.142902172400579230e-62,-1.931525140151314365e-64,-1.042796027898582432e-66,-4.945701185230385347e-69,-2.060562920156237864e-71,-7.541771854762355286e-74,-2.424880848752047198e-76,-6.849153820584962076e-79,-1.699467796541710971e-81,-3.704405007227460269e-84,-7.093384296343627003e-87,-1.193213117937454383e-89,-1.763242531338531183e-92
4.228885487872381765e-174,5.378733597723241429e-170,6.009850211581083356e-166,5.898977839086619491e-162,5.086503938006312958e-158,3.852933462720811084e-154,2.563853093349642959e-150,1.498732993874135046e-146,7.696351660078231163e-143,3.471962627775380187e-139,1.375924753907816544e-135,4.790091725793727828e-132,1.464948910925216550e-128,3.935778347968972614e-125,9.288985579585375136e-122,1.925907607199270303e-118,3.507778096401675833e-115,5.612524870136964276e-112,7.888854535826648237e-109,9.740900799862046522e-106,1.056607759027591983e-102,1.006834230870343900e-99,8.428138247033770299e-97,6.197761063205889128e-94,4.003755115735129786e-91,2.272111713615888955e-88,1.132716817358050501e-85,4.960694770090585391e-83,1.908504317169518368e-80,6.450201208724640950e-78,1.915062006714827851e-75,4.994843242927285066e-73,1.144432822533877497e-70,2.303499540848708864e-68,4.073008218268158149e-66,6.326619272412441940e-64,8.632911026320433685e-62,1.034836718057670838e-59,1.089720644532120651e-57,1.008061437594886058e-55,8.191941769402052071e-54,5.848090857695697266e-52,3.667480909688373703e-50,2.020443990835391033e-48,9.777979559009752342e-47,4.156924601716816378e-45,1.552430277441717905e-43,5.092881747874433741e-42,1.467637779632715349e-40,3.715069292782822645e-39,8.260224994700333033e-38,1.613136452535821231e-36,2.766764234392005198e-35,4.167239819382607837e-34,5.511037155069046784e-33,6.397799659197123036e-32,6.517813111271876859e-31,5.824340395663350876e-30,4.562193180448595215e-29,3.129359256406330676e-28,1.876976997138751155e-27,9.822710284350383734e-27,4.469972345058174806e-26,1.759303845194253546e-25,5.934978042122646141e-25,1.688231992569193911e-24,3.915064745806846449e-24,6.781143903811175607e-24,5.867940224878970501e-24,-1.266662525684932377e-23,-7.780405866914947264e-23,-2.325564359952004600e-22,-5.172277573045942908e-22,-9.366755795412432010e-22,-1.429516663913011537e-21,-1.869408519385234645e-21,-2.114015208582928550e-21,-2.078585281118063511e-21,-1.783066184420462458e-21,-1.337426062830219209e-21,-8.784441291038180847e-22,-5.057453516766669858e-22,-2.553978765774857930e-22,-1.131807403992959860e-22,-4.402885486136846144e-23,-1.503864747813087411e-23,-4.510805358484563212e-24,-1.188284023125553985e-24,-2.749413303142659873e-25,-5.587740865776949746e-26,-9.975275620068463683e-27,-1.564289483316417730e-27,-2.154868232148275185e-28,-2.607600976633181569e-29,-2.771929538957351106e-30,-2.588490282544706566e-31,-2.123420748054398435e-32,-1.530213549999277299e-33,-9.687136317849757785e-35,-5.387245884950329883e-36,-2.631883432117557184e-37,-1.129523522318963334e-38,-4.258463257434949280e-40,-1.410391485982985863e-41,-4.103511981790950828e-43,-1.048820249953825447e-44,-2.354918079085756506e-46,-4.644938438218946062e-48,-8.048474365486070577e-50,-1.225114358548410441e-51,-1.638208478092115920e-53,-1.924381582230296313e-55,-1.985832909852262845e-57,-1.800212236254917549e-59,-1.433620530058462544e-61,-1.002938291595337315e-63,-6.163731528813715107e-66,-3.327688889273081065e-68,-1.578233367871498865e-70,-6.575506755556941072e-73,-2.406671074013487139e-75,-7.738089546429206669e-78,-2.185648239108369728e-80,-5.423208317050781061e-83,-1.182120666481413768e-85,-2.263585152032758697e-88,-3.807688099244048481e-91,-5.626721246626619025e-94
1.091860138278160748e-175,1.388740562166694755e-171,1.551689186631560382e-167,1.523062938812553580e-163,1.313289496487024192e-159,9.947927120292104159e-156,6.619637729647370614e-152,3.869593581074668179e-148,1.987128668211657317e-144,8.964294742788483007e-141,3.552513768147660137e-137,1.236758533322597835e-133,3.782366121787072405e-130,1.016182514917320437e-126,2.398332398806179146e-123,4.972519949881867933e-120,9.056767051409227411e-117,1.449103361412457802e-113,2.036831174171708585e-110,2.515012833994784586e-107,2.728066045463047023e-104,2.599555276964940128e-101,2.176069361694900361e-98,1.600206063959289701e-95,1.033733493292892687e-92,5.866387679342115793e-90,2.924572721748257443e-87,1.280806663112203688e-84,4.927586007351773961e-82,1.665383742233839524e-79,4.944517142462058007e-77,1.289623364399633229e-74,2.954821910047962652e-72,5.947426742648561640e-70,1.051613635141500702e-67,1.633475224574593981e-65,2.228938143138012963e-63,2.671852243683294036e-61,2.813556110688743665e-59,2.602717965975048376e-57,2.115078764828784657e-55,1.509917433119620295e-53,9.469043062811591032e-52,5.216555332238019994e-50,2.524552304786135300e-48,1.073259859197512881e-46,4.008124993967493997e-45,1.314884528427729584e-43,3.789095662919655642e-42,9.591203668954268118e-41,2.132470640898326485e-39,4.164288473553759385e-38,7.141856149389609847e-37,1.075581634161359676e-35,1.422214303574831207e-34,1.650713212265120563e-33,1.681173018769780374e-32,1.501651187226953014e-31,1.175502375909880597e-30,8.055797703593574991e-30,4.825360413025164196e-29,2.520211971816612709e-28,1.143410863180993676e-27,4.479251424152198662e-27,1.499642520078832631e-26,4.209886915955370460e-26,9.512393366412244963e-26,1.541402406517174857e-25,8.685206479780456548e-26,-5.023766550334326323e-25,-2.426548455261200838e-24,-6.878625776364586717e-24,-1.496165160067131590e-23,-2.678007329177629043e-23,-4.059204918581708872e-23,-5.285723062208103739e-23,-5.960859300054899099e-23,-5.850218650565873358e-23,-5.012264806650183426e-23,-3.756378079153633085e-23,-2.465819251846667855e-23,-1.419072202406537947e-23,-7.164218267232466102e-24,-3.174240690722853695e-24,-1.234656222350859810e-24,-4.216737026263761401e-25,-1.264716713224186960e-25,-3.331497350273902323e-26,-7.708063759070205892e-27,-1.566504972304290628e-27,-2.796492179141822171e-28,-4.385317727533909243e-29,-6.040895524999203932e-30,-7.310034224604236815e-31,-7.770676540111551895e-32,-7.256413851668009785e-33,-5.952655699288816539e-34,-4.289692807078596353e-35,-2.715621074503615425e-36,-1.510220232763445907e-37,-7.378021993302264984e-39,-3.166419426302814606e-40,-1.193784601916859909e-41,-3.953781642722475916e-43,-1.150346467505903327e-44,-2.940180474993941318e-46,-6.601592408382488989e-48,-1.302125517620050514e-49,-2.256245959897669243e-51,-3.434389112344585887e-53,-4.592424578413124925e-55,-5.394659665404873691e-57,-5.566927440654877744e-59,-5.046573055072310533e-61,-4.018898756013014844e-63,-2.811558121288271017e-65,-1.727891891004864008e-67,-9.328580608802197604e-70,-4.424294960009729516e-72,-1.843325706830209659e-74,-6.746671887047275540e-77,-2.169234996565852854e-79,-6.127073900097747255e-82,-1.520299448726526700e-84,-3.313863846573702127e-87,-6.345556093571617738e-90,-1.067417251694852115e-92,-1.577350658040913873e-95
2.476495826646744965e-177,3.149863325829662938e-173,3.519454241636857682e-169,3.454525794505236834e-165,2.978729457360444228e-161,2.256332943500922291e-157,1.501429041724190457e-153,8.776794772662726605e-150,4.507093611295271477e-146,2.033230973447573950e-142,8.057612153639158695e-139,2.805146225818420642e-135,8.578950348689480469e-132,2.304848092276599891e-128,5.439762810668844349e-125,1.127839039676158711e-121,2.054205021752890702e-118,3.286774832911906711e-115,4.619826037066634900e-112,5.704410809630816274e-109,6.187646128852281197e-106,5.896165217121338664e-103,4.935638250325912245e-100,3.629497468077914423e-97,2.344656209060198442e-94,1.330581075158053707e-91,6.633351394015835217e-89,2.905053622175065356e-86,1.117647322218370069e-83,3.777329586682579793e-81,1.121487490880038806e-78,2.925050856506431032e-76,6.701959717401605539e-74,1.348961535975506244e-71,2.385209993270118604e-69,3.704954571055673592e-67,5.055548050183702133e-65,6.060137913351726271e-63,6.381539001607744059e-61,5.903324248592514414e-59,4.797286073518449527e-57,3.424692792668238679e-55,2.147699816598302191e-53,1.183177696299968365e-51,5.725964141729453234e-50,2.434256922725218845e-48,9.090732714417466134e-47,2.982219996057324050e-45,8.593689678016940610e-44,2.175233166649767096e-42,4.836146654420040225e-41,9.443519410669555201e-40,1.619461997635386201e-38,2.438681995451170965e-37,3.224097590025049173e-36,3.741245025584721606e-35,3.809035452214153715e-34,3.400688244131538620e-33,2.660261633577593360e-32,1.821278647810229980e-31,1.089332648660385154e-30,5.676989633737815898e-30,2.567080466202778893e-29,1.000416226454360971e-28,3.320838530256802508e-28,9.181753514162018951e-28,2.010785833503590462e-27,2.980375218566290349e-27,3.777571808929776777e-28,-1.571252880911743713e-26,-6.532452697374806131e-26,-1.775462868635475692e-25,-3.789338411068665085e-25,-6.713397794446495063e-25,-1.011390720145830329e-24,-1.311932930092690663e-24,-1.475796695151254170e-24,-1.445982442852114216e-24,-1.237464873374925527e-24,-9.266839380050551694e-25,-6.079835255124855043e-25,-3.497636658555437093e-25,-1.765337190295246235e-25,-7.820260955525784030e-26,-3.041399348322644654e-26,-1.038642875927522826e-26,-3.114990199535376536e-27,-8.205112194554391930e-28,-1.898355339425082504e-28,-3.857935924684994350e-29,-6.887007642554833365e-30,-1.079974823467778886e-30,-1.487684444615714540e-31,-1.800224884622209652e-32,-1.913659565019174498e-33,-1.787009422485934833e-34,-1.465935384784034382e-35,-1.056403285195972392e-36,-6.687631911131689192e-38,-3.719145970131293134e-39,-1.816948883301225924e-40,-7.797781867073578624e-42,-2.939872715766217428e-43,-9.736775919486798660e-45,-2.832899160970071159e-46,-7.240630950176671914e-48,-1.625740067742964152e-49,-3.206677156136867769e-51,-5.556340085854693730e-53,-8.457692080041193232e-55,-1.130952587885150782e-56,-1.328514852390215235e-58,-1.370938336191803241e-60,-1.242793356742220178e-62,-9.897133376082077316e-65,-6.923878245618553857e-67,-4.255189664555117605e-69,-2.297301119431783172e-71,-1.089548151422313193e-73,-4.539462521340875767e-76,-1.661467859521786219e-78,-5.342062406593373760e-81,-1.508882679417041386e-83,-3.743962522508784932e-86,-8.160880447411855603e-89,-1.562687154536113255e-91,-2.628673047869530475e-94,-3.884459572992382161e-97
4.934437965835898827e-179,6.276128154513673994e-175,7.012541043700219873e-171,6.883170587600091558e-167,5.935142537326903644e-163,4.495761640318556751e-159,2.991609509955507132e-155,1.748783457555039100e-151,8.980420475979152665e-148,4.051229160242634357e-144,1.605485738916124145e-140,5.589276543833531533e-137,1.709362795808888233e-133,4.592428465612358747e-130,1.083877139625105986e-126,2.247228408012101627e-123,4.093020118455573715e-120,6.548925433126818824e-117,9.205040733106375669e-114,1.136608465487824198e-110,1.232893492404170451e-107,1.174815683644111078e-104,9.834299075979748774e-102,7.231802999494520968e-99,4.671746403220311670e-96,2.651193507506457624e-93,1.321700597025343262e-90,5.788342629164950310e-88,2.226921213785186755e-85,7.526359194681697499e-83,2.234572659133587067e-80,5.828186604869205844e-78,1.335370604342373977e-75,2.687815936332029792e-73,4.752548093122385448e-71,7.382147261959087754e-69,1.007321123564299979e-66,1.207485813575984376e-64,1.271524448109847604e-62,1.176239010747897096e-60,9.558595048429877871e-59,6.823691087075174146e-57,4.279276080314772596e-55,2.357465000023114083e-53,1.140884907256671812e-51,4.850166717645762585e-50,1.811277169911821963e-48,5.941822232510604465e-47,1.712186206787642289e-45,4.333759140356792577e-44,9.634755827996189910e-43,1.881264187464030536e-41,3.225896157608562655e-40,4.857164210978810827e-39,6.420386595157221000e-38,7.448382002748942715e-37,7.580649521268250478e-36,6.764492181030545510e-35,5.287727624543267445e-34,3.616165546605210725e-33,2.159409260651727052e-32,1.122661407688821620e-31,5.057945680953726509e-31,1.959713340936957005e-30,6.442502305805759074e-30,1.750102880006862873e-29,3.689006210860120287e-29,4.822667157971786769e-29,-2.691782484199068060e-29,-4.064858687172741173e-28,-1.524141124814985003e-27,-4.003380675437272245e-27,-8.406596028669930261e-27,-1.475952793786379680e-26,-2.211432417418019287e-26,-2.858617190331809017e-26,-3.208336912614658277e-26,-3.138722023329472340e-26,-2.683318394484447755e-26,-2.007993385589311402e-26,-1.316769019813985172e-26,-7.572600861649885873e-27,-3.821163693955422867e-27,-1.692458131902014593e-27,-6.581432677616897074e-28,-2.247390615005516666e-28,-6.739765464455848337e-29,-1.775234392786715075e-29,-4.107114984832676537e-30,-8.346532651064980880e-31,-1.489964327572957303e-31,-2.336441409698840809e-32,-3.218468467824122863e-33,-3.894603233806510902e-34,-4.139994432279745762e-35,-3.865992007251973624e-36,-3.171379837838111877e-37,-2.285402524341306871e-38,-1.446788306833782612e-39,-8.045918352029446938e-41,-3.930745668783530121e-42,-1.686953859147647882e-43,-6.360050592597012872e-45,-2.106430636331496657e-46,-6.128625223570494523e-48,-1.566420411869325455e-49,-3.517086194295154125e-51,-6.937246509846576753e-53,-1.202044925871892628e-54,-1.829716241329652712e-56,-2.446674904936739106e-58,-2.874076209052572501e-60,-2.965854110612136346e-62,-2.688628419849359293e-64,-2.141121358511677075e-66,-1.497894693962609055e-68,-9.205572060094339804e-71,-4.969924409411790965e-73,-2.357101515311238342e-75,-9.820560908022372425e-78,-3.594378459931228485e-80,-1.155688563693115593e-82,-3.264279455354940946e-85,-8.099595885970741682e-88,-1.765504683760146770e-90,-3.380678724836429842e-93,-5.686806230781254092e-96,-8.403543727237020119e-99
8.637086921713766518e-181,1.098553974689687664e-176,1.227453399064121321e-172,1.204808796329122913e-168,1.038868911559104820e-164,7.869241509386060470e-161,5.236420348520548717e-157,3.061016236155772753e-153,1.571904901395961586e-149,7.091145665813359954e-146,2.810192360989132792e-142,9.783296024122315240e-139,2.992015534020821978e-135,8.038444115307434249e-132,1.897184872662237296e-128,3.933478790665698030e-125,7.164295255685126444e-122,1.146303561597719343e-118,1.611221730913787796e-115,1.989484143510176410e-112,2.158018460944417905e-109,2.056360866209552814e-106,1.721365147552429402e-103,1.265832318676204734e-100,8.177279660733162440e-98,4.640566663610544291e-95,2.313463601020746148e-92,1.013173471655656443e-89,3.897933490665009456e-87,1.317390425580486669e-84,3.911326111479756874e-82,1.020147509015974019e-79,2.337390669471562253e-77,4.704667927693263301e-75,8.318708526579042128e-73,1.292147232243333759e-70,1.763181862919534203e-68,2.113542677370709453e-66,2.225632408146417958e-64,2.058846292441575874e-62,1.673099892091236415e-60,1.194390657010848551e-58,7.490248860535340405e-57,4.126383839432276546e-55,1.996935139344702338e-53,8.489372303143104089e-52,3.170291775874761848e-50,1.039985797708972117e-48,2.996742008019269168e-47,7.584897149313717037e-46,1.686189622480540193e-44,3.292213300532090141e-43,5.644807549963017049e-42,8.498162590443396215e-41,1.123110104771038990e-39,1.302586355256169547e-38,1.325204882091775939e-37,1.181867895026603521e-36,9.231024222805480644e-36,6.305398730231267548e-35,3.758677433643791939e-34,1.948949250872368339e-33,8.744976589129009458e-33,3.366319741339444681e-32,1.094551259163272462e-31,2.912487314266299442e-31,5.853720595072783523e-31,6.320987003441426316e-31,-1.125772328721763244e-30,-8.890279573836000493e-30,-3.090749024295624215e-29,-7.892550213273548170e-29,-1.634203461009874717e-28,-2.846302549256008768e-28,-4.243748756143205753e-28,-5.468452453696503267e-28,-6.124719644858201479e-28,-5.983464565577734343e-28,-5.110453072200633972e-28,-3.821784894353870394e-28,-2.505059423852827857e-28,-1.440183976870189657e-28,-7.265648044155117520e-29,-3.217592583331206622e-29,-1.251087891429469511e-29,-4.271830527683470256e-30,-1.281025982238008797e-30,-3.374063698767369082e-31,-7.805910110527128725e-32,-1.586299426538030002e-32,-2.831715498142273089e-33,-4.440428884019517437e-34,-6.116692937848467635e-35,-7.401654684886240958e-36,-7.867995141654013838e-37,-7.347242716488571048e-38,-6.027137133544615150e-39,-4.343352515602578490e-40,-2.749584440473389362e-41,-1.529105601944096622e-42,-7.470276101217784059e-44,-3.206009529091709468e-45,-1.208709963736304679e-46,-4.003212492941727514e-48,-1.164727981987848475e-49,-2.976937753227040785e-51,-6.684122712301922119e-53,-1.318404016592853719e-54,-2.284452231811079140e-56,-3.477323686975738995e-58,-4.649836038595808751e-60,-5.462100018904310505e-62,-5.636521281617877666e-64,-5.109661733756597087e-66,-4.069140148533106163e-68,-2.846706191323196949e-70,-1.749492741659935972e-72,-9.445199730385460855e-75,-4.479604265703045173e-77,-1.866369616769958027e-79,-6.831013839032763831e-82,-2.196353182814142375e-84,-6.203670085222449576e-87,-1.539305117186395099e-89,-3.355291340719977148e-92,-6.424883578631396666e-95,-1.080761318649628959e-97,-1.597069538015517530e-100
1.328086587223807257e-182,1.689197772755023558e-178,1.887400706407585163e-174,1.852581104102144711e-170,1.597422695659945673e-166,1.210018400280629386e-162,8.051811557329074337e-159,4.706789040372702163e-155,2.417048519671720137e-151,1.090374049903042471e-147,4.321108280626588421e-144,1.504334082133293722e-140,4.600689717176434174e-137,1.236035934963630415e-133,2.917217118079158971e-130,6.048336050455241898e-127,1.101621937378576774e-123,1.762620194767268722e-120,2.477504262248254826e-117,3.059141610996039991e-114,3.318289359446907762e-111,3.161974975985272332e-108,2.646866899083923408e-105,1.946414250640608312e-102,1.257384043530350703e-99,7.135593597182724589e-97,3.557310368863708997e-94,1.557911889391235885e-91,5.993679253459282216e-89,2.025692709565999333e-86,6.014272106728902481e-84,1.568635343327031663e-81,3.594101147677551599e-79,7.234156770500535254e-77,1.279130282156284469e-74,1.986876059657356541e-72,2.711163726500109318e-70,3.249895956066202560e-68,3.422248854907539322e-66,3.165786820045704132e-64,2.572640069691174209e-62,1.836549852285315142e-60,1.151731853584808012e-58,6.344874693153073585e-57,3.070541320921249012e-55,1.305338297996807490e-53,4.874631023295346884e-52,1.599052754670158481e-50,4.607597564346514643e-49,1.166165769341913836e-47,2.592364854133787212e-46,5.061133397592088912e-45,8.676930833820921656e-44,1.306112637941209243e-42,1.725797301224921469e-41,2.001000545653354917e-40,2.034889917945672124e-39,1.813686714658680234e-38,1.415331734828736154e-37,9.655088029163903765e-37,5.744349230458067298e-36,2.969896287236167877e-35,1.326596368303666509e-34,5.069555884091990698e-34,1.627741339673948405e-33,4.226575416929560278e-33,7.993618065636493334e-33,6.179357854822502982e-33,-2.823934614678231657e-32,-1.663404460787025263e-31,-5.458612963960620292e-31,-1.361380957185371585e-30,-2.784537807746154001e-30,-4.815450239603921056e-30,-7.148031013779769963e-30,-9.184618182242365848e-30,-1.026740470548656960e-29,-1.001780882169464309e-29,-8.548722871391636917e-30,-6.389223954171338199e-30,-4.186202678729599834e-30,-2.405999776051950473e-30,-1.213571337505226859e-30,-5.373554293204081251e-31,-2.089182146812193335e-31,-7.133014515027476689e-32,-2.138929648043353603e-32,-5.633489541560326607e-33,-1.303280004767445801e-33,-2.648453438463621887e-34,-4.727721550086954345e-35,-7.413508033070283891e-36,-1.021205452113505860e-36,-1.235729994488224798e-37,-1.313583481884242155e-38,-1.226640111416411525e-39,-1.006243931387405272e-40,-7.251316793402690212e-42,-4.590485084198114040e-43,-2.552870601243014531e-44,-1.247176269942496442e-45,-5.352490412749490878e-47,-2.017962651936369389e-48,-6.683433301946691428e-50,-1.944533598158598310e-51,-4.970049027496453869e-53,-1.115925797211681311e-54,-2.201098152236716562e-56,-3.813932172446138334e-58,-5.805451447367283941e-60,-7.762980829763113820e-62,-9.119069386962138912e-64,-9.410268626942696624e-66,-8.530667580077055114e-68,-6.793498998349461027e-70,-4.752624614711587531e-72,-2.920808014531982502e-74,-1.576892226780184203e-76,-7.478775826543236718e-79,-3.115935948895877155e-81,-1.140449426089092153e-83,-3.666849146287622977e-86,-1.035713314738130240e-88,-2.569896179644416966e-91,-5.601716190847165094e-94,-1.072645285029288976e-96,-1.804349477262856010e-99,-2.666334866251945381e-102
1.793969250136005097e-184,2.281755490093155511e-180,2.549486503773403367e-176,2.502452450084884141e-172,2.157786414699372137e-168,1.634483642145247597e-164,1.087632574590343207e-160,6.357894798615938619e-157,3.264930737105094819e-153,1.472868964531018145e-149,5.836920164482788505e-146,2.032043024028439891e-142,6.214576639542516532e-139,1.669627929408143043e-135,3.940554670023529770e-132,8.170046280480002416e-129,1.488062524043477515e-125,2.380933935617844297e-122,3.346593887796144701e-119,4.132265185189911644e-116,4.482319984603805151e-113,4.271171699383309585e-110,3.575367626486379959e-107,2.629201520694849425e-104,1.698464765359698551e-101,9.638705281875532730e-99,4.805187604769515393e-96,2.104415420409247842e-93,8.096215761238949962e-91,2.736290028176187861e-88,8.124031863991069447e-86,2.118900266023401451e-83,4.854883114547926641e-81,9.771839998933999345e-79,1.727838463501527869e-76,2.683854871776020066e-74,3.662215063102554666e-72,4.389927419245497839e-70,4.622736715969114687e-68,4.276306210610326435e-66,3.475085746874044839e-64,2.480780338099547530e-62,1.555735180472116138e-60,8.570486832287811331e-59,4.147579706224103588e-57,1.763189897556754677e-55,6.584341424754089348e-54,2.159860209166063596e-52,6.223379951366228544e-51,1.575056801153752662e-49,3.501139203342022670e-48,6.834843385054986151e-47,1.171656742242753852e-45,1.763389179679457107e-44,2.329493525478420044e-43,2.700107498490300694e-42,2.744579507539346755e-41,2.444606206502862545e-40,1.905832609528826281e-39,1.298270271421453818e-38,7.707794152310138352e-38,3.972236583519971431e-37,1.765439710536638174e-36,6.691450388594896117e-36,2.117633608039709950e-35,5.339888612824548721e-35,9.320252551173169663e-35,3.154950781419791923e-35,-5.417405681951049125e-34,-2.681601841181013761e-33,-8.409047335880719029e-33,-2.055679287483322692e-32,-4.159809139706160874e-32,-7.148255292699527961e-32,-1.056863894916825422e-31,-1.354464767955458332e-31,-1.511531924773955758e-31,-1.473065673378140972e-31,-1.256041222163891955e-31,-9.382360097889623961e-32,-6.144961127942637556e-32,-3.530854969991141643e-32,-1.780614409849357901e-32,-7.883347278558572959e-33,-3.064690097427403431e-33,-1.046300194375763099e-33,-3.137334275426243113e-34,-8.262825380092255650e-35,-1.911523226087327264e-35,-3.884433868120434032e-36,-6.933982870735200892e-37,-1.087305235953623063e-37,-1.497747603224786571e-38,-1.812372868890381257e-39,-1.926551230487302188e-40,-1.799033663900416278e-41,-1.475791054532184030e-42,-1.063501504342004969e-43,-6.732549445745560533e-45,-3.744118557825339658e-46,-1.829146551549563090e-47,-7.850123211598822690e-49,-2.959604216836618634e-50,-9.802121655858873974e-52,-2.851910493104101169e-53,-7.289220558979105111e-55,-1.636649646869394216e-56,-3.228195312450766597e-58,-5.593625047130836798e-60,-8.514445663527859395e-62,-1.138541567720499589e-63,-1.337429490596668398e-65,-1.380137620600148477e-67,-1.251132745506919338e-69,-9.963545006293374452e-72,-6.970338730222965624e-74,-4.283742743901754686e-76,-2.312716411436697056e-78,-1.096859207602450685e-80,-4.569923091686665422e-83,-1.672616591441298290e-85,-5.377908550002892569e-88,-1.519007536946796635e-90,-3.769085141800707056e-93,-8.215641328075042090e-96,-1.573173047951307031e-98,-2.646311885444381447e-101,-3.910524948697045419e-104
2.128791376860621546e-186,2.707616873053783421e-182,3.025316562268693633e-178,2.969504185374141601e-174,2.560510506143415675e-170,1.939539756714663597e-166,1.290625714876797896e-162,7.544517065027924000e-159,3.874289594594263013e-155,1.747761702413094055e-151,6.926308971700669526e-148,2.411298669656283333e-144,7.374450346345925241e-141,1.981243288994399513e-137,4.676010359103904196e-134,9.694884155404346043e-131,1.765790949895495080e-127,2.825305742259416937e-124,3.971194152426421071e-121,4.903501253990685562e-118,5.318889435434234461e-115,5.068332931686887096e-112,4.242665646220517488e-109,3.119909361380202891e-106,2.015462128765287644e-103,1.143764988103908487e-100,5.702016115694596567e-98,2.497178350950722235e-95,9.607273396759349291e-93,3.246984313664595055e-90,9.640280300272935107e-88,2.514366208515668390e-85,5.760985137959454136e-83,1.159562781844399605e-80,2.050316832656068415e-78,3.184760309852784597e-76,4.345716632781305307e-74,5.209243567407766506e-72,5.485499084000065482e-70,5.074407055701565643e-68,4.123645695355382305e-66,2.943765057249052180e-64,1.846073980134137416e-62,1.016990531840386403e-60,4.921565660141426211e-59,2.092201555202038752e-57,7.812875355052809401e-56,2.562806334773875811e-54,7.384216728300965823e-53,1.868775495610297753e-51,4.153800737558976993e-50,8.108295688925510179e-49,1.389795375394256856e-47,2.091347157097722663e-46,2.762073921456129403e-45,3.200404475938958082e-44,3.251494635220058222e-43,2.894022845417873896e-42,2.253819368605142195e-41,1.532933980694098493e-40,9.079839662491145325e-40,4.662743618421960465e-39,2.060773278553938877e-38,7.738734851120442487e-38,2.408365619673413994e-37,5.860659414499755549e-37,9.156198847968768113e-37,-2.945678041750502271e-37,-8.493613365219990377e-36,-3.742140213183151917e-35,-1.131274917232239912e-34,-2.718588799026040132e-34,-5.449582305353640745e-34,-9.311577696786055168e-34,-1.371762280091834655e-33,-1.753895906420054339e-33,-1.954199065314336919e-33,-1.902432350371779011e-33,-1.620962694778541472e-33,-1.210213658086591161e-33,-7.923505150154682327e-34,-4.551690170323267958e-34,-2.295035155591693613e-34,-1.015965557417264781e-34,-3.949291693173967052e-35,-1.348230158087173567e-35,-4.042510145453433446e-36,-1.064649692986575293e-36,-2.462913916623257592e-37,-5.004854298160610128e-38,-8.933925215953757160e-39,-1.400903174807845802e-39,-1.929715296604322679e-40,-2.335074471030695892e-41,-2.482177021070349100e-42,-2.317879116872305357e-43,-1.901410463084059998e-44,-1.370215177989172894e-45,-8.674210934791776597e-47,-4.823917290051546554e-48,-2.356669312757672647e-49,-1.011408352510941740e-50,-3.813147833969724677e-52,-1.262903171833207573e-53,-3.674394893917604786e-55,-9.391414514574780485e-57,-2.108655464801973307e-58,-4.159198977270154913e-60,-7.206812774864402966e-62,-1.096999076659457654e-63,-1.466894133204033872e-65,-1.723140830891219965e-67,-1.778165872871670387e-69,-1.611956308963660280e-71,-1.283700651372906648e-73,-8.980567008381645435e-76,-5.519163445755179157e-78,-2.979698042956267490e-80,-1.413190660437236560e-82,-5.887877482705403700e-85,-2.154995033020161817e-87,-6.928883924077427629e-90,-1.957085510911376868e-92,-4.856079868243018742e-95,-1.058501173494194037e-97,-2.026872219478069620e-100,-3.409501613019838998e-103,-5.038310560989355591e-106
2.219119622448175031e-188,2.822505670761031465e-184,3.153685899143266590e-180,3.095505307983208365e-176,2.669157330007222261e-172,2.021837733538491322e-168,1.345389163153439414e-164,7.864643779666644530e-161,4.038682303659809497e-157,1.821922209483703265e-153,7.220204062937287475e-150,2.513614180625995313e-146,7.687360838673383564e-143,2.065310817037294390e-139,4.874421444025626439e-136,1.010625460265298633e-132,1.840716466836761051e-129,2.945188274708516477e-126,4.139698678142327135e-123,5.111565151709308377e-120,5.544578952655526769e-117,5.283390900465798459e-114,4.422689138448097479e-111,3.252292389171113264e-108,2.100981581760080406e-105,1.192296853494039208e-102,5.943962147415668370e-100,2.603137740625370387e-97,1.001492559151567831e-94,3.384759011044415719e-92,1.004933220787259053e-89,2.621054449927509857e-87,6.005431584459650616e-85,1.208764439803845949e-82,2.137313836895610435e-80,3.319891935077682909e-78,4.530106588074127920e-76,5.430270012269889845e-74,5.718242144990676149e-72,5.289701617306580013e-70,4.298594406199665176e-68,3.068648915210660018e-66,1.924383532203167014e-64,1.060125441708113915e-62,5.130273393686226671e-61,2.180902662692992043e-59,8.143990801719954455e-58,2.671363807692909109e-56,7.696772030190980414e-55,1.947792240457939366e-53,4.329167694284372193e-52,8.449869749619849474e-51,1.448159450340409478e-49,2.178777332554428505e-48,2.876793935365837584e-47,3.332078015057631912e-46,3.383432287826280339e-45,3.009080826158048274e-44,2.340722682978065922e-43,1.589329180816825327e-42,9.389825141451878546e-42,4.803025227416882218e-41,2.109547865576920215e-40,7.838935845416341499e-40,2.392283138815645221e-39,5.570754484532226279e-39,7.390210934912342186e-39,-1.064196933858372555e-38,-1.119136233737494338e-37,-4.534805032821668093e-37,-1.330291457128261680e-36,-3.149996808513384204e-36,-6.261892312536736444e-36,-1.064518101445337869e-35,-1.563125283719158574e-35,-1.994284243158777223e-35,-2.218843157497492282e-35,-2.157951747572575729e-35,-1.837442641270165936e-35,-1.371202196286190309e-35,-8.974645315759646646e-36,-5.154371310686749973e-36,-2.598512750844240740e-36,-1.150184288587701881e-36,-4.470692612662570566e-37,-1.526148155177196246e-37,-4.575807525714111015e-38,-1.205069679902328454e-38,-2.787705081114224143e-39,-5.664786627011638399e-40,-1.011184957398361922e-40,-1.585600334252021304e-41,-2.184122412355096851e-42,-2.642914791431610944e-43,-2.809404412055886068e-44,-2.623443111180774152e-45,-2.152069534182184402e-46,-1.550846736029275340e-47,-9.817702458259762905e-49,-5.459835858397131430e-50,-2.667339356543034090e-51,-1.144737966951070412e-52,-4.315818196011371992e-54,-1.429385973256564348e-55,-4.158773473694995425e-57,-1.062944105767360626e-58,-2.386629648867927237e-60,-4.707486623307566241e-62,-8.156852903480192490e-64,-1.241611277336554792e-65,-1.660267838484473968e-67,-1.950294315100426736e-69,-2.012573040600699887e-71,-1.824452854397601854e-73,-1.452924809860473651e-75,-1.016443248197918157e-77,-6.246728531004558609e-80,-3.372497471960565681e-82,-1.599484866963878201e-84,-6.664048378719664001e-87,-2.439077782331578069e-89,-7.842285747447621925e-92,-2.215078788369381876e-94,-5.496233787479371331e-97,-1.198038350155820040e-99,-2.294065146574435471e-102,-3.858959998699000124e-105,-5.702487085304694005e-108
2.032159672243696942e-190,2.584710684709472286e-186,2.887989109873304703e-182,2.834710210490193184e-178,2.444281880966880851e-174,1.851498704385312623e-170,1.232040658420595238e-166,7.202050652538059992e-163,3.698424917233068036e-159,1.668425984018372004e-155,6.611904726402129448e-152,2.301843179968672717e-148,7.039703727547766211e-145,1.891309197085118842e-141,4.463753363376547145e-138,9.254806643346992493e-135,1.685636830813628515e-131,2.697057323318419492e-128,3.790930693318548925e-125,4.680917794072154284e-122,5.077450344800912797e-119,4.838267273682453841e-116,4.050079287930018771e-113,2.978287999637812489e-110,1.923974675485831645e-107,1.091846283464057222e-104,5.443185461187457241e-102,2.383824273761378576e-99,9.171171291004468639e-97,3.099594025784172433e-94,9.202678341955999380e-92,2.400231051667605221e-89,5.499474391121624652e-87,1.106925950462508925e-84,1.957244567235791120e-82,3.040189189684103454e-80,4.148440729297298583e-78,4.972761336767532633e-76,5.236466585810660217e-74,4.844025293447346869e-72,3.936415066203216469e-70,2.810091492218362376e-68,1.762232597129642480e-66,9.707926627418121585e-65,4.697927907965482297e-63,1.997088333121091156e-61,7.457466908362510653e-60,2.446116765145867156e-58,7.047556837008754367e-57,1.783414524392819457e-55,3.963556209115337429e-54,7.735510978950416898e-53,1.325548752134513546e-51,1.993914444600916938e-50,2.631959877020021425e-49,3.047250278088384412e-48,3.092385133226539226e-47,2.747870888688145752e-46,2.134837573624094762e-45,1.446828498707961319e-44,8.523879112930636796e-44,4.341134961633514391e-43,1.893372920459505841e-42,6.951646911009844237e-42,2.073137169746545160e-41,4.565918403121486573e-41,4.625410430428868421e-41,-1.727338400739131629e-40,-1.257247627198734156e-39,-4.783003402558846367e-39,-1.368365803067321747e-38,-3.198856778761288634e-38,-6.312081792704057790e-38,-1.068145810997256594e-37,-1.563827786563372147e-37,-1.991284862202844064e-37,-2.212591206845019233e-37,-2.149941355248073018e-37,-1.829493780138001863e-37,-1.364688984273343212e-37,-8.929378215026471980e-38,-5.127320304540708076e-38,-2.584505640456449590e-38,-1.143870188714479618e-38,-4.445840531935080357e-39,-1.517590656910992158e-39,-4.549995178590705634e-40,-1.198243359024331190e-40,-2.771867616959226249e-41,-5.632538520496510274e-42,-1.005420387842260498e-42,-1.576552179181733877e-43,-2.171650191686737686e-44,-2.627815379663739774e-45,-2.793348388776959394e-46,-2.608446329342595238e-47,-2.139765301421895094e-48,-1.541978906312118122e-49,-9.761559737031010079e-51,-5.428611915120889620e-52,-2.652084658305720862e-53,-1.138190950150584895e-54,-4.291134572266535511e-56,-1.421210720795233099e-57,-4.134987494434918148e-59,-1.056864588783421333e-60,-2.372979238984615306e-62,-4.680561905321816420e-64,-8.110199247371739708e-66,-1.234509788795478943e-67,-1.650771801902275128e-69,-1.939139439902069969e-71,-2.001061950655103864e-73,-1.814017730574053597e-75,-1.444614672228180599e-77,-1.010629606088029484e-79,-6.210999778985669350e-82,-3.353208153365276943e-84,-1.590336461248230885e-86,-6.625932718954645620e-89,-2.425127244085095612e-91,-7.797431044398735865e-94,-2.202409433286555220e-96,-5.464797552083105483e-99,-1.191186055052305524e-101,-2.280944021152319470e-104,-3.836888307142004035e-107,-5.669871163808598664e-110
1.634799315721765632e-192,2.079306718073307650e-188,2.323283295647478571e-184,2.280422338676344738e-180,1.966336799692001744e-176,1.489464069319009664e-172,9.911323666019567896e-169,5.793790536652553977e-165,2.975249733624652467e-161,1.342188654753509504e-157,5.319039378850658820e-154,1.851749990970131548e-150,5.663188277189898876e-147,1.521490177230152537e-143,3.590928921170014645e-140,7.445158843055169281e-137,1.356034159972878609e-133,2.169685541377383670e-130,3.049667293360228807e-127,3.765629877837743421e-124,4.084626035380192056e-121,3.892211855386986668e-118,3.258142983155802713e-115,2.395925465350346878e-112,1.547768345288025856e-109,8.783510099745945036e-107,4.378846596498068812e-104,1.917700706533861650e-101,7.377876535984294100e-99,2.493511504572651691e-96,7.403222106868149279e-94,1.930898970799791637e-91,4.424127502446562670e-89,8.904815949377600204e-87,1.574531565804778542e-84,2.445720018902108482e-82,3.337265867753331103e-80,4.000398280866392570e-78,4.212534993587471823e-76,3.896825613648161731e-74,3.166682876690250116e-72,2.260595659353846591e-70,1.417633147690774361e-68,7.809523579521620537e-67,3.779207370873113623e-65,1.606520925323636562e-63,5.998917931121330922e-62,1.967650699376164101e-60,5.668837462856076215e-59,1.434450859512400010e-57,3.187768963059717654e-56,6.220790967709931386e-55,1.065828840275831591e-53,1.602895383692600284e-52,2.115163668237192072e-51,2.447820730756181714e-50,2.482476794460378972e-49,2.203841093665386564e-48,1.709818309498732083e-47,1.156409491806174490e-46,6.791770083091240259e-46,3.442292882350137836e-45,1.489569359496215911e-44,5.394197242703023944e-44,1.565049005434893697e-43,3.205382246191800864e-43,1.849889262441068817e-43,-2.047114923833485397e-42,-1.214398811086998981e-41,-4.398249782364238042e-41,-1.231950421664479024e-40,-2.847843487627768841e-40,-5.582479995936680846e-40,-9.407891095831692874e-40,-1.373683837108414991e-39,-1.746052327736006164e-39,-1.937769170659134685e-39,-1.881352838474958001e-39,-1.600032458558316079e-39,-1.193058055080276170e-39,-7.804249877456837155e-40,-4.480416149847131904e-40,-2.258126275282885892e-40,-9.993269584379519521e-41,-3.883800391562741033e-41,-1.325678507985185749e-41,-3.974485493716920762e-42,-1.046659716435567827e-42,-2.421175779490342353e-43,-4.919866987970350830e-44,-8.782003990684727585e-45,-1.377057325459522846e-45,-1.896845472657823635e-46,-2.295280782065905117e-47,-2.439862194300366511e-48,-2.278355840840488683e-49,-1.868983252029743993e-50,-1.346844433688964598e-51,-8.526249424817515999e-53,-4.741628038392488987e-54,-2.316466259983721830e-55,-9.941539907427748440e-57,-3.748095274983002927e-58,-1.241357667885027215e-59,-3.611708031844508401e-61,-9.231191617948588664e-63,-2.072680431828260035e-64,-4.088240109786197854e-66,-7.083859189096278300e-68,-1.078283426974548262e-69,-1.441867761115417000e-71,-1.693742665088444056e-73,-1.747828919272391655e-75,-1.584455015075503514e-77,-1.261799661858013988e-79,-8.827351116429725125e-82,-5.425001945832107900e-84,-2.928861921646578786e-86,-1.389080453509079505e-88,-5.787425395990574858e-91,-2.118229024339902301e-93,-6.810671395455541120e-96,-1.923696002150829841e-98,-4.773231100461393739e-101,-1.040442261583853114e-103,-1.992292090545096912e-106,-3.351332674361312531e-109,-4.952352784172365233e-112
1.155315418974061756e-194,1.469449545922505484e-190,1.641868202586489931e-186,1.611578292384812351e-182,1.389613515065989431e-178,1.052606756501868150e-174,7.004349061859776843e-171,4.094481491757784541e-167,2.102613977900647946e-163,9.485269738787658446e-160,3.758974051710269894e-156,1.308634824834213976e-152,4.002184654800966329e-149,1.075239660211152049e-145,2.537715491063893164e-142,5.261506239399647763e-139,9.583116144305633849e-136,1.533320408959212102e-132,2.155204986302530986e-129,2.661176941212438290e-126,2.886612054995170224e-123,2.750632625174931575e-120,2.302535084992189067e-117,1.693204517302308255e-114,1.093810459854515117e-111,6.207321109315986374e-109,3.094538083589551944e-106,1.355242211197174517e-103,5.213957201207977605e-101,1.762168510250305031e-98,5.231868408039152229e-96,1.364569141266638553e-93,3.126537015424939998e-91,6.293044593419256557e-89,1.112723144283305450e-86,1.728392320221813630e-84,2.358447251510518718e-82,2.827081088503891093e-80,2.976994876742922033e-78,2.753879087088817761e-76,2.237883706911015025e-74,1.597550012585286875e-72,1.001828721979221522e-70,5.518885258630178939e-69,2.670690436291076621e-67,1.135281342118278486e-65,4.239180038849187105e-64,1.390417594422530769e-62,4.005664109327944791e-61,1.013543189079420146e-59,2.252211346118090420e-58,4.394594320224880339e-57,7.528183358698091395e-56,1.131896413616277037e-54,1.493137456654212252e-53,1.727130191626768750e-52,1.750353102906939930e-51,1.552300271090647651e-50,1.202514006841939263e-49,8.114725638898819284e-49,4.749585953284698982e-48,2.394313559357925265e-47,1.026914297075604029e-46,3.660044888656843864e-46,1.027208871993072865e-45,1.906353895860516374e-45,-1.283740640874866024e-46,-1.951228014570392559e-44,-1.013971598899867988e-43,-3.530648460376697823e-43,-9.712529742128957478e-43,-2.223184305428104296e-42,-4.332358634168769969e-42,-7.273958394296021747e-42,-1.059516305746246986e-41,-1.344533829326320745e-41,-1.490520129897795601e-41,-1.446033908311903201e-41,-1.229168231892993573e-41,-9.161949622973809954e-42,-5.991685631403766698e-42,-3.439226045257323433e-42,-1.733157290339862146e-42,-7.669386898319596156e-43,-2.980466957825437930e-43,-1.017296891365742834e-43,-3.049845940995721649e-44,-8.031446039136559006e-45,-1.857840557420095757e-45,-3.775123834641589105e-46,-6.738581404869902732e-47,-1.056634475444737782e-47,-1.455469957724327807e-48,-1.761189510368153473e-49,-1.872125037242924968e-50,-1.748197953598864062e-51,-1.434082421506925124e-52,-1.033441490243470066e-53,-6.542237703437173491e-55,-3.638276060259976711e-56,-1.777436366303177322e-57,-7.628193204193977926e-59,-2.875931945221389800e-60,-9.524997831432993261e-62,-2.771281031332682984e-63,-7.083137721765829588e-65,-1.590377627012829614e-66,-3.136926176255516305e-68,-5.435478953431049683e-70,-8.273720116874899075e-72,-1.106351997814200533e-73,-1.299616805884013146e-75,-1.341117442513736055e-77,-1.215759866557047825e-79,-9.681848786732882878e-82,-6.773268467464150682e-84,-4.162629775079966724e-86,-2.247329670748442233e-88,-1.065848032707615011e-90,-4.440719006474390626e-93,-1.625327195326085678e-95,-5.225860522677704181e-98,-1.476061082793382712e-100,-3.662522902957021025e-103,-7.983362908509586418e-106,-1.528695187175324987e-108,-2.571493484384913654e-111,-3.799963821599326755e-114
7.172427969332183043e-197,9.122635125942187557e-193,1.019304444892244157e-188,1.000499866021412300e-184,8.626997163005395092e-181,6.534792158804368185e-177,4.348439247958731230e-173,2.541935569063665646e-169,1.305344588577953881e-165,5.888644161223868089e-162,2.333645875152363722e-158,8.124265341590760646e-155,2.484635855710427439e-151,6.675301724588257414e-148,1.575464263191046774e-144,3.266447746925045740e-141,5.949389148225720458e-138,9.519158130384476854e-135,1.337994128902796829e-131,1.652111581618992079e-128,1.792066181275367769e-125,1.707647441891663189e-122,1.429459571105359132e-119,1.051175031200554722e-116,6.790592769450005569e-114,3.853628294535064638e-111,1.921150705126891914e-108,8.413612628482568677e-106,3.236928008258059351e-103,1.093989098602871913e-100,3.248047270641652220e-98,8.471514007165341593e-96,1.941015496473071278e-93,3.906844737027507133e-91,6.908000219020819326e-89,1.073018909441378084e-86,1.464168186898559395e-84,1.755103406601416100e-82,1.848170454024373793e-80,1.709653413371914954e-78,1.389311676777497952e-76,9.917795523137823753e-75,6.219450898058198914e-73,3.426154121736050971e-71,1.657962649750427018e-69,7.047717488735096541e-68,2.631588460217065312e-66,8.631150143413183555e-65,2.486450290035016572e-63,6.291026440585899092e-62,1.397819695730778533e-60,2.727139999368381201e-59,4.670918130864011653e-58,7.021157350907733768e-57,9.258557220826349091e-56,1.070383915767991517e-54,1.083946059594521456e-53,9.602221481458410384e-53,7.426233121238242165e-52,4.998930646594838611e-51,2.914820385137307321e-50,1.460580218584092507e-49,6.201604573499515772e-49,2.169742615925789601e-48,5.845865586212368449e-48,9.415862329476490248e-48,-1.047438413587535542e-47,-1.551442714820224145e-46,-7.344809483421226269e-46,-2.476617611564583832e-45,-6.708046862601979131e-45,-1.522159455151611995e-44,-2.950616946301520324e-44,-4.937364624498803997e-44,-7.175790860141309062e-44,-9.092613016932947073e-44,-1.006969900860396699e-43,-9.762400416368204689e-44,-8.294346584870490310e-44,-6.180379652310629202e-44,-4.040885134319613660e-44,-2.319096118582531149e-44,-1.168550755679009064e-44,-5.170546570981214954e-45,-2.009261751377459917e-45,-6.857778167087652287e-46,-2.055900497484606904e-46,-5.413895613149972466e-47,-1.252330441310105163e-47,-2.544706858920652495e-48,-4.542263056806399450e-49,-7.122404787572690757e-50,-9.810785341600135047e-51,-1.187150214530382622e-51,-1.261925676999157647e-52,-1.178390064440435158e-53,-9.666566754093176634e-55,-6.966005448140273062e-56,-4.409852647907657730e-57,-2.452411234002271093e-58,-1.198096039203740793e-59,-5.141847607445161201e-61,-1.938545879647872941e-62,-6.420403725741427506e-64,-1.868004866365405940e-65,-4.774447336745856513e-67,-1.072007119702057817e-68,-2.114470858251724251e-70,-3.663829202467371208e-72,-5.576968914953770995e-74,-7.457456359272321270e-76,-8.760173614729510612e-78,-9.039912035848642809e-80,-8.194929007139623042e-82,-6.526129505748959019e-84,-4.565577105432924181e-86,-2.805854703632443987e-88,-1.514830975950834619e-90,-7.184435982650864583e-93,-2.993303025716668963e-95,-1.095565110914698655e-97,-3.522534095938516194e-100,-9.949510647880373156e-103,-2.468753566103870336e-105,-5.381251167961927853e-108,-1.030429513918737567e-110,-1.733336248681902758e-113,-2.561396743012926218e-116
3.911662035244425356e-199,4.975256027112953750e-195,5.559030381995089041e-191,5.456474932724289052e-187,4.704947533026152239e-183,3.563911482196603802e-179,2.371529528194810928e-175,1.386307803084819417e-171,7.119021468652270669e-168,3.211518595943760809e-164,1.272711836337843471e-160,4.430770225697200389e-157,1.355057978416374088e-153,3.640541867709806685e-150,8.592186310816255991e-147,1.781438542419903278e-143,3.244647381028647177e-140,5.191509700620505810e-137,7.297083836086708746e-134,9.010201494922874257e-131,9.773478699761729579e-128,9.313080078030214137e-125,7.795913296803411774e-122,5.732844439812603712e-119,3.703418604332511934e-116,2.101671979281966500e-113,1.047747272443233921e-110,4.588572588203536105e-108,1.765339011401129738e-105,5.966340711271433222e-103,1.771402957998201629e-100,4.620149326505446406e-98,1.058580567472268762e-95,2.130693467895718825e-93,3.767445972282991905e-91,5.851967115878302665e-89,7.985188968471920529e-87,9.571864788715504036e-85,1.007941478664939979e-82,9.323963908693520524e-81,7.576891438004157643e-79,5.408849747403547307e-77,3.391872402635582060e-75,1.868491228441591589e-73,9.041785486257928609e-72,3.843449736088767906e-70,1.435096335476893526e-68,4.706715712620994064e-67,1.355842833025731370e-65,3.430226822247491627e-64,7.621001243378506882e-63,1.486655429520387784e-61,2.545786119579712391e-60,3.825680578522331751e-59,5.042789722827662351e-58,5.826633347655599867e-57,5.895534445935778159e-56,5.216223073765310895e-55,4.026861227555846970e-54,2.703284961486064675e-53,1.569645261473904086e-52,7.812525458853322693e-52,3.279353694616318761e-51,1.122636668000337563e-50,2.873611193386605129e-50,3.702684006146906420e-50,-1.144288188801866515e-49,-1.047494925256775391e-48,-4.627349401755948715e-48,-1.519280576569707488e-47,-4.060060097623171617e-47,-9.142096320542964150e-47,-1.763743276786317574e-46,-2.942330636043330229e-46,-4.267658724909974899e-46,-5.400313497334586765e-46,-5.975100005305585511e-46,-5.789079997527609768e-46,-4.916371391881671929e-46,-3.662230182284662648e-46,-2.393950765695769355e-46,-1.373705195328503919e-46,-6.921142614730102612e-47,-3.062214148883667852e-47,-1.189909387337407365e-47,-4.061118121768126663e-48,-1.217457100046397151e-48,-3.205929977528294332e-49,-7.415798204618771566e-50,-1.506860670997648262e-50,-2.689707673143284671e-51,-4.217525114707974614e-52,-5.809430457633095903e-53,-7.029664380573950740e-54,-7.472433959233978534e-55,-6.977774905925176418e-56,-5.724002841810751021e-57,-4.124878761426845833e-58,-2.611267185327896809e-59,-1.452179923498473695e-60,-7.094449354525781727e-62,-3.044711948555229941e-63,-1.147897366907755582e-64,-3.801800202692710323e-66,-1.106126858139955212e-67,-2.827157670844006250e-69,-6.347819715596676994e-71,-1.252070007305167038e-72,-2.169512337018277732e-74,-3.302365398632093046e-76,-4.415883628747417428e-78,-5.187279048292679559e-80,-5.352924297956829847e-82,-4.852573162155567928e-84,-3.864404539678662990e-86,-2.703476365796794566e-88,-1.661468352822936855e-90,-8.969971688886711382e-93,-4.254216369425964709e-95,-1.772464638708320622e-97,-6.487316524807377818e-100,-2.085845324943027090e-102,-5.891537087738691267e-105,-1.461856136376406235e-107,-3.186472375790939976e-110,-6.101620382968659804e-113,-1.026383623768251894e-115,-1.516714182244269138e-118
1.874070645822066502e-201,2.383636723169856882e-197,2.663322026340504429e-193,2.614187884544341556e-189,2.254132382135595046e-185,1.707463945688926232e-181,1.136195774136778956e-177,6.641777168523364719e-174,3.410711109471383247e-170,1.538633111477000985e-166,6.097540817946843215e-163,2.122774498701441012e-159,6.492059786346496239e-156,1.744177432407910300e-152,4.116501883250697478e-149,8.534841828109658771e-146,1.554505053694756356e-142,2.487243485066557035e-139,3.496020475402059059e-136,4.316772230183124290e-133,4.682457032034741380e-130,4.461880820820843320e-127,3.735008780215939511e-124,2.746595987476108232e-121,1.774301516684400659e-118,1.006907435934298353e-115,5.019739093680898626e-113,2.198377145729295995e-110,8.457708170699482994e-108,2.858463188561265563e-105,8.486759292732008811e-103,2.213504873338791765e-100,5.071638817195275381e-98,1.020810842061392435e-95,1.804974992448255245e-93,2.803663116795465351e-91,3.825681902606817025e-89,4.585849467891024814e-87,4.829008372723777350e-85,4.467065993711198726e-83,3.630041796275427257e-81,2.591335998602985412e-79,1.625009167135386188e-77,8.951664457978910182e-76,4.331734349566628926e-74,1.841287077981292334e-72,6.874971313739900523e-71,2.254721112101809678e-69,6.494755236371517362e-68,1.643030416396966109e-66,3.649983097126680460e-65,7.119117008107685680e-64,1.218841564441272902e-62,1.831065661497108526e-61,2.412561497291605994e-60,2.785822891128905416e-59,2.816199380216893681e-58,2.488374454960806001e-57,1.917183851391489384e-56,1.283171780704682878e-55,7.415979442719950578e-55,3.663321318379643450e-54,1.517634204343351646e-53,5.062852468448626028e-53,1.213104526742293135e-52,1.028791861893651090e-52,-8.463131911324848006e-52,-6.066060146730014818e-51,-2.540340102801855935e-50,-8.155853334640292266e-50,-2.154104649795690187e-49,-4.817239856690073847e-49,-9.254012168242891033e-49,-1.539511690176691831e-48,-2.228857550809197782e-48,-2.816905949294130572e-48,-3.114085215574965444e-48,-3.015377888733423546e-48,-2.559775625466773838e-48,-1.906257033616130072e-48,-1.245852437515286182e-48,-7.148025784078254563e-49,-3.601051539603219851e-49,-1.593156549229880105e-49,-6.190372399030021522e-50,-2.112683906452959191e-50,-6.333339878088007161e-51,-1.667732249648514676e-51,-3.857673071508692274e-52,-7.838577782160862546e-53,-1.399158512401276816e-53,-2.193905313329391359e-54,-3.021987172464565807e-55,-3.656729626775634363e-56,-3.887046944471919257e-57,-3.629729528776697599e-58,-2.977535005954213157e-59,-2.145695212530310664e-60,-1.358338534266832918e-61,-7.554001116727653301e-63,-3.690415312574178538e-64,-1.583808672144918084e-65,-5.971171332406243237e-67,-1.977633180838806318e-68,-5.753887582874171695e-70,-1.470640269378750206e-71,-3.302029889543678509e-73,-6.513059163717058638e-75,-1.128544091211059822e-76,-1.717835327100932325e-78,-2.297068903667438078e-80,-2.698335908051854822e-82,-2.784501794081032336e-84,-2.524227488427213695e-86,-2.010198678024737868e-88,-1.406303236875538174e-90,-8.642680775554255817e-93,-4.666029401897671434e-95,-2.212972275214411395e-97,-9.220064902631625282e-100,-3.374593664059350108e-102,-1.085021886979015235e-104,-3.064679154936268863e-107,-7.604331368481936033e-110,-1.657549688945667889e-112,-3.173960974678908003e-115,-5.339076118104702399e-118,-7.889693756611689777e-121
7.887513127858432913e-204,1.003215433095360930e-199,1.120928258129847250e-195,1.100248878223938622e-191,9.487101671063630972e-188,7.186305551804109136e-184,4.781975057277226965e-180,2.795364450221385008e-176,1.435486368055391413e-172,6.475737129205686435e-169,2.566308444451442128e-165,8.934247894042720288e-162,2.732351999783851805e-158,7.340823792938262624e-155,1.732536747594944421e-151,3.592109882500002851e-148,6.542538309458767472e-145,1.046821027305543046e-141,1.471391025127856386e-138,1.816825716844836173e-135,1.970733659255167267e-132,1.877898425288577034e-129,1.571975441297315210e-126,1.155976240806704259e-123,7.467608581891729357e-121,4.237831299269738340e-118,2.112687447658540305e-115,9.252440371843608904e-113,3.559645686795344908e-110,1.203058245109646612e-107,3.571872083714238299e-105,9.316106445263365085e-103,2.134529693533316361e-100,4.296344014721889264e-98,7.596697063911977159e-96,1.179992440091842304e-93,1.610133681888516210e-91,1.930067147463142419e-89,2.032403489905150585e-87,1.880067372797077117e-85,1.527781830341048459e-83,1.090615193143919983e-81,6.839130864016591858e-80,3.767428413948563805e-78,1.823045358057645538e-76,7.749063507951088869e-75,2.893258526478862187e-73,9.488398679854073751e-72,2.732999881672594673e-70,6.913358989060204655e-69,1.535630106935472132e-67,2.994700691431626484e-66,5.125971673026132033e-65,7.698237894544778412e-64,1.013821544254592628e-62,1.169877892358971341e-61,1.181459013861292180e-60,1.042403278259004053e-59,8.013771211976363333e-59,5.345874288647157622e-58,3.073607787895391303e-57,1.505408081538088539e-56,6.142886283202288967e-56,1.986576930343541521e-55,4.357893302582925346e-55,9.248043718922386420e-56,-4.924089913602416942e-54,-3.031746676363200622e-53,-1.216944689321991666e-52,-3.833366454942827297e-52,-1.002088328532002196e-51,-2.227282183929933465e-51,-4.262170033279109661e-51,-7.072790016425231690e-51,-1.022259603547320349e-50,-1.290499306314255753e-50,-1.425536836718688447e-50,-1.379613046063812088e-50,-1.170729697725145130e-50,-8.716147200014283225e-51,-5.695502192385935061e-51,-3.267363031413413334e-51,-1.645897732771075229e-51,-7.281244091697552574e-52,-2.829081696215368026e-52,-9.654957375306013590e-53,-2.894273915900265259e-53,-7.621261601301663740e-54,-1.762875169830005620e-54,-3.582039213065057276e-55,-6.393782081565255509e-56,-1.002552872425157990e-56,-1.380959586588134205e-57,-1.671015454983980580e-58,-1.776261434887623860e-59,-1.658673878608545578e-60,-1.360640409064068399e-61,-9.805152318013722909e-63,-6.207178152963013811e-64,-3.451939277547278918e-65,-1.686402689289066674e-66,-7.237502335771628819e-68,-2.728635364112693927e-69,-9.037154148673598164e-71,-2.629343389614911239e-72,-6.720357541129501342e-74,-1.508922444882510233e-75,-2.976260474274098145e-77,-5.157086802031072987e-79,-7.849959884697225606e-81,-1.049687265796535740e-82,-1.233053492336992095e-84,-1.272428553028135581e-86,-1.153491491066275536e-88,-9.185967108442553238e-91,-6.426357459702373437e-93,-3.949429581906372279e-95,-2.132226680886101442e-97,-1.011257778680299963e-99,-4.213275717773788684e-102,-1.542081719676761914e-104,-4.958204109288168698e-107,-1.400460669152991038e-109,-3.474937002529046972e-112,-7.574473636657017008e-115,-1.450398976656758366e-117,-2.439787571324830421e-120,-3.605338516057950888e-123
2.916243176281477433e-206,3.709179450697415333e-202,4.144398026170368821e-198,4.067940339721443955e-194,3.507657618040529168e-190,2.656986326069117603e-186,1.768035362116868962e-182,1.033527598675094097e-178,5.307410912864627583e-175,2.394268498222495884e-171,9.488389263225385749e-168,3.303251484335098921e-164,1.010230061299215546e-160,2.714116215380101019e-157,6.405692619232674592e-154,1.328107573111065961e-150,2.418966834244414334e-147,3.870402012805332350e-144,5.440160857926289140e-141,6.717333437275215683e-138,7.286375874124172770e-135,6.943136970707059500e-132,5.812050640375693663e-129,4.273980510679515571e-126,2.760992143743044638e-123,1.566849495792232986e-120,7.811219830515197034e-118,3.420896142947050462e-115,1.316104417420311786e-112,4.448055528458353701e-110,1.320624662499287974e-107,3.444434180045900687e-105,7.891972551365820607e-103,1.588481992574396500e-100,2.808716376705806835e-98,4.362767423143752867e-96,5.953117112890721335e-94,7.135993011759618116e-92,7.514346610727259363e-90,6.951102540319984017e-88,5.648591658440889520e-86,4.032258073084059405e-84,2.528568601496932216e-82,1.392882936161607957e-80,6.740017926513684450e-79,2.864865062015870233e-77,1.069620831762052034e-75,3.507663139604688987e-74,1.010274276479277622e-72,2.555362982808454548e-71,5.675423054857142777e-70,1.106599911485819494e-68,1.893679548320009087e-67,2.842939699597020180e-66,3.742100307107606688e-65,4.314909494316939192e-64,4.352896545547311982e-63,3.834423087331101707e-62,2.940767234923512505e-61,1.954571847065233183e-60,1.117294025746437450e-59,5.419826081599101549e-59,2.173064401084815028e-58,6.765858638232452393e-58,1.311057935587159030e-57,-1.025013179601612539e-57,-2.367398680302797937e-56,-1.313087056187076536e-55,-5.092625819330446376e-55,-1.578187799065525651e-54,-4.088292192769895841e-54,-9.037064884316782128e-54,-1.723327012620271929e-53,-2.853209951012112310e-53,-4.117547531350698183e-53,-5.192582534554817539e-53,-5.731846223795645755e-53,-5.544468747349170428e-53,-4.703395146129288206e-53,-3.500875837671030853e-53,-2.287245069713636050e-53,-1.311983098886151976e-53,-6.608439606266525483e-54,-2.923326927232731945e-54,-1.135795962202933130e-54,-3.876085381950955614e-55,-1.161914885652488042e-55,-3.059537342056534712e-56,-7.076954392074792275e-57,-1.437978316653393840e-57,-2.566716185886715825e-58,-4.024629611392928688e-59,-5.543686110069326893e-60,-6.708067917928802572e-61,-7.130556029514802793e-62,-6.658511948692769954e-63,-5.462095771755436428e-64,-3.936136295624801960e-65,-2.491781059527180734e-66,-1.385730379413554479e-67,-6.769815317024777827e-69,-2.905388499179585413e-70,-1.095370328221075862e-71,-3.627831773612688060e-73,-1.055510954386159094e-74,-2.697787926099128624e-76,-6.057345412505431812e-78,-1.194775622989459373e-79,-2.070235990695315856e-81,-3.151249924484087510e-83,-4.213813769486693091e-85,-4.949910264502498880e-87,-5.107975593570099838e-89,-4.630520403287966413e-91,-3.687570165231130851e-93,-2.579765826016684085e-95,-1.585439889901753102e-97,-8.559507551883462279e-100,-4.059544263904330460e-102,-1.691357004165290989e-104,-6.190458189824716156e-107,-1.990397450495643893e-109,-5.621941501041836196e-112,-1.394961884875046308e-114,-3.040660021515090649e-117,-5.822411424272557833e-120,-9.794165092875046917e-123,-1.447309636982257969e-125
9.471895102308646620e-209,1.204733506392050436e-204,1.346091563456436949e-200,1.321258271365264764e-196,1.139279648635988248e-192,8.629834429637155318e-189,5.742540821839352981e-185,3.356875406961185805e-181,1.723835646980286320e-177,7.776532575316343703e-174,3.081808420470601318e-170,1.072888975756223110e-166,3.281205505270521914e-163,8.815391074708968250e-160,2.080555180510331679e-156,4.313664820417564913e-153,7.856752223098247149e-150,1.257098243696308261e-146,1.766952535630746119e-143,2.181775435708914126e-140,2.366599187143818345e-137,2.255115921599433673e-134,1.887741508714601000e-131,1.388179637416282365e-128,8.967642735000766076e-126,5.089093169530603920e-123,2.537067193090406196e-120,1.111099580242508813e-117,4.274678131966461477e-115,1.444718526937762668e-112,4.289359051157654098e-110,1.118744273818263910e-107,2.563293944558622897e-105,5.159350267600813241e-103,9.122637547030505247e-101,1.417014626222856330e-98,1.933554076808693219e-96,2.317745659384834350e-94,2.440629282522273281e-92,2.257684198012958989e-90,1.834628399011014832e-88,1.309646273861503178e-86,8.212534926259565944e-85,4.523895110378543774e-83,2.189033516607902053e-81,9.304352665145578012e-80,3.473749076071467483e-78,1.139114278363588593e-76,3.280660297835990098e-75,8.297270562700015880e-74,1.842572295961863093e-72,3.591997716282261377e-71,6.145194764194157846e-70,9.222088703491311419e-69,1.213206889762961797e-67,1.397781216561138276e-66,1.408415416990894510e-65,1.238484462474873192e-64,9.473411062221258248e-64,6.270988205258458439e-63,3.561561616643942725e-62,1.708823535483882149e-61,6.711976837023808710e-61,1.993318181117214812e-60,3.199693452392237499e-60,-8.149746965040078900e-60,-9.617622849959647079e-59,-4.942539638679515811e-58,-1.863275939784335067e-57,-5.693266957799673043e-57,-1.463032510713205690e-56,-3.218099641318820602e-56,-6.117413913187231735e-56,-1.010715632656454566e-55,-1.456551128605600369e-55,-1.835087094168531342e-55,-2.024341511135344021e-55,-1.957280748516370094e-55,-1.659849679025924601e-55,-1.235206451798142555e-55,-8.068815247703181543e-56,-4.627851860265464058e-56,-2.330870377239681127e-56,-1.031036943414005073e-56,-4.005728759519503328e-57,-1.366984637948025353e-57,-4.097670005723468140e-58,-1.078979232111872975e-58,-2.495743745617970947e-59,-5.071113390162625909e-60,-9.051634470498606041e-61,-1.419298682285539874e-61,-1.954994861349930455e-62,-2.365613633893748595e-63,-2.514602385430285533e-64,-2.348133606438468977e-65,-1.926214810169410049e-66,-1.388082841005730167e-67,-8.787291494512462114e-69,-4.886791589742483546e-70,-2.387381639900103309e-71,-1.024587859952796915e-72,-3.862833063643489076e-74,-1.279358003242928758e-75,-3.722268377299891245e-77,-9.513771928268029019e-79,-2.136127951064945594e-80,-4.213386236168630412e-82,-7.300704502223811502e-84,-1.111290911086158459e-85,-1.486004931307706165e-87,-1.745589968603634801e-89,-1.801331835353694248e-91,-1.632956864117359112e-93,-1.300424678874014770e-95,-9.097565588426565738e-98,-5.591066923146831747e-100,-3.018517437565577939e-102,-1.431601651446409525e-104,-5.964584501657938068e-107,-2.183070214202947521e-109,-7.019153114486904765e-112,-1.982582332231460021e-114,-4.919344654314717089e-117,-1.072291277939537946e-119,-2.053278216752170273e-122,-3.453920441351834983e-125,-5.103949435912001186e-128
2.702586030319559503e-211,3.437428212046582141e-207,3.840760709027811846e-203,3.769904657950151853e-199,3.250670778862127400e-195,2.462323507667523046e-191,1.638501106174400272e-187,9.578066988248761636e-184,4.918566017843193927e-180,2.218853573790101631e-176,8.793227007898382202e-173,3.061240359480598675e-169,9.362160433824915965e-166,2.515267799439829457e-162,5.936382633802830450e-159,1.230804410027255919e-155,2.241742388463491900e-152,3.586838857031312293e-149,5.041590055164457441e-146,6.225191166019785069e-143,6.752542936745387175e-140,6.434451217442793974e-137,5.386233344457143051e-134,3.960849167839275002e-131,2.558709179290746584e-128,1.452054854606710377e-125,7.238933371109788797e-123,3.170265079975499211e-120,1.219680244945408147e-117,4.122168867651416955e-115,1.223868876311160190e-112,3.192076172748245764e-110,7.313760507655972037e-108,1.472099608649540577e-105,2.602929498242605764e-103,4.043114430965708876e-101,5.516931806997513652e-99,6.613121279967382282e-97,6.963726348861218577e-95,6.441720575795766676e-93,5.234619274167029563e-91,3.736702887279718773e-89,2.343194330614738053e-87,1.290739594103292948e-85,6.245560288511019288e-84,2.654574908187009526e-82,9.910434917837394347e-81,3.249681068381392202e-79,9.358470888733834845e-78,2.366661652334822758e-76,5.254897188732502781e-75,1.024207214557547185e-73,1.751705144860147366e-72,2.627679290756654545e-71,3.454729955628752106e-70,3.976807213291769745e-69,4.001870808244849077e-68,3.512266441198542155e-67,2.678811919066792598e-66,1.765297282834788664e-65,9.953335281716680698e-65,4.716112672909380403e-64,1.807890407621607751e-63,5.054814424720867996e-63,5.850111706128600436e-63,-3.818716609036765050e-62,-3.341563255738132865e-61,-1.620175318784388849e-60,-5.964524057868965496e-60,-1.800203197439960367e-59,-4.593155961051694272e-59,-1.005845183916709950e-58,-1.906582154972923326e-58,-3.144068376908051997e-58,-4.525146897708685366e-58,-5.696188877283222001e-58,-6.279872106814865619e-58,-6.069319473985104112e-58,-5.145536739493957885e-58,-3.828376032732878678e-58,-2.500485159696709061e-58,-1.434008552820172578e-58,-7.222057546886835675e-59,-3.194452711028013302e-59,-1.241050316987550979e-59,-4.235078161948281659e-60,-1.269485505372239391e-60,-3.342711808193160685e-61,-7.731831904906702812e-62,-1.571025843947520446e-62,-2.804176426202662098e-63,-4.396944155629446522e-64,-6.056503155269745232e-65,-7.328575506176936484e-66,-7.790129422503186983e-67,-7.274411630330979234e-68,-5.967323590963808767e-69,-4.300214499771535991e-70,-2.722260429960042807e-71,-1.513904178353400755e-72,-7.395990971385513874e-74,-3.174122586700519892e-75,-1.196686541395590116e-76,-3.963387550049817944e-78,-1.153140225317019576e-79,-2.947319159598942074e-81,-6.617617917434212476e-83,-1.305286042799645435e-84,-2.261721830360171791e-86,-3.442723783414266060e-88,-4.603569103893836613e-90,-5.407750580848804091e-92,-5.580436093031879771e-94,-5.058818833124173416e-96,-4.028650723306162982e-98,-2.818380392565178295e-100,-1.732084614387970988e-102,-9.351216292762249471e-105,-4.435030428783220693e-107,-1.847798494081524129e-109,-6.763042510024223307e-112,-2.174498583965250445e-114,-6.141941062596193403e-117,-1.523988408517138838e-119,-3.321904832724402363e-122,-6.360953382149869125e-125,-1.070007305080455197e-127,-1.581178047926241736e-130
6.774101178622393566e-214,8.616001948256629484e-210,9.626965193228836834e-206,9.449362684400413410e-202,8.147889653373113199e-198,6.171877005055672489e-194,4.106945033111871411e-190,2.400767048292262332e-186,1.232851183274527003e-182,5.561613372387717562e-179,2.204044894474457070e-175,7.673077447116729969e-172,2.346649515606731223e-168,6.304583224439318593e-165,1.487969525972861941e-161,3.085042805529667827e-158,5.618984759481721204e-155,8.990503526649315673e-152,1.263687466970775701e-148,1.560360114869813491e-145,1.692542181633971503e-142,1.612811669790503000e-139,1.350073167274692405e-136,9.927969671786123352e-134,6.413469864613315900e-131,3.639612481660045147e-128,1.814457037618699513e-125,7.946349629001907071e-123,3.057159212908972185e-120,1.033231909123544551e-117,3.067657501278843328e-115,8.001016233549557724e-113,1.833211337238915875e-110,3.689851136440006860e-108,6.524298714434749951e-106,1.013414597737285766e-103,1.382828419196179733e-101,1.657587778504409128e-99,1.745463781065634848e-97,1.614617798757941883e-95,1.312052177140136448e-93,9.365952116464658354e-92,5.873106786936910483e-90,3.235138084962336001e-88,1.565373121831872959e-86,6.653197363052286561e-85,2.483775462352718460e-83,8.143999564285782844e-82,2.345143980745654883e-80,5.929995901264744271e-79,1.316484958194133559e-77,2.565334188028789769e-76,4.386111051912508236e-75,6.576465847821028997e-74,8.640658832684464206e-73,9.936841162023340946e-72,9.985298047677516202e-71,8.745176801049358578e-70,6.648633017510265587e-69,4.359490966062104707e-68,2.438016524531574573e-67,1.138665658047097394e-66,4.239736037014522763e-66,1.094826174993805009e-65,5.738460209324246527e-66,-1.363588962830314278e-64,-1.000151386404207307e-63,-4.632346074503403715e-63,-1.671401170067264555e-62,-4.990584836559505319e-62,-1.265242888489200945e-61,-2.759672797442281148e-61,-5.217379824449752780e-61,-8.588883834138887032e-61,-1.234720616613801733e-60,-1.553004489102916894e-60,-1.711196178645234747e-60,-1.653192600000545027e-60,-1.401197117641867356e-60,-1.042325114314151751e-60,-6.807022557753773528e-61,-3.903424539441700021e-61,-1.965748069569651058e-61,-8.694496195940560686e-62,-3.377723547564588791e-62,-1.152621939041302698e-62,-3.454989436785495135e-63,-9.097318201757432287e-64,-2.104232323131016210e-64,-4.275554030369563656e-65,-7.631551774053715202e-66,-1.196623114151242189e-66,-1.648267243476624696e-67,-1.994457180755747765e-68,-2.120066347332314154e-69,-1.979713718528616513e-70,-1.623992158124976100e-71,-1.170292255741758397e-72,-7.408559848683446429e-74,-4.120049641153003240e-75,-2.012798916678720095e-76,-8.638288069701886990e-78,-3.256749632610534880e-79,-1.078625024967341592e-80,-3.138239344123694551e-82,-8.021047734216625628e-84,-1.800966427682535453e-85,-3.552299863306183454e-87,-6.155213370369269220e-89,-9.369277464978287243e-91,-1.252848583161857330e-92,-1.471704342244973569e-94,-1.518700224000167623e-96,-1.376743530360429998e-98,-1.096386132540488332e-100,-7.670144148525599578e-103,-4.713820285041621571e-105,-2.544907602916783488e-107,-1.206981242033771265e-109,-5.028732399872024165e-112,-1.840543278833199171e-114,-5.917837640968886694e-117,-1.671512240820542005e-119,-4.147492223833842628e-122,-9.040471951612187214e-125,-1.731115836600266874e-127,-2.911995230595073354e-130,-4.303132242547376059e-133
1.491603295221992531e-216,1.897175220553737286e-212,2.119781300341524853e-208,2.080674637990648988e-204,1.794100609843773345e-200,1.358998313615894271e-196,9.043166883274416689e-193,5.286298426148311018e-189,2.714640420498359748e-185,1.224623106796440050e-181,4.853131861549506620e-178,1.689550731143376541e-174,5.167135912978158293e-171,1.388219168180750395e-167,3.276390751317197906e-164,6.793019301052918196e-161,1.237255827436241525e-157,1.979637486530989953e-154,2.782539452898474915e-151,3.435789056086790444e-148,3.726843456264033166e-145,3.551283183238223501e-142,2.972753849271409178e-139,2.186060019536085901e-136,1.412195071950974822e-133,8.014137132490734215e-131,3.995289922537130744e-128,1.749722838794954461e-125,6.731620439119005752e-123,2.275093943003202666e-120,6.754735345842709954e-118,1.761759164188387928e-115,4.036582259801936899e-113,8.124749014451586658e-111,1.436596191240333636e-108,2.231452742399667310e-106,3.044867189620143371e-104,3.649857492224427003e-102,3.843343773760070518e-100,3.555221993045132803e-98,2.888990336032414430e-96,2.062262993699429545e-94,1.293170869406504724e-92,7.123197316591087309e-91,3.446605998053591844e-89,1.464846706039268419e-87,5.468358040558394540e-86,1.792907102289189303e-84,5.162432440763846258e-83,1.305235429872957086e-81,2.897197149943569172e-80,5.644197590273232240e-79,9.646911965421149727e-78,1.445723587084567561e-76,1.898131294428495156e-75,2.180571594814622529e-74,2.187806952568072531e-73,1.911654368883969812e-72,1.448226508215355781e-71,9.443204365342008255e-71,5.232494602665240935e-70,2.403397190077399657e-69,8.637972065627042836e-69,1.999091194615384515e-68,-8.701760938562024180e-69,-3.974156450126184404e-67,-2.590941385777335865e-66,-1.156597530469914987e-65,-4.101967466965775462e-65,-1.213243554369696412e-64,-3.058405587183339524e-64,-6.646763855222057549e-64,-1.253655701237693782e-63,-2.060515656115352266e-63,-2.958981170771038458e-63,-3.719009937899650237e-63,-4.095761426828901656e-63,-3.955543281277582725e-63,-3.351785723681019579e-63,-2.492910356565753802e-63,-1.627831244414183121e-63,-9.333879782459745363e-64,-4.700231957846463580e-64,-2.078827251350346804e-64,-8.075806093979124914e-65,-2.755752024975312563e-65,-8.260265658597074954e-66,-2.174986206280826104e-66,-5.030763404879573132e-67,-1.022187498602683594e-67,-1.824524059924104802e-68,-2.860837103315429472e-69,-3.940602896630787569e-70,-4.768252807289020562e-71,-5.068549208836736796e-72,-4.732998520058329185e-73,-3.882556075047784337e-74,-2.797873168285450229e-75,-1.771199186694474041e-76,-9.849994819577235741e-78,-4.812091795859225329e-79,-2.065195491161359343e-80,-7.786061659268287560e-82,-2.578718548978862026e-83,-7.502733241055522406e-85,-1.917628770045056827e-86,-4.305653217387961828e-88,-8.492646495291235503e-90,-1.471555133106429654e-91,-2.239956191051359643e-93,-2.995242635889730859e-95,-3.518471142163913216e-97,-3.630826349837190470e-99,-3.291443962138624419e-101,-2.621180658788269694e-103,-1.833736572073993739e-105,-1.126954654419711196e-107,-6.084227429436745539e-110,-2.885585460978776363e-112,-1.202242138765260831e-114,-4.400271304813232238e-117,-1.414804609935057627e-119,-3.996161042709351900e-122,-9.915600044471666827e-125,-2.161347128483211237e-127,-4.138658094940736400e-130,-6.961840668673755855e-133,-1.028769578120085473e-135
2.885256930409240588e-219,3.669767940855048013e-215,4.100362145409600241e-211,4.024716852195510099e-207,3.470387357560263076e-203,2.628754786969131321e-199,1.749249281251021814e-195,1.022545955573521870e-191,5.251017553107803730e-188,2.368828438814740101e-184,9.387571331851755628e-181,3.268153113775523088e-177,9.994959611575784065e-174,2.685277636814847947e-170,6.337629541196683040e-167,1.313995888633145775e-163,2.393264315696986517e-160,3.829277375850616242e-157,5.382356833686766402e-154,6.645958832641006092e-151,7.208954823506252666e-148,6.869362823970494724e-145,5.750294628408890446e-142,4.228567072938951477e-139,2.731654863158891933e-136,1.550200577217184553e-133,7.728218812965831406e-131,3.384545445274729873e-128,1.302119011352987790e-125,4.400787019079659548e-123,1.306589890107318567e-120,3.407825965625306836e-118,7.808085330718964154e-116,1.571594568424175239e-113,2.778849465630486645e-111,4.316359805346573675e-109,5.889762453819623746e-107,7.059998155286510780e-105,7.434244613845136720e-103,6.876901684436438974e-101,5.588175067293248874e-99,3.989007469325375224e-97,2.501337314794735222e-95,1.377796119662520380e-93,6.666417616967702456e-92,2.833218247644459261e-90,1.057611477986717008e-88,3.467371070132680693e-87,9.982945590491027053e-86,2.523703951615610809e-84,5.600786429597994930e-83,1.090837896250087203e-81,1.863732603052146267e-80,2.791549662749649794e-79,3.662222691768799126e-78,4.202321165323202441e-77,4.209103655507774469e-76,3.668447813718487438e-75,2.768274115314736506e-74,1.793856336325777613e-73,9.836125561835664731e-73,4.430853922683556755e-72,1.524362494203552983e-71,3.002399345939880544e-71,-6.164513071987959331e-71,-9.727993325829615490e-70,-5.828068106315601414e-69,-2.524115743838270149e-68,-8.820175565811954106e-68,-2.586989160190785070e-67,-6.488157739611464917e-67,-1.405455780497460038e-66,-2.645152436403735752e-66,-4.341312817396829106e-66,-6.228175775425888037e-66,-7.822641906953276906e-66,-8.611105095819794328e-66,-8.313626295644826909e-66,-7.043092658345207384e-66,-5.237525331031333824e-66,-3.419650047749105344e-66,-1.960656676160856524e-66,-9.872693149640202788e-67,-4.366351333253408893e-67,-1.696191669148332330e-67,-5.787904079306729430e-68,-1.734881091299140494e-68,-4.568023881657713400e-69,-1.056581655854225237e-69,-2.146831011650371648e-70,-3.831912433408345857e-71,-6.008391072278916398e-72,-8.276125962741691616e-73,-1.001436101102549775e-73,-1.064504062205354493e-74,-9.940307160675028531e-76,-8.154193608919999662e-77,-5.876127327843420725e-78,-3.719893474129721744e-79,-2.068707307612306824e-80,-1.010641000444869045e-81,-4.337346838012722361e-83,-1.635237373980870214e-84,-5.415853367753750247e-86,-1.575732345127245154e-87,-4.027425124839849236e-89,-9.042780357281152438e-91,-1.783634967750384692e-92,-3.090576278055514572e-94,-4.704380616579867738e-96,-6.290641496035367628e-98,-7.389531741929275426e-100,-7.625501374395441728e-102,-6.912726750959752574e-104,-5.505032398308525701e-106,-3.851233680275177517e-108,-2.366842536780786145e-110,-1.277816123670833077e-112,-6.060338260740725139e-115,-2.524962136823364367e-117,-9.241498095445094205e-120,-2.971388171731601778e-122,-8.392781286455443921e-125,-2.082485205323403351e-127,-4.539284963467377510e-130,-8.692055159261389545e-133,-1.462133418936010292e-135,-2.160633160299441626e-138
4.902811039117536506e-222,6.235901760327537134e-218,6.967594663331261577e-214,6.839053397245700496e-210,5.897101664232702748e-206,4.466946375600591086e-202,2.972435000561937018e-198,1.737574753057065861e-194,8.922861097705947310e-191,4.025263086305269895e-187,1.595195486868460221e-183,5.553452445050050933e-180,1.698406743720510816e-176,4.562993571527041017e-173,1.076930088875716869e-169,2.232824905456699019e-166,4.066786060886518143e-163,6.506950248008545297e-160,9.146041047166399701e-157,1.129323342495118911e-153,1.224991175443540869e-150,1.167285548991648108e-147,9.771263995648560307e-145,7.185448285088609683e-142,4.641800416682595841e-139,2.634198631188930720e-136,1.313227654163550410e-133,5.751232659127303882e-131,2.212642420130181909e-128,7.478092951709662971e-126,2.220239042408878093e-123,5.790789187477324494e-121,1.326797860662538902e-118,2.670548915900698726e-116,4.721986730356531908e-114,7.334609306048546512e-112,1.000821344172755228e-109,1.199672098506924311e-107,1.263262665243851596e-105,1.168551820067610393e-103,9.495608483572016094e-102,6.778198226720294628e-100,4.250273174449712042e-98,2.341114346744499053e-96,1.132714077466473268e-94,4.813862338462338073e-93,1.796881966699565777e-91,5.890670601363524631e-90,1.695827258997784109e-88,4.286489908659369026e-87,9.511017689856318907e-86,1.851890765637890331e-84,3.162726884300140406e-83,4.734425405906964533e-82,6.205747490487526563e-81,7.112013471372210594e-80,7.110230661829015650e-79,6.179549556064944237e-78,4.642998675388523941e-77,2.987767569940054445e-76,1.618786758318333624e-75,7.126767390218519866e-75,2.319987179795252358e-74,3.506864079995034294e-74,-1.874305952996807759e-73,-2.029539171362824093e-72,-1.140952900900285588e-71,-4.818410018012122679e-71,-1.662172840252737865e-70,-4.839089932535187126e-70,-1.208075784630934254e-69,-2.609177115007699868e-69,-4.901011593330645255e-69,-8.033091137924553641e-69,-1.151414466405708566e-68,-1.445292639441128105e-68,-1.590287930945424426e-68,-1.534895321973854258e-68,-1.300056563511089279e-68,-9.666354096504873086e-69,-6.310660123604728290e-69,-3.617964969584967817e-69,-1.821701707363292903e-69,-8.056483181701870550e-70,-3.129618557527090731e-70,-1.067899972440112684e-70,-3.200913268148413440e-71,-8.428087237639570959e-72,-1.949401291642754433e-72,-3.960903972137419066e-73,-7.069860092431557413e-74,-1.108543115928527986e-74,-1.526936221017430416e-75,-1.847636931731738241e-76,-1.963995212094706669e-77,-1.833972011712087499e-78,-1.504436204647467746e-79,-1.084136225074637131e-80,-6.863143699859034617e-82,-3.816731322698321741e-83,-1.864616056095503157e-84,-8.002333281182622662e-86,-3.016985832377844339e-87,-9.992159367188852683e-89,-2.907199909050513724e-90,-7.430532120333656418e-92,-1.668377864377975656e-93,-3.290776687821948693e-95,-5.702061523870639157e-97,-8.679503500343078122e-99,-1.160612824826343326e-100,-1.363356233448105648e-102,-1.406892234026093187e-104,-1.275386508647978802e-106,-1.015669257549794433e-108,-7.105461636271368403e-111,-4.366784837287930159e-113,-2.357549345160967633e-115,-1.118122258093356418e-117,-4.658512849136603655e-120,-1.705040918927273535e-122,-5.482161405301098963e-125,-1.548454089172197158e-127,-3.842150321443359154e-130,-8.374904722813786928e-133,-1.603669617337757428e-135,-2.697611666587846977e-138,-3.986331989219401161e-141
7.318723186972875185e-225,9.308708502249438549e-221,1.040095084482034245e-216,1.020906950621692888e-212,8.802961064568269516e-209,6.668081586513960123e-205,4.437133877854665020e-201,2.593783144221226933e-197,1.331969555339368237e-193,6.008754169757994734e-190,2.381244983629152134e-186,8.289975042555013452e-183,2.535314680933575278e-179,6.811457048947127763e-176,1.607598811201045178e-172,3.333073054526157802e-169,6.070738009891994111e-166,9.713318956259216154e-163,1.365284968998135023e-159,1.685809381005233862e-156,1.828618543432879778e-153,1.742477847172202876e-150,1.458615752104778538e-147,1.072615366545450907e-144,6.929096364229247028e-142,3.932227586965722686e-139,1.960334252597812916e-136,8.585211940481800777e-134,3.302944553176505698e-131,1.116299827570953697e-128,3.314283555447659865e-126,8.644255174695689822e-124,1.980589349380167764e-121,3.986483801463356153e-119,7.048779549188341379e-117,1.094877979889023330e-114,1.493979646044336913e-112,1.790811200071628259e-110,1.885730601898665990e-108,1.744344132115589362e-106,1.417439154241425880e-104,1.011794281254290946e-102,6.344385298738745772e-101,3.494522378536739306e-99,1.690731953712134106e-97,7.185099194495683847e-96,2.681863491509208313e-94,8.791244952934561074e-93,2.530592174634249901e-91,6.395546918288805330e-90,1.418763542505297460e-88,2.761625694784707446e-87,4.714313253504864999e-86,7.052529925870847475e-85,9.235602707886056208e-84,1.056979631168990476e-82,1.054556569555089890e-81,9.136889861837256894e-81,6.831973428686442372e-80,4.362019225459976425e-79,2.331160034967516763e-78,9.986326866328617089e-78,3.025081118065118990e-77,2.649772707785046697e-77,-4.137932906335501076e-76,-3.639831972984575236e-75,-1.947275173649082547e-74,-8.050563410764997973e-74,-2.746048666087316412e-73,-7.941790171779680776e-73,-1.974467967358540838e-72,-4.252966575839393532e-72,-7.974396738763198945e-72,-1.305480222628613201e-71,-1.869653213178492404e-71,-2.345517656258010425e-71,-2.579813136457777005e-71,-2.489275622220291958e-71,-2.108017481277624025e-71,-1.567174444122805167e-71,-1.023032537651461818e-71,-5.864771521302171715e-72,-2.952871203578587820e-72,-1.305867508271313335e-72,-5.072656952707136965e-73,-1.730884145424904080e-73,-5.188080114342796755e-74,-1.366024637666452173e-74,-3.159573638411292634e-75,-6.419777148271004010e-76,-1.145869986428570534e-76,-1.796703172255208142e-77,-2.474822737062257274e-78,-2.994604365714878867e-79,-3.183193041489548477e-80,-2.972453497919078242e-81,-2.438349814831760412e-82,-1.757138521310857998e-83,-1.112359509848574058e-84,-6.186052824193096626e-86,-3.022118041563118306e-87,-1.296995941216192410e-88,-4.889846628586578046e-90,-1.619501327010878094e-91,-4.711908463927604726e-93,-1.204319890715506783e-94,-2.704060217804107156e-96,-5.333598859567894103e-98,-9.241741874517216142e-100,-1.406749653297157401e-101,-1.881088803730593738e-103,-2.209689646502877282e-105,-2.280251576172618695e-107,-2.067110773825251653e-109,-1.646168318132929110e-111,-1.151633343280147952e-113,-7.077562694436379376e-116,-3.821050020685414010e-118,-1.812221273625611621e-120,-7.550387291615537396e-123,-2.763482618194529850e-125,-8.885333826837322544e-128,-2.509691065305418616e-130,-6.227249745747699840e-133,-1.357381126241525089e-135,-2.599182848433971013e-138,-4.372213515602019716e-141,-6.460935358759663721e-144
9.597430835431223336e-228,1.220700438241132046e-223,1.363931983821918913e-219,1.338769563684972007e-215,1.154379087748980776e-211,8.744209910998834646e-208,5.818649566064458017e-204,3.401365742237807332e-200,1.746682495418129900e-196,7.879598812507878489e-193,3.122653151143249456e-189,1.087108502580361615e-185,3.324692935038769984e-182,8.932225766253819570e-179,2.108129789491170814e-175,4.370835896309772661e-172,7.960881488228750494e-169,1.273759151007036096e-165,1.790370754356326094e-162,2.210691446151196819e-159,2.397964679399659978e-156,2.285003789900391943e-153,1.912760321526561042e-150,1.406577489781824589e-147,9.086491830244463694e-145,5.156538585876550943e-142,2.570690163752342779e-139,1.125824256818146396e-136,4.331325534419129784e-134,1.463862702211221339e-131,4.346193637970754747e-129,1.133566170643973295e-126,2.597248940022874846e-124,5.227679018340970753e-122,9.243416278617449469e-120,1.435766574841853808e-117,1.959124929180383232e-115,2.348368781924786947e-113,2.472832967454425507e-111,2.287417041767793745e-109,1.858723636487500935e-107,1.326779129597039523e-105,8.319366590305330468e-104,4.582266952571848581e-102,2.216948792510609141e-100,9.420999648352505109e-99,3.516227869281919284e-97,1.152541403380278345e-95,3.317258567602572149e-94,8.382326655618489913e-93,1.859070972187568736e-91,3.617474401732882952e-90,6.172332605553614309e-89,9.227236946053848988e-88,1.207113827264416044e-86,1.379419101777212234e-85,1.373170556842359093e-84,1.185682393577394078e-83,8.818298162027626873e-83,5.580610971858322441e-82,2.935521748372476626e-81,1.216694999067838119e-80,3.343173213227987445e-80,-2.059493187962545830e-81,-7.334255128584418559e-79,-5.641935403276525691e-78,-2.901125018061246730e-77,-1.177851812341394717e-76,-3.978096054581724393e-76,-1.143705259795940886e-75,-2.832838411163692657e-75,-6.086992263377005660e-75,-1.139462823636477366e-74,-1.863342010605681528e-74,-2.666581385794359102e-74,-3.343537342266809175e-74,-3.676199597457830654e-74,-3.546296604258783267e-74,-3.002621494601259064e-74,-2.231983439970832108e-74,-1.456888332328806511e-74,-8.351456321199835334e-75,-4.204725655798475094e-75,-1.859429543693916179e-75,-7.222828971050437749e-76,-2.464527701020283073e-76,-7.386999822336134254e-77,-1.944988094969386132e-77,-4.498676858654364162e-78,-9.140602063126804644e-79,-1.631507849687634369e-79,-2.558170227527846416e-80,-3.523681942913906672e-81,-4.263749737877487809e-82,-4.532261748660763505e-83,-4.232207026855411127e-84,-3.471744258238227744e-85,-2.501829046128387902e-86,-1.583786890386725829e-87,-8.807753564824297099e-89,-4.302916568430593488e-90,-1.846673422171170301e-91,-6.962203371529379275e-93,-2.305859099452991730e-94,-6.708853307993894508e-96,-1.714720363294385758e-97,-3.850062694146412298e-99,-7.594020927528173688e-101,-1.315846631576672854e-102,-2.002941450843525835e-104,-2.678309336618406808e-106,-3.146173849863187792e-108,-3.246640488584841488e-110,-2.943168902305359660e-112,-2.343827656013299286e-114,-1.639704791420546858e-116,-1.007709053132121480e-118,-5.440441666106276185e-121,-2.580255183997656601e-123,-1.075030198158629102e-125,-3.934668715324953656e-128,-1.265100956388232062e-130,-3.573318266654357919e-133,-8.866408130753064887e-136,-1.932650133761977878e-138,-3.700737385057847684e-141,-6.225192668647268119e-144,-9.199131580436355434e-147
1.105615616538987488e-230,1.406236200884727377e-226,1.571237685423973551e-222,1.542250798049047237e-218,1.329834586618157760e-214,1.007325314136764517e-210,6.703033277368623454e-207,3.918343508860645854e-203,2.012162918106275805e-199,9.077228735027355378e-196,3.597269046710366991e-192,1.252339461543321831e-188,3.830017103972421344e-185,1.028984574346776596e-181,2.428547026779665953e-178,5.035164610691811999e-175,9.170865627952695276e-172,1.467359363613248221e-168,2.062491391428228908e-165,2.546697128642811160e-162,2.762434233326913031e-159,2.632304260905453961e-156,2.203483035934286919e-153,1.620364848113385813e-150,1.046755811503298368e-147,5.940286588403938689e-145,2.961412066330382681e-142,1.296939383387990783e-139,4.989647449012390696e-137,1.686356230190906751e-134,5.006773706644176065e-132,1.305857075406596188e-129,2.992004030193158117e-127,6.022228953202264503e-125,1.064830559181063854e-122,1.653984084863000031e-120,2.256882216273394682e-118,2.705278783484608088e-116,2.848649586133615669e-114,2.635041645784744980e-112,2.141183688953678038e-110,1.528387258716716343e-108,9.583383117575199500e-107,5.278373577648799485e-105,2.553658026231919258e-103,1.085140437005345052e-101,4.049860276757936133e-100,1.327340744877886412e-98,3.819899942173202249e-97,9.650745730332340252e-96,2.139845976550977523e-94,4.162305424475302853e-93,7.098219129537001249e-92,1.060327893483779610e-90,1.385581599824549766e-89,1.580755411523531956e-88,1.569715927771283679e-87,1.350277789582725460e-86,9.982452509664333308e-86,6.254285115275021930e-85,3.229785141831569795e-84,1.285468110016260917e-83,3.071099044968249386e-83,-4.841044334781102013e-83,-1.083544049415449687e-81,-7.586175594526819966e-81,-3.776791126619690448e-80,-1.509643517859483554e-79,-5.054346434076344948e-79,-1.445438305535460456e-78,-3.568112019489444829e-78,-7.649873250872357510e-78,-1.429896525934747665e-77,-2.335917232256410422e-77,-3.340553081328397817e-77,-4.186603708325027852e-77,-4.601620204976689685e-77,-4.437993956643524393e-77,-3.757012103255796052e-77,-2.792443645851060860e-77,-1.822576762366941759e-77,-1.044715680290855323e-77,-5.259652232017010960e-78,-2.325881237731159231e-78,-9.034561127147291307e-79,-3.082675311218935645e-79,-9.239707403991973525e-80,-2.432788278729154714e-80,-5.626913433720887115e-81,-1.143296531635157700e-81,-2.040667773572655240e-82,-3.199719570133928104e-83,-4.407361927982186397e-84,-5.333022268562098540e-85,-5.668869358266224767e-86,-5.293564520340662079e-87,-4.342390962461698951e-88,-3.129239107053170776e-89,-1.980969588718560637e-90,-1.101656450163426721e-91,-5.382002877337585076e-93,-2.309782467162472585e-94,-8.708185544450715708e-96,-2.884122652920342429e-97,-8.391300024642978272e-99,-2.144738037811061194e-100,-4.815581610760409665e-102,-9.498449831249888328e-104,-1.645834702224304385e-105,-2.505239181490692550e-107,-3.349975844747241348e-109,-3.935171432105872477e-111,-4.060833094413163741e-113,-3.681256891840547512e-115,-2.931612827823946672e-117,-2.050910008960427746e-119,-1.260422359920138680e-121,-6.804795790537408350e-124,-3.227331656222554964e-126,-1.344626303317502921e-128,-4.921405052876687045e-131,-1.582363011836283629e-133,-4.469435127677079281e-136,-1.108992622489409228e-138,-2.417320191630324396e-141,-4.628808416211475461e-144,-7.786346670626687641e-147,-1.150609007082676426e-149
1.118878275080606813e-233,1.423105020636827910e-229,1.590085817242235417e-225,1.560751211178438226e-221,1.345786913721439566e-217,1.019408909370564924e-213,6.783441006186094641e-210,3.965346871028233190e-206,2.036300266328744896e-202,9.186116651977954843e-199,3.640420887335962697e-195,1.267362177683065846e-191,3.875960923420885974e-188,1.041327986470857867e-184,2.457679198242749926e-181,5.095565033185228370e-178,9.280876746728445773e-175,1.484961389863936797e-171,2.087232446417190366e-168,2.577246566014785445e-165,2.795571573580108968e-162,2.663880578031193567e-159,2.229915317652366692e-156,1.639802201012393727e-153,1.059312316600408808e-150,6.011543909897932375e-148,2.996935838596146635e-145,1.312496791876196416e-142,5.049500133807017733e-140,1.706584449895626727e-137,5.066830001300648776e-135,1.321520441881429264e-132,3.027890914602469342e-130,6.094457377217566487e-128,1.077600795084546098e-125,1.673817765922964163e-123,2.283941389715754279e-121,2.737706977011132601e-119,2.882785696858698040e-117,2.666603925777282695e-115,2.166814189858949657e-113,1.546665699675800864e-111,9.697843611343563062e-110,5.341298372778953482e-108,2.584019005152465943e-106,1.097992157007605540e-104,4.097558523593755696e-103,1.342849086579846416e-101,3.864016175331792386e-100,9.760337081391244140e-99,2.163550928036835327e-97,4.206748680271360779e-96,7.169903058721846616e-95,1.070144635195145686e-93,1.396705521354083951e-92,1.590572248381950616e-91,1.575179691017687823e-90,1.349314689609103237e-89,9.908649668707490649e-89,6.137540078157589233e-88,3.101613007700288262e-87,1.173260780077757849e-86,2.250663650570164538e-86,-9.957667775891499667e-86,-1.358759332986801992e-84,-8.871237657674696067e-84,-4.299758372758331624e-83,-1.695611702256741033e-82,-5.633177369205542797e-82,-1.603311109360291662e-81,-3.945719837021023782e-81,-8.442343204842254590e-81,-1.575875918209269083e-80,-2.572007011662716769e-80,-3.675839618913298429e-80,-4.604782047172949149e-80,-5.059709900698666618e-80,-4.878760849349315992e-80,-4.129536685465250135e-80,-3.069011093794629489e-80,-2.002943383624350718e-80,-1.148045680370061777e-80,-5.779667573294442707e-81,-2.555775623947690047e-81,-9.927383717325293710e-82,-3.387274009839898308e-82,-1.015259649711776265e-82,-2.673133679861169703e-83,-6.182794578515253068e-84,-1.256238863849258458e-84,-2.242253829744400573e-85,-3.515796884613104055e-86,-4.842728807843904039e-87,-5.859823467777488464e-88,-6.228842875485087537e-89,-5.816463301258190377e-90,-4.771331613387249853e-91,-3.438344256567358660e-92,-2.176648824978938710e-93,-1.210477454462314843e-94,-5.913633761027385394e-96,-2.537941237267823210e-97,-9.568374035881665627e-99,-3.169014215057138553e-100,-9.220186484168758811e-102,-2.356593665360609043e-103,-5.291261144333508206e-105,-1.043669952135673938e-106,-1.808409003446252555e-108,-2.752704797914873255e-110,-3.680883898964165029e-112,-4.323884654526472594e-114,-4.461959076225591033e-116,-4.044888624997818156e-118,-3.221195293915323883e-120,-2.253497325657052164e-122,-1.384925913055471698e-124,-7.476968293982807278e-127,-3.546124998948650124e-129,-1.477447456924176342e-131,-5.407537664260499629e-134,-1.738667614804604696e-136,-4.910922496714112849e-139,-1.218538061927483976e-141,-2.656101223400635212e-144,-5.086038556109896702e-147,-8.555476013901961206e-150,-1.264265280991843228e-152
9.946974898975359341e-237,1.265159064578264824e-232,1.413607187064984368e-228,1.387528336763672269e-224,1.196422251426360804e-220,9.062679165631292623e-217,6.030568195969827209e-213,3.525245476908010529e-209,1.810297695597359145e-205,8.166578416473017006e-202,3.236382006275999619e-198,1.126701629609806592e-194,3.445780191334260387e-191,9.257542626095668958e-188,2.184909098516389746e-184,4.530024259884165204e-181,8.250821346974575518e-178,1.320150180010780623e-174,1.855577054034318924e-171,2.291206030789420158e-168,2.485299812599464952e-165,2.368224767640964516e-162,1.982423934044975372e-159,1.457805614111369229e-156,9.417424855504254499e-154,5.344340848984358015e-151,2.664314855096960252e-148,1.166826589773361462e-145,4.489070292542552166e-143,1.517175189414757460e-140,4.504475004161215631e-138,1.174847752345401118e-135,2.691830598028740923e-133,5.418040567602754439e-131,9.579982017334945220e-129,1.488039181253395731e-126,2.030440627059490618e-124,2.433834717566608825e-122,2.562800100984193546e-120,2.370600614390302578e-118,1.926273639402735931e-116,1.374952397424326707e-114,8.621028641098044488e-113,4.748104993194411962e-111,2.296964309239502884e-109,9.759698774610921775e-108,3.641931294856585966e-106,1.193410803330747510e-104,3.433514220451249963e-103,8.671106232458557625e-102,1.921529408807484382e-100,3.734558909622797171e-99,6.361141581377143243e-98,9.485708522544805290e-97,1.236383455102289061e-95,1.405211965997841087e-94,1.387453799413458175e-93,1.182994160173614349e-92,8.622095981116020163e-92,5.271248015286597419e-91,2.596259252719286546e-90,9.198518177486319172e-90,1.173384177753417895e-89,-1.373526597814792387e-88,-1.461060316833664576e-87,-9.039214019716776139e-87,-4.283604996244820203e-86,-1.669446957846418457e-85,-5.508161796015551865e-85,-1.561014867399293061e-84,-3.830968122567863088e-84,-8.181708985993547351e-84,-1.525324459179133759e-83,-2.487386469282839261e-83,-3.552825310441689362e-83,-4.448882358126328120e-83,-4.887038223246900339e-83,-4.711345905783671454e-83,-3.987289871494401062e-83,-2.963014648923360008e-83,-1.933638535808262084e-83,-1.108270377802216459e-83,-5.579244532621588471e-84,-2.467092652689503023e-84,-9.582761801070484291e-85,-3.269651180581784499e-85,-9.799972756756322360e-86,-2.580275488635401718e-86,-5.967996743875498760e-87,-1.212592390820634179e-87,-2.164345484584602391e-88,-3.393634201751724126e-89,-4.674455267792749466e-90,-5.656204685085765957e-91,-6.012398646314548002e-92,-5.614346993149442391e-93,-4.605531594958812576e-94,-3.318863997749632993e-95,-2.101011451350987917e-96,-1.168413928809427664e-97,-5.708137456956358335e-99,-2.449748750246548107e-100,-9.235876464932757208e-102,-3.058892051841027108e-103,-8.899788038007787244e-105,-2.274702791277701355e-106,-5.107391485575525481e-108,-1.007402745636964690e-109,-1.745567347392103826e-111,-2.657049148241886536e-113,-3.552974304303792924e-115,-4.173630975166637650e-117,-4.306907349561882328e-119,-3.904329968271616068e-121,-3.109259730316113294e-123,-2.175188973662354105e-125,-1.336800155299528790e-127,-7.217145900119349127e-130,-3.422898224129031479e-132,-1.426106603054070950e-134,-5.219627359883742558e-137,-1.678249439056039184e-139,-4.740269419534680030e-142,-1.176194231384964321e-144,-2.563802506067188771e-147,-4.909300248476711880e-150,-8.258175799754064294e-153,-1.220332443332865805e-155
7.768348604575145694e-240,9.880588574538390745e-236,1.103993277390511992e-231,1.083626321348790189e-227,9.343770564622048786e-224,7.077734864985856633e-220,4.709728987886052545e-216,2.753132088280943760e-212,1.413799041019415225e-208,6.377901689933301289e-205,2.527536651261832705e-201,8.799269238156883207e-198,2.691071604944660084e-194,7.229918536591357061e-191,1.706361549406336521e-187,3.537840183429463233e-184,6.443693363220154746e-181,1.031005590261988335e-177,1.449161116877211354e-174,1.789376877169344513e-171,1.940959445185781043e-168,1.849526629226260819e-165,1.548225427756699930e-162,1.138511110316837553e-159,7.354782016782276599e-157,4.173801323123487627e-154,2.080765526782658808e-151,9.112632958427533745e-149,3.505854705032925644e-146,1.184876711539244838e-143,3.517883915552111726e-141,9.175267995300388152e-139,2.102251501642352931e-136,4.231349330676076782e-134,7.481709975991341692e-132,1.162117104727442101e-129,1.585714123598395654e-127,1.900747186012341030e-125,2.001456298789339362e-123,1.851343742917475900e-121,1.504328825054903973e-119,1.073759250530896247e-117,6.732407892105892991e-116,3.707834259644791474e-114,1.793651360354245883e-112,7.620737299609811406e-111,2.843538392163923244e-109,9.316862787742924114e-108,2.680095661982151681e-106,6.766870595090331076e-105,1.499060800407077823e-103,2.912110163472724359e-102,4.956878539733273876e-101,7.384352891528805400e-100,9.610864914708458810e-99,1.089951406661122450e-97,1.072628179163861311e-96,9.098443413246316172e-96,6.575233036490692239e-95,3.959758006894432873e-94,1.890998536808234247e-93,6.139213543257337698e-93,2.147199272276114028e-93,-1.486724893887447818e-91,-1.355673375614922668e-90,-8.036726687391863919e-90,-3.736350576689566885e-89,-1.441187583451765630e-88,-4.725880084120390525e-88,-1.334139532045313927e-87,-3.265926768628608514e-87,-6.963232421343575569e-87,-1.296684224556544616e-86,-2.112889759907203972e-86,-3.016298922253397281e-86,-3.775636683910971449e-86,-4.146417890962871804e-86,-3.996634527569861777e-86,-3.381995087034079098e-86,-2.512991904836035757e-86,-1.639857613076916250e-86,-9.398490350001795358e-87,-4.731238709292277841e-87,-2.092068491753620294e-87,-8.125962645646324561e-88,-2.772561184368997370e-88,-8.310009083493328007e-89,-2.187965898024664338e-89,-5.060594509372259440e-90,-1.028221653045131459e-90,-1.835260657023968306e-91,-2.877634819271830158e-92,-3.963704763044279156e-93,-4.796176478523738887e-94,-5.098208929036169362e-95,-4.760679972495263511e-96,-3.905255177010784260e-97,-2.814226487507976447e-98,-1.781549802839901661e-99,-9.907549343905927184e-101,-4.840206833049258482e-102,-2.077260811291754822e-103,-7.831547536908241554e-105,-2.593782865585958502e-106,-7.546561652279611864e-108,-1.928830736714615006e-109,-4.330804738350494962e-111,-8.542256021519757030e-113,-1.480151132014503581e-114,-2.253040710774277528e-116,-3.012739055477239619e-118,-3.539023914427379416e-120,-3.652035407070031012e-122,-3.310670539485803638e-124,-2.636491963825994284e-126,-1.844448114663497009e-128,-1.133537617003612341e-130,-6.119767664494775512e-133,-2.902441236352052892e-135,-1.209264880485683457e-137,-4.425974917846813256e-140,-1.423069006811860222e-142,-4.019504096213956642e-145,-9.973520727432119333e-148,-2.173972355311192151e-150,-4.162833525120465300e-153,-7.002507350425480735e-156,-1.034779001026997740e-158
5.329615694368259950e-243,6.778756028661131076e-239,7.574145030092099454e-235,7.434413854018727342e-231,6.410462348884850509e-227,4.855807679776095898e-223,3.231194531037097990e-219,1.888835932833438026e-215,9.699623354691737793e-212,4.375674504048645359e-208,1.734062112947128313e-204,6.036897385933623195e-201,1.846258216502531546e-197,4.960216023228876068e-194,1.170680118787698408e-190,2.427199067133201230e-187,4.420812043704244851e-184,7.073399775198670305e-181,9.942231135305599820e-178,1.227634263650407355e-174,1.331630206880282055e-171,1.268901061904929098e-168,1.062187928385213716e-165,7.810960271925897939e-163,5.045880342744857971e-160,2.863511256436264142e-157,1.427546416211766106e-154,6.251884292693730361e-152,2.405253800096868655e-149,8.129055285477808729e-147,2.413505540032947188e-144,6.294849994111390377e-142,1.442284903101061117e-139,2.902985877039666678e-137,5.132942726403282890e-135,7.972871027330316124e-133,1.087899389954900554e-130,1.304027517665663058e-128,1.373113554174448383e-126,1.270119146943785889e-124,1.032038671564017680e-122,7.366379627013182396e-121,4.618585576620716041e-119,2.543586904137182752e-117,1.230401039266475694e-115,5.227336333847016144e-114,1.950322603053209716e-112,6.389477244187996511e-111,1.837687707090228443e-109,4.638768005753652136e-108,1.027260245527663386e-106,1.994560585962926920e-105,3.392546879907008029e-104,5.048471323290843814e-103,6.560191841942881719e-102,7.422049338264550174e-101,7.277467391082802783e-100,6.137524589262203722e-99,4.393052192387002005e-98,2.599743532595600472e-97,1.195586969130262653e-96,3.433787698809439122e-96,-3.753589175031790193e-96,-1.328408752338381347e-94,-1.089955228362330127e-93,-6.241746793864567422e-93,-2.854615916257912223e-92,-1.091094473312011492e-91,-3.558216355609326956e-91,-1.000992357642639119e-90,-2.444775342358997492e-90,-5.204462841957453550e-90,-9.681578535628379660e-90,-1.576443367652729772e-89,-2.249375125821004330e-89,-2.814682986412747828e-89,-3.090362347127380794e-89,-2.978235953295849637e-89,-2.519925362385810243e-89,-1.872280571281364015e-89,-1.221691732244280871e-89,-7.001588519404770022e-90,-3.524531980567504417e-90,-1.558454697909225204e-90,-6.053231647361651140e-91,-2.065330446915213545e-91,-6.190233981747124931e-92,-1.629836830296875454e-92,-3.769673430228058535e-93,-7.659280268933302196e-94,-1.367093727640729796e-94,-2.143560473295882271e-95,-2.952575598217897309e-96,-3.572684367895079281e-97,-3.797667704385973734e-98,-3.546240668718422273e-99,-2.909032379904501328e-100,-2.096322661432231462e-101,-1.327079716430477072e-102,-7.380151218647445190e-104,-3.605478564784809312e-105,-1.547355176522559766e-106,-5.833733200574307517e-108,-1.932113278935085665e-109,-5.621446582467784708e-111,-1.436789278739778091e-112,-3.226023759334651707e-114,-6.363140905563982146e-116,-1.102567069766131009e-117,-1.678293815030220355e-119,-2.244194387035511729e-121,-2.636224860916500382e-123,-2.720407310054650673e-125,-2.466124045667613492e-127,-1.963927291688245113e-129,-1.373932497972315378e-131,-8.443740743203757345e-134,-4.558625209017008577e-136,-2.162033350311060653e-138,-9.007834398490000842e-141,-3.296916147473462564e-143,-1.060046492467750401e-145,-2.994135349855671172e-148,-7.429292334917029881e-151,-1.619395657450945384e-153,-3.100901682012119402e-156,-5.216179482104182723e-159,-7.708086151921957813e-162
3.212126096823965616e-246,4.085513926730964299e-242,4.564889910813808025e-238,4.480674803499432352e-234,3.863545625607166554e-230,2.926564964932288603e-226,1.947420765503719982e-222,1.138389621115484644e-218,5.845902421972300280e-215,2.637191697186912594e-211,1.045108405888049770e-207,3.638400351594381606e-204,1.112728295917015871e-200,2.989491215170420027e-197,7.055615947197178839e-194,1.462857713781419985e-190,2.664395794349199262e-187,4.263093832801638019e-184,5.992120537915253531e-181,7.398874902061535240e-178,8.025651879252111439e-175,7.647587159815404787e-172,6.401739953662686883e-169,4.707616600198254257e-166,3.041120223025006204e-163,1.725820068960885950e-160,8.603731084093426163e-158,3.767970357203800365e-155,1.449630749588451863e-152,4.899327496058784363e-150,1.454603290819077151e-147,3.793861462934373927e-145,8.692543621769302353e-143,1.749606446386180070e-140,3.093579854453532917e-138,4.805171437737353928e-136,6.556646787978195199e-134,7.859198334976596742e-132,8.275528009029810373e-130,7.654741470385493912e-128,6.219815007712294027e-126,4.439448898910774979e-124,2.783393555009789191e-122,1.532847104564988180e-120,7.414465057887102118e-119,3.149823377163439445e-117,1.175095063697086174e-115,3.849246032175018926e-114,1.106882176761941333e-112,2.793292362075478456e-111,6.183397450165210874e-110,1.199920235490408907e-108,2.039294993485019091e-107,3.031101497620610980e-106,3.931854924812081271e-105,4.436735406237347873e-104,4.332757787323149356e-103,3.630582406392052642e-102,2.570445259759015616e-101,1.490339437097721938e-100,6.539789534929527195e-100,1.560331196990979981e-99,-5.682509552310177097e-99,-1.002443096718934864e-97,-7.615252539183496913e-97,-4.238252324949335885e-96,-1.911030449625154439e-95,-7.245659686329515433e-95,-2.351259553847206061e-94,-6.593601403176132466e-94,-1.607027219061830253e-93,-3.416254995226543595e-93,-6.349002942182537170e-93,-1.033125111126071914e-92,-1.473465014631911584e-92,-1.843194502284130034e-92,-2.023281813860445177e-92,-1.949575810610381625e-92,-1.649387568386605602e-92,-1.225388706189795413e-92,-7.995436172076364685e-93,-4.582067114803948747e-93,-2.306510147370810076e-93,-1.019859726961577253e-93,-3.961213056689445077e-94,-1.351533181821090764e-94,-4.050807568743693638e-95,-1.066539254876923404e-95,-2.466806960862302674e-96,-5.012085866545375902e-97,-8.945985819789751686e-98,-1.402701355719833294e-98,-1.932102650460057749e-99,-2.337887481495839720e-100,-2.485110859311620378e-101,-2.320581934292039618e-102,-1.903606516686562090e-103,-1.371787070991689024e-104,-8.684114712885420006e-106,-4.829406649986391714e-107,-2.359344807056924674e-108,-1.012554708490283724e-109,-3.817464789639837559e-111,-1.264331784854856387e-112,-3.678549078752629310e-114,-9.402028044460262592e-116,-2.111037864946754539e-117,-4.163897215035636010e-119,-7.214952503307150019e-121,-1.098237964333155334e-122,-1.468550649664896542e-124,-1.725086628616347887e-126,-1.780173740843293137e-128,-1.613776455396979900e-130,-1.285150123792636377e-132,-8.990707176327452222e-135,-5.525395213878494940e-137,-2.983062445362674690e-139,-1.414786299991846106e-141,-5.894525492479955004e-144,-2.157428236079800907e-146,-6.936707310888484526e-149,-1.959295249631916614e-151,-4.861562848343852531e-154,-1.059696322349776650e-156,-2.029160750962754821e-159,-3.413351263738084728e-162,-5.043999290641991427e-165
1.700665027857552059e-249,2.163081537432389585e-245,2.416887878351303413e-241,2.372300062162526472e-237,2.045560084023128721e-233,1.549474253813608862e-229,1.031064874166831762e-225,6.027221092323137679e-222,3.095121891792012732e-218,1.396265138244663365e-214,5.533342282312102372e-211,1.926356575527576029e-207,5.891356808971857790e-204,1.582790648673001353e-200,3.735606538478438751e-197,7.745122287199662092e-194,1.410668379433269938e-190,2.257101464722202461e-187,3.172537249704911153e-184,3.917345443380569632e-181,4.249193418383802424e-178,4.049026434003461703e-175,3.389410709419577754e-172,2.492454522952340229e-169,1.610125508167009488e-166,9.137378869862436712e-164,4.555257294891800497e-161,1.994956886642527021e-158,7.675087965355033942e-156,2.593954432744339154e-153,7.701410958622378045e-151,2.008662641215586875e-148,4.602270373349819154e-146,9.263289015407512357e-144,1.637893255264806338e-141,2.544089119408693908e-139,3.471395015547899316e-137,4.161010381310593275e-135,4.381409421439109900e-133,4.052706789938041959e-131,3.292965379543531308e-129,2.350345268857942948e-127,1.473557463309792711e-125,8.114780622432219095e-124,3.924975941715267104e-122,1.667299591525727518e-120,6.219534036278293399e-119,2.037039481849794240e-117,5.856491254522743724e-116,1.477496346451577180e-114,3.269304644459950814e-113,6.340412446872908519e-112,1.076619805351168029e-110,1.598164094783809025e-109,2.069118990844256120e-108,2.328061345447583318e-107,2.263330272335897137e-106,1.882859745987033527e-105,1.316535948307633502e-104,7.450804929948264384e-104,3.079683729828094379e-103,5.334088429678264180e-103,-4.974756516520165489e-102,-6.467618345063813842e-101,-4.633297065863486131e-100,-2.517804358274133056e-99,-1.121348721069513129e-98,-4.221206401012305313e-98,-1.363726104584997569e-97,-3.813303400059561257e-97,-9.276299872758997524e-97,-1.969446417031514219e-96,-3.656950669349364576e-96,-5.947097888665630287e-96,-8.478350379302579672e-96,-1.060272286432419386e-95,-1.163631581362862565e-95,-1.121085045340822613e-95,-9.483722083091070875e-96,-7.045315160970811890e-96,-4.596720229694389505e-96,-2.634225405720216284e-96,-1.325979394623566935e-96,-5.862931216813942914e-97,-2.277181409709278162e-97,-7.769493246857208256e-98,-2.328655172954191643e-98,-6.131104647679628487e-99,-1.418064125274364220e-99,-2.881233016717913352e-100,-5.142656402278873799e-101,-8.063509768534104225e-102,-1.110679647279019977e-102,-1.343946638775487046e-103,-1.428578300171811752e-104,-1.333997735069918798e-105,-1.094297231701190943e-106,-7.885782160041593780e-108,-4.992103593460439993e-109,-2.776206649156465988e-110,-1.356280175135781701e-111,-5.820716995158901208e-113,-2.194487032476285781e-114,-7.268068794699194898e-116,-2.114630657152835878e-117,-5.404798520445095486e-119,-1.213539698598887431e-120,-2.393635206557079316e-122,-4.147548173458436024e-124,-6.313270744477593014e-126,-8.442030001448161513e-128,-9.916738701904270160e-130,-1.023340945902078868e-131,-9.276867116172441487e-134,-7.387743748462810171e-136,-5.168348778471156262e-138,-3.176298486944249040e-140,-1.714826969671717453e-142,-8.132963180756306934e-145,-3.388494700340131020e-147,-1.240207401500409473e-149,-3.987597642858968232e-152,-1.126309756030907049e-154,-2.794691441538073792e-157,-6.091712346552460735e-160,-1.166472256156241848e-162,-1.962180447144746040e-165,-2.899565857352494297e-168
7.909963508341814828e-253,1.006070904393519374e-248,1.124118777528316158e-244,1.103380537275047508e-240,9.514104983870263608e-237,7.206760062955674956e-233,4.795586076171798513e-229,2.803320942244941153e-225,1.439572214789611161e-221,6.494169106692236222e-218,2.573612955910918060e-214,8.959677507017483030e-211,2.740129098022066044e-207,7.361717936417803835e-204,1.737468037822755312e-200,3.602333988463627002e-197,6.561159978366871950e-194,1.049800503363260465e-190,1.475578850955827197e-187,1.821996589415140750e-184,1.976342386073520380e-181,1.883242692081676556e-178,1.576448789835285543e-175,1.159265471626622539e-172,7.488854113334534135e-170,4.249885677041513547e-167,2.118695240559925624e-164,9.278740770697444805e-162,3.569758323835803555e-159,1.206473231259252873e-156,3.581999290058394990e-154,9.342475839685197715e-152,2.140557023273021082e-149,4.308434016919947617e-147,7.617968913305994243e-145,1.183273180233113459e-142,1.614564679776601685e-140,1.935300324154430205e-138,2.037796322060968645e-136,1.884900173165360474e-134,1.531528030487261716e-132,1.093104667216467889e-130,6.853085389401313010e-129,3.773810504475847985e-127,1.825230628204115620e-125,7.752862743390130564e-124,2.891745217512668280e-122,9.469679065451442385e-121,2.721936637035749315e-119,6.864830209925848155e-118,1.518311606314629623e-116,2.942634812991528928e-115,4.991872276907522491e-114,7.399602914322580111e-113,9.560012241327036622e-112,1.072212419354419190e-110,1.037217010023400226e-109,8.558615270857001813e-109,5.899172226029577897e-108,3.243337059664375396e-107,1.239070551959703830e-106,1.002761407708131730e-106,-3.306702500297429058e-105,-3.594033772254121874e-104,-2.458692156340572821e-103,-1.309351695988026979e-102,-5.768731623266577491e-102,-2.157739012155205891e-101,-6.943004663094181424e-101,-1.936371296719873288e-100,-4.702270864020241065e-100,-9.971645801430066681e-100,-1.850091095657736887e-99,-3.007039341500112115e-99,-4.285281768431116294e-99,-5.357599171718905399e-99,-5.878792812683622533e-99,-5.663114725596923891e-99,-4.790233162889023180e-99,-3.558369588971324600e-99,-2.321558839353203408e-99,-1.330366422697289556e-99,-6.696468523194074734e-100,-2.960856530507811294e-100,-1.149994213724755163e-100,-3.923625464782107673e-101,-1.175974254196250631e-101,-3.096205706910956803e-102,-7.161200973652950330e-103,-1.455015483821182861e-103,-2.597025473091682949e-104,-4.072043845060315426e-105,-5.608889483669290864e-106,-6.786875973711651553e-107,-7.214260315597158172e-108,-6.736631060764024813e-109,-5.526153059051907652e-110,-3.982285029728817067e-111,-2.520990005787781365e-112,-1.401971882647104291e-113,-6.849153703606333881e-115,-2.939435755185476501e-116,-1.108206007034940285e-117,-3.670341762821801559e-119,-1.067878878060988906e-120,-2.729398690727604784e-122,-6.128320304011226781e-124,-1.208774893186359424e-125,-2.094492960651690571e-127,-3.188173002891423814e-129,-4.263186738486180440e-131,-5.007907918746072076e-133,-5.167825207660740824e-135,-4.684775675913883569e-137,-3.730776971503900968e-139,-2.609992611658586541e-141,-1.604016280198618122e-143,-8.659798152367173135e-146,-4.107109391659282016e-148,-1.711174401938442867e-150,-6.262990933029443952e-153,-2.013718661178084814e-155,-5.687813006957356114e-158,-1.411306458667382410e-160,-3.076287010148701967e-163,-5.890631804581370318e-166,-9.908921954414519766e-169,-1.464267561321180238e-171
3.231913156260399240e-256,4.110681153677731342e-252,4.593010147716588846e-248,4.508276265535901369e-244,3.887345501946006718e-240,2.944592934431473555e-236,1.959417096170052884e-232,1.145402228733267188e-228,5.881913833535960315e-225,2.653437090936872254e-221,1.051546388877881982e-217,3.660813294548195302e-214,1.119582821689887617e-210,3.007906794810043641e-207,7.099079257580852176e-204,1.471869058560398381e-200,2.680808710935235283e-197,4.289354829409526666e-194,6.029032389955961457e-191,7.444452299916815498e-188,8.075090014598460450e-185,7.694696088650459592e-182,6.441174112021601686e-179,4.736614701467597464e-176,3.059852621456538524e-173,1.736450304897530325e-170,8.656723836417847112e-168,3.791176970373841428e-165,1.458558158256570099e-162,4.929495921701365945e-160,1.463558724218090973e-157,3.817213109287391339e-155,8.746028537998382542e-153,1.760366340319877334e-150,3.112591459416762516e-148,4.834671471261457993e-146,6.596840681679083999e-144,7.907276354088436874e-142,8.326001069844789245e-140,7.701227509481923254e-138,6.257353657318853971e-136,4.466004302081516956e-134,2.799829394126160481e-132,1.541730265508616826e-130,7.456268837947479457e-129,3.166874284289791530e-127,1.181077728480971209e-125,3.867066105255698708e-124,1.111272939385430848e-122,2.801711199727549346e-121,6.193541844997682531e-120,1.199505100273635210e-118,2.032699148684440469e-117,3.008472105206089977e-116,3.877858046848426592e-115,4.333937233933550536e-114,4.169264385238003510e-113,3.408771739011719252e-112,2.310881795081753921e-111,1.226654934257437222e-110,4.205065719083426412e-110,-2.460416347127382229e-110,-1.791550996321421661e-108,-1.728389134307768489e-107,-1.139320050092561250e-106,-5.963364355235603157e-106,-2.602457886824338561e-105,-9.678723703724169088e-105,-3.103080232644070270e-104,-8.633844138280691046e-104,-2.093314861799800955e-103,-4.434317056448772600e-103,-8.221162766937889323e-103,-1.335546030365436457e-102,-1.902595904985927603e-102,-2.378107215320850671e-102,-2.609009236280600689e-102,-2.512993785797830488e-102,-2.125479090194028218e-102,-1.578796624645021953e-102,-1.030000250436070669e-102,-5.902237475308804420e-103,-2.970863414314179137e-103,-1.313554931798054097e-103,-5.101787318349666104e-104,-1.740649443375154034e-104,-5.216984423460810883e-105,-1.373567805161638644e-105,-3.176911800721042701e-106,-6.454850842586188958e-107,-1.152110981616884837e-107,-1.806467738707206030e-108,-2.488252263878472310e-109,-3.010837179625620141e-110,-3.200435282262121998e-111,-2.988545841056490119e-112,-2.451545796862523517e-113,-1.766645462214752356e-114,-1.118376819633487629e-115,-6.219512100048683955e-117,-3.038462719264404030e-118,-1.304010122552877937e-119,-4.916289890531005655e-121,-1.628258987380942195e-122,-4.737388177576995881e-124,-1.210832172691460438e-125,-2.718682098882914672e-127,-5.362439448583132294e-129,-9.291714875906578152e-131,-1.414356363899851871e-132,-1.891260381184231334e-134,-2.221638040851412476e-136,-2.292581503317302728e-138,-2.078288182544064580e-140,-1.655069575647756504e-142,-1.157860519826099792e-144,-7.115832878267660427e-147,-3.841711407048370629e-149,-1.822020412198505728e-151,-7.591214140495770254e-154,-2.778425464848627626e-156,-8.933379062796351755e-159,-2.523261595992256319e-161,-6.260922050259069027e-164,-1.364720827029837718e-166,-2.613237282972020687e-169,-4.395855172126294179e-172,-6.495871258658718600e-175
