0.000000000000000000e+00,0.000000000000000000e+00,0.000000000000000000e+00,0.000000000000000000e+00,0.000000000000000000e+00,0.000000000000000000e+00,0.000000000000000000e+00,0.000000000000000000e+00,0.000000000000000000e+00,0.000000000000000000e+00,0.000000000000000000e+00,0.000000000000000000e+00,0.000000000000000000e+00,0.000000000000000000e+00,2.482093870639792352e-03,2.233884483575820923e-02,1.214580461382865906e-01,1.024341371560854308e-01,6.698048859834671021e-02,-4.030331596732139587e-02,-7.903564271945764941e-02,-1.062529534101486206e-01,-9.421482682228088379e-02,-2.770167027437521468e-02,-1.363157946616411209e-02,8.984064310789108276e-02,1.251091212034225464e-01,1.108589784375262899e-01,2.535812184214591980e-02,4.401579964905977249e-03,4.119373035306718445e-02,1.009809747338294983e-01,1.649698168039321899e-01,1.321763555918427924e-01,1.119957640767097473e-01,5.719377845525741577e-02,6.616022437810886725e-02,6.765463203191757202e-02,4.166204854846000671e-02,2.824337966740131378e-02,2.847811316568698431e-02,2.958776243031024933e-02,3.134300932288169861e-02,2.482466662805223045e-02,1.554856356233358383e-02,-7.977076806128025055e-03,5.586261949723553624e-03,1.286415103822946548e-02,5.609310418367385864e-02,5.873849077357180815e-02,5.906916409730911255e-02,5.551701039075851440e-02,2.427607774734497070e-02,1.926672837090915441e-02,0.000000000000000000e+00,0.000000000000000000e+00,0.000000000000000000e+00,0.000000000000000000e+00,0.000000000000000000e+00,0.000000000000000000e+00,0.000000000000000000e+00,0.000000000000000000e+00,0.000000000000000000e+00,0.000000000000000000e+00
0.000000000000000000e+00,0.000000000000000000e+00,0.000000000000000000e+00,0.000000000000000000e+00,0.000000000000000000e+00,0.000000000000000000e+00,0.000000000000000000e+00,0.000000000000000000e+00,0.000000000000000000e+00,0.000000000000000000e+00,0.000000000000000000e+00,0.000000000000000000e+00,0.000000000000000000e+00,0.000000000000000000e+00,2.150053227389293886e-03,1.935047904650371089e-02,1.100889945491439065e-01,9.245847670596527013e-02,5.960160254367762728e-02,-4.016344196030071506e-02,-7.607695939379241490e-02,-1.013134851578682549e-01,-8.571080530860597513e-02,-2.221927602354693138e-02,-8.788375597861093277e-03,8.488737472466062473e-02,1.214851611663424896e-01,1.086800264494492962e-01,3.184921814808767959e-02,7.956168555196303435e-03,4.162721409168833320e-02,9.634266308848822569e-02,1.540521330658405907e-01,1.235881758598970787e-01,1.048411252716231201e-01,5.540151231818730287e-02,6.316244745808655137e-02,6.445593664806988088e-02,4.136739020782804338e-02,2.933056232711625175e-02,2.979282685643507705e-02,3.197807735866969175e-02,3.365522102704122942e-02,2.605946388299281574e-02,1.525011717800110050e-02,-1.168539360283857818e-02,1.132668440180111848e-03,8.010652951068366473e-03,5.163165909494090572e-02,5.473071537169971190e-02,5.511809740629462773e-02,5.128086146174207216e-02,2.331056018611268876e-02,1.850044459215335543e-02,0.000000000000000000e+00,0.000000000000000000e+00,0.000000000000000000e+00,0.000000000000000000e+00,0.000000000000000000e+00,0.000000000000000000e+00,0.000000000000000000e+00,0.000000000000000000e+00,0.000000000000000000e+00,0.000000000000000000e+00
0.000000000000000000e+00,0.000000000000000000e+00,0.000000000000000000e+00,0.000000000000000000e+00,0.000000000000000000e+00,0.000000000000000000e+00,0.000000000000000000e+00,0.000000000000000000e+00,0.000000000000000000e+00,0.000000000000000000e+00,0.000000000000000000e+00,0.000000000000000000e+00,0.000000000000000000e+00,0.000000000000000000e+00,-1.701618234316501976e-03,-1.531456410884857351e-02,-2.179200388491153717e-02,-2.325918451542891702e-02,-2.599347569048404694e-02,-3.854090347886085510e-02,-4.175623281607548920e-02,-4.401565343141555786e-02,1.293584425002336502e-02,4.137649728606134641e-02,4.739278927445411682e-02,2.742946147918701172e-02,7.944722473621368408e-02,8.340418338775622276e-02,1.071459352970123152e-01,4.918939620256423950e-02,4.665562545969373365e-02,4.253824800252914429e-02,2.740700170397758484e-02,2.396529096932645264e-02,2.184731513261795044e-02,3.461122512817383506e-02,2.838823518582760108e-02,2.735107019543647766e-02,3.794935345649719238e-02,4.194188117980957031e-02,4.504350566911298481e-02,5.970573052763938904e-02,6.047687679529189370e-02,4.038311204030372442e-02,1.178813911974430084e-02,-5.470186844468116760e-02,-5.052901627052402284e-02,-4.828992486000061035e-02,-1.211039343615993722e-04,8.240520709983116879e-03,9.285723790526390076e-03,2.141533885151147842e-03,1.211055647581815720e-02,9.611552758586062659e-03,0.000000000000000000e+00,0.000000000000000000e+00,0.000000000000000000e+00,0.000000000000000000e+00,0.000000000000000000e+00,0.000000000000000000e+00,0.000000000000000000e+00,0.000000000000000000e+00,0.000000000000000000e+00,0.000000000000000000e+00
0.000000000000000000e+00,0.000000000000000000e+00,0.000000000000000000e+00,0.000000000000000000e+00,0.000000000000000000e+00,0.000000000000000000e+00,0.000000000000000000e+00,0.000000000000000000e+00,0.000000000000000000e+00,0.000000000000000000e+00,0.000000000000000000e+00,0.000000000000000000e+00,0.000000000000000000e+00,0.000000000000000000e+00,-1.592002705567407365e-03,-1.432802435010671442e-02,-2.395906858146190643e-02,-1.942822650548013327e-02,-1.098438445478677750e-02,-2.254143357276916504e-03,-2.421317095794353960e-02,-3.964383900165557861e-02,-2.582571096718311310e-02,2.870935784091059595e-02,4.024562239646911621e-02,2.388469688594341278e-02,3.184806928038597107e-02,4.533294588327369673e-02,1.262422055006027222e-01,7.838936150074005127e-02,5.885674485138492340e-02,2.711624279618263245e-02,2.362137194722890854e-03,2.463119246420360231e-02,3.833522647619247437e-02,3.733722493052482605e-02,-1.491762218730728444e-02,-2.362676337361336101e-02,2.242985367774963379e-02,6.113997846841812134e-02,6.298672904570885855e-02,7.171682268381118774e-02,3.583617135882377625e-02,3.296022016614198746e-02,2.886752039194107056e-02,-5.642572883516550064e-03,-3.622413094022416957e-02,-5.263374745845794678e-02,-2.094494551420211792e-02,1.634776012764963676e-02,2.100934833288192749e-02,1.386515796184539621e-02,3.380586579442024231e-02,2.683005221779446656e-02,0.000000000000000000e+00,0.000000000000000000e+00,0.000000000000000000e+00,0.000000000000000000e+00,0.000000000000000000e+00,0.000000000000000000e+00,0.000000000000000000e+00,0.000000000000000000e+00,0.000000000000000000e+00,0.000000000000000000e+00
0.000000000000000000e+00,0.000000000000000000e+00,0.000000000000000000e+00,0.000000000000000000e+00,2.574643955989981345e-03,8.110128461368470640e-03,4.532681098059986036e-02,4.081605603455221165e-02,3.720745207771409407e-02,2.670436151443956324e-02,2.711095221849365786e-02,2.721666580154772502e-02,2.420582468547509761e-02,8.591864080656111402e-03,6.729508648302901311e-03,-8.169334810522836665e-03,-2.360031425598121957e-02,-1.763459998981935575e-02,-6.516677948335823298e-03,8.643119581161944412e-03,-8.780525929232703766e-03,-2.102416872032111805e-02,-3.719400375017094251e-02,1.957122315097706636e-02,3.157925191852784669e-02,2.645993271162584703e-02,3.174689867430263018e-02,4.303346998364445536e-02,1.107528978396976338e-01,9.506882727146143131e-02,6.876897632805405169e-02,2.603171854501679441e-02,1.073576327383751750e-02,1.198731700432906222e-02,1.275750391540082102e-02,3.030587490352375929e-02,-1.603810934354062828e-02,-2.376210671805199792e-02,1.785745276581674965e-02,4.416718733097831778e-02,4.930149861624303492e-02,7.357278832840540017e-02,5.650719816959085678e-02,4.234190348561095441e-02,2.218359951225540305e-02,-4.568270710666505821e-03,-2.290393039701472608e-02,-3.274257705798231527e-02,-1.864170495952879522e-02,2.162691317432626631e-03,4.763240852053261462e-03,7.951579219292100389e-03,2.182742929647843444e-02,1.732335658450709706e-02,0.000000000000000000e+00,0.000000000000000000e+00,0.000000000000000000e+00,0.000000000000000000e+00,0.000000000000000000e+00,0.000000000000000000e+00,0.000000000000000000e+00,0.000000000000000000e+00,0.000000000000000000e+00,0.000000000000000000e+00
0.000000000000000000e+00,0.000000000000000000e+00,0.000000000000000000e+00,0.000000000000000000e+00,8.110128461368472375e-03,2.554690465331077576e-02,1.427794545888900757e-01,1.285705765088399344e-01,1.172034740447998047e-01,8.411873877048492432e-02,8.539949948825532877e-02,8.573249727487564087e-02,7.624834775924682617e-02,2.706437185406684529e-02,2.462075805912416343e-02,5.071847699582576752e-03,-2.282899245619773865e-02,-1.377830298114866847e-02,3.088891040533781052e-03,3.207223489880561829e-02,2.439966088249577100e-02,1.900812238454818726e-02,-6.163583323359489441e-02,-7.576643238013918563e-05,1.294655539095401764e-02,3.199668973684310913e-02,3.152938187122344971e-02,3.808959679944155796e-02,7.745088636875152588e-02,1.309296786785125732e-01,9.008027400289275732e-02,2.369999140501022339e-02,2.873905934393405914e-02,-1.519701523440133636e-02,-4.223459959030151367e-02,1.518847234547138214e-02,-1.844715672944233220e-02,-2.405309490859508514e-02,8.026790805160999298e-03,7.675686385482549667e-03,1.987825319289136111e-02,7.756311446428298950e-02,1.009499058127403259e-01,6.251252262246934088e-02,7.813169620931148529e-03,-2.258521039038896561e-03,5.734500770885720723e-03,1.002343930304050446e-02,-1.368973776698112488e-02,-2.833520662453411013e-02,-3.016589023172855377e-02,-4.762615077197551727e-03,-3.926209174096584320e-03,-3.116039027060853693e-03,0.000000000000000000e+00,0.000000000000000000e+00,0.000000000000000000e+00,0.000000000000000000e+00,0.000000000000000000e+00,0.000000000000000000e+00,0.000000000000000000e+00,0.000000000000000000e+00,0.000000000000000000e+00,0.000000000000000000e+00
0.000000000000000000e+00,0.000000000000000000e+00,0.000000000000000000e+00,0.000000000000000000e+00,3.706090980105916644e-02,1.167418658733367920e-01,4.095036908984184265e-02,5.491833885510762764e-02,6.609271466732025146e-02,9.997299313545227051e-02,9.565862800393787335e-02,9.453689306974411011e-02,4.354955628514289856e-02,-4.569707438349723816e-03,-3.336681053042416141e-03,6.527530029416083422e-03,4.517144523561000824e-03,1.888192805742617501e-04,-7.877605035901069641e-03,1.182386837899684906e-02,5.158300904764030748e-02,7.952186465263366699e-02,4.300276562571525574e-02,-4.627126354783268891e-02,-6.515615433454513550e-02,4.270791076123714447e-03,7.231712341308595138e-02,7.062707628522604808e-02,6.048679351806640625e-02,8.304627239704132080e-02,8.804905485539207821e-02,9.617857635021209717e-02,2.828965708613395691e-02,1.215247876410007095e-02,2.221907489001750946e-03,-4.833330959081649780e-02,-2.641922129052051704e-02,-2.276687324047088623e-02,-2.004789374768733978e-02,4.536203294992446899e-02,3.560054500306471942e-02,-1.054467074573040182e-02,5.533902719616889954e-02,5.484412663749285016e-02,5.413984507322311401e-02,5.877277348190546036e-03,6.908747530172731910e-03,7.462219335138797760e-03,-5.079314112663269043e-03,-9.121615025732172921e-03,-9.626902639865875244e-03,-2.617405541241168976e-02,-6.067080050706863403e-02,-4.815142897386511661e-02,0.000000000000000000e+00,0.000000000000000000e+00,0.000000000000000000e+00,0.000000000000000000e+00,0.000000000000000000e+00,0.000000000000000000e+00,0.000000000000000000e+00,0.000000000000000000e+00,0.000000000000000000e+00,0.000000000000000000e+00
0.000000000000000000e+00,0.000000000000000000e+00,0.000000000000000000e+00,0.000000000000000000e+00,3.665680187299334702e-02,1.154689258999294782e-01,4.963577166199684143e-02,5.223104757843194390e-02,5.430726831158003143e-02,8.892398493157493977e-02,8.337321434649633267e-02,8.193001399437586929e-02,4.189041132728259231e-02,8.022359468870686808e-03,7.485926297872705186e-03,3.194460929888819252e-03,2.229455941253237483e-02,2.984590986103045213e-03,-3.300216835406090399e-02,8.249792994724416267e-04,3.242854842656579112e-02,5.463646186722651010e-02,8.251861896779801031e-02,1.279935485156147648e-02,-1.948951019181167921e-03,9.202069033765141294e-04,4.695457509822317105e-02,4.888505364457761126e-02,6.046792492270469666e-02,2.958457285745277887e-02,3.848355739973680772e-02,5.294440728094843701e-02,5.110094034009508845e-02,4.054761662212019724e-02,3.405326356490452622e-02,-3.704008956750253628e-03,5.656938467706831841e-03,7.217096371783141701e-03,-8.936202805165929450e-03,1.009142729971145187e-02,6.739707964241101190e-03,-9.104783439801799119e-03,2.873359041081553766e-03,1.709302724380152086e-02,3.732870891690254905e-02,4.146366612985730171e-03,1.071504420704341622e-03,-5.784216336905921574e-04,-1.044739896638525664e-02,-9.430456711094339917e-03,-9.303338929182954076e-03,-1.811303270773755719e-02,-3.605144036312898231e-02,-2.861225425645224502e-02,0.000000000000000000e+00,0.000000000000000000e+00,0.000000000000000000e+00,0.000000000000000000e+00,0.000000000000000000e+00,0.000000000000000000e+00,0.000000000000000000e+00,0.000000000000000000e+00,0.000000000000000000e+00,0.000000000000000000e+00
0.000000000000000000e+00,0.000000000000000000e+00,0.000000000000000000e+00,0.000000000000000000e+00,3.633351553054069843e-02,1.144505739212036133e-01,5.658409371972084045e-02,5.008121455709139969e-02,4.487891122698783875e-02,8.008477836847305298e-02,7.354488342054309180e-02,7.184451073408126831e-02,4.056309536099433899e-02,1.809601299464702606e-02,1.614401217860480728e-02,5.280056502670049667e-04,3.651649132370948792e-02,5.221208350526073197e-03,-5.310181900858879089e-02,-7.974131964147090912e-03,1.710497992970616554e-02,3.472813963890075684e-02,1.141313016414642334e-01,6.005584957107684696e-02,4.861681163311004639e-02,-1.760260434821248055e-03,2.666453644633293152e-02,3.149143553205885349e-02,6.045283004641533592e-02,-1.318478677421808243e-02,-1.168840564787431216e-03,1.835707202553749084e-02,6.934996694326400757e-02,6.326372690853632186e-02,5.951834842562675476e-02,3.199943155050277710e-02,3.131786627428873038e-02,3.120427206158638000e-02,-4.685005114879459820e-05,-1.812505722045898438e-02,-1.634896166681781837e-02,-7.952873595058917999e-03,-3.909917548298835754e-02,-1.310785227115156791e-02,2.387979999184608459e-02,2.761638024821877480e-03,-3.598290066870374337e-03,-7.010934408754110336e-03,-1.474186684936285019e-02,-9.677530059384074207e-03,-9.044487960636615753e-03,-1.166421454399824142e-02,-1.635595224797725677e-02,-1.298091448252193525e-02,0.000000000000000000e+00,0.000000000000000000e+00,0.000000000000000000e+00,0.000000000000000000e+00,0.000000000000000000e+00,0.000000000000000000e+00,0.000000000000000000e+00,0.000000000000000000e+00,0.000000000000000000e+00,0.000000000000000000e+00
0.000000000000000000e+00,0.000000000000000000e+00,0.000000000000000000e+00,0.000000000000000000e+00,2.824141156105758332e-02,8.896044641733169556e-02,8.777020871639250321e-02,8.405950913826623627e-02,8.109094947576522827e-02,5.796121060848236084e-02,3.777341899417702847e-02,3.252459317445755005e-02,4.160117730498313904e-02,1.126981247216463089e-02,1.541508444481424350e-02,4.857726022601127625e-02,-1.370723079890012741e-02,-1.106389325171236969e-02,-6.137673277407884598e-03,1.116738421842455999e-04,2.660519054292542762e-02,4.522225633263587952e-02,1.832667365670204163e-02,6.506607663773338046e-02,7.495325803756713867e-02,5.973691865801811218e-02,4.877032339572906494e-02,4.121466859110785308e-02,-4.119260236620903015e-03,-9.812794625759124756e-03,-2.926330871525258115e-02,-6.087039411067962646e-02,7.319106254726648331e-03,3.745262253852055245e-02,5.599632486701011658e-02,1.321976631879806519e-01,1.015944885356089289e-01,9.649395942687988281e-02,3.612532466650009155e-02,-3.571208566427230835e-02,-3.442771558368970530e-02,-2.835614793002605438e-02,-3.058291599154472351e-02,-1.424989036269581726e-02,8.993261493742465973e-03,-1.921551860868930817e-02,-8.185901716055951280e-03,-2.267570700496435165e-03,-6.315776612609624863e-03,-5.404498278059799432e-02,-6.001113355159759521e-02,1.134425401687622070e-02,2.702947147190570831e-02,4.157662610449357893e-02,9.752722084522247314e-02,1.297627240419387817e-01,1.102317488855786565e-01,8.581802994012832642e-02,0.000000000000000000e+00,0.000000000000000000e+00,0.000000000000000000e+00,0.000000000000000000e+00,0.000000000000000000e+00,0.000000000000000000e+00
0.000000000000000000e+00,0.000000000000000000e+00,0.000000000000000000e+00,0.000000000000000000e+00,2.098367598051382316e-02,6.609857933861876256e-02,9.038938936733062479e-02,9.373089428038400284e-02,9.640409821082669695e-02,6.562925354828907931e-02,5.965216793110515725e-02,5.809812567063731004e-02,5.254929104731192319e-02,6.654710903586356918e-02,5.737939656332675942e-02,-1.596230321696803442e-02,3.061537423895405348e-03,1.126379854733084926e-02,2.654983064100607804e-02,9.587126477281458781e-04,5.658590252033487630e-03,8.961206946950831323e-03,4.323260456560140685e-02,3.831516121509224992e-02,3.727493281402298464e-02,7.871760682217651683e-02,1.041694174683453159e-03,-1.998761385812572369e-04,-7.649298018169769196e-03,1.155510834521709766e-02,-4.102709936154075657e-03,-2.954666464338238235e-02,-4.733227021134779611e-02,1.638625415206641789e-02,5.559765376032345385e-02,4.965235109603623187e-02,1.259832125148660498e-01,1.387050227513387524e-01,7.191913196491803162e-02,-9.060683844995498851e-03,-1.989043243257482274e-02,-7.108560757386291062e-02,-1.258461127087243808e-02,2.615537340491294258e-03,2.424651805666225290e-02,5.366369700502755802e-02,2.816755517132195352e-03,-2.446696918369041171e-02,-2.377113025073724489e-02,-2.033554738867106998e-02,-1.990609953091272352e-02,-1.781780110110318819e-03,2.926186794444681286e-02,3.594755646874697036e-02,6.166174310067356473e-02,8.532539766932305259e-02,8.181701303579620721e-02,7.743153224388760192e-02,0.000000000000000000e+00,0.000000000000000000e+00,0.000000000000000000e+00,0.000000000000000000e+00,0.000000000000000000e+00,0.000000000000000000e+00
0.000000000000000000e+00,0.000000000000000000e+00,0.000000000000000000e+00,0.000000000000000000e+00,1.909666472957241221e-02,6.015449389815330505e-02,9.107037633657455444e-02,9.624545441733466100e-02,1.003855168819427490e-01,6.762294471263885498e-02,6.534064265470657107e-02,6.474724411964416504e-02,5.539580062031745911e-02,8.091920614242555099e-02,6.829011771414020271e-02,-3.274258971214294434e-02,7.421417161822319031e-03,1.706899841508218579e-02,3.504858165979385376e-02,1.178942737169563770e-03,2.124741764014886436e-04,-4.666658933274447918e-04,4.970814660191535950e-02,3.135992320520543386e-02,2.747856825590133667e-02,8.365258574485778809e-02,-1.136774942278862000e-02,-1.096765776830061281e-02,-8.567107841372489929e-03,1.711076311767101288e-02,2.439045746411646828e-03,-2.140249498188495636e-02,-6.154162809252738953e-02,1.090899837158824590e-02,5.549399927258491516e-02,2.819056995213032116e-02,1.323242807494730000e-01,1.496798992156982422e-01,8.122552186250686646e-02,-2.131319371983408494e-03,-1.611073881328488680e-02,-8.219526708126068115e-02,-7.905052043497562408e-03,7.000548543320019718e-03,2.821236476302146912e-02,7.261229306459426880e-02,5.677446397761163471e-03,-3.023881278932094574e-02,-2.830952219665050507e-02,-1.157109418676991949e-02,-9.478790685534477234e-03,-5.194548983126878738e-03,2.984229102730750691e-02,3.448399836345282521e-02,5.233671888709068298e-02,7.377169281244277954e-02,7.442918171485264633e-02,7.525104284286499023e-02,0.000000000000000000e+00,0.000000000000000000e+00,0.000000000000000000e+00,0.000000000000000000e+00,0.000000000000000000e+00,0.000000000000000000e+00
0.000000000000000000e+00,0.000000000000000000e+00,0.000000000000000000e+00,0.000000000000000000e+00,3.028316157204753375e-02,9.539195895195007324e-02,6.566980481147766113e-02,8.045076744423970694e-02,9.227553755044937134e-02,8.526093512773515182e-02,7.590403478770033074e-02,7.347124069929122925e-02,9.418884664773941040e-02,6.264407187700271606e-02,5.596586479805411990e-02,2.540208166465163231e-03,-1.408425439149141312e-02,-7.753636407118964791e-03,4.044333472847938538e-03,1.956297270953655243e-02,1.618244231397673524e-02,1.380693446844816381e-02,3.432146459817886353e-02,2.563563332198161293e-02,2.379824593663215637e-02,-3.751295059919357300e-02,5.707696825265884399e-02,5.275108399135738230e-02,2.679577842354774475e-02,-2.770045830402523279e-04,9.642285947588102174e-03,2.576113305985927582e-02,-3.463991219177842140e-03,-3.852758796087259879e-02,-6.010518595576286316e-02,4.970070347189903259e-02,2.422785546098466664e-02,1.998238079249858856e-02,1.224859952926635742e-01,5.221086367964744568e-02,4.138785222220112137e-02,-9.775474667549133301e-03,-6.910348683595657349e-02,-4.093960296946524968e-02,-8.602297748439013958e-04,8.007743209600448608e-02,3.958947341593520991e-02,1.786422729492187500e-02,-5.381197202950716019e-03,3.284036776878693220e-02,3.761806339025497437e-02,4.037530452478677034e-04,3.383841738104820251e-02,3.317578261097278020e-02,3.062718734145164490e-02,6.998166441917419434e-02,7.031041052606369635e-02,7.072134315967559814e-02,4.038009420037269592e-02,3.690557938719551956e-02,3.528952598571777344e-02,2.323664352297782551e-02,9.400368747966549032e-02,1.001042947173118591e-01
7.267054915428161621e-02,7.526441557066779198e-02,1.053532660007476807e-01,1.093449443578720093e-01,1.112346292015105875e-01,1.152974516153335433e-01,1.439049094915390015e-01,8.671646730767357258e-02,4.096571356058121421e-02,9.942797571420668168e-02,8.014674827693007986e-02,7.513362914323806763e-02,3.773959726095199585e-02,1.567233167588710438e-02,2.042079137431248789e-02,5.840846896171569130e-02,-1.342259254306554794e-02,-8.457691068687153008e-03,7.950798608362674713e-04,2.300613000988960266e-02,1.291612767806611661e-02,5.825855769217015180e-03,8.130675181746482849e-03,3.250837163437917537e-02,3.766519203782082298e-02,3.537998721003532410e-02,-5.022531002759933472e-02,-3.895405546895128190e-02,2.867347188293933521e-02,3.032171912491321911e-02,4.362749884880719187e-02,6.524939090013504028e-02,2.575076185166835351e-03,-6.588356392014404518e-03,-1.222739182412624359e-02,-1.126096956431865692e-02,5.811926323388221655e-02,6.968263536691667037e-02,2.092761732637882580e-02,6.001650169491767883e-02,5.787907197834967626e-02,4.777485877275466919e-02,-5.280220136046409607e-02,-3.625295470867815478e-02,-1.270210370421409607e-02,-3.359259339049458504e-03,3.642036453155498427e-02,5.776552855968475342e-02,3.421220928430557251e-02,3.089122888114723825e-02,3.047610633075237274e-02,6.671261787414550781e-02,4.290194064378739097e-02,3.687822177178384092e-02,1.371007226407527750e-02,2.413957007229328156e-02,3.031016989714567164e-02,3.802341967821121216e-02,3.383629256859421730e-03,1.195621225864642624e-02,1.594346016645431519e-02,3.497485443949699402e-02,1.176954772145965833e-01,1.248265653848648071e-01
7.674526174863177674e-02,7.885035141855739615e-02,1.032693915896945591e-01,1.073810209830602103e-01,1.093758273429551037e-01,1.136646610167291460e-01,1.371443031562699366e-01,8.615479875861864478e-02,4.536319524049757523e-02,9.043639132546058002e-02,7.602550937897636918e-02,7.227868007289039998e-02,3.662117529246541880e-02,1.579500010444058120e-02,1.992908631807858988e-02,5.300177602718275649e-02,-6.213489092058631542e-03,-1.096633014908167652e-03,8.439326037963204227e-03,1.709280618362958581e-02,7.757763205855090771e-03,1.198003275526910751e-03,8.290611621406342863e-03,3.304381351228104918e-02,3.828006775842772436e-02,3.108332200079329949e-02,-4.317613287518425047e-02,-3.367218298334953563e-02,2.335151636766064770e-02,3.541029410229787344e-02,4.437643175244958271e-02,5.894640543394619875e-02,1.124647839201818253e-02,1.286568583319606680e-03,-4.842606683572159981e-03,-7.270320215159007185e-03,5.155433502994292289e-02,6.135844423746072279e-02,1.861845818024853577e-02,5.231609185122784028e-02,5.078157284699485324e-02,4.352748300880195098e-02,-4.358602377275629797e-02,-3.187252984199875211e-02,-1.520332694053649035e-02,-1.198022729820683247e-03,3.847366253429793798e-02,5.976090828577677178e-02,3.980276319715710109e-02,3.675149178799291816e-02,3.637008286184732764e-02,6.463620314995448257e-02,3.977319111840593724e-02,3.485162275953417044e-02,1.592251368694834468e-02,2.278546181817850402e-02,2.781146291045494268e-02,3.409396427580053957e-02,5.603848646084563703e-04,1.049112826355815681e-02,1.511007868167427159e-02,3.414147305819723727e-02,1.160056297544124482e-01,1.230628846420182138e-01
1.093429625034332275e-01,1.075378382016742157e-01,8.659839630126953125e-02,9.166963398456572099e-02,9.450541247451114957e-02,1.006023362278938293e-01,8.305945247411727905e-02,8.166145036617915298e-02,8.054304867982864380e-02,1.850371621549129486e-02,4.305559819534648947e-02,4.943908751010894775e-02,2.767379954457283020e-02,1.677634753286838531e-02,1.599544586820735373e-02,9.748232550919055939e-03,5.145933851599693298e-02,5.779183141532395762e-02,6.959329545497894287e-02,-3.021378442645072937e-02,-3.350915257183328944e-02,-3.582481667399406433e-02,9.570103138685226440e-03,3.732734853549599802e-02,4.319907352328300476e-02,-3.289999673143029647e-03,1.321728434413671494e-02,8.582796901464595854e-03,-1.922412775456905365e-02,7.611889392137527466e-02,5.036789498158872336e-02,8.522521704435348511e-03,8.061769604682923751e-02,6.428596838599193175e-02,5.423567444086074829e-02,2.465487457811832428e-02,-9.650906015716655736e-04,-5.235084798187017441e-03,1.451850112061947584e-04,-9.287186898291110992e-03,-5.998420203843972918e-03,9.548476897180080414e-03,3.014339692890644073e-02,3.170869091436607622e-03,-3.521311283111572266e-02,1.609187014400959015e-02,5.490004655624157459e-02,7.572394609451293945e-02,8.452719449996948242e-02,8.363359504275853784e-02,8.352189511060714722e-02,4.802488535642623901e-02,1.474319491535425013e-02,1.863883066153680657e-02,3.362204506993293762e-02,1.195259578526020224e-02,7.821807016929005138e-03,2.658321056514978842e-03,-2.202557027339934956e-02,-1.229543697148053304e-03,8.443026803433895111e-03,2.747442200779915203e-02,1.024868500729393533e-01,1.089534386992454529e-01
9.181458503007888794e-02,8.982967348798873153e-02,6.680469959974288940e-02,7.562599331140518188e-02,6.441664802176615134e-02,4.031655564904212952e-02,-2.119851531460881233e-03,2.784532256838347444e-02,5.181746184825897217e-02,4.408136382699012756e-02,1.684070700809132612e-02,9.758136235177516937e-03,-1.490658335387706757e-02,7.254827767610548539e-02,7.129321951005195002e-02,6.125275418162345886e-02,7.220011949539184570e-02,5.872143036316315734e-02,3.360205516219139099e-02,4.156146943569183350e-02,-9.172070889718466485e-03,-4.482266679406166077e-02,-1.059797629714012146e-01,-3.563214755720587462e-02,-2.075092121958732605e-02,-8.053175173699855804e-03,5.306448438204824924e-04,8.778962888754670083e-03,5.826887115836144188e-02,2.072863653302192688e-02,5.872672672073033645e-02,1.204736232757568498e-01,7.566876709461212158e-02,6.461316985743409402e-02,5.780972540378570557e-02,4.560301080346107483e-02,-8.498921990393950437e-03,-1.751591078937053680e-02,-4.906218871474265358e-02,-3.903935477137565613e-02,-3.291165088081682982e-02,-3.944323398172855377e-03,3.729130327701568604e-02,2.377386064460807608e-02,4.537499975413084030e-03,2.693988569080829620e-02,6.144271915157605013e-02,7.995643466711044312e-02,1.446333378553390503e-01,9.179979397191045942e-02,8.519560098648072677e-02,6.031755357980727456e-02,2.832105197012424122e-02,3.082097026090750702e-02,4.043604061007499695e-02,-9.266280569136142731e-03,-1.736349664214581479e-02,-2.748501673340797424e-02,2.429532818496227264e-03,-2.339289473399287431e-02,-3.540332615375518799e-02,1.536836149170994759e-03,5.146987089103711999e-02,5.577444285154342651e-02
8.492738138588651342e-02,8.249398060546594968e-02,5.426653155258728128e-02,4.765860714195749304e-02,4.025172298005893351e-02,2.432692203197692887e-02,-1.627842442221225094e-02,8.784606965748252561e-03,2.883503207611667549e-02,3.849062566009781028e-02,2.904568235682025365e-02,2.658999709796804750e-02,1.300301819684949838e-02,4.262541293624858008e-02,4.567991658992666404e-02,7.011594581935137738e-02,7.534768444205086624e-02,6.114593154801686858e-02,3.467902842731702268e-02,3.366829472638314946e-02,8.650448874419069956e-04,-2.218588743181463749e-02,-9.280190971635642050e-02,-7.448314868230961061e-02,-7.060802615587655207e-02,-1.974810339096515557e-02,3.752488111670575568e-03,8.743715794311268663e-03,3.869108189015641602e-02,4.257096190537717345e-02,7.073552613952609203e-02,1.165029430200183458e-01,9.496813279295718280e-02,7.727816061187886554e-02,6.639202388506083852e-02,2.502482594360442084e-02,-1.474782093818478163e-03,-5.891383433389327066e-03,-4.665828170993972790e-02,-5.112493363401242330e-02,-4.113800921842318548e-02,6.072906200729630277e-03,4.945595184015844775e-02,3.786842697965226573e-02,2.137848775508615490e-02,2.478482819620579994e-02,5.648855354311188570e-02,7.350030860730583093e-02,1.244106775238401214e-01,1.003898215041593989e-01,9.738721450169876559e-02,5.223500172770215860e-02,3.133355474306476901e-02,2.914341108610230685e-02,2.071978163624573627e-02,6.685160558729833988e-03,-2.963935685339130939e-03,-1.502530599042541104e-02,3.770341254061171377e-03,-9.256259720086462001e-03,-1.531514389410858733e-02,2.724299063196490046e-03,3.128639316794259995e-02,3.374864265973141070e-02
7.209213823080062866e-02,6.882291659712792831e-02,3.089994564652442932e-02,-4.462430719286203384e-03,-4.782910052213876044e-03,-5.471940618008375168e-03,-4.266485571861267090e-02,-2.673763574825393369e-02,-1.399585977196693420e-02,2.807152271270751606e-02,5.179131823399701906e-02,5.795846506953239441e-02,6.501636654138565063e-02,-1.313992589712143118e-02,-2.053966124852537115e-03,8.663371205329895020e-02,8.121360093355178833e-02,6.566432011978973193e-02,3.668611496686935425e-02,1.895828731358051300e-02,1.957057883578632723e-02,2.000083774328231812e-02,-6.824318319559097290e-02,-1.468872871427306104e-01,-1.635235399007797241e-01,-4.154319688677787781e-02,9.756832383573057002e-03,8.678028027394018434e-03,2.205201890319585366e-03,8.327711373567582565e-02,9.311556142000920744e-02,1.091030389070510864e-01,1.309351325035095215e-01,1.008810979269805924e-01,8.238630741834640503e-02,-1.332542765885591507e-02,1.161566044070861531e-02,1.577250845730304718e-02,-4.217827320098876259e-02,-7.364805787801742554e-02,-5.646894975668965283e-02,2.474137954413890839e-02,7.212643325328826904e-02,6.413557333132566263e-02,5.276396498084068298e-02,2.076858468353748322e-02,4.725579036370132491e-02,6.146843731403351524e-02,8.672299236059188843e-02,1.163985091778961256e-01,1.201079487800598145e-01,3.717206418514251709e-02,3.694776445627212524e-02,2.601705080578349538e-02,-1.602415554225444794e-02,3.641284629702568054e-02,2.387160973416438750e-02,8.195064030587673187e-03,6.269120611250400543e-03,1.708928735128472515e-02,2.212192304432392120e-02,4.937298130244016647e-03,-6.328269861461024992e-03,-7.299439515918493271e-03
3.772519528865814209e-02,3.349312026763247296e-02,-1.559894997626542872e-02,-3.791321814060211182e-02,-4.454349454433196437e-02,-5.879858881235122681e-02,8.889857679605484009e-03,-6.386519927117553092e-03,-1.860762201249599457e-02,-2.773693390190601349e-02,9.024323895573485924e-03,1.858225092291831970e-02,6.900474429130554199e-02,7.219149917364121871e-02,6.808914244174958663e-02,3.527028858661650917e-02,1.950002158991992474e-03,1.384519930330234058e-02,3.601352125406265259e-02,5.168044194579124451e-02,3.689370697571185687e-02,2.650302834808826447e-02,-2.196350693702697754e-02,-1.087909790258555914e-01,-1.271583288908004761e-01,-1.041404604911804199e-01,-3.286839276552200317e-02,-2.811360883060856283e-02,4.150947788730263710e-04,4.242483898997306824e-02,6.243839984138799259e-02,9.496043622493743896e-02,1.294701546430587769e-01,9.892756598336419072e-02,8.013212680816650391e-02,5.603331327438354492e-02,1.039306559999128403e-02,2.786357654258608818e-03,-5.672364030033350858e-03,2.312413882464170456e-03,4.147521693200227622e-03,1.282257679849863052e-02,3.731933236122131348e-02,4.887963121845624592e-02,6.533082574605941772e-02,6.432788074016571045e-02,7.398360707457095342e-02,7.916472852230072021e-02,5.427077785134315491e-02,2.745425576965066644e-02,2.410219050943851471e-02,4.178890585899353027e-02,1.200486440211534500e-02,3.765261037246366797e-03,-2.792552113533020020e-02,-3.370274975895881653e-02,7.352921283907215555e-03,5.867251008749008179e-02,3.519757837057113647e-02,5.527828456390475320e-02,6.461814790964126587e-02,4.019312933087348938e-02,9.595747164909199101e-03,6.958041805773973465e-03
-7.369049484767178568e-03,-9.122699447037717346e-03,-2.946503900937604351e-02,-3.556551228439999018e-02,-3.777023310226113040e-02,-4.251038286066260302e-02,-1.897675070970750860e-02,-1.732597615720933570e-02,-1.600535651521079600e-02,4.633419984387161794e-04,-1.686442315129780406e-02,-2.136964209022937725e-02,3.119324643667528013e-02,6.739918237167695503e-02,6.391892428435981544e-02,3.607685958582255992e-02,2.976079643999628502e-02,2.322358986895227406e-02,1.104061398655200275e-02,2.157428164944259069e-02,1.498738214059538304e-02,1.035875005329723285e-02,-5.344427109415255187e-03,-4.949058362234281389e-02,-5.882919365392384053e-02,-1.289181633601110544e-01,-5.962294458396825980e-02,-5.066408144041917305e-02,3.089097420877145051e-03,1.052298098211281244e-02,2.269442558418134290e-02,4.247302306254282372e-02,1.378079742666273866e-01,1.223073077197338876e-01,1.127684359985681450e-01,7.471802440427580128e-02,2.053486265648513803e-03,-1.005727009079037011e-02,2.259114046122792652e-02,3.303338195537261490e-02,3.152851208070176631e-02,2.441458176407538053e-02,4.325404053642630670e-02,4.721784011434332351e-02,5.285863182137894717e-02,6.946702289675904529e-02,5.813783244177081477e-02,5.205875463665503994e-02,5.033963906859598159e-02,4.331762364669660553e-02,4.243987171895903521e-02,2.594372148196864153e-02,-7.456428060928794316e-03,-1.161217339417539539e-02,-2.759580929127950985e-02,-3.402230332768152454e-02,-1.428792964686778633e-02,1.038003745414954257e-02,4.851125730645076961e-02,4.935048776238779022e-02,4.974082750933524893e-02,4.572559999568116818e-02,3.121245870426288954e-02,2.996132583431285884e-02
-3.905689716339111328e-02,-3.906895113842828032e-02,-3.920877724885939858e-02,-3.391577303409576416e-02,-3.301064398080583856e-02,-3.106461651623248707e-02,-3.855869174003601074e-02,-2.501316161619292558e-02,-1.417673751711845398e-02,2.027975209057331085e-02,-3.505651567072129438e-02,-4.944394528865814209e-02,4.623004700988531113e-03,6.403160840272903442e-02,6.098850071430206993e-02,3.664363920688629150e-02,4.930351674556732178e-02,2.981381026643616441e-02,-6.507915444672107697e-03,4.186014411970973015e-04,-4.062515273246657555e-04,-9.858779376372694969e-04,6.333845201879739761e-03,-7.820035500954490917e-03,-1.081412564963102341e-02,-1.463295221328735352e-01,-7.842344045639038086e-02,-6.651035949055671137e-02,4.968126304447650909e-03,-1.189454086124897003e-02,-5.233772542505061090e-03,5.589975975453853607e-03,1.436669826507568359e-01,1.387363154263724363e-01,1.357020586729049683e-01,8.784782141447067261e-02,-3.806758671997892592e-03,-1.908252201974391937e-02,4.245198145508766174e-02,5.462108924984931946e-02,5.076920802867627286e-02,3.256031498312950134e-02,4.742437601089477539e-02,4.605009501415583545e-02,4.409438744187355042e-02,7.307831197977066040e-02,4.700296378088399119e-02,3.301131352782249451e-02,4.757721722126007080e-02,5.446485512786428118e-02,5.532580986618995667e-02,1.480926759541034698e-02,-2.113193087279796600e-02,-2.241793812976931519e-02,-2.736411988735198975e-02,-3.424685448408126831e-02,-2.949501408471003408e-02,-2.355521358549594879e-02,5.786681547760963440e-02,4.518500892888929754e-02,3.928649425506591797e-02,4.961328208446502686e-02,4.640258032651178172e-02,4.612579569220542908e-02
-1.338286548852920532e-01,-1.255383511325197099e-01,-2.937082760035991322e-02,2.112661488354206085e-02,4.510269722058719150e-03,-3.121487237513065338e-02,-4.072215408086776733e-02,-1.260359047187700060e-02,9.891260415315628052e-03,-4.502439498901367188e-02,-1.330741604287484156e-02,-5.061001516878604889e-03,-1.880744844675064087e-02,3.805886581540107727e-02,3.988817955056825348e-02,5.452268943190574646e-02,2.137843146920204510e-02,1.143205397954539723e-02,-7.104376796633005142e-03,-1.529968343675136566e-02,-2.107562343516041284e-02,-2.513439208269119263e-02,-3.624404221773147583e-02,-5.436445973695264167e-02,-5.819762498140335777e-02,-4.024435207247734070e-02,-8.522394299507141113e-02,-6.981378687279607420e-02,2.264714986085891724e-02,-3.384622558951377175e-02,-2.870264276862146205e-02,-2.034432068467140198e-02,3.638783469796180725e-02,9.053319408779940403e-02,1.238534152507781982e-01,7.943366467952728271e-02,7.959256640502385127e-02,7.961905002593994141e-02,5.845867097377777100e-02,1.046046987175941329e-01,9.306579692259742131e-02,3.851826116442680359e-02,5.374356731772422791e-02,5.167247621076444947e-02,4.872515425086021423e-02,2.324521541595458984e-02,3.180411623583891817e-02,3.639669716358184814e-02,-8.891970850527286530e-03,2.454385813325578314e-02,2.872333675622940063e-02,4.068902507424354553e-02,1.502341777086257935e-02,1.948702329444466919e-02,3.665473684668540955e-02,-1.688851974904537201e-02,-3.360178714825041296e-02,-5.449337139725685120e-02,-4.247958585619926453e-02,-3.892211908740591045e-03,1.405540388077497482e-02,3.362118452787399292e-02,3.567904281237766623e-02,3.585644438862800598e-02
-1.651102973828239007e-01,-1.543700696900955627e-01,-2.978342845444641868e-02,-4.734025910378424074e-02,-2.102825753428333791e-02,3.554254584014392149e-02,-1.524588932830199008e-02,-3.563973318778849986e-02,-5.195480827537771878e-02,-1.701768375341864217e-02,-2.120107658719983055e-03,1.753262125901735007e-03,2.723326415769621381e-02,2.393671556834195413e-02,2.446594938793515348e-02,2.869981994468077252e-02,-4.082110843488057084e-03,9.470682154283311185e-04,1.031962918886347030e-02,-1.771026024860994363e-02,-2.570182529087320505e-02,-3.131751964489616624e-02,-7.998693403270494551e-02,-5.403418267372433331e-02,-4.854417757855523929e-02,-4.051638648860037689e-02,-5.556150040929289796e-02,-5.554658926330731383e-02,-5.545712238739379518e-02,8.095632298361646328e-02,6.623529572143997679e-02,4.231362642040305960e-02,-8.497235728871212201e-02,5.409853607527204816e-03,6.102967569752366928e-02,5.907130548878328918e-02,1.183556492974690288e-01,1.282363732655841249e-01,1.150638822998317351e-01,1.216568482064064871e-01,1.190840385771648469e-01,1.069216657843852225e-01,3.877803996678388238e-02,2.955927257068238431e-02,1.644025743007671361e-02,1.099364885262085062e-02,1.043531240256873743e-03,-4.295556259060518550e-03,-2.695287075189676737e-04,-3.568769923642817893e-02,-4.011497055254260868e-02,5.097851908159631296e-02,6.689280543535457146e-02,6.003269299481868437e-02,3.364764514660079087e-02,3.985507026432978661e-02,1.937724448530225158e-02,-6.220037738482328549e-03,-5.536319557873024821e-02,-4.612310753459913926e-02,-4.182539216523586262e-02,-4.447718343091254002e-03,4.607684569821449486e-03,5.388322751969207465e-03
-1.717275679111480713e-01,-1.604690870772751965e-01,-2.987070940434932709e-02,-6.182363629341125488e-02,-2.643063830004810377e-02,4.966430738568305969e-02,-9.856679476797580719e-03,-4.051276337769295355e-02,-6.503763049840927124e-02,-1.109318714588880539e-02,2.464383456205164469e-04,3.194740973412990570e-03,3.697264567017555237e-02,2.094933763146400452e-02,2.120355454583962643e-02,2.323728986084461212e-02,-9.467994794249534607e-03,-1.270909542365708522e-03,1.400547660887241364e-02,-1.822018995881080627e-02,-2.668044491419708369e-02,-3.262548893690109253e-02,-8.924023807048797607e-02,-5.396431637188757457e-02,-4.650210216641426780e-02,-4.057393223047256470e-02,-4.928675293922425010e-02,-5.252852823053078685e-02,-7.197917997837066650e-02,1.052414774894714355e-01,8.631832117126109205e-02,5.556819215416908264e-02,-1.106447055935859680e-01,-1.259700687868458430e-02,4.774003848433494568e-02,5.476388335227966309e-02,1.265555322170248964e-01,1.385208070278167725e-01,1.270380616188049039e-01,1.252640336751937866e-01,1.245878973887080549e-01,1.213916167616844177e-01,3.561225533485412598e-02,2.488147949297261907e-02,9.610760025680065155e-03,8.401971310377120972e-03,-5.463515585731767293e-03,-1.290353294461965561e-02,1.554449438117444515e-03,-4.842899021847697077e-02,-5.467692017555236123e-02,5.315514281392096779e-02,7.786517590284347534e-02,6.860966158528260250e-02,3.301152959465980530e-02,5.185852199792861938e-02,3.058434733086169699e-02,3.991628997027873993e-03,-5.808857455849646828e-02,-5.505656622468478589e-02,-5.364632979035377502e-02,-1.250075548887252808e-02,-1.965102750719422212e-03,-1.056856825016438961e-03
-9.158741682767868042e-02,-8.895834760060387925e-02,-5.846114456653594971e-02,-4.122530296444892883e-02,-3.705298610859449060e-02,-2.808250486850738525e-02,2.011942304670810699e-02,4.838188696238802933e-04,-1.522466447204351425e-02,-3.857547417283058167e-02,-3.995350044634606024e-02,-4.031178727746009827e-02,-1.093762833625078201e-02,3.271779045462608337e-02,3.320439242654376483e-02,3.709720820188522339e-02,2.983907982707023621e-02,1.418475141482699112e-02,-1.498922426253557205e-02,-4.264645650982856750e-02,-2.803411110053000838e-02,-1.776597648859023701e-02,-4.308012127876281738e-02,-7.791524274008601592e-02,-8.528421074151992798e-02,-1.719159632921218525e-02,-2.184786600992083549e-03,-1.201028968872740708e-02,-7.096330821514129639e-02,-1.950216479599475861e-02,-4.801077236022317958e-03,1.908819004893302917e-02,9.952684491872787476e-02,2.017971083876796828e-02,-2.864929474890232086e-02,7.490038126707077026e-02,8.578282488243907378e-02,8.759656548500061035e-02,1.713409572839736938e-01,1.533271819353103638e-01,1.529021014769872400e-01,1.508926302194595337e-01,8.392927050590515137e-02,7.263108662196553211e-02,5.655290186405181885e-02,-4.131132364273071289e-02,-3.095918855378561318e-02,-2.540438435971737255e-02,-4.159657657146453857e-02,-2.701132330629589171e-02,-2.518816664814949036e-02,-2.183842100203037262e-02,6.777893751859664917e-02,7.239622906559947668e-02,9.015504270792007446e-02,2.453461522236466408e-03,7.559310360294231590e-03,1.394162140786647797e-02,-2.692513726651668896e-02,-8.871794586339640590e-03,-4.748910141643136740e-04,-1.559397205710411072e-02,-4.653077850502600199e-02,-4.919774457812309265e-02
-5.360544659197330475e-03,-8.886911773255882011e-03,-4.979277029633522034e-02,-3.792203590273857117e-02,-3.209998783847644449e-02,-1.958258450031280518e-02,5.018300935626029968e-02,2.568830218580051873e-03,-3.552251309156417847e-02,-9.209797531366348267e-02,-7.492980940474411322e-02,-7.046608626842500167e-02,2.767635043710470200e-03,-7.566845510154962540e-03,-5.175653638111229332e-03,1.395388133823871613e-02,2.296862751245498657e-02,1.789069370854470126e-02,8.427271619439125061e-03,-7.426350843161344528e-03,-3.458289759204002251e-02,-5.366587638854980469e-02,-3.532682359218596718e-02,-7.285595901074017229e-03,-1.353797735646367073e-03,-3.272409737110137939e-02,-5.318764597177504799e-02,-3.778302669525189506e-02,5.464468896389007568e-02,-5.222348123788833618e-02,-4.157595300958273621e-02,-2.427371963858604431e-02,6.420908123254776001e-02,8.727857505991297449e-02,1.014751866459846497e-01,1.234787628054618835e-01,9.871976396867238046e-02,9.459326416254043579e-02,8.260155469179153442e-02,1.394505500793457031e-01,1.367328424775413054e-01,1.238854974508285522e-01,1.220317333936691284e-01,1.049605229544258722e-01,8.066687732934950394e-02,4.402753710746765137e-02,-1.961855069985408290e-02,-5.377011001110076904e-02,-5.000105872750282981e-02,-2.515747191177522546e-02,-2.205202355980873108e-02,-4.835571348667144775e-02,-5.255493335425853729e-03,8.075117621392235989e-03,5.934669822454452515e-02,7.318739593029022217e-02,1.541239023208638113e-02,-5.680636689066887596e-02,-3.317368403077125549e-02,-5.715040661512863635e-02,-6.830237060785293579e-02,-3.604268655180931091e-02,-5.661379279834860556e-02,-5.838716402649879456e-02
-4.995865714071063071e-03,-8.439699710555833082e-03,-4.838817406977929947e-02,-2.869274227746921452e-02,-2.618588715403141060e-02,-2.079614863864009608e-02,3.859361101474113875e-02,2.685953522958462597e-03,-2.604017247046769984e-02,-8.238588991974109266e-02,-7.012251365397675906e-02,-6.693403582487797432e-02,-5.170074291527045757e-03,-9.318545859839185222e-03,-7.668383360382045356e-03,5.532916635275126477e-03,1.787584248398046277e-02,1.507785339795417005e-02,9.863419192177867376e-03,-1.387450538043446743e-02,-3.932462530020511271e-02,-5.720849335193623625e-02,-2.771390442337330270e-02,-5.283981793963586811e-03,-5.391904685114345562e-04,-3.147923414196290154e-02,-4.263455952916856556e-02,-3.057917367134829409e-02,4.175314147557567662e-02,-4.809391232473521349e-02,-3.053307084708835675e-02,-1.996703445912042379e-03,6.214522463934767788e-02,9.377131717545561518e-02,1.132335279669077210e-01,1.255511705364499297e-01,9.923778322278266339e-02,9.485221867050441791e-02,7.443080922322636850e-02,1.206844707152678470e-01,1.196926626336688032e-01,1.150041153388366433e-01,1.178980192967824803e-01,1.023820485252370377e-01,8.030162858111518365e-02,4.944483616522364622e-02,-1.028574556281209446e-02,-4.233630161200283015e-02,-4.915626559938705842e-02,-3.377834861240695125e-02,-3.185610898903410565e-02,-4.550186544656761867e-02,-5.846722583685586352e-03,6.059928225930995282e-03,5.185473903215378350e-02,6.430720378245650959e-02,1.721723584665203755e-02,-4.164522407310392721e-02,-3.083168475755630050e-02,-6.350095149408380157e-02,-7.869595927851510964e-02,-5.284652007477576297e-02,-6.580664307014161274e-02,-6.692389505250088966e-02
-2.807792043313384056e-03,-5.756427334355445832e-03,-3.996059671044349670e-02,2.668301947414875031e-02,9.298716952639975858e-03,-2.807753346860408783e-02,-3.094277903437614094e-02,3.388693349228952961e-03,3.085387125611305237e-02,-2.411337755620479237e-02,-4.127873914937171818e-02,-4.574173316359519958e-02,-5.279633030295372009e-02,-1.982874795794487000e-02,-2.262476169400744197e-02,-4.499287158250808022e-02,-1.268086768686771393e-02,-1.799188465589606975e-03,1.848030462861061096e-02,-5.256343260407447815e-02,-6.777499154919655600e-02,-7.846419513225555420e-02,1.796361058950424194e-02,6.725702848699397288e-03,4.348453134298324585e-03,-2.401005476713180542e-02,2.068395912647246968e-02,1.264394447207473592e-02,-3.559614345431327820e-02,-2.331649884581565857e-02,3.572422212788016471e-02,1.316653937101364136e-01,4.976208508014678955e-02,1.327277698687127638e-01,1.837835758924484530e-01,1.379856169223785400e-01,1.023458987474445692e-01,9.640594571828842163e-02,2.540633641183376312e-02,8.087994530797004700e-03,1.745158357043054276e-02,6.171582266688346863e-02,9.309573471546173096e-02,8.691120195010341998e-02,7.811013609170913696e-02,8.194863051176071167e-02,4.571108525944167500e-02,2.626654878258705139e-02,-4.408750683069229126e-02,-8.550360881619903375e-02,-9.068062156438827515e-02,-2.837877720594405781e-02,-9.394098073244094849e-03,-6.031208146836850546e-03,6.902983877807854739e-03,1.102605089545249939e-02,2.804630953404632643e-02,4.932163283228874207e-02,-1.677968911826610565e-02,-1.016042207678160558e-01,-1.410574913024902344e-01,-1.536695212125778198e-01,-1.209637447009014599e-01,-1.181442812085151672e-01
-1.845739968121051788e-02,-2.166227801215079782e-02,-5.883886665105820396e-02,-1.036953479051590105e-01,-7.854146108267809345e-02,-2.446060441434383392e-02,-3.051548823714256634e-02,-1.826513600018290009e-02,-8.464854210615158081e-03,5.476689338684081337e-02,4.472364083169001747e-02,4.211239516735076904e-02,-5.108791217207908630e-02,-6.225236877799034119e-02,-6.183623274167378975e-02,-5.850714445114135742e-02,-7.628744095563888550e-02,-8.378497250969445254e-02,-9.775764495134353638e-02,-2.162374556064605366e-02,-3.147475001594367272e-02,-3.839707747101783752e-02,-1.249291189014911652e-02,7.084871184021637736e-03,1.122632529586553574e-02,1.479622907936573029e-02,4.644910618662834167e-02,4.063892683812567186e-02,5.777850747108459473e-03,-1.362511138714480874e-01,-6.307787880250805002e-02,1.222704272622443522e-02,2.501595801844883615e-01,2.381081490785187105e-01,1.979946252319968458e-01,1.662147047237954589e-01,9.304228076994364161e-02,8.175270259380340576e-02,5.223934352397918701e-02,-1.091672107577323914e-02,-1.160003748973679333e-02,-1.483026053756475449e-02,-4.355284571647643349e-02,6.116513458509974417e-03,7.679983228445053101e-02,1.030662208795547485e-01,7.893470189874154941e-02,6.598608195781707764e-02,1.602511480450630188e-02,-4.422690719365672887e-03,-6.978666409850120544e-03,-7.390210777521133423e-02,-1.673115417361259460e-02,-2.405054914572816657e-02,-5.220206826925278404e-02,-2.669041510671377182e-03,1.167430692455829859e-02,2.960349246859550823e-02,-3.163345158100128174e-02,-6.543609216099699477e-02,-8.115825057029724121e-02,-2.042974084615707397e-01,-1.806892050164089214e-01,-1.786540150642395020e-01
-1.566845116515955261e-02,-1.746717933635773615e-02,-3.833242612225675611e-02,-9.151404599348708646e-02,-7.841862505548219398e-02,-5.026347003877153219e-02,-4.433826942528992093e-02,-1.784350062725406638e-02,3.352314411174640678e-03,4.753265778223676741e-02,3.390504578614189635e-02,3.036186666715716756e-02,-4.104191969547955898e-02,-7.930572171296386419e-02,-7.877358825749183890e-02,-7.451652061371570601e-02,-6.220993647972748036e-02,-6.829355025800541712e-02,-7.963119411752343779e-02,-4.669614420050657855e-02,-3.303723149346545623e-02,-2.343907661824714411e-02,-1.672667522160778408e-02,3.633009948016580060e-02,4.755364797477198285e-02,6.185586652940211483e-02,3.352121352439839386e-02,2.893181649499216093e-02,1.395434318553849182e-03,-5.482680225521003453e-02,-1.260264792612620366e-01,8.963930950649529744e-03,1.675637837552878817e-01,3.159689591044469448e-01,2.678116136937996328e-01,1.710358202142056305e-01,5.987508524031996682e-02,4.313022253059219102e-02,2.550086379051217864e-02,5.632779605331816875e-03,3.345025126778038756e-03,-7.469814226386118153e-03,-2.250028933797571309e-02,3.748100980249397148e-03,4.110157951003041987e-02,8.335468102069135132e-02,8.014303334310754479e-02,7.841971019903815066e-02,3.325807782156121190e-02,1.853866656384791506e-02,1.669874015663342856e-02,-2.744024459804823846e-02,-5.054797853032735877e-02,-4.991126494117510692e-02,-4.746236652135850387e-02,-2.521851408250976728e-02,-1.979109292810468310e-02,-1.300681648509828189e-02,-2.392403107313885446e-02,-6.334083222658103141e-02,-8.167422811190286347e-02,-1.753375324464980789e-01,-1.486837057367207948e-01,-1.463859620548431106e-01
-1.113640982657670975e-02,-1.065014398819397537e-02,-5.009460262954235077e-03,-7.171943038702011108e-02,-7.821901651128887467e-02,-9.219312667846679688e-02,-6.680028885602951050e-02,-1.715834314624469989e-02,2.255521342158317566e-02,3.577702492475509644e-02,1.632482883712609023e-02,1.126725785434246063e-02,-2.471718192100524902e-02,-1.070174202322959900e-01,-1.062967909706963310e-01,-1.005317568778991699e-01,-3.933399170637130737e-02,-4.311998909901057497e-02,-5.017571151256561279e-02,-8.743879199028015137e-02,-3.557626389443835357e-02,8.676747675053775311e-04,-2.360654063522815704e-02,8.385359546140035147e-02,1.065855473279953003e-01,1.383277773857116699e-01,1.251338794827461243e-02,9.907762187400109832e-03,-5.725992377847432223e-03,5.777206941857136735e-02,-1.712999764889096971e-02,7.944759419696942326e-02,1.844626648258166357e-01,1.250669082467598392e-01,2.536994790544317424e-01,1.843295826903514345e-01,6.423042255060701193e-03,-1.963130757212638855e-02,-1.794916577637195587e-02,3.252571821212768555e-02,2.763075187861478016e-02,4.490911029279232025e-03,1.171011477708816702e-02,-1.005692969240565282e-04,-1.690808124840259552e-02,5.132342875003814697e-02,8.210657194020228034e-02,9.862435609102249146e-02,6.126164272427558899e-02,5.585087214907021036e-02,5.517452582716941833e-02,4.806028306484222412e-02,-1.055003181099891663e-01,-9.193492810877663957e-02,-3.976035118103027344e-02,-6.186140701174736023e-02,-7.092236768868231955e-02,-8.224856853485107422e-02,-1.139622274786233902e-02,-5.993603483315505798e-02,-8.251269161701202393e-02,-1.282777339220046997e-01,-9.667476940722727341e-02,-9.395037591457366943e-02
-8.816914260387420654e-02,-7.718512534149113424e-02,5.022947490215301514e-02,5.606064200401305458e-02,3.458033017222850863e-02,-1.160234026610851288e-02,-4.311570897698402405e-02,-3.139054816630151845e-02,-2.201041951775550842e-02,-4.906652029603719711e-03,2.359891465554608998e-03,4.249192774295806885e-03,-7.128551602363586426e-02,-1.090922802686691284e-01,-1.045897760325008030e-01,-6.856974214315414429e-02,-7.906813919544219971e-02,-5.488784593485659252e-02,-9.824572131037712097e-03,2.382659353315830231e-02,9.827516156162608568e-03,-9.673351996752899140e-06,3.879716992378234863e-02,6.172386805216463490e-02,6.657374650239944458e-02,1.228630915284156799e-01,1.885161399841308594e-01,1.735214314290459692e-01,8.355318009853363037e-02,9.844983523229558497e-02,1.592242562423972774e-01,1.942724094717445116e-01,5.714702831839879593e-02,6.499009011475470610e-02,-1.628232150274969148e-02,9.862019132159202672e-02,1.099396074811617441e-01,1.101840063929557800e-01,-2.411114424467086792e-02,-6.107121706008910439e-02,-5.435002843538963568e-02,-2.257713675498962402e-02,3.479045629501342773e-02,1.837041069354307388e-02,-4.996577277779579163e-03,2.124623581767082214e-02,1.988831020536878033e-02,1.915966719388961792e-02,7.007570564746856689e-02,4.184370405144216543e-02,3.831470385193824768e-02,-6.572203245013953123e-03,1.364221144467592239e-02,2.597621952494975732e-03,-3.988156840205192566e-02,-8.322669565677642822e-02,-7.841225630707211736e-02,-7.239420711994171143e-02,-7.802163064479827881e-02,-2.784941975204709153e-02,-4.513507708907127380e-03,2.718066796660423279e-03,-5.875301529608951967e-02,-6.405224651098251343e-02
-1.236481914917620661e-01,-1.118577498082382882e-01,2.491137372063791447e-02,6.181844040041865884e-02,4.724243290592822220e-02,1.590401679277363145e-02,1.710212514513890017e-02,-8.567777161718507020e-03,-2.910369900720444908e-02,-3.463273992141025631e-02,-3.964305235437526331e-02,-4.094573358694618415e-02,-1.937716933233505148e-02,-7.269560297330296406e-02,-7.545571289365313183e-02,-9.753659225645458508e-02,-7.311594308841809498e-02,-4.497257519290952243e-02,7.476428612356734137e-03,2.710072226112790472e-02,4.037515146798911769e-02,4.970312874848640400e-02,9.630437408174669089e-02,9.202806693265885851e-02,9.112346349727490358e-02,1.218718052619979786e-01,1.233031015310982331e-01,1.238203157170299495e-01,1.269236008326203591e-01,1.143349176688081559e-01,1.796132721125133780e-01,-1.802588338123870537e-01,1.649309583149100589e-01,-7.736180198976516653e-02,-6.682538480490146648e-02,-4.210392121599898507e-02,3.144777780018685048e-02,4.038926765012389175e-02,-5.192448553584812915e-02,-5.327156239322269893e-02,-4.760382369228281785e-02,-2.081087710601946597e-02,1.375747557419085450e-02,2.132237190151913681e-02,3.208780129040913337e-02,-1.544736059648573780e-02,-1.441141245541678606e-02,-1.385553784313587472e-02,3.075539883935816954e-02,4.417218634040709357e-02,4.584928477803850572e-02,-2.227300689333928593e-02,-2.117514876382619107e-02,-2.403094161665007486e-02,-3.501476028135854651e-02,-2.022569910401520593e-02,-2.737185061372249956e-02,-3.630454000085667210e-02,-7.933933145943139476e-02,-2.347198712765517087e-02,2.512824189449914397e-03,3.637046420148370984e-02,-4.007095806666645388e-02,-4.666073584840447347e-02
-1.454814523458480835e-01,-1.331947494800838905e-01,9.331003762781620026e-03,6.536170095205307007e-02,5.503449612666693608e-02,3.283100575208663940e-02,5.415925383567810752e-02,5.477004994948724698e-03,-3.346879407763481140e-02,-5.292571708559989929e-02,-6.549101778202581770e-02,-6.875799596309661865e-02,1.256642863154411316e-02,-5.029764771461487510e-02,-5.752705865436127941e-02,-1.153623461723327637e-01,-6.945305317640304565e-02,-3.887087012094175148e-02,1.812319830060005188e-02,2.911557070910930634e-02,5.917369627526799375e-02,8.029562234878540039e-02,1.316934227943420410e-01,1.106768047052717197e-01,1.062309816479682922e-01,1.212617829442024231e-01,8.317200094461441040e-02,9.323501374040302214e-02,1.536130905151367188e-01,7.196583874987309837e-02,1.255165996622695790e-01,1.446939453512664508e-01,-6.324808464546771702e-02,-9.672265641182901941e-02,-7.768245282777466731e-02,-7.887760313257356770e-02,-1.391334311251108888e-02,-2.561340807005763054e-03,-6.904038786888122559e-02,-4.847177490592002869e-02,-4.345231308113993440e-02,-1.972394809126853596e-02,8.141028229147195816e-04,2.313896341411988966e-02,5.490895733237266541e-02,-3.802803531289100647e-02,-3.551893409282444458e-02,-3.417258709669113159e-02,6.558286957442760468e-03,4.560509851823174587e-02,5.048594996333122253e-02,-3.193503990769386292e-02,-4.260121658444405296e-02,-4.041774996689407456e-02,-3.201980143785476685e-02,1.854414492845535278e-02,4.037629812955907498e-03,-1.409551408141851425e-02,-8.015022426843643188e-02,-2.077818243572153445e-02,6.836720742285251617e-03,5.707963183522224426e-02,-2.857430746394393900e-02,-3.595826774835586548e-02
-3.884041309356689453e-02,-3.969558866487608167e-02,-4.961562529206275940e-02,-4.465169832110404968e-02,-1.115771495397140621e-02,6.085434928536415100e-02,1.753185875713825226e-03,-1.530095872779686610e-02,-2.894427441060543060e-02,9.407929144799709320e-03,-2.905719143353270584e-02,-3.905812278389930725e-02,-7.932886481285095215e-02,1.469968236051499844e-03,-8.542573907309024706e-04,-1.944806240499019623e-02,-6.620127707719802856e-02,-5.323160215029645176e-02,-2.906084433197975159e-02,9.004450589418411255e-02,1.045561152554692341e-01,1.147534623742103577e-01,1.225256472826004028e-01,1.488149258352460258e-01,1.543761193752288818e-01,1.473900526762008667e-01,1.394690424203872681e-01,1.284715208624093441e-01,6.248639151453971863e-02,4.328747682365360894e-02,6.367708592818510649e-02,8.006952373176226545e-02,3.934487091489181215e-03,-7.862659886715792079e-02,-1.013225560360695582e-01,-4.727017925477323274e-02,-1.185657407437989697e-01,-1.304912567138671875e-01,-1.239900104701519012e-02,-7.325806468725204468e-02,-7.146793166323325841e-02,-6.300548464059829712e-02,9.406318888068199158e-03,2.457950959011696510e-02,4.617212712764739990e-02,3.542511910200119019e-02,1.959123234781968287e-02,1.109500043094158173e-02,-2.953146770596504558e-02,-1.801904415090901240e-02,-1.657999120652675629e-02,-6.063380278646945953e-03,-7.784721255302430587e-02,-6.214022899918871662e-02,-1.728753792122006416e-03,1.911699585616588593e-02,5.191181475917547999e-03,-1.221608649939298630e-02,3.311917558312416077e-02,-2.032130873865560169e-02,-4.517734795808792114e-02,1.727333990857005119e-03,5.519777598110750527e-02,5.980729684233665466e-02
-1.226320064493619487e-02,-1.268042038171636639e-02,-1.752016932836638827e-02,-2.869836294225303064e-02,-1.158916981481105876e-02,2.519559540918937107e-02,-2.184801269322605988e-02,-2.752448077357936077e-02,-3.206565523786200633e-02,-3.793976469231447046e-02,-6.636931379315504781e-03,1.501805282064366809e-03,-4.667794810874159595e-02,-1.319234839840109468e-02,-8.355969991830535654e-03,3.033505726073410305e-02,2.798652010304475760e-02,7.798880051457582341e-03,-2.982354004468235759e-02,6.723858309643636344e-02,8.435161984493949605e-02,9.637699701956362053e-02,1.376666405371255175e-01,1.327836443575063363e-01,1.317507028579714690e-01,1.008825919457849718e-01,8.634549166475086190e-02,9.256610114659606647e-02,1.298897580376685013e-01,7.883386698270547499e-02,7.073317990214607331e-03,-1.102127359331037948e-01,4.139597872810606843e-02,-5.680516919716504382e-02,-1.167976380306846862e-01,-1.006277252047775989e-01,-5.995128547050632833e-02,-5.328914842435383131e-02,-3.912665349032166257e-02,-3.039857745170643916e-02,-2.544442292666170349e-02,-2.024783353721114950e-03,-2.453354453401866003e-02,-2.298510806580055660e-02,-2.078156386102869568e-02,1.113464151109996511e-02,3.130965044219310295e-02,4.213526499058482117e-02,6.778349141989319093e-02,-2.550009584852436229e-02,-3.716054425707860515e-02,-4.238269597824087520e-02,4.478903221231578420e-03,-9.651035801644156087e-03,-6.399695512040311229e-02,-2.951175213924418783e-02,7.304106351165389616e-03,5.332392946417764679e-02,4.215670383668713474e-03,-1.158316420969859872e-02,-1.893145936940428611e-02,-3.419507205087116836e-02,3.184226311082205552e-02,3.753513683165848880e-02
-7.833665236830711365e-03,-8.177892334522707252e-03,-1.217092666774988174e-02,-2.603947371244430542e-02,-1.166107895828434084e-02,1.925246976315975189e-02,-2.578154578804969788e-02,-2.956173444787661003e-02,-3.258588537573814392e-02,-4.583104699850082397e-02,-2.900221370278994668e-03,8.261793293058872223e-03,-4.123612865805625916e-02,-1.563606783747673035e-02,-9.606255425347244581e-03,3.863224387168883583e-02,4.368448629975318909e-02,1.797062708508409545e-02,-2.995065599679946899e-02,6.343759596347808838e-02,8.098420394318427140e-02,9.331425279378890991e-02,1.401901394128799438e-01,1.301117641112161383e-01,1.279798001050949097e-01,9.313134849071504073e-02,7.749156653881072998e-02,8.658186452729335625e-02,1.411236524581908902e-01,8.629906922578811646e-02,-2.099513297986257965e-04,-1.407871097326278687e-01,4.805754870176315308e-02,-5.439795943952529383e-02,-1.174475029110908508e-01,-1.073586046695709367e-01,-4.998448384659699012e-02,-4.042213037610054016e-02,-4.358126223087310791e-02,-2.325532957911491394e-02,-1.777383813723247899e-02,8.138666860759258270e-03,-3.019018843770027161e-02,-3.091254434178746652e-02,-3.194051235914230347e-02,7.086228579282760620e-03,3.326272012458883487e-02,4.730864241719246605e-02,8.400265127420425415e-02,-2.674693779812702815e-02,-4.059063643217086792e-02,-4.843591526150703430e-02,1.819992251694202423e-02,-9.028369353860036389e-04,-7.437498867511749268e-02,-3.761654347181320190e-02,7.656260497040059954e-03,6.424726545810699463e-02,-6.015804829075932503e-04,-1.012680678820564346e-02,-1.455714460462331772e-02,-4.018213972449301979e-02,2.794967763244082457e-02,3.382311016321182251e-02
-1.406851131469011307e-02,-8.332955251847014994e-03,5.819949507713317871e-02,6.239129602909088135e-02,4.730388599019207108e-02,1.486595440655946732e-02,2.597986534237861633e-02,-1.346998413403827609e-02,-4.502986371517181396e-02,-6.602858006954193115e-02,-1.294994369585322248e-02,8.505017613060771335e-04,2.611965313553810120e-02,-2.395583316683769226e-02,-1.681330634488002740e-02,4.032690823078154824e-02,8.864745497703552246e-02,8.398521632429155337e-02,7.529649883508682251e-02,4.175865277647972801e-02,7.320045336844399619e-02,9.529469162225721879e-02,9.304130077362060547e-02,6.253965979530708152e-02,5.608738958835601807e-02,4.664568230509758689e-02,7.439269870519638062e-02,6.894531100988401939e-02,3.626098483800888062e-02,1.052558496594428877e-01,7.174961872044076372e-02,1.730199344456195831e-02,-1.178854033350944519e-01,-1.052914730140143557e-01,-9.754136204719543457e-02,-9.248102456331254440e-02,-5.838483146258802853e-02,-5.270213261246681213e-02,1.228398084640502930e-02,3.677292913198471763e-02,3.096448256456818884e-02,3.506371518597006798e-03,-3.245744481682777405e-02,-4.712005864296661684e-02,-6.798608601093293624e-02,-6.030546128749847412e-02,-4.147086777384335898e-02,-3.136450052261352539e-02,2.093191258609294891e-02,5.439373333420952777e-02,5.857646092772483826e-02,3.116619400680065502e-02,-4.546682536602020264e-02,-3.555510755229297770e-02,2.566884038969874382e-03,-1.782429032027721405e-02,-3.745371496511822745e-02,-6.199049577116966248e-02,2.511817961931228985e-02,1.661721551938660779e-02,1.266327872872352600e-02,-1.270262524485588074e-02,1.027686914636003097e-02,1.225786004215478897e-02
1.000436246395111084e-01,1.004078918033176060e-01,1.046333909034729004e-01,8.029329776763916016e-02,7.261812947099173521e-02,5.611651763319969177e-02,4.567525163292884827e-02,2.092539754489230672e-02,1.125514274463057301e-03,1.461528590880334377e-03,-1.417456908957169699e-02,-1.823995448648929596e-02,-2.106120577082037492e-03,4.571870341897011497e-02,4.284348152577878432e-02,1.984170638024806629e-02,4.784307628870010376e-02,7.091764195097809143e-02,1.139202415943145752e-01,8.861541002988815308e-02,8.685080186715202211e-02,8.561080694198608398e-02,3.249474987387657166e-02,5.827544020518414525e-02,6.372904777526855469e-02,1.207396853715181351e-02,-1.445733755826950247e-02,-4.317460847752724318e-03,5.652179941534996033e-02,7.268946617841721969e-02,6.611799448728564177e-02,5.543935298919677734e-02,-7.022655010223387284e-02,-7.497008854434593361e-02,-7.788918912410736084e-02,-6.856857985258103805e-02,-7.932282026324939672e-02,-8.111519366502760453e-02,8.133094757795333862e-03,7.310226559638977051e-02,5.958023763424434571e-02,-4.342076368629932404e-03,-2.414084412157535553e-02,-4.931526385720794159e-02,-8.514039963483810425e-02,-1.352864503860473633e-01,-9.936820041565699868e-02,-8.009499311447143555e-02,-4.625131189823150635e-02,1.298966341548380213e-02,2.039478532969951630e-02,4.224385693669319153e-02,5.684400722384452820e-02,4.484719604564316869e-02,-1.294385408982634544e-03,-7.034430652856828170e-02,-5.683787746561903137e-02,-3.995484113693237305e-02,2.473447239026426835e-03,4.097709732337137534e-02,5.888577178120613098e-02,7.231228053569793701e-02,6.803444524606074018e-02,6.766566634178161621e-02
1.086910615364704846e-01,1.082179516583908901e-01,1.027298770726674526e-01,8.202329822002885074e-02,7.462968098168160092e-02,5.873340391923493470e-02,4.777706219326868092e-02,3.055895741279889694e-02,1.678447358842305795e-02,8.717821460098505032e-03,-9.928449014805955722e-03,-1.477647933828119854e-02,-2.917825126103885773e-03,3.235561702223137270e-02,3.107111724307163453e-02,2.079511900979369096e-02,4.849989428406666081e-02,6.918676958918484887e-02,1.077395826578144283e-01,9.592402690932816389e-02,8.907756027661145604e-02,8.426652966983742832e-02,3.324121059406366652e-02,5.066597680393512826e-02,5.435198504063878250e-02,1.552727032038878248e-02,-1.027888387796451614e-02,-1.208315884310559628e-03,5.321509207761498245e-02,6.048093765368024732e-02,5.719866212270930533e-02,5.186496438488150812e-02,-6.317504992087727422e-02,-6.699286195437607894e-02,-6.934228474422161892e-02,-6.680508915867135189e-02,-6.224198923224611574e-02,-6.148147257784184611e-02,1.583876975235907125e-03,6.022061785546377333e-02,4.884371873204762515e-02,-4.937986215014741366e-03,-2.684570636068054142e-02,-5.056565204054764423e-02,-8.432095935420390320e-02,-1.202808396210755804e-01,-9.934205003035841142e-02,-8.810660195729037858e-02,-5.407603416177910599e-02,2.668672479439012334e-03,9.761760809592526233e-03,4.306941272483925942e-02,5.444555161964341472e-02,4.152750366096047419e-02,-8.157296180133338445e-03,-6.546497191228595192e-02,-5.102182786070580400e-02,-3.296789779623051503e-02,1.786897674069917036e-03,3.926836444875939774e-02,5.670160480907999317e-02,7.411257745254597185e-02,7.294616101858236723e-02,7.284560787772342838e-02
1.495698541402816772e-01,1.451382346096493081e-01,9.373144805431365967e-02,9.020148217678070068e-02,8.413883357767076854e-02,7.110413908958433671e-02,5.771289393305778503e-02,7.609942224290634771e-02,9.080864489078521729e-02,4.302029684185981750e-02,1.014411861136094335e-02,1.596312271431088231e-03,-6.754973903298377991e-03,-3.081533685326576580e-02,-2.458005936609376427e-02,2.530216053128242493e-02,5.160485208034515381e-02,6.100446387888889405e-02,7.852192223072052002e-02,1.304738521575927734e-01,9.960405457587499789e-02,7.791176438331604004e-02,3.676993399858474731e-02,1.469396799802787958e-02,1.002405211329460144e-02,3.185196965932846069e-02,9.473806247115135193e-03,1.348946030650808800e-02,3.758338466286659241e-02,2.767893718555570082e-03,1.503454549016338022e-02,3.496785461902618408e-02,-2.984068542718887676e-02,-2.928233625633377274e-02,-2.893873676657676697e-02,-5.846858769655227661e-02,1.850375745977583114e-02,3.133248165249824524e-02,-2.937606163322925568e-02,-6.744441925548017025e-04,-1.910734260159036111e-03,-7.755014579743146029e-03,-3.963232785463333130e-02,-5.647657799815397617e-02,-8.044724166393280029e-02,-4.934522509574890137e-02,-9.921843002712871229e-02,-1.259796619415283203e-01,-9.106563031673431396e-02,-4.612146649095834328e-02,-4.050344601273536682e-02,4.697204008698462746e-02,4.310739785432815552e-02,2.583441238791377853e-02,-4.060014709830284119e-02,-4.239902645349502563e-02,-2.352777518293206263e-02,6.128890527179464698e-05,-1.458609360270202160e-03,3.119071813241125826e-02,4.637645184993743896e-02,8.262307196855545044e-02,9.616518103414097018e-02,9.733260422945022583e-02
6.038971245288848877e-02,5.821030971313280455e-02,3.292923793196678162e-02,5.946240201592444680e-02,4.884764617161149042e-02,2.602592110633850098e-02,8.033319562673568726e-02,8.645414974954392096e-02,9.135091304779052734e-02,7.665839791297912598e-02,3.971493646265981253e-02,3.010963648557662617e-02,2.413718961179256092e-02,2.286971313878893852e-03,-3.283147389690061618e-03,-4.784409701824188232e-02,2.336891926825046539e-02,4.354346664770248482e-02,8.114148676395416260e-02,6.867902725934982300e-02,8.329828852225848457e-02,9.357128292322158813e-02,7.810609042644500732e-02,5.317699317894293565e-02,4.790353029966354370e-02,6.189750507473945618e-02,3.552365675568580627e-02,3.326515401048325826e-02,1.971413753926753998e-02,1.468639075756072998e-02,-1.870346991788761348e-02,-7.296199351549148560e-02,-3.258297964930534363e-02,2.257095383745557661e-03,2.369714155793190002e-02,-1.223966362886130810e-03,-7.143188251315412893e-03,-8.129725232720375061e-03,2.929040603339672089e-02,-1.629200764000415802e-02,-2.335200169020183042e-02,-5.672651901841163635e-02,-7.689949870109559493e-02,-4.825011111559336652e-02,-7.479828782379627228e-03,-5.514153465628623962e-02,-5.852783542303809095e-02,-6.034487485885620117e-02,-1.288940906524658203e-01,-7.249000999662721934e-02,-6.543949991464614868e-02,-7.376892026513814059e-03,2.849700488150119781e-02,1.997225539433654384e-02,-1.281524263322353537e-02,-2.001829817891121258e-02,-1.541331120663220686e-02,-9.657077491283416748e-03,3.209835290908813477e-02,5.645719891975800597e-02,6.778689473867416382e-02,4.008122161030770042e-02,5.102507894237823943e-02,5.196851491928100586e-02
4.754907442700277709e-02,4.568686743582936471e-02,2.408526633821770485e-02,4.289020396887286563e-02,4.393156240188549055e-02,4.617048303286262756e-02,5.176504500328509006e-02,6.176317686862170531e-02,6.976168236089101693e-02,8.971541339442860863e-02,6.079341145689924619e-02,5.327369095314148095e-02,3.229167191163899442e-02,5.920128774873606448e-03,3.682511860284748244e-03,-1.421842345642618764e-02,3.184263020872134947e-02,4.417123403057591352e-02,6.714726842585044819e-02,5.387266453296399304e-02,6.628848940441872672e-02,7.501312309787361299e-02,9.525632125044650178e-02,6.568206954840387357e-02,5.942597784220242374e-02,5.006221226519992629e-02,5.996543908166539899e-02,5.598104849474676986e-02,3.207470497323423875e-02,5.575625240684377662e-03,-2.669498673059434238e-02,-7.913473118392257144e-02,-5.787274826850244414e-02,-1.998737734585591397e-02,3.326697068081683507e-03,2.535864291897464359e-02,9.875601382721673274e-03,7.295094460012630649e-03,1.311589815905147768e-02,-1.917834949517064833e-02,-2.094195041412218877e-02,-2.927897294007558715e-02,-6.597143979299620320e-02,-5.155611783688421323e-02,-3.104200582241760376e-02,-4.359903837007173683e-02,-5.282330523700474317e-02,-5.777291184852989536e-02,-1.261226641280310257e-01,-9.421292323179017436e-02,-9.022420561975935671e-02,-2.271906244346804174e-02,2.142027496463713016e-02,1.895919071196494263e-02,9.493482047840074919e-03,-7.253761358913746009e-03,-1.484868325279753085e-03,5.726247966762782957e-03,3.233493285046683957e-02,3.737713250764600204e-02,3.972234165052002802e-02,3.064791065832912428e-02,6.548481844374644950e-03,4.470944877654137867e-03
2.927585877478122711e-02,2.786504573351334529e-02,1.149961445480585098e-02,1.930669136345386505e-02,3.693559703727557209e-02,7.483774423599243164e-02,1.111036911606788635e-02,2.662602315346399712e-02,3.903854638338088989e-02,1.082965508103370667e-01,9.078970279485466810e-02,8.623792231082916260e-02,4.389612749218940735e-02,1.109039131551980972e-02,1.359518079294097861e-02,3.363349661231040955e-02,4.390137270092964172e-02,4.506459530620347820e-02,4.723241925239562988e-02,3.280207142233848572e-02,4.208223681364731822e-02,4.860343411564826965e-02,1.196624189615249634e-01,8.347775515109785716e-02,7.582330703735351562e-02,3.321968019008636475e-02,9.474797546863555908e-02,8.830751372235179364e-02,4.966474324464797280e-02,-7.389694917947053909e-03,-3.806752988713826835e-02,-8.791901171207427979e-02,-9.386203438043594360e-02,-5.164297315336496830e-02,-2.566201239824295044e-02,6.318774074316024780e-02,3.409464816962003847e-02,2.924579940736293793e-02,-9.901670739054681605e-03,-2.328583598136901855e-02,-1.751226205970124114e-02,9.780996479094028473e-03,-5.041997134685516357e-02,-5.626081970949029648e-02,-6.457279622554779053e-02,-2.717317827045917511e-02,-4.470531997226517840e-02,-5.411281064152717590e-02,-1.221787109971046448e-01,-1.251262997587521131e-01,-1.254947483539581299e-01,-4.455215111374855042e-02,1.134954392910003662e-02,1.751752174089770200e-02,4.124051332473754883e-02,1.091115642338991165e-02,1.833637731356750622e-02,2.761790342628955841e-02,3.267160430550575256e-02,1.022473030579494450e-02,-2.156762056984007359e-04,1.722358353435993195e-02,-5.674513710278283884e-02,-6.312175095081329346e-02
4.205026477575302124e-02,3.926433802449278559e-02,6.947587709873914719e-03,4.352048784494400718e-02,4.065859566132228736e-02,3.450552746653556824e-02,1.862549409270286560e-02,4.711645841598509354e-02,6.990922987461090088e-02,8.893929421901702881e-03,7.721860955158844908e-02,9.498302638530731201e-02,1.540845632553100586e-01,9.210281819105149703e-02,8.996671107080249363e-02,7.287785410881041093e-02,3.988486155867576599e-02,3.969584151156364815e-02,3.934357687830924988e-02,6.376215070486068726e-02,6.094203144311907683e-02,5.896032601594924927e-02,5.499061197042465210e-02,9.165004380638623604e-02,9.940492361783981323e-02,7.272320240736007690e-02,2.060957252979278564e-02,1.949708935405529767e-02,1.282219029963016510e-02,1.426935475319623947e-02,-9.307062031612425845e-03,-4.761873930692672729e-02,-9.197676181793212891e-02,-8.820281355153954117e-02,-8.588038384914398193e-02,2.815988101065158844e-02,8.459268137812846894e-03,5.175832659006118774e-03,-1.984323747456073414e-02,2.036252431571483612e-02,2.476052614668030477e-02,4.555108025670051575e-02,1.458796579390764236e-02,-1.217074016670895847e-02,-5.025043711066246033e-02,-6.632241606712341309e-02,-9.642246649378793943e-02,-1.125737130641937256e-01,-1.294212341308593750e-01,-1.164248850610523633e-01,-1.148003414273262024e-01,-3.987621515989303589e-02,6.712569389492273331e-03,1.159796752922547837e-02,3.038796037435531616e-02,5.878796428442001343e-02,4.306410253047948666e-02,2.340927533805370331e-02,3.463641181588172913e-02,6.700259382052473067e-04,-1.512829307466745377e-02,-1.674580201506614685e-02,-8.135975631219927173e-02,-8.692992478609085083e-02
4.975896169032362204e-02,4.657404270852821826e-02,9.628982519701335258e-03,1.807399535374295402e-02,2.205441459160689677e-02,3.061231595301442537e-02,3.686221960991131752e-02,2.492947711541980416e-02,1.538328311982657855e-02,5.067528358527554483e-02,6.929228340882623294e-02,7.413270336294949803e-02,1.367364731572924819e-01,1.797336278453697811e-01,1.712325828731368349e-01,1.032242230952729461e-01,7.716900370423722400e-02,6.829766949611013049e-02,5.176472847187318926e-02,1.135430476140455655e-02,2.722682716814418466e-02,3.838049156206958801e-02,5.764180457308176742e-02,8.349447985362512537e-02,8.896331500912478540e-02,6.183366010349904129e-02,3.484525549269845007e-02,2.990460230666903627e-02,2.606831904915775334e-04,-2.663145601631120019e-02,-1.817732005720095606e-02,-4.439349123646733029e-03,-6.980311415261711283e-02,-8.390724622360767881e-02,-9.258671211344848828e-02,3.155617309468357508e-03,1.905410077904329258e-02,2.170384802397266541e-02,-1.566309422727780185e-03,-2.153447956319801820e-02,-1.263472703481471372e-02,2.943683037209146591e-02,2.787383311679426934e-02,5.126252096980290530e-03,-2.724530550813884788e-02,-9.198033916098707907e-02,-8.894901023039630816e-02,-8.732244348715244298e-02,-1.000034473245108718e-01,-1.016990155034175614e-01,-1.019109615257809409e-01,-8.514005312370835632e-02,-2.809134275016772139e-02,-1.507862027838794555e-02,3.497031230538606011e-02,5.974423063416328672e-02,5.596270887230428426e-02,5.123580666998051036e-02,2.002077095861012901e-02,6.050640394975392161e-03,-4.470947509011957005e-04,-1.468422779783844917e-02,-4.875567774144037858e-02,-5.169287170209613258e-02
5.389533564448356628e-02,5.049632327069367155e-02,1.106777973473072052e-02,4.419779870659112930e-03,1.207168328590570161e-02,2.852327562868595123e-02,4.664777964353561401e-02,1.302426763706738405e-02,-1.387454196810722351e-02,7.309454679489135742e-02,6.503913279563663941e-02,6.294472515583038330e-02,1.274277418851852417e-01,2.267550379037857056e-01,2.148386604256100341e-01,1.195076406002044678e-01,9.717512875795364380e-02,8.364499182928181176e-02,5.842973664402961731e-02,-1.676697842776775360e-02,9.135741947425488063e-03,2.733765356242656708e-02,5.906439572572708824e-02,7.911832358628977102e-02,8.336050063371658325e-02,5.599049106240272522e-02,4.248391464352607033e-02,3.548912145197411633e-02,-6.479637697339057922e-03,-4.857823252677917480e-02,-2.293697070507785124e-02,1.873007975518703461e-02,-5.790505930781364441e-02,-8.160230765740028591e-02,-9.618522971868515015e-02,-1.026130467653274536e-02,2.473913292799635733e-02,3.057253919541835785e-02,8.240822702646255493e-03,-4.401579871773719788e-02,-3.270047264439792517e-02,2.079015970230102539e-02,3.500283509492874146e-02,1.440756501896012232e-02,-1.490108855068683624e-02,-1.057480052113533020e-01,-8.493886296711289363e-02,-7.377298176288604736e-02,-8.421829342842102051e-02,-9.379732939932061697e-02,-9.499470889568328857e-02,-1.094279661774635315e-01,-4.676661267876625061e-02,-2.939288690686380975e-02,3.742913529276847839e-02,6.025734916329383850e-02,6.288391227523484894e-02,6.616711616516113281e-02,1.217823196202516556e-02,8.937799371778959792e-03,7.430621422827242938e-03,-1.357801724225282669e-02,-3.126080631322784159e-02,-3.278518468141555786e-02
1.163108572363853455e-01,1.101507875654432755e-01,3.869397938251495361e-02,1.871775276958942413e-02,1.147131275917805115e-02,-4.108533263206481934e-03,3.095507621765136719e-03,2.136833593249320290e-02,3.598659858107566833e-02,7.807566225528717041e-02,7.830016125762273571e-02,7.835853099822998047e-02,9.262859076261520386e-02,1.837405711412430087e-01,1.877311882045533953e-01,2.196561247110366821e-01,1.188248097896575928e-01,9.552650059026392138e-02,5.210692435503005981e-02,5.216416716575622559e-02,1.154663144714341422e-02,-1.699542067945003510e-02,-1.060674339532852346e-02,-5.509870540764615424e-03,-4.431685898452997208e-03,1.033815965056419373e-01,6.169722601771354675e-02,4.717667028307956367e-02,-3.994666412472724915e-02,-5.053129047155380249e-02,-2.538638278132401838e-02,1.547409221529960632e-02,3.134979680180549622e-02,-1.553394006831207777e-02,-4.438547044992446899e-02,-9.816199541091918945e-02,6.689836936337412165e-02,9.440843015909194946e-02,6.796257197856903076e-02,-5.771382525563240051e-02,-6.342768337991465388e-02,-9.043864905834197998e-02,-3.036640398204327324e-02,-4.896831805152578043e-02,-7.544027268886566162e-02,-2.453419379889965057e-02,-3.955110540938742286e-02,-4.760896041989326477e-02,-2.397902682423591961e-02,-4.159189139803216168e-02,-4.379349946975708008e-02,-7.855402678251266479e-02,-1.445769965648650845e-01,-1.233200418452440883e-01,-4.156252369284629822e-02,3.754827007651329041e-02,4.167787358164785905e-02,4.683987796306610107e-02,4.318551719188690186e-02,2.422755743776045662e-02,1.540990173816680908e-02,4.297442734241485596e-03,-1.472176002368073139e-02,-1.636134646832942963e-02
1.680028728312905895e-01,1.603928471158201363e-01,7.211654881636235526e-02,3.661195292241008897e-02,2.376040328471414401e-02,-3.870428436332284082e-03,-1.696998046504032739e-03,1.421925623291817910e-02,2.695225965645595828e-02,5.956234037876165233e-02,9.876151241007249948e-02,1.089532971382135007e-01,1.192092821002001257e-01,1.321936928563657854e-01,1.370927524051558377e-01,1.762852287954762565e-01,1.443377435207361947e-01,1.176788859739502091e-01,6.799646963675785860e-02,5.844425161679574210e-02,3.759765775128511012e-02,2.294869989984487171e-02,-2.682019687361155563e-02,-5.304785474898402950e-03,-7.534484482474516215e-04,3.898308508927911600e-03,2.982566547062723977e-02,2.735116989130111087e-02,1.250419641534385000e-02,6.732924116981235836e-03,-4.142945721036288276e-03,-2.181623420781486633e-02,6.659760947028726952e-02,1.920651021615568665e-02,-9.957243171003802434e-03,-5.571144156985895907e-02,1.236097964029489460e-02,2.370638317532147710e-02,8.567824463049536488e-02,6.324573937388334489e-03,-1.721694676543818192e-02,-1.285041355424449694e-01,-1.217900231066659372e-01,-1.051721679148574645e-01,-8.152368168036130958e-02,-3.379405848681908686e-02,-2.301336789415038206e-02,-1.722860708832800111e-02,-1.364643747607887161e-02,-2.579279082976748683e-02,-2.731108499897882957e-02,-6.520269231663836096e-02,-7.176652550697469601e-02,-7.807821284394868278e-02,-1.023539333707744747e-01,2.539433849355269071e-03,-2.318124815728788736e-03,-8.390073147083898508e-03,-6.991039547654336050e-03,2.318206852600905588e-02,3.721607228120125954e-02,2.911960168017233008e-02,1.134903736189108239e-02,9.817092162039032718e-03
1.744643747806549072e-01,1.666731045596183403e-01,7.629436999559402466e-02,3.884872794151306152e-02,2.529653960040642233e-02,-3.840665332973003387e-03,-2.296061255037784576e-03,1.332562127047114478e-02,2.582296729087829590e-02,5.724817514419555664e-02,1.013191813041291883e-01,1.127776429057121277e-01,1.225318685173988342e-01,1.257503330707550049e-01,1.307629479302300224e-01,1.708638668060302734e-01,1.475268602371215820e-01,1.204479341469114756e-01,6.998266279697418213e-02,5.922926217317581177e-02,4.085403603930339717e-02,2.794171497225761414e-02,-2.884687855839729309e-02,-5.279149841665122488e-03,-2.936687669716775417e-04,-8.537102490663528442e-03,2.584172040224075317e-02,2.487298234232837232e-02,1.906055398285388947e-02,1.389095094054937363e-02,-1.487516088499856240e-03,-2.647752501070499420e-02,7.100358605384826660e-02,2.354906650171492005e-02,-5.653714761137962341e-03,-5.040512233972549438e-02,5.543805924908791656e-03,1.486862730234861374e-02,8.789270371198654175e-02,1.432937383651733398e-02,-1.144060468862760985e-02,-1.332623213529586792e-01,-1.332179754972457886e-01,-1.121976491477751497e-01,-8.228410780429840088e-02,-3.495154157280921936e-02,-2.094615070474538376e-02,-1.343106292188167572e-02,-1.235486380755901337e-02,-2.381790325873405292e-02,-2.525078319013118744e-02,-6.353377550840377808e-02,-6.266521662473678589e-02,-7.242298421878576309e-02,-1.099528595805168152e-01,-1.836670679040253162e-03,-7.817624615401835841e-03,-1.529381703585386276e-02,-1.326310914009809494e-02,2.305138241204010216e-02,3.994184359908103943e-02,3.222237154841423035e-02,1.460788703508813201e-02,1.308939699083566666e-02
2.052594870328903198e-01,1.967669214521135801e-01,9.825316071510314941e-02,6.080751493573189476e-02,4.966756589119401127e-02,2.571667544543743134e-02,1.873416639864444733e-02,2.570378614796532332e-02,3.127948194742202759e-02,2.048053592443466187e-02,9.922090302857114463e-02,1.196933984756469588e-01,1.311385631561279297e-01,9.776023775339125199e-02,9.967195242643356323e-02,1.149656698107719421e-01,1.250287890434265137e-01,1.206336111303359937e-01,1.124425977468490601e-01,4.608073830604553917e-02,3.447840933407121666e-02,2.632542140781879078e-02,1.540885772556066513e-02,-2.223510753422439177e-03,-5.953434854745864868e-03,-4.271840211004018784e-03,-1.107623148709535599e-02,-8.002323231526871014e-03,1.044112630188464945e-02,-7.353086024522781372e-03,3.855220742878443657e-02,1.131483092904090743e-01,1.513991784304380417e-02,2.815518137954503217e-02,3.616457432508468628e-02,-1.988373138010501862e-02,-7.359253854623798441e-02,-8.254400640726089478e-02,3.323929617181420326e-03,2.237326093018054962e-02,6.879825913717875670e-03,-6.636186689138412476e-02,-7.841351628303527832e-02,-6.186035996864689551e-02,-3.830394521355628967e-02,-1.155468672513961792e-01,-5.003675828791386004e-02,-1.488499250262975519e-02,1.752080954611301075e-02,-3.306402493682073646e-02,-3.938712924718856812e-02,-6.290545314550399780e-02,-7.490093261003494263e-02,-6.522496698039952079e-02,-2.800971455872058868e-02,-7.289011031389236450e-02,-5.800516323910824557e-02,-3.939897939562798240e-02,-5.038435384631156921e-02,-2.251843491657853913e-02,-9.557542391121387482e-03,3.518757224082946777e-02,6.180390620988483047e-02,6.409841775894165039e-02
1.649357080459594727e-01,1.564455538515060751e-01,5.795976519584655068e-02,1.873376592993736267e-02,2.571996721246883402e-02,4.074029996991157532e-02,3.755434602499007485e-02,4.980745083755916403e-02,5.960993468761444786e-02,5.732412263751029968e-02,7.951835264998760588e-02,8.528885245323182540e-02,1.229216977953910828e-01,8.519187569618225098e-02,8.043706127338941247e-02,4.239854589104651711e-02,9.336050599813461304e-02,9.662872895834936915e-02,1.027195081114768982e-01,4.096297919750212929e-02,2.266440012802697912e-02,9.805939160287380219e-03,3.782207146286964417e-02,2.624376478885851599e-02,2.379450760781764984e-02,2.928599528968334198e-02,-9.047920815646648407e-03,-6.834143240537025182e-03,6.448522210121153918e-03,5.708586424589157798e-02,3.869359550021950200e-02,8.806158788502216339e-03,7.115616649389266968e-02,6.651426851749429880e-02,6.365771591663360596e-02,7.992269238457083702e-04,-7.457474467810154550e-02,-8.713707327842712402e-02,-1.042505428194999695e-01,-7.674274593591690063e-02,-5.461707912267343284e-02,4.997698217630386353e-02,-2.376601099967956543e-03,4.828133960328794645e-04,4.551980178803205490e-03,-4.645913094282150962e-02,-7.191698808991697778e-02,-8.557730168104173141e-02,-2.381072007119655609e-02,-5.980039843254967950e-03,-3.751204814761877060e-03,-3.599474579095839760e-02,-6.227502599358558655e-02,-6.290375370354872597e-02,-6.532193720340728760e-02,-7.050139456987382369e-02,-7.254976779222487016e-02,-7.511023432016372681e-02,-4.576195031404495239e-02,-1.873807722909578630e-02,-6.168833933770656586e-03,1.581927575170993805e-02,8.559714000494626773e-02,9.161247313022613525e-02
1.309013555920343908e-01,1.241631379773887045e-01,4.599981364749834017e-02,1.486806819836333261e-02,2.227511699012285629e-02,3.820027189240591398e-02,3.684187497174935821e-02,4.983842851203164337e-02,6.023567134425748121e-02,6.302667149002538771e-02,7.158100841443564011e-02,7.380513601478233543e-02,1.158562102724641774e-01,8.244796901468270933e-02,7.934534560225428579e-02,5.452435830282677948e-02,8.459007810978741437e-02,8.829315182813755880e-02,9.519433466688102807e-02,4.272240577709091047e-02,2.378607143005742261e-02,1.047945810511465708e-02,2.726634565208734332e-02,2.662753815600552715e-02,2.649240580106514142e-02,3.115953428168128508e-02,6.137401486435164512e-03,7.396629616583057232e-03,1.495199839747065121e-02,5.290566851931941678e-02,3.541918179106202935e-02,7.003640857643594377e-03,6.000741958500000611e-02,5.654828759643908132e-02,5.441959098809377726e-02,1.125975380030677306e-02,-5.967971368148009687e-02,-7.150295826177888170e-02,-1.041319076977079011e-01,-6.785166198535651227e-02,-5.017228918438840224e-02,3.340292769292193403e-02,1.443969103551895512e-02,1.328576937304591643e-02,1.164365008414201125e-02,-3.602341048064779810e-02,-6.677046531572501664e-02,-8.326888498332786492e-02,-3.953942378598405277e-02,-1.574879090385421232e-02,-1.277496179358745924e-02,-4.006451391984509891e-02,-6.389330268379227185e-02,-6.489328794889022423e-02,-6.873938512234430143e-02,-7.585542459809542504e-02,-7.451318576274919281e-02,-7.283538721856636089e-02,-4.721050644441243671e-02,-2.087976741277147719e-02,-8.632912049217608685e-03,1.758223993792404696e-02,7.810130519719696296e-02,8.331846599541087306e-02
0.000000000000000000e+00,0.000000000000000000e+00,0.000000000000000000e+00,0.000000000000000000e+00,9.025693058021453524e-03,2.843093313276767731e-02,3.410160169005393982e-02,4.995757341384886308e-02,6.264235079288482666e-02,8.495955169200897217e-02,4.105276135461686376e-02,2.963699586689472198e-02,8.868125826120376587e-02,7.189448177814483643e-02,7.514643917481102220e-02,1.011620983481407166e-01,5.085766315460205078e-02,5.623323978885769875e-02,6.625135987997055054e-02,4.948943108320236206e-02,2.810019182248268271e-02,1.306991558521986008e-02,-1.333259977400302713e-02,2.810358956810959236e-02,3.686893731355667114e-02,3.836545348167419434e-02,6.454248726367950439e-02,6.213037137474338584e-02,4.765767604112625122e-02,3.682799264788627625e-02,2.282528290968570406e-02,7.087958510965108871e-05,1.712762378156185150e-02,1.821759174622238422e-02,1.888834126293659210e-02,5.149254947900772095e-02,-2.391132925237290235e-03,-1.137174665927887136e-02,-1.036756187677383284e-01,-3.365518525242804787e-02,-3.307694326790556333e-02,-3.034343570470809937e-02,7.911773771047593551e-02,6.252790774617854319e-02,3.891930356621742249e-02,4.113975912332534790e-03,-4.697614695344606156e-02,-7.439035922288894653e-02,-1.000344380736351013e-01,-5.332091036770169462e-02,-4.748171940445899963e-02,-5.571746826171875000e-02,-7.011744379997253418e-02,-7.254534273866601601e-02,-8.188341557979583740e-02,-9.644784778356552124e-02,-8.206479334168968742e-02,-6.408597528934478760e-02,-5.278187617659568787e-02,-2.911703734998661100e-02,-1.811013557016849518e-02,2.436287142336368561e-02,4.927117132123472187e-02,5.141843855381011963e-02
0.000000000000000000e+00,0.000000000000000000e+00,0.000000000000000000e+00,0.000000000000000000e+00,1.096110495309977244e-03,3.452748060226440430e-03,2.116599120199680675e-02,3.702196189098887202e-02,4.970673844218254089e-02,9.423975646495819092e-02,8.786613364068290855e-02,8.620899170637130737e-02,2.968444116413593292e-02,6.752075254917144775e-02,6.229091104533938245e-02,2.045217901468276978e-02,1.005548313260078569e-01,8.443544757744628204e-02,5.439477786421775818e-02,6.430620700120925903e-02,5.806580540679755903e-02,5.368065834045410850e-02,-8.189426735043525696e-03,2.259075195188549323e-02,2.910194359719753265e-02,2.568244002759456288e-02,3.218669071793556213e-02,3.246062195726802380e-02,3.410420939326287010e-02,7.149923127144575119e-03,1.257147877255363790e-02,2.138150669634342194e-02,-1.532460749149322336e-02,1.215897535993882422e-02,2.907194942235946655e-02,-7.945786230266094208e-03,3.572000057569435852e-03,5.491631105542182922e-03,5.089249461889266968e-02,1.283549889922141855e-02,1.528332639662976535e-02,2.685487456619739532e-02,-3.335789078846573830e-03,1.923924855267080281e-03,9.408902376890182495e-03,0.000000000000000000e+00,0.000000000000000000e+00,0.000000000000000000e+00,0.000000000000000000e+00,0.000000000000000000e+00,0.000000000000000000e+00,0.000000000000000000e+00,0.000000000000000000e+00,0.000000000000000000e+00,0.000000000000000000e+00,0.000000000000000000e+00,0.000000000000000000e+00,0.000000000000000000e+00,0.000000000000000000e+00,0.000000000000000000e+00,0.000000000000000000e+00,0.000000000000000000e+00,0.000000000000000000e+00,0.000000000000000000e+00
0.000000000000000000e+00,0.000000000000000000e+00,0.000000000000000000e+00,0.000000000000000000e+00,4.607762031033737701e-03,1.451445039775632606e-02,4.478263213402686876e-02,5.133274809261893779e-02,5.657284085949260133e-02,8.373583522107870547e-02,8.086732818336087036e-02,8.012151635355421742e-02,4.350178543892166405e-02,7.695853875743015327e-02,7.321345079460259142e-02,4.325274709198202033e-02,5.396329445971400490e-02,4.667920125829075340e-02,3.310430029200190499e-02,5.637819485531915531e-02,6.045643354534467606e-02,6.332222289509240043e-02,2.487014130585711580e-02,2.031981283092522059e-02,1.935724334584345424e-02,3.026945537163150055e-02,2.140521133939429083e-02,1.886377217514186022e-02,3.615137189626802579e-03,-6.626305325577609012e-03,-5.491570054637158818e-03,-3.647625239358918796e-03,3.189651502502732078e-04,8.251663652204182381e-03,1.313332426879146829e-02,-2.627532411780641834e-03,1.166456377518062561e-02,1.404657980634103562e-02,4.554622289207248959e-02,4.220059969358963547e-02,4.120126135016556612e-02,3.647711645397871266e-02,1.417764643621096917e-03,2.459983125401190955e-04,-1.421515312459695202e-03,0.000000000000000000e+00,0.000000000000000000e+00,0.000000000000000000e+00,0.000000000000000000e+00,0.000000000000000000e+00,0.000000000000000000e+00,0.000000000000000000e+00,0.000000000000000000e+00,0.000000000000000000e+00,0.000000000000000000e+00,0.000000000000000000e+00,0.000000000000000000e+00,0.000000000000000000e+00,0.000000000000000000e+00,0.000000000000000000e+00,0.000000000000000000e+00,0.000000000000000000e+00,0.000000000000000000e+00,0.000000000000000000e+00
0.000000000000000000e+00,0.000000000000000000e+00,0.000000000000000000e+00,0.000000000000000000e+00,8.997326450688465649e-03,2.834157831966876984e-02,7.430343329906463623e-02,6.922123084465663101e-02,6.515546888113021851e-02,7.060593366622924805e-02,7.211882136170826019e-02,7.251217216253280640e-02,6.077346578240394592e-02,8.875577151775360107e-02,8.686662548118168070e-02,7.175345718860626221e-02,-4.276126623153686523e-03,-5.161066406539642406e-04,6.491203326731920242e-03,4.646817967295646667e-02,6.344471871852858103e-02,7.537417858839035034e-02,6.619460135698318481e-02,1.748113892972486677e-02,7.176368031650781631e-03,3.600322455167770386e-02,7.928362116217613220e-03,1.867709947484052536e-03,-3.449620306491851807e-02,-2.384659089148044586e-02,-2.807038108862580303e-02,-3.493404015898704529e-02,1.987343095242977142e-02,3.367524017535847118e-03,-6.789957173168659210e-03,4.020284861326217651e-03,2.178026842219468046e-02,2.474026568233966827e-02,3.886338323354720375e-02,7.890697568655014038e-02,7.359868004208554304e-02,4.850491881370544434e-02,7.359706796705722809e-03,-1.851409865868596481e-03,-1.495953742414712906e-02,0.000000000000000000e+00,0.000000000000000000e+00,0.000000000000000000e+00,0.000000000000000000e+00,0.000000000000000000e+00,0.000000000000000000e+00,0.000000000000000000e+00,0.000000000000000000e+00,0.000000000000000000e+00,0.000000000000000000e+00,0.000000000000000000e+00,0.000000000000000000e+00,0.000000000000000000e+00,0.000000000000000000e+00,0.000000000000000000e+00,0.000000000000000000e+00,0.000000000000000000e+00,0.000000000000000000e+00,0.000000000000000000e+00
0.000000000000000000e+00,0.000000000000000000e+00,0.000000000000000000e+00,0.000000000000000000e+00,0.000000000000000000e+00,0.000000000000000000e+00,0.000000000000000000e+00,0.000000000000000000e+00,0.000000000000000000e+00,0.000000000000000000e+00,3.399772953892499228e-02,4.283713921904563904e-02,2.438416704535484314e-02,4.550829902291297913e-02,5.091848555538387722e-02,9.419997781515121460e-02,3.122271597385406147e-02,1.834878968518409426e-02,-5.643527489155530930e-03,1.554731652140617371e-02,4.468737400713392732e-02,6.516417115926742554e-02,1.088047325611114502e-01,1.634275885151052071e-02,-3.216504817828536034e-03,4.570631310343742371e-03,-1.005405653268099005e-02,-1.276406805430132033e-02,-2.902413718402385712e-02,-7.868092507123947144e-02,-4.920130560085897442e-02,-1.296923961490392685e-03,-1.103378832340240479e-02,-2.631287046131602220e-02,-3.571538254618644714e-02,3.025513887405395508e-02,-2.239577871347792071e-03,-7.655363995581865311e-03,3.036075830459594727e-02,7.504206150770187378e-02,7.230832232605861887e-02,5.938519164919853210e-02,5.863228812813758850e-02,5.305395293093855685e-02,4.511555284261703491e-02,0.000000000000000000e+00,0.000000000000000000e+00,0.000000000000000000e+00,0.000000000000000000e+00,0.000000000000000000e+00,0.000000000000000000e+00,0.000000000000000000e+00,0.000000000000000000e+00,0.000000000000000000e+00,0.000000000000000000e+00,0.000000000000000000e+00,0.000000000000000000e+00,0.000000000000000000e+00,0.000000000000000000e+00,0.000000000000000000e+00,0.000000000000000000e+00,0.000000000000000000e+00,0.000000000000000000e+00,0.000000000000000000e+00
0.000000000000000000e+00,0.000000000000000000e+00,0.000000000000000000e+00,0.000000000000000000e+00,0.000000000000000000e+00,0.000000000000000000e+00,0.000000000000000000e+00,0.000000000000000000e+00,0.000000000000000000e+00,0.000000000000000000e+00,-7.233277393111279402e-03,-9.113929515320241120e-03,-5.548829597140166221e-03,-6.972382584261600964e-03,-3.030227404827030759e-03,2.850701403064967790e-02,5.692587568173336499e-02,5.827399238035498030e-02,6.078639168233163081e-02,2.800608361287725001e-02,3.725338474753271678e-02,4.375148824756103921e-02,6.345262023664649531e-02,5.839913413979818529e-02,5.733012746546486266e-02,-1.730873749133144193e-02,-5.052901621139245514e-02,-4.903375823684300028e-02,-4.006221038954600050e-02,-4.557282181959298323e-02,-4.254077484187805680e-02,-3.761369850309128487e-02,9.179208575496630718e-03,-1.265191302007510725e-02,-2.608644938658152834e-02,-6.053491066845651664e-02,2.968625267312809124e-02,4.472311323006011169e-02,5.217337342245242232e-02,3.576095053364353876e-02,4.209046431109131348e-02,7.201180216811954582e-02,8.492016011760351868e-02,8.617008795633705753e-02,8.794883141915010860e-02,0.000000000000000000e+00,0.000000000000000000e+00,0.000000000000000000e+00,0.000000000000000000e+00,0.000000000000000000e+00,0.000000000000000000e+00,0.000000000000000000e+00,0.000000000000000000e+00,0.000000000000000000e+00,0.000000000000000000e+00,0.000000000000000000e+00,0.000000000000000000e+00,0.000000000000000000e+00,0.000000000000000000e+00,0.000000000000000000e+00,0.000000000000000000e+00,0.000000000000000000e+00,0.000000000000000000e+00,0.000000000000000000e+00
0.000000000000000000e+00,0.000000000000000000e+00,0.000000000000000000e+00,0.000000000000000000e+00,0.000000000000000000e+00,0.000000000000000000e+00,0.000000000000000000e+00,0.000000000000000000e+00,0.000000000000000000e+00,0.000000000000000000e+00,-2.641048991963967224e-02,-3.327721729874610901e-02,-1.947115361690521240e-02,-3.138200193643569946e-02,-2.812265203748313264e-02,-2.047852845862507820e-03,6.888083368539810181e-02,7.684385409903901620e-02,9.168402850627899170e-02,3.380085900425910950e-02,3.379571532446240534e-02,3.379210084676742554e-02,4.235861450433731079e-02,7.796023892504816422e-02,8.549135178327560425e-02,-2.748518809676170349e-02,-6.935457885265348954e-02,-6.590338157755996906e-02,-4.519619792699813843e-02,-3.017370402812957417e-02,-3.944285355863114129e-02,-5.450522154569625854e-02,1.858060248196125031e-02,-6.297979326474718344e-03,-2.160787582397460938e-02,-1.027628406882286072e-01,4.453547618218656190e-02,6.908519566059112549e-02,6.231877580285072327e-02,1.749066635966301311e-02,2.803564662971125970e-02,7.788464426994323730e-02,9.714707732200623946e-02,1.015729414565223199e-01,1.078712865710258484e-01,0.000000000000000000e+00,0.000000000000000000e+00,0.000000000000000000e+00,0.000000000000000000e+00,0.000000000000000000e+00,0.000000000000000000e+00,0.000000000000000000e+00,0.000000000000000000e+00,0.000000000000000000e+00,0.000000000000000000e+00,0.000000000000000000e+00,0.000000000000000000e+00,0.000000000000000000e+00,0.000000000000000000e+00,0.000000000000000000e+00,0.000000000000000000e+00,0.000000000000000000e+00,0.000000000000000000e+00,0.000000000000000000e+00
0.000000000000000000e+00,0.000000000000000000e+00,0.000000000000000000e+00,0.000000000000000000e+00,0.000000000000000000e+00,0.000000000000000000e+00,0.000000000000000000e+00,0.000000000000000000e+00,0.000000000000000000e+00,0.000000000000000000e+00,-5.507168197442595392e-02,-6.939031928777694702e-02,-2.834966406226157795e-02,-4.026051238179206154e-02,-4.067171571983231593e-02,-4.396134242415427468e-02,1.277822162955999374e-02,4.466298989774204059e-02,1.040846034884452820e-01,1.081960797309875488e-01,7.968042909152951714e-02,5.964240431785583496e-02,4.261548817157745361e-02,2.140920609235771183e-02,1.692326180636882782e-02,-2.281059138476848949e-02,-6.153197586536407471e-02,-6.133278459310532310e-02,-6.013763695955276489e-02,-3.719811514019966125e-02,-3.670465396273703967e-02,-3.590277954936027527e-02,-1.992013864219188690e-02,-1.762003939421408899e-02,-1.620459370315074921e-02,-6.101211160421371460e-02,-3.047070918338675577e-02,-2.538047544658184398e-02,7.454235851764677567e-02,9.116627275943756104e-02,8.974271894447397035e-02,8.301319181919097900e-02,9.269565343856811523e-02,1.052924787241316940e-01,1.232187300920486450e-01,0.000000000000000000e+00,0.000000000000000000e+00,0.000000000000000000e+00,0.000000000000000000e+00,0.000000000000000000e+00,0.000000000000000000e+00,0.000000000000000000e+00,0.000000000000000000e+00,0.000000000000000000e+00,0.000000000000000000e+00,0.000000000000000000e+00,0.000000000000000000e+00,0.000000000000000000e+00,0.000000000000000000e+00,0.000000000000000000e+00,0.000000000000000000e+00,0.000000000000000000e+00,0.000000000000000000e+00,0.000000000000000000e+00
0.000000000000000000e+00,0.000000000000000000e+00,0.000000000000000000e+00,0.000000000000000000e+00,0.000000000000000000e+00,0.000000000000000000e+00,0.000000000000000000e+00,0.000000000000000000e+00,0.000000000000000000e+00,0.000000000000000000e+00,-9.115195855907469447e-02,-1.148514677844345300e-01,-4.628810221477140663e-02,-6.983265783342071376e-02,-7.339738143157878425e-02,-1.019151702168435425e-01,-6.464444486690330838e-02,-4.296622612685039450e-02,-2.565909384024265411e-03,4.728331949029719594e-02,7.519242146823690298e-02,9.480422285814094074e-02,6.462968081708914125e-02,5.186960153689434451e-03,-7.387461525106912494e-03,-5.714689227678434319e-02,-7.677018902604523798e-02,-7.672659135391905749e-02,-7.646500532116190518e-02,-4.047943302799781456e-02,-2.959060565605827961e-02,-1.189626117665643253e-02,8.048725713576274088e-03,2.708296707140660925e-02,3.879634636853360879e-02,-3.964876371716720416e-02,-8.393492139960249954e-02,-9.131594768000898810e-02,1.987572404601142470e-03,6.884529264200327237e-02,6.740750236876491552e-02,6.061067562254673219e-02,5.057358812718211472e-02,6.571395352809492052e-02,8.725985813708572736e-02,0.000000000000000000e+00,0.000000000000000000e+00,0.000000000000000000e+00,0.000000000000000000e+00,0.000000000000000000e+00,0.000000000000000000e+00,0.000000000000000000e+00,0.000000000000000000e+00,0.000000000000000000e+00,0.000000000000000000e+00,0.000000000000000000e+00,0.000000000000000000e+00,0.000000000000000000e+00,0.000000000000000000e+00,0.000000000000000000e+00,0.000000000000000000e+00,0.000000000000000000e+00,0.000000000000000000e+00,0.000000000000000000e+00
0.000000000000000000e+00,0.000000000000000000e+00,0.000000000000000000e+00,0.000000000000000000e+00,0.000000000000000000e+00,0.000000000000000000e+00,0.000000000000000000e+00,0.000000000000000000e+00,0.000000000000000000e+00,0.000000000000000000e+00,-9.426232723016554627e-02,-1.187705323100090027e-01,-4.783451929688453674e-02,-7.238198071718215942e-02,-7.621855951017801611e-02,-1.069111898541450500e-01,-7.131881266832351685e-02,-5.052046888759219312e-02,-1.175991911441087723e-02,4.203221946954727173e-02,7.480552425933231775e-02,9.783541411161422729e-02,6.652745604515075684e-02,3.788490676217831990e-03,-9.483213536441326141e-03,-6.010691821575164795e-02,-7.808382809162139893e-02,-7.805364366088594907e-02,-7.787253707647323608e-02,-4.076230525970458984e-02,-2.897732562962036795e-02,-9.826733730733394623e-03,1.045983470976352692e-02,3.093667452533997372e-02,4.353780671954154968e-02,-3.780709579586982727e-02,-8.854390521134589132e-02,-9.700004011392593384e-02,-4.267150536179542542e-03,6.692107021808624268e-02,6.548205266396213420e-02,5.867942422628402710e-02,4.694237560033798218e-02,6.230201170084989637e-02,8.415995538234710693e-02,0.000000000000000000e+00,0.000000000000000000e+00,0.000000000000000000e+00,0.000000000000000000e+00,0.000000000000000000e+00,0.000000000000000000e+00,0.000000000000000000e+00,0.000000000000000000e+00,0.000000000000000000e+00,0.000000000000000000e+00,0.000000000000000000e+00,0.000000000000000000e+00,0.000000000000000000e+00,0.000000000000000000e+00,0.000000000000000000e+00,0.000000000000000000e+00,0.000000000000000000e+00,0.000000000000000000e+00,0.000000000000000000e+00
