3.472461036908640528e-88,4.458659119958396306e-88,5.702271288353531116e-88,7.263872226715076906e-88,9.216483146875976901e-88,1.164766808496628701e-87,1.466187307283383154e-87,1.838301073083448868e-87,2.295728585685370387e-87,2.855624893787074630e-87,3.538005409423506414e-87,4.366088574669897391e-87,5.366650430621153773e-87,6.570384554720136033e-87,8.012259125904180643e-87,9.731861061594894070e-87,1.177371529273036411e-86,1.418756536267103206e-86,1.702859972620393689e-86,2.035760647223898868e-86,2.424103779606512384e-86,2.875096451137494732e-86,3.396490033229110610e-86,3.996547568679069150e-86,4.683994155789957478e-86,5.467948539150787803e-86,6.357834354786098336e-86,7.363269817347847946e-86,8.493935076780154343e-86,9.759417011388170127e-86,1.116903185924988514e-85,1.273162681138015965e-85,1.445536248388445387e-85,1.634747903319972977e-85,1.841404955394686081e-85,2.065972527375558204e-85,2.308747790045470834e-85,2.569834524795339969e-85,2.849118692996606405e-85,3.146245742700175152e-85,3.460600416503327608e-85,3.791289836025293664e-85,4.137130625510797585e-85,4.496640797515421984e-85,4.868037056176331702e-85,5.249238078033770943e-85,5.637874207668000190e-85,6.031303857694329267e-85,6.426636733253556717e-85,6.820763814566049310e-85,7.210393832940992388e-85,7.592095772315550039e-85,7.962346727022993349e-85,8.317584254582740669e-85,8.654262187400575304e-85,8.968908716710549378e-85,9.258185442551290430e-85,9.518946000875510179e-85,9.748292837568538606e-85,9.943630702290171508e-85,1.010271548407718155e-84,1.022369710512780164e-84,1.030515532697403075e-84,1.034612750028851918e-84,1.034612750028851918e-84,1.030515532697403075e-84,1.022369710512780164e-84,1.010271548407718155e-84,9.943630702290171508e-85,9.748292837568538606e-85,9.518946000875510179e-85,9.258185442551290430e-85,8.968908716710549378e-85,8.654262187400575304e-85,8.317584254582740669e-85,7.962346727022993349e-85,7.592095772315550039e-85,7.210393832940992388e-85,6.820763814566049310e-85,6.426636733253556717e-85,6.031303857694329267e-85,5.637874207668000190e-85,5.249238078033770943e-85,4.868037056176331702e-85,4.496640797515421984e-85,4.137130625510797585e-85,3.791289836025293664e-85,3.460600416503327608e-85,3.146245742700175152e-85,2.849118692996606405e-85,2.569834524795413120e-85,2.308747790045470834e-85,2.065972527375558204e-85,1.841404955394686081e-85,1.634747903319972977e-85,1.445536248388445387e-85,1.273162681138015965e-85,1.116903185924988514e-85,9.759417011388170127e-86,8.493935076780154343e-86,7.363269817347847946e-86,6.357834354786098336e-86,5.467948539150787803e-86,4.683994155789957478e-86,3.996547568679069150e-86,3.396490033229110610e-86,2.875096451137494732e-86,2.424103779606512384e-86,2.035760647223898868e-86,1.702859972620393689e-86,1.418756536267103206e-86,1.177371529273036411e-86,9.731861061594894070e-87,8.012259125904180643e-87,6.570384554720136033e-87,5.366650430621153773e-87,4.366088574669897391e-87,3.538005409423506414e-87,2.855624893787074630e-87,2.295728585685370387e-87,1.838301073083448868e-87,1.466187307283383154e-87,1.164766808496628701e-87,9.216483146875976901e-88,7.263872226715076906e-88,5.702271288353531116e-88,4.458659119958396306e-88,3.472461036908640528e-88
8.157089777113134213e-86,1.047374825533622396e-85,1.339509308762852586e-85,1.706341907166299589e-85,2.165025889685611683e-85,2.736130751453126274e-85,3.444191703939621979e-85,4.318316816552267119e-85,5.392850770182224679e-85,6.708092151587522508e-85,8.311058770661375892e-85,1.025629261203061926e-84,1.260669274605639095e-84,1.543436085051736685e-84,1.882143998530743568e-84,2.286092299785526311e-84,2.765740252580929722e-84,3.332773014639676941e-84,4.000154797095399244e-84,4.782165210096257632e-84,5.694414407855551185e-84,6.753832403161082091e-84,7.978627789812332141e-84,9.388211118774920449e-84,1.100307834649352730e-83,1.284465013614523041e-83,1.493506336536867151e-83,1.729691199262088787e-83,1.995293546733291176e-83,2.292565413636718286e-83,2.623695259096297424e-83,2.990761359314884558e-83,3.395680708536654764e-83,3.840154077639350122e-83,4.325608085309855721e-83,4.853135342262769303e-83,5.423433926526713891e-83,6.036747628921479704e-83,6.692808563552498103e-83,7.390783859424635448e-83,8.129228227500317500e-83,8.906044224774551805e-83,9.718452006585797611e-83,1.056297026543941595e-82,1.143540989617404945e-82,1.233088170287475748e-82,1.324381917470263444e-82,1.416801701079988018e-82,1.509668567648252249e-82,1.602252183466723001e-82,1.693779403094565820e-82,1.783444253311239120e-82,1.870419175290468932e-82,1.953867322690972353e-82,2.032955672272940844e-82,2.106868668282347346e-82,2.174822093764494412e-82,2.236076842542738639e-82,2.289952255891289506e-82,2.335838688668155985e-82,2.373208981190266996e-82,2.401628535327846603e-82,2.420763725661765851e-82,2.430388418135990489e-82,2.430388418135990489e-82,2.420763725661765851e-82,2.401628535327846603e-82,2.373208981190266996e-82,2.335838688668155985e-82,2.289952255891289506e-82,2.236076842542738639e-82,2.174822093764494412e-82,2.106868668282347346e-82,2.032955672272940844e-82,1.953867322690972353e-82,1.870419175290468932e-82,1.783444253311239120e-82,1.693779403094565820e-82,1.602252183466723001e-82,1.509668567648252249e-82,1.416801701079988018e-82,1.324381917470263444e-82,1.233088170287475748e-82,1.143540989617404945e-82,1.056297026543941595e-82,9.718452006585797611e-83,8.906044224774551805e-83,8.129228227500317500e-83,7.390783859424635448e-83,6.692808563552498103e-83,6.036747628921650878e-83,5.423433926526713891e-83,4.853135342262769303e-83,4.325608085309855721e-83,3.840154077639350122e-83,3.395680708536654764e-83,2.990761359314884558e-83,2.623695259096297424e-83,2.292565413636718286e-83,1.995293546733291176e-83,1.729691199262088787e-83,1.493506336536867151e-83,1.284465013614523041e-83,1.100307834649352730e-83,9.388211118774920449e-84,7.978627789812332141e-84,6.753832403161082091e-84,5.694414407855551185e-84,4.782165210096257632e-84,4.000154797095399244e-84,3.332773014639676941e-84,2.765740252580929722e-84,2.286092299785526311e-84,1.882143998530743568e-84,1.543436085051736685e-84,1.260669274605639095e-84,1.025629261203061926e-84,8.311058770661375892e-85,6.708092151587522508e-85,5.392850770182224679e-85,4.318316816552267119e-85,3.444191703939621979e-85,2.736130751453126274e-85,2.165025889685611683e-85,1.706341907166299589e-85,1.339509308762852586e-85,1.047374825533622396e-85,8.157089777113134213e-86
3.463720775911061090e-83,4.447436576640135805e-83,5.687918545785800071e-83,7.245588900152225938e-83,9.193285055572060964e-83,1.161835064756562737e-82,1.462496881501556317e-82,1.833674028748003601e-82,2.289950186214441037e-82,2.848437222962952321e-82,3.529100171795053087e-82,4.355099033455305074e-82,5.353142453152769086e-82,6.553846751919084775e-82,7.992092093014159757e-82,9.707365752715558503e-82,1.174408059172842441e-81,1.415185494781771421e-81,1.698573836521238402e-81,2.030636592786363185e-81,2.418002256941813012e-81,2.867859769974174971e-81,3.387940992922950481e-81,3.986488170324926551e-81,4.672204439217874665e-81,5.454185592109611984e-81,6.341831545525006143e-81,7.344736304857661406e-81,8.472555654900833269e-81,9.734852343575596809e-81,1.114091915978327051e-80,1.269958102596385647e-80,1.441897801777212274e-80,1.630633206801164802e-80,1.836770098519022845e-80,2.060772428969509870e-80,2.302936620950094131e-80,2.563366194631641023e-80,2.841947398423334900e-80,3.138326572791156018e-80,3.451890008948833384e-80,3.781747075910168429e-80,4.126717376502754831e-80,4.485322653477255186e-80,4.855784099565835925e-80,5.236025630045786868e-80,5.623683553972306726e-80,6.016122932894408947e-80,6.410460746888772602e-80,6.803595801647109169e-80,7.192245112674467971e-80,7.572986299851104369e-80,7.942305324741523138e-80,8.296648711611422562e-80,8.632479218648616400e-80,8.946333775706365290e-80,9.234882385649623244e-80,9.494986603898776522e-80,9.723756169546757059e-80,9.918602364555690798e-80,1.007728672643912759e-79,1.019796383408192002e-79,1.027921702378760693e-79,1.032008606923843163e-79,1.032008606923843163e-79,1.027921702378760693e-79,1.019796383408192002e-79,1.007728672643912759e-79,9.918602364555690798e-80,9.723756169546757059e-80,9.494986603898776522e-80,9.234882385649623244e-80,8.946333775706365290e-80,8.632479218648616400e-80,8.296648711611422562e-80,7.942305324741523138e-80,7.572986299851104369e-80,7.192245112674467971e-80,6.803595801647109169e-80,6.410460746888772602e-80,6.016122932894408947e-80,5.623683553972306726e-80,5.236025630045786868e-80,4.855784099565835925e-80,4.485322653477255186e-80,4.126717376502754831e-80,3.781747075910168429e-80,3.451890008948833384e-80,3.138326572791156018e-80,2.841947398423334900e-80,2.563366194631713683e-80,2.302936620950094131e-80,2.060772428969509870e-80,1.836770098519022845e-80,1.630633206801164802e-80,1.441897801777212274e-80,1.269958102596385647e-80,1.114091915978327051e-80,9.734852343575596809e-81,8.472555654900833269e-81,7.344736304857661406e-81,6.341831545525006143e-81,5.454185592109611984e-81,4.672204439217874665e-81,3.986488170324926551e-81,3.387940992922950481e-81,2.867859769974174971e-81,2.418002256941813012e-81,2.030636592786363185e-81,1.698573836521238402e-81,1.415185494781771421e-81,1.174408059172842441e-81,9.707365752715558503e-82,7.992092093014159757e-82,6.553846751919084775e-82,5.353142453152769086e-82,4.355099033455305074e-82,3.529100171795053087e-82,2.848437222962952321e-82,2.289950186214441037e-82,1.833674028748003601e-82,1.462496881501556317e-82,1.161835064756562737e-82,9.193285055572060964e-83,7.245588900152225938e-83,5.687918545785800071e-83,4.447436576640135805e-83,3.463720775911061090e-83
1.331889889187779257e-80,1.710153962301667797e-80,2.187151243351346263e-80,2.786115631617457090e-80,3.535054990313672675e-80,4.467555197910182528e-80,5.623677355829094170e-80,7.050949129446797160e-80,8.805448525106521760e-80,1.095297508862443016e-79,1.357029951557903007e-79,1.674647797654787974e-79,2.058421209446564920e-79,2.520122951270866644e-79,3.073165344669943546e-79,3.732732264854353717e-79,4.515901601166238410e-79,5.441752883008503778e-79,6.531454078617174531e-79,7.808320940175940403e-79,9.297841732657974473e-79,1.102765978655512914e-78,1.302750609985875546e-78,1.532907422661946105e-78,1.796582997131387496e-78,2.097274899987777291e-78,2.438597641345716470e-78,2.824240363490985747e-78,3.257915964480424220e-78,3.743301567296203940e-78,4.283970488721278277e-78,4.883316138828548186e-78,5.544468586455326533e-78,6.270204850854536352e-78,7.062854315491003670e-78,7.924200995501690251e-78,8.855384712923114981e-78,9.856803529486646350e-78,1.092802004101484040e-77,1.206767433547075646e-77,1.327340654443479655e-77,1.454179196227316629e-77,1.586829165770107799e-77,1.724722135068734356e-77,1.867174106893594247e-77,2.013386773173636938e-77,2.162451233834572594e-77,2.313354287146655779e-77,2.464987337661634560e-77,2.616157896258463124e-77,2.765603570805073111e-77,2.912008367959811393e-77,3.054021049396829425e-77,3.190275212132692081e-77,3.319410695545321349e-77,3.440095859929212729e-77,3.551050235580791777e-77,3.651067009689847279e-77,3.739034802463293551e-77,3.813958185111206397e-77,3.874976411128333513e-77,3.921379868544321027e-77,3.952623813664233896e-77,3.968339014726417749e-77,3.968339014726417749e-77,3.952623813664233896e-77,3.921379868544321027e-77,3.874976411128333513e-77,3.813958185111206397e-77,3.739034802463293551e-77,3.651067009689847279e-77,3.551050235580791777e-77,3.440095859929212729e-77,3.319410695545321349e-77,3.190275212132692081e-77,3.054021049396829425e-77,2.912008367959811393e-77,2.765603570805073111e-77,2.616157896258463124e-77,2.464987337661634560e-77,2.313354287146655779e-77,2.162451233834572594e-77,2.013386773173636938e-77,1.867174106893594247e-77,1.724722135068734356e-77,1.586829165770107799e-77,1.454179196227316629e-77,1.327340654443479655e-77,1.206767433547075646e-77,1.092802004101484040e-77,9.856803529486926322e-78,8.855384712923114981e-78,7.924200995501690251e-78,7.062854315491003670e-78,6.270204850854536352e-78,5.544468586455326533e-78,4.883316138828548186e-78,4.283970488721278277e-78,3.743301567296203940e-78,3.257915964480424220e-78,2.824240363490985747e-78,2.438597641345716470e-78,2.097274899987777291e-78,1.796582997131387496e-78,1.532907422661946105e-78,1.302750609985875546e-78,1.102765978655512914e-78,9.297841732657974473e-79,7.808320940175940403e-79,6.531454078617174531e-79,5.441752883008503778e-79,4.515901601166238410e-79,3.732732264854353717e-79,3.073165344669943546e-79,2.520122951270866644e-79,2.058421209446564920e-79,1.674647797654787974e-79,1.357029951557903007e-79,1.095297508862443016e-79,8.805448525106521760e-80,7.050949129446797160e-80,5.623677355829094170e-80,4.467555197910182528e-80,3.535054990313672675e-80,2.786115631617457090e-80,2.187151243351346263e-80,1.710153962301667797e-80,1.331889889187779257e-80
4.637795189089514556e-78,5.954954597486872060e-78,7.615914496063806066e-78,9.701578018917435706e-78,1.230947179668256138e-77,1.555654575656779441e-77,1.958229730369149692e-77,2.455222328551880445e-77,3.066159382921539037e-77,3.813953059078885694e-77,4.725335804316101881e-77,5.831318010919841082e-77,7.167661576072795416e-77,8.775360631685272623e-77,1.070111843816049632e-76,1.299780701140228599e-76,1.572489354436236312e-76,1.894881517301813413e-76,2.274328121977354016e-76,2.718947984003298835e-76,3.237616413090533266e-76,3.839959137777541194e-76,4.536328836658128870e-76,5.337761573125705450e-76,6.255910528742846303e-76,7.302954636357451247e-76,8.491480039731480705e-76,9.834332760509625886e-76,1.134444154068879692e-75,1.303461054930340569e-75,1.491728249015324046e-75,1.700427361099155770e-75,1.930648317482279213e-75,2.183358108501941642e-75,2.459367852518182856e-75,2.759298764309088940e-75,3.083547743137901352e-75,3.432253398719857952e-75,3.805263421843344671e-75,4.202104275352345366e-75,4.621954225671722069e-75,5.063620750548593803e-75,5.525523341425377616e-75,6.005682666016717767e-75,6.501716966576309567e-75,7.010846441739646238e-75,7.529906195950336592e-75,8.055368143181189175e-75,8.583372025404661525e-75,9.109765457086834585e-75,9.630152642295648848e-75,1.013995113946566618e-74,1.063445577990553786e-74,1.110890858982600739e-74,1.155857333206462429e-74,1.197881308260092000e-74,1.236516909730054909e-74,1.271343911388135224e-74,1.301975317890387505e-74,1.328064509378034519e-74,1.349311763927101496e-74,1.365469986412912763e-74,1.376349490757950681e-74,1.381821706177065901e-74,1.381821706177065901e-74,1.376349490757950681e-74,1.365469986412912763e-74,1.349311763927101496e-74,1.328064509378034519e-74,1.301975317890387505e-74,1.271343911388135224e-74,1.236516909730054909e-74,1.197881308260092000e-74,1.155857333206462429e-74,1.110890858982600739e-74,1.063445577990553786e-74,1.013995113946566618e-74,9.630152642295648848e-75,9.109765457086834585e-75,8.583372025404661525e-75,8.055368143181189175e-75,7.529906195950336592e-75,7.010846441739646238e-75,6.501716966576309567e-75,6.005682666016717767e-75,5.525523341425377616e-75,5.063620750548593803e-75,4.621954225671722069e-75,4.202104275352345366e-75,3.805263421843344671e-75,3.432253398719955643e-75,3.083547743137901352e-75,2.759298764309088940e-75,2.459367852518182856e-75,2.183358108501941642e-75,1.930648317482279213e-75,1.700427361099155770e-75,1.491728249015324046e-75,1.303461054930340569e-75,1.134444154068879692e-75,9.834332760509625886e-76,8.491480039731480705e-76,7.302954636357451247e-76,6.255910528742846303e-76,5.337761573125705450e-76,4.536328836658128870e-76,3.839959137777541194e-76,3.237616413090533266e-76,2.718947984003298835e-76,2.274328121977354016e-76,1.894881517301813413e-76,1.572489354436236312e-76,1.299780701140228599e-76,1.070111843816049632e-76,8.775360631685272623e-77,7.167661576072795416e-77,5.831318010919841082e-77,4.725335804316101881e-77,3.813953059078885694e-77,3.066159382921539037e-77,2.455222328551880445e-77,1.958229730369149692e-77,1.555654575656779441e-77,1.230947179668256138e-77,9.701578018917435706e-78,7.615914496063806066e-78,5.954954597486872060e-78,4.637795189089514556e-78
1.462421564850658943e-75,1.877757353657751645e-75,2.401502684142673564e-75,3.059168490519591935e-75,3.881507542579433429e-75,4.905397297946881649e-75,6.174825040485981549e-75,7.741976377533858843e-75,9.668425232322397768e-75,1.202641982562427454e-74,1.490025475391776787e-74,1.838771412487795035e-74,2.260156481911862073e-74,2.767107236065216126e-74,3.374350469120049119e-74,4.098558149777518375e-74,4.958481883450973082e-74,5.975071086058742566e-74,7.171568289497801874e-74,8.573574302866659379e-74,1.020907536485577078e-73,1.210842398655743950e-73,1.430426494811456585e-73,1.683139792575161725e-73,1.972656853526535601e-73,2.302818022766529938e-73,2.677592049949957837e-73,3.101029631217939499e-73,3.577207546663552145e-73,4.110163295174196043e-73,4.703820395926537650e-73,5.361904829656131630e-73,6.087853427143290538e-73,6.884715369010565860e-73,7.755048329611838527e-73,8.700811166229149271e-73,9.723255408992596698e-73,1.082281813161587819e-72,1.199901906218849438e-72,1.325036501069131609e-72,1.457426483014210541e-72,1.596695817712750621e-72,1.742346128305964233e-72,1.893753278086624688e-72,2.050166234775721675e-72,2.210708452235336198e-72,2.374381953771055535e-72,2.540074238964374483e-72,2.706568064630716472e-72,2.872554071925462904e-72,3.036646148158503641e-72,3.197399326251357711e-72,3.353329939961783595e-72,3.502937672179882188e-72,3.644729059938827626e-72,3.777241956376669684e-72,3.899070399542013423e-72,4.008889303109993263e-72,4.105478366671885819e-72,4.187744604583403077e-72,4.254742913002725029e-72,4.305694134541131833e-72,4.340000137976771342e-72,4.357255505042675399e-72,4.357255505042675399e-72,4.340000137976771342e-72,4.305694134541131833e-72,4.254742913002725029e-72,4.187744604583403077e-72,4.105478366671885819e-72,4.008889303109993263e-72,3.899070399542013423e-72,3.777241956376669684e-72,3.644729059938827626e-72,3.502937672179882188e-72,3.353329939961783595e-72,3.197399326251357711e-72,3.036646148158503641e-72,2.872554071925462904e-72,2.706568064630716472e-72,2.540074238964374483e-72,2.374381953771055535e-72,2.210708452235336198e-72,2.050166234775721675e-72,1.893753278086624688e-72,1.742346128305964233e-72,1.596695817712750621e-72,1.457426483014210541e-72,1.325036501069131609e-72,1.199901906218849438e-72,1.082281813161618483e-72,9.723255408992596698e-73,8.700811166229149271e-73,7.755048329611838527e-73,6.884715369010565860e-73,6.087853427143290538e-73,5.361904829656131630e-73,4.703820395926537650e-73,4.110163295174196043e-73,3.577207546663552145e-73,3.101029631217939499e-73,2.677592049949957837e-73,2.302818022766529938e-73,1.972656853526535601e-73,1.683139792575161725e-73,1.430426494811456585e-73,1.210842398655743950e-73,1.020907536485577078e-73,8.573574302866659379e-74,7.171568289497801874e-74,5.975071086058742566e-74,4.958481883450973082e-74,4.098558149777518375e-74,3.374350469120049119e-74,2.767107236065216126e-74,2.260156481911862073e-74,1.838771412487795035e-74,1.490025475391776787e-74,1.202641982562427454e-74,9.668425232322397768e-75,7.741976377533858843e-75,6.174825040485981549e-75,4.905397297946881649e-75,3.881507542579433429e-75,3.059168490519591935e-75,2.401502684142673564e-75,1.877757353657751645e-75,1.462421564850658943e-75
4.175912060313312797e-73,5.361894113126104349e-73,6.857437186800702725e-73,8.735387183240685175e-73,1.108355794856579531e-72,1.400725223798007678e-72,1.763207475644907086e-72,2.210704033819817625e-72,2.760797194344959056e-72,3.434117275024186912e-72,4.254734409293263794e-72,5.250570630330696618e-72,6.453826268607352391e-72,7.901412805304862285e-72,9.635382271705804739e-72,1.170334110144166509e-71,1.415883408424880418e-71,1.706168180858990007e-71,2.047825280430118400e-71,2.448164960900949541e-71,2.915178630116979569e-71,3.457533379714332121e-71,4.084550853628073033e-71,4.806168021548303737e-71,5.632877511856433024e-71,6.575645344069867619e-71,7.645804194036830350e-71,8.854920733963834672e-71,1.021463611819864569e-70,1.173647933448504212e-70,1.343165390405281214e-70,1.531079928153259055e-70,1.738372926032686065e-70,1.965915070748533504e-70,2.214436700490377369e-70,2.484497162572640564e-70,2.776453828623979895e-70,3.090431504065492993e-70,3.426293048327629551e-70,3.783612084341075406e-70,4.161648715882113714e-70,4.559329185301911376e-70,4.975230388630168258e-70,5.407570117462935352e-70,5.854203815930013364e-70,6.312628526145161400e-70,6.779994547984778576e-70,7.253125161393306696e-70,7.728544555690040265e-70,8.202513885987879998e-70,8.671075138511110861e-70,9.130102242094743186e-70,9.575358620977474423e-70,1.000256015321792876e-69,1.040744228872692409e-69,1.078582989985213452e-69,1.113370829369632531e-69,1.144729371590441647e-69,1.172310162596054488e-69,1.195801102781034252e-69,1.214932319857787663e-69,1.229481327177141426e-69,1.239277329706868071e-69,1.244204561167859253e-69,1.244204561167859253e-69,1.239277329706868071e-69,1.229481327177141426e-69,1.214932319857787663e-69,1.195801102781034252e-69,1.172310162596054488e-69,1.144729371590441647e-69,1.113370829369632531e-69,1.078582989985213452e-69,1.040744228872692409e-69,1.000256015321792876e-69,9.575358620977474423e-70,9.130102242094743186e-70,8.671075138511110861e-70,8.202513885987879998e-70,7.728544555690040265e-70,7.253125161393306696e-70,6.779994547984778576e-70,6.312628526145161400e-70,5.854203815930013364e-70,5.407570117462935352e-70,4.975230388630168258e-70,4.559329185301911376e-70,4.161648715882113714e-70,3.783612084341075406e-70,3.426293048327629551e-70,3.090431504065581145e-70,2.776453828623979895e-70,2.484497162572640564e-70,2.214436700490377369e-70,1.965915070748533504e-70,1.738372926032686065e-70,1.531079928153259055e-70,1.343165390405281214e-70,1.173647933448504212e-70,1.021463611819864569e-70,8.854920733963834672e-71,7.645804194036830350e-71,6.575645344069867619e-71,5.632877511856433024e-71,4.806168021548303737e-71,4.084550853628073033e-71,3.457533379714332121e-71,2.915178630116979569e-71,2.448164960900949541e-71,2.047825280430118400e-71,1.706168180858990007e-71,1.415883408424880418e-71,1.170334110144166509e-71,9.635382271705804739e-72,7.901412805304862285e-72,6.453826268607352391e-72,5.250570630330696618e-72,4.254734409293263794e-72,3.434117275024186912e-72,2.760797194344959056e-72,2.210704033819817625e-72,1.763207475644907086e-72,1.400725223798007678e-72,1.108355794856579531e-72,8.735387183240685175e-73,6.857437186800702725e-73,5.361894113126104349e-73,4.175912060313312797e-73
1.079811173168557371e-70,1.386483500868042091e-70,1.773202401454161016e-70,2.258804435098422860e-70,2.865996586725192310e-70,3.622008139421007400e-70,4.559318073074671372e-70,5.716458780284599997e-70,7.138894723473705022e-70,8.879971967762311643e-70,1.100193128510202230e-69,1.357697372515162112e-69,1.668836319797426461e-69,2.043154575037952281e-69,2.491525991080745196e-69,3.026260683226972673e-69,3.661204312349565204e-69,4.411825341115974778e-69,5.295285404883665654e-69,6.330487424925004129e-69,7.538095656991268006e-69,8.940521546180888955e-69,1.056186908493433327e-68,1.242783338067684090e-68,1.456554636817740362e-68,1.700336408134923819e-68,1.977059065741090116e-68,2.289713530351181375e-68,2.641309982340586505e-68,3.034829597941287225e-68,3.473169393955367614e-68,3.959080530326009889e-68,4.495100666758235146e-68,5.083481232924836738e-68,5.726110744019399854e-68,6.424435565461189322e-68,7.179379792087511982e-68,7.991266146901695133e-68,8.859740010560337072e-68,9.783698853324348155e-68,1.076122944474774947e-67,1.178955525244733895e-67,1.286499640111560232e-67,1.398294443990466191e-67,1.513785395656283392e-67,1.632325277961595903e-67,1.753177212833014910e-67,1.875519761083011045e-67,1.998454144395701294e-67,2.121013568828701941e-67,2.242174567547260410e-67,2.360870217282667107e-67,2.476005020386273796e-67,2.586471184674550305e-67,2.691165978871475708e-67,2.789009794636817178e-67,2.878964508996559366e-67,2.960051715276873624e-67,3.031370377793088531e-67,3.092113466521044071e-67,3.141583143222620768e-67,3.179204099878424085e-67,3.204534693126579226e-67,3.217275573460075323e-67,3.217275573460075323e-67,3.204534693126579226e-67,3.179204099878424085e-67,3.141583143222620768e-67,3.092113466521044071e-67,3.031370377793088531e-67,2.960051715276873624e-67,2.878964508996559366e-67,2.789009794636817178e-67,2.691165978871475708e-67,2.586471184674550305e-67,2.476005020386273796e-67,2.360870217282667107e-67,2.242174567547260410e-67,2.121013568828701941e-67,1.998454144395701294e-67,1.875519761083011045e-67,1.753177212833014910e-67,1.632325277961595903e-67,1.513785395656283392e-67,1.398294443990466191e-67,1.286499640111560232e-67,1.178955525244733895e-67,1.076122944474774947e-67,9.783698853324348155e-68,8.859740010560337072e-68,7.991266146901922449e-68,7.179379792087511982e-68,6.424435565461189322e-68,5.726110744019399854e-68,5.083481232924836738e-68,4.495100666758235146e-68,3.959080530326009889e-68,3.473169393955367614e-68,3.034829597941287225e-68,2.641309982340586505e-68,2.289713530351181375e-68,1.977059065741090116e-68,1.700336408134923819e-68,1.456554636817740362e-68,1.242783338067684090e-68,1.056186908493433327e-68,8.940521546180888955e-69,7.538095656991268006e-69,6.330487424925004129e-69,5.295285404883665654e-69,4.411825341115974778e-69,3.661204312349565204e-69,3.026260683226972673e-69,2.491525991080745196e-69,2.043154575037952281e-69,1.668836319797426461e-69,1.357697372515162112e-69,1.100193128510202230e-69,8.879971967762311643e-70,7.138894723473705022e-70,5.716458780284599997e-70,4.559318073074671372e-70,3.622008139421007400e-70,2.865996586725192310e-70,2.258804435098422860e-70,1.773202401454161016e-70,1.386483500868042091e-70,1.079811173168557371e-70
2.528494180838122443e-68,3.246600471345256036e-68,4.152144435002206179e-68,5.289233906552812884e-68,6.711039737227625116e-68,8.481322226552608335e-68,1.067613440462136010e-67,1.338570401946965395e-67,1.671649100736018519e-67,2.079341092628958382e-67,2.576220724845096047e-67,3.179194650922470583e-67,3.907760012333581096e-67,4.784266529097884191e-67,5.834176498997206467e-67,7.086315383073139266e-67,8.573104287734811792e-67,1.033076428460384139e-66,1.239948119154694538e-66,1.482351823497308380e-66,1.765126299570924431e-66,2.093519428664723539e-66,2.473175420260426903e-66,2.910111060553172215e-66,3.410679584338349670e-66,3.981520862412149540e-66,4.629496774172816498e-66,5.361610882660812173e-66,6.184911849486209117e-66,7.106380419932930523e-66,8.132800270914005440e-66,9.270613539795439295e-66,1.052576243013700372e-65,1.190351890704489516e-65,1.340830513227856098e-65,1.504350792627184152e-65,1.681129115663115592e-65,1.871241051403300147e-65,2.074603561908466857e-65,2.290958477963595412e-65,2.519857796050155114e-65,2.760651361201402479e-65,3.012477490973917527e-65,3.274257066958753898e-65,3.544691571141173478e-65,3.822265474851308775e-65,4.105253298702722010e-65,4.391731554351160971e-65,4.679595655552248880e-65,4.966581750145416886e-65,5.250293280287725736e-65,5.528231930214926600e-65,5.797832474174075674e-65,6.056500897434423623e-65,6.301655035925307414e-65,6.530766870421064384e-65,6.741405524149885503e-65,6.931279952489580273e-65,7.098280283323589045e-65,7.240516768915866433e-65,7.356355345859685721e-65,7.444448868454594931e-65,7.503763181194290264e-65,7.533597324961734875e-65,7.533597324961734875e-65,7.503763181194290264e-65,7.444448868454594931e-65,7.356355345859685721e-65,7.240516768915866433e-65,7.098280283323589045e-65,6.931279952489580273e-65,6.741405524149885503e-65,6.530766870421064384e-65,6.301655035925307414e-65,6.056500897434423623e-65,5.797832474174075674e-65,5.528231930214926600e-65,5.250293280287725736e-65,4.966581750145416886e-65,4.679595655552248880e-65,4.391731554351160971e-65,4.105253298702722010e-65,3.822265474851308775e-65,3.544691571141173478e-65,3.274257066958753898e-65,3.012477490973917527e-65,2.760651361201402479e-65,2.519857796050155114e-65,2.290958477963595412e-65,2.074603561908466857e-65,1.871241051403353068e-65,1.681129115663115592e-65,1.504350792627184152e-65,1.340830513227856098e-65,1.190351890704489516e-65,1.052576243013700372e-65,9.270613539795439295e-66,8.132800270914005440e-66,7.106380419932930523e-66,6.184911849486209117e-66,5.361610882660812173e-66,4.629496774172816498e-66,3.981520862412149540e-66,3.410679584338349670e-66,2.910111060553172215e-66,2.473175420260426903e-66,2.093519428664723539e-66,1.765126299570924431e-66,1.482351823497308380e-66,1.239948119154694538e-66,1.033076428460384139e-66,8.573104287734811792e-67,7.086315383073139266e-67,5.834176498997206467e-67,4.784266529097884191e-67,3.907760012333581096e-67,3.179194650922470583e-67,2.576220724845096047e-67,2.079341092628958382e-67,1.671649100736018519e-67,1.338570401946965395e-67,1.067613440462136010e-67,8.481322226552608335e-68,6.711039737227625116e-68,5.289233906552812884e-68,4.152144435002206179e-68,3.246600471345256036e-68,2.528494180838122443e-68
5.361591450271839926e-66,6.884312988153035311e-66,8.804490147421415323e-66,1.121565218807875690e-65,1.423054620818912662e-65,1.798437389395608001e-65,2.263840327558007947e-65,2.838395942159877762e-65,3.544678723915423460e-65,4.409176619399179247e-65,5.462794068113735490e-65,6.741381090893309721e-65,8.286280755804229723e-65,1.014488493294862740e-64,1.237118561452719999e-64,1.502630627341245315e-64,1.817899483406032303e-64,2.190605692623966892e-64,2.629270529796833253e-64,3.143279871232918639e-64,3.742894149470589377e-64,4.439241329788682008e-64,5.244289778786604099e-64,6.170797900128653766e-64,7.232237526029707055e-64,8.442688291223173431e-64,9.816700592618503724e-64,1.136912526277990112e-63,1.311490876435331809e-63,1.506885354557630990e-63,1.724534417747694399e-63,1.965804100734205867e-63,2.231954428873100500e-63,2.524103305589022422e-63,2.843188436211127083e-63,3.189927985235080389e-63,3.564780793901095303e-63,3.967907104012409106e-63,4.399130836261182375e-63,4.857904551042265713e-63,5.343278271150711165e-63,5.853873363668371333e-63,6.387862658393902558e-63,6.942957919080184456e-63,7.516405679597611162e-63,8.104992309627955768e-63,8.705058985039419625e-63,9.312527010006092862e-63,9.922933676367628470e-63,1.053147855765646327e-62,1.113307982922842943e-62,1.172243989200532658e-62,1.229411926640708278e-62,1.284261742674228498e-62,1.336245897626714658e-62,1.384828333065872563e-62,1.429493589307628304e-62,1.469755857630267010e-62,1.505167746365379650e-62,1.535328540518976621e-62,1.559891742145478319e-62,1.578571693285909166e-62,1.591149104555983511e-62,1.597475339805482351e-62,1.597475339805482351e-62,1.591149104555983511e-62,1.578571693285909166e-62,1.559891742145478319e-62,1.535328540518976621e-62,1.505167746365379650e-62,1.469755857630267010e-62,1.429493589307628304e-62,1.384828333065872563e-62,1.336245897626714658e-62,1.284261742674228498e-62,1.229411926640708278e-62,1.172243989200532658e-62,1.113307982922842943e-62,1.053147855765646327e-62,9.922933676367628470e-63,9.312527010006092862e-63,8.705058985039419625e-63,8.104992309627955768e-63,7.516405679597611162e-63,6.942957919080184456e-63,6.387862658393902558e-63,5.853873363668371333e-63,5.343278271150711165e-63,4.857904551042265713e-63,4.399130836261182375e-63,3.967907104012522455e-63,3.564780793901095303e-63,3.189927985235080389e-63,2.843188436211127083e-63,2.524103305589022422e-63,2.231954428873100500e-63,1.965804100734205867e-63,1.724534417747694399e-63,1.506885354557630990e-63,1.311490876435331809e-63,1.136912526277990112e-63,9.816700592618503724e-64,8.442688291223173431e-64,7.232237526029707055e-64,6.170797900128653766e-64,5.244289778786604099e-64,4.439241329788682008e-64,3.742894149470589377e-64,3.143279871232918639e-64,2.629270529796833253e-64,2.190605692623966892e-64,1.817899483406032303e-64,1.502630627341245315e-64,1.237118561452719999e-64,1.014488493294862740e-64,8.286280755804229723e-65,6.741381090893309721e-65,5.462794068113735490e-65,4.409176619399179247e-65,3.544678723915423460e-65,2.838395942159877762e-65,2.263840327558007947e-65,1.798437389395608001e-65,1.423054620818912662e-65,1.121565218807875690e-65,8.804490147421415323e-66,6.884312988153035311e-66,5.361591450271839926e-66
1.029539546305751925e-63,1.321934454757927274e-63,1.690649292454038124e-63,2.153643665753806734e-63,2.732567414497658363e-63,3.453382136835096545e-63,4.347054723135545549e-63,5.450323654144155751e-63,6.806536751386581938e-63,8.466556503644088736e-63,1.048972600506965880e-62,1.294488491740745701e-62,1.591142072091343970e-62,1.948033588173234186e-62,2.375530650362927678e-62,2.885370264941759159e-62,3.490753494991518906e-62,4.206428654321522392e-62,5.048758402180885297e-62,6.035765616526164127e-62,7.187152509206997816e-62,8.524287139372877256e-62,1.007015131537876826e-61,1.184924388470671535e-61,1.388743362933134479e-61,1.621175644128216428e-61,1.885015217605108068e-61,2.183113758945997326e-61,2.518341306741873379e-61,2.893540245755553452e-61,3.311472719441530526e-61,3.774761804898930961e-61,4.285827018693524716e-61,4.846814973067771415e-61,5.459526261610537476e-61,6.125339912835832128e-61,6.845136999474871294e-61,7.619225219857406137e-61,8.447266464277783787e-61,9.328209532308029123e-61,1.026023026574874549e-60,1.124068139629865264e-60,1.226605436871336456e-60,1.333195528291758217e-60,1.443309689855341219e-60,1.556330836218954882e-60,1.671556395362406251e-60,1.788203170973727668e-60,1.905414228208609110e-60,2.022267783127834783e-60,2.137788017359737323e-60,2.250957679253929614e-60,2.360732273087276891e-60,2.466055580985421826e-60,2.565876210366195257e-60,2.659164815073148867e-60,2.744931602925727986e-60,2.822243717894929440e-60,2.890242072861585384e-60,2.948157209844917432e-60,2.995323779123677617e-60,3.031193256685526666e-60,3.055344560291542311e-60,3.067492276933140772e-60,3.067492276933140772e-60,3.055344560291542311e-60,3.031193256685526666e-60,2.995323779123677617e-60,2.948157209844917432e-60,2.890242072861585384e-60,2.822243717894929440e-60,2.744931602925727986e-60,2.659164815073148867e-60,2.565876210366195257e-60,2.466055580985421826e-60,2.360732273087276891e-60,2.250957679253929614e-60,2.137788017359737323e-60,2.022267783127834783e-60,1.905414228208609110e-60,1.788203170973727668e-60,1.671556395362406251e-60,1.556330836218954882e-60,1.443309689855341219e-60,1.333195528291758217e-60,1.226605436871336456e-60,1.124068139629865264e-60,1.026023026574874549e-60,9.328209532308029123e-61,8.447266464277783787e-61,7.619225219857623078e-61,6.845136999474871294e-61,6.125339912835832128e-61,5.459526261610537476e-61,4.846814973067771415e-61,4.285827018693524716e-61,3.774761804898930961e-61,3.311472719441530526e-61,2.893540245755553452e-61,2.518341306741873379e-61,2.183113758945997326e-61,1.885015217605108068e-61,1.621175644128216428e-61,1.388743362933134479e-61,1.184924388470671535e-61,1.007015131537876826e-61,8.524287139372877256e-62,7.187152509206997816e-62,6.035765616526164127e-62,5.048758402180885297e-62,4.206428654321522392e-62,3.490753494991518906e-62,2.885370264941759159e-62,2.375530650362927678e-62,1.948033588173234186e-62,1.591142072091343970e-62,1.294488491740745701e-62,1.048972600506965880e-62,8.466556503644088736e-63,6.806536751386581938e-63,5.450323654144155751e-63,4.347054723135545549e-63,3.453382136835096545e-63,2.732567414497658363e-63,2.153643665753806734e-63,1.690649292454038124e-63,1.321934454757927274e-63,1.029539546305751925e-63
1.790234113574877911e-61,2.298670473911863777e-61,2.939817171960867322e-61,3.744903605453059614e-61,4.751576003690496512e-61,6.004978177629191104e-61,7.558957484303267112e-61,9.477397318718654483e-61,1.183567385182755025e-60,1.472223027441778897e-60,1.824025643668887171e-60,2.250945547317659038e-60,2.766787179009626617e-60,3.387374672931410315e-60,4.130735942472917695e-60,5.017280100728911101e-60,6.069962063369489230e-60,7.314427211957587278e-60,8.779128062845217215e-60,1.049540403476493021e-59,1.249751468762571552e-59,1.482261627110037595e-59,1.751067113287756993e-59,2.060427955253180047e-59,2.414842394587582880e-59,2.819011617989020897e-59,3.277793999534473387e-59,3.796148228694781036e-59,4.379064925802405277e-59,5.031486624812993524e-59,5.758216330581064453e-59,6.563815229825710361e-59,7.452490544221846106e-59,8.427974950652901837e-59,9.493399444988863090e-59,1.065116197677739727e-58,1.190279461583129377e-58,1.324883240915150429e-58,1.468868742834676926e-58,1.622053177387392766e-58,1.784119347409882179e-58,1.954606927697762936e-58,2.132905826554177656e-58,2.318252002438939712e-58,2.509726073664446023e-58,2.706255009829653334e-58,2.906617130424762119e-58,3.109450559880890056e-58,3.313265201001771616e-58,3.516458192528458732e-58,3.717332714417580580e-58,3.914119899593418718e-58,4.105003507114330721e-58,4.288146912756578512e-58,4.461721882846074166e-58,4.623938519548821128e-58,4.773075704202268277e-58,4.907511322636863402e-58,5.025751535132916439e-58,5.126458355275921125e-58,5.208474827247413539e-58,5.270847139799903860e-58,5.312843086199374467e-58,5.333966370692784343e-58,5.333966370692784343e-58,5.312843086199374467e-58,5.270847139799903860e-58,5.208474827247413539e-58,5.126458355275921125e-58,5.025751535132916439e-58,4.907511322636863402e-58,4.773075704202268277e-58,4.623938519548821128e-58,4.461721882846074166e-58,4.288146912756578512e-58,4.105003507114330721e-58,3.914119899593418718e-58,3.717332714417580580e-58,3.516458192528458732e-58,3.313265201001771616e-58,3.109450559880890056e-58,2.906617130424762119e-58,2.706255009829653334e-58,2.509726073664446023e-58,2.318252002438939712e-58,2.132905826554177656e-58,1.954606927697762936e-58,1.784119347409882179e-58,1.622053177387392766e-58,1.468868742834676926e-58,1.324883240915187926e-58,1.190279461583129377e-58,1.065116197677739727e-58,9.493399444988863090e-59,8.427974950652901837e-59,7.452490544221846106e-59,6.563815229825710361e-59,5.758216330581064453e-59,5.031486624812993524e-59,4.379064925802405277e-59,3.796148228694781036e-59,3.277793999534473387e-59,2.819011617989020897e-59,2.414842394587582880e-59,2.060427955253180047e-59,1.751067113287756993e-59,1.482261627110037595e-59,1.249751468762571552e-59,1.049540403476493021e-59,8.779128062845217215e-60,7.314427211957587278e-60,6.069962063369489230e-60,5.017280100728911101e-60,4.130735942472917695e-60,3.387374672931410315e-60,2.766787179009626617e-60,2.250945547317659038e-60,1.824025643668887171e-60,1.472223027441778897e-60,1.183567385182755025e-60,9.477397318718654483e-61,7.558957484303267112e-61,6.004978177629191104e-61,4.751576003690496512e-61,3.744903605453059614e-61,2.939817171960867322e-61,2.298670473911863777e-61,1.790234113574877911e-61
2.818993090089116110e-59,3.619602672753106102e-59,4.629184658611067760e-59,5.896914435252963707e-59,7.482071657482423508e-59,9.455742051004432853e-59,1.190271638494116091e-58,1.492358868089436082e-58,1.863705006616431802e-58,2.318236765771958647e-58,2.872202940754027673e-58,3.544452591948634495e-58,4.356722889053064032e-58,5.333931313300902625e-58,6.504465528009202080e-58,7.900462753864764379e-58,9.558068960920832648e-58,1.151766666276623547e-57,1.382405862926468852e-57,1.652659349263276904e-57,1.967921808693127784e-57,2.334044052028213453e-57,2.757318752452663493e-57,3.244453965233984663e-57,3.802532848847941385e-57,4.438958129405351607e-57,5.161380048206065135e-57,5.977606808237726756e-57,6.895496892436055956e-57,7.922833064498180527e-57,9.067178378548639588e-57,1.033571510965761852e-56,1.173506816165201203e-56,1.327111519615279158e-56,1.494878643745613678e-56,1.677185781808060140e-56,1.874274181256375650e-56,2.086228093294861849e-56,2.312954939748248024e-56,2.554166890318786141e-56,2.809364470325965191e-56,3.077822828444190765e-56,3.358581283461592100e-56,3.650436736964345007e-56,3.951941484093860586e-56,4.261405876963678416e-56,4.576906195715473843e-56,4.896297962267233783e-56,5.217234794283901752e-56,5.537192745439420294e-56,5.853499917158783241e-56,6.163370961969241626e-56,6.463945935115285664e-56,6.752332795295136628e-56,7.025652713391005993e-56,7.281087225835521326e-56,7.515926172219964390e-56,7.727615289612783234e-56,7.913802302511920579e-56,8.072380349905553587e-56,8.201527630704059745e-56,8.299742225524657358e-56,8.365871164647177285e-56,8.399132955703096284e-56,8.399132955703096284e-56,8.365871164647177285e-56,8.299742225524657358e-56,8.201527630704059745e-56,8.072380349905553587e-56,7.913802302511920579e-56,7.727615289612783234e-56,7.515926172219964390e-56,7.281087225835521326e-56,7.025652713391005993e-56,6.752332795295136628e-56,6.463945935115285664e-56,6.163370961969154692e-56,5.853499917158783241e-56,5.537192745439420294e-56,5.217234794283901752e-56,4.896297962267233783e-56,4.576906195715473843e-56,4.261405876963678416e-56,3.951941484093860586e-56,3.650436736964345007e-56,3.358581283461592100e-56,3.077822828444190765e-56,2.809364470325965191e-56,2.554166890318786141e-56,2.312954939748248024e-56,2.086228093294861849e-56,1.874274181256375650e-56,1.677185781808060140e-56,1.494878643745613678e-56,1.327111519615279158e-56,1.173506816165201203e-56,1.033571510965761852e-56,9.067178378548639588e-57,7.922833064498180527e-57,6.895496892436055956e-57,5.977606808237726756e-57,5.161380048206065135e-57,4.438958129405351607e-57,3.802532848847941385e-57,3.244453965233984663e-57,2.757318752452663493e-57,2.334044052028213453e-57,1.967921808693127784e-57,1.652659349263276904e-57,1.382405862926468852e-57,1.151766666276623547e-57,9.558068960920832648e-58,7.900462753864764379e-58,6.504465528009202080e-58,5.333931313300902625e-58,4.356722889053064032e-58,3.544452591948634495e-58,2.872202940754027673e-58,2.318236765771958647e-58,1.863705006616431802e-58,1.492358868089436082e-58,1.190271638494116091e-58,9.455742051004432853e-59,7.482071657482423508e-59,5.896914435252963707e-59,4.629184658611067760e-59,3.619602672753106102e-59,2.818993090089116110e-59
4.019716911266083043e-57,5.161338680425501079e-57,6.600942699367753338e-57,8.408650153493663381e-57,1.066899031382016272e-56,1.348332720808151248e-56,1.697256744288059075e-56,2.128015212533637549e-56,2.657532776169523030e-56,3.305668099880873307e-56,4.095591001669321247e-56,5.054179123435247914e-56,6.212428379621534861e-56,7.605869620251156200e-56,9.274981969132310694e-56,1.126559119644172686e-55,1.362923931113495089e-55,1.642350938192027743e-55,1.971228750072276335e-55,2.356594188950489499e-55,2.806139753326930298e-55,3.328208352323758958e-55,3.931772964592307066e-55,4.626398878992243332e-55,5.422186259305603999e-55,6.329690953803888977e-55,7.359821752734094386e-55,8.523712690339560534e-55,9.832569497086389535e-55,1.129748993229839333e-54,1.292925846248364956e-54,1.473811658580748988e-54,1.673351102210809243e-54,1.892382296816813656e-54,2.131608263135084753e-54,2.391567426742348059e-54,2.672603792195662391e-54,2.974837496714306690e-54,3.298136529312507524e-54,3.642090461060908304e-54,4.005987070696299346e-54,4.388792763229737416e-54,4.789137664244977628e-54,5.205306226777049015e-54,5.635234109581893345e-54,6.076511975010841941e-54,6.526396712669536739e-54,6.981830424032997300e-54,7.439467307089269628e-54,7.895708364109101220e-54,8.346743626233441809e-54,8.788601353205344534e-54,9.217203433468084274e-54,9.628425987694073259e-54,1.001816397634628260e-53,1.038239843758142713e-53,1.071726484343544180e-53,1.101912096649816026e-53,1.128461260145109047e-53,1.151073548947973194e-53,1.169489185030761633e-53,1.183494003599544239e-53,1.192923598012152996e-53,1.197666532092997353e-53,1.197666532092997353e-53,1.192923598012152996e-53,1.183494003599544239e-53,1.169489185030761633e-53,1.151073548947973194e-53,1.128461260145109047e-53,1.101912096649816026e-53,1.071726484343544180e-53,1.038239843758142713e-53,1.001816397634628260e-53,9.628425987694073259e-54,9.217203433468084274e-54,8.788601353205220508e-54,8.346743626233441809e-54,7.895708364109101220e-54,7.439467307089269628e-54,6.981830424032997300e-54,6.526396712669536739e-54,6.076511975010841941e-54,5.635234109581893345e-54,5.205306226777049015e-54,4.789137664244977628e-54,4.388792763229737416e-54,4.005987070696299346e-54,3.642090461060908304e-54,3.298136529312507524e-54,2.974837496714306690e-54,2.672603792195662391e-54,2.391567426742348059e-54,2.131608263135084753e-54,1.892382296816813656e-54,1.673351102210809243e-54,1.473811658580748988e-54,1.292925846248364956e-54,1.129748993229839333e-54,9.832569497086389535e-55,8.523712690339560534e-55,7.359821752734094386e-55,6.329690953803888977e-55,5.422186259305603999e-55,4.626398878992243332e-55,3.931772964592307066e-55,3.328208352323758958e-55,2.806139753326930298e-55,2.356594188950489499e-55,1.971228750072276335e-55,1.642350938192027743e-55,1.362923931113495089e-55,1.126559119644172686e-55,9.274981969132310694e-56,7.605869620251156200e-56,6.212428379621534861e-56,5.054179123435247914e-56,4.095591001669321247e-56,3.305668099880873307e-56,2.657532776169523030e-56,2.128015212533637549e-56,1.697256744288059075e-56,1.348332720808151248e-56,1.066899031382016272e-56,8.408650153493424538e-57,6.600942699367753338e-57,5.161338680425501079e-57,4.019716911266083043e-57
5.190558186801192775e-55,6.664705334709486483e-55,8.523629381159011269e-55,1.085787602899047580e-54,1.377659577546229374e-54,1.741067741090861715e-54,2.191624456059803312e-54,2.747851907704390704e-54,3.431604466816723805e-54,4.268525121904701569e-54,5.288532469518747761e-54,6.526332924883507089e-54,8.021950723789805336e-54,9.821265948975280813e-54,1.197654826323342464e-53,1.454697131779590604e-53,1.759908999760961727e-53,2.120725985439694111e-53,2.545397537341254019e-53,3.043010124952441883e-53,3.623496875891176338e-53,4.297630776465121736e-53,5.076998405736135020e-53,5.973951177869853656e-53,7.001531177412071613e-53,8.173368902697311867e-53,9.503550597054287084e-53,1.100645335565403402e-52,1.269654685317610405e-52,1.458816134391077697e-52,1.669522253510546550e-52,1.903095501279959861e-52,2.160755708599773403e-52,2.443585118088953334e-52,2.752491522539620061e-52,3.088170177201570822e-52,3.451065286407934430e-52,3.841331980293702802e-52,4.258799796431275161e-52,4.702938758385395817e-52,5.172829192957637021e-52,5.667136445233204650e-52,6.184091631227704673e-52,6.721479508788410976e-52,7.276634446583256265e-52,7.846445328199542357e-52,8.427370044969155454e-52,9.015460010319062437e-52,9.606394875227687506e-52,1.019552734548497124e-51,1.077793770522798244e-51,1.134849734730313384e-51,1.190194031000348544e-51,1.243294153286391382e-51,1.293620028276155987e-51,1.340652697650968849e-51,1.383893144746105466e-51,1.422871058001837218e-51,1.457153317418412634e-51,1.486351990697883091e-51,1.510131633081845298e-51,1.528215699020200955e-51,1.540391894398389155e-51,1.546516324517780438e-51,1.546516324517780438e-51,1.540391894398389155e-51,1.528215699020200955e-51,1.510131633081845298e-51,1.486351990697883091e-51,1.457153317418412634e-51,1.422871058001837218e-51,1.383893144746105466e-51,1.340652697650968849e-51,1.293620028276155987e-51,1.243294153286391382e-51,1.190194031000348544e-51,1.134849734730297212e-51,1.077793770522798244e-51,1.019552734548497124e-51,9.606394875227687506e-52,9.015460010319062437e-52,8.427370044969155454e-52,7.846445328199542357e-52,7.276634446583256265e-52,6.721479508788410976e-52,6.184091631227704673e-52,5.667136445233204650e-52,5.172829192957637021e-52,4.702938758385395817e-52,4.258799796431275161e-52,3.841331980293702802e-52,3.451065286407934430e-52,3.088170177201570822e-52,2.752491522539620061e-52,2.443585118088953334e-52,2.160755708599773403e-52,1.903095501279959861e-52,1.669522253510546550e-52,1.458816134391077697e-52,1.269654685317610405e-52,1.100645335565403402e-52,9.503550597054287084e-53,8.173368902697311867e-53,7.001531177412071613e-53,5.973951177869853656e-53,5.076998405736135020e-53,4.297630776465121736e-53,3.623496875891176338e-53,3.043010124952441883e-53,2.545397537341254019e-53,2.120725985439694111e-53,1.759908999760961727e-53,1.454697131779590604e-53,1.197654826323342464e-53,9.821265948975280813e-54,8.021950723789805336e-54,6.526332924883507089e-54,5.288532469518747761e-54,4.268525121904701569e-54,3.431604466816723805e-54,2.747851907704390704e-54,2.191624456059803312e-54,1.741067741090861715e-54,1.377659577546229374e-54,1.085787602899047580e-54,8.523629381159011269e-55,6.664705334709486483e-55,5.190558186801192775e-55
6.069454059175835004e-53,7.793212481429156311e-53,9.966900492116084354e-53,1.269639552558364739e-52,1.610933008392589057e-52,2.035875581808361302e-52,2.562723212475701516e-52,3.213134371104829682e-52,4.012663939221231588e-52,4.991296927123884509e-52,6.184017924281327022e-52,7.631410040483239431e-52,9.380274650773207234e-52,1.148426052362382937e-51,1.400448792887823582e-51,1.701015014878833679e-51,2.057907153327203475e-51,2.479819795384875212e-51,2.976399234771507118e-51,3.558270515485346930e-51,4.237048700795348196e-51,5.025330922478357334e-51,5.936665667380694225e-51,6.985495763835312722e-51,8.187071658930524590e-51,9.557331847230440869e-51,1.111274773771905348e-50,1.287013083996905008e-50,1.484640091916909270e-50,1.705831471263739629e-50,1.952215591036218760e-50,2.225338836315281833e-50,2.526627586951384607e-50,2.857347337255603458e-50,3.218559592840384162e-50,3.611077333667839843e-50,4.035419979364104057e-50,4.491768927611977433e-50,4.979924852281923587e-50,5.499268038208565147e-50,6.048723087712591965e-50,6.626729354251128825e-50,7.231218435988975361e-50,7.859599992929536973e-50,8.508757033349304266e-50,9.175051648287403435e-50,9.854341958381359907e-50,1.054201077913169253e-49,1.123300621458379789e-49,1.192189406331032951e-49,1.260292157419288512e-49,1.327009173411918845e-49,1.391724691774195240e-49,1.453816039400599867e-49,1.512663387844725940e-49,1.567659905709938489e-49,1.618222079891805210e-49,1.663799962908274758e-49,1.703887096331179961e-49,1.738029860881874138e-49,1.765836012320479510e-49,1.786982178776153506e-49,1.801220119244942686e-49,1.808381573930645023e-49,1.808381573930645023e-49,1.801220119244942686e-49,1.786982178776153506e-49,1.765836012320479510e-49,1.738029860881874138e-49,1.703887096331179961e-49,1.663799962908274758e-49,1.618222079891805210e-49,1.567659905709938489e-49,1.512663387844725940e-49,1.453816039400599867e-49,1.391724691774195240e-49,1.327009173411900234e-49,1.260292157419288512e-49,1.192189406331032951e-49,1.123300621458379789e-49,1.054201077913169253e-49,9.854341958381359907e-50,9.175051648287403435e-50,8.508757033349304266e-50,7.859599992929536973e-50,7.231218435988975361e-50,6.626729354251128825e-50,6.048723087712591965e-50,5.499268038208565147e-50,4.979924852281923587e-50,4.491768927611977433e-50,4.035419979364104057e-50,3.611077333667839843e-50,3.218559592840384162e-50,2.857347337255603458e-50,2.526627586951384607e-50,2.225338836315281833e-50,1.952215591036218760e-50,1.705831471263739629e-50,1.484640091916909270e-50,1.287013083996905008e-50,1.111274773771905348e-50,9.557331847230440869e-51,8.187071658930524590e-51,6.985495763835312722e-51,5.936665667380694225e-51,5.025330922478357334e-51,4.237048700795348196e-51,3.558270515485346930e-51,2.976399234771507118e-51,2.479819795384875212e-51,2.057907153327203475e-51,1.701015014878833679e-51,1.400448792887823582e-51,1.148426052362382937e-51,9.380274650773207234e-52,7.631410040483239431e-52,6.184017924281327022e-52,4.991296927123884509e-52,4.012663939221231588e-52,3.213134371104829682e-52,2.562723212475701516e-52,2.035875581808361302e-52,1.610933008392589057e-52,1.269639552558364739e-52,9.966900492116084354e-53,7.793212481429156311e-53,6.069454059175835004e-53
6.426906153470391959e-51,8.252182941640136178e-51,1.055388729847410497e-50,1.344413216323902851e-50,1.705806677754600234e-50,2.155775655743407410e-50,2.713651248253783652e-50,3.402367471644552629e-50,4.248984226810597625e-50,5.285252449721364349e-50,6.548217098809654597e-50,8.080851369933167079e-50,9.932712940327099905e-50,1.216061014841217243e-49,1.482926285770933369e-49,1.801193939303791304e-49,2.179104746166458969e-49,2.625865349184452264e-49,3.151690147191768355e-49,3.767829931443678317e-49,4.486583818280527052e-49,5.321290830115752899e-49,6.286297373172035859e-49,7.396896866162425057e-49,8.669237910143854073e-49,1.012019767525262093e-48,1.176721763130189775e-48,1.362809937844688973e-48,1.572075914802340907e-48,1.806294054219608847e-48,2.067188625633195389e-48,2.356397086332569797e-48,2.675429820834808406e-48,3.025626852986493050e-48,3.408112204303573842e-48,3.823746734077546189e-48,4.273080452434341536e-48,4.756305440222165215e-48,5.273210632275026196e-48,5.823139816160815595e-48,6.404954260142671845e-48,7.017001405560128601e-48,7.657091034915388626e-48,8.322480253723809685e-48,9.009868499349469622e-48,9.715403613219555282e-48,1.043469978572052619e-47,1.116286790966381467e-47,1.189455856467638814e-47,1.262401750956091536e-47,1.334515319288595818e-47,1.405161541575422342e-47,1.473688390799818359e-47,1.539436522385742191e-47,1.601749603948522124e-47,1.659985065596512941e-47,1.713525029028809798e-47,1.761787158367750494e-47,1.804235168017178796e-47,1.840388723419020967e-47,1.869832479651911477e-47,1.892224020306349241e-47,1.907300484568117279e-47,1.914883703213253748e-47,1.914883703213253748e-47,1.907300484568117279e-47,1.892224020306349241e-47,1.869832479651911477e-47,1.840388723419020967e-47,1.804235168017178796e-47,1.761787158367750494e-47,1.713525029028809798e-47,1.659985065596512941e-47,1.601749603948522124e-47,1.539436522385742191e-47,1.473688390799818359e-47,1.405161541575402409e-47,1.334515319288595818e-47,1.262401750956091536e-47,1.189455856467638814e-47,1.116286790966381467e-47,1.043469978572052619e-47,9.715403613219555282e-48,9.009868499349469622e-48,8.322480253723809685e-48,7.657091034915388626e-48,7.017001405560128601e-48,6.404954260142671845e-48,5.823139816160815595e-48,5.273210632275026196e-48,4.756305440222165215e-48,4.273080452434341536e-48,3.823746734077546189e-48,3.408112204303573842e-48,3.025626852986493050e-48,2.675429820834808406e-48,2.356397086332569797e-48,2.067188625633195389e-48,1.806294054219608847e-48,1.572075914802340907e-48,1.362809937844688973e-48,1.176721763130189775e-48,1.012019767525262093e-48,8.669237910143854073e-49,7.396896866162425057e-49,6.286297373172035859e-49,5.321290830115752899e-49,4.486583818280527052e-49,3.767829931443678317e-49,3.151690147191768355e-49,2.625865349184452264e-49,2.179104746166458969e-49,1.801193939303791304e-49,1.482926285770933369e-49,1.216061014841217243e-49,9.932712940327099905e-50,8.080851369933167079e-50,6.548217098809654597e-50,5.285252449721364349e-50,4.248984226810597625e-50,3.402367471644552629e-50,2.713651248253783652e-50,2.155775655743407410e-50,1.705806677754600234e-50,1.344413216323902851e-50,1.055388729847410497e-50,8.252182941640136178e-51,6.426906153470391959e-51
6.162696838532897353e-49,7.912936724302374213e-49,1.012001830047237388e-48,1.289144555728003207e-48,1.635681176777433454e-48,2.067151985883947505e-48,2.602093381971068515e-48,3.262496566829268520e-48,4.074309012183470561e-48,5.067976376963003066e-48,6.279020705953619921e-48,7.748648572260623196e-48,9.524380343153957905e-48,1.166068897330694432e-47,1.421963370067741462e-47,1.727147079833772300e-47,2.089522020292860302e-47,2.517916350325724230e-47,3.022124556097032390e-47,3.612934910228816022e-47,4.302140913913943262e-47,5.102533224008670003e-47,6.027868467755032189e-47,7.092811353319392441e-47,8.312846614771905879e-47,9.704157603877579504e-47,1.128346877378856925e-46,1.306784990308536645e-46,1.507448068905543853e-46,1.732037529657890507e-46,1.982206757595460523e-46,2.259525894341621170e-46,2.565443232693263391e-46,2.901243708282818272e-46,3.268005134241108349e-46,3.666552980040917765e-46,4.097414644960111295e-46,4.560774313427041219e-46,5.056429597138592392e-46,5.583751260474138400e-46,6.141647384817518236e-46,6.728533347989786621e-46,7.342308972062858745e-46,7.980344122604197911e-46,8.639473922698523633e-46,9.316004575534223526e-46,1.000573057158707457e-45,1.070396379425870072e-45,1.140557473718419822e-45,1.210504571530824736e-45,1.279653560012331702e-45,1.347395524862126646e-45,1.413105243813252755e-45,1.476150477863422145e-45,1.535901876370902791e-45,1.591743285412605782e-45,1.643082227587950293e-45,1.689360306774987032e-45,1.730063284011910190e-45,1.764730571234759405e-45,1.792963898300378584e-45,1.814434925495395452e-45,1.828891598181067061e-45,1.836163071648133573e-45,1.836163071648133573e-45,1.828891598181067061e-45,1.814434925495395452e-45,1.792963898300378584e-45,1.764730571234759405e-45,1.730063284011910190e-45,1.689360306774987032e-45,1.643082227587950293e-45,1.591743285412605782e-45,1.535901876370902791e-45,1.476150477863422145e-45,1.413105243813252755e-45,1.347395524862107510e-45,1.279653560012331702e-45,1.210504571530824736e-45,1.140557473718419822e-45,1.070396379425870072e-45,1.000573057158707457e-45,9.316004575534223526e-46,8.639473922698523633e-46,7.980344122604197911e-46,7.342308972062858745e-46,6.728533347989786621e-46,6.141647384817518236e-46,5.583751260474138400e-46,5.056429597138592392e-46,4.560774313427041219e-46,4.097414644960111295e-46,3.666552980040917765e-46,3.268005134241108349e-46,2.901243708282818272e-46,2.565443232693263391e-46,2.259525894341621170e-46,1.982206757595460523e-46,1.732037529657890507e-46,1.507448068905543853e-46,1.306784990308536645e-46,1.128346877378856925e-46,9.704157603877579504e-47,8.312846614771905879e-47,7.092811353319392441e-47,6.027868467755032189e-47,5.102533224008670003e-47,4.302140913913943262e-47,3.612934910228816022e-47,3.022124556097032390e-47,2.517916350325724230e-47,2.089522020292860302e-47,1.727147079833772300e-47,1.421963370067741462e-47,1.166068897330694432e-47,9.524380343153957905e-48,7.748648572260623196e-48,6.279020705953619921e-48,5.067976376963003066e-48,4.074309012183470561e-48,3.262496566829268520e-48,2.602093381971068515e-48,2.067151985883947505e-48,1.635681176777433454e-48,1.289144555728003207e-48,1.012001830047237388e-48,7.912936724302374213e-49,6.162696838532897353e-49
5.351257647302202707e-47,6.871044328155211937e-47,8.787520583948312756e-47,1.119403540862762873e-46,1.420311859420015139e-46,1.794971124237682843e-46,2.259477055921838275e-46,2.832925285790708680e-46,3.537846795025774549e-46,4.400678477967516661e-46,5.452265209641922779e-46,6.728387914411539820e-46,8.270309976703445413e-46,1.012533192466370999e-45,1.234734168762079608e-45,1.499734493052948313e-45,1.814395707474135920e-45,2.186383571669482745e-45,2.624202936739623272e-45,3.137221588879857347e-45,3.735680184916301079e-45,4.430685242354098257e-45,5.234182060249618277e-45,6.158904452025264042e-45,7.218298284609172486e-45,8.426416055984045259e-45,9.797780118972400300e-45,1.134721268299974001e-44,1.308963140325772059e-44,1.503981019809940315e-44,1.721210591407576629e-44,1.962015256984704961e-44,2.227652613354530323e-44,2.519238409321431281e-44,2.837708542903727459e-44,3.183779794424153414e-44,3.557910120763080196e-44,3.960259454877877365e-44,4.390652056831439491e-44,4.848541542140641043e-44,5.332979764563974254e-44,5.842590748327305276e-44,6.375550844873386002e-44,6.929576228246737771e-44,7.501918739282737399e-44,8.089370941536980620e-44,8.688281062807783829e-44,9.294578268449900370e-44,9.903808451619965704e-44,1.051118043807701106e-43,1.111162219776442526e-43,1.169984634206946735e-43,1.227042387533492408e-43,1.281786487345035889e-43,1.333670449282108105e-43,1.382159248098582173e-43,1.426738417595036031e-43,1.466923085385873200e-43,1.502266722094588189e-43,1.532369385055801710e-43,1.556885244155670822e-43,1.575529192005638358e-43,1.588082361874393629e-43,1.594396404089563889e-43,1.594396404089563889e-43,1.588082361874393629e-43,1.575529192005638358e-43,1.556885244155670822e-43,1.532369385055801710e-43,1.502266722094588189e-43,1.466923085385873200e-43,1.426738417595036031e-43,1.382159248098582173e-43,1.333670449282108105e-43,1.281786487345035889e-43,1.227042387533492408e-43,1.169984634206930206e-43,1.111162219776442526e-43,1.051118043807701106e-43,9.903808451619965704e-44,9.294578268449900370e-44,8.688281062807783829e-44,8.089370941536980620e-44,7.501918739282737399e-44,6.929576228246737771e-44,6.375550844873386002e-44,5.842590748327305276e-44,5.332979764563974254e-44,4.848541542140641043e-44,4.390652056831439491e-44,3.960259454877877365e-44,3.557910120763080196e-44,3.183779794424153414e-44,2.837708542903727459e-44,2.519238409321431281e-44,2.227652613354530323e-44,1.962015256984704961e-44,1.721210591407576629e-44,1.503981019809940315e-44,1.308963140325772059e-44,1.134721268299974001e-44,9.797780118972400300e-45,8.426416055984045259e-45,7.218298284609172486e-45,6.158904452025264042e-45,5.234182060249618277e-45,4.430685242354098257e-45,3.735680184916301079e-45,3.137221588879857347e-45,2.624202936739623272e-45,2.186383571669482745e-45,1.814395707474135920e-45,1.499734493052948313e-45,1.234734168762079608e-45,1.012533192466370999e-45,8.270309976703445413e-46,6.728387914411539820e-46,5.452265209641922779e-46,4.400678477967516661e-46,3.537846795025774549e-46,2.832925285790708680e-46,2.259477055921838275e-46,1.794971124237682843e-46,1.420311859420015139e-46,1.119403540862762873e-46,8.787520583948312756e-47,6.871044328155211937e-47,5.351257647302202707e-47
4.207816186213681133e-45,5.402859186714552021e-45,6.909828265971257118e-45,8.802125871330220990e-45,1.116823675001287435e-44,1.411426817425102781e-44,1.776678447370117500e-44,2.227593896155188945e-44,2.781889789208453140e-44,3.460354060741074065e-44,4.287240740917627524e-44,5.290685188304956445e-44,6.503133745115296554e-44,7.961779897640578127e-44,9.708996956271512483e-44,1.179275506959118625e-43,1.426700811155157818e-43,1.719203370217203374e-43,2.063470742936343066e-43,2.466869033690198220e-43,2.937450704982066746e-43,3.483949065355627284e-43,4.115756976457878924e-43,4.842887326802615320e-43,5.675912908848519509e-43,6.625883522916487875e-43,7.704218426926071947e-43,8.922572662896688385e-43,1.029267632403502220e-42,1.182614647998658996e-42,1.353427224730713039e-42,1.542777436646231390e-42,1.751654160860673231e-42,1.980934736158347232e-42,2.231355080540158541e-42,2.503478814755236861e-42,2.797666040764809487e-42,3.114042517508375489e-42,3.452470056656967061e-42,3.812519023604522833e-42,4.193443869292179940e-42,4.594162632522106428e-42,5.013241336755902047e-42,5.448884157450008465e-42,5.898930154246592147e-42,6.360857246566368557e-42,6.831793962469212823e-42,7.308539311638334700e-42,7.787590928068224529e-42,8.265181401955266118e-42,8.737322480149299264e-42,9.199856568145655590e-42,9.648514722584294861e-42,1.007898009066994806e-41,1.048695554099006108e-41,1.086823404775917511e-41,1.121877024567464675e-41,1.153475147235535023e-41,1.181266656526358005e-41,1.204937068381819562e-41,1.224214448679770111e-41,1.238874610964717879e-41,1.248745455323831892e-41,1.253710331019328482e-41,1.253710331019328482e-41,1.248745455323831892e-41,1.238874610964717879e-41,1.224214448679770111e-41,1.204937068381819562e-41,1.181266656526358005e-41,1.153475147235535023e-41,1.121877024567464675e-41,1.086823404775917511e-41,1.048695554099006108e-41,1.007898009066994806e-41,9.648514722584294861e-42,9.199856568145524319e-42,8.737322480149299264e-42,8.265181401955266118e-42,7.787590928068224529e-42,7.308539311638334700e-42,6.831793962469212823e-42,6.360857246566368557e-42,5.898930154246592147e-42,5.448884157450008465e-42,5.013241336755902047e-42,4.594162632522106428e-42,4.193443869292179940e-42,3.812519023604522833e-42,3.452470056656967061e-42,3.114042517508375489e-42,2.797666040764809487e-42,2.503478814755236861e-42,2.231355080540158541e-42,1.980934736158347232e-42,1.751654160860673231e-42,1.542777436646231390e-42,1.353427224730713039e-42,1.182614647998658996e-42,1.029267632403502220e-42,8.922572662896688385e-43,7.704218426926071947e-43,6.625883522916487875e-43,5.675912908848519509e-43,4.842887326802615320e-43,4.115756976457878924e-43,3.483949065355627284e-43,2.937450704982066746e-43,2.466869033690198220e-43,2.063470742936343066e-43,1.719203370217203374e-43,1.426700811155157818e-43,1.179275506959118625e-43,9.708996956271512483e-44,7.961779897640578127e-44,6.503133745115296554e-44,5.290685188304956445e-44,4.287240740917627524e-44,3.460354060741074065e-44,2.781889789208453140e-44,2.227593896155188945e-44,1.776678447370117500e-44,1.411426817425102781e-44,1.116823675001287435e-44,8.802125871330220990e-45,6.909828265971257118e-45,5.402859186714552021e-45,4.207816186213681133e-45
2.996215504126876096e-43,3.847157229654328409e-43,4.920208883930999387e-43,6.267637377165748643e-43,7.952449114527180895e-43,1.005019878759217552e-42,1.265100773008929394e-42,1.586179403564762988e-42,1.980871061931729431e-42,2.463977994221797826e-42,3.052770513110400682e-42,3.767282668047784996e-42,4.630618185358074497e-42,5.669261040421545089e-42,6.913383551594166980e-42,8.397143319056004786e-42,1.015895871150203528e-41,1.224175098111184307e-41,1.469313952580558416e-41,1.756557539183750347e-41,2.091639690372336456e-41,2.480779041491328014e-41,2.930663868940976573e-41,3.448423945144426816e-41,4.041587727449793670e-41,4.718023331186699515e-41,5.485861947479004865e-41,6.353402659759645238e-41,7.328997992372684439e-41,8.420919990161355227e-41,9.637207175854623323e-41,1.098549335458499684e-40,1.247281991983045743e-40,1.410543404578204715e-40,1.588857590650274610e-40,1.782625881710010587e-40,1.992104691781111149e-40,2.217383568711590523e-40,2.458364114188540659e-40,2.714740402807710802e-40,2.985981559276454297e-40,3.271317162841500287e-40,3.569726136880970652e-40,3.879929747462109782e-40,4.200389276466755476e-40,4.529308852449981309e-40,4.864643816527959761e-40,5.204114873125194324e-40,5.545228129242933226e-40,5.885300964927154676e-40,6.221493506620160761e-40,6.550845299643442057e-40,6.870316602307835689e-40,7.176833558555509586e-40,7.467336355126621868e-40,7.738829339329414230e-40,7.988431970355248643e-40,8.213429405722230023e-40,8.411321488777261263e-40,8.579868905897729143e-40,8.717135324323777246e-40,8.821524403093639872e-40,8.891810688422595797e-40,8.927163557646414774e-40,8.927163557646414774e-40,8.891810688422595797e-40,8.821524403093639872e-40,8.717135324323777246e-40,8.579868905897729143e-40,8.411321488777261263e-40,8.213429405722230023e-40,7.988431970355248643e-40,7.738829339329414230e-40,7.467336355126621868e-40,7.176833558555509586e-40,6.870316602307835689e-40,6.550845299643349071e-40,6.221493506620160761e-40,5.885300964927154676e-40,5.545228129242933226e-40,5.204114873125194324e-40,4.864643816527959761e-40,4.529308852449981309e-40,4.200389276466755476e-40,3.879929747462109782e-40,3.569726136880970652e-40,3.271317162841500287e-40,2.985981559276454297e-40,2.714740402807710802e-40,2.458364114188540659e-40,2.217383568711590523e-40,1.992104691781111149e-40,1.782625881710010587e-40,1.588857590650274610e-40,1.410543404578204715e-40,1.247281991983045743e-40,1.098549335458499684e-40,9.637207175854623323e-41,8.420919990161355227e-41,7.328997992372684439e-41,6.353402659759645238e-41,5.485861947479004865e-41,4.718023331186699515e-41,4.041587727449793670e-41,3.448423945144426816e-41,2.930663868940976573e-41,2.480779041491328014e-41,2.091639690372336456e-41,1.756557539183750347e-41,1.469313952580558416e-41,1.224175098111184307e-41,1.015895871150203528e-41,8.397143319056004786e-42,6.913383551594166980e-42,5.669261040421545089e-42,4.630618185358074497e-42,3.767282668047784996e-42,3.052770513110400682e-42,2.463977994221797826e-42,1.980871061931729431e-42,1.586179403564762988e-42,1.265100773008929394e-42,1.005019878759217552e-42,7.952449114527180895e-43,6.267637377165748643e-43,4.920208883930999387e-43,3.847157229654328409e-43,2.996215504126876096e-43
1.931986872595518613e-41,2.480681798176945951e-41,3.172595215894727514e-41,4.041429302463307651e-41,5.127811158138834094e-41,6.480459131814591294e-41,8.157484275070338421e-41,1.022782834227916001e-40,1.277283587474016603e-40,1.588795309497593729e-40,1.968454054206852743e-40,2.429177957994016819e-40,2.985864512679941510e-40,3.655590825267897441e-40,4.457812279691120677e-40,5.414554005669540489e-40,6.550588515021147069e-40,7.893591819585578886e-40,9.474269338093870237e-40,1.132644197984894794e-39,1.348708201540629179e-39,1.599628776825254751e-39,1.889718584990072945e-39,2.223574967817455579e-39,2.606052342737463570e-39,3.042224141720513595e-39,3.537333430389965373e-39,4.096731532849483405e-39,4.725804232385864411e-39,5.429885418375432084e-39,6.214158403021877294e-39,7.083545532960029917e-39,8.042587162428591070e-39,9.095311525882429052e-39,1.024509753498054304e-38,1.149453301162449839e-38,1.284527133664439028e-38,1.429788992266822285e-38,1.585175428846939586e-38,1.750489179935526418e-38,1.925387932339502431e-38,2.109374911784904618e-38,2.301791718825277492e-38,2.501813814248329684e-38,2.708449018686180954e-38,2.920539337978637332e-38,3.136766357573389714e-38,3.355660367055897778e-38,3.575613281651014983e-38,3.794895323734871307e-38,4.011675317136807484e-38,4.224044333888225655e-38,4.430042321038505673e-38,4.627687228383382825e-38,4.815006060641821313e-38,4.990067193847733883e-38,5.151013229219024961e-38,5.296093611754238938e-38,5.423696217817221363e-38,5.532377117718485428e-38,5.620887746570800151e-38,5.688198769275253657e-38,5.733520002141182682e-38,5.756315852157621443e-38,5.756315852157621443e-38,5.733520002141182682e-38,5.688198769275253657e-38,5.620887746570800151e-38,5.532377117718485428e-38,5.423696217817221363e-38,5.296093611754238938e-38,5.151013229219024961e-38,4.990067193847733883e-38,4.815006060641821313e-38,4.627687228383382825e-38,4.430042321038505673e-38,4.224044333888166144e-38,4.011675317136807484e-38,3.794895323734871307e-38,3.575613281651014983e-38,3.355660367055897778e-38,3.136766357573389714e-38,2.920539337978637332e-38,2.708449018686180954e-38,2.501813814248329684e-38,2.301791718825277492e-38,2.109374911784904618e-38,1.925387932339502431e-38,1.750489179935526418e-38,1.585175428846939586e-38,1.429788992266822285e-38,1.284527133664439028e-38,1.149453301162449839e-38,1.024509753498054304e-38,9.095311525882429052e-39,8.042587162428591070e-39,7.083545532960029917e-39,6.214158403021877294e-39,5.429885418375432084e-39,4.725804232385864411e-39,4.096731532849483405e-39,3.537333430389965373e-39,3.042224141720513595e-39,2.606052342737463570e-39,2.223574967817455579e-39,1.889718584990072945e-39,1.599628776825254751e-39,1.348708201540629179e-39,1.132644197984894794e-39,9.474269338093870237e-40,7.893591819585578886e-40,6.550588515021147069e-40,5.414554005669540489e-40,4.457812279691120677e-40,3.655590825267897441e-40,2.985864512679941510e-40,2.429177957994016819e-40,1.968454054206852743e-40,1.588795309497593729e-40,1.277283587474016603e-40,1.022782834227916001e-40,8.157484275070338421e-41,6.480459131814591294e-41,5.127811158138834094e-41,4.041429302463307651e-41,3.172595215894727514e-41,2.480681798176945951e-41,1.931986872595518613e-41
1.128104832734713110e-39,1.448492826061939600e-39,1.852507408890234992e-39,2.359827590929519496e-39,2.994175908180972873e-39,3.783999450844302643e-39,4.763229794259018458e-39,5.972122660339525378e-39,7.458175871901170172e-39,9.277121352603112948e-39,1.149398354132554129e-38,1.418419261981919611e-38,1.743473640750003096e-38,2.134532969649619002e-38,2.602957425579024502e-38,3.161607683541295221e-38,3.824948640113759802e-38,4.609140572133689689e-38,5.532112654872910683e-38,6.613613227087394194e-38,7.875230736236298507e-38,9.340378960721272393e-38,1.103423992406298147e-37,1.298365792606485293e-37,1.521697835478642580e-37,1.776382544425103584e-37,2.065481393492071184e-37,2.392119069844093399e-37,2.759440381678410025e-37,3.170559835862563491e-37,3.628504015873647606e-37,4.136147125002538831e-37,4.696140317680800991e-37,5.310835716906983732e-37,5.982206300151057181e-37,6.711763120326893150e-37,7.500471601646860472e-37,8.348668900633804844e-37,9.255984537887393079e-37,1.022126667394040548e-36,1.124251651070109699e-36,1.231683333767714986e-36,1.344037270018850168e-36,1.460832003824326800e-36,1.581488192562452191e-36,1.705329672835366965e-36,1.831586610308736722e-36,1.959400827608336044e-36,2.087833349303210817e-36,2.215874142393280819e-36,2.342453966338142417e-36,2.466458180610332743e-36,2.586742292337062158e-36,2.702148964247632239e-36,2.811526146323966716e-36,2.913745945637765295e-36,3.007723810025592756e-36,3.092437574386268770e-36,3.166945904960899669e-36,3.230405677976780594e-36,3.282087844958868674e-36,3.321391367713759614e-36,3.347854850746056635e-36,3.361165556390392503e-36,3.361165556390392503e-36,3.347854850746056635e-36,3.321391367713759614e-36,3.282087844958868674e-36,3.230405677976780594e-36,3.166945904960899669e-36,3.092437574386268770e-36,3.007723810025592756e-36,2.913745945637765295e-36,2.811526146323966716e-36,2.702148964247632239e-36,2.586742292337062158e-36,2.466458180610297662e-36,2.342453966338142417e-36,2.215874142393280819e-36,2.087833349303210817e-36,1.959400827608336044e-36,1.831586610308736722e-36,1.705329672835366965e-36,1.581488192562452191e-36,1.460832003824326800e-36,1.344037270018850168e-36,1.231683333767714986e-36,1.124251651070109699e-36,1.022126667394040548e-36,9.255984537887393079e-37,8.348668900633804844e-37,7.500471601646860472e-37,6.711763120326893150e-37,5.982206300151057181e-37,5.310835716906983732e-37,4.696140317680800991e-37,4.136147125002538831e-37,3.628504015873647606e-37,3.170559835862563491e-37,2.759440381678410025e-37,2.392119069844093399e-37,2.065481393492071184e-37,1.776382544425103584e-37,1.521697835478642580e-37,1.298365792606485293e-37,1.103423992406298147e-37,9.340378960721272393e-38,7.875230736236298507e-38,6.613613227087394194e-38,5.532112654872910683e-38,4.609140572133689689e-38,3.824948640113759802e-38,3.161607683541295221e-38,2.602957425579024502e-38,2.134532969649619002e-38,1.743473640750003096e-38,1.418419261981919611e-38,1.149398354132554129e-38,9.277121352603112948e-39,7.458175871901170172e-39,5.972122660339525378e-39,4.763229794259018458e-39,3.783999450844302643e-39,2.994175908180972873e-39,2.359827590929519496e-39,1.852507408890234992e-39,1.448492826061939600e-39,1.128104832734713110e-39
5.964967642787721899e-38,7.659051346606064494e-38,9.795319044301395080e-38,1.247782547684775718e-37,1.583200593673377950e-37,2.000827727144460103e-37,2.518605609466349680e-37,3.157819858046994439e-37,3.943585423906467564e-37,4.905371121613300852e-37,6.077559276520222601e-37,7.500034355068356006e-37,9.218792040732881144e-37,1.128655753167732504e-36,1.376339890459822206e-36,1.671731827067507621e-36,2.022480022383597511e-36,2.437129385146684584e-36,2.925160146914595359e-36,3.497014440214379773e-36,4.164107373537304340e-36,4.938819217449416171e-36,5.834465219888849960e-36,6.865239574078997371e-36,8.046130188739961423e-36,9.392801175243658663e-36,1.092144038519300765e-35,1.264856991590513101e-35,1.459081825667904493e-35,1.676465367548866977e-35,1.918607953654731508e-35,2.187029347852417444e-35,2.483131374683531586e-35,2.808157742815127703e-35,3.163151683906785394e-35,3.548912182368131224e-35,3.965949715950989158e-35,4.414442559554190872e-35,4.894194818472709374e-35,5.404597446015611781e-35,5.944593557610348117e-35,6.512649373440856394e-35,7.106732099470145673e-35,7.724295988731052849e-35,8.362277708905327994e-35,9.017101978093249617e-35,9.684698219907443369e-35,1.036052873526136029e-34,1.103962859722580210e-34,1.171665715483570107e-34,1.238596069130802962e-34,1.304164543286686306e-34,1.367765975846113222e-34,1.428788413099536436e-34,1.486622697025351518e-34,1.540672442905878690e-34,1.590364182888302190e-34,1.635157436905768418e-34,1.674554465275765530e-34,1.708109457832685211e-34,1.735436922870662329e-34,1.756219055406356382e-34,1.770211887935975612e-34,1.777250057276910670e-34,1.777250057276910670e-34,1.770211887935975612e-34,1.756219055406356382e-34,1.735436922870662329e-34,1.708109457832685211e-34,1.674554465275765530e-34,1.635157436905768418e-34,1.590364182888302190e-34,1.540672442905878690e-34,1.486622697025351518e-34,1.428788413099536436e-34,1.367765975846113222e-34,1.304164543286667918e-34,1.238596069130802962e-34,1.171665715483570107e-34,1.103962859722580210e-34,1.036052873526136029e-34,9.684698219907443369e-35,9.017101978093249617e-35,8.362277708905327994e-35,7.724295988731052849e-35,7.106732099470145673e-35,6.512649373440856394e-35,5.944593557610348117e-35,5.404597446015611781e-35,4.894194818472709374e-35,4.414442559554190872e-35,3.965949715950989158e-35,3.548912182368131224e-35,3.163151683906785394e-35,2.808157742815127703e-35,2.483131374683531586e-35,2.187029347852417444e-35,1.918607953654731508e-35,1.676465367548866977e-35,1.459081825667904493e-35,1.264856991590513101e-35,1.092144038519300765e-35,9.392801175243658663e-36,8.046130188739961423e-36,6.865239574078997371e-36,5.834465219888849960e-36,4.938819217449416171e-36,4.164107373537304340e-36,3.497014440214379773e-36,2.925160146914595359e-36,2.437129385146684584e-36,2.022480022383597511e-36,1.671731827067507621e-36,1.376339890459822206e-36,1.128655753167732504e-36,9.218792040732881144e-37,7.500034355068356006e-37,6.077559276520222601e-37,4.905371121613300852e-37,3.943585423906467564e-37,3.157819858046994439e-37,2.518605609466349680e-37,2.000827727144460103e-37,1.583200593673377950e-37,1.247782547684775718e-37,9.795319044301395080e-38,7.659051346606064494e-38,5.964967642787721899e-38
2.856137212849040149e-36,3.667295931204705737e-36,4.690180552443565718e-36,5.974614417724677650e-36,7.580658273079838047e-36,9.580334496712756771e-36,1.205955109309748361e-35,1.512022754883980722e-35,1.888261891057697998e-35,2.348782733166182184e-35,2.910048176699395354e-35,3.591155644416178983e-35,4.414128723211040132e-35,5.404213216506197164e-35,6.590170834243978845e-35,8.004562249327099192e-35,9.684009704827032930e-35,1.166942780965738308e-34,1.400620967197938082e-34,1.674435416031676755e-34,1.993851893268723869e-34,2.364798302224964915e-34,2.793650230734544320e-34,3.287204121946772622e-34,3.852636464721576190e-34,4.497447526298397837e-34,5.229388350459522191e-34,6.056370024038559791e-34,6.986354576324605501e-34,8.027227319662702543e-34,9.186650961849046077e-34,1.047190241433562071e-33,1.188969387319612055e-33,1.344598044635173976e-33,1.514575732060478165e-33,1.699285018159426207e-33,1.898970329153688917e-33,2.113717026373480461e-33,2.343431311798369365e-33,2.587821562569273258e-33,2.846381722737840137e-33,3.118377390062295101e-33,3.402835225030545001e-33,3.698536276747486498e-33,4.004013764845914545e-33,4.317555777997596724e-33,4.637213248681304490e-33,4.960813442357989884e-33,5.285979059868500239e-33,5.610152898412148706e-33,5.930627853464324882e-33,6.244581876756943813e-33,6.549117339817043230e-33,6.841304094709135458e-33,7.118225379770456220e-33,7.377025594288069007e-33,7.614958867751205871e-33,7.829437281290588357e-33,8.018077564929462159e-33,8.178745096855757665e-33,8.309594071237319505e-33,8.409102778831608897e-33,8.476103057951867873e-33,8.509803118989555613e-33,8.509803118989555613e-33,8.476103057951867873e-33,8.409102778831608897e-33,8.309594071237319505e-33,8.178745096855757665e-33,8.018077564929462159e-33,7.829437281290588357e-33,7.614958867751205871e-33,7.377025594288069007e-33,7.118225379770456220e-33,6.841304094709135458e-33,6.549117339817043230e-33,6.244581876756853495e-33,5.930627853464324882e-33,5.610152898412148706e-33,5.285979059868500239e-33,4.960813442357989884e-33,4.637213248681304490e-33,4.317555777997596724e-33,4.004013764845914545e-33,3.698536276747486498e-33,3.402835225030545001e-33,3.118377390062295101e-33,2.846381722737840137e-33,2.587821562569273258e-33,2.343431311798369365e-33,2.113717026373480461e-33,1.898970329153688917e-33,1.699285018159426207e-33,1.514575732060478165e-33,1.344598044635173976e-33,1.188969387319612055e-33,1.047190241433562071e-33,9.186650961849046077e-34,8.027227319662702543e-34,6.986354576324605501e-34,6.056370024038559791e-34,5.229388350459522191e-34,4.497447526298397837e-34,3.852636464721576190e-34,3.287204121946772622e-34,2.793650230734544320e-34,2.364798302224964915e-34,1.993851893268723869e-34,1.674435416031676755e-34,1.400620967197938082e-34,1.166942780965738308e-34,9.684009704827032930e-35,8.004562249327099192e-35,6.590170834243978845e-35,5.404213216506197164e-35,4.414128723211040132e-35,3.591155644416178983e-35,2.910048176699395354e-35,2.348782733166182184e-35,1.888261891057697998e-35,1.512022754883980722e-35,1.205955109309748361e-35,9.580334496712756771e-36,7.580658273079838047e-36,5.974614417724677650e-36,4.690180552443565718e-36,3.667295931204705737e-36,2.856137212849040149e-36
1.238400634043471690e-34,1.590113243158459434e-34,2.033628686953236514e-34,2.590550009218543432e-34,3.286919119156882184e-34,4.153964403987022224e-34,5.228934959001536796e-34,6.556022343438608016e-34,8.187368284009587765e-34,1.018415366354843764e-33,1.261776041749313570e-33,1.557099360278124531e-33,1.913934591441135662e-33,2.343228134740568185e-33,2.857450861557713514e-33,3.470720846397605057e-33,4.198917231493246719e-33,5.059780298156158640e-33,6.072992172887543039e-33,7.260232006885980684e-33,8.645198969098935353e-33,1.025359602362741599e-32,1.211306726257135126e-32,1.425308157652704272e-32,1.670475570706543628e-32,1.950061027561548681e-32,2.267425325273021739e-32,2.625998654416763669e-32,3.029233293852325301e-32,3.480548258521916677e-32,3.983266043630110037e-32,4.540541865850486657e-32,5.155286085314240938e-32,5.830080794153434980e-32,6.567091869579892736e-32,7.367978101479368336e-32,8.233799304438266450e-32,9.164925599069083064e-32,1.016095028387479904e-31,1.122060890303080774e-31,1.234170723419862462e-31,1.352106096187083003e-31,1.475444975565331202e-31,1.603658833179089195e-31,1.736111683569192402e-31,1.872061254247900448e-31,2.010662443501184590e-31,2.150973169198443246e-31,2.291962651455308900e-31,2.432522105457275883e-31,2.571477750076246400e-31,2.707605965400412127e-31,2.839650360482591269e-31,2.966340444169615727e-31,3.086411529500276665e-31,3.198625448463047424e-31,3.301791611275955184e-31,3.394787914857202868e-31,3.476580990418684399e-31,3.546245281235177575e-31,3.602980459121265542e-31,3.646126721850950145e-31,3.675177562885598423e-31,3.689789667923347849e-31,3.689789667923347849e-31,3.675177562885598423e-31,3.646126721850950145e-31,3.602980459121265542e-31,3.546245281235177575e-31,3.476580990418684399e-31,3.394787914857202868e-31,3.301791611275955184e-31,3.198625448463047424e-31,3.086411529500276665e-31,2.966340444169615727e-31,2.839650360482591269e-31,2.707605965400373154e-31,2.571477750076246400e-31,2.432522105457275883e-31,2.291962651455308900e-31,2.150973169198443246e-31,2.010662443501184590e-31,1.872061254247900448e-31,1.736111683569192402e-31,1.603658833179089195e-31,1.475444975565331202e-31,1.352106096187083003e-31,1.234170723419862462e-31,1.122060890303080774e-31,1.016095028387479904e-31,9.164925599069083064e-32,8.233799304438266450e-32,7.367978101479368336e-32,6.567091869579892736e-32,5.830080794153434980e-32,5.155286085314240938e-32,4.540541865850486657e-32,3.983266043630110037e-32,3.480548258521916677e-32,3.029233293852325301e-32,2.625998654416763669e-32,2.267425325273021739e-32,1.950061027561548681e-32,1.670475570706543628e-32,1.425308157652704272e-32,1.211306726257135126e-32,1.025359602362741599e-32,8.645198969098935353e-33,7.260232006885980684e-33,6.072992172887543039e-33,5.059780298156158640e-33,4.198917231493246719e-33,3.470720846397605057e-33,2.857450861557713514e-33,2.343228134740568185e-33,1.913934591441135662e-33,1.557099360278124531e-33,1.261776041749313570e-33,1.018415366354843764e-33,8.187368284009587765e-34,6.556022343438608016e-34,5.228934959001536796e-34,4.153964403987022224e-34,3.286919119156882184e-34,2.590550009218543432e-34,2.033628686953236514e-34,1.590113243158459434e-34,1.238400634043471690e-34
4.862424791226600211e-33,6.243380245330216662e-33,7.984788017513165703e-33,1.017146975014741019e-32,1.290567573400006410e-32,1.631002031537260241e-32,2.053075739580735650e-32,2.574139959092785043e-32,3.214667485197132727e-32,3.998680224315909572e-32,4.954205398252618568e-32,6.113755374218952658e-32,7.514824161405306421e-32,9.200391424752976331e-32,1.121942247686406468e-31,1.362735016684292394e-31,1.648652195538575054e-31,1.986659283238932975e-31,2.384484219937577978e-31,2.850639052490991920e-31,3.394428962393255500e-31,4.025945896177431839e-31,4.756043959943156119e-31,5.596293744036262827e-31,6.558912846823346390e-31,7.656670082492258533e-31,8.902761199228812810e-31,1.031065441017494330e-30,1.189390465534880717e-30,1.366593626816849479e-30,1.563979460940607004e-30,1.782786824165877177e-30,2.024158432901574349e-30,2.289108113243312576e-30,2.578486269717704781e-30,2.892944205371779612e-30,3.232898043112563451e-30,3.598493106157154139e-30,3.989569708262936776e-30,4.405631376706782579e-30,4.845816577603714846e-30,5.308875029401758679e-30,5.793149672295593908e-30,6.296565305897448602e-30,6.816624813055985210e-30,7.350413753930797585e-30,7.894613942619495425e-30,8.445526411775577899e-30,8.999103933445292730e-30,9.550993003098698383e-30,1.009658491633122509e-29,1.063107528300397305e-29,1.114953104161719702e-29,1.164696376798055655e-29,1.211840782733558223e-29,1.255900170825418483e-29,1.296407070926020190e-29,1.332920903331730676e-29,1.365035928746588016e-29,1.392388738929132289e-29,1.414665095053662765e-29,1.431605934050215893e-29,1.443012382478107626e-29,1.448749642281954571e-29,1.448749642281954571e-29,1.443012382478107626e-29,1.431605934050215893e-29,1.414665095053662765e-29,1.392388738929132289e-29,1.365035928746588016e-29,1.332920903331730676e-29,1.296407070926020190e-29,1.255900170825418483e-29,1.211840782733558223e-29,1.164696376798055655e-29,1.114953104161719702e-29,1.063107528300382031e-29,1.009658491633122509e-29,9.550993003098698383e-30,8.999103933445292730e-30,8.445526411775577899e-30,7.894613942619495425e-30,7.350413753930797585e-30,6.816624813055985210e-30,6.296565305897448602e-30,5.793149672295593908e-30,5.308875029401758679e-30,4.845816577603714846e-30,4.405631376706782579e-30,3.989569708262936776e-30,3.598493106157154139e-30,3.232898043112563451e-30,2.892944205371779612e-30,2.578486269717704781e-30,2.289108113243312576e-30,2.024158432901574349e-30,1.782786824165877177e-30,1.563979460940607004e-30,1.366593626816849479e-30,1.189390465534880717e-30,1.031065441017494330e-30,8.902761199228812810e-31,7.656670082492258533e-31,6.558912846823346390e-31,5.596293744036262827e-31,4.756043959943156119e-31,4.025945896177431839e-31,3.394428962393255500e-31,2.850639052490991920e-31,2.384484219937577978e-31,1.986659283238932975e-31,1.648652195538575054e-31,1.362735016684292394e-31,1.121942247686406468e-31,9.200391424752976331e-32,7.514824161405306421e-32,6.113755374218952658e-32,4.954205398252618568e-32,3.998680224315909572e-32,3.214667485197132727e-32,2.574139959092785043e-32,2.053075739580735650e-32,1.631002031537260241e-32,1.290567573400006410e-32,1.017146975014741019e-32,7.984788017513165703e-33,6.243380245330216662e-33,4.862424791226600211e-33
1.728830616879945447e-31,2.219828045551623027e-31,2.838983961022991425e-31,3.616456619432277975e-31,4.588601016661789790e-31,5.799012569618991387e-31,7.299691717113906886e-31,9.152330708422271319e-31,1.142972037639535623e-30,1.421727038613140212e-30,1.761463126435405510e-30,2.173740043061462690e-30,2.671888748623568793e-30,3.271190623059529640e-30,3.989055237771739931e-30,4.845191690757022468e-30,5.861767563739378790e-30,7.063548623660705176e-30,8.478011489932507116e-30,1.013542066606824517e-29,1.206886063841641061e-29,1.431421322911183641e-29,1.691007011154711113e-29,1.989757041219542540e-29,2.332015368853643596e-29,2.722321934078102773e-29,3.165368472900317886e-29,3.665943595989693214e-29,4.228866749675896994e-29,4.858910943233286944e-29,5.560714442564028538e-29,6.338681989589456079e-29,7.196876501884573740e-29,8.138902628712958443e-29,9.167783975467944435e-29,1.028583624408203049e-28,1.149453895568499027e-28,1.279440880562502719e-28,1.418487803095005011e-28,1.566418142750585912e-28,1.722925581956889583e-28,1.887565584269714233e-28,2.059748983614851018e-28,2.238737944422480991e-28,2.423644619009495132e-28,2.613432780998442942e-28,2.806922652474590723e-28,3.002799069034569457e-28,3.199623042539709034e-28,3.395846688499154214e-28,3.589831386343844472e-28,3.779868939623511861e-28,3.964205402905297608e-28,4.141067146602924652e-28,4.308688643891660956e-28,4.465341388899956998e-28,4.609363295861185471e-28,4.739187887732542364e-28,4.853372562216959159e-28,4.950625224688113747e-28,5.029828601921078124e-28,5.090061597577244133e-28,5.130617118986198276e-28,5.151015892914384025e-28,5.151015892914384025e-28,5.130617118986198276e-28,5.090061597577244133e-28,5.029828601921078124e-28,4.950625224688113747e-28,4.853372562216959159e-28,4.739187887732542364e-28,4.609363295861185471e-28,4.465341388899956998e-28,4.308688643891660956e-28,4.141067146602924652e-28,3.964205402905297608e-28,3.779868939623511861e-28,3.589831386343844472e-28,3.395846688499154214e-28,3.199623042539709034e-28,3.002799069034569457e-28,2.806922652474590723e-28,2.613432780998442942e-28,2.423644619009495132e-28,2.238737944422497134e-28,2.059748983614851018e-28,1.887565584269714233e-28,1.722925581956889583e-28,1.566418142750585912e-28,1.418487803095005011e-28,1.279440880562502719e-28,1.149453895568499027e-28,1.028583624408203049e-28,9.167783975467944435e-29,8.138902628712958443e-29,7.196876501884573740e-29,6.338681989589456079e-29,5.560714442564028538e-29,4.858910943233286944e-29,4.228866749675896994e-29,3.665943595989693214e-29,3.165368472900317886e-29,2.722321934078102773e-29,2.332015368853643596e-29,1.989757041219542540e-29,1.691007011154711113e-29,1.431421322911183641e-29,1.206886063841641061e-29,1.013542066606824517e-29,8.478011489932507116e-30,7.063548623660705176e-30,5.861767563739378790e-30,4.845191690757022468e-30,3.989055237771739931e-30,3.271190623059529640e-30,2.671888748623568793e-30,2.173740043061462690e-30,1.761463126435405510e-30,1.421727038613140212e-30,1.142972037639535623e-30,9.152330708422271319e-31,7.299691717113906886e-31,5.799012569618991387e-31,4.588601016661789790e-31,3.616456619432277975e-31,2.838983961022991425e-31,2.219828045551623027e-31,1.728830616879945447e-31
5.566184451070076130e-30,7.147011529387293338e-30,9.140460740568233074e-30,1.164363032821697645e-29,1.477356970759896698e-29,1.867063972688461801e-29,2.350226224402063895e-29,2.946706310200016189e-29,3.679940140925245578e-29,4.577426416866787682e-29,5.671248860222432246e-29,6.998625492989708180e-29,8.602476993621147271e-29,1.053200365887816980e-28,1.284325776172125341e-28,1.559969518599662899e-28,1.887268720862710408e-28,2.274197028587673047e-28,2.729600879953225167e-28,3.263224306979115042e-28,3.885719270111154670e-28,4.608638366723077333e-28,5.444406664388372329e-28,6.406269414774321713e-28,7.508212521823299148e-28,8.764852885136530415e-28,1.019129613030711703e-27,1.180295978291015477e-27,1.361536064775038172e-27,1.564386601977773257e-27,1.790340937095418208e-27,2.040817231384146643e-27,2.317123591515115100e-27,2.620420578996551261e-27,2.951681681060991126e-27,3.311652466647506358e-27,3.700809285921852491e-27,4.119318495355494007e-27,4.566997296628890058e-27,5.043277360385760519e-27,5.547172459235353931e-27,6.077251352997462188e-27,6.631617148471945089e-27,7.207894292590686390e-27,7.803224249693584819e-27,8.414270760523286134e-27,9.037235383855651987e-27,9.667883784885902947e-27,1.030158296294610907e-26,1.093334931206531316e-26,1.155790709022249002e-26,1.216975654722348304e-26,1.276325063835432123e-26,1.333267894332934246e-26,1.387235712970798951e-26,1.437672005859703396e-26,1.484041643886348715e-26,1.525840280351094384e-26,1.562603451564054629e-26,1.593915151645411438e-26,1.619415660632346398e-26,1.638808420142112702e-26,1.651865772925403001e-26,1.658433411024320518e-26,1.658433411024320518e-26,1.651865772925403001e-26,1.638808420142112702e-26,1.619415660632346398e-26,1.593915151645411438e-26,1.562603451564054629e-26,1.525840280351094384e-26,1.484041643886348715e-26,1.437672005859703396e-26,1.387235712970798951e-26,1.333267894332934246e-26,1.276325063835432123e-26,1.216975654722348304e-26,1.155790709022249002e-26,1.093334931206531316e-26,1.030158296294610907e-26,9.667883784885902947e-27,9.037235383855651987e-27,8.414270760523286134e-27,7.803224249693584819e-27,7.207894292590738047e-27,6.631617148471945089e-27,6.077251352997462188e-27,5.547172459235353931e-27,5.043277360385760519e-27,4.566997296628890058e-27,4.119318495355494007e-27,3.700809285921852491e-27,3.311652466647506358e-27,2.951681681060991126e-27,2.620420578996551261e-27,2.317123591515115100e-27,2.040817231384146643e-27,1.790340937095418208e-27,1.564386601977773257e-27,1.361536064775038172e-27,1.180295978291015477e-27,1.019129613030711703e-27,8.764852885136530415e-28,7.508212521823299148e-28,6.406269414774321713e-28,5.444406664388372329e-28,4.608638366723077333e-28,3.885719270111154670e-28,3.263224306979115042e-28,2.729600879953225167e-28,2.274197028587673047e-28,1.887268720862710408e-28,1.559969518599662899e-28,1.284325776172125341e-28,1.053200365887816980e-28,8.602476993621147271e-29,6.998625492989708180e-29,5.671248860222432246e-29,4.577426416866787682e-29,3.679940140925245578e-29,2.946706310200016189e-29,2.350226224402063895e-29,1.867063972688461801e-29,1.477356970759896698e-29,1.164363032821697645e-29,9.140460740568233074e-30,7.147011529387293338e-30,5.566184451070076130e-30
1.622802390888499021e-28,2.083687218695684742e-28,2.664870644156425735e-28,3.394661334232250087e-28,4.307184653005942485e-28,5.443362334566747601e-28,6.852005659559719042e-28,8.591023325717388622e-28,1.072874194435290374e-27,1.334533305302090997e-27,1.653433566673008802e-27,2.040425767919603799e-27,2.508023288758932387e-27,3.070570310545165861e-27,3.744408685291002898e-27,4.548038762908834764e-27,5.502268599590336656e-27,6.630345091482008217e-27,7.958059732116624552e-27,9.513820919738156028e-27,1.132868408743738062e-26,1.343633044503383398e-26,1.587298485992536485e-26,1.867726341870152333e-26,2.188994155479599586e-26,2.555363434830314814e-26,2.971238174354004557e-26,3.441113301875065854e-26,3.969512689744017473e-26,4.560916621215116262e-26,5.219678899906840933e-26,5.949934127353525510e-26,6.755496044641469791e-26,7.639748229887562988e-26,8.605528852438052956e-26,9.655011593505870226e-26,1.078958523600807394e-25,1.200973478665260076e-25,1.331492730307540494e-25,1.470350584011721851e-25,1.617259508492819830e-25,1.771802230481004565e-25,1.933425717131693617e-25,2.101437383922668368e-25,2.275003834378402382e-25,2.453152393312320081e-25,2.634775637936986749e-25,2.818639062154837659e-25,3.003391930174236095e-25,3.187581288404440688e-25,3.369669011970019731e-25,3.548051667164667572e-25,3.721082877059295835e-25,3.887097787789643292e-25,4.044439151315114496e-25,4.191484470073697141e-25,4.326673593099989809e-25,4.448536114522231769e-25,4.555717906044727907e-25,4.647006116490288766e-25,4.721351994383207618e-25,4.777890933714122700e-25,4.815959207415195929e-25,4.835106935815328101e-25,4.835106935815328101e-25,4.815959207415195929e-25,4.777890933714122700e-25,4.721351994383207618e-25,4.647006116490288766e-25,4.555717906044727907e-25,4.448536114522231769e-25,4.326673593099989809e-25,4.191484470073697141e-25,4.044439151315114496e-25,3.887097787789643292e-25,3.721082877059295835e-25,3.548051667164667572e-25,3.369669011970019731e-25,3.187581288404440688e-25,3.003391930174236095e-25,2.818639062154837659e-25,2.634775637936986749e-25,2.453152393312320081e-25,2.275003834378402382e-25,2.101437383922683521e-25,1.933425717131693617e-25,1.771802230481004565e-25,1.617259508492819830e-25,1.470350584011721851e-25,1.331492730307540494e-25,1.200973478665260076e-25,1.078958523600807394e-25,9.655011593505870226e-26,8.605528852438052956e-26,7.639748229887562988e-26,6.755496044641469791e-26,5.949934127353525510e-26,5.219678899906840933e-26,4.560916621215116262e-26,3.969512689744017473e-26,3.441113301875065854e-26,2.971238174354004557e-26,2.555363434830314814e-26,2.188994155479599586e-26,1.867726341870152333e-26,1.587298485992536485e-26,1.343633044503383398e-26,1.132868408743738062e-26,9.513820919738156028e-27,7.958059732116624552e-27,6.630345091482008217e-27,5.502268599590336656e-27,4.548038762908834764e-27,3.744408685291002898e-27,3.070570310545165861e-27,2.508023288758932387e-27,2.040425767919618148e-27,1.653433566673008802e-27,1.334533305302090997e-27,1.072874194435290374e-27,8.591023325717388622e-28,6.852005659559719042e-28,5.443362334566786165e-28,4.307184653005942485e-28,3.394661334232250087e-28,2.664870644156425735e-28,2.083687218695684742e-28,1.622802390888499021e-28
4.284234956772318967e-27,5.500981309516138260e-27,7.035318676552138825e-27,8.961982577902446857e-27,1.137106474533730700e-26,1.437059948091422964e-26,1.808944966775347950e-26,2.268049557551688144e-26,2.832412100096806702e-26,3.523198061362088084e-26,4.365101952532156378e-26,5.386770102571780325e-26,6.621238116501127705e-26,8.106374957004053684e-26,9.885323482412722314e-26,1.200692503425596939e-25,1.452611335075070573e-25,1.750426076266652257e-25,2.100945739533283963e-25,2.511670206160949047e-25,2.990798180612509815e-25,3.547221578336538724e-25,4.190503846126170411e-25,4.930839718040805475e-25,5.778994000582763323e-25,6.746217171126921360e-25,7.844135874420472645e-25,9.084616821420690202e-25,1.047960313728741240e-24,1.204092287098205742e-24,1.378007016237151519e-24,1.570796045287070697e-24,1.783466210506630377e-24,2.016910784159216192e-24,2.271879049361164073e-24,2.548944862861121665e-24,2.848474866485230043e-24,3.170597103099588183e-24,3.515170874716641755e-24,3.881758744072758730e-24,4.269601622082784162e-24,4.677597897891833247e-24,5.104287552302060121e-24,5.547842146535423255e-24,6.006061495077433590e-24,6.476377713471361339e-24,6.955867180551441995e-24,7.441270772343473504e-24,7.929022515856299728e-24,8.415286580800929328e-24,8.896002282773509418e-24,9.366936520581938922e-24,9.823742821956256999e-24,1.026202593510041335e-23,1.067741068776458374e-23,1.106561364974711404e-23,1.142251598726926296e-23,1.174423579562605084e-23,1.202719814553900104e-23,1.226820108251269108e-23,1.246447587896919917e-23,1.261373995551995841e-23,1.271424105771812424e-23,1.276479149307317481e-23,1.276479149307317481e-23,1.271424105771812424e-23,1.261373995551995841e-23,1.246447587896919917e-23,1.226820108251269108e-23,1.202719814553900104e-23,1.174423579562605084e-23,1.142251598726926296e-23,1.106561364974711404e-23,1.067741068776458374e-23,1.026202593510041335e-23,9.823742821956256999e-24,9.366936520581938922e-24,8.896002282773509418e-24,8.415286580800929328e-24,7.929022515856299728e-24,7.441270772343473504e-24,6.955867180551441995e-24,6.476377713471361339e-24,6.006061495077433590e-24,5.547842146535462928e-24,5.104287552302060121e-24,4.677597897891833247e-24,4.269601622082784162e-24,3.881758744072758730e-24,3.515170874716641755e-24,3.170597103099588183e-24,2.848474866485230043e-24,2.548944862861121665e-24,2.271879049361164073e-24,2.016910784159216192e-24,1.783466210506630377e-24,1.570796045287070697e-24,1.378007016237151519e-24,1.204092287098205742e-24,1.047960313728741240e-24,9.084616821420690202e-25,7.844135874420472645e-25,6.746217171126921360e-25,5.778994000582763323e-25,4.930839718040805475e-25,4.190503846126170411e-25,3.547221578336538724e-25,2.990798180612509815e-25,2.511670206160949047e-25,2.100945739533283963e-25,1.750426076266652257e-25,1.452611335075070573e-25,1.200692503425596939e-25,9.885323482412722314e-26,8.106374957004053684e-26,6.621238116501127705e-26,5.386770102571818207e-26,4.365101952532156378e-26,3.523198061362088084e-26,2.832412100096806702e-26,2.268049557551688144e-26,1.808944966775347950e-26,1.437059948091433583e-26,1.137106474533730700e-26,8.961982577902446857e-27,7.035318676552138825e-27,5.500981309516138260e-27,4.284234956772318967e-27
1.024180472266020006e-25,1.315053374138780354e-25,1.681848936250124312e-25,2.142433279614306053e-25,2.718343549911418619e-25,3.435406207085559805e-25,4.324426949195623547e-25,5.421953021750375107e-25,6.771106607361785051e-25,8.422485439713276828e-25,1.043512371366727155e-24,1.287750275908511564e-24,1.582859681965917716e-24,1.937893466534980154e-24,2.363165273350801050e-24,2.870351013920944621e-24,3.472583035681588816e-24,4.184532882874746782e-24,5.022478042010977405e-24,6.004347576353340534e-24,7.149741141601119227e-24,8.479915569499903457e-24,1.001773304093359139e-23,1.178756487925147027e-23,1.381514521135983402e-23,1.612736919904903150e-23,1.875203126215876007e-23,2.171749971791507462e-23,2.505232555777842098e-23,2.878478467439595336e-23,3.294235472414260943e-23,3.755112993867497116e-23,4.263517954027660447e-23,4.821585791351811013e-23,5.431107726778325020e-23,6.093455610548314904e-23,6.809505929134715352e-23,7.579564779202152540e-23,8.403295811010714754e-23,9.279653295958277051e-23,1.020682257115736907e-22,1.118217014816265562e-22,1.220220573485254126e-22,1.326255830277047014e-22,1.435796813329178418e-22,1.548229649419932403e-22,1.662855423635321265e-22,1.778895016444144146e-22,1.895495953614941272e-22,2.011741249380929557e-22,2.126660164809156333e-22,2.239240743360863403e-22,2.348443926238609905e-22,2.453218993510920485e-22,2.552520025421692436e-22,2.645323033881778375e-22,2.730643378887241081e-22,2.807553060215370192e-22,2.875197462562920779e-22,2.932811133217709381e-22,2.979732185811003146e-22,3.015414951568855813e-22,3.039440540116435593e-22,3.051525024108927093e-22,3.051525024108927093e-22,3.039440540116435593e-22,3.015414951568855813e-22,2.979732185811003146e-22,2.932811133217709381e-22,2.875197462562920779e-22,2.807553060215370192e-22,2.730643378887241081e-22,2.645323033881778375e-22,2.552520025421692436e-22,2.453218993510920485e-22,2.348443926238609905e-22,2.239240743360863403e-22,2.126660164809156333e-22,2.011741249380929557e-22,1.895495953614941272e-22,1.778895016444144146e-22,1.662855423635321265e-22,1.548229649419932403e-22,1.435796813329178418e-22,1.326255830277047014e-22,1.220220573485254126e-22,1.118217014816265562e-22,1.020682257115736907e-22,9.279653295958277051e-23,8.403295811010714754e-23,7.579564779202152540e-23,6.809505929134715352e-23,6.093455610548314904e-23,5.431107726778325020e-23,4.821585791351811013e-23,4.263517954027660447e-23,3.755112993867497116e-23,3.294235472414260943e-23,2.878478467439595336e-23,2.505232555777842098e-23,2.171749971791507462e-23,1.875203126215876007e-23,1.612736919904903150e-23,1.381514521135983402e-23,1.178756487925147027e-23,1.001773304093359139e-23,8.479915569499903457e-24,7.149741141601119227e-24,6.004347576353340534e-24,5.022478042010977405e-24,4.184532882874746782e-24,3.472583035681588816e-24,2.870351013920944621e-24,2.363165273350801050e-24,1.937893466534980154e-24,1.582859681965917716e-24,1.287750275908511564e-24,1.043512371366727155e-24,8.422485439713276828e-25,6.771106607361785051e-25,5.421953021750375107e-25,4.324426949195623547e-25,3.435406207085559805e-25,2.718343549911418619e-25,2.142433279614306053e-25,1.681848936250124312e-25,1.315053374138780354e-25,1.024180472266020006e-25
2.217023793167096968e-24,2.846670776000771781e-24,3.640666082931141579e-24,4.637684162898407504e-24,5.884346061414233348e-24,7.436557820177171237e-24,9.361003941978581438e-24,1.173679754707585906e-23,1.465728439576505422e-23,1.823199243013657048e-23,2.258871183772530378e-23,2.787568283771294655e-23,3.426385945827578946e-23,4.194920758863272750e-23,5.115498469340204070e-23,6.213393698597240723e-23,7.517033786848874956e-23,9.058177944066252091e-23,1.087206173259808642e-22,1.299749585126141195e-22,1.547690729822682840e-22,1.835631032881698422e-22,2.168519426679447066e-22,2.551631524762512273e-22,2.990537944145434150e-22,3.491060628833681933e-22,4.059216183495136522e-22,4.701145443262411367e-22,5.423028786408707767e-22,6.230987041095602728e-22,7.130968242812276977e-22,8.128620959756784527e-22,9.229155410238368795e-22,1.043719413686191634e-21,1.175661456118225536e-21,1.319038630106222968e-21,1.474040666993193920e-21,1.640733826936099458e-21,1.819045300952889929e-21,2.008748722181973186e-21,2.209451274034179234e-21,2.420582890324842705e-21,2.641388034223471652e-21,2.870920517597092451e-21,3.108041779259274985e-21,3.351422979639859230e-21,3.599551191051128994e-21,3.850739868411265409e-21,4.103143677127992929e-21,4.354777635727823285e-21,4.603540404291095348e-21,4.847241419938680474e-21,5.083631452052724018e-21,5.310436027382551832e-21,5.525391063524897285e-21,5.726279953134635095e-21,5.910971264910793449e-21,6.077456174598734043e-21,6.223884712869219323e-21,6.348599918941007673e-21,6.450169020106956860e-21,6.527410817654743000e-21,6.579418547637113938e-21,6.605577597985168296e-21,6.605577597985168296e-21,6.579418547637113938e-21,6.527410817654743000e-21,6.450169020106956860e-21,6.348599918941007673e-21,6.223884712869219323e-21,6.077456174598734043e-21,5.910971264910793449e-21,5.726279953134635095e-21,5.525391063524897285e-21,5.310436027382551832e-21,5.083631452052724018e-21,4.847241419938680474e-21,4.603540404291095348e-21,4.354777635727823285e-21,4.103143677127992929e-21,3.850739868411265409e-21,3.599551191051128994e-21,3.351422979639859230e-21,3.108041779259274985e-21,2.870920517597092074e-21,2.641388034223471652e-21,2.420582890324842705e-21,2.209451274034179234e-21,2.008748722181973186e-21,1.819045300952889929e-21,1.640733826936099458e-21,1.474040666993193920e-21,1.319038630106222968e-21,1.175661456118225536e-21,1.043719413686191634e-21,9.229155410238368795e-22,8.128620959756784527e-22,7.130968242812276977e-22,6.230987041095602728e-22,5.423028786408707767e-22,4.701145443262411367e-22,4.059216183495136522e-22,3.491060628833681933e-22,2.990537944145434150e-22,2.551631524762512273e-22,2.168519426679447066e-22,1.835631032881698422e-22,1.547690729822682840e-22,1.299749585126141195e-22,1.087206173259808642e-22,9.058177944066252091e-23,7.517033786848874956e-23,6.213393698597240723e-23,5.115498469340204070e-23,4.194920758863272750e-23,3.426385945827578946e-23,2.787568283771294655e-23,2.258871183772530378e-23,1.823199243013657048e-23,1.465728439576505422e-23,1.173679754707585906e-23,9.361003941978581438e-24,7.436557820177171237e-24,5.884346061414233348e-24,4.637684162898407504e-24,3.640666082931141579e-24,2.846670776000771781e-24,2.217023793167096968e-24
4.345591174756430196e-23,5.579763031750972388e-23,7.136074249171676283e-23,9.090330663889278488e-23,1.153391424688565477e-22,1.457640650205333824e-22,1.834851580866921927e-22,2.300531189501386802e-22,2.872976190532525337e-22,3.573655169908953022e-22,4.427616298646407111e-22,5.463916161081300599e-22,6.716063478158422643e-22,8.222469548907017555e-22,1.002689509754359024e-21,1.217888094170594717e-21,1.473414754733502563e-21,1.775494618254696097e-21,2.131034211820227591e-21,2.547640825472994027e-21,3.033630580555018483e-21,3.598022737141875230e-21,4.250517703918854181e-21,5.001456217751353203e-21,5.861757252179909655e-21,6.842832407101669739e-21,7.956474837027354820e-21,9.214721200760603199e-21,1.062968566566555123e-20,1.221336567485629839e-20,1.397741998030862809e-20,1.593292034777765113e-20,1.809007933284034812e-20,2.045795758717336702e-20,2.304415524972940460e-20,2.585449307228247627e-20,2.889268998131549360e-20,3.216004474301314607e-20,3.565513022758635650e-20,3.937350941528357706e-20,4.330748270311244943e-20,4.744587621649023925e-20,5.177388066833266723e-20,5.627294981293281329e-20,6.092076669790350242e-20,6.569128472181983792e-20,7.055484896970988873e-20,7.547840144983736416e-20,8.042577173523894610e-20,8.535805217864520072e-20,9.023405438939397784e-20,9.501084111645236505e-20,9.964432516168991726e-20,1.040899245458070976e-19,1.083032609606374438e-19,1.122408866572368170e-19,1.158610234233927248e-19,1.191242962691772505e-19,1.219944439220885357e-19,1.244389882726445879e-19,1.264298455246732833e-19,1.279438629870951395e-19,1.289632671681736560e-19,1.294760110488792766e-19,1.294760110488792766e-19,1.289632671681736560e-19,1.279438629870951395e-19,1.264298455246732833e-19,1.244389882726445879e-19,1.219944439220885357e-19,1.191242962691772505e-19,1.158610234233927248e-19,1.122408866572368170e-19,1.083032609606374438e-19,1.040899245458070976e-19,9.964432516168991726e-20,9.501084111645236505e-20,9.023405438939397784e-20,8.535805217864520072e-20,8.042577173523894610e-20,7.547840144983736416e-20,7.055484896970988873e-20,6.569128472181983792e-20,6.092076669790350242e-20,5.627294981293321051e-20,5.177388066833266723e-20,4.744587621649023925e-20,4.330748270311244943e-20,3.937350941528357706e-20,3.565513022758635650e-20,3.216004474301314607e-20,2.889268998131549360e-20,2.585449307228247627e-20,2.304415524972940460e-20,2.045795758717336702e-20,1.809007933284034812e-20,1.593292034777765113e-20,1.397741998030862809e-20,1.221336567485629839e-20,1.062968566566555123e-20,9.214721200760603199e-21,7.956474837027354820e-21,6.842832407101669739e-21,5.861757252179909655e-21,5.001456217751353203e-21,4.250517703918854181e-21,3.598022737141875230e-21,3.033630580555018483e-21,2.547640825472994027e-21,2.131034211820227591e-21,1.775494618254696097e-21,1.473414754733502563e-21,1.217888094170594717e-21,1.002689509754359024e-21,8.222469548907017555e-22,6.716063478158422643e-22,5.463916161081340095e-22,4.427616298646407111e-22,3.573655169908953022e-22,2.872976190532525337e-22,2.300531189501386802e-22,1.834851580866921927e-22,1.457640650205344168e-22,1.153391424688565477e-22,9.090330663889278488e-23,7.136074249171676283e-23,5.579763031750972388e-23,4.345591174756430196e-23
7.712669044162074803e-22,9.903109583509715801e-22,1.266529149777035366e-21,1.613375697185913961e-21,2.047069312150859645e-21,2.587058807017455631e-21,3.256542647313652904e-21,4.083043014600012038e-21,5.099033396894924524e-21,6.342616802882155966e-21,7.858249382585245149e-21,9.697501522984531429e-21,1.191984537973092882e-20,1.459345433247639812e-20,1.779599606081661876e-20,2.161539690555354567e-20,2.615055100916548890e-20,3.151194355289734875e-20,3.782215338854884670e-20,4.521619669243369607e-20,5.384167016443172826e-20,6.385864999484410347e-20,7.543930157791539348e-20,8.876715502015647138e-20,1.040360031240502618e-19,1.214483819536940563e-19,1.412135995044101041e-19,1.635452855494942818e-19,1.886584455044765135e-19,2.167660131323227296e-19,2.480749110169600368e-19,2.827816437571176548e-19,3.210674664642241644e-19,3.630931899575585631e-19,4.089937034940126236e-19,4.588723153007429430e-19,5.127950298590936324e-19,5.707848980115055021e-19,6.328165906846639514e-19,6.988113584897973448e-19,7.686325468561854669e-19,8.420818389308801086e-19,9.188963956076060357e-19,9.987470532596047655e-19,1.081237724770268555e-18,1.165906128234933864e-18,1.252225940454953658e-18,1.339610439533873686e-18,1.427417663259567544e-18,1.514957068516938232e-18,1.601497632959739726e-18,1.686277295009777023e-18,1.768513583526553072e-18,1.847415245863779787e-18,1.922194644183789308e-18,1.992080656457737961e-18,2.056331792032010382e-18,2.114249213271590087e-18,2.165189345613938493e-18,2.208575759064742724e-18,2.243910015053349426e-18,2.270781193553928630e-18,2.288873845979600388e-18,2.297974158681067062e-18,2.297974158681067062e-18,2.288873845979600388e-18,2.270781193553928630e-18,2.243910015053349426e-18,2.208575759064742724e-18,2.165189345613938493e-18,2.114249213271590087e-18,2.056331792032010382e-18,1.992080656457737961e-18,1.922194644183789308e-18,1.847415245863779787e-18,1.768513583526553072e-18,1.686277295009777023e-18,1.601497632959739726e-18,1.514957068516938232e-18,1.427417663259567544e-18,1.339610439533873686e-18,1.252225940454953658e-18,1.165906128234933864e-18,1.081237724770268555e-18,9.987470532596118914e-19,9.188963956076060357e-19,8.420818389308801086e-19,7.686325468561854669e-19,6.988113584897973448e-19,6.328165906846639514e-19,5.707848980115055021e-19,5.127950298590936324e-19,4.588723153007429430e-19,4.089937034940126236e-19,3.630931899575585631e-19,3.210674664642241644e-19,2.827816437571176548e-19,2.480749110169600368e-19,2.167660131323227296e-19,1.886584455044765135e-19,1.635452855494942818e-19,1.412135995044101041e-19,1.214483819536940563e-19,1.040360031240502618e-19,8.876715502015647138e-20,7.543930157791539348e-20,6.385864999484410347e-20,5.384167016443172826e-20,4.521619669243369607e-20,3.782215338854884670e-20,3.151194355289734875e-20,2.615055100916548890e-20,2.161539690555354567e-20,1.779599606081661876e-20,1.459345433247639812e-20,1.191984537973092882e-20,9.697501522984600642e-21,7.858249382585245149e-21,6.342616802882155966e-21,5.099033396894924524e-21,4.083043014600012038e-21,3.256542647313652904e-21,2.587058807017474439e-21,2.047069312150859645e-21,1.613375697185913961e-21,1.266529149777035366e-21,9.903109583509715801e-22,7.712669044162074803e-22
1.239449637689383533e-20,1.591460169624432904e-20,2.035351299045318451e-20,2.592744368886879929e-20,3.289703347495433713e-20,4.157483074508456424e-20,5.233364197557693910e-20,6.561575708926278426e-20,8.194303502665206742e-20,1.019278028568508577e-19,1.262844845843669968e-19,1.558418321897703037e-19,1.915555815065582692e-19,2.345212997142100286e-19,2.859871303125177904e-19,3.473660766421648566e-19,4.202473979902149945e-19,5.064066252018201240e-19,6.078136381276837761e-19,7.266381882488452707e-19,8.652521999295296682e-19,1.026228146783416025e-18,1.212332779649899003e-18,1.426515483790000804e-18,1.671890569145571517e-18,1.951712852561818229e-18,2.269345977901612318e-18,2.628223041329138832e-18,3.031799246002392955e-18,3.483496502985478922e-18,3.986640121846458325e-18,4.544387991926941506e-18,5.159652938617243262e-18,5.835019241244668930e-18,6.572654611656125521e-18,7.374219244837114013e-18,8.240773853104202168e-18,9.172688870585300530e-18,1.016955725128162305e-17,1.123011346829423385e-17,1.235216144064002182e-17,1.353251415549477536e-17,1.476694770757745230e-17,1.605017233616373411e-17,1.737582279946252832e-17,1.873647008507958351e-17,2.012365601732831601e-17,2.152795179487133719e-17,2.293904088750782884e-17,2.434582605498391779e-17,2.573655954335076288e-17,2.709899478865517609e-17,2.842055723900029076e-17,2.968853122099020812e-17,3.089025915231538635e-17,3.201334886479393828e-17,3.304588437555777132e-17,3.397663514886674394e-17,3.479525874355298779e-17,3.549249175231206220e-17,3.606032411400600208e-17,3.649215221743071085e-17,3.678290670677072548e-17,3.692915153091794920e-17,3.692915153091794920e-17,3.678290670677072548e-17,3.649215221743071085e-17,3.606032411400600208e-17,3.549249175231206220e-17,3.479525874355298779e-17,3.397663514886674394e-17,3.304588437555777132e-17,3.201334886479393828e-17,3.089025915231538635e-17,2.968853122099020812e-17,2.842055723900029076e-17,2.709899478865517609e-17,2.573655954335076288e-17,2.434582605498391779e-17,2.293904088750782884e-17,2.152795179487133719e-17,2.012365601732831601e-17,1.873647008507958351e-17,1.737582279946252832e-17,1.605017233616373411e-17,1.476694770757745230e-17,1.353251415549477536e-17,1.235216144064002182e-17,1.123011346829423385e-17,1.016955725128162305e-17,9.172688870585300530e-18,8.240773853104202168e-18,7.374219244837114013e-18,6.572654611656125521e-18,5.835019241244668930e-18,5.159652938617243262e-18,4.544387991926941506e-18,3.986640121846458325e-18,3.483496502985478922e-18,3.031799246002392955e-18,2.628223041329138832e-18,2.269345977901612318e-18,1.951712852561818229e-18,1.671890569145571517e-18,1.426515483790000804e-18,1.212332779649899003e-18,1.026228146783416025e-18,8.652521999295296682e-19,7.266381882488452707e-19,6.078136381276837761e-19,5.064066252018201240e-19,4.202473979902149945e-19,3.473660766421648566e-19,2.859871303125177904e-19,2.345212997142100286e-19,1.915555815065582692e-19,1.558418321897703037e-19,1.262844845843669968e-19,1.019278028568508577e-19,8.194303502665206742e-20,6.561575708926278426e-20,5.233364197557693910e-20,4.157483074508456424e-20,3.289703347495433713e-20,2.592744368886879929e-20,2.035351299045318451e-20,1.591460169624432904e-20,1.239449637689383533e-20
1.803476484729032840e-19,2.315673751497621652e-19,2.961563015044288667e-19,3.772604677119554397e-19,4.786723436381551560e-19,6.049397032793361779e-19,7.614871132572335010e-19,9.547501676533133676e-19,1.192322239356125837e-18,1.483113068919184119e-18,1.837517970948878790e-18,2.267595803370382933e-18,2.787253118325168770e-18,3.412431101203509726e-18,4.161291017965668594e-18,5.054392948023314850e-18,6.114861604678233725e-18,7.368532068515965708e-18,8.844067319301527588e-18,1.057303859361260404e-17,1.258995886950297905e-17,1.493225924161967844e-17,1.764019765934782285e-17,2.075668951675359486e-17,2.432704996481604896e-17,2.839863861754397546e-17,3.302039858989121968e-17,3.824228357108923878e-17,4.411456892091003124e-17,5.068704557840659572e-17,5.800809887064734118e-17,6.612367805604329530e-17,7.507616655975205643e-17,8.490316725691309701e-17,9.563622170615594844e-17,1.072994867794129790e-16,1.199083965020920421e-16,1.334683409216667534e-16,1.479733972651200635e-16,1.634051513271980880e-16,1.797316487606552800e-16,1.969065165422545405e-16,2.148682942171580444e-16,2.335400124694205882e-16,2.528290530631673874e-16,2.726273192371392540e-16,2.928117392626382534e-16,3.132451182027014219e-16,3.337773441120312522e-16,3.542469452273976810e-16,3.744829844058072647e-16,3.943072665077663562e-16,4.135368239647478971e-16,4.319866358024447045e-16,4.494725263080673841e-16,4.658141817098316627e-16,4.808382170291021686e-16,4.943812209702335721e-16,5.062927045672053633e-16,5.164378794693341106e-16,5.247001942939385180e-16,5.309835623815958746e-16,5.352142214451755307e-16,5.373421747991702856e-16,5.373421747991702856e-16,5.352142214451755307e-16,5.309835623815958746e-16,5.247001942939385180e-16,5.164378794693341106e-16,5.062927045672053633e-16,4.943812209702335721e-16,4.808382170291021686e-16,4.658141817098316627e-16,4.494725263080673841e-16,4.319866358024447045e-16,4.135368239647478971e-16,3.943072665077663562e-16,3.744829844058072647e-16,3.542469452273976810e-16,3.337773441120312522e-16,3.132451182027014219e-16,2.928117392626382534e-16,2.726273192371392540e-16,2.528290530631673874e-16,2.335400124694205882e-16,2.148682942171580444e-16,1.969065165422545405e-16,1.797316487606552800e-16,1.634051513271980880e-16,1.479733972651200635e-16,1.334683409216667534e-16,1.199083965020920421e-16,1.072994867794129790e-16,9.563622170615594844e-17,8.490316725691309701e-17,7.507616655975205643e-17,6.612367805604329530e-17,5.800809887064734118e-17,5.068704557840659572e-17,4.411456892091003124e-17,3.824228357108923878e-17,3.302039858989121968e-17,2.839863861754397546e-17,2.432704996481604896e-17,2.075668951675359486e-17,1.764019765934782285e-17,1.493225924161967844e-17,1.258995886950297905e-17,1.057303859361260404e-17,8.844067319301527588e-18,7.368532068515965708e-18,6.114861604678233725e-18,5.054392948023314850e-18,4.161291017965668594e-18,3.412431101203509726e-18,2.787253118325168770e-18,2.267595803370382933e-18,1.837517970948878790e-18,1.483113068919184119e-18,1.192322239356125837e-18,9.547501676533133676e-19,7.614871132572335010e-19,6.049397032793361779e-19,4.786723436381551560e-19,3.772604677119554397e-19,2.961563015044288667e-19,2.315673751497621652e-19,1.803476484729032840e-19
2.375943470049644028e-18,3.050724517465956535e-18,3.901634629736926726e-18,4.970120499812166602e-18,6.306145041482534472e-18,7.969621727539511592e-18,1.003201510854361115e-17,1.257810925494555836e-17,1.570794109477279951e-17,1.953888970153809914e-17,2.420790546005270166e-17,2.987385467651008431e-17,3.671994562687732184e-17,4.495619133684995844e-17,5.482185270964145758e-17,6.658779319612407270e-17,8.055866335332567249e-17,9.707482077135281540e-17,1.165138784669602677e-16,1.392917635344221570e-16,1.658631582805669160e-16,1.967211889848689651e-16,2.323962235937312687e-16,2.734536398714857544e-16,3.204904305595110146e-16,3.741305226488215994e-16,4.350187045542548388e-16,5.038130782402075483e-16,5.811759834364522867e-16,6.677633779972353099e-16,7.642127019051003229e-16,8.711293017858547188e-16,9.890715471169725654e-16,1.118534827255616189e-15,1.259934678311602079e-15,1.413589348748997041e-15,1.579702170145423170e-15,1.758344152287847824e-15,1.949437267134355160e-15,2.152738921498398837e-15,2.367828141093259058e-15,2.594093996512962625e-15,2.830726792884497841e-15,3.076712517853523079e-15,3.330830996415914555e-15,3.591658135736339346e-15,3.857572559142471532e-15,4.126766827405899131e-15,4.397263329511307944e-15,4.666934797458853618e-15,4.933529264050054146e-15,5.194699143487924767e-15,5.448033976842986124e-15,5.691096253122159614e-15,5.921459597011721385e-15,6.136748511341295906e-15,6.334678780534575579e-15,6.513097584723318583e-15,6.670022345930178073e-15,6.803677329875508121e-15,6.912527060499875191e-15,6.995305668949714988e-15,7.051041393042777752e-15,7.079075564371347137e-15,7.079075564371347137e-15,7.051041393042777752e-15,6.995305668949714988e-15,6.912527060499875191e-15,6.803677329875508121e-15,6.670022345930178073e-15,6.513097584723318583e-15,6.334678780534575579e-15,6.136748511341295906e-15,5.921459597011721385e-15,5.691096253122159614e-15,5.448033976842986124e-15,5.194699143487924767e-15,4.933529264050054146e-15,4.666934797458853618e-15,4.397263329511307944e-15,4.126766827405899131e-15,3.857572559142471532e-15,3.591658135736339346e-15,3.330830996415914555e-15,3.076712517853544773e-15,2.830726792884497841e-15,2.594093996512962625e-15,2.367828141093259058e-15,2.152738921498398837e-15,1.949437267134355160e-15,1.758344152287847824e-15,1.579702170145423170e-15,1.413589348748997041e-15,1.259934678311602079e-15,1.118534827255616189e-15,9.890715471169725654e-16,8.711293017858547188e-16,7.642127019051003229e-16,6.677633779972353099e-16,5.811759834364522867e-16,5.038130782402075483e-16,4.350187045542548388e-16,3.741305226488215994e-16,3.204904305595110146e-16,2.734536398714857544e-16,2.323962235937312687e-16,1.967211889848689651e-16,1.658631582805669160e-16,1.392917635344221570e-16,1.165138784669602677e-16,9.707482077135281540e-17,8.055866335332567249e-17,6.658779319612407270e-17,5.482185270964145758e-17,4.495619133684995844e-17,3.671994562687732184e-17,2.987385467651030001e-17,2.420790546005270166e-17,1.953888970153809914e-17,1.570794109477279951e-17,1.257810925494555836e-17,1.003201510854361115e-17,7.969621727539568600e-18,6.306145041482534472e-18,4.970120499812166602e-18,3.901634629736926726e-18,3.050724517465956535e-18,2.375943470049644028e-18
2.833931564436846593e-17,3.638783756192439087e-17,4.653715742605744258e-17,5.928163502635037046e-17,7.521720827221895002e-17,9.505850141217387365e-17,1.196579153897758888e-16,1.500267211230436525e-16,1.873581195930609199e-16,2.330521620452607521e-16,2.887423385991293235e-16,3.563235438315891152e-16,4.379810137243630898e-16,5.362197007309244153e-16,6.538934144401777961e-16,7.942329071522322073e-16,9.608719304296469977e-16,1.157870135227747293e-15,1.389731540521788024e-15,1.661417160476567838e-15,1.978350266130962114e-15,2.346412673051172097e-15,2.771930400702830089e-15,3.261647051837296685e-15,3.822683320169972131e-15,4.462481160511771616e-15,5.188731354500495601e-15,6.009283482536654680e-15,6.932037671413012538e-15,7.964817927430732389e-15,9.115227383028483645e-15,1.039048637375696072e-14,1.179725491028878744e-14,1.334144180128740895e-14,1.502800339740923231e-14,1.686073564068348518e-14,1.884206378988874620e-14,2.097283482172816899e-14,2.325211804852461949e-14,2.567701991452926943e-14,2.824251920465853820e-14,3.094132899416430285e-14,3.376379156228345418e-14,3.669781217000466871e-14,3.972883705162591592e-14,4.283988019006589338e-14,4.601160244452641407e-14,4.922244539350140074e-14,5.244882087359756466e-14,5.566535567199747406e-14,5.884518921307565798e-14,6.196032042031662759e-14,6.498199829130229846e-14,6.788114915728289637e-14,7.062883217149261153e-14,7.319671334157439749e-14,7.555754744598426898e-14,7.768565649930724532e-14,7.955739309418678600e-14,8.115157697322968345e-14,8.244989358423188072e-14,8.343724414329770657e-14,8.410203785478604454e-14,8.443641838198436601e-14,8.443641838198436601e-14,8.410203785478604454e-14,8.343724414329770657e-14,8.244989358423188072e-14,8.115157697322968345e-14,7.955739309418678600e-14,7.768565649930724532e-14,7.555754744598426898e-14,7.319671334157439749e-14,7.062883217149261153e-14,6.788114915728289637e-14,6.498199829130229846e-14,6.196032042031662759e-14,5.884518921307565798e-14,5.566535567199747406e-14,5.244882087359756466e-14,4.922244539350140074e-14,4.601160244452641407e-14,4.283988019006589338e-14,3.972883705162591592e-14,3.669781217000466871e-14,3.376379156228345418e-14,3.094132899416430285e-14,2.824251920465853820e-14,2.567701991452926943e-14,2.325211804852461949e-14,2.097283482172816899e-14,1.884206378988874620e-14,1.686073564068348518e-14,1.502800339740923231e-14,1.334144180128740895e-14,1.179725491028878744e-14,1.039048637375696072e-14,9.115227383028483645e-15,7.964817927430732389e-15,6.932037671413012538e-15,6.009283482536654680e-15,5.188731354500495601e-15,4.462481160511771616e-15,3.822683320169972131e-15,3.261647051837296685e-15,2.771930400702830089e-15,2.346412673051172097e-15,1.978350266130962114e-15,1.661417160476567838e-15,1.389731540521788024e-15,1.157870135227747293e-15,9.608719304296469977e-16,7.942329071522322073e-16,6.538934144401777961e-16,5.362197007309244153e-16,4.379810137243630898e-16,3.563235438315917776e-16,2.887423385991293235e-16,2.330521620452607521e-16,1.873581195930609199e-16,1.500267211230436525e-16,1.196579153897758888e-16,9.505850141217453925e-17,7.521720827221895002e-17,5.928163502635037046e-17,4.653715742605744258e-17,3.638783756192439087e-17,2.833931564436846593e-17
3.060202631262833710e-16,3.929317053748008773e-16,5.025284780827573672e-16,6.401488933952097693e-16,8.122281482002895008e-16,1.026483066125991172e-15,1.292118243511585035e-15,1.620053823818103415e-15,2.023174510500492874e-15,2.516598666185935772e-15,3.117965428052347876e-15,3.847736692367916173e-15,4.729509588241601319e-15,5.790333682379617545e-15,7.061025652653433321e-15,8.576472568369085929e-15,1.037591326024743216e-14,1.250318560599649417e-14,1.500692596258528515e-14,1.794070551991594807e-14,2.136308711878348451e-14,2.533758516334010815e-14,2.993251076475411204e-14,3.522068428023816366e-14,4.127899805933857088e-14,4.818781356871829836e-14,5.603017921540295862e-14,6.489085818456347378e-14,7.485515948331164104e-14,8.600757013656526471e-14,9.843019207715384679e-14,1.122009936305229488e-13,1.273918924902416743e-13,1.440666945436730788e-13,1.622789206221263391e-13,1.820695609595637450e-13,2.034648045557087272e-13,2.264737974335919920e-13,2.510864896226563572e-13,2.772716352486983374e-13,3.049750130460962976e-13,3.341179356302717859e-13,3.645961147295453928e-13,3.962789460886437614e-13,4.290092718119596793e-13,4.626036694950176724e-13,4.968533066794066403e-13,5.315253861478377017e-13,5.663651926468142902e-13,6.010987351823338414e-13,6.354359615695170884e-13,6.690745039985477311e-13,7.017038966333575984e-13,7.330101893464093301e-13,7.626808662797520597e-13,7.904099646534317823e-13,8.159032787085500334e-13,8.388835263839639115e-13,8.590953526840799048e-13,8.763100439722702101e-13,8.903298317436476040e-13,9.009916727589669218e-13,9.081704045627738843e-13,9.117811910123004213e-13,9.117811910123004213e-13,9.081704045627738843e-13,9.009916727589669218e-13,8.903298317436476040e-13,8.763100439722702101e-13,8.590953526840799048e-13,8.388835263839639115e-13,8.159032787085500334e-13,7.904099646534317823e-13,7.626808662797520597e-13,7.330101893464093301e-13,7.017038966333575984e-13,6.690745039985477311e-13,6.354359615695170884e-13,6.010987351823338414e-13,5.663651926468142902e-13,5.315253861478377017e-13,4.968533066794066403e-13,4.626036694950176724e-13,4.290092718119596793e-13,3.962789460886437109e-13,3.645961147295453928e-13,3.341179356302717859e-13,3.049750130460962976e-13,2.772716352486983374e-13,2.510864896226563572e-13,2.264737974335919920e-13,2.034648045557087272e-13,1.820695609595637450e-13,1.622789206221263391e-13,1.440666945436730788e-13,1.273918924902416743e-13,1.122009936305229488e-13,9.843019207715384679e-14,8.600757013656526471e-14,7.485515948331191872e-14,6.489085818456347378e-14,5.603017921540295862e-14,4.818781356871829836e-14,4.127899805933857088e-14,3.522068428023816366e-14,2.993251076475411204e-14,2.533758516334020597e-14,2.136308711878356340e-14,1.794070551991588496e-14,1.500692596258528515e-14,1.250318560599649417e-14,1.037591326024743216e-14,8.576472568369085929e-15,7.061025652653433321e-15,5.790333682379617545e-15,4.729509588241601319e-15,3.847736692367916173e-15,3.117965428052347876e-15,2.516598666185935772e-15,2.023174510500492874e-15,1.620053823818103415e-15,1.292118243511585035e-15,1.026483066125991172e-15,8.122281482002895008e-16,6.401488933952097693e-16,5.025284780827573672e-16,3.929317053748008773e-16,3.060202631262833710e-16
2.991534300557992413e-15,3.841146538457813552e-15,4.912521686746656465e-15,6.257844995270015083e-15,7.940024429745654660e-15,1.003449663720690767e-14,1.263124214832314927e-14,1.583701201087477593e-14,1.977776204211448581e-14,2.460128343699575877e-14,3.048000949572260817e-14,3.761396770639414572e-14,4.623383436607314954e-14,5.660403545031528946e-14,6.902582273878972470e-14,8.384023856447440054e-14,1.014308663764392223e-13,1.222262481068009565e-13,1.467018337425659912e-13,1.753813142657521525e-13,2.088371770835220368e-13,2.476903141481266304e-13,2.926085081419331599e-13,3.443036223714921180e-13,4.035273263464263984e-13,4.710652023072978239e-13,5.477290989718579327e-13,6.343476280577508444e-13,7.317547370242539122e-13,8.407763379544810026e-13,9.622150272049358208e-13,1.096832992604435827e-12,1.245333273373112216e-12,1.408339610888971259e-12,1.586375203848143980e-12,1.779840756732200101e-12,1.988992282950741393e-12,2.213919190444701040e-12,2.454523234635976569e-12,2.710498968089565572e-12,2.981316344937690978e-12,3.266206148110922513e-12,3.564148896289013000e-12,3.873867853397500076e-12,4.193826705368458142e-12,4.522232386576509364e-12,4.857043432655784397e-12,5.195984109138641913e-12,5.536564419415292637e-12,5.876105934782264743e-12,6.211773218621226332e-12,6.540610441585426250e-12,6.859582611193448465e-12,7.165620673894402734e-12,7.455669596995423589e-12,7.726738408128945952e-12,7.975951066962954005e-12,8.200596972609898258e-12,8.398179874591670040e-12,8.566463957926657028e-12,8.703515915127647176e-12,8.807741899311126648e-12,8.877918371307469452e-12,8.913216006194120656e-12,8.913216006194120656e-12,8.877918371307469452e-12,8.807741899311126648e-12,8.703515915127647176e-12,8.566463957926657028e-12,8.398179874591670040e-12,8.200596972609898258e-12,7.975951066962954005e-12,7.726738408128945952e-12,7.455669596995423589e-12,7.165620673894402734e-12,6.859582611193448465e-12,6.540610441585426250e-12,6.211773218621226332e-12,5.876105934782264743e-12,5.536564419415292637e-12,5.195984109138641913e-12,4.857043432655784397e-12,4.522232386576509364e-12,4.193826705368458142e-12,3.873867853397500076e-12,3.564148896289013000e-12,3.266206148110922513e-12,2.981316344937690978e-12,2.710498968089565572e-12,2.454523234635976569e-12,2.213919190444701040e-12,1.988992282950748260e-12,1.779840756732200101e-12,1.586375203848143980e-12,1.408339610888971259e-12,1.245333273373112216e-12,1.096832992604435827e-12,9.622150272049358208e-13,8.407763379544810026e-13,7.317547370242565375e-13,6.343476280577508444e-13,5.477290989718579327e-13,4.710652023072978239e-13,4.035273263464263984e-13,3.443036223714921180e-13,2.926085081419331599e-13,2.476903141481266304e-13,2.088371770835227689e-13,1.753813142657515214e-13,1.467018337425659912e-13,1.222262481068009565e-13,1.014308663764392223e-13,8.384023856447440054e-14,6.902582273878972470e-14,5.660403545031550403e-14,4.623383436607331993e-14,3.761396770639414572e-14,3.048000949572260817e-14,2.460128343699575877e-14,1.977776204211448581e-14,1.583701201087477593e-14,1.263124214832314927e-14,1.003449663720690610e-14,7.940024429745654660e-15,6.257844995269969329e-15,4.912521686746656465e-15,3.841146538457813552e-15,2.991534300557992413e-15
2.647223356659497655e-14,3.399049387821034118e-14,4.347114504696255465e-14,5.537597690504011589e-14,7.026166512263964078e-14,8.879575228464031856e-14,1.117744805146505963e-13,1.401424950637026593e-13,1.750143851286387429e-13,2.176979622331859176e-13,2.697190970975322032e-13,3.328478427622563884e-13,4.091254650797957386e-13,5.008918824608060939e-13,6.108128866604636297e-13,7.419063779893228366e-13,8.975667051781220536e-13,1.081586056776382102e-12,1.298171713009143288e-12,1.551957841029398068e-12,1.848010409946546919e-12,2.191823723060588190e-12,2.589307022039266839e-12,3.046759620153028189e-12,3.570833077713218851e-12,4.168479050448488081e-12,4.846881627430803689e-12,5.613373234339324090e-12,6.475333513092290039e-12,7.440071000170660522e-12,8.514687910048494702e-12,9.705928880158932599e-12,1.102001513899944152e-11,1.246246620457811525e-11,1.403791188778601000e-11,1.574989804220913947e-11,1.760069014304992700e-11,1.959107936555737526e-11,2.172019633864731020e-11,2.398533814300500027e-11,2.638181437678206849e-11,2.890281820045086190e-11,3.153932817386897836e-11,3.428004639697234878e-11,3.711137795131717261e-11,4.001745591135082063e-11,4.298021525889812047e-11,4.597951790817754828e-11,4.899332975721606665e-11,5.199794925921324607e-11,5.496828549663900448e-11,5.787818219081195778e-11,6.070078254459431859e-11,6.340892835277601890e-11,6.597558548140642964e-11,6.837428666949153849e-11,7.057958169524989374e-11,7.256748431864812749e-11,7.431590509692620950e-11,7.580505919378987577e-11,7.701783867658132029e-11,7.794013951615336158e-11,7.856113455445873160e-11,7.887348505463301454e-11,7.887348505463301454e-11,7.856113455445873160e-11,7.794013951615336158e-11,7.701783867658132029e-11,7.580505919378987577e-11,7.431590509692620950e-11,7.256748431864812749e-11,7.057958169524989374e-11,6.837428666949153849e-11,6.597558548140642964e-11,6.340892835277601890e-11,6.070078254459431859e-11,5.787818219081195778e-11,5.496828549663900448e-11,5.199794925921324607e-11,4.899332975721606665e-11,4.597951790817754828e-11,4.298021525889812047e-11,4.001745591135082063e-11,3.711137795131717261e-11,3.428004639697234878e-11,3.153932817386897836e-11,2.890281820045086190e-11,2.638181437678206849e-11,2.398533814300500027e-11,2.172019633864731020e-11,1.959107936555737526e-11,1.760069014304999162e-11,1.574989804220913947e-11,1.403791188778601000e-11,1.246246620457811525e-11,1.102001513899944152e-11,9.705928880158932599e-12,8.514687910048494702e-12,7.440071000170660522e-12,6.475333513092313465e-12,5.613373234339324090e-12,4.846881627430803689e-12,4.168479050448488081e-12,3.570833077713218851e-12,3.046759620153028189e-12,2.589307022039266839e-12,2.191823723060587786e-12,1.848010409946553786e-12,1.551957841029392212e-12,1.298171713009143288e-12,1.081586056776382102e-12,8.975667051781220536e-13,7.419063779893228366e-13,6.108128866604636297e-13,5.008918824608079115e-13,4.091254650797972028e-13,3.328478427622563884e-13,2.697190970975322032e-13,2.176979622331859176e-13,1.750143851286387429e-13,1.401424950637026593e-13,1.117744805146505963e-13,8.879575228464031856e-14,7.026166512263989322e-14,5.537597690503992025e-14,4.347114504696255465e-14,3.399049387821034118e-14,2.647223356659497655e-14
2.120327254806987304e-13,2.722511887522214987e-13,3.481876714666582039e-13,4.435409380849651072e-13,5.627697532695074968e-13,7.112208843525597757e-13,8.952719340092705406e-13,1.122489158660151984e-12,1.401800002398775859e-12,1.743679548149062655e-12,2.160349451734570142e-12,2.665987178365999879e-12,3.276942506804330970e-12,4.011957311503250053e-12,4.892383590963075091e-12,5.942393601992668144e-12,7.189174812955808529e-12,8.663101240902054535e-12,1.039787163250996564e-11,1.243060393966335621e-11,1.480187468699757350e-11,1.755569119638763378e-11,2.073938429139945833e-11,2.440340912376888425e-11,2.860104221275763641e-11,3.338796373008409152e-11,3.882171555192524163e-11,4.496102767540158184e-11,5.186500828211253104e-11,5.959219602560366877e-11,6.819947699703516133e-11,7.774087322872774473e-11,8.826621444248466339e-11,9.981970992059679858e-11,1.124384427229131332e-10,1.261508138152268925e-10,1.409749688096366844e-10,1.569172447250401678e-10,1.739706782230410176e-10,1.921136199272233236e-10,2.113085014667499463e-10,2.315008025937043477e-10,2.526182649345593919e-10,2.745703965201818961e-10,2.972483071202451966e-10,3.205249085741882087e-10,3.442555068187046859e-10,3.682788032915303533e-10,3.924183130472936662e-10,4.164841955289608221e-10,4.402754818377298789e-10,4.635826699290038314e-10,4.861906468664120068e-10,5.078818855472494883e-10,5.284398526333630232e-10,5.476525552277251736e-10,5.653161465383814657e-10,5.812385057215992894e-10,5.952427045729268131e-10,6.071702739268474798e-10,6.168841856183731089e-10,6.242714716301726952e-10,6.292454104612365283e-10,6.317472215642023000e-10,6.317472215642023000e-10,6.292454104612365283e-10,6.242714716301726952e-10,6.168841856183731089e-10,6.071702739268474798e-10,5.952427045729268131e-10,5.812385057215992894e-10,5.653161465383814657e-10,5.476525552277251736e-10,5.284398526333630232e-10,5.078818855472494883e-10,4.861906468664120068e-10,4.635826699290038314e-10,4.402754818377298789e-10,4.164841955289608221e-10,3.924183130472936662e-10,3.682788032915303533e-10,3.442555068187046859e-10,3.205249085741882087e-10,2.972483071202451966e-10,2.745703965201818961e-10,2.526182649345593919e-10,2.315008025937043477e-10,2.113085014667499463e-10,1.921136199272233236e-10,1.739706782230410176e-10,1.569172447250401678e-10,1.409749688096366844e-10,1.261508138152268925e-10,1.124384427229131332e-10,9.981970992059679858e-11,8.826621444248466339e-11,7.774087322872774473e-11,6.819947699703516133e-11,5.959219602560366877e-11,5.186500828211271199e-11,4.496102767540158184e-11,3.882171555192524163e-11,3.338796373008409152e-11,2.860104221275763641e-11,2.440340912376888425e-11,2.073938429139945833e-11,1.755569119638769194e-11,1.480187468699762843e-11,1.243060393966331097e-11,1.039787163250996564e-11,8.663101240902054535e-12,7.189174812955808529e-12,5.942393601992668144e-12,4.892383590963075091e-12,4.011957311503265401e-12,3.276942506804342683e-12,2.665987178365999879e-12,2.160349451734570142e-12,1.743679548149062655e-12,1.401800002398775859e-12,1.122489158660151984e-12,8.952719340092705406e-13,7.112208843525620981e-13,5.627697532695096173e-13,4.435409380849651577e-13,3.481876714666582039e-13,2.722511887522214987e-13,2.120327254806987304e-13
1.537040343662409205e-12,1.973568277130439468e-12,2.524037254140014171e-12,3.215259881968176046e-12,4.079558063535402459e-12,5.155690896425571154e-12,6.489890077115392005e-12,8.137003937825547284e-12,1.016174815726318189e-11,1.264005735835395575e-11,1.566052719549308191e-11,1.932593112476058500e-11,2.375478985803529983e-11,2.908296457941446029e-11,3.546523744829541036e-11,4.307683487762152672e-11,5.211484076386414093e-11,6.279943852209948835e-11,7.537491276951755389e-11,9.011033418560998338e-11,1.072998448903194840e-10,1.272624570973743560e-10,1.503412753212058517e-10,1.769020525538947170e-10,2.073309940818631846e-10,2.420317294395577802e-10,2.814213837897738245e-10,3.259256950687318156e-10,3.759731426989023862e-10,4.319880775532898098e-10,4.943828709623492325e-10,5.635491324898179189e-10,6.398480813416060409e-10,7.236001937568947811e-10,8.150742874803278673e-10,9.144762431377578978e-10,1.021937599564960227e-09,1.137504294263714186e-09,1.261125849497542669e-09,1.392645327393334919e-09,1.531790392152495823e-09,1.678165822610914124e-09,1.831247812667305328e-09,1.990380379585891821e-09,2.154774170323820282e-09,2.323507913744565537e-09,2.495532712267407359e-09,2.669679301114878178e-09,2.844668328335668835e-09,3.019123626197356893e-09,3.191588356824658224e-09,3.360543824960057969e-09,3.524430661591551790e-09,3.681671997243263425e-09,3.830698166309401278e-09,3.969972417165597097e-09,4.098017049883931020e-09,4.213439366771129602e-09,4.314956802659207381e-09,4.401420603269441371e-09,4.471837441664549513e-09,4.525388404632964713e-09,4.561444841831145407e-09,4.579580648880568846e-09,4.579580648880568846e-09,4.561444841831145407e-09,4.525388404632964713e-09,4.471837441664549513e-09,4.401420603269441371e-09,4.314956802659207381e-09,4.213439366771129602e-09,4.098017049883931020e-09,3.969972417165597097e-09,3.830698166309401278e-09,3.681671997243263425e-09,3.524430661591551790e-09,3.360543824960057969e-09,3.191588356824658224e-09,3.019123626197356893e-09,2.844668328335668835e-09,2.669679301114878178e-09,2.495532712267407359e-09,2.323507913744565537e-09,2.154774170323820282e-09,1.990380379585891821e-09,1.831247812667305328e-09,1.678165822610914124e-09,1.531790392152495823e-09,1.392645327393334919e-09,1.261125849497542669e-09,1.137504294263714186e-09,1.021937599564960021e-09,9.144762431377578978e-10,8.150742874803278673e-10,7.236001937568947811e-10,6.398480813416060409e-10,5.635491324898179189e-10,4.943828709623492325e-10,4.319880775532898098e-10,3.759731426989036786e-10,3.259256950687318156e-10,2.814213837897738245e-10,2.420317294395577802e-10,2.073309940818631846e-10,1.769020525538947170e-10,1.503412753212058517e-10,1.272624570973748212e-10,1.072998448903198718e-10,9.011033418560967318e-11,7.537491276951755389e-11,6.279943852209948835e-11,5.211484076386414093e-11,4.307683487762152672e-11,3.546523744829541036e-11,2.908296457941456369e-11,2.375478985803538708e-11,1.932593112476058500e-11,1.566052719549308191e-11,1.264005735835395575e-11,1.016174815726318189e-11,8.137003937825547284e-12,6.489890077115392005e-12,5.155690896425589733e-12,4.079558063535418615e-12,3.215259881968176450e-12,2.524037254140014171e-12,1.973568277130439468e-12,1.537040343662409205e-12
1.008280556554299168e-11,1.294637794686309286e-11,1.655739029792864419e-11,2.109173019839505186e-11,2.676142556542092182e-11,3.382073156312470343e-11,4.257292273368820217e-11,5.337779774580367814e-11,6.665988391141645593e-11,8.291730350936418265e-11,1.027312337097224240e-10,1.267758564096837773e-10,1.558286536696845815e-10,1.907808590274814966e-10,2.326478254142146441e-10,2.825790176822156749e-10,3.418672832290258840e-10,4.119569996027850443e-10,4.944506454293376150e-10,5.911132930152687677e-10,7.038744803953141347e-10,8.348268905216922679e-10,9.862212490321105034e-10,1.160456852938759481e-09,1.360067163921707128e-09,1.587699944697848159e-09,1.846091487733626659e-09,2.138034584285614524e-09,2.466340009440764517e-09,2.833791455482569685e-09,3.243094030291202502e-09,3.696816646976216690e-09,4.197328861440821148e-09,4.746732960473586707e-09,5.346792357157975816e-09,5.998857604411320875e-09,6.703791581669999979e-09,7.461895633593269501e-09,8.272838632111266059e-09,9.135591083062066021e-09,1.004836649533820304e-08,1.100857226415245609e-08,1.201277228251189140e-08,1.305666338010188842e-08,1.413506749293314012e-08,1.524194118969230342e-08,1.637040382446259939e-08,1.751278515654119495e-08,1.866069278619172066e-08,1.980509921343422331e-08,2.093644775155090339e-08,2.204477593660385672e-08,2.311985448956486131e-08,2.415133933040174919e-08,2.512893363563074358e-08,2.604255649365126596e-08,2.688251436511093852e-08,2.763967131541264206e-08,2.830561386649299109e-08,2.887280632413114082e-08,2.933473257935641254e-08,2.968602065691692339e-08,2.992254668380651222e-08,3.004151546494977137e-08,3.004151546494977137e-08,2.992254668380651222e-08,2.968602065691692339e-08,2.933473257935641254e-08,2.887280632413114082e-08,2.830561386649299109e-08,2.763967131541264206e-08,2.688251436511093852e-08,2.604255649365126596e-08,2.512893363563074358e-08,2.415133933040174919e-08,2.311985448956486131e-08,2.204477593660385672e-08,2.093644775155090339e-08,1.980509921343422331e-08,1.866069278619172066e-08,1.751278515654119495e-08,1.637040382446259939e-08,1.524194118969230342e-08,1.413506749293314012e-08,1.305666338010188842e-08,1.201277228251189140e-08,1.100857226415245609e-08,1.004836649533820304e-08,9.135591083062066021e-09,8.272838632111266059e-09,7.461895633593269501e-09,6.703791581670023968e-09,5.998857604411320875e-09,5.346792357157975816e-09,4.746732960473586707e-09,4.197328861440821148e-09,3.696816646976216690e-09,3.243094030291202502e-09,2.833791455482569685e-09,2.466340009440772789e-09,2.138034584285614524e-09,1.846091487733626659e-09,1.587699944697848159e-09,1.360067163921707128e-09,1.160456852938759481e-09,9.862212490321105034e-10,8.348268905216922679e-10,7.038744803953165128e-10,5.911132930152666998e-10,4.944506454293376150e-10,4.119569996027850443e-10,3.418672832290258840e-10,2.825790176822156749e-10,2.326478254142146441e-10,1.907808590274821429e-10,1.558286536696851761e-10,1.267758564096837773e-10,1.027312337097224240e-10,8.291730350936418265e-11,6.665988391141645593e-11,5.337779774580367814e-11,4.257292273368820217e-11,3.382073156312469697e-11,2.676142556542101553e-11,2.109173019839498077e-11,1.655739029792864419e-11,1.294637794686309286e-11,1.008280556554299168e-11
5.984414200976803070e-11,7.684020834557077301e-11,9.827253038445677276e-11,1.251850478539390264e-10,1.588362030300283395e-10,2.007350681693794663e-10,2.526816586201338034e-10,3.168114755068695714e-10,3.956442017271619445e-10,4.921363259487012876e-10,6.097372897849998667e-10,7.524485427268578943e-10,9.248846483034763954e-10,1.132335315420841326e-09,1.380826934710627585e-09,1.677181886849621979e-09,2.029073566187492591e-09,2.445074738959261760e-09,2.934696543491387610e-09,3.508415154999800438e-09,4.177682896690907889e-09,4.954920400397778553e-09,5.853486323471521069e-09,6.887621134022700616e-09,8.072361603272626482e-09,9.423422909601849900e-09,1.095704567908182963e-08,1.268980587318240168e-08,1.463838619220633816e-08,1.681930859278981305e-08,1.924862861216205631e-08,2.194159343524005962e-08,2.491226700871478524e-08,2.817312696575143807e-08,3.173463963363382235e-08,3.560482090437244794e-08,3.978879219771426479e-08,4.428834207463719729e-08,4.910150520167251253e-08,5.422217125620973741e-08,5.963973693673330481e-08,6.533881444189632152e-08,7.129900955964054615e-08,7.749478182568487786e-08,8.389539804829049874e-08,9.046498884969396006e-08,9.716271576001863535e-08,1.039430538535993982e-07,1.107561919981714388e-07,1.175485495720235122e-07,1.242634050889215113e-07,1.308416286665339867e-07,1.372225068037580260e-07,1.433446446248932329e-07,1.491469277344673560e-07,1.545695232316565269e-07,1.595548973733179646e-07,1.640488259493463904e-07,1.680013727219826636e-07,1.713678113348386412e-07,1.741094669421044121e-07,1.761944554369451541e-07,1.775983005324566396e-07,1.783044119998637256e-07,1.783044119998637256e-07,1.775983005324566396e-07,1.761944554369451541e-07,1.741094669421044121e-07,1.713678113348386412e-07,1.680013727219826636e-07,1.640488259493463904e-07,1.595548973733179646e-07,1.545695232316565269e-07,1.491469277344673560e-07,1.433446446248932329e-07,1.372225068037582907e-07,1.308416286665339867e-07,1.242634050889215113e-07,1.175485495720235122e-07,1.107561919981714388e-07,1.039430538535993982e-07,9.716271576001863535e-08,9.046498884969396006e-08,8.389539804829049874e-08,7.749478182568487786e-08,7.129900955964054615e-08,6.533881444189632152e-08,5.963973693673330481e-08,5.422217125620973741e-08,4.910150520167251253e-08,4.428834207463719729e-08,3.978879219771426479e-08,3.560482090437244794e-08,3.173463963363382235e-08,2.817312696575143807e-08,2.491226700871478524e-08,2.194159343524005962e-08,1.924862861216205631e-08,1.681930859278981305e-08,1.463838619220638614e-08,1.268980587318240168e-08,1.095704567908182963e-08,9.423422909601849900e-09,8.072361603272626482e-09,6.887621134022700616e-09,5.853486323471521069e-09,4.954920400397795924e-09,4.177682896690922778e-09,3.508415154999788857e-09,2.934696543491387610e-09,2.445074738959261760e-09,2.029073566187492591e-09,1.677181886849621979e-09,1.380826934710627585e-09,1.132335315420845462e-09,9.248846483034796008e-10,7.524485427268578943e-10,6.097372897849998667e-10,4.921363259487012876e-10,3.956442017271619445e-10,3.168114755068695714e-10,2.526816586201338034e-10,2.007350681693801642e-10,1.588362030300289081e-10,1.251850478539390264e-10,9.827253038445677276e-11,7.684020834557077301e-11,5.984414200976803070e-11
3.213066072660322574e-10,4.125594555453801565e-10,5.276308133906233155e-10,6.721256526632078571e-10,8.528006216258710186e-10,1.077758015183699192e-09,1.356662218272543007e-09,1.700978858071728608e-09,2.124236255583419237e-09,2.642307966870620649e-09,3.273714240441869675e-09,4.039939086542065633e-09,4.965758359612238572e-09,6.079572808078651170e-09,7.413738466515361142e-09,9.004885085389553510e-09,1.089421155605300853e-08,1.312774554873967216e-08,1.575655290689369493e-08,1.883688081198847114e-08,2.243021743966162242e-08,2.660324986972323939e-08,3.142770149442131301e-08,3.698003019820095228e-08,4.334096926226732513e-08,5.059489437450636980e-08,5.882900238138728247e-08,6.813229056423390895e-08,7.859432929124523583e-08,9.030382588871632497e-08,1.033469834505801525e-07,1.178056649811584588e-07,1.337553806113405746e-07,1.512631234643347982e-07,1.703850878475069661e-07,1.911643115416592198e-07,2.136282917411368177e-07,2.377866313317085000e-07,2.636287783260334103e-07,2.911219260539621140e-07,3.202091447856773200e-07,3.508078165392328950e-07,3.828084436284035673e-07,4.160738978456390959e-07,4.504391709338830558e-07,4.857116781607480848e-07,5.216721554552434897e-07,5.580761768983025583e-07,5.946563036834757442e-07,6.311248584007598180e-07,6.671773001596194105e-07,7.024961572536873006e-07,7.367554554372053381e-07,7.696255621253910368e-07,8.007783506477823675e-07,8.298925747516809083e-07,8.566593324929411549e-07,8.807874909988127165e-07,9.020089397643203166e-07,9.200835404343340316e-07,9.348036455587194691e-07,9.459980675517131134e-07,9.535353918347187927e-07,9.573265445244369225e-07,9.573265445244369225e-07,9.535353918347187927e-07,9.459980675517131134e-07,9.348036455587194691e-07,9.200835404343340316e-07,9.020089397643203166e-07,8.807874909988127165e-07,8.566593324929411549e-07,8.298925747516809083e-07,8.007783506477823675e-07,7.696255621253910368e-07,7.367554554372068204e-07,7.024961572536873006e-07,6.671773001596194105e-07,6.311248584007598180e-07,5.946563036834757442e-07,5.580761768983025583e-07,5.216721554552434897e-07,4.857116781607480848e-07,4.504391709338830558e-07,4.160738978456390959e-07,3.828084436284035673e-07,3.508078165392328950e-07,3.202091447856773200e-07,2.911219260539621140e-07,2.636287783260334103e-07,2.377866313317085000e-07,2.136282917411367913e-07,1.911643115416588757e-07,1.703850878475069661e-07,1.512631234643347982e-07,1.337553806113405746e-07,1.178056649811584588e-07,1.033469834505801525e-07,9.030382588871651026e-08,7.859432929124523583e-08,6.813229056423416041e-08,5.882900238138728247e-08,5.059489437450636980e-08,4.334096926226732513e-08,3.698003019820095228e-08,3.142770149442131301e-08,2.660324986972323939e-08,2.243021743966161911e-08,1.883688081198847445e-08,1.575655290689369493e-08,1.312774554873967216e-08,1.089421155605300853e-08,9.004885085389553510e-09,7.413738466515361142e-09,6.079572808078650343e-09,4.965758359612237744e-09,4.039939086542065633e-09,3.273714240441869675e-09,2.642307966870620649e-09,2.124236255583419237e-09,1.700978858071728608e-09,1.356662218272543007e-09,1.077758015183699192e-09,8.528006216258709152e-10,6.721256526632078571e-10,5.276308133906233155e-10,4.125594555453801565e-10,3.213066072660322574e-10
1.560155501636200609e-09,2.003248267435204534e-09,2.561995607088758648e-09,3.263613355840838417e-09,4.140909497471862840e-09,5.233226017755556441e-09,6.587489879868528585e-09,8.259374266120268552e-09,1.031456809781555300e-08,1.283014795932014150e-08,1.589604187249507399e-08,1.961656887723169097e-08,2.411203208818675219e-08,2.952033587117737646e-08,3.599859011504585979e-08,4.372465641809883003e-08,5.289858257129474695e-08,6.374386327196966411e-08,7.650845687140929719e-08,9.146548053447448059e-08,1.089134999094802271e-07,1.291763247535279500e-07,1.526022194423927146e-07,1.795624374341821541e-07,2.104489920581861125e-07,2.456715829305433783e-07,2.856536082530585365e-07,3.308272085262642586e-07,3.816273069654571843e-07,4.384846361482618695e-07,5.018177689524706353e-07,5.720242042582365357e-07,6.494705935550439998e-07,7.344822326425499227e-07,8.273319819469471242e-07,9.282288182803475715e-07,1.037306258657549606e-06,1.154610931422710816e-06,1.280091599717545062e-06,1.413588965520266269e-06,1.554826597443619263e-06,1.703403330693127778e-06,1.858787481781066979e-06,2.020313202814485056e-06,2.187179269871309835e-06,2.358450557053189918e-06,2.533062392676035941e-06,2.709827927687414310e-06,2.887448570288096537e-06,3.064527456909880372e-06,3.239585840663975744e-06,3.411082187021985708e-06,3.577433676018775776e-06,3.737039724040320107e-06,3.888307059679876064e-06,4.029675820497041151e-06,4.159646083811343571e-06,4.276804207503824497e-06,4.379848338235889981e-06,4.467612445905954620e-06,4.539088265186130807e-06,4.593444567437786782e-06,4.630043248205065727e-06,4.648451795034325365e-06,4.648451795034325365e-06,4.630043248205065727e-06,4.593444567437786782e-06,4.539088265186130807e-06,4.467612445905954620e-06,4.379848338235889981e-06,4.276804207503824497e-06,4.159646083811343571e-06,4.029675820497041151e-06,3.888307059679876064e-06,3.737039724040320107e-06,3.577433676018781705e-06,3.411082187021985708e-06,3.239585840663975744e-06,3.064527456909880372e-06,2.887448570288096537e-06,2.709827927687414310e-06,2.533062392676035941e-06,2.358450557053189918e-06,2.187179269871309835e-06,2.020313202814485056e-06,1.858787481781066979e-06,1.703403330693127778e-06,1.554826597443619263e-06,1.413588965520266269e-06,1.280091599717545062e-06,1.154610931422710816e-06,1.037306258657549606e-06,9.282288182803456657e-07,8.273319819469471242e-07,7.344822326425499227e-07,6.494705935550439998e-07,5.720242042582365357e-07,5.018177689524706353e-07,4.384846361482627165e-07,3.816273069654571314e-07,3.308272085262642586e-07,2.856536082530585365e-07,2.456715829305433783e-07,2.104489920581861125e-07,1.795624374341821541e-07,1.526022194423927146e-07,1.291763247535281618e-07,1.089134999094803992e-07,9.146548053447432177e-08,7.650845687140929719e-08,6.374386327196966411e-08,5.289858257129474695e-08,4.372465641809883003e-08,3.599859011504585979e-08,2.952033587117748564e-08,2.411203208818683491e-08,1.961656887723169097e-08,1.589604187249507399e-08,1.283014795932014150e-08,1.031456809781555300e-08,8.259374266120268552e-09,6.587489879868528585e-09,5.233226017755556441e-09,4.140909497471876902e-09,3.263613355840826009e-09,2.561995607088758648e-09,2.003248267435204534e-09,1.560155501636200609e-09
6.849073203303856140e-09,8.794247761627760186e-09,1.124714519872616967e-08,1.432724286649107669e-08,1.817856761502125714e-08,2.297383052359354193e-08,2.891904067634649624e-08,3.625860300644100046e-08,4.528089148056890250e-08,5.632427183729172326e-08,6.978352754794136798e-08,8.611661856584678816e-08,1.058516748357510730e-07,1.295940956883909450e-07,1.580335925842683979e-07,1.919509768627546878e-07,2.322244571145927768e-07,2.798351737075226070e-07,3.358716623019601481e-07,4.015329055975454534e-07,4.781296049821594252e-07,5.670832833283646741e-07,6.699228191365929712e-07,7.882780128394919222e-07,9.238698005784649413e-07,1.078496761187070964e-06,1.254017610206971986e-06,1.452329441818303091e-06,1.675341566302165539e-06,1.924944897065652365e-06,2.202976966507244413e-06,2.511182792303400883e-06,2.851171972272392971e-06,3.224372553004599240e-06,3.631982390118462623e-06,4.074918890553512592e-06,4.553768193196086912e-06,5.068734996194638600e-06,5.619594370051599619e-06,6.205646997416096939e-06,6.825679346172253436e-06,7.477930305301918264e-06,8.160065787514053816e-06,8.869162724591220129e-06,9.601703748368028564e-06,1.035358366181418944e-05,1.112012856268459205e-05,1.189612819082705260e-05,1.267588173610770773e-05,1.345325697592207149e-05,1.422176222038420112e-05,1.497463014225053289e-05,1.570491217146025693e-05,1.640558175564155386e-05,1.706964444296824005e-05,1.769025244677407157e-05,1.826082111557584029e-05,1.877514456903288799e-05,1.922750767887326920e-05,1.961279158001293422e-05,1.992656999376890160e-05,2.016519383145178517e-05,2.032586181836499312e-05,2.040667522745646164e-05,2.040667522745646164e-05,2.032586181836499312e-05,2.016519383145178517e-05,1.992656999376890160e-05,1.961279158001293422e-05,1.922750767887326920e-05,1.877514456903288799e-05,1.826082111557584029e-05,1.769025244677407157e-05,1.706964444296824005e-05,1.640558175564155386e-05,1.570491217146028742e-05,1.497463014225053289e-05,1.422176222038420112e-05,1.345325697592207149e-05,1.267588173610770773e-05,1.189612819082705260e-05,1.112012856268459205e-05,1.035358366181418944e-05,9.601703748368028564e-06,8.869162724591220129e-06,8.160065787514053816e-06,7.477930305301918264e-06,6.825679346172253436e-06,6.205646997416096939e-06,5.619594370051599619e-06,5.068734996194638600e-06,4.553768193196086912e-06,4.074918890553505815e-06,3.631982390118462623e-06,3.224372553004599240e-06,2.851171972272392971e-06,2.511182792303400883e-06,2.202976966507244413e-06,1.924944897065656177e-06,1.675341566302165539e-06,1.452329441818302879e-06,1.254017610206971986e-06,1.078496761187070964e-06,9.238698005784649413e-07,7.882780128394919222e-07,6.699228191365929712e-07,5.670832833283646741e-07,4.781296049821594252e-07,4.015329055975454534e-07,3.358716623019601481e-07,2.798351737075226070e-07,2.322244571145927768e-07,1.919509768627546878e-07,1.580335925842683979e-07,1.295940956883909450e-07,1.058516748357510730e-07,8.611661856584694698e-08,6.978352754794136798e-08,5.632427183729172326e-08,4.528089148056890250e-08,3.625860300644100046e-08,2.891904067634649624e-08,2.297383052359362465e-08,1.817856761502125714e-08,1.432724286649102375e-08,1.124714519872616967e-08,8.794247761627760186e-09,6.849073203303856140e-09
2.717328617145557510e-08,3.489064928874159567e-08,4.462237240353506593e-08,5.684247472655227051e-08,7.212237412674221057e-08,9.114729142783720090e-08,1.147345552859995647e-07,1.438538275800509880e-07,1.796492146859498907e-07,2.234631623290711611e-07,2.768619501977511029e-07,3.416625068745117961e-07,4.199601561642279292e-07,5.141567835153127394e-07,6.269887776822206004e-07,7.615539607119394558e-07,9.213365723908114422e-07,1.110229228142201706e-06,1.332550627756624782e-06,1.593057663012701145e-06,1.896950462868166086e-06,2.249868833858714555e-06,2.657878509519452556e-06,3.127445625084160057e-06,3.665397891232090163e-06,4.278871061355771384e-06,4.975239477621772346e-06,5.762029747137479875e-06,6.646816943656425744e-06,7.637103152440549996e-06,8.740178672809328450e-06,9.962966757484625405e-06,1.131185338904222318e-05,1.279250425647604618e-05,1.440967177993783370e-05,1.616699571630614364e-05,1.806680153637416159e-05,2.010990136773953507e-05,2.229540281614330111e-05,2.462053138203846686e-05,2.708047244971217987e-05,2.966823891707701775e-05,3.237457043312984148e-05,3.518786990045130118e-05,3.809418237230752745e-05,4.107722072628309655e-05,4.411844153621306862e-05,4.719717340818173037e-05,5.029079872071269872e-05,5.337498824928860338e-05,5.642398660456392722e-05,5.941094482254799389e-05,6.230829486926886789e-05,6.508815932062393835e-05,6.772278810949561908e-05,7.018501305397083397e-05,7.244870994515577247e-05,7.448925732589304065e-05,7.628398076835424084e-05,7.781257148306186153e-05,7.905746847544663962e-05,8.000419420551478991e-05,8.064163478431868564e-05,8.096225712642975527e-05,8.096225712642975527e-05,8.064163478431868564e-05,8.000419420551478991e-05,7.905746847544663962e-05,7.781257148306186153e-05,7.628398076835424084e-05,7.448925732589304065e-05,7.244870994515577247e-05,7.018501305397083397e-05,6.772278810949561908e-05,6.508815932062393835e-05,6.230829486926897632e-05,5.941094482254799389e-05,5.642398660456392722e-05,5.337498824928860338e-05,5.029079872071269872e-05,4.719717340818173037e-05,4.411844153621306862e-05,4.107722072628309655e-05,3.809418237230752745e-05,3.518786990045130118e-05,3.237457043312984148e-05,2.966823891707701775e-05,2.708047244971217987e-05,2.462053138203846686e-05,2.229540281614330111e-05,2.010990136773953507e-05,1.806680153637416159e-05,1.616699571630611314e-05,1.440967177993783370e-05,1.279250425647604618e-05,1.131185338904222318e-05,9.962966757484625405e-06,8.740178672809328450e-06,7.637103152440561854e-06,6.646816943656425744e-06,5.762029747137479875e-06,4.975239477621772346e-06,4.278871061355771384e-06,3.665397891232090163e-06,3.127445625084160057e-06,2.657878509519452556e-06,2.249868833858718366e-06,1.896950462868169686e-06,1.593057663012698392e-06,1.332550627756624782e-06,1.110229228142201706e-06,9.213365723908114422e-07,7.615539607119394558e-07,6.269887776822206004e-07,5.141567835153145393e-07,4.199601561642294644e-07,3.416625068745117961e-07,2.768619501977511029e-07,2.234631623290711611e-07,1.796492146859498907e-07,1.438538275800509880e-07,1.147345552859995647e-07,9.114729142783737295e-08,7.212237412674246203e-08,5.684247472655228374e-08,4.462237240353506593e-08,3.489064928874159567e-08,2.717328617145557510e-08
9.738330080586572549e-08,1.250406952460059956e-07,1.599171291623008631e-07,2.037113869819872797e-07,2.584713092888870930e-07,3.266525823468890285e-07,4.111843389034324439e-07,5.155416417032055283e-07,6.438247256114724408e-07,8.008446317023509653e-07,9.922145745525745802e-07,1.224446041274087283e-06,1.505048228475956308e-06,1.842628984750653353e-06,2.246994947672869663e-06,2.729248055165817707e-06,3.301875084465483917e-06,3.978826344574010280e-06,4.775579140596720942e-06,5.709181164890549451e-06,6.798268577959828546e-06,8.063053251599765258e-06,9.525273489736118176e-06,1.120810255115512216e-05,1.313600950443749406e-05,1.533456737798757883e-05,1.783020425182923959e-05,2.064989389127601694e-05,2.382078375583329355e-05,2.736975972971561580e-05,3.132294870118801160e-05,3.570516214127054120e-05,4.053928605860414455e-05,4.584562508223098378e-05,5.164121087914455940e-05,5.793908756689212115e-05,6.474758914013071826e-05,7.206962609211598131e-05,7.990200027088311015e-05,8.823476845785104569e-05,9.705067609031165236e-05,1.063246828746454415e-04,1.160236016747211103e-04,1.261058709503062056e-04,1.365214791287502547e-04,1.472120566138463685e-04,1.581111476947616716e-04,1.691446704750677237e-04,1.802315681910793808e-04,1.912846500564267175e-04,2.022116142121374962e-04,2.129162396593920284e-04,2.232997284048975062e-04,2.332621736666789960e-04,2.427041250832135614e-04,2.515282176462774601e-04,2.596408277257724185e-04,2.669537172354598839e-04,2.733856258297217711e-04,2.788637711096183950e-04,2.833252181910197922e-04,2.867180826377468397e-04,2.890025346263595763e-04,2.901515771746132730e-04,2.901515771746132730e-04,2.890025346263595763e-04,2.867180826377468397e-04,2.833252181910197922e-04,2.788637711096183950e-04,2.733856258297217711e-04,2.669537172354598839e-04,2.596408277257724185e-04,2.515282176462774601e-04,2.427041250832135614e-04,2.332621736666789960e-04,2.232997284048979399e-04,2.129162396593920284e-04,2.022116142121374962e-04,1.912846500564267175e-04,1.802315681910793808e-04,1.691446704750677237e-04,1.581111476947616716e-04,1.472120566138463685e-04,1.365214791287502547e-04,1.261058709503062056e-04,1.160236016747211103e-04,1.063246828746454415e-04,9.705067609031165236e-05,8.823476845785104569e-05,7.990200027088311015e-05,7.206962609211598131e-05,6.474758914013071826e-05,5.793908756689201273e-05,5.164121087914455940e-05,4.584562508223098378e-05,4.053928605860414455e-05,3.570516214127054120e-05,3.132294870118801160e-05,2.736975972971567001e-05,2.382078375583329355e-05,2.064989389127601694e-05,1.783020425182923959e-05,1.533456737798757883e-05,1.313600950443749406e-05,1.120810255115512216e-05,9.525273489736118176e-06,8.063053251599765258e-06,6.798268577959828546e-06,5.709181164890549451e-06,4.775579140596720942e-06,3.978826344574010280e-06,3.301875084465483917e-06,2.729248055165817707e-06,2.246994947672869663e-06,1.842628984750653353e-06,1.505048228475956308e-06,1.224446041274089612e-06,9.922145745525745802e-07,8.008446317023509653e-07,6.438247256114724408e-07,5.155416417032055283e-07,4.111843389034324439e-07,3.266525823468896108e-07,2.584713092888870930e-07,2.037113869819868826e-07,1.599171291623008631e-07,1.250406952460059956e-07,9.738330080586572549e-08
3.150537692289711829e-07,4.045307770250938237e-07,5.173627705154180244e-07,6.590456451202032331e-07,8.362045602802775455e-07,1.056784134909558410e-06,1.330260678652678775e-06,1.667876690038250830e-06,2.082897220038412174e-06,2.590886914868416939e-06,3.210005606812207166e-06,3.961319213136156955e-06,4.869121433848277905e-06,5.961260320119256364e-06,7.269462236796064690e-06,8.829644095294794250e-06,1.068220302942760410e-05,1.287227098067379243e-05,1.544992001755627297e-05,1.847030271437949395e-05,2.199371064641618528e-05,2.608553311901503730e-05,3.081609774000802678e-05,3.626037447309005758e-05,4.249752547668149199e-05,4.961028443225249149e-05,5.768415127825347926e-05,6.680639135034265931e-05,7.706483191840500654e-05,8.854645400578603888e-05,1.013357831374777908e-04,1.155130892098623334e-04,1.311524128769867709e-04,1.483194435317922134e-04,1.670692819034397421e-04,1.874441282291928784e-04,2.094709445898988785e-04,2.331591469928495956e-04,2.584983887993219111e-04,2.854565017785583325e-04,3.139776640907508210e-04,3.439808655542549751e-04,3.753587393798819252e-04,4.079768259652489398e-04,4.416733282225763536e-04,4.762594092451148285e-04,5.115200719849989164e-04,5.472156472124074583e-04,5.830839006560722656e-04,6.188427532977184556e-04,6.541935908129658953e-04,6.888251197037871445e-04,7.224177093977805818e-04,7.546481421772004757e-04,7.851946769325396629e-04,8.137423190746014869e-04,8.399881780943636465e-04,8.636467867563866335e-04,8.844552521625660300e-04,9.021781092082101911e-04,9.166117513992173794e-04,9.275883225729061269e-04,9.349789655648687746e-04,9.386963399281947904e-04,9.386963399281947904e-04,9.349789655648687746e-04,9.275883225729061269e-04,9.166117513992173794e-04,9.021781092082101911e-04,8.844552521625660300e-04,8.636467867563866335e-04,8.399881780943636465e-04,8.137423190746014869e-04,7.851946769325396629e-04,7.546481421772004757e-04,7.224177093977804734e-04,6.888251197037871445e-04,6.541935908129658953e-04,6.188427532977184556e-04,5.830839006560722656e-04,5.472156472124074583e-04,5.115200719849989164e-04,4.762594092451152622e-04,4.416733282225767873e-04,4.079768259652493193e-04,3.753587393798819252e-04,3.439808655542549751e-04,3.139776640907508210e-04,2.854565017785583325e-04,2.584983887993219111e-04,2.331591469928497582e-04,2.094709445898988785e-04,1.874441282291929055e-04,1.670692819034397421e-04,1.483194435317922134e-04,1.311524128769867709e-04,1.155130892098623334e-04,1.013357831374777908e-04,8.854645400578602533e-05,7.706483191840515562e-05,6.680639135034278128e-05,5.768415127825347926e-05,4.961028443225249149e-05,4.249752547668149199e-05,3.626037447309005758e-05,3.081609774000802678e-05,2.608553311901503391e-05,2.199371064641621916e-05,1.847030271437946345e-05,1.544992001755627297e-05,1.287227098067379243e-05,1.068220302942760410e-05,8.829644095294794250e-06,7.269462236796064690e-06,5.961260320119268222e-06,4.869121433848286375e-06,3.961319213136163731e-06,3.210005606812207166e-06,2.590886914868416939e-06,2.082897220038412174e-06,1.667876690038250830e-06,1.330260678652678775e-06,1.056784134909562433e-06,8.362045602802789219e-07,6.590456451202032331e-07,5.173627705154180244e-07,4.045307770250938237e-07,3.150537692289711829e-07
9.193662648065939598e-07,1.180471353772554524e-06,1.509729209216558474e-06,1.923177540691032682e-06,2.440149391262781659e-06,3.083828151608498480e-06,3.881866877342965406e-06,4.867072583931007501e-06,6.078154347587033836e-06,7.560531750780966972e-06,9.367197453201535232e-06,1.155962443363362410e-05,1.420870474421600300e-05,1.739570247789889480e-05,2.121319913153799886e-05,2.576600474048953605e-05,3.117200318886852726e-05,3.756289512118026592e-05,4.508479708991581776e-05,5.389865119824969992e-05,6.418039579630358091e-05,7.612084504752606438e-05,8.992522369905631217e-05,1.058123034725072650e-04,1.240130894375185281e-04,1.447690088142533323e-04,1.683295611063893730e-04,1.949493974672439930e-04,2.248848088444225211e-04,2.583896167323889359e-04,2.957104771745954364e-04,3.370816277584672048e-04,3.827191283639459979e-04,4.328146688475713018e-04,4.875290400219113498e-04,5.469853874522526225e-04,6.112623898594365121e-04,6.803875243292789587e-04,7.543305980771656963e-04,8.329977401863029093e-04,9.162260555531510746e-04,1.003779146345391100e-03,1.095343702856611812e-03,1.190527355166235649e-03,1.288857959155458640e-03,1.389784465135078702e-03,1.492679484855386103e-03,1.596843633556920602e-03,1.701511678869758321e-03,1.805860478972596238e-03,1.909018639954818044e-03,2.010077768492830440e-03,2.108105142638295147e-03,2.202157572704541502e-03,2.291296177932244851e-03,2.374601764751325256e-03,2.451190460810068715e-03,2.520229237046124181e-03,2.580950939134167392e-03,2.632668450477169790e-03,2.674787621884566063e-03,2.706818628099901241e-03,2.728385447816638210e-03,2.739233210697440170e-03,2.739233210697440170e-03,2.728385447816638210e-03,2.706818628099901241e-03,2.674787621884566063e-03,2.632668450477169790e-03,2.580950939134167392e-03,2.520229237046124181e-03,2.451190460810068715e-03,2.374601764751325256e-03,2.291296177932244851e-03,2.202157572704541502e-03,2.108105142638294714e-03,2.010077768492830440e-03,1.909018639954818044e-03,1.805860478972596238e-03,1.701511678869758321e-03,1.596843633556920602e-03,1.492679484855386103e-03,1.389784465135080003e-03,1.288857959155459941e-03,1.190527355166236950e-03,1.095343702856611812e-03,1.003779146345391100e-03,9.162260555531510746e-04,8.329977401863029093e-04,7.543305980771656963e-04,6.803875243292795008e-04,6.112623898594370542e-04,5.469853874522521888e-04,4.875290400219113498e-04,4.328146688475713018e-04,3.827191283639459979e-04,3.370816277584672048e-04,2.957104771745954364e-04,2.583896167323888817e-04,2.248848088444229548e-04,1.949493974672443454e-04,1.683295611063893730e-04,1.447690088142533323e-04,1.240130894375185281e-04,1.058123034725072650e-04,8.992522369905631217e-05,7.612084504752606438e-05,6.418039579630371643e-05,5.389865119824959827e-05,4.508479708991581776e-05,3.756289512118026592e-05,3.117200318886852726e-05,2.576600474048953605e-05,2.121319913153799886e-05,1.739570247789892868e-05,1.420870474421603349e-05,1.155962443363364274e-05,9.367197453201535232e-06,7.560531750780966972e-06,6.078154347587033836e-06,4.867072583931007501e-06,3.881866877342965406e-06,3.083828151608509068e-06,2.440149391262786741e-06,1.923177540691033106e-06,1.509729209216558474e-06,1.180471353772554524e-06,9.193662648065939598e-07
2.417310014963752641e-06,3.103839389247676549e-06,3.969564336897039533e-06,5.056653161668687657e-06,6.415938660472939900e-06,8.108377434186790498e-06,1.020667827237630540e-05,1.279710138501435646e-05,1.598142540069002758e-05,1.987907303022371132e-05,2.462937904354202775e-05,3.039397570077321934e-05,3.735926103953994510e-05,4.573890453333195172e-05,5.577633275555817719e-05,6.774712504585060050e-05,8.196123610298637456e-05,9.876494933884035952e-05,1.185424522303839636e-04,1.417169134022727727e-04,1.687509314423013898e-04,2.001462182426263679e-04,2.364423757612141741e-04,2.782146253150631740e-04,3.260703536331882439e-04,3.806443506350425088e-04,4.425926308733202797e-04,5.125847542468346500e-04,5.912945922017181317e-04,6.793895231964462060e-04,7.775180854109723944e-04,8.862961649046823161e-04,1.006291852689404631e-03,1.138009163136470200e-03,1.281870867078804647e-03,1.438200753869640913e-03,1.607205695206510203e-03,1.788957937197701697e-03,1.983378093288127707e-03,2.190219346604072026e-03,2.409053393453907017e-03,2.639258667798659481e-03,2.880011377510986910e-03,3.130279855697191624e-03,3.388822683403174864e-03,3.654190973516753191e-03,3.924735120263444545e-03,4.198616215856354993e-03,4.473822217932830331e-03,4.748188821531348566e-03,5.019424851406800725e-03,5.285141848940793675e-03,5.542887387724815609e-03,5.790181518294904538e-03,6.024555620744873920e-03,6.243592839129821249e-03,6.444969188363999790e-03,6.626494366744749287e-03,6.786151278469642993e-03,6.922133272702093998e-03,7.032878139859573795e-03,7.117097971582444886e-03,7.173804086748801490e-03,7.202326349154451225e-03,7.202326349154451225e-03,7.173804086748801490e-03,7.117097971582444886e-03,7.032878139859573795e-03,6.922133272702093998e-03,6.786151278469642993e-03,6.626494366744749287e-03,6.444969188363999790e-03,6.243592839129821249e-03,6.024555620744873920e-03,5.790181518294904538e-03,5.542887387724815609e-03,5.285141848940793675e-03,5.019424851406800725e-03,4.748188821531348566e-03,4.473822217932830331e-03,4.198616215856354993e-03,3.924735120263444545e-03,3.654190973516756660e-03,3.388822683403177466e-03,3.130279855697194226e-03,2.880011377510986910e-03,2.639258667798659481e-03,2.409053393453907017e-03,2.190219346604072026e-03,1.983378093288127707e-03,1.788957937197703648e-03,1.607205695206511721e-03,1.438200753869639612e-03,1.281870867078804647e-03,1.138009163136470200e-03,1.006291852689404631e-03,8.862961649046823161e-04,7.775180854109723944e-04,6.793895231964462060e-04,5.912945922017193243e-04,5.125847542468355174e-04,4.425926308733202797e-04,3.806443506350425088e-04,3.260703536331882439e-04,2.782146253150631740e-04,2.364423757612141741e-04,2.001462182426263679e-04,1.687509314423016880e-04,1.417169134022725559e-04,1.185424522303839636e-04,9.876494933884035952e-05,8.196123610298637456e-05,6.774712504585060050e-05,5.577633275555817719e-05,4.573890453333202626e-05,3.735926103954000609e-05,3.039397570077327355e-05,2.462937904354202775e-05,1.987907303022371132e-05,1.598142540069002758e-05,1.279710138501435646e-05,1.020667827237630540e-05,8.108377434186815909e-06,6.415938660472950912e-06,5.056653161668687657e-06,3.969564336897039533e-06,3.103839389247676549e-06,2.417310014963752641e-06
5.718714021312374655e-06,7.342860338688696599e-06,9.390935830071884201e-06,1.196269951207807502e-05,1.517840829285480980e-05,1.918226931421216353e-05,2.414629227775656495e-05,3.027454594967826938e-05,3.780781155653898393e-05,4.702861154130364444e-05,5.826657499478110516e-05,7.190408095258141131e-05,8.838209770784829057e-05,1.082061105340501072e-04,1.319520021065143035e-04,1.602717200131728603e-04,1.938985348196103843e-04,2.336516611861643616e-04,2.804399847327047239e-04,3.352646101302162005e-04,3.992199228790622610e-04,4.734928401783491470e-04,5.593599170681217954e-04,6.581819745396955568e-04,7.713959284135762928e-04,9.005035231869524008e-04,1.047056715206942266e-03,1.212639505515097178e-03,1.398846095129779952e-03,1.607255324383580902e-03,1.839401462509705721e-03,2.096741532488871629e-03,2.380619486902510115e-03,2.692227690004453042e-03,3.032566305396017497e-03,3.402401332763964163e-03,3.802222175647752053e-03,4.232199749167868223e-03,4.692146245801538315e-03,5.181477762322580366e-03,5.699181045854232949e-03,6.243785636091341885e-03,6.813342659467794618e-03,7.405411465883349892e-03,8.017055187524128532e-03,8.644846141969400946e-03,9.284881799707531136e-03,9.932811792900012732e-03,1.058387616324627314e-02,1.123295473954224674e-02,1.187462720916014278e-02,1.250324311282670353e-02,1.311300066045222035e-02,1.369803294970147779e-02,1.425249988096650815e-02,1.477068381443522906e-02,1.524708681810353975e-02,1.567652721937649526e-02,1.605423310485610058e-02,1.637593041808830044e-02,1.663792338575957597e-02,1.683716515845930239e-02,1.697131677901627875e-02,1.703879288300337233e-02,1.703879288300337233e-02,1.697131677901627875e-02,1.683716515845930239e-02,1.663792338575958291e-02,1.637593041808830044e-02,1.605423310485610058e-02,1.567652721937649526e-02,1.524708681810353975e-02,1.477068381443522906e-02,1.425249988096650815e-02,1.369803294970148820e-02,1.311300066045222035e-02,1.250324311282670353e-02,1.187462720916014278e-02,1.123295473954224674e-02,1.058387616324627314e-02,9.932811792900012732e-03,9.284881799707531136e-03,8.644846141969407885e-03,8.017055187524135471e-03,7.405411465883355963e-03,6.813342659467794618e-03,6.243785636091341885e-03,5.699181045854232949e-03,5.181477762322580366e-03,4.692146245801538315e-03,4.232199749167867356e-03,3.802222175647754655e-03,3.402401332763961127e-03,3.032566305396017497e-03,2.692227690004453042e-03,2.380619486902510115e-03,2.096741532488871629e-03,1.839401462509705721e-03,1.607255324383584372e-03,1.398846095129779518e-03,1.212639505515096744e-03,1.047056715206942266e-03,9.005035231869524008e-04,7.713959284135762928e-04,6.581819745396955568e-04,5.593599170681217954e-04,4.734928401783497975e-04,3.992199228790624778e-04,3.352646101302160378e-04,2.804399847327047239e-04,2.336516611861643616e-04,1.938985348196103843e-04,1.602717200131728603e-04,1.319520021065143035e-04,1.082061105340500665e-04,8.838209770784826347e-05,7.190408095258153328e-05,5.826657499478110516e-05,4.702861154130364444e-05,3.780781155653898393e-05,3.027454594967826938e-05,2.414629227775656495e-05,1.918226931421219064e-05,1.517840829285480471e-05,1.196269951207805130e-05,9.390935830071884201e-06,7.342860338688696599e-06,5.718714021312374655e-06
1.214916388094290429e-05,1.559959341857986028e-05,1.995064239438562476e-05,2.541424458174944666e-05,3.224588064983135890e-05,4.075191251708448119e-05,5.129776745372008806e-05,6.431698084447496158e-05,8.032108212936809070e-05,9.991027818127937339e-05,1.237848519360643031e-04,1.527571513361012853e-04,1.877639947009870219e-04,2.298792639216305886e-04,2.803263971648426930e-04,3.404904292580420767e-04,4.119291622240551045e-04,4.963829826471756164e-04,5.957827792383416001e-04,7.122553561469554227e-04,8.481256886634901951e-04,1.005915331723431731e-03,1.188336272029863819e-03,1.398279515703127439e-03,1.638797729080695119e-03,1.913081304256946964e-03,2.224427306258556451e-03,2.576200877697944550e-03,2.971788830602976536e-03,3.414545343880135038e-03,3.907729907037403062e-03,4.454437903216012726e-03,5.057524502319400359e-03,5.719522831318353887e-03,6.442557695099913190e-03,7.228256427308079289e-03,8.077658744876170874e-03,8.991127749683523393e-03,9.968264452663059064e-03,1.100782837632996967e-02,1.210766690819012337e-02,1.326465611808001419e-02,1.447465570728041079e-02,1.573248061881290377e-02,1.703189160234348451e-02,1.836560669285239311e-02,1.972533513294025265e-02,2.110183475179461948e-02,2.248499322114651255e-02,2.386393295578626006e-02,2.522713873285850270e-02,2.656260639278170896e-02,2.785801028011304983e-02,2.910088641122290237e-02,3.027882774373186897e-02,3.137968739587064515e-02,3.239178524573156637e-02,3.330411305102470160e-02,3.410653308538678236e-02,3.478996529828490974e-02,3.534655817703886982e-02,3.576983882010606464e-02,3.605483821279589080e-02,3.619818831604140752e-02,3.619818831604140752e-02,3.605483821279589080e-02,3.576983882010606464e-02,3.534655817703888370e-02,3.478996529828490974e-02,3.410653308538678236e-02,3.330411305102470160e-02,3.239178524573156637e-02,3.137968739587064515e-02,3.027882774373186897e-02,2.910088641122291625e-02,2.785801028011304983e-02,2.656260639278170896e-02,2.522713873285850270e-02,2.386393295578626006e-02,2.248499322114651255e-02,2.110183475179461948e-02,1.972533513294025265e-02,1.836560669285241393e-02,1.703189160234350186e-02,1.573248061881291071e-02,1.447465570728041079e-02,1.326465611808001419e-02,1.210766690819012337e-02,1.100782837632996967e-02,9.968264452663059064e-03,8.991127749683532067e-03,8.077658744876177813e-03,7.228256427308074085e-03,6.442557695099913190e-03,5.719522831318353887e-03,5.057524502319400359e-03,4.454437903216012726e-03,3.907729907037403062e-03,3.414545343880135038e-03,2.971788830602981740e-03,2.576200877697949320e-03,2.224427306258556451e-03,1.913081304256946964e-03,1.638797729080695119e-03,1.398279515703127439e-03,1.188336272029863819e-03,1.005915331723432815e-03,8.481256886634918214e-04,7.122553561469539048e-04,5.957827792383416001e-04,4.963829826471756164e-04,4.119291622240551045e-04,3.404904292580420767e-04,2.803263971648426930e-04,2.298792639216310223e-04,1.877639947009874556e-04,1.527571513361012040e-04,1.237848519360643031e-04,9.991027818127937339e-05,8.032108212936809070e-05,6.431698084447496158e-05,5.129776745372008806e-05,4.075191251708445408e-05,3.224588064983141311e-05,2.541424458174933824e-05,1.995064239438562476e-05,1.559959341857986028e-05,1.214916388094290429e-05
2.311542552806964735e-05,2.968033384593398097e-05,3.795879231063408474e-05,4.835403355642135912e-05,6.135214406955120210e-05,7.753601878666605452e-05,9.760093245533453120e-05,1.223717447118145385e-04,1.528217094188438253e-04,1.900928012347167801e-04,2.355174030469288143e-04,2.906411165568755992e-04,3.572463651734587202e-04,4.373763542660772568e-04,5.333588402227629460e-04,6.478290389086336330e-04,7.837508791173911299e-04,9.444356814364868614e-04,1.133557222484465844e-03,1.355162034467993814e-03,1.613673696960794346e-03,1.913889808867392335e-03,2.260970291255820844e-03,2.660415673819391518e-03,3.118034066653352539e-03,3.639895621711020102e-03,4.232273450609965945e-03,4.901570191771319369e-03,5.654229712606433263e-03,6.496633791604791187e-03,7.434984047883549940e-03,8.475169866027771476e-03,9.622623592486948679e-03,1.088216484352604041e-02,1.225783634748500543e-02,1.375273432645991722e-02,1.536883698237298534e-02,1.710683516560150205e-02,1.896596974554544401e-02,2.094388054621243792e-02,2.303647193153349551e-02,2.523780020235720165e-02,2.753998788105249326e-02,2.993316969626260565e-02,3.240547463135956541e-02,3.494304776416422287e-02,3.753011480871623617e-02,4.014909128650944597e-02,4.278073712692598979e-02,4.540435625463895564e-02,4.799803940256124057e-02,5.053894703543320571e-02,5.300362792868786033e-02,5.536836766969591150e-02,5.760956018424882863e-02,5.970409438884427544e-02,6.162974727367175054e-02,6.336557417065852293e-02,6.489228668588127580e-02,6.619260879656665986e-02,6.725160193917067986e-02,6.805695054407680245e-02,6.859920038956621169e-02,6.887194332632178007e-02,6.887194332632178007e-02,6.859920038956621169e-02,6.805695054407680245e-02,6.725160193917070761e-02,6.619260879656665986e-02,6.489228668588127580e-02,6.336557417065852293e-02,6.162974727367175054e-02,5.970409438884427544e-02,5.760956018424882863e-02,5.536836766969593232e-02,5.300362792868786033e-02,5.053894703543320571e-02,4.799803940256124057e-02,4.540435625463895564e-02,4.278073712692598979e-02,4.014909128650944597e-02,3.753011480871623617e-02,3.494304776416425062e-02,3.240547463135959316e-02,2.993316969626261953e-02,2.753998788105249326e-02,2.523780020235720165e-02,2.303647193153349551e-02,2.094388054621243792e-02,1.896596974554544401e-02,1.710683516560150899e-02,1.536883698237299922e-02,1.375273432645990682e-02,1.225783634748500543e-02,1.088216484352604041e-02,9.622623592486948679e-03,8.475169866027771476e-03,7.434984047883549940e-03,6.496633791604803330e-03,5.654229712606433263e-03,4.901570191771319369e-03,4.232273450609965945e-03,3.639895621711020102e-03,3.118034066653352539e-03,2.660415673819391518e-03,2.260970291255820844e-03,1.913889808867393853e-03,1.613673696960795864e-03,1.355162034467992729e-03,1.133557222484465844e-03,9.444356814364868614e-04,7.837508791173911299e-04,6.478290389086336330e-04,5.333588402227629460e-04,4.373763542660782325e-04,3.572463651734596418e-04,2.906411165568758160e-04,2.355174030469288143e-04,1.900928012347167801e-04,1.528217094188438253e-04,1.223717447118145385e-04,9.760093245533453120e-05,7.753601878666619004e-05,6.135214406955147315e-05,4.835403355642126425e-05,3.795879231063408474e-05,2.968033384593398097e-05,2.311542552806964735e-05
3.923417423344896174e-05,5.037689606900136842e-05,6.442805343982296114e-05,8.207205941932314993e-05,1.041339562231911376e-04,1.316031005680588382e-04,1.656595931859303553e-04,2.077034812724646434e-04,2.593866838709731016e-04,3.226474924768593308e-04,3.997473814588385762e-04,4.933097248220492123e-04,6.063598577695021282e-04,7.423657448152119320e-04,9.052783233793073019e-04,1.099570386673807357e-03,1.330272657519119195e-03,1.603005492274818793e-03,1.924004449605907401e-03,2.300137772082474184e-03,2.738913670683378564e-03,3.248475185262849133e-03,3.837580330764978065e-03,4.515565242494808985e-03,5.292288116796911579e-03,6.178051917770778154e-03,7.183504096136722993e-03,8.319511950489943616e-03,9.597012758037270358e-03,1.102683841148479824e-02,1.261951501621078053e-02,1.438503871702585986e-02,1.633262992074612993e-02,1.847046903763695930e-02,2.080541785390582071e-02,2.334273163586974426e-02,2.608576801667257528e-02,2.903569958749315644e-02,3.219123786405986287e-02,3.554837688264968903e-02,3.910016505593694180e-02,4.283651405014587271e-02,4.674405329896252209e-02,5.080603832261076924e-02,5.500232025841254868e-02,5.930938292968712666e-02,6.370045239350949351e-02,6.814568223876016351e-02,7.261241599186606110e-02,7.706552587962915701e-02,8.146782495945242841e-02,8.578054732998129095e-02,8.996388886000759866e-02,9.397759870509821145e-02,9.778160990532004659e-02,1.013366956562280763e-01,1.046051364947806761e-01,1.075513827074142253e-01,1.101426958006513912e-01,1.123497529101250836e-01,1.141471985776729842e-01,1.155141293938581337e-01,1.164344985599008453e-01,1.168974294234757377e-01,1.168974294234757377e-01,1.164344985599008453e-01,1.155141293938581337e-01,1.141471985776729703e-01,1.123497529101251391e-01,1.101426958006513912e-01,1.075513827074142253e-01,1.046051364947806761e-01,1.013366956562280763e-01,9.778160990532004659e-02,9.397759870509825308e-02,8.996388886000765417e-02,8.578054732998124932e-02,8.146782495945242841e-02,7.706552587962915701e-02,7.261241599186606110e-02,6.814568223876016351e-02,6.370045239350949351e-02,5.930938292968714054e-02,5.500232025841256256e-02,5.080603832261080394e-02,4.674405329896252209e-02,4.283651405014587271e-02,3.910016505593694180e-02,3.554837688264968903e-02,3.219123786405986287e-02,2.903569958749317725e-02,2.608576801667258915e-02,2.334273163586973038e-02,2.080541785390582071e-02,1.847046903763695930e-02,1.633262992074612993e-02,1.438503871702585986e-02,1.261951501621078053e-02,1.102683841148480864e-02,9.597012758037277297e-03,8.319511950489948821e-03,7.183504096136722993e-03,6.178051917770778154e-03,5.292288116796911579e-03,4.515565242494808985e-03,3.837580330764978065e-03,3.248475185262847831e-03,2.738913670683382900e-03,2.300137772082470281e-03,1.924004449605907401e-03,1.603005492274818793e-03,1.330272657519119195e-03,1.099570386673807357e-03,9.052783233793073019e-04,7.423657448152132330e-04,6.063598577695032124e-04,4.933097248220492123e-04,3.997473814588385762e-04,3.226474924768593308e-04,2.593866838709731016e-04,2.077034812724646434e-04,1.656595931859303553e-04,1.316031005680592448e-04,1.041339562231913274e-04,8.207205941932304151e-05,6.442805343982296114e-05,5.037689606900136842e-05,3.923417423344896174e-05
5.905483835751354515e-05,7.582673810353345468e-05,9.697638234817832024e-05,1.235339419618598019e-04,1.567412612203296373e-04,1.980875087404926338e-04,2.493489588886547157e-04,3.126329469776631398e-04,3.904259229962961635e-04,4.856453815315350331e-04,6.016952684011109796e-04,7.425242566904584340e-04,9.126860469650069797e-04,1.117400580457269220e-03,1.362614763793038638e-03,1.655060995074297131e-03,2.002311461782632640e-03,2.412825861179703456e-03,2.895989886127029247e-03,3.462141538193427067e-03,4.122582092208147871e-03,4.889568360292913946e-03,5.776282808166987096e-03,6.796778081823172217e-03,7.965892627666955328e-03,9.299134351532591797e-03,1.081252967664661502e-02,1.252243593878734837e-02,1.444531580475333539e-02,1.659747331777632756e-02,1.899475225343696949e-02,2.165219869662233718e-02,2.458369110010359682e-02,2.780154252552555910e-02,3.131608125641254653e-02,3.513521746059511397e-02,3.926400500976662961e-02,4.370420887499838064e-02,4.845388964423761463e-02,5.350701758588551765e-02,5.885312924878337293e-02,6.447703978624924614e-02,7.035862397205264185e-02,7.647267820331715704e-02,8.278887463826234416e-02,8.927181699189430664e-02,9.588120542606112795e-02,1.025721154579962435e-01,1.092953929304918970e-01,1.159981639139039677e-01,1.226244550399384903e-01,1.291159163093152928e-01,1.354126349908406080e-01,1.414540259655920340e-01,1.471797808955314646e-01,1.525308560352239273e-01,1.574504764725840333e-01,1.618851331780685188e-01,1.657855485390311023e-01,1.691075861093963018e-01,1.718130811383438428e-01,1.738705700487869765e-01,1.752558993794487985e-01,1.759526977154212135e-01,1.759526977154212135e-01,1.752558993794487985e-01,1.738705700487869765e-01,1.718130811383438150e-01,1.691075861093964128e-01,1.657855485390311023e-01,1.618851331780685188e-01,1.574504764725840333e-01,1.525308560352239273e-01,1.471797808955314646e-01,1.414540259655920618e-01,1.354126349908406635e-01,1.291159163093151818e-01,1.226244550399384903e-01,1.159981639139039677e-01,1.092953929304918970e-01,1.025721154579962435e-01,9.588120542606112795e-02,8.927181699189432051e-02,8.278887463826239967e-02,7.647267820331719868e-02,7.035862397205264185e-02,6.447703978624924614e-02,5.885312924878337293e-02,5.350701758588551765e-02,4.845388964423761463e-02,4.370420887499841534e-02,3.926400500976666430e-02,3.513521746059508621e-02,3.131608125641254653e-02,2.780154252552555910e-02,2.458369110010359682e-02,2.165219869662233718e-02,1.899475225343696949e-02,1.659747331777633450e-02,1.444531580475335274e-02,1.252243593878736225e-02,1.081252967664661502e-02,9.299134351532591797e-03,7.965892627666955328e-03,6.796778081823172217e-03,5.776282808166987096e-03,4.889568360292917415e-03,4.122582092208157412e-03,3.462141538193418827e-03,2.895989886127029247e-03,2.412825861179703456e-03,2.002311461782632640e-03,1.655060995074297131e-03,1.362614763793038638e-03,1.117400580457271388e-03,9.126860469650087144e-04,7.425242566904590846e-04,6.016952684011109796e-04,4.856453815315350331e-04,3.904259229962961635e-04,3.126329469776631398e-04,2.493489588886547157e-04,1.980875087404929320e-04,1.567412612203298000e-04,1.235339419618596121e-04,9.697638234817832024e-05,7.582673810353345468e-05,5.905483835751354515e-05
7.807430299254747253e-05,1.002478355760091856e-04,1.282090285767330533e-04,1.633198342903754042e-04,2.072220508989513566e-04,2.618844553060471932e-04,3.296553967228352342e-04,4.133209082720578861e-04,5.161682371158254640e-04,6.420544991602745045e-04,7.954799301953140904e-04,9.816649305719596982e-04,1.206629785969944805e-03,1.477275595176860820e-03,1.801464552090518284e-03,2.188097320973145590e-03,2.647184821779772178e-03,3.189911319603683498e-03,3.828685305411007322e-03,4.577174283664883075e-03,5.450319268171494036e-03,6.464324554631716881e-03,7.636618212470208493e-03,8.985778745525134503e-03,1.053142353643308354e-02,1.229405503634892032e-02,1.429486120984383053e-02,1.655546750921312732e-02,1.909763864115046963e-02,2.194292960176938076e-02,2.511228688367964784e-02,2.862560238097496684e-02,3.250122430282600949e-02,3.675543131042896539e-02,4.140187806036578488e-02,4.645102230439911856e-02,5.190954558668085805e-02,5.777978131273765056e-02,6.405916545482084890e-02,7.073972631907948783e-02,7.780763054860613537e-02,8.524280279726953458e-02,9.301863621871798993e-02,1.011018100253207042e-01,1.094522288553066713e-01,1.180230965382639968e-01,1.267611340904221950e-01,1.356069484497245126e-01,1.444955546518580936e-01,1.533570499535719112e-01,1.621174339539291076e-01,1.706995641926316587e-01,1.790242321770576517e-01,1.870113404746655550e-01,1.945811575750840405e-01,2.016556238408796775e-01,2.081596791785556844e-01,2.140225812018556606e-01,2.191791817304192258e-01,2.235711295374919749e-01,2.271479683623839341e-01,2.298681013280397811e-01,2.316995960017151912e-01,2.326208083175981267e-01,2.326208083175981267e-01,2.316995960017151912e-01,2.298681013280397811e-01,2.271479683623839341e-01,2.235711295374919194e-01,2.191791817304192258e-01,2.140225812018556606e-01,2.081596791785556844e-01,2.016556238408796775e-01,1.945811575750840405e-01,1.870113404746655550e-01,1.790242321770577072e-01,1.706995641926316032e-01,1.621174339539291076e-01,1.533570499535719112e-01,1.444955546518580936e-01,1.356069484497245126e-01,1.267611340904221950e-01,1.180230965382640662e-01,1.094522288553068101e-01,1.011018100253208013e-01,9.301863621871798993e-02,8.524280279726953458e-02,7.780763054860613537e-02,7.073972631907948783e-02,6.405916545482084890e-02,5.777978131273765749e-02,5.190954558668087887e-02,4.645102230439906998e-02,4.140187806036578488e-02,3.675543131042896539e-02,3.250122430282600949e-02,2.862560238097496684e-02,2.511228688367964784e-02,2.194292960176940505e-02,1.909763864115049392e-02,1.655546750921314120e-02,1.429486120984383053e-02,1.229405503634892032e-02,1.053142353643308354e-02,8.985778745525134503e-03,7.636618212470208493e-03,6.464324554631725554e-03,5.450319268171495771e-03,4.577174283664883075e-03,3.828685305411007322e-03,3.189911319603683498e-03,2.647184821779772178e-03,2.188097320973145590e-03,1.801464552090518284e-03,1.477275595176863205e-03,1.206629785969947190e-03,9.816649305719612160e-04,7.954799301953140904e-04,6.420544991602745045e-04,5.161682371158254640e-04,4.133209082720578861e-04,3.296553967228352342e-04,2.618844553060476268e-04,2.072220508989516818e-04,1.633198342903751060e-04,1.282090285767330533e-04,1.002478355760091856e-04,7.807430299254747253e-05
8.913607867667183477e-05,1.144512165535716165e-04,1.463740260270552989e-04,1.864594244300521507e-04,2.365818242941383211e-04,2.989889440906742671e-04,3.763618534164934765e-04,4.718813180050833163e-04,5.893003309724960045e-04,7.330224947038479306e-04,9.081856504101106908e-04,1.120749838701012814e-03,1.377588315403839667e-03,1.686579945406375697e-03,2.056700859227692316e-03,2.498112791004922402e-03,3.022245034558635694e-03,3.641866471519327169e-03,4.371143660980341718e-03,5.225680555925495650e-03,6.222535052885296361e-03,7.380207315436357329e-03,8.718594668407395054e-03,1.025890786765970390e-02,1.202354373897460832e-02,1.403590957552233731e-02,1.632019530926031442e-02,1.890109034429886259e-02,2.180344306908157948e-02,2.505186244911702248e-02,2.867026273200908720e-02,3.268135414851239262e-02,3.710608453105734145e-02,4.196303894501791226e-02,4.726780667517450907e-02,5.303232715547873122e-02,5.926422858909578817e-02,6.596617498467685636e-02,7.313523903617662192e-02,8.076231959887718304e-02,8.883162336893327127e-02,9.732023067157843932e-02,1.061977649314369970e-01,1.154261843827298489e-01,1.249597128457868300e-01,1.347449239438397728e-01,1.447209899844578984e-01,1.548201029379897287e-01,1.649680705968872840e-01,1.750850862106149708e-01,1.850866648038716200e-01,1.948847341666357091e-01,2.043888633355863405e-01,2.135076064601023893e-01,2.221499354565626694e-01,2.302267309897052527e-01,2.376522982515973104e-01,2.443458718858362300e-01,2.502330733439406263e-01,2.552472840415683786e-01,2.593308989403115272e-01,2.624364276065211388e-01,2.645274133351319112e-01,2.655791454713034017e-01,2.655791454713034017e-01,2.645274133351319112e-01,2.624364276065211388e-01,2.593308989403115272e-01,2.552472840415683786e-01,2.502330733439406263e-01,2.443458718858362300e-01,2.376522982515973104e-01,2.302267309897052527e-01,2.221499354565626694e-01,2.135076064601025003e-01,2.043888633355863960e-01,1.948847341666356814e-01,1.850866648038716200e-01,1.750850862106149708e-01,1.649680705968872840e-01,1.548201029379897287e-01,1.447209899844578984e-01,1.347449239438398838e-01,1.249597128457869133e-01,1.154261843827298906e-01,1.061977649314369970e-01,9.732023067157843932e-02,8.883162336893327127e-02,8.076231959887718304e-02,7.313523903617662192e-02,6.596617498467689800e-02,5.926422858909580899e-02,5.303232715547867571e-02,4.726780667517450907e-02,4.196303894501791226e-02,3.710608453105734145e-02,3.268135414851239262e-02,2.867026273200908720e-02,2.505186244911704330e-02,2.180344306908160029e-02,1.890109034429888341e-02,1.632019530926031442e-02,1.403590957552233731e-02,1.202354373897460832e-02,1.025890786765970390e-02,8.718594668407395054e-03,7.380207315436363401e-03,6.222535052885295494e-03,5.225680555925494783e-03,4.371143660980341718e-03,3.641866471519327169e-03,3.022245034558635694e-03,2.498112791004922402e-03,2.056700859227692316e-03,1.686579945406378083e-03,1.377588315403841836e-03,1.120749838701015633e-03,9.081856504101106908e-04,7.330224947038479306e-04,5.893003309724960045e-04,4.718813180050833163e-04,3.763618534164934765e-04,2.989889440906748092e-04,2.365818242941387548e-04,1.864594244300517983e-04,1.463740260270552989e-04,1.144512165535716165e-04,8.913607867667183477e-05
8.490313698614209868e-05,1.090160960807629758e-04,1.394229381356068716e-04,1.776047397391863447e-04,2.253469003201012070e-04,2.847903974949726356e-04,3.584889807963008521e-04,4.494723660563313197e-04,5.613153222504415566e-04,6.982123311427711112e-04,8.650572453979691115e-04,1.067527072035450060e-03,1.312168666040406263e-03,1.606486736558608661e-03,1.959031150831023853e-03,2.379481077139127682e-03,2.878723048896867157e-03,3.468919572267061859e-03,4.163564457221847863e-03,4.977520647895397957e-03,5.927035986321200697e-03,7.029732090431447394e-03,8.304561390270935595e-03,9.771727374003055105e-03,1.145256327498958213e-02,1.336936480836643446e-02,1.554517316168817220e-02,1.800350527546199647e-02,2.076802952459547852e-02,2.386218623090534396e-02,2.730875398943841126e-02,3.112936455538701380e-02,3.534397097933187487e-02,3.997027574914069348e-02,4.502312783731567125e-02,5.051389969159493509e-02,5.644985726295936868e-02,6.283353805019510629e-02,6.966215376072908139e-02,7.692703544986248532e-02,8.461313981459445133e-02,9.269863560190999552e-02,1.011545887754616291e-01,1.099447641171523715e-01,1.190255592909706950e-01,1.283460850604505599e-01,1.378484023510929135e-01,1.474679232371586823e-01,1.571339787902599483e-01,1.667705521654365697e-01,1.762971704549976537e-01,1.856299438690495185e-01,1.946827358781352268e-01,2.033684432610068926e-01,2.116003607242757933e-01,2.192936010792491675e-01,2.263665390387831211e-01,2.327422446748373397e-01,2.383498715671480417e-01,2.431259647502724830e-01,2.470156547646187306e-01,2.499737064276048026e-01,2.519653943096383242e-01,2.529671812286478083e-01,2.529671812286478083e-01,2.519653943096383242e-01,2.499737064276049137e-01,2.470156547646188416e-01,2.431259647502724830e-01,2.383498715671480417e-01,2.327422446748373397e-01,2.263665390387831211e-01,2.192936010792491675e-01,2.116003607242757933e-01,2.033684432610071702e-01,1.946827358781353379e-01,1.856299438690495185e-01,1.762971704549976537e-01,1.667705521654365697e-01,1.571339787902599483e-01,1.474679232371586823e-01,1.378484023510929135e-01,1.283460850604506154e-01,1.190255592909706950e-01,1.099447641171523993e-01,1.011545887754616291e-01,9.269863560190999552e-02,8.461313981459445133e-02,7.692703544986248532e-02,6.966215376072908139e-02,6.283353805019514793e-02,5.644985726295941031e-02,5.051389969159489346e-02,4.502312783731567125e-02,3.997027574914069348e-02,3.534397097933187487e-02,3.112936455538701380e-02,2.730875398943841126e-02,2.386218623090536478e-02,2.076802952459549240e-02,1.800350527546200688e-02,1.554517316168817220e-02,1.336936480836643446e-02,1.145256327498958213e-02,9.771727374003055105e-03,8.304561390270935595e-03,7.029732090431452599e-03,5.927035986321211106e-03,4.977520647895381477e-03,4.163564457221847863e-03,3.468919572267061859e-03,2.878723048896867157e-03,2.379481077139127682e-03,1.959031150831023853e-03,1.606486736558612131e-03,1.312168666040408865e-03,1.067527072035451144e-03,8.650572453979691115e-04,6.982123311427711112e-04,5.613153222504415566e-04,4.494723660563313197e-04,3.584889807963008521e-04,2.847903974949731777e-04,2.253469003201018033e-04,1.776047397391860194e-04,1.394229381356068716e-04,1.090160960807629758e-04,8.490313698614209868e-05
6.171602217506364147e-05,7.924371280012174295e-05,1.013464219006900450e-04,1.291007428609981323e-04,1.638044810936403815e-04,2.070139115108751661e-04,2.605853525995360754e-04,3.267211023679681380e-04,4.080196575170786776e-04,5.075299834768592488e-04,6.288094178239220840e-04,7.759845724071927874e-04,9.538143508642273061e-04,1.167753920253613437e-03,1.424018172215026079e-03,1.729642886408691224e-03,2.092541475241183925e-03,2.521554854686816616e-03,3.026491664391050065e-03,3.618155766523569947e-03,4.308357704426219251e-03,5.109906618039766063e-03,6.036579013562175938e-03,7.103060790334327079e-03,8.324859058575696802e-03,9.718180555735339565e-03,1.129977390256551445e-02,1.308673354425814173e-02,1.509626400354931175e-02,1.734540403156630689e-02,1.985071137077809578e-02,2.262791012668334545e-02,2.569150415574503188e-02,2.905436138219502640e-02,3.272727551223504616e-02,3.671851316900420770e-02,4.103335596644240579e-02,4.567364841038204504e-02,5.063736369318827535e-02,5.591820036591277354e-02,6.150522346367034987e-02,6.738256386615515403e-02,7.352918944555381087e-02,7.991876085089580362e-02,8.651958357910738417e-02,9.329466628501914549e-02,1.002018931018503478e-01,1.071943151181867782e-01,1.142205631466661764e-01,1.212253806036595605e-01,1.281502717971131355e-01,1.349342573060404726e-01,1.415147245562691225e-01,1.478283582861385503e-01,1.538121324874299756e-01,1.594043427307703653e-01,1.645456556604057985e-01,1.691801509733481534e-01,1.732563304635337809e-01,1.767280687674788187e-01,1.795554813190161081e-01,1.817056867002100340e-01,1.831534430241421596e-01,1.838816411320447486e-01,1.838816411320447486e-01,1.831534430241421596e-01,1.817056867002100340e-01,1.795554813190161081e-01,1.767280687674788187e-01,1.732563304635337809e-01,1.691801509733481534e-01,1.645456556604057985e-01,1.594043427307703653e-01,1.538121324874299756e-01,1.478283582861386058e-01,1.415147245562692335e-01,1.349342573060404726e-01,1.281502717971131355e-01,1.212253806036595605e-01,1.142205631466661764e-01,1.071943151181867782e-01,1.002018931018503478e-01,9.329466628501925651e-02,8.651958357910738417e-02,7.991876085089580362e-02,7.352918944555381087e-02,6.738256386615515403e-02,6.150522346367034987e-02,5.591820036591277354e-02,5.063736369318827535e-02,4.567364841038204504e-02,4.103335596644244743e-02,3.671851316900416606e-02,3.272727551223504616e-02,2.905436138219502640e-02,2.569150415574503188e-02,2.262791012668334545e-02,1.985071137077809578e-02,1.734540403156632077e-02,1.509626400354931869e-02,1.308673354425814866e-02,1.129977390256551445e-02,9.718180555735339565e-03,8.324859058575696802e-03,7.103060790334327079e-03,6.036579013562175938e-03,5.109906618039774737e-03,4.308357704426233128e-03,3.618155766523561273e-03,3.026491664391050065e-03,2.521554854686816616e-03,2.092541475241183925e-03,1.729642886408691224e-03,1.424018172215026079e-03,1.167753920253615605e-03,9.538143508642290408e-04,7.759845724071914863e-04,6.288094178239220840e-04,5.075299834768592488e-04,4.080196575170786776e-04,3.267211023679681380e-04,2.605853525995360754e-04,2.070139115108755997e-04,1.638044810936405984e-04,1.291007428609979154e-04,1.013464219006900450e-04,7.924371280012174295e-05,6.171602217506364147e-05
2.264307227500226031e-05,2.907382966424682056e-05,3.718312157904130836e-05,4.736594077735614174e-05,6.009844078822012582e-05,7.595160535420306287e-05,9.560650159825634462e-05,1.198711335234994586e-04,1.496988669907150897e-04,1.862083409231874570e-04,2.307047115674620494e-04,2.847019969540779370e-04,3.499461974767296979e-04,4.284387665283379346e-04,5.224598938492457795e-04,6.345909458617049123e-04,7.677352848166982963e-04,9.251365659649745526e-04,1.110393493963510170e-03,1.327469911965771521e-03,1.580699005700054657e-03,1.874780337309828876e-03,2.214768387212722595e-03,2.606051284268617180e-03,3.054318452473121781e-03,3.565516002973175003e-03,4.145788859191187892e-03,4.801408824531519515e-03,5.538688088893010952e-03,6.363878022011666691e-03,7.283053515726264915e-03,8.301983607714877311e-03,9.425989636887288636e-03,1.065979273283258755e-02,1.200735301256782017e-02,1.347170342829259737e-02,1.505478175826865939e-02,1.675726473565872232e-02,1.857840874235278106e-02,2.051590183148604973e-02,2.256573205945805460e-02,2.472207718391788989e-02,2.697722069992258831e-02,2.932149892846835915e-02,3.174328343177623690e-02,3.422900240672760441e-02,3.676320390775272839e-02,3.932866278720065223e-02,4.190653213658390719e-02,4.447653879550272915e-02,4.701722120282186834e-02,4.950620653884163502e-02,5.192052279414977045e-02,5.423694014940005914e-02,5.643233490982046963e-02,5.848406825643492901e-02,6.037037129657452095e-02,6.207072735697372057e-02,6.356624219330508918e-02,6.483999281049701580e-02,6.587734590778682175e-02,6.666623757864598154e-02,6.719740679409558215e-02,6.746457635244751394e-02,6.746457635244751394e-02,6.719740679409558215e-02,6.666623757864587052e-02,6.587734590778671073e-02,6.483999281049712682e-02,6.356624219330508918e-02,6.207072735697372057e-02,6.037037129657452095e-02,5.848406825643492901e-02,5.643233490982046963e-02,5.423694014939994812e-02,5.192052279414977045e-02,4.950620653884163502e-02,4.701722120282186834e-02,4.447653879550272915e-02,4.190653213658390719e-02,3.932866278720065223e-02,3.676320390775272839e-02,3.422900240672771544e-02,3.174328343177623690e-02,2.932149892846830364e-02,2.697722069992258831e-02,2.472207718391788989e-02,2.256573205945805460e-02,2.051590183148604973e-02,1.857840874235278106e-02,1.675726473565872232e-02,1.505478175826868714e-02,1.347170342829256962e-02,1.200735301256782017e-02,1.065979273283258755e-02,9.425989636887288636e-03,8.301983607714877311e-03,7.283053515726264915e-03,6.363878022011652813e-03,5.538688088893010952e-03,4.801408824531526454e-03,4.145788859191187892e-03,3.565516002973175003e-03,3.054318452473121781e-03,2.606051284268617180e-03,2.214768387212722595e-03,1.874780337309835815e-03,1.580699005700059862e-03,1.327469911965774990e-03,1.110393493963510170e-03,9.251365659649745526e-04,7.677352848166982963e-04,6.345909458617049123e-04,5.224598938492457795e-04,4.284387665283379346e-04,3.499461974767296979e-04,2.847019969540783707e-04,2.307047115674620494e-04,1.862083409231874570e-04,1.496988669907150897e-04,1.198711335234994586e-04,9.560650159825634462e-05,7.595160535420306287e-05,6.009844078822001740e-05,4.736594077735608753e-05,3.718312157904130836e-05,2.907382966424682056e-05,2.264307227500226031e-05
-2.264307227500226031e-05,-2.907382966424682056e-05,-3.718312157904130836e-05,-4.736594077735614174e-05,-6.009844078822012582e-05,-7.595160535420306287e-05,-9.560650159825634462e-05,-1.198711335234994586e-04,-1.496988669907150897e-04,-1.862083409231874570e-04,-2.307047115674620494e-04,-2.847019969540779370e-04,-3.499461974767296979e-04,-4.284387665283379346e-04,-5.224598938492457795e-04,-6.345909458617049123e-04,-7.677352848166982963e-04,-9.251365659649745526e-04,-1.110393493963510170e-03,-1.327469911965771521e-03,-1.580699005700054657e-03,-1.874780337309828876e-03,-2.214768387212722595e-03,-2.606051284268617180e-03,-3.054318452473121781e-03,-3.565516002973175003e-03,-4.145788859191187892e-03,-4.801408824531519515e-03,-5.538688088893010952e-03,-6.363878022011666691e-03,-7.283053515726264915e-03,-8.301983607714877311e-03,-9.425989636887288636e-03,-1.065979273283258755e-02,-1.200735301256782017e-02,-1.347170342829259737e-02,-1.505478175826865939e-02,-1.675726473565872232e-02,-1.857840874235278106e-02,-2.051590183148604973e-02,-2.256573205945805460e-02,-2.472207718391788989e-02,-2.697722069992258831e-02,-2.932149892846835915e-02,-3.174328343177623690e-02,-3.422900240672760441e-02,-3.676320390775272839e-02,-3.932866278720065223e-02,-4.190653213658390719e-02,-4.447653879550272915e-02,-4.701722120282186834e-02,-4.950620653884163502e-02,-5.192052279414977045e-02,-5.423694014940005914e-02,-5.643233490982046963e-02,-5.848406825643492901e-02,-6.037037129657452095e-02,-6.207072735697372057e-02,-6.356624219330508918e-02,-6.483999281049701580e-02,-6.587734590778682175e-02,-6.666623757864598154e-02,-6.719740679409558215e-02,-6.746457635244751394e-02,-6.746457635244751394e-02,-6.719740679409558215e-02,-6.666623757864587052e-02,-6.587734590778671073e-02,-6.483999281049712682e-02,-6.356624219330508918e-02,-6.207072735697372057e-02,-6.037037129657452095e-02,-5.848406825643492901e-02,-5.643233490982046963e-02,-5.423694014939994812e-02,-5.192052279414977045e-02,-4.950620653884163502e-02,-4.701722120282186834e-02,-4.447653879550272915e-02,-4.190653213658390719e-02,-3.932866278720065223e-02,-3.676320390775272839e-02,-3.422900240672771544e-02,-3.174328343177623690e-02,-2.932149892846830364e-02,-2.697722069992258831e-02,-2.472207718391788989e-02,-2.256573205945805460e-02,-2.051590183148604973e-02,-1.857840874235278106e-02,-1.675726473565872232e-02,-1.505478175826868714e-02,-1.347170342829256962e-02,-1.200735301256782017e-02,-1.065979273283258755e-02,-9.425989636887288636e-03,-8.301983607714877311e-03,-7.283053515726264915e-03,-6.363878022011652813e-03,-5.538688088893010952e-03,-4.801408824531526454e-03,-4.145788859191187892e-03,-3.565516002973175003e-03,-3.054318452473121781e-03,-2.606051284268617180e-03,-2.214768387212722595e-03,-1.874780337309835815e-03,-1.580699005700059862e-03,-1.327469911965774990e-03,-1.110393493963510170e-03,-9.251365659649745526e-04,-7.677352848166982963e-04,-6.345909458617049123e-04,-5.224598938492457795e-04,-4.284387665283379346e-04,-3.499461974767296979e-04,-2.847019969540783707e-04,-2.307047115674620494e-04,-1.862083409231874570e-04,-1.496988669907150897e-04,-1.198711335234994586e-04,-9.560650159825634462e-05,-7.595160535420306287e-05,-6.009844078822001740e-05,-4.736594077735608753e-05,-3.718312157904130836e-05,-2.907382966424682056e-05,-2.264307227500226031e-05
-6.171602217506364147e-05,-7.924371280012174295e-05,-1.013464219006903161e-04,-1.291007428609984575e-04,-1.638044810936403273e-04,-2.070139115108757082e-04,-2.605853525995358586e-04,-3.267211023679681380e-04,-4.080196575170791113e-04,-5.075299834768603330e-04,-6.288094178239218672e-04,-7.759845724071927874e-04,-9.538143508642273061e-04,-1.167753920253614304e-03,-1.424018172215028681e-03,-1.729642886408690357e-03,-2.092541475241189997e-03,-2.521554854686823555e-03,-3.026491664391055270e-03,-3.618155766523568212e-03,-4.308357704426219251e-03,-5.109906618039766063e-03,-6.036579013562175938e-03,-7.103060790334327079e-03,-8.324859058575700271e-03,-9.718180555735336096e-03,-1.129977390256551445e-02,-1.308673354425814173e-02,-1.509626400354931175e-02,-1.734540403156630689e-02,-1.985071137077808190e-02,-2.262791012668333157e-02,-2.569150415574501800e-02,-2.905436138219502640e-02,-3.272727551223508780e-02,-3.671851316900419382e-02,-4.103335596644236416e-02,-4.567364841038201728e-02,-5.063736369318824759e-02,-5.591820036591274579e-02,-6.150522346367034987e-02,-6.738256386615512628e-02,-7.352918944555375536e-02,-7.991876085089577586e-02,-8.651958357910735642e-02,-9.329466628501914549e-02,-1.002018931018504588e-01,-1.071943151181867782e-01,-1.142205631466662319e-01,-1.212253806036595050e-01,-1.281502717971131911e-01,-1.349342573060405281e-01,-1.415147245562691225e-01,-1.478283582861384948e-01,-1.538121324874299201e-01,-1.594043427307703098e-01,-1.645456556604057430e-01,-1.691801509733481534e-01,-1.732563304635339474e-01,-1.767280687674788187e-01,-1.795554813190161081e-01,-1.817056867002100340e-01,-1.831534430241423816e-01,-1.838816411320447486e-01,-1.838816411320447486e-01,-1.831534430241423816e-01,-1.817056867002099230e-01,-1.795554813190161081e-01,-1.767280687674788187e-01,-1.732563304635339474e-01,-1.691801509733481534e-01,-1.645456556604057430e-01,-1.594043427307703098e-01,-1.538121324874299201e-01,-1.478283582861386614e-01,-1.415147245562691780e-01,-1.349342573060405837e-01,-1.281502717971131911e-01,-1.212253806036595050e-01,-1.142205631466662319e-01,-1.071943151181867782e-01,-1.002018931018504588e-01,-9.329466628501920100e-02,-8.651958357910735642e-02,-7.991876085089583137e-02,-7.352918944555375536e-02,-6.738256386615512628e-02,-6.150522346367034987e-02,-5.591820036591274579e-02,-5.063736369318824759e-02,-4.567364841038201728e-02,-4.103335596644239192e-02,-3.671851316900412443e-02,-3.272727551223508780e-02,-2.905436138219502640e-02,-2.569150415574501800e-02,-2.262791012668333157e-02,-1.985071137077808190e-02,-1.734540403156630689e-02,-1.509626400354932563e-02,-1.308673354425814866e-02,-1.129977390256551445e-02,-9.718180555735336096e-03,-8.324859058575700271e-03,-7.103060790334327079e-03,-6.036579013562175938e-03,-5.109906618039771267e-03,-4.308357704426233128e-03,-3.618155766523559538e-03,-3.026491664391055270e-03,-2.521554854686823555e-03,-2.092541475241189997e-03,-1.729642886408690357e-03,-1.424018172215028681e-03,-1.167753920253616039e-03,-9.538143508642290408e-04,-7.759845724071940884e-04,-6.288094178239218672e-04,-5.075299834768603330e-04,-4.080196575170791113e-04,-3.267211023679681380e-04,-2.605853525995358586e-04,-2.070139115108760334e-04,-1.638044810936406526e-04,-1.291007428609982949e-04,-1.013464219006903161e-04,-7.924371280012174295e-05,-6.171602217506364147e-05
-8.490313698614215289e-05,-1.090160960807629758e-04,-1.394229381356068987e-04,-1.776047397391861821e-04,-2.253469003201009359e-04,-2.847903974949722561e-04,-3.584889807963003100e-04,-4.494723660563307776e-04,-5.613153222504411229e-04,-6.982123311427706775e-04,-8.650572453979680273e-04,-1.067527072035448759e-03,-1.312168666040405395e-03,-1.606486736558606927e-03,-1.959031150831022118e-03,-2.379481077139125079e-03,-2.878723048896863687e-03,-3.468919572267057522e-03,-4.163564457221843526e-03,-4.977520647895391885e-03,-5.927035986321202432e-03,-7.029732090431438721e-03,-8.304561390270939064e-03,-9.771727374003042962e-03,-1.145256327498957172e-02,-1.336936480836642405e-02,-1.554517316168816179e-02,-1.800350527546198259e-02,-2.076802952459545770e-02,-2.386218623090531621e-02,-2.730875398943836962e-02,-3.112936455538698605e-02,-3.534397097933188181e-02,-3.997027574914067266e-02,-4.502312783731565737e-02,-5.051389969159493509e-02,-5.644985726295938255e-02,-6.283353805019507854e-02,-6.966215376072903975e-02,-7.692703544986244368e-02,-8.461313981459442357e-02,-9.269863560190988450e-02,-1.011545887754615181e-01,-1.099447641171522605e-01,-1.190255592909705562e-01,-1.283460850604505044e-01,-1.378484023510929135e-01,-1.474679232371585713e-01,-1.571339787902598373e-01,-1.667705521654364587e-01,-1.762971704549974872e-01,-1.856299438690494075e-01,-1.946827358781350603e-01,-2.033684432610068926e-01,-2.116003607242757378e-01,-2.192936010792490009e-01,-2.263665390387828991e-01,-2.327422446748371732e-01,-2.383498715671479307e-01,-2.431259647502722610e-01,-2.470156547646185641e-01,-2.499737064276046916e-01,-2.519653943096379911e-01,-2.529671812286476418e-01,-2.529671812286476418e-01,-2.519653943096379911e-01,-2.499737064276047471e-01,-2.470156547646186196e-01,-2.431259647502721499e-01,-2.383498715671479307e-01,-2.327422446748371732e-01,-2.263665390387828991e-01,-2.192936010792490009e-01,-2.116003607242757378e-01,-2.033684432610071147e-01,-1.946827358781352268e-01,-1.856299438690494075e-01,-1.762971704549974872e-01,-1.667705521654364587e-01,-1.571339787902598373e-01,-1.474679232371585713e-01,-1.378484023510929135e-01,-1.283460850604505876e-01,-1.190255592909706395e-01,-1.099447641171523438e-01,-1.011545887754615181e-01,-9.269863560190988450e-02,-8.461313981459442357e-02,-7.692703544986244368e-02,-6.966215376072903975e-02,-6.283353805019507854e-02,-5.644985726295938255e-02,-5.051389969159489346e-02,-4.502312783731565737e-02,-3.997027574914067266e-02,-3.534397097933188181e-02,-3.112936455538698605e-02,-2.730875398943836962e-02,-2.386218623090534396e-02,-2.076802952459548546e-02,-1.800350527546198953e-02,-1.554517316168816179e-02,-1.336936480836642405e-02,-1.145256327498957172e-02,-9.771727374003042962e-03,-8.304561390270939064e-03,-7.029732090431442190e-03,-5.927035986321204167e-03,-4.977520647895383211e-03,-4.163564457221843526e-03,-3.468919572267057522e-03,-2.878723048896863687e-03,-2.379481077139125079e-03,-1.959031150831022118e-03,-1.606486736558610396e-03,-1.312168666040407997e-03,-1.067527072035449843e-03,-8.650572453979680273e-04,-6.982123311427706775e-04,-5.613153222504411229e-04,-4.494723660563307776e-04,-3.584889807963003100e-04,-2.847903974949728525e-04,-2.253469003201015322e-04,-1.776047397391858568e-04,-1.394229381356068987e-04,-1.090160960807629758e-04,-8.490313698614215289e-05
-8.913607867667182121e-05,-1.144512165535715894e-04,-1.463740260270550550e-04,-1.864594244300518797e-04,-2.365818242941383483e-04,-2.989889440906739961e-04,-3.763618534164938560e-04,-4.718813180050836957e-04,-5.893003309724956793e-04,-7.330224947038476054e-04,-9.081856504101113413e-04,-1.120749838701013898e-03,-1.377588315403840752e-03,-1.686579945406376782e-03,-2.056700859227691015e-03,-2.498112791004925438e-03,-3.022245034558631790e-03,-3.641866471519323700e-03,-4.371143660980339116e-03,-5.225680555925501722e-03,-6.222535052885294626e-03,-7.380207315436361666e-03,-8.718594668407393319e-03,-1.025890786765970564e-02,-1.202354373897461699e-02,-1.403590957552234772e-02,-1.632019530926032830e-02,-1.890109034429886953e-02,-2.180344306908157948e-02,-2.505186244911702595e-02,-2.867026273200912537e-02,-3.268135414851242732e-02,-3.710608453105736226e-02,-4.196303894501791226e-02,-4.726780667517448825e-02,-5.303232715547872428e-02,-5.926422858909585062e-02,-6.596617498467689800e-02,-7.313523903617669131e-02,-8.076231959887723855e-02,-8.883162336893331290e-02,-9.732023067157850871e-02,-1.061977649314371080e-01,-1.154261843827299044e-01,-1.249597128457868578e-01,-1.347449239438398005e-01,-1.447209899844578984e-01,-1.548201029379898119e-01,-1.649680705968872840e-01,-1.750850862106150818e-01,-1.850866648038716755e-01,-1.948847341666357647e-01,-2.043888633355863682e-01,-2.135076064601024448e-01,-2.221499354565626971e-01,-2.302267309897053083e-01,-2.376522982515974491e-01,-2.443458718858363410e-01,-2.502330733439405153e-01,-2.552472840415684341e-01,-2.593308989403115827e-01,-2.624364276065211943e-01,-2.645274133351319668e-01,-2.655791454713035127e-01,-2.655791454713035127e-01,-2.645274133351319668e-01,-2.624364276065213053e-01,-2.593308989403115827e-01,-2.552472840415685451e-01,-2.502330733439405153e-01,-2.443458718858363410e-01,-2.376522982515974491e-01,-2.302267309897053083e-01,-2.221499354565626971e-01,-2.135076064601024726e-01,-2.043888633355864792e-01,-1.948847341666356814e-01,-1.850866648038716755e-01,-1.750850862106150818e-01,-1.649680705968872840e-01,-1.548201029379898119e-01,-1.447209899844578984e-01,-1.347449239438399393e-01,-1.249597128457869966e-01,-1.154261843827298906e-01,-1.061977649314371080e-01,-9.732023067157850871e-02,-8.883162336893331290e-02,-8.076231959887723855e-02,-7.313523903617669131e-02,-6.596617498467692575e-02,-5.926422858909589919e-02,-5.303232715547871040e-02,-4.726780667517448825e-02,-4.196303894501791226e-02,-3.710608453105736226e-02,-3.268135414851242732e-02,-2.867026273200912537e-02,-2.505186244911704330e-02,-2.180344306908159682e-02,-1.890109034429888688e-02,-1.632019530926032830e-02,-1.403590957552234772e-02,-1.202354373897461699e-02,-1.025890786765970564e-02,-8.718594668407393319e-03,-7.380207315436369472e-03,-6.222535052885300698e-03,-5.225680555925495650e-03,-4.371143660980339116e-03,-3.641866471519323700e-03,-3.022245034558631790e-03,-2.498112791004925438e-03,-2.056700859227691015e-03,-1.686579945406379817e-03,-1.377588315403842920e-03,-1.120749838701014548e-03,-9.081856504101113413e-04,-7.330224947038476054e-04,-5.893003309724956793e-04,-4.718813180050836957e-04,-3.763618534164938560e-04,-2.989889440906745924e-04,-2.365818242941386735e-04,-1.864594244300515002e-04,-1.463740260270550550e-04,-1.144512165535715894e-04,-8.913607867667182121e-05
-7.807430299254744543e-05,-1.002478355760091721e-04,-1.282090285767330533e-04,-1.633198342903756481e-04,-2.072220508989517361e-04,-2.618844553060476811e-04,-3.296553967228357763e-04,-4.133209082720585366e-04,-5.161682371158262230e-04,-6.420544991602753718e-04,-7.954799301953152831e-04,-9.816649305719612160e-04,-1.206629785969946106e-03,-1.477275595176862771e-03,-1.801464552090520669e-03,-2.188097320973149060e-03,-2.647184821779776515e-03,-3.189911319603688702e-03,-3.828685305411012527e-03,-4.577174283664890882e-03,-5.450319268171494903e-03,-6.464324554631727289e-03,-7.636618212470207626e-03,-8.985778745525148381e-03,-1.053142353643310089e-02,-1.229405503634893766e-02,-1.429486120984385135e-02,-1.655546750921314467e-02,-1.909763864115050780e-02,-2.194292960176941198e-02,-2.511228688367969641e-02,-2.862560238097501195e-02,-3.250122430282602337e-02,-3.675543131042900008e-02,-4.140187806036582652e-02,-4.645102230439914631e-02,-5.190954558668088581e-02,-5.777978131273768525e-02,-6.405916545482093216e-02,-7.073972631907957109e-02,-7.780763054860617700e-02,-8.524280279726965948e-02,-9.301863621871808707e-02,-1.011018100253208707e-01,-1.094522288553068240e-01,-1.180230965382640940e-01,-1.267611340904222783e-01,-1.356069484497246791e-01,-1.444955546518583156e-01,-1.533570499535720777e-01,-1.621174339539293019e-01,-1.706995641926318807e-01,-1.790242321770578182e-01,-1.870113404746656938e-01,-1.945811575750842071e-01,-2.016556238408798996e-01,-2.081596791785559342e-01,-2.140225812018559104e-01,-2.191791817304194478e-01,-2.235711295374921692e-01,-2.271479683623841284e-01,-2.298681013280399754e-01,-2.316995960017155520e-01,-2.326208083175983488e-01,-2.326208083175983488e-01,-2.316995960017155520e-01,-2.298681013280400309e-01,-2.271479683623841839e-01,-2.235711295374922247e-01,-2.191791817304194478e-01,-2.140225812018559104e-01,-2.081596791785559342e-01,-2.016556238408798996e-01,-1.945811575750842071e-01,-1.870113404746657493e-01,-1.790242321770578182e-01,-1.706995641926318252e-01,-1.621174339539293019e-01,-1.533570499535720777e-01,-1.444955546518583156e-01,-1.356069484497246791e-01,-1.267611340904222783e-01,-1.180230965382641356e-01,-1.094522288553068795e-01,-1.011018100253209123e-01,-9.301863621871808707e-02,-8.524280279726965948e-02,-7.780763054860617700e-02,-7.073972631907957109e-02,-6.405916545482093216e-02,-5.777978131273773382e-02,-5.190954558668094826e-02,-4.645102230439909774e-02,-4.140187806036582652e-02,-3.675543131042900008e-02,-3.250122430282602337e-02,-2.862560238097501195e-02,-2.511228688367969641e-02,-2.194292960176942933e-02,-1.909763864115052168e-02,-1.655546750921316201e-02,-1.429486120984385135e-02,-1.229405503634893766e-02,-1.053142353643310089e-02,-8.985778745525148381e-03,-7.636618212470207626e-03,-6.464324554631735963e-03,-5.450319268171505312e-03,-4.577174283664883075e-03,-3.828685305411012527e-03,-3.189911319603688702e-03,-2.647184821779776515e-03,-2.188097320973149060e-03,-1.801464552090520669e-03,-1.477275595176865157e-03,-1.206629785969948708e-03,-9.816649305719629508e-04,-7.954799301953152831e-04,-6.420544991602753718e-04,-5.161682371158262230e-04,-4.133209082720585366e-04,-3.296553967228357763e-04,-2.618844553060480605e-04,-2.072220508989520884e-04,-1.633198342903753771e-04,-1.282090285767330533e-04,-1.002478355760091721e-04,-7.807430299254744543e-05
-5.905483835751358581e-05,-7.582673810353350889e-05,-9.697638234817840155e-05,-1.235339419618598832e-04,-1.567412612203297458e-04,-1.980875087404924983e-04,-2.493489588886546073e-04,-3.126329469776628687e-04,-3.904259229962959467e-04,-4.856453815315345452e-04,-6.016952684011105459e-04,-7.425242566904580004e-04,-9.126860469650065460e-04,-1.117400580457268569e-03,-1.362614763793037771e-03,-1.655060995074296264e-03,-2.002311461782630905e-03,-2.412825861179702588e-03,-2.895989886127026645e-03,-3.462141538193424031e-03,-4.122582092208152207e-03,-4.889568360292910476e-03,-5.776282808166988830e-03,-6.796778081823176554e-03,-7.965892627666950124e-03,-9.299134351532588327e-03,-1.081252967664660981e-02,-1.252243593878735357e-02,-1.444531580475335100e-02,-1.659747331777633797e-02,-1.899475225343695908e-02,-2.165219869662233371e-02,-2.458369110010359682e-02,-2.780154252552558686e-02,-3.131608125641256735e-02,-3.513521746059512785e-02,-3.926400500976662267e-02,-4.370420887499838064e-02,-4.845388964423760075e-02,-5.350701758588551071e-02,-5.885312924878337293e-02,-6.447703978624924614e-02,-7.035862397205264185e-02,-7.647267820331715704e-02,-8.278887463826237192e-02,-8.927181699189430664e-02,-9.588120542606115571e-02,-1.025721154579962435e-01,-1.092953929304918692e-01,-1.159981639139039955e-01,-1.226244550399385180e-01,-1.291159163093152928e-01,-1.354126349908406080e-01,-1.414540259655920895e-01,-1.471797808955314646e-01,-1.525308560352240106e-01,-1.574504764725840333e-01,-1.618851331780685188e-01,-1.657855485390312134e-01,-1.691075861093964128e-01,-1.718130811383438150e-01,-1.738705700487870598e-01,-1.752558993794488262e-01,-1.759526977154212135e-01,-1.759526977154212135e-01,-1.752558993794488262e-01,-1.738705700487870598e-01,-1.718130811383437873e-01,-1.691075861093964128e-01,-1.657855485390312134e-01,-1.618851331780685188e-01,-1.574504764725840333e-01,-1.525308560352240106e-01,-1.471797808955314646e-01,-1.414540259655920895e-01,-1.354126349908406635e-01,-1.291159163093152096e-01,-1.226244550399385180e-01,-1.159981639139039955e-01,-1.092953929304918692e-01,-1.025721154579962435e-01,-9.588120542606115571e-02,-8.927181699189434827e-02,-8.278887463826237192e-02,-7.647267820331719868e-02,-7.035862397205264185e-02,-6.447703978624924614e-02,-5.885312924878337293e-02,-5.350701758588551071e-02,-4.845388964423760075e-02,-4.370420887499842921e-02,-3.926400500976663654e-02,-3.513521746059508621e-02,-3.131608125641256735e-02,-2.780154252552558686e-02,-2.458369110010359682e-02,-2.165219869662233371e-02,-1.899475225343695908e-02,-1.659747331777634838e-02,-1.444531580475336835e-02,-1.252243593878737092e-02,-1.081252967664660981e-02,-9.299134351532588327e-03,-7.965892627666950124e-03,-6.796778081823176554e-03,-5.776282808166988830e-03,-4.889568360292916548e-03,-4.122582092208153942e-03,-3.462141538193421429e-03,-2.895989886127026645e-03,-2.412825861179702588e-03,-2.002311461782630905e-03,-1.655060995074296264e-03,-1.362614763793037771e-03,-1.117400580457270521e-03,-9.126860469650081723e-04,-7.425242566904586509e-04,-6.016952684011105459e-04,-4.856453815315345452e-04,-3.904259229962959467e-04,-3.126329469776628687e-04,-2.493489588886546073e-04,-1.980875087404928236e-04,-1.567412612203299084e-04,-1.235339419618596934e-04,-9.697638234817840155e-05,-7.582673810353350889e-05,-5.905483835751358581e-05
-3.923417423344896174e-05,-5.037689606900136842e-05,-6.442805343982296114e-05,-8.207205941932314993e-05,-1.041339562231911376e-04,-1.316031005680588382e-04,-1.656595931859303553e-04,-2.077034812724646434e-04,-2.593866838709731016e-04,-3.226474924768593308e-04,-3.997473814588385762e-04,-4.933097248220492123e-04,-6.063598577695021282e-04,-7.423657448152119320e-04,-9.052783233793073019e-04,-1.099570386673807357e-03,-1.330272657519119195e-03,-1.603005492274818793e-03,-1.924004449605907401e-03,-2.300137772082474184e-03,-2.738913670683378564e-03,-3.248475185262849133e-03,-3.837580330764978065e-03,-4.515565242494808985e-03,-5.292288116796911579e-03,-6.178051917770778154e-03,-7.183504096136722993e-03,-8.319511950489943616e-03,-9.597012758037270358e-03,-1.102683841148479824e-02,-1.261951501621078053e-02,-1.438503871702585986e-02,-1.633262992074612993e-02,-1.847046903763695930e-02,-2.080541785390582071e-02,-2.334273163586974426e-02,-2.608576801667257528e-02,-2.903569958749315644e-02,-3.219123786405986287e-02,-3.554837688264968903e-02,-3.910016505593694180e-02,-4.283651405014587271e-02,-4.674405329896252209e-02,-5.080603832261076924e-02,-5.500232025841254868e-02,-5.930938292968712666e-02,-6.370045239350949351e-02,-6.814568223876016351e-02,-7.261241599186606110e-02,-7.706552587962915701e-02,-8.146782495945242841e-02,-8.578054732998129095e-02,-8.996388886000759866e-02,-9.397759870509821145e-02,-9.778160990532004659e-02,-1.013366956562280763e-01,-1.046051364947806761e-01,-1.075513827074142253e-01,-1.101426958006513912e-01,-1.123497529101250836e-01,-1.141471985776729842e-01,-1.155141293938581337e-01,-1.164344985599008453e-01,-1.168974294234757377e-01,-1.168974294234757377e-01,-1.164344985599008453e-01,-1.155141293938581337e-01,-1.141471985776729703e-01,-1.123497529101251391e-01,-1.101426958006513912e-01,-1.075513827074142253e-01,-1.046051364947806761e-01,-1.013366956562280763e-01,-9.778160990532004659e-02,-9.397759870509825308e-02,-8.996388886000765417e-02,-8.578054732998124932e-02,-8.146782495945242841e-02,-7.706552587962915701e-02,-7.261241599186606110e-02,-6.814568223876016351e-02,-6.370045239350949351e-02,-5.930938292968714054e-02,-5.500232025841256256e-02,-5.080603832261080394e-02,-4.674405329896252209e-02,-4.283651405014587271e-02,-3.910016505593694180e-02,-3.554837688264968903e-02,-3.219123786405986287e-02,-2.903569958749317725e-02,-2.608576801667258915e-02,-2.334273163586973038e-02,-2.080541785390582071e-02,-1.847046903763695930e-02,-1.633262992074612993e-02,-1.438503871702585986e-02,-1.261951501621078053e-02,-1.102683841148480864e-02,-9.597012758037277297e-03,-8.319511950489948821e-03,-7.183504096136722993e-03,-6.178051917770778154e-03,-5.292288116796911579e-03,-4.515565242494808985e-03,-3.837580330764978065e-03,-3.248475185262847831e-03,-2.738913670683382900e-03,-2.300137772082470281e-03,-1.924004449605907401e-03,-1.603005492274818793e-03,-1.330272657519119195e-03,-1.099570386673807357e-03,-9.052783233793073019e-04,-7.423657448152132330e-04,-6.063598577695032124e-04,-4.933097248220492123e-04,-3.997473814588385762e-04,-3.226474924768593308e-04,-2.593866838709731016e-04,-2.077034812724646434e-04,-1.656595931859303553e-04,-1.316031005680592448e-04,-1.041339562231913274e-04,-8.207205941932304151e-05,-6.442805343982296114e-05,-5.037689606900136842e-05,-3.923417423344896174e-05
-2.311542552806964735e-05,-2.968033384593398097e-05,-3.795879231063408474e-05,-4.835403355642135912e-05,-6.135214406955120210e-05,-7.753601878666605452e-05,-9.760093245533453120e-05,-1.223717447118145385e-04,-1.528217094188438253e-04,-1.900928012347167801e-04,-2.355174030469288143e-04,-2.906411165568755992e-04,-3.572463651734587202e-04,-4.373763542660772568e-04,-5.333588402227629460e-04,-6.478290389086336330e-04,-7.837508791173911299e-04,-9.444356814364868614e-04,-1.133557222484465844e-03,-1.355162034467993814e-03,-1.613673696960794346e-03,-1.913889808867392335e-03,-2.260970291255820844e-03,-2.660415673819391518e-03,-3.118034066653352539e-03,-3.639895621711020102e-03,-4.232273450609965945e-03,-4.901570191771319369e-03,-5.654229712606433263e-03,-6.496633791604791187e-03,-7.434984047883549940e-03,-8.475169866027771476e-03,-9.622623592486948679e-03,-1.088216484352604041e-02,-1.225783634748500543e-02,-1.375273432645991722e-02,-1.536883698237298534e-02,-1.710683516560150205e-02,-1.896596974554544401e-02,-2.094388054621243792e-02,-2.303647193153349551e-02,-2.523780020235720165e-02,-2.753998788105249326e-02,-2.993316969626260565e-02,-3.240547463135956541e-02,-3.494304776416422287e-02,-3.753011480871623617e-02,-4.014909128650944597e-02,-4.278073712692598979e-02,-4.540435625463895564e-02,-4.799803940256124057e-02,-5.053894703543320571e-02,-5.300362792868786033e-02,-5.536836766969591150e-02,-5.760956018424882863e-02,-5.970409438884427544e-02,-6.162974727367175054e-02,-6.336557417065852293e-02,-6.489228668588127580e-02,-6.619260879656665986e-02,-6.725160193917067986e-02,-6.805695054407680245e-02,-6.859920038956621169e-02,-6.887194332632178007e-02,-6.887194332632178007e-02,-6.859920038956621169e-02,-6.805695054407680245e-02,-6.725160193917070761e-02,-6.619260879656665986e-02,-6.489228668588127580e-02,-6.336557417065852293e-02,-6.162974727367175054e-02,-5.970409438884427544e-02,-5.760956018424882863e-02,-5.536836766969593232e-02,-5.300362792868786033e-02,-5.053894703543320571e-02,-4.799803940256124057e-02,-4.540435625463895564e-02,-4.278073712692598979e-02,-4.014909128650944597e-02,-3.753011480871623617e-02,-3.494304776416425062e-02,-3.240547463135959316e-02,-2.993316969626261953e-02,-2.753998788105249326e-02,-2.523780020235720165e-02,-2.303647193153349551e-02,-2.094388054621243792e-02,-1.896596974554544401e-02,-1.710683516560150899e-02,-1.536883698237299922e-02,-1.375273432645990682e-02,-1.225783634748500543e-02,-1.088216484352604041e-02,-9.622623592486948679e-03,-8.475169866027771476e-03,-7.434984047883549940e-03,-6.496633791604803330e-03,-5.654229712606433263e-03,-4.901570191771319369e-03,-4.232273450609965945e-03,-3.639895621711020102e-03,-3.118034066653352539e-03,-2.660415673819391518e-03,-2.260970291255820844e-03,-1.913889808867393853e-03,-1.613673696960795864e-03,-1.355162034467992729e-03,-1.133557222484465844e-03,-9.444356814364868614e-04,-7.837508791173911299e-04,-6.478290389086336330e-04,-5.333588402227629460e-04,-4.373763542660782325e-04,-3.572463651734596418e-04,-2.906411165568758160e-04,-2.355174030469288143e-04,-1.900928012347167801e-04,-1.528217094188438253e-04,-1.223717447118145385e-04,-9.760093245533453120e-05,-7.753601878666619004e-05,-6.135214406955147315e-05,-4.835403355642126425e-05,-3.795879231063408474e-05,-2.968033384593398097e-05,-2.311542552806964735e-05
-1.214916388094290429e-05,-1.559959341857986028e-05,-1.995064239438562476e-05,-2.541424458174944666e-05,-3.224588064983135890e-05,-4.075191251708448119e-05,-5.129776745372008806e-05,-6.431698084447496158e-05,-8.032108212936809070e-05,-9.991027818127937339e-05,-1.237848519360643031e-04,-1.527571513361012853e-04,-1.877639947009870219e-04,-2.298792639216305886e-04,-2.803263971648426930e-04,-3.404904292580420767e-04,-4.119291622240551045e-04,-4.963829826471756164e-04,-5.957827792383416001e-04,-7.122553561469554227e-04,-8.481256886634901951e-04,-1.005915331723431731e-03,-1.188336272029863819e-03,-1.398279515703127439e-03,-1.638797729080695119e-03,-1.913081304256946964e-03,-2.224427306258556451e-03,-2.576200877697944550e-03,-2.971788830602976536e-03,-3.414545343880135038e-03,-3.907729907037403062e-03,-4.454437903216012726e-03,-5.057524502319400359e-03,-5.719522831318353887e-03,-6.442557695099913190e-03,-7.228256427308079289e-03,-8.077658744876170874e-03,-8.991127749683523393e-03,-9.968264452663059064e-03,-1.100782837632996967e-02,-1.210766690819012337e-02,-1.326465611808001419e-02,-1.447465570728041079e-02,-1.573248061881290377e-02,-1.703189160234348451e-02,-1.836560669285239311e-02,-1.972533513294025265e-02,-2.110183475179461948e-02,-2.248499322114651255e-02,-2.386393295578626006e-02,-2.522713873285850270e-02,-2.656260639278170896e-02,-2.785801028011304983e-02,-2.910088641122290237e-02,-3.027882774373186897e-02,-3.137968739587064515e-02,-3.239178524573156637e-02,-3.330411305102470160e-02,-3.410653308538678236e-02,-3.478996529828490974e-02,-3.534655817703886982e-02,-3.576983882010606464e-02,-3.605483821279589080e-02,-3.619818831604140752e-02,-3.619818831604140752e-02,-3.605483821279589080e-02,-3.576983882010606464e-02,-3.534655817703888370e-02,-3.478996529828490974e-02,-3.410653308538678236e-02,-3.330411305102470160e-02,-3.239178524573156637e-02,-3.137968739587064515e-02,-3.027882774373186897e-02,-2.910088641122291625e-02,-2.785801028011304983e-02,-2.656260639278170896e-02,-2.522713873285850270e-02,-2.386393295578626006e-02,-2.248499322114651255e-02,-2.110183475179461948e-02,-1.972533513294025265e-02,-1.836560669285241393e-02,-1.703189160234350186e-02,-1.573248061881291071e-02,-1.447465570728041079e-02,-1.326465611808001419e-02,-1.210766690819012337e-02,-1.100782837632996967e-02,-9.968264452663059064e-03,-8.991127749683532067e-03,-8.077658744876177813e-03,-7.228256427308074085e-03,-6.442557695099913190e-03,-5.719522831318353887e-03,-5.057524502319400359e-03,-4.454437903216012726e-03,-3.907729907037403062e-03,-3.414545343880135038e-03,-2.971788830602981740e-03,-2.576200877697949320e-03,-2.224427306258556451e-03,-1.913081304256946964e-03,-1.638797729080695119e-03,-1.398279515703127439e-03,-1.188336272029863819e-03,-1.005915331723432815e-03,-8.481256886634918214e-04,-7.122553561469539048e-04,-5.957827792383416001e-04,-4.963829826471756164e-04,-4.119291622240551045e-04,-3.404904292580420767e-04,-2.803263971648426930e-04,-2.298792639216310223e-04,-1.877639947009874556e-04,-1.527571513361012040e-04,-1.237848519360643031e-04,-9.991027818127937339e-05,-8.032108212936809070e-05,-6.431698084447496158e-05,-5.129776745372008806e-05,-4.075191251708445408e-05,-3.224588064983141311e-05,-2.541424458174933824e-05,-1.995064239438562476e-05,-1.559959341857986028e-05,-1.214916388094290429e-05
-5.718714021312370420e-06,-7.342860338688693211e-06,-9.390935830071874037e-06,-1.196269951207806316e-05,-1.517840829285479963e-05,-1.918226931421214659e-05,-2.414629227775655140e-05,-3.027454594967823889e-05,-3.780781155653894327e-05,-4.702861154130361055e-05,-5.826657499478105095e-05,-7.190408095258134355e-05,-8.838209770784823636e-05,-1.082061105340500259e-04,-1.319520021065142493e-04,-1.602717200131727518e-04,-1.938985348196102759e-04,-2.336516611861642260e-04,-2.804399847327045613e-04,-3.352646101302159294e-04,-3.992199228790619357e-04,-4.734928401783489301e-04,-5.593599170681214702e-04,-6.581819745396950147e-04,-7.713959284135756423e-04,-9.005035231869519671e-04,-1.047056715206941616e-03,-1.212639505515096094e-03,-1.398846095129778868e-03,-1.607255324383580035e-03,-1.839401462509704203e-03,-2.096741532488869894e-03,-2.380619486902508380e-03,-2.692227690004451741e-03,-3.032566305396014895e-03,-3.402401332763961127e-03,-3.802222175647748583e-03,-4.232199749167865621e-03,-4.692146245801533978e-03,-5.181477762322576897e-03,-5.699181045854229480e-03,-6.243785636091337549e-03,-6.813342659467787679e-03,-7.405411465883344688e-03,-8.017055187524123328e-03,-8.644846141969395742e-03,-9.284881799707525932e-03,-9.932811792900004058e-03,-1.058387616324626274e-02,-1.123295473954223980e-02,-1.187462720916013237e-02,-1.250324311282669312e-02,-1.311300066045220994e-02,-1.369803294970146565e-02,-1.425249988096649947e-02,-1.477068381443521865e-02,-1.524708681810352587e-02,-1.567652721937648486e-02,-1.605423310485608671e-02,-1.637593041808828656e-02,-1.663792338575956556e-02,-1.683716515845928505e-02,-1.697131677901626487e-02,-1.703879288300336192e-02,-1.703879288300336192e-02,-1.697131677901626487e-02,-1.683716515845928505e-02,-1.663792338575957250e-02,-1.637593041808828656e-02,-1.605423310485608671e-02,-1.567652721937648486e-02,-1.524708681810352587e-02,-1.477068381443521865e-02,-1.425249988096649947e-02,-1.369803294970147606e-02,-1.311300066045220994e-02,-1.250324311282669312e-02,-1.187462720916013237e-02,-1.123295473954223980e-02,-1.058387616324626274e-02,-9.932811792900004058e-03,-9.284881799707525932e-03,-8.644846141969402681e-03,-8.017055187524130266e-03,-7.405411465883350759e-03,-6.813342659467787679e-03,-6.243785636091337549e-03,-5.699181045854229480e-03,-5.181477762322576897e-03,-4.692146245801533978e-03,-4.232199749167865621e-03,-3.802222175647751619e-03,-3.402401332763958092e-03,-3.032566305396014895e-03,-2.692227690004451741e-03,-2.380619486902508380e-03,-2.096741532488869894e-03,-1.839401462509704203e-03,-1.607255324383583071e-03,-1.398846095129778868e-03,-1.212639505515096094e-03,-1.047056715206941616e-03,-9.005035231869519671e-04,-7.713959284135756423e-04,-6.581819745396950147e-04,-5.593599170681214702e-04,-4.734928401783494180e-04,-3.992199228790621526e-04,-3.352646101302157668e-04,-2.804399847327045613e-04,-2.336516611861642260e-04,-1.938985348196102759e-04,-1.602717200131727518e-04,-1.319520021065142493e-04,-1.082061105340499717e-04,-8.838209770784816860e-05,-7.190408095258149263e-05,-5.826657499478105095e-05,-4.702861154130361055e-05,-3.780781155653894327e-05,-3.027454594967823889e-05,-2.414629227775655140e-05,-1.918226931421218047e-05,-1.517840829285479116e-05,-1.196269951207804452e-05,-9.390935830071874037e-06,-7.342860338688693211e-06,-5.718714021312370420e-06
-2.417310014963766617e-06,-3.103839389247693913e-06,-3.969564336897060708e-06,-5.056653161668714762e-06,-6.415938660472976323e-06,-8.108377434186834543e-06,-1.020667827237636299e-05,-1.279710138501442422e-05,-1.598142540069011567e-05,-1.987907303022381974e-05,-2.462937904354215989e-05,-3.039397570077338875e-05,-3.735926103954015517e-05,-4.573890453333220922e-05,-5.577633275555849568e-05,-6.774712504585097997e-05,-8.196123610298683534e-05,-9.876494933884092872e-05,-1.185424522303846277e-04,-1.417169134022735588e-04,-1.687509314423023385e-04,-2.001462182426275063e-04,-2.364423757612155023e-04,-2.782146253150646377e-04,-3.260703536331900328e-04,-3.806443506350446772e-04,-4.425926308733228818e-04,-5.125847542468375774e-04,-5.912945922017212759e-04,-6.793895231964500007e-04,-7.775180854109768397e-04,-8.862961649046870866e-04,-1.006291852689410052e-03,-1.138009163136476706e-03,-1.281870867078812020e-03,-1.438200753869648719e-03,-1.607205695206518877e-03,-1.788957937197711671e-03,-1.983378093288138549e-03,-2.190219346604084169e-03,-2.409053393453920461e-03,-2.639258667798674227e-03,-2.880011377511002522e-03,-3.130279855697208971e-03,-3.388822683403193946e-03,-3.654190973516774441e-03,-3.924735120263466229e-03,-4.198616215856377544e-03,-4.473822217932854617e-03,-4.748188821531374587e-03,-5.019424851406828481e-03,-5.285141848940823166e-03,-5.542887387724845967e-03,-5.790181518294936630e-03,-6.024555620744907747e-03,-6.243592839129855944e-03,-6.444969188364036219e-03,-6.626494366744786584e-03,-6.786151278469680290e-03,-6.922133272702131294e-03,-7.032878139859611959e-03,-7.117097971582484785e-03,-7.173804086748840521e-03,-7.202326349154491991e-03,-7.202326349154491991e-03,-7.173804086748840521e-03,-7.117097971582484785e-03,-7.032878139859611959e-03,-6.922133272702131294e-03,-6.786151278469680290e-03,-6.626494366744786584e-03,-6.444969188364036219e-03,-6.243592839129855944e-03,-6.024555620744907747e-03,-5.790181518294936630e-03,-5.542887387724845967e-03,-5.285141848940823166e-03,-5.019424851406828481e-03,-4.748188821531374587e-03,-4.473822217932854617e-03,-4.198616215856377544e-03,-3.924735120263466229e-03,-3.654190973516777477e-03,-3.388822683403196114e-03,-3.130279855697211573e-03,-2.880011377511002522e-03,-2.639258667798674227e-03,-2.409053393453920461e-03,-2.190219346604084169e-03,-1.983378093288138549e-03,-1.788957937197713840e-03,-1.607205695206520395e-03,-1.438200753869647635e-03,-1.281870867078812020e-03,-1.138009163136476706e-03,-1.006291852689410052e-03,-8.862961649046870866e-04,-7.775180854109768397e-04,-6.793895231964498923e-04,-5.912945922017225769e-04,-5.125847542468384447e-04,-4.425926308733228818e-04,-3.806443506350446772e-04,-3.260703536331900328e-04,-2.782146253150646377e-04,-2.364423757612155023e-04,-2.001462182426274521e-04,-1.687509314423026095e-04,-1.417169134022733148e-04,-1.185424522303846277e-04,-9.876494933884092872e-05,-8.196123610298683534e-05,-6.774712504585097997e-05,-5.577633275555849568e-05,-4.573890453333227698e-05,-3.735926103954020938e-05,-3.039397570077344974e-05,-2.462937904354215989e-05,-1.987907303022381974e-05,-1.598142540069011567e-05,-1.279710138501442422e-05,-1.020667827237636299e-05,-8.108377434186863343e-06,-6.415938660472985640e-06,-5.056653161668715609e-06,-3.969564336897060708e-06,-3.103839389247693913e-06,-2.417310014963766617e-06
-9.193662648066015831e-07,-1.180471353772564689e-06,-1.509729209216574145e-06,-1.923177540691052164e-06,-2.440149391262801988e-06,-3.083828151608528550e-06,-3.881866877342998440e-06,-4.867072583931058323e-06,-6.078154347587094822e-06,-7.560531750781044052e-06,-9.367197453201631793e-06,-1.155962443363373930e-05,-1.420870474421612666e-05,-1.739570247789904388e-05,-2.121319913153818182e-05,-2.576600474048975628e-05,-3.117200318886878476e-05,-3.756289512118058440e-05,-4.508479708991620401e-05,-5.389865119825024202e-05,-6.418039579630424498e-05,-7.612084504752671490e-05,-8.992522369905705756e-05,-1.058123034725083628e-04,-1.240130894375198291e-04,-1.447690088142545792e-04,-1.683295611063908095e-04,-1.949493974672460259e-04,-2.248848088444248250e-04,-2.583896167323911043e-04,-2.957104771745982554e-04,-3.370816277584703490e-04,-3.827191283639497384e-04,-4.328146688475749881e-04,-4.875290400219159034e-04,-5.469853874522579351e-04,-6.112623898594423668e-04,-6.803875243292853555e-04,-7.543305980771728520e-04,-8.329977401863104987e-04,-9.162260555531598566e-04,-1.003779146345400641e-03,-1.095343702856622437e-03,-1.190527355166246925e-03,-1.288857959155471217e-03,-1.389784465135091279e-03,-1.492679484855399981e-03,-1.596843633556935130e-03,-1.701511678869776101e-03,-1.805860478972613802e-03,-1.909018639954835391e-03,-2.010077768492849522e-03,-2.108105142638315097e-03,-2.202157572704562319e-03,-2.291296177932266101e-03,-2.374601764751347373e-03,-2.451190460810091266e-03,-2.520229237046148468e-03,-2.580950939134191678e-03,-2.632668450477194510e-03,-2.674787621884591217e-03,-2.706818628099926828e-03,-2.728385447816664231e-03,-2.739233210697466191e-03,-2.739233210697466191e-03,-2.728385447816664231e-03,-2.706818628099926828e-03,-2.674787621884591217e-03,-2.632668450477194510e-03,-2.580950939134191678e-03,-2.520229237046148468e-03,-2.451190460810091266e-03,-2.374601764751347373e-03,-2.291296177932266101e-03,-2.202157572704562319e-03,-2.108105142638315097e-03,-2.010077768492849956e-03,-1.909018639954835391e-03,-1.805860478972613802e-03,-1.701511678869776101e-03,-1.596843633556935130e-03,-1.492679484855399981e-03,-1.389784465135093013e-03,-1.288857959155472518e-03,-1.190527355166247792e-03,-1.095343702856622437e-03,-1.003779146345400641e-03,-9.162260555531598566e-04,-8.329977401863104987e-04,-7.543305980771728520e-04,-6.803875243292852471e-04,-6.112623898594429089e-04,-5.469853874522573930e-04,-4.875290400219159034e-04,-4.328146688475749881e-04,-3.827191283639497384e-04,-3.370816277584703490e-04,-2.957104771745982554e-04,-2.583896167323916464e-04,-2.248848088444247708e-04,-1.949493974672459988e-04,-1.683295611063908095e-04,-1.447690088142545792e-04,-1.240130894375198291e-04,-1.058123034725083628e-04,-8.992522369905705756e-05,-7.612084504752686398e-05,-6.418039579630436696e-05,-5.389865119825014038e-05,-4.508479708991620401e-05,-3.756289512118058440e-05,-3.117200318886878476e-05,-2.576600474048975628e-05,-2.121319913153818182e-05,-1.739570247789910826e-05,-1.420870474421618088e-05,-1.155962443363373930e-05,-9.367197453201631793e-06,-7.560531750781044052e-06,-6.078154347587094822e-06,-4.867072583931058323e-06,-3.881866877342998440e-06,-3.083828151608535326e-06,-2.440149391262811305e-06,-1.923177540691049199e-06,-1.509729209216574145e-06,-1.180471353772564689e-06,-9.193662648066015831e-07
-3.150537692289690653e-07,-4.045307770250910708e-07,-5.173627705154155892e-07,-6.590456451201997391e-07,-8.362045602802719339e-07,-1.056784134909553327e-06,-1.330260678652670093e-06,-1.667876690038242995e-06,-2.082897220038402009e-06,-2.590886914868403810e-06,-3.210005606812191496e-06,-3.961319213136137473e-06,-4.869121433848244870e-06,-5.961260320119216553e-06,-7.269462236796015562e-06,-8.829644095294731569e-06,-1.068220302942753634e-05,-1.287227098067370095e-05,-1.544992001755616455e-05,-1.847030271437940586e-05,-2.199371064641607686e-05,-2.608553311901486111e-05,-3.081609774000782350e-05,-3.626037447308987462e-05,-4.249752547668129548e-05,-4.961028443225215946e-05,-5.768415127825308623e-05,-6.680639135034232049e-05,-7.706483191840462707e-05,-8.854645400578545612e-05,-1.013357831374770996e-04,-1.155130892098617641e-04,-1.311524128769861203e-04,-1.483194435317912105e-04,-1.670692819034386037e-04,-1.874441282291919027e-04,-2.094709445898978485e-04,-2.331591469928481861e-04,-2.584983887993202848e-04,-2.854565017785565977e-04,-3.139776640907490320e-04,-3.439808655542528609e-04,-3.753587393798797568e-04,-4.079768259652464461e-04,-4.416733282225737516e-04,-4.762594092451120638e-04,-5.115200719849958806e-04,-5.472156472124042057e-04,-5.830839006560695550e-04,-6.188427532977147693e-04,-6.541935908129617753e-04,-6.888251197037832414e-04,-7.224177093977763534e-04,-7.546481421771961389e-04,-7.851946769325350009e-04,-8.137423190745969332e-04,-8.399881780943585508e-04,-8.636467867563814294e-04,-8.844552521625608258e-04,-9.021781092082049869e-04,-9.166117513992121752e-04,-9.275883225729004890e-04,-9.349789655648634620e-04,-9.386963399281894778e-04,-9.386963399281894778e-04,-9.349789655648634620e-04,-9.275883225729004890e-04,-9.166117513992121752e-04,-9.021781092082049869e-04,-8.844552521625608258e-04,-8.636467867563814294e-04,-8.399881780943585508e-04,-8.137423190745969332e-04,-7.851946769325350009e-04,-7.546481421771961389e-04,-7.224177093977761366e-04,-6.888251197037832414e-04,-6.541935908129617753e-04,-6.188427532977147693e-04,-5.830839006560695550e-04,-5.472156472124042057e-04,-5.115200719849958806e-04,-4.762594092451124974e-04,-4.416733282225741852e-04,-4.079768259652468256e-04,-3.753587393798797568e-04,-3.439808655542528609e-04,-3.139776640907490320e-04,-2.854565017785565977e-04,-2.584983887993202848e-04,-2.331591469928481861e-04,-2.094709445898978485e-04,-1.874441282291915774e-04,-1.670692819034386037e-04,-1.483194435317912105e-04,-1.311524128769861203e-04,-1.155130892098617641e-04,-1.013357831374770996e-04,-8.854645400578561875e-05,-7.706483191840462707e-05,-6.680639135034232049e-05,-5.768415127825308623e-05,-4.961028443225215946e-05,-4.249752547668129548e-05,-3.626037447308987462e-05,-3.081609774000782350e-05,-2.608553311901491193e-05,-2.199371064641611413e-05,-1.847030271437937198e-05,-1.544992001755616455e-05,-1.287227098067370095e-05,-1.068220302942753634e-05,-8.829644095294731569e-06,-7.269462236796015562e-06,-5.961260320119238576e-06,-4.869121433848262658e-06,-3.961319213136137473e-06,-3.210005606812191496e-06,-2.590886914868403810e-06,-2.082897220038402009e-06,-1.667876690038242995e-06,-1.330260678652670093e-06,-1.056784134909555445e-06,-8.362045602802748985e-07,-6.590456451201984686e-07,-5.173627705154155892e-07,-4.045307770250910708e-07,-3.150537692289690653e-07
-9.738330080586550050e-08,-1.250406952460057838e-07,-1.599171291623008367e-07,-2.037113869819872532e-07,-2.584713092888865636e-07,-3.266525823468890285e-07,-4.111843389034315968e-07,-5.155416417032055283e-07,-6.438247256114724408e-07,-8.008446317023508594e-07,-9.922145745525745802e-07,-1.224446041274087071e-06,-1.505048228475952920e-06,-1.842628984750649965e-06,-2.246994947672865428e-06,-2.729248055165812625e-06,-3.301875084465477564e-06,-3.978826344574002656e-06,-4.775579140596710778e-06,-5.709181164890550298e-06,-6.798268577959814994e-06,-8.063053251599748317e-06,-9.525273489736114788e-06,-1.120810255115510014e-05,-1.313600950443749406e-05,-1.533456737798754834e-05,-1.783020425182920909e-05,-2.064989389127597290e-05,-2.382078375583324950e-05,-2.736975972971561580e-05,-3.132294870118794384e-05,-3.570516214127053442e-05,-4.053928605860406323e-05,-4.584562508223097700e-05,-5.164121087914455940e-05,-5.793908756689199917e-05,-6.474758914013059629e-05,-7.206962609211584579e-05,-7.990200027088296107e-05,-8.823476845785101859e-05,-9.705067609031146263e-05,-1.063246828746452246e-04,-1.160236016747208664e-04,-1.261058709503059345e-04,-1.365214791287499565e-04,-1.472120566138460974e-04,-1.581111476947616174e-04,-1.691446704750676695e-04,-1.802315681910790285e-04,-1.912846500564263110e-04,-2.022116142121374691e-04,-2.129162396593920555e-04,-2.232997284048975333e-04,-2.332621736666787521e-04,-2.427041250832132633e-04,-2.515282176462771890e-04,-2.596408277257720933e-04,-2.669537172354596128e-04,-2.733856258297215000e-04,-2.788637711096181239e-04,-2.833252181910194669e-04,-2.867180826377464602e-04,-2.890025346263592511e-04,-2.901515771746129477e-04,-2.901515771746129477e-04,-2.890025346263592511e-04,-2.867180826377464602e-04,-2.833252181910194669e-04,-2.788637711096181239e-04,-2.733856258297215000e-04,-2.669537172354596128e-04,-2.596408277257720933e-04,-2.515282176462771890e-04,-2.427041250832132633e-04,-2.332621736666787521e-04,-2.232997284048975062e-04,-2.129162396593916218e-04,-2.022116142121374691e-04,-1.912846500564263110e-04,-1.802315681910790285e-04,-1.691446704750676695e-04,-1.581111476947616174e-04,-1.472120566138460974e-04,-1.365214791287499565e-04,-1.261058709503061785e-04,-1.160236016747208664e-04,-1.063246828746452246e-04,-9.705067609031146263e-05,-8.823476845785101859e-05,-7.990200027088296107e-05,-7.206962609211598131e-05,-6.474758914013071826e-05,-5.793908756689200595e-05,-5.164121087914455940e-05,-4.584562508223097700e-05,-4.053928605860406323e-05,-3.570516214127053442e-05,-3.132294870118794384e-05,-2.736975972971561241e-05,-2.382078375583329355e-05,-2.064989389127600678e-05,-1.783020425182920909e-05,-1.533456737798754834e-05,-1.313600950443749406e-05,-1.120810255115510014e-05,-9.525273489736114788e-06,-8.063053251599763564e-06,-6.798268577959827699e-06,-5.709181164890539287e-06,-4.775579140596710778e-06,-3.978826344574002656e-06,-3.301875084465477564e-06,-2.729248055165812625e-06,-2.246994947672865428e-06,-1.842628984750653353e-06,-1.505048228475956096e-06,-1.224446041274086860e-06,-9.922145745525745802e-07,-8.008446317023508594e-07,-6.438247256114724408e-07,-5.155416417032055283e-07,-4.111843389034315968e-07,-3.266525823468889226e-07,-2.584713092888870930e-07,-2.037113869819865385e-07,-1.599171291623008367e-07,-1.250406952460057838e-07,-9.738330080586550050e-08
-2.717328617145557510e-08,-3.489064928874159567e-08,-4.462237240353506593e-08,-5.684247472655227051e-08,-7.212237412674221057e-08,-9.114729142783720090e-08,-1.147345552859995647e-07,-1.438538275800509880e-07,-1.796492146859498907e-07,-2.234631623290711611e-07,-2.768619501977511029e-07,-3.416625068745117961e-07,-4.199601561642279292e-07,-5.141567835153127394e-07,-6.269887776822206004e-07,-7.615539607119394558e-07,-9.213365723908114422e-07,-1.110229228142201706e-06,-1.332550627756624782e-06,-1.593057663012701145e-06,-1.896950462868166086e-06,-2.249868833858714555e-06,-2.657878509519452556e-06,-3.127445625084160057e-06,-3.665397891232090163e-06,-4.278871061355771384e-06,-4.975239477621772346e-06,-5.762029747137479875e-06,-6.646816943656425744e-06,-7.637103152440549996e-06,-8.740178672809328450e-06,-9.962966757484625405e-06,-1.131185338904222318e-05,-1.279250425647604618e-05,-1.440967177993783370e-05,-1.616699571630614364e-05,-1.806680153637416159e-05,-2.010990136773953507e-05,-2.229540281614330111e-05,-2.462053138203846686e-05,-2.708047244971217987e-05,-2.966823891707701775e-05,-3.237457043312984148e-05,-3.518786990045130118e-05,-3.809418237230752745e-05,-4.107722072628309655e-05,-4.411844153621306862e-05,-4.719717340818173037e-05,-5.029079872071269872e-05,-5.337498824928860338e-05,-5.642398660456392722e-05,-5.941094482254799389e-05,-6.230829486926886789e-05,-6.508815932062393835e-05,-6.772278810949561908e-05,-7.018501305397083397e-05,-7.244870994515577247e-05,-7.448925732589304065e-05,-7.628398076835424084e-05,-7.781257148306186153e-05,-7.905746847544663962e-05,-8.000419420551478991e-05,-8.064163478431868564e-05,-8.096225712642975527e-05,-8.096225712642975527e-05,-8.064163478431868564e-05,-8.000419420551478991e-05,-7.905746847544663962e-05,-7.781257148306186153e-05,-7.628398076835424084e-05,-7.448925732589304065e-05,-7.244870994515577247e-05,-7.018501305397083397e-05,-6.772278810949561908e-05,-6.508815932062393835e-05,-6.230829486926897632e-05,-5.941094482254799389e-05,-5.642398660456392722e-05,-5.337498824928860338e-05,-5.029079872071269872e-05,-4.719717340818173037e-05,-4.411844153621306862e-05,-4.107722072628309655e-05,-3.809418237230752745e-05,-3.518786990045130118e-05,-3.237457043312984148e-05,-2.966823891707701775e-05,-2.708047244971217987e-05,-2.462053138203846686e-05,-2.229540281614330111e-05,-2.010990136773953507e-05,-1.806680153637416159e-05,-1.616699571630611314e-05,-1.440967177993783370e-05,-1.279250425647604618e-05,-1.131185338904222318e-05,-9.962966757484625405e-06,-8.740178672809328450e-06,-7.637103152440561854e-06,-6.646816943656425744e-06,-5.762029747137479875e-06,-4.975239477621772346e-06,-4.278871061355771384e-06,-3.665397891232090163e-06,-3.127445625084160057e-06,-2.657878509519452556e-06,-2.249868833858718366e-06,-1.896950462868169686e-06,-1.593057663012698392e-06,-1.332550627756624782e-06,-1.110229228142201706e-06,-9.213365723908114422e-07,-7.615539607119394558e-07,-6.269887776822206004e-07,-5.141567835153145393e-07,-4.199601561642294644e-07,-3.416625068745117961e-07,-2.768619501977511029e-07,-2.234631623290711611e-07,-1.796492146859498907e-07,-1.438538275800509880e-07,-1.147345552859995647e-07,-9.114729142783737295e-08,-7.212237412674246203e-08,-5.684247472655228374e-08,-4.462237240353506593e-08,-3.489064928874159567e-08,-2.717328617145557510e-08
-6.849073203303856140e-09,-8.794247761627760186e-09,-1.124714519872616967e-08,-1.432724286649107669e-08,-1.817856761502125714e-08,-2.297383052359354193e-08,-2.891904067634649624e-08,-3.625860300644100046e-08,-4.528089148056890250e-08,-5.632427183729172326e-08,-6.978352754794136798e-08,-8.611661856584678816e-08,-1.058516748357510730e-07,-1.295940956883909450e-07,-1.580335925842683979e-07,-1.919509768627546878e-07,-2.322244571145927768e-07,-2.798351737075226070e-07,-3.358716623019601481e-07,-4.015329055975454534e-07,-4.781296049821594252e-07,-5.670832833283646741e-07,-6.699228191365929712e-07,-7.882780128394919222e-07,-9.238698005784649413e-07,-1.078496761187070964e-06,-1.254017610206971986e-06,-1.452329441818303091e-06,-1.675341566302165539e-06,-1.924944897065652365e-06,-2.202976966507244413e-06,-2.511182792303400883e-06,-2.851171972272392971e-06,-3.224372553004599240e-06,-3.631982390118462623e-06,-4.074918890553512592e-06,-4.553768193196086912e-06,-5.068734996194638600e-06,-5.619594370051599619e-06,-6.205646997416096939e-06,-6.825679346172253436e-06,-7.477930305301918264e-06,-8.160065787514053816e-06,-8.869162724591220129e-06,-9.601703748368028564e-06,-1.035358366181418944e-05,-1.112012856268459205e-05,-1.189612819082705260e-05,-1.267588173610770773e-05,-1.345325697592207149e-05,-1.422176222038420112e-05,-1.497463014225053289e-05,-1.570491217146025693e-05,-1.640558175564155386e-05,-1.706964444296824005e-05,-1.769025244677407157e-05,-1.826082111557584029e-05,-1.877514456903288799e-05,-1.922750767887326920e-05,-1.961279158001293422e-05,-1.992656999376890160e-05,-2.016519383145178517e-05,-2.032586181836499312e-05,-2.040667522745646164e-05,-2.040667522745646164e-05,-2.032586181836499312e-05,-2.016519383145178517e-05,-1.992656999376890160e-05,-1.961279158001293422e-05,-1.922750767887326920e-05,-1.877514456903288799e-05,-1.826082111557584029e-05,-1.769025244677407157e-05,-1.706964444296824005e-05,-1.640558175564155386e-05,-1.570491217146028742e-05,-1.497463014225053289e-05,-1.422176222038420112e-05,-1.345325697592207149e-05,-1.267588173610770773e-05,-1.189612819082705260e-05,-1.112012856268459205e-05,-1.035358366181418944e-05,-9.601703748368028564e-06,-8.869162724591220129e-06,-8.160065787514053816e-06,-7.477930305301918264e-06,-6.825679346172253436e-06,-6.205646997416096939e-06,-5.619594370051599619e-06,-5.068734996194638600e-06,-4.553768193196086912e-06,-4.074918890553505815e-06,-3.631982390118462623e-06,-3.224372553004599240e-06,-2.851171972272392971e-06,-2.511182792303400883e-06,-2.202976966507244413e-06,-1.924944897065656177e-06,-1.675341566302165539e-06,-1.452329441818302879e-06,-1.254017610206971986e-06,-1.078496761187070964e-06,-9.238698005784649413e-07,-7.882780128394919222e-07,-6.699228191365929712e-07,-5.670832833283646741e-07,-4.781296049821594252e-07,-4.015329055975454534e-07,-3.358716623019601481e-07,-2.798351737075226070e-07,-2.322244571145927768e-07,-1.919509768627546878e-07,-1.580335925842683979e-07,-1.295940956883909450e-07,-1.058516748357510730e-07,-8.611661856584694698e-08,-6.978352754794136798e-08,-5.632427183729172326e-08,-4.528089148056890250e-08,-3.625860300644100046e-08,-2.891904067634649624e-08,-2.297383052359362465e-08,-1.817856761502125714e-08,-1.432724286649102375e-08,-1.124714519872616967e-08,-8.794247761627760186e-09,-6.849073203303856140e-09
-1.560155501636200609e-09,-2.003248267435204534e-09,-2.561995607088758648e-09,-3.263613355840838417e-09,-4.140909497471862840e-09,-5.233226017755556441e-09,-6.587489879868528585e-09,-8.259374266120268552e-09,-1.031456809781555300e-08,-1.283014795932014150e-08,-1.589604187249507399e-08,-1.961656887723169097e-08,-2.411203208818675219e-08,-2.952033587117737646e-08,-3.599859011504585979e-08,-4.372465641809883003e-08,-5.289858257129474695e-08,-6.374386327196966411e-08,-7.650845687140929719e-08,-9.146548053447448059e-08,-1.089134999094802271e-07,-1.291763247535279500e-07,-1.526022194423927146e-07,-1.795624374341821541e-07,-2.104489920581861125e-07,-2.456715829305433783e-07,-2.856536082530585365e-07,-3.308272085262642586e-07,-3.816273069654571843e-07,-4.384846361482618695e-07,-5.018177689524706353e-07,-5.720242042582365357e-07,-6.494705935550439998e-07,-7.344822326425499227e-07,-8.273319819469471242e-07,-9.282288182803475715e-07,-1.037306258657549606e-06,-1.154610931422710816e-06,-1.280091599717545062e-06,-1.413588965520266269e-06,-1.554826597443619263e-06,-1.703403330693127778e-06,-1.858787481781066979e-06,-2.020313202814485056e-06,-2.187179269871309835e-06,-2.358450557053189918e-06,-2.533062392676035941e-06,-2.709827927687414310e-06,-2.887448570288096537e-06,-3.064527456909880372e-06,-3.239585840663975744e-06,-3.411082187021985708e-06,-3.577433676018775776e-06,-3.737039724040320107e-06,-3.888307059679876064e-06,-4.029675820497041151e-06,-4.159646083811343571e-06,-4.276804207503824497e-06,-4.379848338235889981e-06,-4.467612445905954620e-06,-4.539088265186130807e-06,-4.593444567437786782e-06,-4.630043248205065727e-06,-4.648451795034325365e-06,-4.648451795034325365e-06,-4.630043248205065727e-06,-4.593444567437786782e-06,-4.539088265186130807e-06,-4.467612445905954620e-06,-4.379848338235889981e-06,-4.276804207503824497e-06,-4.159646083811343571e-06,-4.029675820497041151e-06,-3.888307059679876064e-06,-3.737039724040320107e-06,-3.577433676018781705e-06,-3.411082187021985708e-06,-3.239585840663975744e-06,-3.064527456909880372e-06,-2.887448570288096537e-06,-2.709827927687414310e-06,-2.533062392676035941e-06,-2.358450557053189918e-06,-2.187179269871309835e-06,-2.020313202814485056e-06,-1.858787481781066979e-06,-1.703403330693127778e-06,-1.554826597443619263e-06,-1.413588965520266269e-06,-1.280091599717545062e-06,-1.154610931422710816e-06,-1.037306258657549606e-06,-9.282288182803456657e-07,-8.273319819469471242e-07,-7.344822326425499227e-07,-6.494705935550439998e-07,-5.720242042582365357e-07,-5.018177689524706353e-07,-4.384846361482627165e-07,-3.816273069654571314e-07,-3.308272085262642586e-07,-2.856536082530585365e-07,-2.456715829305433783e-07,-2.104489920581861125e-07,-1.795624374341821541e-07,-1.526022194423927146e-07,-1.291763247535281618e-07,-1.089134999094803992e-07,-9.146548053447432177e-08,-7.650845687140929719e-08,-6.374386327196966411e-08,-5.289858257129474695e-08,-4.372465641809883003e-08,-3.599859011504585979e-08,-2.952033587117748564e-08,-2.411203208818683491e-08,-1.961656887723169097e-08,-1.589604187249507399e-08,-1.283014795932014150e-08,-1.031456809781555300e-08,-8.259374266120268552e-09,-6.587489879868528585e-09,-5.233226017755556441e-09,-4.140909497471876902e-09,-3.263613355840826009e-09,-2.561995607088758648e-09,-2.003248267435204534e-09,-1.560155501636200609e-09
-3.213066072660317404e-10,-4.125594555453794844e-10,-5.276308133906224883e-10,-6.721256526632067197e-10,-8.528006216258696744e-10,-1.077758015183697537e-09,-1.356662218272540733e-09,-1.700978858071725713e-09,-2.124236255583416341e-09,-2.642307966870616099e-09,-3.273714240441864298e-09,-4.039939086542058188e-09,-4.965758359612230300e-09,-6.079572808078641244e-09,-7.413738466515347907e-09,-9.004885085389536967e-09,-1.089421155605299033e-08,-1.312774554873964900e-08,-1.575655290689366846e-08,-1.883688081198844136e-08,-2.243021743966158602e-08,-2.660324986972319638e-08,-3.142770149442126008e-08,-3.698003019820088610e-08,-4.334096926226725896e-08,-5.059489437450628377e-08,-5.882900238138717659e-08,-6.813229056423380307e-08,-7.859432929124510348e-08,-9.030382588871617938e-08,-1.033469834505799937e-07,-1.178056649811582603e-07,-1.337553806113403363e-07,-1.512631234643345600e-07,-1.703850878475066749e-07,-1.911643115416589022e-07,-2.136282917411364736e-07,-2.377866313317080765e-07,-2.636287783260329868e-07,-2.911219260539616375e-07,-3.202091447856767377e-07,-3.508078165392323127e-07,-3.828084436284029320e-07,-4.160738978456383547e-07,-4.504391709338823147e-07,-4.857116781607472378e-07,-5.216721554552426427e-07,-5.580761768983016054e-07,-5.946563036834746854e-07,-6.311248584007587592e-07,-6.671773001596183518e-07,-7.024961572536860300e-07,-7.367554554372040676e-07,-7.696255621253896604e-07,-8.007783506477809911e-07,-8.298925747516795319e-07,-8.566593324929397785e-07,-8.807874909988111283e-07,-9.020089397643187285e-07,-9.200835404343324434e-07,-9.348036455587179868e-07,-9.459980675517116311e-07,-9.535353918347173104e-07,-9.573265445244354402e-07,-9.573265445244354402e-07,-9.535353918347173104e-07,-9.459980675517116311e-07,-9.348036455587179868e-07,-9.200835404343324434e-07,-9.020089397643187285e-07,-8.807874909988111283e-07,-8.566593324929397785e-07,-8.298925747516795319e-07,-8.007783506477809911e-07,-7.696255621253896604e-07,-7.367554554372055499e-07,-7.024961572536860300e-07,-6.671773001596183518e-07,-6.311248584007587592e-07,-5.946563036834746854e-07,-5.580761768983016054e-07,-5.216721554552426427e-07,-4.857116781607472378e-07,-4.504391709338823147e-07,-4.160738978456383547e-07,-3.828084436284029320e-07,-3.508078165392323127e-07,-3.202091447856767377e-07,-2.911219260539616375e-07,-2.636287783260329868e-07,-2.377866313317080765e-07,-2.136282917411364736e-07,-1.911643115416585581e-07,-1.703850878475066749e-07,-1.512631234643345600e-07,-1.337553806113403363e-07,-1.178056649811582603e-07,-1.033469834505799937e-07,-9.030382588871636467e-08,-7.859432929124510348e-08,-6.813229056423405453e-08,-5.882900238138717659e-08,-5.059489437450628377e-08,-4.334096926226725896e-08,-3.698003019820088610e-08,-3.142770149442126008e-08,-2.660324986972319307e-08,-2.243021743966158272e-08,-1.883688081198844136e-08,-1.575655290689366846e-08,-1.312774554873964900e-08,-1.089421155605299033e-08,-9.004885085389536967e-09,-7.413738466515347907e-09,-6.079572808078640417e-09,-4.965758359612229473e-09,-4.039939086542058188e-09,-3.273714240441864298e-09,-2.642307966870616099e-09,-2.124236255583416341e-09,-1.700978858071725713e-09,-1.356662218272540733e-09,-1.077758015183697330e-09,-8.528006216258695710e-10,-6.721256526632067197e-10,-5.276308133906224883e-10,-4.125594555453794844e-10,-3.213066072660317404e-10
-5.984414200976850891e-11,-7.684020834557141925e-11,-9.827253038445758702e-11,-1.251850478539400345e-10,-1.588362030300296578e-10,-2.007350681693811206e-10,-2.526816586201358714e-10,-3.168114755068722081e-10,-3.956442017271651498e-10,-4.921363259487054235e-10,-6.097372897850049332e-10,-7.524485427268640982e-10,-9.248846483034840469e-10,-1.132335315420850632e-09,-1.380826934710638958e-09,-1.677181886849635834e-09,-2.029073566187509549e-09,-2.445074738959282026e-09,-2.934696543491412011e-09,-3.508415154999829802e-09,-4.177682896690942630e-09,-4.954920400397819085e-09,-5.853486323471569873e-09,-6.887621134022757691e-09,-8.072361603272692656e-09,-9.423422909601929309e-09,-1.095704567908192228e-08,-1.268980587318250756e-08,-1.463838619220646224e-08,-1.681930859278994871e-08,-1.924862861216221513e-08,-2.194159343524024491e-08,-2.491226700871499038e-08,-2.817312696575167299e-08,-3.173463963363408043e-08,-3.560482090437274573e-08,-3.978879219771459566e-08,-4.428834207463756125e-08,-4.910150520167291619e-08,-5.422217125621018739e-08,-5.963973693673379450e-08,-6.533881444189686415e-08,-7.129900955964114172e-08,-7.749478182568552637e-08,-8.389539804829118695e-08,-9.046498884969471445e-08,-9.716271576001944268e-08,-1.039430538536002453e-07,-1.107561919981723520e-07,-1.175485495720245048e-07,-1.242634050889225436e-07,-1.308416286665350720e-07,-1.372225068037591378e-07,-1.433446446248944240e-07,-1.491469277344686001e-07,-1.545695232316577974e-07,-1.595548973733192881e-07,-1.640488259493477403e-07,-1.680013727219840401e-07,-1.713678113348400706e-07,-1.741094669421058680e-07,-1.761944554369466099e-07,-1.775983005324581484e-07,-1.783044119998652079e-07,-1.783044119998652079e-07,-1.775983005324581484e-07,-1.761944554369466099e-07,-1.741094669421058680e-07,-1.713678113348400706e-07,-1.680013727219840401e-07,-1.640488259493477403e-07,-1.595548973733192881e-07,-1.545695232316577974e-07,-1.491469277344686001e-07,-1.433446446248944240e-07,-1.372225068037594025e-07,-1.308416286665350720e-07,-1.242634050889225436e-07,-1.175485495720245048e-07,-1.107561919981723520e-07,-1.039430538536002453e-07,-9.716271576001944268e-08,-9.046498884969471445e-08,-8.389539804829118695e-08,-7.749478182568552637e-08,-7.129900955964114172e-08,-6.533881444189686415e-08,-5.963973693673379450e-08,-5.422217125621018739e-08,-4.910150520167291619e-08,-4.428834207463756125e-08,-3.978879219771458904e-08,-3.560482090437274573e-08,-3.173463963363408043e-08,-2.817312696575167299e-08,-2.491226700871499038e-08,-2.194159343524024491e-08,-1.924862861216221513e-08,-1.681930859278994871e-08,-1.463838619220650690e-08,-1.268980587318250756e-08,-1.095704567908192228e-08,-9.423422909601929309e-09,-8.072361603272692656e-09,-6.887621134022757691e-09,-5.853486323471569873e-09,-4.954920400397837283e-09,-4.177682896690956692e-09,-3.508415154999817808e-09,-2.934696543491412011e-09,-2.445074738959282026e-09,-2.029073566187509549e-09,-1.677181886849635834e-09,-1.380826934710638958e-09,-1.132335315420854974e-09,-9.248846483034873556e-10,-7.524485427268640982e-10,-6.097372897850049332e-10,-4.921363259487054235e-10,-3.956442017271651498e-10,-3.168114755068722081e-10,-2.526816586201358714e-10,-2.007350681693818444e-10,-1.588362030300302265e-10,-1.251850478539400345e-10,-9.827253038445758702e-11,-7.684020834557141925e-11,-5.984414200976850891e-11
-1.008280556554309508e-11,-1.294637794686323018e-11,-1.655739029792876051e-11,-2.109173019839520373e-11,-2.676142556542120294e-11,-3.382073156312493608e-11,-4.257292273368866746e-11,-5.337779774580424683e-11,-6.665988391141689537e-11,-8.291730350936538464e-11,-1.027312337097235097e-10,-1.267758564096850956e-10,-1.558286536696862876e-10,-1.907808590274835129e-10,-2.326478254142171773e-10,-2.825790176822186735e-10,-3.418672832290295546e-10,-4.119569996027894387e-10,-4.944506454293428883e-10,-5.911132930152751784e-10,-7.038744803953213725e-10,-8.348268905217013669e-10,-9.862212490321210500e-10,-1.160456852938771889e-09,-1.360067163921716434e-09,-1.587699944697865116e-09,-1.846091487733646098e-09,-2.138034584285637271e-09,-2.466340009440790573e-09,-2.833791455482600290e-09,-3.243094030291236416e-09,-3.696816646976269629e-09,-4.197328861440865815e-09,-4.746732960473637165e-09,-5.346792357158033719e-09,-5.998857604411385395e-09,-6.703791581670072771e-09,-7.461895633593348911e-09,-8.272838632111353740e-09,-9.135591083062165283e-09,-1.004836649533830892e-08,-1.100857226415257355e-08,-1.201277228251201713e-08,-1.305666338010202904e-08,-1.413506749293329067e-08,-1.524194118969246885e-08,-1.637040382446277145e-08,-1.751278515654138024e-08,-1.866069278619192249e-08,-1.980509921343443507e-08,-2.093644775155112838e-08,-2.204477593660409494e-08,-2.311985448956510616e-08,-2.415133933040200727e-08,-2.512893363563101820e-08,-2.604255649365154389e-08,-2.688251436511122307e-08,-2.763967131541293985e-08,-2.830561386649329549e-08,-2.887280632413145184e-08,-2.933473257935671694e-08,-2.968602065691724764e-08,-2.992254668380683648e-08,-3.004151546495009562e-08,-3.004151546495009562e-08,-2.992254668380683648e-08,-2.968602065691724764e-08,-2.933473257935671694e-08,-2.887280632413145184e-08,-2.830561386649329549e-08,-2.763967131541293985e-08,-2.688251436511122307e-08,-2.604255649365154389e-08,-2.512893363563101820e-08,-2.415133933040200727e-08,-2.311985448956510616e-08,-2.204477593660409494e-08,-2.093644775155112838e-08,-1.980509921343443507e-08,-1.866069278619192249e-08,-1.751278515654138024e-08,-1.637040382446277145e-08,-1.524194118969246885e-08,-1.413506749293329067e-08,-1.305666338010202904e-08,-1.201277228251201713e-08,-1.100857226415257355e-08,-1.004836649533830892e-08,-9.135591083062165283e-09,-8.272838632111353740e-09,-7.461895633593348911e-09,-6.703791581670071944e-09,-5.998857604411385395e-09,-5.346792357158033719e-09,-4.746732960473637165e-09,-4.197328861440865815e-09,-3.696816646976269629e-09,-3.243094030291236416e-09,-2.833791455482600290e-09,-2.466340009440799672e-09,-2.138034584285637271e-09,-1.846091487733646098e-09,-1.587699944697865116e-09,-1.360067163921716434e-09,-1.160456852938771889e-09,-9.862212490321210500e-10,-8.348268905217043654e-10,-7.038744803953237506e-10,-5.911132930152731104e-10,-4.944506454293428883e-10,-4.119569996027894387e-10,-3.418672832290295546e-10,-2.825790176822186735e-10,-2.326478254142171773e-10,-1.907808590274841850e-10,-1.558286536696868046e-10,-1.267758564096850956e-10,-1.027312337097235097e-10,-8.291730350936538464e-11,-6.665988391141689537e-11,-5.337779774580424683e-11,-4.257292273368866746e-11,-3.382073156312506532e-11,-2.676142556542129987e-11,-2.109173019839520373e-11,-1.655739029792876051e-11,-1.294637794686323018e-11,-1.008280556554309508e-11
-1.537040343662428390e-12,-1.973568277130463701e-12,-2.524037254140054965e-12,-3.215259881968228149e-12,-4.079558063535454158e-12,-5.155690896425655164e-12,-6.489890077115472784e-12,-8.137003937825647450e-12,-1.016174815726334506e-11,-1.264005735835406561e-11,-1.566052719549327901e-11,-1.932593112476082411e-11,-2.375478985803559710e-11,-2.908296457941482219e-11,-3.546523744829584334e-11,-4.307683487762205664e-11,-5.211484076386478717e-11,-6.279943852210028968e-11,-7.537491276951849739e-11,-9.011033418561110782e-11,-1.072998448903208153e-10,-1.272624570973759586e-10,-1.503412753212077128e-10,-1.769020525538969659e-10,-2.073309940818664933e-10,-2.420317294395607787e-10,-2.814213837897773400e-10,-3.259256950687358482e-10,-3.759731426989070908e-10,-4.319880775532952381e-10,-4.943828709623553329e-10,-5.635491324898228820e-10,-6.398480813416138992e-10,-7.236001937569039834e-10,-8.150742874803380003e-10,-9.144762431377695817e-10,-1.021937599564972842e-09,-1.137504294263728455e-09,-1.261125849497558592e-09,-1.392645327393352290e-09,-1.531790392152515055e-09,-1.678165822610935010e-09,-1.831247812667328282e-09,-1.990380379585917050e-09,-2.154774170323847579e-09,-2.323507913744594488e-09,-2.495532712267438378e-09,-2.669679301114911679e-09,-2.844668328335704404e-09,-3.019123626197394943e-09,-3.191588356824698342e-09,-3.360543824960100155e-09,-3.524430661591594803e-09,-3.681671997243309748e-09,-3.830698166309450082e-09,-3.969972417165647555e-09,-4.098017049883982305e-09,-4.213439366771182541e-09,-4.314956802659260321e-09,-4.401420603269495965e-09,-4.471837441664604935e-09,-4.525388404633020961e-09,-4.561444841831203310e-09,-4.579580648880625094e-09,-4.579580648880625094e-09,-4.561444841831203310e-09,-4.525388404633020961e-09,-4.471837441664604935e-09,-4.401420603269495965e-09,-4.314956802659260321e-09,-4.213439366771182541e-09,-4.098017049883982305e-09,-3.969972417165647555e-09,-3.830698166309450082e-09,-3.681671997243309748e-09,-3.524430661591594803e-09,-3.360543824960100155e-09,-3.191588356824698342e-09,-3.019123626197394943e-09,-2.844668328335704404e-09,-2.669679301114911679e-09,-2.495532712267438378e-09,-2.323507913744594488e-09,-2.154774170323847579e-09,-1.990380379585917050e-09,-1.831247812667328282e-09,-1.678165822610935010e-09,-1.531790392152515055e-09,-1.392645327393352290e-09,-1.261125849497558592e-09,-1.137504294263728455e-09,-1.021937599564976357e-09,-9.144762431377695817e-10,-8.150742874803380003e-10,-7.236001937569039834e-10,-6.398480813416138992e-10,-5.635491324898228820e-10,-4.943828709623553329e-10,-4.319880775532952381e-10,-3.759731426989083832e-10,-3.259256950687358482e-10,-2.814213837897773400e-10,-2.420317294395607787e-10,-2.073309940818664933e-10,-1.769020525538969659e-10,-1.503412753212077128e-10,-1.272624570973759586e-10,-1.072998448903211901e-10,-9.011033418561077178e-11,-7.537491276951849739e-11,-6.279943852210028968e-11,-5.211484076386478717e-11,-4.307683487762205664e-11,-3.546523744829584334e-11,-2.908296457941492881e-11,-2.375478985803568111e-11,-1.932593112476082411e-11,-1.566052719549327901e-11,-1.264005735835406561e-11,-1.016174815726334506e-11,-8.137003937825647450e-12,-6.489890077115472784e-12,-5.155690896425655164e-12,-4.079558063535468698e-12,-3.215259881968216839e-12,-2.524037254140054965e-12,-1.973568277130463701e-12,-1.537040343662428390e-12
-2.120327254806991343e-13,-2.722511887522220036e-13,-3.481876714666600214e-13,-4.435409380849675306e-13,-5.627697532695085065e-13,-7.112208843525636127e-13,-8.952719340092720552e-13,-1.122489158660154408e-12,-1.401800002398783735e-12,-1.743679548149059828e-12,-2.160349451734574181e-12,-2.665987178366004726e-12,-3.276942506804337029e-12,-4.011957311503258131e-12,-4.892383590963085592e-12,-5.942393601992679453e-12,-7.189174812955824685e-12,-8.663101240902073922e-12,-1.039787163250998180e-11,-1.243060393966338044e-11,-1.480187468699759935e-11,-1.755569119638766286e-11,-2.073938429139949387e-11,-2.440340912376893595e-11,-2.860104221275779473e-11,-3.338796373008414968e-11,-3.882171555192531271e-11,-4.496102767540166585e-11,-5.186500828211262151e-11,-5.959219602560375924e-11,-6.819947699703527766e-11,-7.774087322872760255e-11,-8.826621444248480557e-11,-9.981970992059700538e-11,-1.124384427229133400e-10,-1.261508138152271510e-10,-1.409749688096369429e-10,-1.569172447250404780e-10,-1.739706782230414053e-10,-1.921136199272236855e-10,-2.113085014667503599e-10,-2.315008025937048130e-10,-2.526182649345598572e-10,-2.745703965201824131e-10,-2.972483071202457136e-10,-3.205249085741887257e-10,-3.442555068187053063e-10,-3.682788032915310253e-10,-3.924183130472942866e-10,-4.164841955289614942e-10,-4.402754818377307578e-10,-4.635826699290047102e-10,-4.861906468664128340e-10,-5.078818855472504189e-10,-5.284398526333640571e-10,-5.476525552277262075e-10,-5.653161465383823963e-10,-5.812385057216003234e-10,-5.952427045729279505e-10,-6.071702739268487206e-10,-6.168841856183742463e-10,-6.242714716301738325e-10,-6.292454104612377690e-10,-6.317472215642036442e-10,-6.317472215642036442e-10,-6.292454104612377690e-10,-6.242714716301738325e-10,-6.168841856183742463e-10,-6.071702739268487206e-10,-5.952427045729279505e-10,-5.812385057216003234e-10,-5.653161465383823963e-10,-5.476525552277262075e-10,-5.284398526333640571e-10,-5.078818855472504189e-10,-4.861906468664128340e-10,-4.635826699290047102e-10,-4.402754818377307578e-10,-4.164841955289614942e-10,-3.924183130472942866e-10,-3.682788032915310253e-10,-3.442555068187053063e-10,-3.205249085741887257e-10,-2.972483071202457136e-10,-2.745703965201824131e-10,-2.526182649345598572e-10,-2.315008025937048130e-10,-2.113085014667503599e-10,-1.921136199272236855e-10,-1.739706782230414053e-10,-1.569172447250404780e-10,-1.409749688096374340e-10,-1.261508138152271510e-10,-1.124384427229133400e-10,-9.981970992059700538e-11,-8.826621444248480557e-11,-7.774087322872760255e-11,-6.819947699703527766e-11,-5.959219602560375924e-11,-5.186500828211280892e-11,-4.496102767540166585e-11,-3.882171555192531271e-11,-3.338796373008414968e-11,-2.860104221275779473e-11,-2.440340912376893595e-11,-2.073938429139949387e-11,-1.755569119638766286e-11,-1.480187468699765428e-11,-1.243060393966333520e-11,-1.039787163250998180e-11,-8.663101240902073922e-12,-7.189174812955824685e-12,-5.942393601992679453e-12,-4.892383590963085592e-12,-4.011957311503271864e-12,-3.276942506804348742e-12,-2.665987178366004726e-12,-2.160349451734574181e-12,-1.743679548149059828e-12,-1.401800002398783735e-12,-1.122489158660154408e-12,-8.952719340092720552e-13,-7.112208843525636127e-13,-5.627697532695106270e-13,-4.435409380849660160e-13,-3.481876714666600214e-13,-2.722511887522220036e-13,-2.120327254806991343e-13
-2.647223356659497655e-14,-3.399049387821034118e-14,-4.347114504696255465e-14,-5.537597690504011589e-14,-7.026166512263964078e-14,-8.879575228464031856e-14,-1.117744805146505963e-13,-1.401424950637026593e-13,-1.750143851286387429e-13,-2.176979622331859176e-13,-2.697190970975322032e-13,-3.328478427622563884e-13,-4.091254650797957386e-13,-5.008918824608060939e-13,-6.108128866604636297e-13,-7.419063779893228366e-13,-8.975667051781220536e-13,-1.081586056776382102e-12,-1.298171713009143288e-12,-1.551957841029398068e-12,-1.848010409946546919e-12,-2.191823723060588190e-12,-2.589307022039266839e-12,-3.046759620153028189e-12,-3.570833077713218851e-12,-4.168479050448488081e-12,-4.846881627430803689e-12,-5.613373234339324090e-12,-6.475333513092290039e-12,-7.440071000170660522e-12,-8.514687910048494702e-12,-9.705928880158932599e-12,-1.102001513899944152e-11,-1.246246620457811525e-11,-1.403791188778601000e-11,-1.574989804220913947e-11,-1.760069014304992700e-11,-1.959107936555737526e-11,-2.172019633864731020e-11,-2.398533814300500027e-11,-2.638181437678206849e-11,-2.890281820045086190e-11,-3.153932817386897836e-11,-3.428004639697234878e-11,-3.711137795131717261e-11,-4.001745591135082063e-11,-4.298021525889812047e-11,-4.597951790817754828e-11,-4.899332975721606665e-11,-5.199794925921324607e-11,-5.496828549663900448e-11,-5.787818219081195778e-11,-6.070078254459431859e-11,-6.340892835277601890e-11,-6.597558548140642964e-11,-6.837428666949153849e-11,-7.057958169524989374e-11,-7.256748431864812749e-11,-7.431590509692620950e-11,-7.580505919378987577e-11,-7.701783867658132029e-11,-7.794013951615336158e-11,-7.856113455445873160e-11,-7.887348505463301454e-11,-7.887348505463301454e-11,-7.856113455445873160e-11,-7.794013951615336158e-11,-7.701783867658132029e-11,-7.580505919378987577e-11,-7.431590509692620950e-11,-7.256748431864812749e-11,-7.057958169524989374e-11,-6.837428666949153849e-11,-6.597558548140642964e-11,-6.340892835277601890e-11,-6.070078254459431859e-11,-5.787818219081195778e-11,-5.496828549663900448e-11,-5.199794925921324607e-11,-4.899332975721606665e-11,-4.597951790817754828e-11,-4.298021525889812047e-11,-4.001745591135082063e-11,-3.711137795131717261e-11,-3.428004639697234878e-11,-3.153932817386897836e-11,-2.890281820045086190e-11,-2.638181437678206849e-11,-2.398533814300500027e-11,-2.172019633864731020e-11,-1.959107936555737526e-11,-1.760069014304999162e-11,-1.574989804220913947e-11,-1.403791188778601000e-11,-1.246246620457811525e-11,-1.102001513899944152e-11,-9.705928880158932599e-12,-8.514687910048494702e-12,-7.440071000170660522e-12,-6.475333513092313465e-12,-5.613373234339324090e-12,-4.846881627430803689e-12,-4.168479050448488081e-12,-3.570833077713218851e-12,-3.046759620153028189e-12,-2.589307022039266839e-12,-2.191823723060587786e-12,-1.848010409946553786e-12,-1.551957841029392212e-12,-1.298171713009143288e-12,-1.081586056776382102e-12,-8.975667051781220536e-13,-7.419063779893228366e-13,-6.108128866604636297e-13,-5.008918824608079115e-13,-4.091254650797972028e-13,-3.328478427622563884e-13,-2.697190970975322032e-13,-2.176979622331859176e-13,-1.750143851286387429e-13,-1.401424950637026593e-13,-1.117744805146505963e-13,-8.879575228464031856e-14,-7.026166512263989322e-14,-5.537597690503992025e-14,-4.347114504696255465e-14,-3.399049387821034118e-14,-2.647223356659497655e-14
-2.991534300557992413e-15,-3.841146538457813552e-15,-4.912521686746656465e-15,-6.257844995270015083e-15,-7.940024429745654660e-15,-1.003449663720690767e-14,-1.263124214832314927e-14,-1.583701201087477593e-14,-1.977776204211448581e-14,-2.460128343699575877e-14,-3.048000949572260817e-14,-3.761396770639414572e-14,-4.623383436607314954e-14,-5.660403545031528946e-14,-6.902582273878972470e-14,-8.384023856447440054e-14,-1.014308663764392223e-13,-1.222262481068009565e-13,-1.467018337425659912e-13,-1.753813142657521525e-13,-2.088371770835220368e-13,-2.476903141481266304e-13,-2.926085081419331599e-13,-3.443036223714921180e-13,-4.035273263464263984e-13,-4.710652023072978239e-13,-5.477290989718579327e-13,-6.343476280577508444e-13,-7.317547370242539122e-13,-8.407763379544810026e-13,-9.622150272049358208e-13,-1.096832992604435827e-12,-1.245333273373112216e-12,-1.408339610888971259e-12,-1.586375203848143980e-12,-1.779840756732200101e-12,-1.988992282950741393e-12,-2.213919190444701040e-12,-2.454523234635976569e-12,-2.710498968089565572e-12,-2.981316344937690978e-12,-3.266206148110922513e-12,-3.564148896289013000e-12,-3.873867853397500076e-12,-4.193826705368458142e-12,-4.522232386576509364e-12,-4.857043432655784397e-12,-5.195984109138641913e-12,-5.536564419415292637e-12,-5.876105934782264743e-12,-6.211773218621226332e-12,-6.540610441585426250e-12,-6.859582611193448465e-12,-7.165620673894402734e-12,-7.455669596995423589e-12,-7.726738408128945952e-12,-7.975951066962954005e-12,-8.200596972609898258e-12,-8.398179874591670040e-12,-8.566463957926657028e-12,-8.703515915127647176e-12,-8.807741899311126648e-12,-8.877918371307469452e-12,-8.913216006194120656e-12,-8.913216006194120656e-12,-8.877918371307469452e-12,-8.807741899311126648e-12,-8.703515915127647176e-12,-8.566463957926657028e-12,-8.398179874591670040e-12,-8.200596972609898258e-12,-7.975951066962954005e-12,-7.726738408128945952e-12,-7.455669596995423589e-12,-7.165620673894402734e-12,-6.859582611193448465e-12,-6.540610441585426250e-12,-6.211773218621226332e-12,-5.876105934782264743e-12,-5.536564419415292637e-12,-5.195984109138641913e-12,-4.857043432655784397e-12,-4.522232386576509364e-12,-4.193826705368458142e-12,-3.873867853397500076e-12,-3.564148896289013000e-12,-3.266206148110922513e-12,-2.981316344937690978e-12,-2.710498968089565572e-12,-2.454523234635976569e-12,-2.213919190444701040e-12,-1.988992282950748260e-12,-1.779840756732200101e-12,-1.586375203848143980e-12,-1.408339610888971259e-12,-1.245333273373112216e-12,-1.096832992604435827e-12,-9.622150272049358208e-13,-8.407763379544810026e-13,-7.317547370242565375e-13,-6.343476280577508444e-13,-5.477290989718579327e-13,-4.710652023072978239e-13,-4.035273263464263984e-13,-3.443036223714921180e-13,-2.926085081419331599e-13,-2.476903141481266304e-13,-2.088371770835227689e-13,-1.753813142657515214e-13,-1.467018337425659912e-13,-1.222262481068009565e-13,-1.014308663764392223e-13,-8.384023856447440054e-14,-6.902582273878972470e-14,-5.660403545031550403e-14,-4.623383436607331993e-14,-3.761396770639414572e-14,-3.048000949572260817e-14,-2.460128343699575877e-14,-1.977776204211448581e-14,-1.583701201087477593e-14,-1.263124214832314927e-14,-1.003449663720690610e-14,-7.940024429745654660e-15,-6.257844995269969329e-15,-4.912521686746656465e-15,-3.841146538457813552e-15,-2.991534300557992413e-15
-3.060202631262833710e-16,-3.929317053748008773e-16,-5.025284780827573672e-16,-6.401488933952097693e-16,-8.122281482002895008e-16,-1.026483066125991172e-15,-1.292118243511585035e-15,-1.620053823818103415e-15,-2.023174510500492874e-15,-2.516598666185935772e-15,-3.117965428052347876e-15,-3.847736692367916173e-15,-4.729509588241601319e-15,-5.790333682379617545e-15,-7.061025652653433321e-15,-8.576472568369085929e-15,-1.037591326024743216e-14,-1.250318560599649417e-14,-1.500692596258528515e-14,-1.794070551991594807e-14,-2.136308711878348451e-14,-2.533758516334010815e-14,-2.993251076475411204e-14,-3.522068428023816366e-14,-4.127899805933857088e-14,-4.818781356871829836e-14,-5.603017921540295862e-14,-6.489085818456347378e-14,-7.485515948331164104e-14,-8.600757013656526471e-14,-9.843019207715384679e-14,-1.122009936305229488e-13,-1.273918924902416743e-13,-1.440666945436730788e-13,-1.622789206221263391e-13,-1.820695609595637450e-13,-2.034648045557087272e-13,-2.264737974335919920e-13,-2.510864896226563572e-13,-2.772716352486983374e-13,-3.049750130460962976e-13,-3.341179356302717859e-13,-3.645961147295453928e-13,-3.962789460886437614e-13,-4.290092718119596793e-13,-4.626036694950176724e-13,-4.968533066794066403e-13,-5.315253861478377017e-13,-5.663651926468142902e-13,-6.010987351823338414e-13,-6.354359615695170884e-13,-6.690745039985477311e-13,-7.017038966333575984e-13,-7.330101893464093301e-13,-7.626808662797520597e-13,-7.904099646534317823e-13,-8.159032787085500334e-13,-8.388835263839639115e-13,-8.590953526840799048e-13,-8.763100439722702101e-13,-8.903298317436476040e-13,-9.009916727589669218e-13,-9.081704045627738843e-13,-9.117811910123004213e-13,-9.117811910123004213e-13,-9.081704045627738843e-13,-9.009916727589669218e-13,-8.903298317436476040e-13,-8.763100439722702101e-13,-8.590953526840799048e-13,-8.388835263839639115e-13,-8.159032787085500334e-13,-7.904099646534317823e-13,-7.626808662797520597e-13,-7.330101893464093301e-13,-7.017038966333575984e-13,-6.690745039985477311e-13,-6.354359615695170884e-13,-6.010987351823338414e-13,-5.663651926468142902e-13,-5.315253861478377017e-13,-4.968533066794066403e-13,-4.626036694950176724e-13,-4.290092718119596793e-13,-3.962789460886437109e-13,-3.645961147295453928e-13,-3.341179356302717859e-13,-3.049750130460962976e-13,-2.772716352486983374e-13,-2.510864896226563572e-13,-2.264737974335919920e-13,-2.034648045557087272e-13,-1.820695609595637450e-13,-1.622789206221263391e-13,-1.440666945436730788e-13,-1.273918924902416743e-13,-1.122009936305229488e-13,-9.843019207715384679e-14,-8.600757013656526471e-14,-7.485515948331191872e-14,-6.489085818456347378e-14,-5.603017921540295862e-14,-4.818781356871829836e-14,-4.127899805933857088e-14,-3.522068428023816366e-14,-2.993251076475411204e-14,-2.533758516334020597e-14,-2.136308711878356340e-14,-1.794070551991588496e-14,-1.500692596258528515e-14,-1.250318560599649417e-14,-1.037591326024743216e-14,-8.576472568369085929e-15,-7.061025652653433321e-15,-5.790333682379617545e-15,-4.729509588241601319e-15,-3.847736692367916173e-15,-3.117965428052347876e-15,-2.516598666185935772e-15,-2.023174510500492874e-15,-1.620053823818103415e-15,-1.292118243511585035e-15,-1.026483066125991172e-15,-8.122281482002895008e-16,-6.401488933952097693e-16,-5.025284780827573672e-16,-3.929317053748008773e-16,-3.060202631262833710e-16
-2.833931564436839813e-17,-3.638783756192429842e-17,-4.653715742605731932e-17,-5.928163502635021022e-17,-7.521720827221875280e-17,-9.505850141217362713e-17,-1.196579153897755684e-16,-1.500267211230432581e-16,-1.873581195930604023e-16,-2.330521620452601604e-16,-2.887423385991285346e-16,-3.563235438315882277e-16,-4.379810137243619558e-16,-5.362197007309230348e-16,-6.538934144401762184e-16,-7.942329071522301366e-16,-9.608719304296444339e-16,-1.157870135227744334e-15,-1.389731540521784277e-15,-1.661417160476563697e-15,-1.978350266130956987e-15,-2.346412673051166181e-15,-2.771930400702822595e-15,-3.261647051837288402e-15,-3.822683320169961876e-15,-4.462481160511760572e-15,-5.188731354500482190e-15,-6.009283482536638903e-15,-6.932037671412995183e-15,-7.964817927430711879e-15,-9.115227383028459979e-15,-1.039048637375693390e-14,-1.179725491028875904e-14,-1.334144180128737424e-14,-1.502800339740919444e-14,-1.686073564068344416e-14,-1.884206378988869887e-14,-2.097283482172811535e-14,-2.325211804852455954e-14,-2.567701991452920317e-14,-2.824251920465846878e-14,-3.094132899416422081e-14,-3.376379156228337214e-14,-3.669781217000457405e-14,-3.972883705162581495e-14,-4.283988019006578610e-14,-4.601160244452628785e-14,-4.922244539350127452e-14,-5.244882087359743213e-14,-5.566535567199732891e-14,-5.884518921307551914e-14,-6.196032042031646351e-14,-6.498199829130213438e-14,-6.788114915728271967e-14,-7.062883217149243483e-14,-7.319671334157420816e-14,-7.555754744598409228e-14,-7.768565649930704337e-14,-7.955739309418658406e-14,-8.115157697322948150e-14,-8.244989358423167877e-14,-8.343724414329749200e-14,-8.410203785478582997e-14,-8.443641838198413882e-14,-8.443641838198413882e-14,-8.410203785478582997e-14,-8.343724414329749200e-14,-8.244989358423167877e-14,-8.115157697322948150e-14,-7.955739309418658406e-14,-7.768565649930704337e-14,-7.555754744598409228e-14,-7.319671334157420816e-14,-7.062883217149243483e-14,-6.788114915728271967e-14,-6.498199829130213438e-14,-6.196032042031646351e-14,-5.884518921307551914e-14,-5.566535567199732891e-14,-5.244882087359743213e-14,-4.922244539350127452e-14,-4.601160244452628785e-14,-4.283988019006578610e-14,-3.972883705162581495e-14,-3.669781217000457405e-14,-3.376379156228337214e-14,-3.094132899416422081e-14,-2.824251920465846878e-14,-2.567701991452920317e-14,-2.325211804852455954e-14,-2.097283482172811535e-14,-1.884206378988869887e-14,-1.686073564068344416e-14,-1.502800339740919444e-14,-1.334144180128737424e-14,-1.179725491028875904e-14,-1.039048637375693390e-14,-9.115227383028459979e-15,-7.964817927430711879e-15,-6.932037671412995183e-15,-6.009283482536638903e-15,-5.188731354500482190e-15,-4.462481160511760572e-15,-3.822683320169961876e-15,-3.261647051837288402e-15,-2.771930400702822595e-15,-2.346412673051166181e-15,-1.978350266130956987e-15,-1.661417160476563697e-15,-1.389731540521784277e-15,-1.157870135227744334e-15,-9.608719304296444339e-16,-7.942329071522301366e-16,-6.538934144401762184e-16,-5.362197007309230348e-16,-4.379810137243619558e-16,-3.563235438315908901e-16,-2.887423385991285346e-16,-2.330521620452601604e-16,-1.873581195930604023e-16,-1.500267211230432581e-16,-1.196579153897755684e-16,-9.505850141217429274e-17,-7.521720827221875280e-17,-5.928163502635021022e-17,-4.653715742605731932e-17,-3.638783756192429842e-17,-2.833931564436839813e-17
-2.375943470049666754e-18,-3.050724517465985039e-18,-3.901634629736963703e-18,-4.970120499812214365e-18,-6.306145041482595332e-18,-7.969621727539588629e-18,-1.003201510854370668e-17,-1.257810925494567854e-17,-1.570794109477295050e-17,-1.953888970153828712e-17,-2.420790546005293277e-17,-2.987385467651036780e-17,-3.671994562687766697e-17,-4.495619133685038984e-17,-5.482185270964198144e-17,-6.658779319612471365e-17,-8.055866335332644903e-17,-9.707482077135372752e-17,-1.165138784669614017e-16,-1.392917635344234635e-16,-1.658631582805684937e-16,-1.967211889848708633e-16,-2.323962235937334873e-16,-2.734536398714883675e-16,-3.204904305595140714e-16,-3.741305226488251492e-16,-4.350187045542589310e-16,-5.038130782402122814e-16,-5.811759834364578087e-16,-6.677633779972416208e-16,-7.642127019051076199e-16,-8.711293017858629033e-16,-9.890715471169820318e-16,-1.118534827255626839e-15,-1.259934678311614109e-15,-1.413589348749010452e-15,-1.579702170145438159e-15,-1.758344152287864587e-15,-1.949437267134373698e-15,-2.152738921498419347e-15,-2.367828141093281540e-15,-2.594093996512987080e-15,-2.830726792884524662e-15,-3.076712517853552267e-15,-3.330830996415946109e-15,-3.591658135736374056e-15,-3.857572559142508609e-15,-4.126766827405938574e-15,-4.397263329511350543e-15,-4.666934797458898583e-15,-4.933529264050100689e-15,-5.194699143487975254e-15,-5.448033976843038189e-15,-5.691096253122214046e-15,-5.921459597011777394e-15,-6.136748511341355071e-15,-6.334678780534635532e-15,-6.513097584723380115e-15,-6.670022345930241970e-15,-6.803677329875573597e-15,-6.912527060499941456e-15,-6.995305668949781252e-15,-7.051041393042844805e-15,-7.079075564371414979e-15,-7.079075564371414979e-15,-7.051041393042844805e-15,-6.995305668949781252e-15,-6.912527060499941456e-15,-6.803677329875573597e-15,-6.670022345930241970e-15,-6.513097584723380115e-15,-6.334678780534635532e-15,-6.136748511341355071e-15,-5.921459597011777394e-15,-5.691096253122214046e-15,-5.448033976843038189e-15,-5.194699143487975254e-15,-4.933529264050100689e-15,-4.666934797458898583e-15,-4.397263329511350543e-15,-4.126766827405938574e-15,-3.857572559142508609e-15,-3.591658135736374056e-15,-3.330830996415946109e-15,-3.076712517853574355e-15,-2.830726792884524662e-15,-2.594093996512987080e-15,-2.367828141093281540e-15,-2.152738921498419347e-15,-1.949437267134373698e-15,-1.758344152287864587e-15,-1.579702170145438159e-15,-1.413589348749010452e-15,-1.259934678311614109e-15,-1.118534827255626839e-15,-9.890715471169820318e-16,-8.711293017858629033e-16,-7.642127019051076199e-16,-6.677633779972416208e-16,-5.811759834364578087e-16,-5.038130782402122814e-16,-4.350187045542589310e-16,-3.741305226488251492e-16,-3.204904305595140714e-16,-2.734536398714883675e-16,-2.323962235937334873e-16,-1.967211889848708633e-16,-1.658631582805684937e-16,-1.392917635344234635e-16,-1.165138784669614017e-16,-9.707482077135372752e-17,-8.055866335332644903e-17,-6.658779319612471365e-17,-5.482185270964198144e-17,-4.495619133685038984e-17,-3.671994562687766697e-17,-2.987385467651058351e-17,-2.420790546005293277e-17,-1.953888970153828712e-17,-1.570794109477295050e-17,-1.257810925494567854e-17,-1.003201510854370668e-17,-7.969621727539642555e-18,-6.306145041482595332e-18,-4.970120499812214365e-18,-3.901634629736963703e-18,-3.050724517465985039e-18,-2.375943470049666754e-18
-1.803476484729068229e-19,-2.315673751497667393e-19,-2.961563015044346445e-19,-3.772604677119628064e-19,-4.786723436381645931e-19,-6.049397032793480224e-19,-7.614871132572484270e-19,-9.547501676533318565e-19,-1.192322239356149333e-18,-1.483113068919213200e-18,-1.837517970948914998e-18,-2.267595803370427615e-18,-2.787253118325223081e-18,-3.412431101203576363e-18,-4.161291017965749483e-18,-5.054392948023413458e-18,-6.114861604678353132e-18,-7.368532068516107456e-18,-8.844067319301698610e-18,-1.057303859361280588e-17,-1.258995886950322403e-17,-1.493225924161996810e-17,-1.764019765934816490e-17,-2.075668951675400162e-17,-2.432704996481652351e-17,-2.839863861754452396e-17,-3.302039858989185447e-17,-3.824228357108999067e-17,-4.411456892091089406e-17,-5.068704557840758180e-17,-5.800809887064846284e-17,-6.612367805604458952e-17,-7.507616655975352322e-17,-8.490316725691476102e-17,-9.563622170615780966e-17,-1.072994867794150498e-16,-1.199083965020944087e-16,-1.334683409216693665e-16,-1.479733972651229725e-16,-1.634051513272012435e-16,-1.797316487606588053e-16,-1.969065165422583615e-16,-2.148682942171622352e-16,-2.335400124694251241e-16,-2.528290530631722685e-16,-2.726273192371445295e-16,-2.928117392626439233e-16,-3.132451182027075356e-16,-3.337773441120377110e-16,-3.542469452274046328e-16,-3.744829844058145124e-16,-3.943072665077739983e-16,-4.135368239647560323e-16,-4.319866358024531355e-16,-4.494725263080760616e-16,-4.658141817098406360e-16,-4.808382170291118322e-16,-4.943812209702431370e-16,-5.062927045672155198e-16,-5.164378794693440699e-16,-5.247001942939488718e-16,-5.309835623816063270e-16,-5.352142214451861803e-16,-5.373421747991807380e-16,-5.373421747991807380e-16,-5.352142214451861803e-16,-5.309835623816063270e-16,-5.247001942939488718e-16,-5.164378794693440699e-16,-5.062927045672155198e-16,-4.943812209702431370e-16,-4.808382170291118322e-16,-4.658141817098406360e-16,-4.494725263080760616e-16,-4.319866358024531355e-16,-4.135368239647560323e-16,-3.943072665077739983e-16,-3.744829844058145124e-16,-3.542469452274046328e-16,-3.337773441120377110e-16,-3.132451182027075356e-16,-2.928117392626439233e-16,-2.726273192371445295e-16,-2.528290530631722685e-16,-2.335400124694251241e-16,-2.148682942171622352e-16,-1.969065165422583615e-16,-1.797316487606588053e-16,-1.634051513272012435e-16,-1.479733972651229725e-16,-1.334683409216693665e-16,-1.199083965020944087e-16,-1.072994867794150498e-16,-9.563622170615780966e-17,-8.490316725691476102e-17,-7.507616655975352322e-17,-6.612367805604458952e-17,-5.800809887064846284e-17,-5.068704557840758180e-17,-4.411456892091089406e-17,-3.824228357108999067e-17,-3.302039858989185447e-17,-2.839863861754452396e-17,-2.432704996481652351e-17,-2.075668951675400162e-17,-1.764019765934816490e-17,-1.493225924161996810e-17,-1.258995886950322403e-17,-1.057303859361280588e-17,-8.844067319301698610e-18,-7.368532068516107456e-18,-6.114861604678353132e-18,-5.054392948023413458e-18,-4.161291017965749483e-18,-3.412431101203576363e-18,-2.787253118325223081e-18,-2.267595803370427230e-18,-1.837517970948914998e-18,-1.483113068919213200e-18,-1.192322239356149333e-18,-9.547501676533318565e-19,-7.614871132572484270e-19,-6.049397032793480224e-19,-4.786723436381645931e-19,-3.772604677119628064e-19,-2.961563015044346445e-19,-2.315673751497667393e-19,-1.803476484729068229e-19
-1.239449637689382178e-20,-1.591460169624442834e-20,-2.035351299045317247e-20,-2.592744368886877221e-20,-3.289703347495430703e-20,-4.157483074508453415e-20,-5.233364197557689095e-20,-6.561575708926271204e-20,-8.194303502665200723e-20,-1.019278028568507614e-19,-1.262844845843668765e-19,-1.558418321897701592e-19,-1.915555815065580766e-19,-2.345212997142098360e-19,-2.859871303125155275e-19,-3.473660766421646158e-19,-4.202473979902146093e-19,-5.064066252018233018e-19,-6.078136381276831983e-19,-7.266381882488446929e-19,-8.652521999295289942e-19,-1.026228146783415062e-18,-1.212332779649898040e-18,-1.426515483789999649e-18,-1.671890569145570361e-18,-1.951712852561817074e-18,-2.269345977901610392e-18,-2.628223041329136136e-18,-3.031799246002390644e-18,-3.483496502985476611e-18,-3.986640121846456014e-18,-4.544387991926937654e-18,-5.159652938617238640e-18,-5.835019241244665849e-18,-6.572654611656119358e-18,-7.374219244837104768e-18,-8.240773853104194464e-18,-9.172688870585292827e-18,-1.016955725128161380e-17,-1.123011346829422153e-17,-1.235216144064001257e-17,-1.353251415549466751e-17,-1.476694770757743998e-17,-1.605017233616360469e-17,-1.737582279946251600e-17,-1.873647008507956502e-17,-2.012365601732829444e-17,-2.152795179487131870e-17,-2.293904088750781036e-17,-2.434582605498389314e-17,-2.573655954335074439e-17,-2.709899478865515452e-17,-2.842055723900027227e-17,-2.968853122099018346e-17,-3.089025915231536169e-17,-3.201334886479390746e-17,-3.304588437555773434e-17,-3.397663514886671928e-17,-3.479525874355296314e-17,-3.549249175231203755e-17,-3.606032411400597126e-17,-3.649215221743067387e-17,-3.678290670677069467e-17,-3.692915153091793071e-17,-3.692915153091793071e-17,-3.678290670677069467e-17,-3.649215221743067387e-17,-3.606032411400597126e-17,-3.549249175231203755e-17,-3.479525874355296314e-17,-3.397663514886671928e-17,-3.304588437555773434e-17,-3.201334886479390746e-17,-3.089025915231536169e-17,-2.968853122099018346e-17,-2.842055723900027227e-17,-2.709899478865515452e-17,-2.573655954335074439e-17,-2.434582605498389314e-17,-2.293904088750781036e-17,-2.152795179487131870e-17,-2.012365601732829444e-17,-1.873647008507956502e-17,-1.737582279946251600e-17,-1.605017233616371870e-17,-1.476694770757743998e-17,-1.353251415549466751e-17,-1.235216144064001257e-17,-1.123011346829422153e-17,-1.016955725128161380e-17,-9.172688870585292827e-18,-8.240773853104194464e-18,-7.374219244837104768e-18,-6.572654611656119358e-18,-5.835019241244665849e-18,-5.159652938617238640e-18,-4.544387991926937654e-18,-3.986640121846456014e-18,-3.483496502985476611e-18,-3.031799246002390644e-18,-2.628223041329136136e-18,-2.269345977901610392e-18,-1.951712852561817074e-18,-1.671890569145570361e-18,-1.426515483789999649e-18,-1.212332779649898040e-18,-1.026228146783415062e-18,-8.652521999295289942e-19,-7.266381882488446929e-19,-6.078136381276831983e-19,-5.064066252018233018e-19,-4.202473979902146093e-19,-3.473660766421646158e-19,-2.859871303125155275e-19,-2.345212997142098360e-19,-1.915555815065580766e-19,-1.558418321897712426e-19,-1.262844845843668765e-19,-1.019278028568507614e-19,-8.194303502665200723e-20,-6.561575708926271204e-20,-5.233364197557689095e-20,-4.157483074508482906e-20,-3.289703347495430703e-20,-2.592744368886877221e-20,-2.035351299045317247e-20,-1.591460169624442834e-20,-1.239449637689382178e-20
-7.712669044161930922e-22,-9.903109583509529602e-22,-1.266529149777011668e-21,-1.613375697185883868e-21,-2.047069312150821277e-21,-2.587058807017407859e-21,-3.256542647313592342e-21,-4.083043014599934549e-21,-5.099033396894828980e-21,-6.342616802882037100e-21,-7.858249382585096191e-21,-9.697501522984349368e-21,-1.191984537973070764e-20,-1.459345433247612728e-20,-1.779599606081628774e-20,-2.161539690555313641e-20,-2.615055100916500139e-20,-3.151194355289675893e-20,-3.782215338854814855e-20,-4.521619669243285348e-20,-5.384167016443072316e-20,-6.385864999484291180e-20,-7.543930157791399718e-20,-8.876715502015482230e-20,-1.040360031240483239e-19,-1.214483819536917692e-19,-1.412135995044074318e-19,-1.635452855494912484e-19,-1.886584455044729987e-19,-2.167660131323186852e-19,-2.480749110169554145e-19,-2.827816437571124066e-19,-3.210674664642181940e-19,-3.630931899575518223e-19,-4.089937034940048718e-19,-4.588723153007343726e-19,-5.127950298590840028e-19,-5.707848980114949095e-19,-6.328165906846519143e-19,-6.988113584897844410e-19,-7.686325468561712150e-19,-8.420818389308643160e-19,-9.188963956075888949e-19,-9.987470532595862765e-19,-1.081237724770248526e-18,-1.165906128234912101e-18,-1.252225940454930354e-18,-1.339610439533848842e-18,-1.427417663259541544e-18,-1.514957068516910114e-18,-1.601497632959710066e-18,-1.686277295009745822e-18,-1.768513583526519946e-18,-1.847415245863745506e-18,-1.922194644183753871e-18,-1.992080656457700984e-18,-2.056331792031972249e-18,-2.114249213271551183e-18,-2.165189345613898433e-18,-2.208575759064701509e-18,-2.243910015053307826e-18,-2.270781193553886260e-18,-2.288873845979558018e-18,-2.297974158681023921e-18,-2.297974158681023921e-18,-2.288873845979558018e-18,-2.270781193553886260e-18,-2.243910015053307826e-18,-2.208575759064701509e-18,-2.165189345613898433e-18,-2.114249213271551183e-18,-2.056331792031972249e-18,-1.992080656457700984e-18,-1.922194644183753871e-18,-1.847415245863745506e-18,-1.768513583526519946e-18,-1.686277295009745822e-18,-1.601497632959710066e-18,-1.514957068516910114e-18,-1.427417663259541544e-18,-1.339610439533848842e-18,-1.252225940454930354e-18,-1.165906128234912101e-18,-1.081237724770248526e-18,-9.987470532595932099e-19,-9.188963956075888949e-19,-8.420818389308643160e-19,-7.686325468561712150e-19,-6.988113584897844410e-19,-6.328165906846519143e-19,-5.707848980114949095e-19,-5.127950298590840028e-19,-4.588723153007343726e-19,-4.089937034940048718e-19,-3.630931899575518223e-19,-3.210674664642181940e-19,-2.827816437571124066e-19,-2.480749110169554145e-19,-2.167660131323186852e-19,-1.886584455044729987e-19,-1.635452855494912484e-19,-1.412135995044074318e-19,-1.214483819536917692e-19,-1.040360031240483239e-19,-8.876715502015482230e-20,-7.543930157791399718e-20,-6.385864999484291180e-20,-5.384167016443072316e-20,-4.521619669243285348e-20,-3.782215338854814855e-20,-3.151194355289675893e-20,-2.615055100916500139e-20,-2.161539690555313641e-20,-1.779599606081628774e-20,-1.459345433247612728e-20,-1.191984537973070764e-20,-9.697501522984420086e-21,-7.858249382585096191e-21,-6.342616802882037100e-21,-5.099033396894828980e-21,-4.083043014599934549e-21,-3.256542647313592342e-21,-2.587058807017426667e-21,-2.047069312150821277e-21,-1.613375697185883868e-21,-1.266529149777011668e-21,-9.903109583509529602e-22,-7.712669044161930922e-22
-4.345591174756430196e-23,-5.579763031750972388e-23,-7.136074249171676283e-23,-9.090330663889278488e-23,-1.153391424688565477e-22,-1.457640650205333824e-22,-1.834851580866921927e-22,-2.300531189501386802e-22,-2.872976190532525337e-22,-3.573655169908953022e-22,-4.427616298646407111e-22,-5.463916161081300599e-22,-6.716063478158422643e-22,-8.222469548907017555e-22,-1.002689509754359024e-21,-1.217888094170594717e-21,-1.473414754733502563e-21,-1.775494618254696097e-21,-2.131034211820227591e-21,-2.547640825472994027e-21,-3.033630580555018483e-21,-3.598022737141875230e-21,-4.250517703918854181e-21,-5.001456217751353203e-21,-5.861757252179909655e-21,-6.842832407101669739e-21,-7.956474837027354820e-21,-9.214721200760603199e-21,-1.062968566566555123e-20,-1.221336567485629839e-20,-1.397741998030862809e-20,-1.593292034777765113e-20,-1.809007933284034812e-20,-2.045795758717336702e-20,-2.304415524972940460e-20,-2.585449307228247627e-20,-2.889268998131549360e-20,-3.216004474301314607e-20,-3.565513022758635650e-20,-3.937350941528357706e-20,-4.330748270311244943e-20,-4.744587621649023925e-20,-5.177388066833266723e-20,-5.627294981293281329e-20,-6.092076669790350242e-20,-6.569128472181983792e-20,-7.055484896970988873e-20,-7.547840144983736416e-20,-8.042577173523894610e-20,-8.535805217864520072e-20,-9.023405438939397784e-20,-9.501084111645236505e-20,-9.964432516168991726e-20,-1.040899245458070976e-19,-1.083032609606374438e-19,-1.122408866572368170e-19,-1.158610234233927248e-19,-1.191242962691772505e-19,-1.219944439220885357e-19,-1.244389882726445879e-19,-1.264298455246732833e-19,-1.279438629870951395e-19,-1.289632671681736560e-19,-1.294760110488792766e-19,-1.294760110488792766e-19,-1.289632671681736560e-19,-1.279438629870951395e-19,-1.264298455246732833e-19,-1.244389882726445879e-19,-1.219944439220885357e-19,-1.191242962691772505e-19,-1.158610234233927248e-19,-1.122408866572368170e-19,-1.083032609606374438e-19,-1.040899245458070976e-19,-9.964432516168991726e-20,-9.501084111645236505e-20,-9.023405438939397784e-20,-8.535805217864520072e-20,-8.042577173523894610e-20,-7.547840144983736416e-20,-7.055484896970988873e-20,-6.569128472181983792e-20,-6.092076669790350242e-20,-5.627294981293321051e-20,-5.177388066833266723e-20,-4.744587621649023925e-20,-4.330748270311244943e-20,-3.937350941528357706e-20,-3.565513022758635650e-20,-3.216004474301314607e-20,-2.889268998131549360e-20,-2.585449307228247627e-20,-2.304415524972940460e-20,-2.045795758717336702e-20,-1.809007933284034812e-20,-1.593292034777765113e-20,-1.397741998030862809e-20,-1.221336567485629839e-20,-1.062968566566555123e-20,-9.214721200760603199e-21,-7.956474837027354820e-21,-6.842832407101669739e-21,-5.861757252179909655e-21,-5.001456217751353203e-21,-4.250517703918854181e-21,-3.598022737141875230e-21,-3.033630580555018483e-21,-2.547640825472994027e-21,-2.131034211820227591e-21,-1.775494618254696097e-21,-1.473414754733502563e-21,-1.217888094170594717e-21,-1.002689509754359024e-21,-8.222469548907017555e-22,-6.716063478158422643e-22,-5.463916161081340095e-22,-4.427616298646407111e-22,-3.573655169908953022e-22,-2.872976190532525337e-22,-2.300531189501386802e-22,-1.834851580866921927e-22,-1.457640650205344168e-22,-1.153391424688565477e-22,-9.090330663889278488e-23,-7.136074249171676283e-23,-5.579763031750972388e-23,-4.345591174756430196e-23
-2.217023793167096968e-24,-2.846670776000771781e-24,-3.640666082931141579e-24,-4.637684162898407504e-24,-5.884346061414233348e-24,-7.436557820177171237e-24,-9.361003941978581438e-24,-1.173679754707585906e-23,-1.465728439576505422e-23,-1.823199243013657048e-23,-2.258871183772530378e-23,-2.787568283771294655e-23,-3.426385945827578946e-23,-4.194920758863272750e-23,-5.115498469340204070e-23,-6.213393698597240723e-23,-7.517033786848874956e-23,-9.058177944066252091e-23,-1.087206173259808642e-22,-1.299749585126141195e-22,-1.547690729822682840e-22,-1.835631032881698422e-22,-2.168519426679447066e-22,-2.551631524762512273e-22,-2.990537944145434150e-22,-3.491060628833681933e-22,-4.059216183495136522e-22,-4.701145443262411367e-22,-5.423028786408707767e-22,-6.230987041095602728e-22,-7.130968242812276977e-22,-8.128620959756784527e-22,-9.229155410238368795e-22,-1.043719413686191634e-21,-1.175661456118225536e-21,-1.319038630106222968e-21,-1.474040666993193920e-21,-1.640733826936099458e-21,-1.819045300952889929e-21,-2.008748722181973186e-21,-2.209451274034179234e-21,-2.420582890324842705e-21,-2.641388034223471652e-21,-2.870920517597092451e-21,-3.108041779259274985e-21,-3.351422979639859230e-21,-3.599551191051128994e-21,-3.850739868411265409e-21,-4.103143677127992929e-21,-4.354777635727823285e-21,-4.603540404291095348e-21,-4.847241419938680474e-21,-5.083631452052724018e-21,-5.310436027382551832e-21,-5.525391063524897285e-21,-5.726279953134635095e-21,-5.910971264910793449e-21,-6.077456174598734043e-21,-6.223884712869219323e-21,-6.348599918941007673e-21,-6.450169020106956860e-21,-6.527410817654743000e-21,-6.579418547637113938e-21,-6.605577597985168296e-21,-6.605577597985168296e-21,-6.579418547637113938e-21,-6.527410817654743000e-21,-6.450169020106956860e-21,-6.348599918941007673e-21,-6.223884712869219323e-21,-6.077456174598734043e-21,-5.910971264910793449e-21,-5.726279953134635095e-21,-5.525391063524897285e-21,-5.310436027382551832e-21,-5.083631452052724018e-21,-4.847241419938680474e-21,-4.603540404291095348e-21,-4.354777635727823285e-21,-4.103143677127992929e-21,-3.850739868411265409e-21,-3.599551191051128994e-21,-3.351422979639859230e-21,-3.108041779259274985e-21,-2.870920517597092074e-21,-2.641388034223471652e-21,-2.420582890324842705e-21,-2.209451274034179234e-21,-2.008748722181973186e-21,-1.819045300952889929e-21,-1.640733826936099458e-21,-1.474040666993193920e-21,-1.319038630106222968e-21,-1.175661456118225536e-21,-1.043719413686191634e-21,-9.229155410238368795e-22,-8.128620959756784527e-22,-7.130968242812276977e-22,-6.230987041095602728e-22,-5.423028786408707767e-22,-4.701145443262411367e-22,-4.059216183495136522e-22,-3.491060628833681933e-22,-2.990537944145434150e-22,-2.551631524762512273e-22,-2.168519426679447066e-22,-1.835631032881698422e-22,-1.547690729822682840e-22,-1.299749585126141195e-22,-1.087206173259808642e-22,-9.058177944066252091e-23,-7.517033786848874956e-23,-6.213393698597240723e-23,-5.115498469340204070e-23,-4.194920758863272750e-23,-3.426385945827578946e-23,-2.787568283771294655e-23,-2.258871183772530378e-23,-1.823199243013657048e-23,-1.465728439576505422e-23,-1.173679754707585906e-23,-9.361003941978581438e-24,-7.436557820177171237e-24,-5.884346061414233348e-24,-4.637684162898407504e-24,-3.640666082931141579e-24,-2.846670776000771781e-24,-2.217023793167096968e-24
-1.024180472266020006e-25,-1.315053374138780354e-25,-1.681848936250124312e-25,-2.142433279614306053e-25,-2.718343549911418619e-25,-3.435406207085559805e-25,-4.324426949195623547e-25,-5.421953021750375107e-25,-6.771106607361785051e-25,-8.422485439713276828e-25,-1.043512371366727155e-24,-1.287750275908511564e-24,-1.582859681965917716e-24,-1.937893466534980154e-24,-2.363165273350801050e-24,-2.870351013920944621e-24,-3.472583035681588816e-24,-4.184532882874746782e-24,-5.022478042010977405e-24,-6.004347576353340534e-24,-7.149741141601119227e-24,-8.479915569499903457e-24,-1.001773304093359139e-23,-1.178756487925147027e-23,-1.381514521135983402e-23,-1.612736919904903150e-23,-1.875203126215876007e-23,-2.171749971791507462e-23,-2.505232555777842098e-23,-2.878478467439595336e-23,-3.294235472414260943e-23,-3.755112993867497116e-23,-4.263517954027660447e-23,-4.821585791351811013e-23,-5.431107726778325020e-23,-6.093455610548314904e-23,-6.809505929134715352e-23,-7.579564779202152540e-23,-8.403295811010714754e-23,-9.279653295958277051e-23,-1.020682257115736907e-22,-1.118217014816265562e-22,-1.220220573485254126e-22,-1.326255830277047014e-22,-1.435796813329178418e-22,-1.548229649419932403e-22,-1.662855423635321265e-22,-1.778895016444144146e-22,-1.895495953614941272e-22,-2.011741249380929557e-22,-2.126660164809156333e-22,-2.239240743360863403e-22,-2.348443926238609905e-22,-2.453218993510920485e-22,-2.552520025421692436e-22,-2.645323033881778375e-22,-2.730643378887241081e-22,-2.807553060215370192e-22,-2.875197462562920779e-22,-2.932811133217709381e-22,-2.979732185811003146e-22,-3.015414951568855813e-22,-3.039440540116435593e-22,-3.051525024108927093e-22,-3.051525024108927093e-22,-3.039440540116435593e-22,-3.015414951568855813e-22,-2.979732185811003146e-22,-2.932811133217709381e-22,-2.875197462562920779e-22,-2.807553060215370192e-22,-2.730643378887241081e-22,-2.645323033881778375e-22,-2.552520025421692436e-22,-2.453218993510920485e-22,-2.348443926238609905e-22,-2.239240743360863403e-22,-2.126660164809156333e-22,-2.011741249380929557e-22,-1.895495953614941272e-22,-1.778895016444144146e-22,-1.662855423635321265e-22,-1.548229649419932403e-22,-1.435796813329178418e-22,-1.326255830277047014e-22,-1.220220573485254126e-22,-1.118217014816265562e-22,-1.020682257115736907e-22,-9.279653295958277051e-23,-8.403295811010714754e-23,-7.579564779202152540e-23,-6.809505929134715352e-23,-6.093455610548314904e-23,-5.431107726778325020e-23,-4.821585791351811013e-23,-4.263517954027660447e-23,-3.755112993867497116e-23,-3.294235472414260943e-23,-2.878478467439595336e-23,-2.505232555777842098e-23,-2.171749971791507462e-23,-1.875203126215876007e-23,-1.612736919904903150e-23,-1.381514521135983402e-23,-1.178756487925147027e-23,-1.001773304093359139e-23,-8.479915569499903457e-24,-7.149741141601119227e-24,-6.004347576353340534e-24,-5.022478042010977405e-24,-4.184532882874746782e-24,-3.472583035681588816e-24,-2.870351013920944621e-24,-2.363165273350801050e-24,-1.937893466534980154e-24,-1.582859681965917716e-24,-1.287750275908511564e-24,-1.043512371366727155e-24,-8.422485439713276828e-25,-6.771106607361785051e-25,-5.421953021750375107e-25,-4.324426949195623547e-25,-3.435406207085559805e-25,-2.718343549911418619e-25,-2.142433279614306053e-25,-1.681848936250124312e-25,-1.315053374138780354e-25,-1.024180472266020006e-25
-4.284234956772304618e-27,-5.500981309516121759e-27,-7.035318676552117301e-27,-8.961982577902419593e-27,-1.137106474533727256e-26,-1.437059948091418659e-26,-1.808944966775342210e-26,-2.268049557551680970e-26,-2.832412100096797518e-26,-3.523198061362077178e-26,-4.365101952532142603e-26,-5.386770102571763106e-26,-6.621238116501108190e-26,-8.106374957004028429e-26,-9.885323482412692467e-26,-1.200692503425593036e-25,-1.452611335075066211e-25,-1.750426076266646747e-25,-2.100945739533277075e-25,-2.511670206160941241e-25,-2.990798180612500631e-25,-3.547221578336527704e-25,-4.190503846126157554e-25,-4.930839718040790781e-25,-5.778994000582744956e-25,-6.746217171126901156e-25,-7.844135874420448768e-25,-9.084616821420660815e-25,-1.047960313728737934e-24,-1.204092287098201885e-24,-1.378007016237147294e-24,-1.570796045287065738e-24,-1.783466210506624867e-24,-2.016910784159209947e-24,-2.271879049361157093e-24,-2.548944862861113951e-24,-2.848474866485221227e-24,-3.170597103099578632e-24,-3.515170874716630734e-24,-3.881758744072746975e-24,-4.269601622082770203e-24,-4.677597897891819288e-24,-5.104287552302044692e-24,-5.547842146535404888e-24,-6.006061495077415223e-24,-6.476377713471340768e-24,-6.955867180551419954e-24,-7.441270772343449994e-24,-7.929022515856276218e-24,-8.415286580800902879e-24,-8.896002282773481500e-24,-9.366936520581911004e-24,-9.823742821956226142e-24,-1.026202593510038103e-23,-1.067741068776454995e-23,-1.106561364974708025e-23,-1.142251598726922622e-23,-1.174423579562601558e-23,-1.202719814553896431e-23,-1.226820108251265288e-23,-1.246447587896915950e-23,-1.261373995551992020e-23,-1.271424105771808456e-23,-1.276479149307313514e-23,-1.276479149307313514e-23,-1.271424105771808456e-23,-1.261373995551992020e-23,-1.246447587896915950e-23,-1.226820108251265288e-23,-1.202719814553896431e-23,-1.174423579562601558e-23,-1.142251598726922622e-23,-1.106561364974708025e-23,-1.067741068776454995e-23,-1.026202593510038103e-23,-9.823742821956226142e-24,-9.366936520581911004e-24,-8.896002282773481500e-24,-8.415286580800902879e-24,-7.929022515856276218e-24,-7.441270772343449994e-24,-6.955867180551419954e-24,-6.476377713471340768e-24,-6.006061495077415223e-24,-5.547842146535445296e-24,-5.104287552302044692e-24,-4.677597897891819288e-24,-4.269601622082770203e-24,-3.881758744072746975e-24,-3.515170874716630734e-24,-3.170597103099578632e-24,-2.848474866485221227e-24,-2.548944862861113951e-24,-2.271879049361157093e-24,-2.016910784159209947e-24,-1.783466210506624867e-24,-1.570796045287065738e-24,-1.378007016237147294e-24,-1.204092287098201885e-24,-1.047960313728737934e-24,-9.084616821420660815e-25,-7.844135874420448768e-25,-6.746217171126901156e-25,-5.778994000582744956e-25,-4.930839718040790781e-25,-4.190503846126157554e-25,-3.547221578336527704e-25,-2.990798180612500631e-25,-2.511670206160941241e-25,-2.100945739533277075e-25,-1.750426076266646747e-25,-1.452611335075066211e-25,-1.200692503425593036e-25,-9.885323482412692467e-26,-8.106374957004028429e-26,-6.621238116501108190e-26,-5.386770102571800988e-26,-4.365101952532142603e-26,-3.523198061362077178e-26,-2.832412100096797518e-26,-2.268049557551680970e-26,-1.808944966775342210e-26,-1.437059948091429278e-26,-1.137106474533727256e-26,-8.961982577902419593e-27,-7.035318676552117301e-27,-5.500981309516121759e-27,-4.284234956772304618e-27
-1.622802390888515388e-28,-2.083687218695705818e-28,-2.664870644156452640e-28,-3.394661334232284615e-28,-4.307184653005986430e-28,-5.443362334566803205e-28,-6.852005659559788995e-28,-8.591023325717476511e-28,-1.072874194435301315e-27,-1.334533305302104450e-27,-1.653433566673025663e-27,-2.040425767919624247e-27,-2.508023288758957857e-27,-3.070570310545196712e-27,-3.744408685291040923e-27,-4.548038762908880682e-27,-5.502268599590393336e-27,-6.630345091482075659e-27,-7.958059732116704908e-27,-9.513820919738252168e-27,-1.132868408743749542e-26,-1.343633044503396600e-26,-1.587298485992552557e-26,-1.867726341870171274e-26,-2.188994155479621970e-26,-2.555363434830340929e-26,-2.971238174354034977e-26,-3.441113301875100867e-26,-3.969512689744058225e-26,-4.560916621215162753e-26,-5.219678899906893738e-26,-5.949934127353585203e-26,-6.755496044641537519e-26,-7.639748229887641049e-26,-8.605528852438140199e-26,-9.655011593505968949e-26,-1.078958523600818414e-25,-1.200973478665272244e-25,-1.331492730307554040e-25,-1.470350584011736544e-25,-1.617259508492836131e-25,-1.771802230481022702e-25,-1.933425717131713362e-25,-2.101437383922689490e-25,-2.275003834378425341e-25,-2.453152393312344877e-25,-2.634775637937013381e-25,-2.818639062154866128e-25,-3.003391930174266860e-25,-3.187581288404473290e-25,-3.369669011970053710e-25,-3.548051667164703388e-25,-3.721082877059333488e-25,-3.887097787789682322e-25,-4.044439151315155363e-25,-4.191484470073740304e-25,-4.326673593100033890e-25,-4.448536114522276769e-25,-4.555717906044774743e-25,-4.647006116490335602e-25,-4.721351994383255372e-25,-4.777890933714172291e-25,-4.815959207415244601e-25,-4.835106935815376774e-25,-4.835106935815376774e-25,-4.815959207415244601e-25,-4.777890933714172291e-25,-4.721351994383255372e-25,-4.647006116490335602e-25,-4.555717906044774743e-25,-4.448536114522276769e-25,-4.326673593100033890e-25,-4.191484470073740304e-25,-4.044439151315155363e-25,-3.887097787789682322e-25,-3.721082877059333488e-25,-3.548051667164703388e-25,-3.369669011970053710e-25,-3.187581288404473290e-25,-3.003391930174266860e-25,-2.818639062154866128e-25,-2.634775637937013381e-25,-2.453152393312344877e-25,-2.275003834378425341e-25,-2.101437383922704643e-25,-1.933425717131713362e-25,-1.771802230481022702e-25,-1.617259508492836131e-25,-1.470350584011736544e-25,-1.331492730307554040e-25,-1.200973478665272244e-25,-1.078958523600818414e-25,-9.655011593505968949e-26,-8.605528852438140199e-26,-7.639748229887641049e-26,-6.755496044641537519e-26,-5.949934127353585203e-26,-5.219678899906893738e-26,-4.560916621215162753e-26,-3.969512689744058225e-26,-3.441113301875100867e-26,-2.971238174354034977e-26,-2.555363434830340929e-26,-2.188994155479621970e-26,-1.867726341870171274e-26,-1.587298485992552557e-26,-1.343633044503396600e-26,-1.132868408743749542e-26,-9.513820919738252168e-27,-7.958059732116704908e-27,-6.630345091482075659e-27,-5.502268599590393336e-27,-4.548038762908880682e-27,-3.744408685291040923e-27,-3.070570310545196712e-27,-2.508023288758957857e-27,-2.040425767919638955e-27,-1.653433566673025663e-27,-1.334533305302104450e-27,-1.072874194435301315e-27,-8.591023325717476511e-28,-6.852005659559788995e-28,-5.443362334566840872e-28,-4.307184653005986430e-28,-3.394661334232284615e-28,-2.664870644156452640e-28,-2.083687218695705818e-28,-1.622802390888515388e-28
-5.566184451070233776e-30,-7.147011529387397034e-30,-9.140460740568496518e-30,-1.164363032821730856e-29,-1.477356970759917718e-29,-1.867063972688488425e-29,-2.350226224402130877e-29,-2.946706310200099706e-29,-3.679940140925349835e-29,-4.577426416866917162e-29,-5.671248860222594796e-29,-6.998625492989807952e-29,-8.602476993621269464e-29,-1.053200365887847023e-28,-1.284325776172161887e-28,-1.559969518599696306e-28,-1.887268720862750541e-28,-2.274197028587704436e-28,-2.729600879953283461e-28,-3.263224306979184547e-28,-3.885719270111236730e-28,-4.608638366723176881e-28,-5.444406664388488021e-28,-6.406269414774457135e-28,-7.508212521823460578e-28,-8.764852885136715162e-28,-1.019129613030733407e-27,-1.180295978291040947e-27,-1.361536064775067588e-27,-1.564386601977806261e-27,-1.790340937095456951e-27,-2.040817231384190050e-27,-2.317123591515164246e-27,-2.620420578996607224e-27,-2.951681681061053545e-27,-3.311652466647577387e-27,-3.700809285921931413e-27,-4.119318495355582255e-27,-4.566997296628987633e-27,-5.043277360385866704e-27,-5.547172459235470878e-27,-6.077251352997634380e-27,-6.631617148472085712e-27,-7.207894292590891585e-27,-7.803224249693752706e-27,-8.414270760523465500e-27,-9.037235383855845702e-27,-9.667883784886109577e-27,-1.030158296294632861e-26,-1.093334931206554705e-26,-1.155790709022273683e-26,-1.216975654722374132e-26,-1.276325063835459243e-26,-1.333267894332962658e-26,-1.387235712970828511e-26,-1.437672005859734103e-26,-1.484041643886380857e-26,-1.525840280351127100e-26,-1.562603451564087919e-26,-1.593915151645445590e-26,-1.619415660632381123e-26,-1.638808420142147715e-26,-1.651865772925438588e-26,-1.658433411024355817e-26,-1.658433411024355817e-26,-1.651865772925438588e-26,-1.638808420142147715e-26,-1.619415660632381123e-26,-1.593915151645445590e-26,-1.562603451564087919e-26,-1.525840280351127100e-26,-1.484041643886380857e-26,-1.437672005859734103e-26,-1.387235712970828511e-26,-1.333267894332962658e-26,-1.276325063835459243e-26,-1.216975654722374132e-26,-1.155790709022273683e-26,-1.093334931206554705e-26,-1.030158296294632861e-26,-9.667883784886109577e-27,-9.037235383855845702e-27,-8.414270760523465500e-27,-7.803224249693752706e-27,-7.207894292590891585e-27,-6.631617148472085712e-27,-6.077251352997634380e-27,-5.547172459235470878e-27,-5.043277360385866704e-27,-4.566997296628987633e-27,-4.119318495355582255e-27,-3.700809285921931413e-27,-3.311652466647577387e-27,-2.951681681061053545e-27,-2.620420578996607224e-27,-2.317123591515164246e-27,-2.040817231384190050e-27,-1.790340937095456951e-27,-1.564386601977806261e-27,-1.361536064775067588e-27,-1.180295978291040947e-27,-1.019129613030733407e-27,-8.764852885136715162e-28,-7.508212521823460578e-28,-6.406269414774457135e-28,-5.444406664388488021e-28,-4.608638366723176881e-28,-3.885719270111236730e-28,-3.263224306979184547e-28,-2.729600879953283461e-28,-2.274197028587704436e-28,-1.887268720862750541e-28,-1.559969518599696306e-28,-1.284325776172161887e-28,-1.053200365887847023e-28,-8.602476993621269464e-29,-6.998625492989807952e-29,-5.671248860222594796e-29,-4.577426416866917162e-29,-3.679940140925349835e-29,-2.946706310200099706e-29,-2.350226224402130877e-29,-1.867063972688488425e-29,-1.477356970759917718e-29,-1.164363032821730856e-29,-9.140460740568496518e-30,-7.147011529387397034e-30,-5.566184451070233776e-30
-1.728830616879999529e-31,-2.219828045551661125e-31,-2.838983961023080320e-31,-3.616456619432391393e-31,-4.588601016661868613e-31,-5.799012569619092105e-31,-7.299691717114136348e-31,-9.152330708422556834e-31,-1.142972037639571882e-30,-1.421727038613185229e-30,-1.761463126435460861e-30,-2.173740043061500174e-30,-2.671888748623614335e-30,-3.271190623059632635e-30,-3.989055237771864646e-30,-4.845191690757105845e-30,-5.861767563739563762e-30,-7.063548623660828490e-30,-8.478011489932652851e-30,-1.013542066606841893e-29,-1.206886063841679036e-29,-1.431421322911228483e-29,-1.691007011154740260e-29,-1.989757041219576732e-29,-2.332015368853683953e-29,-2.722321934078149857e-29,-3.165368472900373378e-29,-3.665943595989755992e-29,-4.228866749675969861e-29,-4.858910943233439966e-29,-5.560714442564204541e-29,-6.338681989589565941e-29,-7.196876501884698175e-29,-8.138902628713100815e-29,-9.167783975468101381e-29,-1.028583624408220761e-28,-1.149453895568535125e-28,-1.279440880562533660e-28,-1.418487803095039539e-28,-1.566418142750624027e-28,-1.722925581956931286e-28,-1.887565584269772975e-28,-2.059748983614901241e-28,-2.238737944422551392e-28,-2.423644619009555220e-28,-2.613432780998506169e-28,-2.806922652474658882e-28,-3.002799069034642101e-28,-3.199623042539787507e-28,-3.395846688499237619e-28,-3.589831386343931465e-28,-3.779868939623603786e-28,-3.964205402905394914e-28,-4.141067146603025994e-28,-4.308688643891764988e-28,-4.465341388900064618e-28,-4.609363295861297575e-28,-4.739187887732658055e-28,-4.853372562217076644e-28,-4.950625224688235716e-28,-5.029828601921200990e-28,-5.090061597577369689e-28,-5.130617118986323832e-28,-5.151015892914507787e-28,-5.151015892914507787e-28,-5.130617118986323832e-28,-5.090061597577369689e-28,-5.029828601921200990e-28,-4.950625224688235716e-28,-4.853372562217076644e-28,-4.739187887732658055e-28,-4.609363295861297575e-28,-4.465341388900064618e-28,-4.308688643891764988e-28,-4.141067146603025994e-28,-3.964205402905394914e-28,-3.779868939623603786e-28,-3.589831386343931465e-28,-3.395846688499237619e-28,-3.199623042539787507e-28,-3.002799069034642101e-28,-2.806922652474658882e-28,-2.613432780998506169e-28,-2.423644619009555220e-28,-2.238737944422551392e-28,-2.059748983614901241e-28,-1.887565584269772975e-28,-1.722925581956931286e-28,-1.566418142750624027e-28,-1.418487803095039539e-28,-1.279440880562533660e-28,-1.149453895568535125e-28,-1.028583624408220761e-28,-9.167783975468101381e-29,-8.138902628713100815e-29,-7.196876501884698175e-29,-6.338681989589565941e-29,-5.560714442564204541e-29,-4.858910943233439966e-29,-4.228866749675969861e-29,-3.665943595989808681e-29,-3.165368472900373378e-29,-2.722321934078149857e-29,-2.332015368853683953e-29,-1.989757041219576732e-29,-1.691007011154740260e-29,-1.431421322911228483e-29,-1.206886063841679036e-29,-1.013542066606841893e-29,-8.478011489932652851e-30,-7.063548623660828490e-30,-5.861767563739563762e-30,-4.845191690757105845e-30,-3.989055237771864646e-30,-3.271190623059632635e-30,-2.671888748623614335e-30,-2.173740043061500174e-30,-1.761463126435460861e-30,-1.421727038613185229e-30,-1.142972037639571882e-30,-9.152330708422556834e-31,-7.299691717114136348e-31,-5.799012569619092105e-31,-4.588601016661868613e-31,-3.616456619432391393e-31,-2.838983961023080320e-31,-2.219828045551661125e-31,-1.728830616879999529e-31
-4.862424791226689161e-33,-6.243380245330330244e-33,-7.984788017513312128e-33,-1.017146975014759493e-32,-1.290567573400029947e-32,-1.631002031537290073e-32,-2.053075739580773146e-32,-2.574139959092831023e-32,-3.214667485197191844e-32,-3.998680224315982374e-32,-4.954205398252709433e-32,-6.113755374219064324e-32,-7.514824161405446551e-32,-9.200391424753143830e-32,-1.121942247686427269e-31,-1.362735016684316698e-31,-1.648652195538605050e-31,-1.986659283238968884e-31,-2.384484219937621331e-31,-2.850639052491044031e-31,-3.394428962393317682e-31,-4.025945896177505407e-31,-4.756043959943241948e-31,-5.596293744036365297e-31,-6.558912846823465500e-31,-7.656670082492398663e-31,-8.902761199228977462e-31,-1.031065441017513247e-30,-1.189390465534902612e-30,-1.366593626816874527e-30,-1.563979460940635556e-30,-1.782786824165909757e-30,-2.024158432901611134e-30,-2.289108113243354265e-30,-2.578486269717751724e-30,-2.892944205371832160e-30,-3.232898043112621605e-30,-3.598493106157220000e-30,-3.989569708263009644e-30,-4.405631376706863855e-30,-4.845816577603803829e-30,-5.308875029401854668e-30,-5.793149672295699706e-30,-6.296565305897564209e-30,-6.816624813056107123e-30,-7.350413753930932109e-30,-7.894613942619639759e-30,-8.445526411775733444e-30,-8.999103933445456682e-30,-9.550993003098870743e-30,-1.009658491633141146e-29,-1.063107528300416502e-29,-1.114953104161739881e-29,-1.164696376798077376e-29,-1.211840782733580364e-29,-1.255900170825441604e-29,-1.296407070926043451e-29,-1.332920903331755059e-29,-1.365035928746613519e-29,-1.392388738929158353e-29,-1.414665095053688829e-29,-1.431605934050241957e-29,-1.443012382478133971e-29,-1.448749642281981196e-29,-1.448749642281981196e-29,-1.443012382478133971e-29,-1.431605934050241957e-29,-1.414665095053688829e-29,-1.392388738929158353e-29,-1.365035928746613519e-29,-1.332920903331755059e-29,-1.296407070926043451e-29,-1.255900170825441604e-29,-1.211840782733580364e-29,-1.164696376798077376e-29,-1.114953104161739881e-29,-1.063107528300401368e-29,-1.009658491633141146e-29,-9.550993003098870743e-30,-8.999103933445456682e-30,-8.445526411775733444e-30,-7.894613942619639759e-30,-7.350413753930932109e-30,-6.816624813056107123e-30,-6.296565305897564209e-30,-5.793149672295699706e-30,-5.308875029401854668e-30,-4.845816577603803829e-30,-4.405631376706863855e-30,-3.989569708263009644e-30,-3.598493106157220000e-30,-3.232898043112621605e-30,-2.892944205371832160e-30,-2.578486269717751724e-30,-2.289108113243354265e-30,-2.024158432901611134e-30,-1.782786824165909757e-30,-1.563979460940635556e-30,-1.366593626816874527e-30,-1.189390465534902612e-30,-1.031065441017513247e-30,-8.902761199228977462e-31,-7.656670082492398663e-31,-6.558912846823465500e-31,-5.596293744036365297e-31,-4.756043959943241948e-31,-4.025945896177505407e-31,-3.394428962393317682e-31,-2.850639052491044031e-31,-2.384484219937621331e-31,-1.986659283238968884e-31,-1.648652195538605050e-31,-1.362735016684316698e-31,-1.121942247686427269e-31,-9.200391424753143830e-32,-7.514824161405446551e-32,-6.113755374219064324e-32,-4.954205398252709433e-32,-3.998680224315982374e-32,-3.214667485197191844e-32,-2.574139959092831023e-32,-2.053075739580773146e-32,-1.631002031537290073e-32,-1.290567573400029947e-32,-1.017146975014759493e-32,-7.984788017513312128e-33,-6.243380245330330244e-33,-4.862424791226689161e-33
-1.238400634043471690e-34,-1.590113243158459434e-34,-2.033628686953236514e-34,-2.590550009218543432e-34,-3.286919119156882184e-34,-4.153964403987022224e-34,-5.228934959001536796e-34,-6.556022343438608016e-34,-8.187368284009587765e-34,-1.018415366354843764e-33,-1.261776041749313570e-33,-1.557099360278124531e-33,-1.913934591441135662e-33,-2.343228134740568185e-33,-2.857450861557713514e-33,-3.470720846397605057e-33,-4.198917231493246719e-33,-5.059780298156158640e-33,-6.072992172887543039e-33,-7.260232006885980684e-33,-8.645198969098935353e-33,-1.025359602362741599e-32,-1.211306726257135126e-32,-1.425308157652704272e-32,-1.670475570706543628e-32,-1.950061027561548681e-32,-2.267425325273021739e-32,-2.625998654416763669e-32,-3.029233293852325301e-32,-3.480548258521916677e-32,-3.983266043630110037e-32,-4.540541865850486657e-32,-5.155286085314240938e-32,-5.830080794153434980e-32,-6.567091869579892736e-32,-7.367978101479368336e-32,-8.233799304438266450e-32,-9.164925599069083064e-32,-1.016095028387479904e-31,-1.122060890303080774e-31,-1.234170723419862462e-31,-1.352106096187083003e-31,-1.475444975565331202e-31,-1.603658833179089195e-31,-1.736111683569192402e-31,-1.872061254247900448e-31,-2.010662443501184590e-31,-2.150973169198443246e-31,-2.291962651455308900e-31,-2.432522105457275883e-31,-2.571477750076246400e-31,-2.707605965400412127e-31,-2.839650360482591269e-31,-2.966340444169615727e-31,-3.086411529500276665e-31,-3.198625448463047424e-31,-3.301791611275955184e-31,-3.394787914857202868e-31,-3.476580990418684399e-31,-3.546245281235177575e-31,-3.602980459121265542e-31,-3.646126721850950145e-31,-3.675177562885598423e-31,-3.689789667923347849e-31,-3.689789667923347849e-31,-3.675177562885598423e-31,-3.646126721850950145e-31,-3.602980459121265542e-31,-3.546245281235177575e-31,-3.476580990418684399e-31,-3.394787914857202868e-31,-3.301791611275955184e-31,-3.198625448463047424e-31,-3.086411529500276665e-31,-2.966340444169615727e-31,-2.839650360482591269e-31,-2.707605965400373154e-31,-2.571477750076246400e-31,-2.432522105457275883e-31,-2.291962651455308900e-31,-2.150973169198443246e-31,-2.010662443501184590e-31,-1.872061254247900448e-31,-1.736111683569192402e-31,-1.603658833179089195e-31,-1.475444975565331202e-31,-1.352106096187083003e-31,-1.234170723419862462e-31,-1.122060890303080774e-31,-1.016095028387479904e-31,-9.164925599069083064e-32,-8.233799304438266450e-32,-7.367978101479368336e-32,-6.567091869579892736e-32,-5.830080794153434980e-32,-5.155286085314240938e-32,-4.540541865850486657e-32,-3.983266043630110037e-32,-3.480548258521916677e-32,-3.029233293852325301e-32,-2.625998654416763669e-32,-2.267425325273021739e-32,-1.950061027561548681e-32,-1.670475570706543628e-32,-1.425308157652704272e-32,-1.211306726257135126e-32,-1.025359602362741599e-32,-8.645198969098935353e-33,-7.260232006885980684e-33,-6.072992172887543039e-33,-5.059780298156158640e-33,-4.198917231493246719e-33,-3.470720846397605057e-33,-2.857450861557713514e-33,-2.343228134740568185e-33,-1.913934591441135662e-33,-1.557099360278124531e-33,-1.261776041749313570e-33,-1.018415366354843764e-33,-8.187368284009587765e-34,-6.556022343438608016e-34,-5.228934959001536796e-34,-4.153964403987022224e-34,-3.286919119156882184e-34,-2.590550009218543432e-34,-2.033628686953236514e-34,-1.590113243158459434e-34,-1.238400634043471690e-34
-2.856137212849040149e-36,-3.667295931204705737e-36,-4.690180552443565718e-36,-5.974614417724677650e-36,-7.580658273079838047e-36,-9.580334496712756771e-36,-1.205955109309748361e-35,-1.512022754883980722e-35,-1.888261891057697998e-35,-2.348782733166182184e-35,-2.910048176699395354e-35,-3.591155644416178983e-35,-4.414128723211040132e-35,-5.404213216506197164e-35,-6.590170834243978845e-35,-8.004562249327099192e-35,-9.684009704827032930e-35,-1.166942780965738308e-34,-1.400620967197938082e-34,-1.674435416031676755e-34,-1.993851893268723869e-34,-2.364798302224964915e-34,-2.793650230734544320e-34,-3.287204121946772622e-34,-3.852636464721576190e-34,-4.497447526298397837e-34,-5.229388350459522191e-34,-6.056370024038559791e-34,-6.986354576324605501e-34,-8.027227319662702543e-34,-9.186650961849046077e-34,-1.047190241433562071e-33,-1.188969387319612055e-33,-1.344598044635173976e-33,-1.514575732060478165e-33,-1.699285018159426207e-33,-1.898970329153688917e-33,-2.113717026373480461e-33,-2.343431311798369365e-33,-2.587821562569273258e-33,-2.846381722737840137e-33,-3.118377390062295101e-33,-3.402835225030545001e-33,-3.698536276747486498e-33,-4.004013764845914545e-33,-4.317555777997596724e-33,-4.637213248681304490e-33,-4.960813442357989884e-33,-5.285979059868500239e-33,-5.610152898412148706e-33,-5.930627853464324882e-33,-6.244581876756943813e-33,-6.549117339817043230e-33,-6.841304094709135458e-33,-7.118225379770456220e-33,-7.377025594288069007e-33,-7.614958867751205871e-33,-7.829437281290588357e-33,-8.018077564929462159e-33,-8.178745096855757665e-33,-8.309594071237319505e-33,-8.409102778831608897e-33,-8.476103057951867873e-33,-8.509803118989555613e-33,-8.509803118989555613e-33,-8.476103057951867873e-33,-8.409102778831608897e-33,-8.309594071237319505e-33,-8.178745096855757665e-33,-8.018077564929462159e-33,-7.829437281290588357e-33,-7.614958867751205871e-33,-7.377025594288069007e-33,-7.118225379770456220e-33,-6.841304094709135458e-33,-6.549117339817043230e-33,-6.244581876756853495e-33,-5.930627853464324882e-33,-5.610152898412148706e-33,-5.285979059868500239e-33,-4.960813442357989884e-33,-4.637213248681304490e-33,-4.317555777997596724e-33,-4.004013764845914545e-33,-3.698536276747486498e-33,-3.402835225030545001e-33,-3.118377390062295101e-33,-2.846381722737840137e-33,-2.587821562569273258e-33,-2.343431311798369365e-33,-2.113717026373480461e-33,-1.898970329153688917e-33,-1.699285018159426207e-33,-1.514575732060478165e-33,-1.344598044635173976e-33,-1.188969387319612055e-33,-1.047190241433562071e-33,-9.186650961849046077e-34,-8.027227319662702543e-34,-6.986354576324605501e-34,-6.056370024038559791e-34,-5.229388350459522191e-34,-4.497447526298397837e-34,-3.852636464721576190e-34,-3.287204121946772622e-34,-2.793650230734544320e-34,-2.364798302224964915e-34,-1.993851893268723869e-34,-1.674435416031676755e-34,-1.400620967197938082e-34,-1.166942780965738308e-34,-9.684009704827032930e-35,-8.004562249327099192e-35,-6.590170834243978845e-35,-5.404213216506197164e-35,-4.414128723211040132e-35,-3.591155644416178983e-35,-2.910048176699395354e-35,-2.348782733166182184e-35,-1.888261891057697998e-35,-1.512022754883980722e-35,-1.205955109309748361e-35,-9.580334496712756771e-36,-7.580658273079838047e-36,-5.974614417724677650e-36,-4.690180552443565718e-36,-3.667295931204705737e-36,-2.856137212849040149e-36
-5.964967642787721899e-38,-7.659051346606064494e-38,-9.795319044301395080e-38,-1.247782547684775718e-37,-1.583200593673377950e-37,-2.000827727144460103e-37,-2.518605609466349680e-37,-3.157819858046994439e-37,-3.943585423906467564e-37,-4.905371121613300852e-37,-6.077559276520222601e-37,-7.500034355068356006e-37,-9.218792040732881144e-37,-1.128655753167732504e-36,-1.376339890459822206e-36,-1.671731827067507621e-36,-2.022480022383597511e-36,-2.437129385146684584e-36,-2.925160146914595359e-36,-3.497014440214379773e-36,-4.164107373537304340e-36,-4.938819217449416171e-36,-5.834465219888849960e-36,-6.865239574078997371e-36,-8.046130188739961423e-36,-9.392801175243658663e-36,-1.092144038519300765e-35,-1.264856991590513101e-35,-1.459081825667904493e-35,-1.676465367548866977e-35,-1.918607953654731508e-35,-2.187029347852417444e-35,-2.483131374683531586e-35,-2.808157742815127703e-35,-3.163151683906785394e-35,-3.548912182368131224e-35,-3.965949715950989158e-35,-4.414442559554190872e-35,-4.894194818472709374e-35,-5.404597446015611781e-35,-5.944593557610348117e-35,-6.512649373440856394e-35,-7.106732099470145673e-35,-7.724295988731052849e-35,-8.362277708905327994e-35,-9.017101978093249617e-35,-9.684698219907443369e-35,-1.036052873526136029e-34,-1.103962859722580210e-34,-1.171665715483570107e-34,-1.238596069130802962e-34,-1.304164543286686306e-34,-1.367765975846113222e-34,-1.428788413099536436e-34,-1.486622697025351518e-34,-1.540672442905878690e-34,-1.590364182888302190e-34,-1.635157436905768418e-34,-1.674554465275765530e-34,-1.708109457832685211e-34,-1.735436922870662329e-34,-1.756219055406356382e-34,-1.770211887935975612e-34,-1.777250057276910670e-34,-1.777250057276910670e-34,-1.770211887935975612e-34,-1.756219055406356382e-34,-1.735436922870662329e-34,-1.708109457832685211e-34,-1.674554465275765530e-34,-1.635157436905768418e-34,-1.590364182888302190e-34,-1.540672442905878690e-34,-1.486622697025351518e-34,-1.428788413099536436e-34,-1.367765975846113222e-34,-1.304164543286667918e-34,-1.238596069130802962e-34,-1.171665715483570107e-34,-1.103962859722580210e-34,-1.036052873526136029e-34,-9.684698219907443369e-35,-9.017101978093249617e-35,-8.362277708905327994e-35,-7.724295988731052849e-35,-7.106732099470145673e-35,-6.512649373440856394e-35,-5.944593557610348117e-35,-5.404597446015611781e-35,-4.894194818472709374e-35,-4.414442559554190872e-35,-3.965949715950989158e-35,-3.548912182368131224e-35,-3.163151683906785394e-35,-2.808157742815127703e-35,-2.483131374683531586e-35,-2.187029347852417444e-35,-1.918607953654731508e-35,-1.676465367548866977e-35,-1.459081825667904493e-35,-1.264856991590513101e-35,-1.092144038519300765e-35,-9.392801175243658663e-36,-8.046130188739961423e-36,-6.865239574078997371e-36,-5.834465219888849960e-36,-4.938819217449416171e-36,-4.164107373537304340e-36,-3.497014440214379773e-36,-2.925160146914595359e-36,-2.437129385146684584e-36,-2.022480022383597511e-36,-1.671731827067507621e-36,-1.376339890459822206e-36,-1.128655753167732504e-36,-9.218792040732881144e-37,-7.500034355068356006e-37,-6.077559276520222601e-37,-4.905371121613300852e-37,-3.943585423906467564e-37,-3.157819858046994439e-37,-2.518605609466349680e-37,-2.000827727144460103e-37,-1.583200593673377950e-37,-1.247782547684775718e-37,-9.795319044301395080e-38,-7.659051346606064494e-38,-5.964967642787721899e-38
-1.128104832734709521e-39,-1.448492826061934706e-39,-1.852507408890228793e-39,-2.359827590929511339e-39,-2.994175908180963085e-39,-3.783999450844290245e-39,-4.763229794259002145e-39,-5.972122660339505802e-39,-7.458175871901144070e-39,-9.277121352603082932e-39,-1.149398354132550214e-38,-1.418419261981915174e-38,-1.743473640749997354e-38,-2.134532969649611694e-38,-2.602957425579015627e-38,-3.161607683541284781e-38,-3.824948640113747273e-38,-4.609140572133674550e-38,-5.532112654872892934e-38,-6.613613227087373313e-38,-7.875230736236272406e-38,-9.340378960721242115e-38,-1.103423992406294389e-37,-1.298365792606480908e-37,-1.521697835478637568e-37,-1.776382544425097737e-37,-2.065481393492064502e-37,-2.392119069844085882e-37,-2.759440381678400420e-37,-3.170559835862553051e-37,-3.628504015873635495e-37,-4.136147125002524632e-37,-4.696140317680785121e-37,-5.310835716906965357e-37,-5.982206300151037135e-37,-6.711763120326870598e-37,-7.500471601646835414e-37,-8.348668900633778116e-37,-9.255984537887361340e-37,-1.022126667394037040e-36,-1.124251651070105857e-36,-1.231683333767710977e-36,-1.344037270018845658e-36,-1.460832003824321955e-36,-1.581488192562446846e-36,-1.705329672835361620e-36,-1.831586610308731042e-36,-1.959400827608329362e-36,-2.087833349303203467e-36,-2.215874142393273134e-36,-2.342453966338134732e-36,-2.466458180610324056e-36,-2.586742292337053471e-36,-2.702148964247623219e-36,-2.811526146323957027e-36,-2.913745945637755272e-36,-3.007723810025582399e-36,-3.092437574386258747e-36,-3.166945904960888978e-36,-3.230405677976769234e-36,-3.282087844958857315e-36,-3.321391367713748254e-36,-3.347854850746045275e-36,-3.361165556390381144e-36,-3.361165556390381144e-36,-3.347854850746045275e-36,-3.321391367713748254e-36,-3.282087844958857315e-36,-3.230405677976769234e-36,-3.166945904960888978e-36,-3.092437574386258747e-36,-3.007723810025582399e-36,-2.913745945637755272e-36,-2.811526146323957027e-36,-2.702148964247623219e-36,-2.586742292337053471e-36,-2.466458180610288976e-36,-2.342453966338134732e-36,-2.215874142393273134e-36,-2.087833349303203467e-36,-1.959400827608329362e-36,-1.831586610308731042e-36,-1.705329672835361620e-36,-1.581488192562446846e-36,-1.460832003824321955e-36,-1.344037270018845658e-36,-1.231683333767710977e-36,-1.124251651070105857e-36,-1.022126667394037040e-36,-9.255984537887361340e-37,-8.348668900633778116e-37,-7.500471601646835414e-37,-6.711763120326870598e-37,-5.982206300151037135e-37,-5.310835716906965357e-37,-4.696140317680785121e-37,-4.136147125002524632e-37,-3.628504015873635495e-37,-3.170559835862553051e-37,-2.759440381678400420e-37,-2.392119069844085882e-37,-2.065481393492064502e-37,-1.776382544425097737e-37,-1.521697835478637568e-37,-1.298365792606480908e-37,-1.103423992406294389e-37,-9.340378960721242115e-38,-7.875230736236272406e-38,-6.613613227087373313e-38,-5.532112654872892934e-38,-4.609140572133674550e-38,-3.824948640113747273e-38,-3.161607683541284781e-38,-2.602957425579015627e-38,-2.134532969649611694e-38,-1.743473640749997354e-38,-1.418419261981915174e-38,-1.149398354132550214e-38,-9.277121352603082932e-39,-7.458175871901144070e-39,-5.972122660339505802e-39,-4.763229794259002145e-39,-3.783999450844290245e-39,-2.994175908180963085e-39,-2.359827590929511339e-39,-1.852507408890228793e-39,-1.448492826061934706e-39,-1.128104832734709521e-39
-1.931986872595538750e-41,-2.480681798176971950e-41,-3.172595215894760141e-41,-4.041429302463349964e-41,-5.127811158138888132e-41,-6.480459131814659606e-41,-8.157484275070424066e-41,-1.022782834227926604e-40,-1.277283587474029858e-40,-1.588795309497610246e-40,-1.968454054206873135e-40,-2.429177957994042512e-40,-2.985864512679972913e-40,-3.655590825267935369e-40,-4.457812279691167169e-40,-5.414554005669597586e-40,-6.550588515021214769e-40,-7.893591819585660452e-40,-9.474269338093966485e-40,-1.132644197984906702e-39,-1.348708201540643045e-39,-1.599628776825271390e-39,-1.889718584990092847e-39,-2.223574967817478418e-39,-2.606052342737490650e-39,-3.042224141720544917e-39,-3.537333430390002567e-39,-4.096731532849525820e-39,-4.725804232385913350e-39,-5.429885418375488201e-39,-6.214158403021942547e-39,-7.083545532960104305e-39,-8.042587162428675899e-39,-9.095311525882523016e-39,-1.024509753498064875e-38,-1.149453301162461715e-38,-1.284527133664452339e-38,-1.429788992266837163e-38,-1.585175428846955768e-38,-1.750489179935544949e-38,-1.925387932339522268e-38,-2.109374911784926804e-38,-2.301791718825301245e-38,-2.501813814248355785e-38,-2.708449018686209143e-38,-2.920539337978668132e-38,-3.136766357573422080e-38,-3.355660367055932754e-38,-3.575613281651052047e-38,-3.794895323734910459e-38,-4.011675317136849246e-38,-4.224044333888270027e-38,-4.430042321038551611e-38,-4.627687228383430851e-38,-4.815006060641871427e-38,-4.990067193847786085e-38,-5.151013229219079251e-38,-5.296093611754294273e-38,-5.423696217817277742e-38,-5.532377117718542850e-38,-5.620887746570859662e-38,-5.688198769275311080e-38,-5.733520002141243237e-38,-5.756315852157681998e-38,-5.756315852157681998e-38,-5.733520002141243237e-38,-5.688198769275311080e-38,-5.620887746570859662e-38,-5.532377117718542850e-38,-5.423696217817277742e-38,-5.296093611754294273e-38,-5.151013229219079251e-38,-4.990067193847786085e-38,-4.815006060641871427e-38,-4.627687228383430851e-38,-4.430042321038551611e-38,-4.224044333888210516e-38,-4.011675317136849246e-38,-3.794895323734910459e-38,-3.575613281651052047e-38,-3.355660367055932754e-38,-3.136766357573422080e-38,-2.920539337978668132e-38,-2.708449018686209143e-38,-2.501813814248355785e-38,-2.301791718825301245e-38,-2.109374911784926804e-38,-1.925387932339522268e-38,-1.750489179935544949e-38,-1.585175428846955768e-38,-1.429788992266837163e-38,-1.284527133664452339e-38,-1.149453301162461715e-38,-1.024509753498064875e-38,-9.095311525882523016e-39,-8.042587162428675899e-39,-7.083545532960104305e-39,-6.214158403021942547e-39,-5.429885418375488201e-39,-4.725804232385913350e-39,-4.096731532849525820e-39,-3.537333430390002567e-39,-3.042224141720544917e-39,-2.606052342737490650e-39,-2.223574967817478418e-39,-1.889718584990092847e-39,-1.599628776825271390e-39,-1.348708201540643045e-39,-1.132644197984906702e-39,-9.474269338093966485e-40,-7.893591819585660452e-40,-6.550588515021214769e-40,-5.414554005669597586e-40,-4.457812279691167169e-40,-3.655590825267935369e-40,-2.985864512679972913e-40,-2.429177957994042512e-40,-1.968454054206873135e-40,-1.588795309497610246e-40,-1.277283587474029858e-40,-1.022782834227926604e-40,-8.157484275070424066e-41,-6.480459131814659606e-41,-5.127811158138888132e-41,-4.041429302463349964e-41,-3.172595215894760141e-41,-2.480681798176971950e-41,-1.931986872595538750e-41
-2.996215504126938625e-43,-3.847157229654408860e-43,-4.920208883931101345e-43,-6.267637377165879277e-43,-7.952449114527348170e-43,-1.005019878759238422e-42,-1.265100773008955680e-42,-1.586179403564795806e-42,-1.980871061931770852e-42,-2.463977994221849123e-42,-3.052770513110464405e-42,-3.767282668047863376e-42,-4.630618185358171357e-42,-5.669261040421662341e-42,-6.913383551594309721e-42,-8.397143319056179389e-42,-1.015895871150224556e-41,-1.224175098111209542e-41,-1.469313952580589003e-41,-1.756557539183786797e-41,-2.091639690372380043e-41,-2.480779041491379503e-41,-2.930663868941037238e-41,-3.448423945144497677e-41,-4.041587727449877785e-41,-4.718023331186798414e-41,-5.485861947479119057e-41,-6.353402659759778803e-41,-7.328997992372838395e-41,-8.420919990161529575e-41,-9.637207175854825200e-41,-1.098549335458522726e-40,-1.247281991983071641e-40,-1.410543404578234079e-40,-1.588857590650307644e-40,-1.782625881710047700e-40,-1.992104691781152340e-40,-2.217383568711636608e-40,-2.458364114188626711e-40,-2.714740402807767083e-40,-2.985981559276516287e-40,-3.271317162841567579e-40,-3.569726136881044878e-40,-3.879929747462190533e-40,-4.200389276466841936e-40,-4.529308852450075926e-40,-4.864643816528061719e-40,-5.204114873125301992e-40,-5.545228129243049050e-40,-5.885300964927276210e-40,-6.221493506620289636e-40,-6.550845299643578272e-40,-6.870316602307977615e-40,-7.176833558555658853e-40,-7.467336355126775213e-40,-7.738829339329575731e-40,-7.988431970355413407e-40,-8.213429405722399681e-40,-8.411321488777434183e-40,-8.579868905897906958e-40,-8.717135324323958323e-40,-8.821524403093824211e-40,-8.891810688422778506e-40,-8.927163557646602377e-40,-8.927163557646602377e-40,-8.891810688422778506e-40,-8.821524403093824211e-40,-8.717135324323958323e-40,-8.579868905897906958e-40,-8.411321488777434183e-40,-8.213429405722399681e-40,-7.988431970355413407e-40,-7.738829339329575731e-40,-7.467336355126775213e-40,-7.176833558555658853e-40,-6.870316602307977615e-40,-6.550845299643485287e-40,-6.221493506620289636e-40,-5.885300964927276210e-40,-5.545228129243049050e-40,-5.204114873125301992e-40,-4.864643816528061719e-40,-4.529308852450075926e-40,-4.200389276466841936e-40,-3.879929747462190533e-40,-3.569726136881044878e-40,-3.271317162841567579e-40,-2.985981559276516287e-40,-2.714740402807767083e-40,-2.458364114188626711e-40,-2.217383568711636608e-40,-1.992104691781152340e-40,-1.782625881710047700e-40,-1.588857590650307644e-40,-1.410543404578234079e-40,-1.247281991983071641e-40,-1.098549335458522726e-40,-9.637207175854825200e-41,-8.420919990161529575e-41,-7.328997992372838395e-41,-6.353402659759778803e-41,-5.485861947479119057e-41,-4.718023331186798414e-41,-4.041587727449877785e-41,-3.448423945144497677e-41,-2.930663868941037238e-41,-2.480779041491379503e-41,-2.091639690372380043e-41,-1.756557539183786797e-41,-1.469313952580589003e-41,-1.224175098111209542e-41,-1.015895871150224556e-41,-8.397143319056179389e-42,-6.913383551594309721e-42,-5.669261040421662341e-42,-4.630618185358171357e-42,-3.767282668047863376e-42,-3.052770513110464405e-42,-2.463977994221849123e-42,-1.980871061931770852e-42,-1.586179403564795806e-42,-1.265100773008955680e-42,-1.005019878759238422e-42,-7.952449114527348170e-43,-6.267637377165879277e-43,-4.920208883931101345e-43,-3.847157229654408860e-43,-2.996215504126938625e-43
-4.207816186213639439e-45,-5.402859186714498503e-45,-6.909828265971188665e-45,-8.802125871330133867e-45,-1.116823675001276483e-44,-1.411426817425088593e-44,-1.776678447370100075e-44,-2.227593896155166791e-44,-2.781889789208425261e-44,-3.460354060741039714e-44,-4.287240740917583714e-44,-5.290685188304904670e-44,-6.503133745115232831e-44,-7.961779897640499468e-44,-9.708996956271416898e-44,-1.179275506959107075e-43,-1.426700811155143480e-43,-1.719203370217186049e-43,-2.063470742936322356e-43,-2.466869033690173129e-43,-2.937450704982037274e-43,-3.483949065355591837e-43,-4.115756976457837504e-43,-4.842887326802566731e-43,-5.675912908848462954e-43,-6.625883522916422558e-43,-7.704218426925995478e-43,-8.922572662896600765e-43,-1.029267632403491865e-42,-1.182614647998647208e-42,-1.353427224730699339e-42,-1.542777436646216415e-42,-1.751654160860655388e-42,-1.980934736158327159e-42,-2.231355080540136875e-42,-2.503478814755212964e-42,-2.797666040764781767e-42,-3.114042517508345539e-42,-3.452470056656981718e-42,-3.812519023604485236e-42,-4.193443869292137882e-42,-4.594162632522061184e-42,-5.013241336755852980e-42,-5.448884157449954300e-42,-5.898930154246533521e-42,-6.360857246566306108e-42,-6.831793962469145275e-42,-7.308539311638262055e-42,-7.787590928068146786e-42,-8.265181401955182003e-42,-8.737322480149211325e-42,-9.199856568145563828e-42,-9.648514722584199276e-42,-1.007898009066984610e-41,-1.048695554098995657e-41,-1.086823404775906678e-41,-1.121877024567453714e-41,-1.153475147235523553e-41,-1.181266656526346280e-41,-1.204937068381807582e-41,-1.224214448679757876e-41,-1.238874610964705644e-41,-1.248745455323819402e-41,-1.253710331019315992e-41,-1.253710331019315992e-41,-1.248745455323819402e-41,-1.238874610964705644e-41,-1.224214448679757876e-41,-1.204937068381807582e-41,-1.181266656526346280e-41,-1.153475147235523553e-41,-1.121877024567453714e-41,-1.086823404775906678e-41,-1.048695554098995657e-41,-1.007898009066984610e-41,-9.648514722584199276e-42,-9.199856568145433831e-42,-8.737322480149211325e-42,-8.265181401955182003e-42,-7.787590928068146786e-42,-7.308539311638262055e-42,-6.831793962469145275e-42,-6.360857246566306108e-42,-5.898930154246533521e-42,-5.448884157449954300e-42,-5.013241336755852980e-42,-4.594162632522061184e-42,-4.193443869292137882e-42,-3.812519023604485236e-42,-3.452470056656981718e-42,-3.114042517508345539e-42,-2.797666040764781767e-42,-2.503478814755212964e-42,-2.231355080540136875e-42,-1.980934736158327159e-42,-1.751654160860655388e-42,-1.542777436646216415e-42,-1.353427224730699339e-42,-1.182614647998647208e-42,-1.029267632403491865e-42,-8.922572662896600765e-43,-7.704218426925995478e-43,-6.625883522916422558e-43,-5.675912908848462954e-43,-4.842887326802566731e-43,-4.115756976457837504e-43,-3.483949065355591837e-43,-2.937450704982037274e-43,-2.466869033690173129e-43,-2.063470742936322356e-43,-1.719203370217186049e-43,-1.426700811155143480e-43,-1.179275506959107075e-43,-9.708996956271416898e-44,-7.961779897640499468e-44,-6.503133745115232831e-44,-5.290685188304904670e-44,-4.287240740917583714e-44,-3.460354060741039714e-44,-2.781889789208425261e-44,-2.227593896155166791e-44,-1.776678447370100075e-44,-1.411426817425088593e-44,-1.116823675001276483e-44,-8.802125871330133867e-45,-6.909828265971188665e-45,-5.402859186714498503e-45,-4.207816186213639439e-45
-5.351257647301955731e-47,-6.871044328154893008e-47,-8.787520583947906316e-47,-1.119403540862710755e-46,-1.420311859419949020e-46,-1.794971124237599999e-46,-2.259477055921733651e-46,-2.832925285790576830e-46,-3.537846795025609639e-46,-4.400678477967312857e-46,-5.452265209641668413e-46,-6.728387914411227114e-46,-8.270309976703062698e-46,-1.012533192466324016e-45,-1.234734168762022668e-45,-1.499734493052878615e-45,-1.814395707474051598e-45,-2.186383571669380998e-45,-2.624202936739500990e-45,-3.137221588879712351e-45,-3.735680184916128079e-45,-4.430685242353892275e-45,-5.234182060249374335e-45,-6.158904452024979028e-45,-7.218298284608837687e-45,-8.426416055983655698e-45,-9.797780118971947264e-45,-1.134721268299921479e-44,-1.308963140325711820e-44,-1.503981019809870368e-44,-1.721210591407496974e-44,-1.962015256984613607e-44,-2.227652613354426772e-44,-2.519238409321314786e-44,-2.837708542903596028e-44,-3.183779794424005058e-44,-3.557910120762915410e-44,-3.960259454877693164e-44,-4.390652056831236870e-44,-4.848541542140415023e-44,-5.332979764563727325e-44,-5.842590748327034451e-44,-6.375550844873089289e-44,-6.929576228246418157e-44,-7.501918739282388910e-44,-8.089370941536606243e-44,-8.688281062807380577e-44,-9.294578268449466253e-44,-9.903808451619505699e-44,-1.051118043807652318e-43,-1.111162219776390950e-43,-1.169984634206892570e-43,-1.227042387533435654e-43,-1.281786487344976546e-43,-1.333670449282046373e-43,-1.382159248098518250e-43,-1.426738417594969918e-43,-1.466923085385805096e-43,-1.502266722094518292e-43,-1.532369385055730817e-43,-1.556885244155598535e-43,-1.575529192005565474e-43,-1.588082361874319948e-43,-1.594396404089490009e-43,-1.594396404089490009e-43,-1.588082361874319948e-43,-1.575529192005565474e-43,-1.556885244155598535e-43,-1.532369385055730817e-43,-1.502266722094518292e-43,-1.466923085385805096e-43,-1.426738417594969918e-43,-1.382159248098518250e-43,-1.333670449282046373e-43,-1.281786487344976546e-43,-1.227042387533435654e-43,-1.169984634206875842e-43,-1.111162219776390950e-43,-1.051118043807652318e-43,-9.903808451619505699e-44,-9.294578268449466253e-44,-8.688281062807380577e-44,-8.089370941536606243e-44,-7.501918739282388910e-44,-6.929576228246418157e-44,-6.375550844873089289e-44,-5.842590748327034451e-44,-5.332979764563727325e-44,-4.848541542140415023e-44,-4.390652056831236870e-44,-3.960259454877693164e-44,-3.557910120762915410e-44,-3.183779794424005058e-44,-2.837708542903596028e-44,-2.519238409321314786e-44,-2.227652613354426772e-44,-1.962015256984613607e-44,-1.721210591407496974e-44,-1.503981019809870368e-44,-1.308963140325711820e-44,-1.134721268299921479e-44,-9.797780118971947264e-45,-8.426416055983655698e-45,-7.218298284608837687e-45,-6.158904452024979028e-45,-5.234182060249374335e-45,-4.430685242353892275e-45,-3.735680184916128079e-45,-3.137221588879712351e-45,-2.624202936739500990e-45,-2.186383571669380998e-45,-1.814395707474051598e-45,-1.499734493052878615e-45,-1.234734168762022668e-45,-1.012533192466324016e-45,-8.270309976703062698e-46,-6.728387914411227114e-46,-5.452265209641668413e-46,-4.400678477967312857e-46,-3.537846795025609639e-46,-2.832925285790576830e-46,-2.259477055921733651e-46,-1.794971124237599999e-46,-1.420311859419949020e-46,-1.119403540862710755e-46,-8.787520583947906316e-47,-6.871044328154893008e-47,-5.351257647301955731e-47
-6.162696838532897353e-49,-7.912936724302374213e-49,-1.012001830047237388e-48,-1.289144555728003207e-48,-1.635681176777433454e-48,-2.067151985883947505e-48,-2.602093381971068515e-48,-3.262496566829268520e-48,-4.074309012183470561e-48,-5.067976376963003066e-48,-6.279020705953619921e-48,-7.748648572260623196e-48,-9.524380343153957905e-48,-1.166068897330694432e-47,-1.421963370067741462e-47,-1.727147079833772300e-47,-2.089522020292860302e-47,-2.517916350325724230e-47,-3.022124556097032390e-47,-3.612934910228816022e-47,-4.302140913913943262e-47,-5.102533224008670003e-47,-6.027868467755032189e-47,-7.092811353319392441e-47,-8.312846614771905879e-47,-9.704157603877579504e-47,-1.128346877378856925e-46,-1.306784990308536645e-46,-1.507448068905543853e-46,-1.732037529657890507e-46,-1.982206757595460523e-46,-2.259525894341621170e-46,-2.565443232693263391e-46,-2.901243708282818272e-46,-3.268005134241108349e-46,-3.666552980040917765e-46,-4.097414644960111295e-46,-4.560774313427041219e-46,-5.056429597138592392e-46,-5.583751260474138400e-46,-6.141647384817518236e-46,-6.728533347989786621e-46,-7.342308972062858745e-46,-7.980344122604197911e-46,-8.639473922698523633e-46,-9.316004575534223526e-46,-1.000573057158707457e-45,-1.070396379425870072e-45,-1.140557473718419822e-45,-1.210504571530824736e-45,-1.279653560012331702e-45,-1.347395524862126646e-45,-1.413105243813252755e-45,-1.476150477863422145e-45,-1.535901876370902791e-45,-1.591743285412605782e-45,-1.643082227587950293e-45,-1.689360306774987032e-45,-1.730063284011910190e-45,-1.764730571234759405e-45,-1.792963898300378584e-45,-1.814434925495395452e-45,-1.828891598181067061e-45,-1.836163071648133573e-45,-1.836163071648133573e-45,-1.828891598181067061e-45,-1.814434925495395452e-45,-1.792963898300378584e-45,-1.764730571234759405e-45,-1.730063284011910190e-45,-1.689360306774987032e-45,-1.643082227587950293e-45,-1.591743285412605782e-45,-1.535901876370902791e-45,-1.476150477863422145e-45,-1.413105243813252755e-45,-1.347395524862107510e-45,-1.279653560012331702e-45,-1.210504571530824736e-45,-1.140557473718419822e-45,-1.070396379425870072e-45,-1.000573057158707457e-45,-9.316004575534223526e-46,-8.639473922698523633e-46,-7.980344122604197911e-46,-7.342308972062858745e-46,-6.728533347989786621e-46,-6.141647384817518236e-46,-5.583751260474138400e-46,-5.056429597138592392e-46,-4.560774313427041219e-46,-4.097414644960111295e-46,-3.666552980040917765e-46,-3.268005134241108349e-46,-2.901243708282818272e-46,-2.565443232693263391e-46,-2.259525894341621170e-46,-1.982206757595460523e-46,-1.732037529657890507e-46,-1.507448068905543853e-46,-1.306784990308536645e-46,-1.128346877378856925e-46,-9.704157603877579504e-47,-8.312846614771905879e-47,-7.092811353319392441e-47,-6.027868467755032189e-47,-5.102533224008670003e-47,-4.302140913913943262e-47,-3.612934910228816022e-47,-3.022124556097032390e-47,-2.517916350325724230e-47,-2.089522020292860302e-47,-1.727147079833772300e-47,-1.421963370067741462e-47,-1.166068897330694432e-47,-9.524380343153957905e-48,-7.748648572260623196e-48,-6.279020705953619921e-48,-5.067976376963003066e-48,-4.074309012183470561e-48,-3.262496566829268520e-48,-2.602093381971068515e-48,-2.067151985883947505e-48,-1.635681176777433454e-48,-1.289144555728003207e-48,-1.012001830047237388e-48,-7.912936724302374213e-49,-6.162696838532897353e-49
-6.426906153470391959e-51,-8.252182941640136178e-51,-1.055388729847410497e-50,-1.344413216323902851e-50,-1.705806677754600234e-50,-2.155775655743407410e-50,-2.713651248253783652e-50,-3.402367471644552629e-50,-4.248984226810597625e-50,-5.285252449721364349e-50,-6.548217098809654597e-50,-8.080851369933167079e-50,-9.932712940327099905e-50,-1.216061014841217243e-49,-1.482926285770933369e-49,-1.801193939303791304e-49,-2.179104746166458969e-49,-2.625865349184452264e-49,-3.151690147191768355e-49,-3.767829931443678317e-49,-4.486583818280527052e-49,-5.321290830115752899e-49,-6.286297373172035859e-49,-7.396896866162425057e-49,-8.669237910143854073e-49,-1.012019767525262093e-48,-1.176721763130189775e-48,-1.362809937844688973e-48,-1.572075914802340907e-48,-1.806294054219608847e-48,-2.067188625633195389e-48,-2.356397086332569797e-48,-2.675429820834808406e-48,-3.025626852986493050e-48,-3.408112204303573842e-48,-3.823746734077546189e-48,-4.273080452434341536e-48,-4.756305440222165215e-48,-5.273210632275026196e-48,-5.823139816160815595e-48,-6.404954260142671845e-48,-7.017001405560128601e-48,-7.657091034915388626e-48,-8.322480253723809685e-48,-9.009868499349469622e-48,-9.715403613219555282e-48,-1.043469978572052619e-47,-1.116286790966381467e-47,-1.189455856467638814e-47,-1.262401750956091536e-47,-1.334515319288595818e-47,-1.405161541575422342e-47,-1.473688390799818359e-47,-1.539436522385742191e-47,-1.601749603948522124e-47,-1.659985065596512941e-47,-1.713525029028809798e-47,-1.761787158367750494e-47,-1.804235168017178796e-47,-1.840388723419020967e-47,-1.869832479651911477e-47,-1.892224020306349241e-47,-1.907300484568117279e-47,-1.914883703213253748e-47,-1.914883703213253748e-47,-1.907300484568117279e-47,-1.892224020306349241e-47,-1.869832479651911477e-47,-1.840388723419020967e-47,-1.804235168017178796e-47,-1.761787158367750494e-47,-1.713525029028809798e-47,-1.659985065596512941e-47,-1.601749603948522124e-47,-1.539436522385742191e-47,-1.473688390799818359e-47,-1.405161541575402409e-47,-1.334515319288595818e-47,-1.262401750956091536e-47,-1.189455856467638814e-47,-1.116286790966381467e-47,-1.043469978572052619e-47,-9.715403613219555282e-48,-9.009868499349469622e-48,-8.322480253723809685e-48,-7.657091034915388626e-48,-7.017001405560128601e-48,-6.404954260142671845e-48,-5.823139816160815595e-48,-5.273210632275026196e-48,-4.756305440222165215e-48,-4.273080452434341536e-48,-3.823746734077546189e-48,-3.408112204303573842e-48,-3.025626852986493050e-48,-2.675429820834808406e-48,-2.356397086332569797e-48,-2.067188625633195389e-48,-1.806294054219608847e-48,-1.572075914802340907e-48,-1.362809937844688973e-48,-1.176721763130189775e-48,-1.012019767525262093e-48,-8.669237910143854073e-49,-7.396896866162425057e-49,-6.286297373172035859e-49,-5.321290830115752899e-49,-4.486583818280527052e-49,-3.767829931443678317e-49,-3.151690147191768355e-49,-2.625865349184452264e-49,-2.179104746166458969e-49,-1.801193939303791304e-49,-1.482926285770933369e-49,-1.216061014841217243e-49,-9.932712940327099905e-50,-8.080851369933167079e-50,-6.548217098809654597e-50,-5.285252449721364349e-50,-4.248984226810597625e-50,-3.402367471644552629e-50,-2.713651248253783652e-50,-2.155775655743407410e-50,-1.705806677754600234e-50,-1.344413216323902851e-50,-1.055388729847410497e-50,-8.252182941640136178e-51,-6.426906153470391959e-51
-6.069454059175835004e-53,-7.793212481429156311e-53,-9.966900492116084354e-53,-1.269639552558364739e-52,-1.610933008392589057e-52,-2.035875581808361302e-52,-2.562723212475701516e-52,-3.213134371104829682e-52,-4.012663939221231588e-52,-4.991296927123884509e-52,-6.184017924281327022e-52,-7.631410040483239431e-52,-9.380274650773207234e-52,-1.148426052362382937e-51,-1.400448792887823582e-51,-1.701015014878833679e-51,-2.057907153327203475e-51,-2.479819795384875212e-51,-2.976399234771507118e-51,-3.558270515485346930e-51,-4.237048700795348196e-51,-5.025330922478357334e-51,-5.936665667380694225e-51,-6.985495763835312722e-51,-8.187071658930524590e-51,-9.557331847230440869e-51,-1.111274773771905348e-50,-1.287013083996905008e-50,-1.484640091916909270e-50,-1.705831471263739629e-50,-1.952215591036218760e-50,-2.225338836315281833e-50,-2.526627586951384607e-50,-2.857347337255603458e-50,-3.218559592840384162e-50,-3.611077333667839843e-50,-4.035419979364104057e-50,-4.491768927611977433e-50,-4.979924852281923587e-50,-5.499268038208565147e-50,-6.048723087712591965e-50,-6.626729354251128825e-50,-7.231218435988975361e-50,-7.859599992929536973e-50,-8.508757033349304266e-50,-9.175051648287403435e-50,-9.854341958381359907e-50,-1.054201077913169253e-49,-1.123300621458379789e-49,-1.192189406331032951e-49,-1.260292157419288512e-49,-1.327009173411918845e-49,-1.391724691774195240e-49,-1.453816039400599867e-49,-1.512663387844725940e-49,-1.567659905709938489e-49,-1.618222079891805210e-49,-1.663799962908274758e-49,-1.703887096331179961e-49,-1.738029860881874138e-49,-1.765836012320479510e-49,-1.786982178776153506e-49,-1.801220119244942686e-49,-1.808381573930645023e-49,-1.808381573930645023e-49,-1.801220119244942686e-49,-1.786982178776153506e-49,-1.765836012320479510e-49,-1.738029860881874138e-49,-1.703887096331179961e-49,-1.663799962908274758e-49,-1.618222079891805210e-49,-1.567659905709938489e-49,-1.512663387844725940e-49,-1.453816039400599867e-49,-1.391724691774195240e-49,-1.327009173411900234e-49,-1.260292157419288512e-49,-1.192189406331032951e-49,-1.123300621458379789e-49,-1.054201077913169253e-49,-9.854341958381359907e-50,-9.175051648287403435e-50,-8.508757033349304266e-50,-7.859599992929536973e-50,-7.231218435988975361e-50,-6.626729354251128825e-50,-6.048723087712591965e-50,-5.499268038208565147e-50,-4.979924852281923587e-50,-4.491768927611977433e-50,-4.035419979364104057e-50,-3.611077333667839843e-50,-3.218559592840384162e-50,-2.857347337255603458e-50,-2.526627586951384607e-50,-2.225338836315281833e-50,-1.952215591036218760e-50,-1.705831471263739629e-50,-1.484640091916909270e-50,-1.287013083996905008e-50,-1.111274773771905348e-50,-9.557331847230440869e-51,-8.187071658930524590e-51,-6.985495763835312722e-51,-5.936665667380694225e-51,-5.025330922478357334e-51,-4.237048700795348196e-51,-3.558270515485346930e-51,-2.976399234771507118e-51,-2.479819795384875212e-51,-2.057907153327203475e-51,-1.701015014878833679e-51,-1.400448792887823582e-51,-1.148426052362382937e-51,-9.380274650773207234e-52,-7.631410040483239431e-52,-6.184017924281327022e-52,-4.991296927123884509e-52,-4.012663939221231588e-52,-3.213134371104829682e-52,-2.562723212475701516e-52,-2.035875581808361302e-52,-1.610933008392589057e-52,-1.269639552558364739e-52,-9.966900492116084354e-53,-7.793212481429156311e-53,-6.069454059175835004e-53
-5.190558186801174663e-55,-6.664705334709464750e-55,-8.523629381158982291e-55,-1.085787602899043813e-54,-1.377659577546224737e-54,-1.741067741090855629e-54,-2.191624456059795778e-54,-2.747851907704381431e-54,-3.431604466816711635e-54,-4.268525121904687080e-54,-5.288532469518729215e-54,-6.526332924883485065e-54,-8.021950723789777517e-54,-9.821265948975247198e-54,-1.197654826323338291e-53,-1.454697131779585735e-53,-1.759908999760955700e-53,-2.120725985439686692e-53,-2.545397537341244746e-53,-3.043010124952431683e-53,-3.623496875891163356e-53,-4.297630776465106899e-53,-5.076998405736117401e-53,-5.973951177869833255e-53,-7.001531177412046576e-53,-8.173368902697283121e-53,-9.503550597054251847e-53,-1.100645335565399507e-52,-1.269654685317606140e-52,-1.458816134391072504e-52,-1.669522253510540615e-52,-1.903095501279953184e-52,-2.160755708599765985e-52,-2.443585118088945173e-52,-2.752491522539610417e-52,-3.088170177201560066e-52,-3.451065286407923302e-52,-3.841331980293690191e-52,-4.258799796431260324e-52,-4.702938758385379497e-52,-5.172829192957618475e-52,-5.667136445233184620e-52,-6.184091631227683159e-52,-6.721479508788387237e-52,-7.276634446583232526e-52,-7.846445328199515651e-52,-8.427370044969127264e-52,-9.015460010319029796e-52,-9.606394875227653381e-52,-1.019552734548493415e-51,-1.077793770522794386e-51,-1.134849734730309527e-51,-1.190194031000344390e-51,-1.243294153286387079e-51,-1.293620028276151387e-51,-1.340652697650964398e-51,-1.383893144746101015e-51,-1.422871058001832471e-51,-1.457153317418407589e-51,-1.486351990697878046e-51,-1.510131633081840254e-51,-1.528215699020195614e-51,-1.540391894398383814e-51,-1.546516324517775393e-51,-1.546516324517775393e-51,-1.540391894398383814e-51,-1.528215699020195614e-51,-1.510131633081840254e-51,-1.486351990697878046e-51,-1.457153317418407589e-51,-1.422871058001832471e-51,-1.383893144746101015e-51,-1.340652697650964398e-51,-1.293620028276151387e-51,-1.243294153286387079e-51,-1.190194031000344390e-51,-1.134849734730293355e-51,-1.077793770522794386e-51,-1.019552734548493415e-51,-9.606394875227653381e-52,-9.015460010319029796e-52,-8.427370044969127264e-52,-7.846445328199515651e-52,-7.276634446583232526e-52,-6.721479508788387237e-52,-6.184091631227683159e-52,-5.667136445233184620e-52,-5.172829192957618475e-52,-4.702938758385379497e-52,-4.258799796431260324e-52,-3.841331980293690191e-52,-3.451065286407923302e-52,-3.088170177201560066e-52,-2.752491522539610417e-52,-2.443585118088945173e-52,-2.160755708599765985e-52,-1.903095501279953184e-52,-1.669522253510540615e-52,-1.458816134391072504e-52,-1.269654685317606140e-52,-1.100645335565399507e-52,-9.503550597054251847e-53,-8.173368902697283121e-53,-7.001531177412046576e-53,-5.973951177869833255e-53,-5.076998405736117401e-53,-4.297630776465106899e-53,-3.623496875891163356e-53,-3.043010124952431683e-53,-2.545397537341244746e-53,-2.120725985439686692e-53,-1.759908999760955700e-53,-1.454697131779585735e-53,-1.197654826323338291e-53,-9.821265948975247198e-54,-8.021950723789777517e-54,-6.526332924883485065e-54,-5.288532469518729215e-54,-4.268525121904687080e-54,-3.431604466816711635e-54,-2.747851907704381431e-54,-2.191624456059795778e-54,-1.741067741090855629e-54,-1.377659577546224737e-54,-1.085787602899043813e-54,-8.523629381158982291e-55,-6.664705334709464750e-55,-5.190558186801174663e-55
-4.019716911266125491e-57,-5.161338680425555413e-57,-6.600942699367822388e-57,-8.408650153493752806e-57,-1.066899031382027592e-56,-1.348332720808165510e-56,-1.697256744288076960e-56,-2.128015212533659736e-56,-2.657532776169551103e-56,-3.305668099880907719e-56,-4.095591001669363809e-56,-5.054179123435300437e-56,-6.212428379621600062e-56,-7.605869620251235890e-56,-9.274981969132406685e-56,-1.126559119644184639e-55,-1.362923931113509397e-55,-1.642350938192044768e-55,-1.971228750072296982e-55,-2.356594188950514130e-55,-2.806139753326959639e-55,-3.328208352323793732e-55,-3.931772964592348360e-55,-4.626398878992291871e-55,-5.422186259305661230e-55,-6.329690953803955627e-55,-7.359821752734172627e-55,-8.523712690339648917e-55,-9.832569497086492407e-55,-1.129748993229851214e-54,-1.292925846248378576e-54,-1.473811658580764346e-54,-1.673351102210827210e-54,-1.892382296816833651e-54,-2.131608263135107066e-54,-2.391567426742373270e-54,-2.672603792195690790e-54,-2.974837496714337407e-54,-3.298136529312542298e-54,-3.642090461060947135e-54,-4.005987070696341075e-54,-4.388792763229783781e-54,-4.789137664245028050e-54,-5.205306226777103494e-54,-5.635234109581952460e-54,-6.076511975010905693e-54,-6.526396712669605128e-54,-6.981830424033070325e-54,-7.439467307089347289e-54,-7.895708364109184677e-54,-8.346743626233531061e-54,-8.788601353205437265e-54,-9.217203433468180481e-54,-9.628425987694175263e-54,-1.001816397634638808e-53,-1.038239843758153725e-53,-1.071726484343555539e-53,-1.101912096649827386e-53,-1.128461260145120870e-53,-1.151073548947985249e-53,-1.169489185030773920e-53,-1.183494003599556757e-53,-1.192923598012165746e-53,-1.197666532093009871e-53,-1.197666532093009871e-53,-1.192923598012165746e-53,-1.183494003599556757e-53,-1.169489185030773920e-53,-1.151073548947985249e-53,-1.128461260145120870e-53,-1.101912096649827386e-53,-1.071726484343555539e-53,-1.038239843758153725e-53,-1.001816397634638808e-53,-9.628425987694175263e-54,-9.217203433468180481e-54,-8.788601353205313238e-54,-8.346743626233531061e-54,-7.895708364109184677e-54,-7.439467307089347289e-54,-6.981830424033070325e-54,-6.526396712669605128e-54,-6.076511975010905693e-54,-5.635234109581952460e-54,-5.205306226777103494e-54,-4.789137664245028050e-54,-4.388792763229783781e-54,-4.005987070696341075e-54,-3.642090461060947135e-54,-3.298136529312542298e-54,-2.974837496714337407e-54,-2.672603792195690790e-54,-2.391567426742373270e-54,-2.131608263135107066e-54,-1.892382296816833651e-54,-1.673351102210827210e-54,-1.473811658580764346e-54,-1.292925846248378576e-54,-1.129748993229851214e-54,-9.832569497086492407e-55,-8.523712690339648917e-55,-7.359821752734172627e-55,-6.329690953803955627e-55,-5.422186259305661230e-55,-4.626398878992291871e-55,-3.931772964592348360e-55,-3.328208352323793732e-55,-2.806139753326959639e-55,-2.356594188950514130e-55,-1.971228750072296982e-55,-1.642350938192044768e-55,-1.362923931113509397e-55,-1.126559119644184639e-55,-9.274981969132406685e-56,-7.605869620251235890e-56,-6.212428379621600062e-56,-5.054179123435300437e-56,-4.095591001669363809e-56,-3.305668099880907719e-56,-2.657532776169551103e-56,-2.128015212533659736e-56,-1.697256744288076960e-56,-1.348332720808165510e-56,-1.066899031382027592e-56,-8.408650153493513962e-57,-6.600942699367822388e-57,-5.161338680425555413e-57,-4.019716911266125491e-57
-2.818993090089195701e-59,-3.619602672753106102e-59,-4.629184658611067760e-59,-5.896914435253131732e-59,-7.482071657482635750e-59,-9.455742051004701694e-59,-1.190271638494149519e-58,-1.492358868089436082e-58,-1.863705006616484509e-58,-2.318236765772024089e-58,-2.872202940754109032e-58,-3.544452591948634495e-58,-4.356722889053187840e-58,-5.333931313300902625e-58,-6.504465528009202080e-58,-7.900462753864989356e-58,-9.558068960921104318e-58,-1.151766666276656232e-57,-1.382405862926468852e-57,-1.652659349263323597e-57,-1.967921808693183533e-57,-2.334044052028213453e-57,-2.757318752452663493e-57,-3.244453965233984663e-57,-3.802532848847941385e-57,-4.438958129405477820e-57,-5.161380048206065135e-57,-5.977606808237726756e-57,-6.895496892436055956e-57,-7.922833064498180527e-57,-9.067178378548896543e-57,-1.033571510965791056e-56,-1.173506816165234482e-56,-1.327111519615316965e-56,-1.494878643745613678e-56,-1.677185781808107682e-56,-1.874274181256402138e-56,-2.086228093294891733e-56,-2.312954939748314130e-56,-2.554166890318822364e-56,-2.809364470326005489e-56,-3.077822828444234685e-56,-3.358581283461640548e-56,-3.650436736964397530e-56,-3.951941484093916279e-56,-4.261405876963738183e-56,-4.576906195715539044e-56,-4.896297962267303512e-56,-5.217234794283976914e-56,-5.537192745439499079e-56,-5.853499917158866553e-56,-6.163370961969329466e-56,-6.463945935115377126e-56,-6.752332795295231712e-56,-7.025652713391106511e-56,-7.281087225835624560e-56,-7.515926172220072153e-56,-7.727615289612891902e-56,-7.913802302512033775e-56,-8.072380349905667689e-56,-8.201527630704175658e-56,-8.299742225524775082e-56,-8.365871164647296820e-56,-8.399132955703215819e-56,-8.399132955703215819e-56,-8.365871164647296820e-56,-8.299742225524775082e-56,-8.201527630704175658e-56,-8.072380349905667689e-56,-7.913802302512033775e-56,-7.727615289612891902e-56,-7.515926172220072153e-56,-7.281087225835624560e-56,-7.025652713391106511e-56,-6.752332795295231712e-56,-6.463945935115377126e-56,-6.163370961969241626e-56,-5.853499917158866553e-56,-5.537192745439499079e-56,-5.217234794283976914e-56,-4.896297962267303512e-56,-4.576906195715539044e-56,-4.261405876963738183e-56,-3.951941484093916279e-56,-3.650436736964397530e-56,-3.358581283461640548e-56,-3.077822828444234685e-56,-2.809364470326005489e-56,-2.554166890318822364e-56,-2.312954939748314130e-56,-2.086228093294891733e-56,-1.874274181256402138e-56,-1.677185781808107682e-56,-1.494878643745613678e-56,-1.327111519615316965e-56,-1.173506816165234482e-56,-1.033571510965791056e-56,-9.067178378548896543e-57,-7.922833064498180527e-57,-6.895496892436055956e-57,-5.977606808237896550e-57,-5.161380048206065135e-57,-4.438958129405477820e-57,-3.802532848847941385e-57,-3.244453965233984663e-57,-2.757318752452663493e-57,-2.334044052028213453e-57,-1.967921808693183533e-57,-1.652659349263323597e-57,-1.382405862926468852e-57,-1.151766666276656232e-57,-9.558068960921104318e-58,-7.900462753864989356e-58,-6.504465528009202080e-58,-5.333931313300902625e-58,-4.356722889053187840e-58,-3.544452591948634495e-58,-2.872202940754109032e-58,-2.318236765772024089e-58,-1.863705006616484509e-58,-1.492358868089436082e-58,-1.190271638494149519e-58,-9.455742051004701694e-59,-7.482071657482635750e-59,-5.896914435252963707e-59,-4.629184658611067760e-59,-3.619602672753106102e-59,-2.818993090089195701e-59
-1.790234113574985691e-61,-2.298670473912001610e-61,-2.939817171961043846e-61,-3.744903605453284845e-61,-4.751576003690782542e-61,-6.004978177629551750e-61,-7.558957484303720338e-61,-9.477397318719225161e-61,-1.183567385182826325e-60,-1.472223027441867607e-60,-1.824025643668996885e-60,-2.250945547317794453e-60,-2.766787179009791879e-60,-3.387374672931614820e-60,-4.130735942473165864e-60,-5.017280100729212884e-60,-6.069962063369852916e-60,-7.314427211958025028e-60,-8.779128062845743400e-60,-1.049540403476556031e-59,-1.249751468762646721e-59,-1.482261627110126693e-59,-1.751067113287862230e-59,-2.060427955253304297e-59,-2.414842394587727913e-59,-2.819011617989190249e-59,-3.277793999534670154e-59,-3.796148228695008754e-59,-4.379064925802667927e-59,-5.031486624813295085e-59,-5.758216330581410231e-59,-6.563815229826103894e-59,-7.452490544222295352e-59,-8.427974950653407681e-59,-9.493399444989432607e-59,-1.065116197677803754e-58,-1.190279461583201539e-58,-1.324883240915230020e-58,-1.468868742834765006e-58,-1.622053177387490044e-58,-1.784119347409989715e-58,-1.954606927697880376e-58,-2.132905826554306063e-58,-2.318252002439079438e-58,-2.509726073664597423e-58,-2.706255009829816761e-58,-2.906617130424936512e-58,-3.109450559881077183e-58,-3.313265201001971124e-58,-3.516458192528669560e-58,-3.717332714417804142e-58,-3.914119899593655015e-58,-4.105003507114577630e-58,-4.288146912756836033e-58,-4.461721882846343006e-58,-4.623938519549099166e-58,-4.773075704202555512e-58,-4.907511322637159834e-58,-5.025751535133219239e-58,-5.126458355276228877e-58,-5.208474827247726951e-58,-5.270847139800220809e-58,-5.312843086199694953e-58,-5.333966370693105537e-58,-5.333966370693105537e-58,-5.312843086199694953e-58,-5.270847139800220809e-58,-5.208474827247726951e-58,-5.126458355276228877e-58,-5.025751535133219239e-58,-4.907511322637159834e-58,-4.773075704202555512e-58,-4.623938519549099166e-58,-4.461721882846343006e-58,-4.288146912756836033e-58,-4.105003507114577630e-58,-3.914119899593655015e-58,-3.717332714417804142e-58,-3.516458192528669560e-58,-3.313265201001971124e-58,-3.109450559881077183e-58,-2.906617130424936512e-58,-2.706255009829816761e-58,-2.509726073664597423e-58,-2.318252002439079438e-58,-2.132905826554306063e-58,-1.954606927697880376e-58,-1.784119347409989715e-58,-1.622053177387490044e-58,-1.468868742834765006e-58,-1.324883240915267870e-58,-1.190279461583201539e-58,-1.065116197677803754e-58,-9.493399444989432607e-59,-8.427974950653407681e-59,-7.452490544222295352e-59,-6.563815229826103894e-59,-5.758216330581410231e-59,-5.031486624813295085e-59,-4.379064925802667927e-59,-3.796148228695008754e-59,-3.277793999534670154e-59,-2.819011617989190249e-59,-2.414842394587727913e-59,-2.060427955253304297e-59,-1.751067113287862230e-59,-1.482261627110126693e-59,-1.249751468762646721e-59,-1.049540403476556031e-59,-8.779128062845743400e-60,-7.314427211958025028e-60,-6.069962063369852916e-60,-5.017280100729212884e-60,-4.130735942473165864e-60,-3.387374672931614820e-60,-2.766787179009791879e-60,-2.250945547317794453e-60,-1.824025643668996885e-60,-1.472223027441867607e-60,-1.183567385182826325e-60,-9.477397318719225161e-61,-7.558957484303720338e-61,-6.004978177629551750e-61,-4.751576003690782542e-61,-3.744903605453284845e-61,-2.939817171961043846e-61,-2.298670473912001610e-61,-1.790234113574985691e-61
-1.029539546305799694e-63,-1.321934454757988537e-63,-1.690649292454116389e-63,-2.153643665753906860e-63,-2.732567414497784667e-63,-3.453382136835256314e-63,-4.347054723135748499e-63,-5.450323654144408359e-63,-6.806536751386897158e-63,-8.466556503644482761e-63,-1.048972600507014675e-62,-1.294488491740805938e-62,-1.591142072091417161e-62,-1.948033588173324434e-62,-2.375530650363038221e-62,-2.885370264941893019e-62,-3.490753494991680402e-62,-4.206428654321718433e-62,-5.048758402181120201e-62,-6.035765616526442212e-62,-7.187152509207330309e-62,-8.524287139373274520e-62,-1.007015131537923634e-61,-1.184924388470726288e-61,-1.388743362933199251e-61,-1.621175644128291735e-61,-1.885015217605195811e-61,-2.183113758946098887e-61,-2.518341306741990831e-61,-2.893540245755687485e-61,-3.311472719441684595e-61,-3.774761804899106448e-61,-4.285827018693724385e-61,-4.846814973067995955e-61,-5.459526261610791725e-61,-6.125339912836115395e-61,-6.845136999475190487e-61,-7.619225219857761256e-61,-8.447266464278174833e-61,-9.328209532308461623e-61,-1.026023026574922359e-60,-1.124068139629917496e-60,-1.226605436871392971e-60,-1.333195528291820121e-60,-1.443309689855408650e-60,-1.556330836219027564e-60,-1.671556395362483907e-60,-1.788203170973810575e-60,-1.905414228208697545e-60,-2.022267783127928745e-60,-2.137788017359836259e-60,-2.250957679254034354e-60,-2.360732273087386329e-60,-2.466055580985536238e-60,-2.565876210366314644e-60,-2.659164815073272122e-60,-2.744931602925856215e-60,-2.822243717895059880e-60,-2.890242072861719693e-60,-2.948157209845055058e-60,-2.995323779123817454e-60,-3.031193256685667608e-60,-3.055344560291683806e-60,-3.067492276933283925e-60,-3.067492276933283925e-60,-3.055344560291683806e-60,-3.031193256685667608e-60,-2.995323779123817454e-60,-2.948157209845055058e-60,-2.890242072861719693e-60,-2.822243717895059880e-60,-2.744931602925856215e-60,-2.659164815073272122e-60,-2.565876210366314644e-60,-2.466055580985536238e-60,-2.360732273087386329e-60,-2.250957679254034354e-60,-2.137788017359836259e-60,-2.022267783127928745e-60,-1.905414228208697545e-60,-1.788203170973810575e-60,-1.671556395362483907e-60,-1.556330836219027564e-60,-1.443309689855408650e-60,-1.333195528291820121e-60,-1.226605436871392971e-60,-1.124068139629917496e-60,-1.026023026574922359e-60,-9.328209532308461623e-61,-8.447266464278174833e-61,-7.619225219857976815e-61,-6.845136999475190487e-61,-6.125339912836115395e-61,-5.459526261610791725e-61,-4.846814973067995955e-61,-4.285827018693724385e-61,-3.774761804899106448e-61,-3.311472719441684595e-61,-2.893540245755687485e-61,-2.518341306741990831e-61,-2.183113758946098887e-61,-1.885015217605195811e-61,-1.621175644128291735e-61,-1.388743362933199251e-61,-1.184924388470726288e-61,-1.007015131537923634e-61,-8.524287139373274520e-62,-7.187152509207330309e-62,-6.035765616526442212e-62,-5.048758402181120201e-62,-4.206428654321718433e-62,-3.490753494991680402e-62,-2.885370264941893019e-62,-2.375530650363038221e-62,-1.948033588173324434e-62,-1.591142072091417161e-62,-1.294488491740805938e-62,-1.048972600507014675e-62,-8.466556503644482761e-63,-6.806536751386897158e-63,-5.450323654144408359e-63,-4.347054723135748499e-63,-3.453382136835256314e-63,-2.732567414497784667e-63,-2.153643665753906860e-63,-1.690649292454116389e-63,-1.321934454757988537e-63,-1.029539546305799694e-63
-5.361591450271839926e-66,-6.884312988153035311e-66,-8.804490147421415323e-66,-1.121565218807875690e-65,-1.423054620818912662e-65,-1.798437389395608001e-65,-2.263840327558007947e-65,-2.838395942159877762e-65,-3.544678723915423460e-65,-4.409176619399179247e-65,-5.462794068113735490e-65,-6.741381090893309721e-65,-8.286280755804229723e-65,-1.014488493294862740e-64,-1.237118561452719999e-64,-1.502630627341245315e-64,-1.817899483406032303e-64,-2.190605692623966892e-64,-2.629270529796833253e-64,-3.143279871232918639e-64,-3.742894149470589377e-64,-4.439241329788682008e-64,-5.244289778786604099e-64,-6.170797900128653766e-64,-7.232237526029707055e-64,-8.442688291223173431e-64,-9.816700592618503724e-64,-1.136912526277990112e-63,-1.311490876435331809e-63,-1.506885354557630990e-63,-1.724534417747694399e-63,-1.965804100734205867e-63,-2.231954428873100500e-63,-2.524103305589022422e-63,-2.843188436211127083e-63,-3.189927985235080389e-63,-3.564780793901095303e-63,-3.967907104012409106e-63,-4.399130836261182375e-63,-4.857904551042265713e-63,-5.343278271150711165e-63,-5.853873363668371333e-63,-6.387862658393902558e-63,-6.942957919080184456e-63,-7.516405679597611162e-63,-8.104992309627955768e-63,-8.705058985039419625e-63,-9.312527010006092862e-63,-9.922933676367628470e-63,-1.053147855765646327e-62,-1.113307982922842943e-62,-1.172243989200532658e-62,-1.229411926640708278e-62,-1.284261742674228498e-62,-1.336245897626714658e-62,-1.384828333065872563e-62,-1.429493589307628304e-62,-1.469755857630267010e-62,-1.505167746365379650e-62,-1.535328540518976621e-62,-1.559891742145478319e-62,-1.578571693285909166e-62,-1.591149104555983511e-62,-1.597475339805482351e-62,-1.597475339805482351e-62,-1.591149104555983511e-62,-1.578571693285909166e-62,-1.559891742145478319e-62,-1.535328540518976621e-62,-1.505167746365379650e-62,-1.469755857630267010e-62,-1.429493589307628304e-62,-1.384828333065872563e-62,-1.336245897626714658e-62,-1.284261742674228498e-62,-1.229411926640708278e-62,-1.172243989200532658e-62,-1.113307982922842943e-62,-1.053147855765646327e-62,-9.922933676367628470e-63,-9.312527010006092862e-63,-8.705058985039419625e-63,-8.104992309627955768e-63,-7.516405679597611162e-63,-6.942957919080184456e-63,-6.387862658393902558e-63,-5.853873363668371333e-63,-5.343278271150711165e-63,-4.857904551042265713e-63,-4.399130836261182375e-63,-3.967907104012522455e-63,-3.564780793901095303e-63,-3.189927985235080389e-63,-2.843188436211127083e-63,-2.524103305589022422e-63,-2.231954428873100500e-63,-1.965804100734205867e-63,-1.724534417747694399e-63,-1.506885354557630990e-63,-1.311490876435331809e-63,-1.136912526277990112e-63,-9.816700592618503724e-64,-8.442688291223173431e-64,-7.232237526029707055e-64,-6.170797900128653766e-64,-5.244289778786604099e-64,-4.439241329788682008e-64,-3.742894149470589377e-64,-3.143279871232918639e-64,-2.629270529796833253e-64,-2.190605692623966892e-64,-1.817899483406032303e-64,-1.502630627341245315e-64,-1.237118561452719999e-64,-1.014488493294862740e-64,-8.286280755804229723e-65,-6.741381090893309721e-65,-5.462794068113735490e-65,-4.409176619399179247e-65,-3.544678723915423460e-65,-2.838395942159877762e-65,-2.263840327558007947e-65,-1.798437389395608001e-65,-1.423054620818912662e-65,-1.121565218807875690e-65,-8.804490147421415323e-66,-6.884312988153035311e-66,-5.361591450271839926e-66
-2.528494180838122443e-68,-3.246600471345256036e-68,-4.152144435002206179e-68,-5.289233906552812884e-68,-6.711039737227625116e-68,-8.481322226552608335e-68,-1.067613440462136010e-67,-1.338570401946965395e-67,-1.671649100736018519e-67,-2.079341092628958382e-67,-2.576220724845096047e-67,-3.179194650922470583e-67,-3.907760012333581096e-67,-4.784266529097884191e-67,-5.834176498997206467e-67,-7.086315383073139266e-67,-8.573104287734811792e-67,-1.033076428460384139e-66,-1.239948119154694538e-66,-1.482351823497308380e-66,-1.765126299570924431e-66,-2.093519428664723539e-66,-2.473175420260426903e-66,-2.910111060553172215e-66,-3.410679584338349670e-66,-3.981520862412149540e-66,-4.629496774172816498e-66,-5.361610882660812173e-66,-6.184911849486209117e-66,-7.106380419932930523e-66,-8.132800270914005440e-66,-9.270613539795439295e-66,-1.052576243013700372e-65,-1.190351890704489516e-65,-1.340830513227856098e-65,-1.504350792627184152e-65,-1.681129115663115592e-65,-1.871241051403300147e-65,-2.074603561908466857e-65,-2.290958477963595412e-65,-2.519857796050155114e-65,-2.760651361201402479e-65,-3.012477490973917527e-65,-3.274257066958753898e-65,-3.544691571141173478e-65,-3.822265474851308775e-65,-4.105253298702722010e-65,-4.391731554351160971e-65,-4.679595655552248880e-65,-4.966581750145416886e-65,-5.250293280287725736e-65,-5.528231930214926600e-65,-5.797832474174075674e-65,-6.056500897434423623e-65,-6.301655035925307414e-65,-6.530766870421064384e-65,-6.741405524149885503e-65,-6.931279952489580273e-65,-7.098280283323589045e-65,-7.240516768915866433e-65,-7.356355345859685721e-65,-7.444448868454594931e-65,-7.503763181194290264e-65,-7.533597324961734875e-65,-7.533597324961734875e-65,-7.503763181194290264e-65,-7.444448868454594931e-65,-7.356355345859685721e-65,-7.240516768915866433e-65,-7.098280283323589045e-65,-6.931279952489580273e-65,-6.741405524149885503e-65,-6.530766870421064384e-65,-6.301655035925307414e-65,-6.056500897434423623e-65,-5.797832474174075674e-65,-5.528231930214926600e-65,-5.250293280287725736e-65,-4.966581750145416886e-65,-4.679595655552248880e-65,-4.391731554351160971e-65,-4.105253298702722010e-65,-3.822265474851308775e-65,-3.544691571141173478e-65,-3.274257066958753898e-65,-3.012477490973917527e-65,-2.760651361201402479e-65,-2.519857796050155114e-65,-2.290958477963595412e-65,-2.074603561908466857e-65,-1.871241051403353068e-65,-1.681129115663115592e-65,-1.504350792627184152e-65,-1.340830513227856098e-65,-1.190351890704489516e-65,-1.052576243013700372e-65,-9.270613539795439295e-66,-8.132800270914005440e-66,-7.106380419932930523e-66,-6.184911849486209117e-66,-5.361610882660812173e-66,-4.629496774172816498e-66,-3.981520862412149540e-66,-3.410679584338349670e-66,-2.910111060553172215e-66,-2.473175420260426903e-66,-2.093519428664723539e-66,-1.765126299570924431e-66,-1.482351823497308380e-66,-1.239948119154694538e-66,-1.033076428460384139e-66,-8.573104287734811792e-67,-7.086315383073139266e-67,-5.834176498997206467e-67,-4.784266529097884191e-67,-3.907760012333581096e-67,-3.179194650922470583e-67,-2.576220724845096047e-67,-2.079341092628958382e-67,-1.671649100736018519e-67,-1.338570401946965395e-67,-1.067613440462136010e-67,-8.481322226552608335e-68,-6.711039737227625116e-68,-5.289233906552812884e-68,-4.152144435002206179e-68,-3.246600471345256036e-68,-2.528494180838122443e-68
-1.079811173168557371e-70,-1.386483500868042091e-70,-1.773202401454161016e-70,-2.258804435098422860e-70,-2.865996586725192310e-70,-3.622008139421007400e-70,-4.559318073074671372e-70,-5.716458780284599997e-70,-7.138894723473705022e-70,-8.879971967762311643e-70,-1.100193128510202230e-69,-1.357697372515162112e-69,-1.668836319797426461e-69,-2.043154575037952281e-69,-2.491525991080745196e-69,-3.026260683226972673e-69,-3.661204312349565204e-69,-4.411825341115974778e-69,-5.295285404883665654e-69,-6.330487424925004129e-69,-7.538095656991268006e-69,-8.940521546180888955e-69,-1.056186908493433327e-68,-1.242783338067684090e-68,-1.456554636817740362e-68,-1.700336408134923819e-68,-1.977059065741090116e-68,-2.289713530351181375e-68,-2.641309982340586505e-68,-3.034829597941287225e-68,-3.473169393955367614e-68,-3.959080530326009889e-68,-4.495100666758235146e-68,-5.083481232924836738e-68,-5.726110744019399854e-68,-6.424435565461189322e-68,-7.179379792087511982e-68,-7.991266146901695133e-68,-8.859740010560337072e-68,-9.783698853324348155e-68,-1.076122944474774947e-67,-1.178955525244733895e-67,-1.286499640111560232e-67,-1.398294443990466191e-67,-1.513785395656283392e-67,-1.632325277961595903e-67,-1.753177212833014910e-67,-1.875519761083011045e-67,-1.998454144395701294e-67,-2.121013568828701941e-67,-2.242174567547260410e-67,-2.360870217282667107e-67,-2.476005020386273796e-67,-2.586471184674550305e-67,-2.691165978871475708e-67,-2.789009794636817178e-67,-2.878964508996559366e-67,-2.960051715276873624e-67,-3.031370377793088531e-67,-3.092113466521044071e-67,-3.141583143222620768e-67,-3.179204099878424085e-67,-3.204534693126579226e-67,-3.217275573460075323e-67,-3.217275573460075323e-67,-3.204534693126579226e-67,-3.179204099878424085e-67,-3.141583143222620768e-67,-3.092113466521044071e-67,-3.031370377793088531e-67,-2.960051715276873624e-67,-2.878964508996559366e-67,-2.789009794636817178e-67,-2.691165978871475708e-67,-2.586471184674550305e-67,-2.476005020386273796e-67,-2.360870217282667107e-67,-2.242174567547260410e-67,-2.121013568828701941e-67,-1.998454144395701294e-67,-1.875519761083011045e-67,-1.753177212833014910e-67,-1.632325277961595903e-67,-1.513785395656283392e-67,-1.398294443990466191e-67,-1.286499640111560232e-67,-1.178955525244733895e-67,-1.076122944474774947e-67,-9.783698853324348155e-68,-8.859740010560337072e-68,-7.991266146901922449e-68,-7.179379792087511982e-68,-6.424435565461189322e-68,-5.726110744019399854e-68,-5.083481232924836738e-68,-4.495100666758235146e-68,-3.959080530326009889e-68,-3.473169393955367614e-68,-3.034829597941287225e-68,-2.641309982340586505e-68,-2.289713530351181375e-68,-1.977059065741090116e-68,-1.700336408134923819e-68,-1.456554636817740362e-68,-1.242783338067684090e-68,-1.056186908493433327e-68,-8.940521546180888955e-69,-7.538095656991268006e-69,-6.330487424925004129e-69,-5.295285404883665654e-69,-4.411825341115974778e-69,-3.661204312349565204e-69,-3.026260683226972673e-69,-2.491525991080745196e-69,-2.043154575037952281e-69,-1.668836319797426461e-69,-1.357697372515162112e-69,-1.100193128510202230e-69,-8.879971967762311643e-70,-7.138894723473705022e-70,-5.716458780284599997e-70,-4.559318073074671372e-70,-3.622008139421007400e-70,-2.865996586725192310e-70,-2.258804435098422860e-70,-1.773202401454161016e-70,-1.386483500868042091e-70,-1.079811173168557371e-70
-4.175912060313297716e-73,-5.361894113126084869e-73,-6.857437186800677591e-73,-8.735387183240655014e-73,-1.108355794856575509e-72,-1.400725223798002903e-72,-1.763207475644900803e-72,-2.210704033819809582e-72,-2.760797194344949002e-72,-3.434117275024174847e-72,-4.254734409293248211e-72,-5.250570630330677515e-72,-6.453826268607329267e-72,-7.901412805304834135e-72,-9.635382271705770556e-72,-1.170334110144162286e-71,-1.415883408424875592e-71,-1.706168180858983774e-71,-2.047825280430111161e-71,-2.448164960900940694e-71,-2.915178630116969113e-71,-3.457533379714320057e-71,-4.084550853628057751e-71,-4.806168021548286042e-71,-5.632877511856412916e-71,-6.575645344069845099e-71,-7.645804194036804612e-71,-8.854920733963802499e-71,-1.021463611819861030e-70,-1.173647933448500030e-70,-1.343165390405276388e-70,-1.531079928153253586e-70,-1.738372926032680274e-70,-1.965915070748526426e-70,-2.214436700490369326e-70,-2.484497162572632199e-70,-2.776453828623970243e-70,-3.090431504065481411e-70,-3.426293048327616682e-70,-3.783612084341061894e-70,-4.161648715882098915e-70,-4.559329185301894647e-70,-4.975230388630150241e-70,-5.407570117462916049e-70,-5.854203815929992774e-70,-6.312628526145138236e-70,-6.779994547984755412e-70,-7.253125161393282245e-70,-7.728544555690014528e-70,-8.202513885987850400e-70,-8.671075138511078688e-70,-9.130102242094712300e-70,-9.575358620977442251e-70,-1.000256015321789272e-69,-1.040744228872688806e-69,-1.078582989985209720e-69,-1.113370829369628670e-69,-1.144729371590437658e-69,-1.172310162596050370e-69,-1.195801102781029876e-69,-1.214932319857783545e-69,-1.229481327177137051e-69,-1.239277329706863695e-69,-1.244204561167854877e-69,-1.244204561167854877e-69,-1.239277329706863695e-69,-1.229481327177137051e-69,-1.214932319857783545e-69,-1.195801102781029876e-69,-1.172310162596050370e-69,-1.144729371590437658e-69,-1.113370829369628670e-69,-1.078582989985209720e-69,-1.040744228872688806e-69,-1.000256015321789272e-69,-9.575358620977442251e-70,-9.130102242094712300e-70,-8.671075138511078688e-70,-8.202513885987850400e-70,-7.728544555690014528e-70,-7.253125161393282245e-70,-6.779994547984755412e-70,-6.312628526145138236e-70,-5.854203815929992774e-70,-5.407570117462916049e-70,-4.975230388630150241e-70,-4.559329185301894647e-70,-4.161648715882098915e-70,-3.783612084341061894e-70,-3.426293048327616682e-70,-3.090431504065570206e-70,-2.776453828623970243e-70,-2.484497162572632199e-70,-2.214436700490369326e-70,-1.965915070748526426e-70,-1.738372926032680274e-70,-1.531079928153253586e-70,-1.343165390405276388e-70,-1.173647933448500030e-70,-1.021463611819861030e-70,-8.854920733963802499e-71,-7.645804194036804612e-71,-6.575645344069845099e-71,-5.632877511856412916e-71,-4.806168021548286042e-71,-4.084550853628057751e-71,-3.457533379714320057e-71,-2.915178630116969113e-71,-2.448164960900940694e-71,-2.047825280430111161e-71,-1.706168180858983774e-71,-1.415883408424875592e-71,-1.170334110144162286e-71,-9.635382271705770556e-72,-7.901412805304834135e-72,-6.453826268607329267e-72,-5.250570630330677515e-72,-4.254734409293248211e-72,-3.434117275024174847e-72,-2.760797194344949002e-72,-2.210704033819809582e-72,-1.763207475644900803e-72,-1.400725223798002903e-72,-1.108355794856575509e-72,-8.735387183240655014e-73,-6.857437186800677591e-73,-5.361894113126084869e-73,-4.175912060313297716e-73
-1.462421564850674652e-75,-1.877757353657771527e-75,-2.401502684142699091e-75,-3.059168490519623844e-75,-3.881507542579474666e-75,-4.905397297946934667e-75,-6.174825040486047331e-75,-7.741976377533941316e-75,-9.668425232322499877e-75,-1.202641982562440021e-74,-1.490025475391792496e-74,-1.838771412487814278e-74,-2.260156481911886029e-74,-2.767107236065245188e-74,-3.374350469120085250e-74,-4.098558149777561575e-74,-4.958481883451024922e-74,-5.975071086058806188e-74,-7.171568289497878849e-74,-8.573574302866750492e-74,-1.020907536485587918e-73,-1.210842398655756831e-73,-1.430426494811471665e-73,-1.683139792575179634e-73,-1.972656853526556337e-73,-2.302818022766554130e-73,-2.677592049949986428e-73,-3.101029631217972174e-73,-3.577207546663590476e-73,-4.110163295174239400e-73,-4.703820395926587919e-73,-5.361904829656188811e-73,-6.087853427143354631e-73,-6.884715369010638750e-73,-7.755048329611921471e-73,-8.700811166229241013e-73,-9.723255408992701007e-73,-1.082281813161599255e-72,-1.199901906218862006e-72,-1.325036501069145433e-72,-1.457426483014225622e-72,-1.596695817712767461e-72,-1.742346128305982582e-72,-1.893753278086644796e-72,-2.050166234775743291e-72,-2.210708452235359573e-72,-2.374381953771080670e-72,-2.540074238964401629e-72,-2.706568064630745126e-72,-2.872554071925493569e-72,-3.036646148158535813e-72,-3.197399326251391894e-72,-3.353329939961818784e-72,-3.502937672179919387e-72,-3.644729059938866333e-72,-3.777241956376709899e-72,-3.899070399542054644e-72,-4.008889303110035992e-72,-4.105478366671929050e-72,-4.187744604583447314e-72,-4.254742913002770272e-72,-4.305694134541177578e-72,-4.340000137976817087e-72,-4.357255505042721647e-72,-4.357255505042721647e-72,-4.340000137976817087e-72,-4.305694134541177578e-72,-4.254742913002770272e-72,-4.187744604583447314e-72,-4.105478366671929050e-72,-4.008889303110035992e-72,-3.899070399542054644e-72,-3.777241956376709899e-72,-3.644729059938866333e-72,-3.502937672179919387e-72,-3.353329939961818784e-72,-3.197399326251391894e-72,-3.036646148158535813e-72,-2.872554071925493569e-72,-2.706568064630745126e-72,-2.540074238964401629e-72,-2.374381953771080670e-72,-2.210708452235359573e-72,-2.050166234775743291e-72,-1.893753278086644796e-72,-1.742346128305982582e-72,-1.596695817712767461e-72,-1.457426483014225622e-72,-1.325036501069145433e-72,-1.199901906218862006e-72,-1.082281813161629919e-72,-9.723255408992701007e-73,-8.700811166229241013e-73,-7.755048329611921471e-73,-6.884715369010638750e-73,-6.087853427143354631e-73,-5.361904829656188811e-73,-4.703820395926587919e-73,-4.110163295174239400e-73,-3.577207546663590476e-73,-3.101029631217972174e-73,-2.677592049949986428e-73,-2.302818022766554130e-73,-1.972656853526556337e-73,-1.683139792575179634e-73,-1.430426494811471665e-73,-1.210842398655756831e-73,-1.020907536485587918e-73,-8.573574302866750492e-74,-7.171568289497878849e-74,-5.975071086058806188e-74,-4.958481883451024922e-74,-4.098558149777561575e-74,-3.374350469120085250e-74,-2.767107236065245188e-74,-2.260156481911886029e-74,-1.838771412487814278e-74,-1.490025475391792496e-74,-1.202641982562440021e-74,-9.668425232322499877e-75,-7.741976377533941316e-75,-6.174825040486047331e-75,-4.905397297946934667e-75,-3.881507542579474666e-75,-3.059168490519623844e-75,-2.401502684142699091e-75,-1.877757353657771527e-75,-1.462421564850674652e-75
-4.637795189089942184e-78,-5.954954597487419539e-78,-7.615914496064505995e-78,-9.701578018918329314e-78,-1.230947179668369277e-77,-1.555654575656922303e-77,-1.958229730369329948e-77,-2.455222328552106340e-77,-3.066159382921821310e-77,-3.813953059079237001e-77,-4.725335804316536796e-77,-5.831318010920377247e-77,-7.167661576073456609e-77,-8.775360631686081089e-77,-1.070111843816148275e-76,-1.299780701140348105e-76,-1.572489354436381130e-76,-1.894881517301987993e-76,-2.274328121977498834e-76,-2.718947984003548892e-76,-3.237616413090832720e-76,-3.839959137777894035e-76,-4.536328836658546757e-76,-5.337761573126196359e-76,-6.255910528743421894e-76,-7.302954636358125020e-76,-8.491480039732261250e-76,-9.834332760510532841e-76,-1.134444154068984256e-75,-1.303461054930461087e-75,-1.491728249015461500e-75,-1.700427361099312125e-75,-1.930648317482456677e-75,-2.183358108502142670e-75,-2.459367852518409656e-75,-2.759298764309342741e-75,-3.083547743138184607e-75,-3.432253398720174588e-75,-3.805263421843694689e-75,-4.202104275352732694e-75,-4.621954225672148178e-75,-5.063620750549061149e-75,-5.525523341425888162e-75,-6.005682666017271513e-75,-6.501716966576908477e-75,-7.010846441740292275e-75,-7.529906195951029756e-75,-8.055368143181931430e-75,-8.583372025405451889e-75,-9.109765457087673058e-75,-9.630152642296538376e-75,-1.013995113946660087e-74,-1.063445577990651772e-74,-1.110890858982703241e-74,-1.155857333206568859e-74,-1.197881308260202553e-74,-1.236516909730168800e-74,-1.271343911388252060e-74,-1.301975317890507483e-74,-1.328064509378156854e-74,-1.349311763927225598e-74,-1.365469986413038435e-74,-1.376349490758077532e-74,-1.381821706177193144e-74,-1.381821706177193144e-74,-1.376349490758077532e-74,-1.365469986413038435e-74,-1.349311763927225598e-74,-1.328064509378156854e-74,-1.301975317890507483e-74,-1.271343911388252060e-74,-1.236516909730168800e-74,-1.197881308260202553e-74,-1.155857333206568859e-74,-1.110890858982703241e-74,-1.063445577990651772e-74,-1.013995113946660087e-74,-9.630152642296538376e-75,-9.109765457087673058e-75,-8.583372025405451889e-75,-8.055368143181931430e-75,-7.529906195951029756e-75,-7.010846441740292275e-75,-6.501716966576908477e-75,-6.005682666017271513e-75,-5.525523341425888162e-75,-5.063620750549061149e-75,-4.621954225672148178e-75,-4.202104275352732694e-75,-3.805263421843694689e-75,-3.432253398720271788e-75,-3.083547743138184607e-75,-2.759298764309342741e-75,-2.459367852518409656e-75,-2.183358108502142670e-75,-1.930648317482456677e-75,-1.700427361099312125e-75,-1.491728249015461500e-75,-1.303461054930461087e-75,-1.134444154068984256e-75,-9.834332760510532841e-76,-8.491480039732261250e-76,-7.302954636358125020e-76,-6.255910528743421894e-76,-5.337761573126196359e-76,-4.536328836658546757e-76,-3.839959137777894035e-76,-3.237616413090832720e-76,-2.718947984003548892e-76,-2.274328121977498834e-76,-1.894881517301987993e-76,-1.572489354436381130e-76,-1.299780701140348105e-76,-1.070111843816148275e-76,-8.775360631686081089e-77,-7.167661576073456609e-77,-5.831318010920377247e-77,-4.725335804316536796e-77,-3.813953059079237001e-77,-3.066159382921821310e-77,-2.455222328552106340e-77,-1.958229730369329948e-77,-1.555654575656922303e-77,-1.230947179668369277e-77,-9.701578018918329314e-78,-7.615914496064505995e-78,-5.954954597487419539e-78,-4.637795189089942184e-78
-1.331889889187859969e-80,-1.710153962301771918e-80,-2.187151243351478848e-80,-2.786115631617626754e-80,-3.535054990313886909e-80,-4.467555197910452942e-80,-5.623677355829434247e-80,-7.050949129447224129e-80,-8.805448525107055097e-80,-1.095297508862509384e-79,-1.357029951557984806e-79,-1.674647797654889848e-79,-2.058421209446689865e-79,-2.520122951271020353e-79,-3.073165344670129315e-79,-3.732732264854580235e-79,-4.515901601166511671e-79,-5.441752883008833368e-79,-6.531454078617755808e-79,-7.808320940176413814e-79,-9.297841732658538971e-79,-1.102765978655579791e-78,-1.302750609985954169e-78,-1.532907422662039349e-78,-1.796582997131496321e-78,-2.097274899987904093e-78,-2.438597641345864127e-78,-2.824240363491156414e-78,-3.257915964480621255e-78,-3.743301567296431178e-78,-4.283970488721537634e-78,-4.883316138828844457e-78,-5.544468586455662116e-78,-6.270204850854915081e-78,-7.062854315491433216e-78,-7.924200995502172531e-78,-8.855384712923651913e-78,-9.856803529487242728e-78,-1.092802004101550197e-77,-1.206767433547148899e-77,-1.327340654443560195e-77,-1.454179196227405032e-77,-1.586829165770204447e-77,-1.724722135068839441e-77,-1.867174106893707769e-77,-2.013386773173758899e-77,-2.162451233834703375e-77,-2.313354287146795765e-77,-2.464987337661783751e-77,-2.616157896258621902e-77,-2.765603570805241861e-77,-2.912008367959988197e-77,-3.054021049397014667e-77,-3.190275212132886527e-77,-3.319410695545523082e-77,-3.440095859929421749e-77,-3.551050235581006550e-77,-3.651067009690068956e-77,-3.739034802463519062e-77,-3.813958185111437278e-77,-3.874976411128568229e-77,-3.921379868544559578e-77,-3.952623813664473214e-77,-3.968339014726658601e-77,-3.968339014726658601e-77,-3.952623813664473214e-77,-3.921379868544559578e-77,-3.874976411128568229e-77,-3.813958185111437278e-77,-3.739034802463519062e-77,-3.651067009690068956e-77,-3.551050235581006550e-77,-3.440095859929421749e-77,-3.319410695545523082e-77,-3.190275212132886527e-77,-3.054021049397014667e-77,-2.912008367959988197e-77,-2.765603570805241861e-77,-2.616157896258621902e-77,-2.464987337661783751e-77,-2.313354287146795765e-77,-2.162451233834703375e-77,-2.013386773173758899e-77,-1.867174106893707769e-77,-1.724722135068839441e-77,-1.586829165770204447e-77,-1.454179196227405032e-77,-1.327340654443560195e-77,-1.206767433547148899e-77,-1.092802004101550197e-77,-9.856803529487522700e-78,-8.855384712923651913e-78,-7.924200995502172531e-78,-7.062854315491433216e-78,-6.270204850854915081e-78,-5.544468586455662116e-78,-4.883316138828844457e-78,-4.283970488721537634e-78,-3.743301567296431178e-78,-3.257915964480621255e-78,-2.824240363491156414e-78,-2.438597641345864127e-78,-2.097274899987904093e-78,-1.796582997131496321e-78,-1.532907422662039349e-78,-1.302750609985954169e-78,-1.102765978655579791e-78,-9.297841732658538971e-79,-7.808320940176413814e-79,-6.531454078617755808e-79,-5.441752883008833368e-79,-4.515901601166511671e-79,-3.732732264854580235e-79,-3.073165344670129315e-79,-2.520122951271020353e-79,-2.058421209446689865e-79,-1.674647797654889848e-79,-1.357029951557984806e-79,-1.095297508862509384e-79,-8.805448525107055097e-80,-7.050949129447224129e-80,-5.623677355829434247e-80,-4.467555197910452942e-80,-3.535054990313886909e-80,-2.786115631617626754e-80,-2.187151243351478848e-80,-1.710153962301771918e-80,-1.331889889187859969e-80
-3.463720775910802135e-83,-4.447436576639803699e-83,-5.687918545785375794e-83,-7.245588900151686082e-83,-9.193285055571374806e-83,-1.161835064756476126e-82,-1.462496881501447176e-82,-1.833674028747866955e-82,-2.289950186214269863e-82,-2.848437222962739890e-82,-3.529100171794790327e-82,-4.355099033454980868e-82,-5.353142453152369973e-82,-6.553846751918596710e-82,-7.992092093013562843e-82,-9.707365752714836354e-82,-1.174408059172754659e-81,-1.415185494781665849e-81,-1.698573836521159984e-81,-2.030636592786211265e-81,-2.418002256941632299e-81,-2.867859769973960082e-81,-3.387940992922697670e-81,-3.986488170324629733e-81,-4.672204439217527285e-81,-5.454185592109205615e-81,-6.341831545524533293e-81,-7.344736304857111778e-81,-8.472555654900200307e-81,-9.734852343574868340e-81,-1.114091915978244092e-80,-1.269958102596290515e-80,-1.441897801777104783e-80,-1.630633206801043453e-80,-1.836770098518885765e-80,-2.060772428969356311e-80,-2.302936620949922220e-80,-2.563366194631450011e-80,-2.841947398423122913e-80,-3.138326572790921560e-80,-3.451890008948575705e-80,-3.781747075909886030e-80,-4.126717376502447713e-80,-4.485322653476919604e-80,-4.855784099565473376e-80,-5.236025630045395105e-80,-5.623683553971888746e-80,-6.016122932893960255e-80,-6.410460746888293199e-80,-6.803595801646601301e-80,-7.192245112673933136e-80,-7.572986299850538073e-80,-7.942305324740929876e-80,-8.296648711610803832e-80,-8.632479218647972202e-80,-8.946333775705698619e-80,-9.234882385648934101e-80,-9.494986603898067904e-80,-9.723756169546028965e-80,-9.918602364554950718e-80,-1.007728672643837553e-79,-1.019796383408115896e-79,-1.027921702378684139e-79,-1.032008606923765859e-79,-1.032008606923765859e-79,-1.027921702378684139e-79,-1.019796383408115896e-79,-1.007728672643837553e-79,-9.918602364554950718e-80,-9.723756169546028965e-80,-9.494986603898067904e-80,-9.234882385648934101e-80,-8.946333775705698619e-80,-8.632479218647972202e-80,-8.296648711610803832e-80,-7.942305324740929876e-80,-7.572986299850538073e-80,-7.192245112673933136e-80,-6.803595801646601301e-80,-6.410460746888293199e-80,-6.016122932893960255e-80,-5.623683553971888746e-80,-5.236025630045395105e-80,-4.855784099565473376e-80,-4.485322653476919604e-80,-4.126717376502447713e-80,-3.781747075909886030e-80,-3.451890008948575705e-80,-3.138326572790921560e-80,-2.841947398423122913e-80,-2.563366194631523045e-80,-2.302936620949922220e-80,-2.060772428969356311e-80,-1.836770098518885765e-80,-1.630633206801043453e-80,-1.441897801777104783e-80,-1.269958102596290515e-80,-1.114091915978244092e-80,-9.734852343574868340e-81,-8.472555654900200307e-81,-7.344736304857111778e-81,-6.341831545524533293e-81,-5.454185592109205615e-81,-4.672204439217527285e-81,-3.986488170324629733e-81,-3.387940992922697670e-81,-2.867859769973960082e-81,-2.418002256941632299e-81,-2.030636592786211265e-81,-1.698573836521159984e-81,-1.415185494781665849e-81,-1.174408059172754659e-81,-9.707365752714836354e-82,-7.992092093013562843e-82,-6.553846751918596710e-82,-5.353142453152369973e-82,-4.355099033454980868e-82,-3.529100171794790327e-82,-2.848437222962739890e-82,-2.289950186214269863e-82,-1.833674028747866955e-82,-1.462496881501447176e-82,-1.161835064756476126e-82,-9.193285055571374806e-83,-7.245588900151686082e-83,-5.687918545785375794e-83,-4.447436576639803699e-83,-3.463720775910802135e-83
-8.157089777113134213e-86,-1.047374825533622396e-85,-1.339509308762852586e-85,-1.706341907166299589e-85,-2.165025889685611683e-85,-2.736130751453126274e-85,-3.444191703939621979e-85,-4.318316816552267119e-85,-5.392850770182224679e-85,-6.708092151587522508e-85,-8.311058770661375892e-85,-1.025629261203061926e-84,-1.260669274605639095e-84,-1.543436085051736685e-84,-1.882143998530743568e-84,-2.286092299785526311e-84,-2.765740252580929722e-84,-3.332773014639676941e-84,-4.000154797095399244e-84,-4.782165210096257632e-84,-5.694414407855551185e-84,-6.753832403161082091e-84,-7.978627789812332141e-84,-9.388211118774920449e-84,-1.100307834649352730e-83,-1.284465013614523041e-83,-1.493506336536867151e-83,-1.729691199262088787e-83,-1.995293546733291176e-83,-2.292565413636718286e-83,-2.623695259096297424e-83,-2.990761359314884558e-83,-3.395680708536654764e-83,-3.840154077639350122e-83,-4.325608085309855721e-83,-4.853135342262769303e-83,-5.423433926526713891e-83,-6.036747628921479704e-83,-6.692808563552498103e-83,-7.390783859424635448e-83,-8.129228227500317500e-83,-8.906044224774551805e-83,-9.718452006585797611e-83,-1.056297026543941595e-82,-1.143540989617404945e-82,-1.233088170287475748e-82,-1.324381917470263444e-82,-1.416801701079988018e-82,-1.509668567648252249e-82,-1.602252183466723001e-82,-1.693779403094565820e-82,-1.783444253311239120e-82,-1.870419175290468932e-82,-1.953867322690972353e-82,-2.032955672272940844e-82,-2.106868668282347346e-82,-2.174822093764494412e-82,-2.236076842542738639e-82,-2.289952255891289506e-82,-2.335838688668155985e-82,-2.373208981190266996e-82,-2.401628535327846603e-82,-2.420763725661765851e-82,-2.430388418135990489e-82,-2.430388418135990489e-82,-2.420763725661765851e-82,-2.401628535327846603e-82,-2.373208981190266996e-82,-2.335838688668155985e-82,-2.289952255891289506e-82,-2.236076842542738639e-82,-2.174822093764494412e-82,-2.106868668282347346e-82,-2.032955672272940844e-82,-1.953867322690972353e-82,-1.870419175290468932e-82,-1.783444253311239120e-82,-1.693779403094565820e-82,-1.602252183466723001e-82,-1.509668567648252249e-82,-1.416801701079988018e-82,-1.324381917470263444e-82,-1.233088170287475748e-82,-1.143540989617404945e-82,-1.056297026543941595e-82,-9.718452006585797611e-83,-8.906044224774551805e-83,-8.129228227500317500e-83,-7.390783859424635448e-83,-6.692808563552498103e-83,-6.036747628921650878e-83,-5.423433926526713891e-83,-4.853135342262769303e-83,-4.325608085309855721e-83,-3.840154077639350122e-83,-3.395680708536654764e-83,-2.990761359314884558e-83,-2.623695259096297424e-83,-2.292565413636718286e-83,-1.995293546733291176e-83,-1.729691199262088787e-83,-1.493506336536867151e-83,-1.284465013614523041e-83,-1.100307834649352730e-83,-9.388211118774920449e-84,-7.978627789812332141e-84,-6.753832403161082091e-84,-5.694414407855551185e-84,-4.782165210096257632e-84,-4.000154797095399244e-84,-3.332773014639676941e-84,-2.765740252580929722e-84,-2.286092299785526311e-84,-1.882143998530743568e-84,-1.543436085051736685e-84,-1.260669274605639095e-84,-1.025629261203061926e-84,-8.311058770661375892e-85,-6.708092151587522508e-85,-5.392850770182224679e-85,-4.318316816552267119e-85,-3.444191703939621979e-85,-2.736130751453126274e-85,-2.165025889685611683e-85,-1.706341907166299589e-85,-1.339509308762852586e-85,-1.047374825533622396e-85,-8.157089777113134213e-86
-3.472461036908640528e-88,-4.458659119958396306e-88,-5.702271288353531116e-88,-7.263872226715076906e-88,-9.216483146875976901e-88,-1.164766808496628701e-87,-1.466187307283383154e-87,-1.838301073083448868e-87,-2.295728585685370387e-87,-2.855624893787074630e-87,-3.538005409423506414e-87,-4.366088574669897391e-87,-5.366650430621153773e-87,-6.570384554720136033e-87,-8.012259125904180643e-87,-9.731861061594894070e-87,-1.177371529273036411e-86,-1.418756536267103206e-86,-1.702859972620393689e-86,-2.035760647223898868e-86,-2.424103779606512384e-86,-2.875096451137494732e-86,-3.396490033229110610e-86,-3.996547568679069150e-86,-4.683994155789957478e-86,-5.467948539150787803e-86,-6.357834354786098336e-86,-7.363269817347847946e-86,-8.493935076780154343e-86,-9.759417011388170127e-86,-1.116903185924988514e-85,-1.273162681138015965e-85,-1.445536248388445387e-85,-1.634747903319972977e-85,-1.841404955394686081e-85,-2.065972527375558204e-85,-2.308747790045470834e-85,-2.569834524795339969e-85,-2.849118692996606405e-85,-3.146245742700175152e-85,-3.460600416503327608e-85,-3.791289836025293664e-85,-4.137130625510797585e-85,-4.496640797515421984e-85,-4.868037056176331702e-85,-5.249238078033770943e-85,-5.637874207668000190e-85,-6.031303857694329267e-85,-6.426636733253556717e-85,-6.820763814566049310e-85,-7.210393832940992388e-85,-7.592095772315550039e-85,-7.962346727022993349e-85,-8.317584254582740669e-85,-8.654262187400575304e-85,-8.968908716710549378e-85,-9.258185442551290430e-85,-9.518946000875510179e-85,-9.748292837568538606e-85,-9.943630702290171508e-85,-1.010271548407718155e-84,-1.022369710512780164e-84,-1.030515532697403075e-84,-1.034612750028851918e-84,-1.034612750028851918e-84,-1.030515532697403075e-84,-1.022369710512780164e-84,-1.010271548407718155e-84,-9.943630702290171508e-85,-9.748292837568538606e-85,-9.518946000875510179e-85,-9.258185442551290430e-85,-8.968908716710549378e-85,-8.654262187400575304e-85,-8.317584254582740669e-85,-7.962346727022993349e-85,-7.592095772315550039e-85,-7.210393832940992388e-85,-6.820763814566049310e-85,-6.426636733253556717e-85,-6.031303857694329267e-85,-5.637874207668000190e-85,-5.249238078033770943e-85,-4.868037056176331702e-85,-4.496640797515421984e-85,-4.137130625510797585e-85,-3.791289836025293664e-85,-3.460600416503327608e-85,-3.146245742700175152e-85,-2.849118692996606405e-85,-2.569834524795413120e-85,-2.308747790045470834e-85,-2.065972527375558204e-85,-1.841404955394686081e-85,-1.634747903319972977e-85,-1.445536248388445387e-85,-1.273162681138015965e-85,-1.116903185924988514e-85,-9.759417011388170127e-86,-8.493935076780154343e-86,-7.363269817347847946e-86,-6.357834354786098336e-86,-5.467948539150787803e-86,-4.683994155789957478e-86,-3.996547568679069150e-86,-3.396490033229110610e-86,-2.875096451137494732e-86,-2.424103779606512384e-86,-2.035760647223898868e-86,-1.702859972620393689e-86,-1.418756536267103206e-86,-1.177371529273036411e-86,-9.731861061594894070e-87,-8.012259125904180643e-87,-6.570384554720136033e-87,-5.366650430621153773e-87,-4.366088574669897391e-87,-3.538005409423506414e-87,-2.855624893787074630e-87,-2.295728585685370387e-87,-1.838301073083448868e-87,-1.466187307283383154e-87,-1.164766808496628701e-87,-9.216483146875976901e-88,-7.263872226715076906e-88,-5.702271288353531116e-88,-4.458659119958396306e-88,-3.472461036908640528e-88
